Date,Open,High,Low,Close,Volume,SMA_20,SMA_50,EMA_20,RSI,MACD,MACD_signal,Daily_Return,Tenkan_sen,Kijun_sen,Senkou_Span_A,Senkou_Span_B,Chikou_Span,tk_cross,price_above_cloud,price_below_cloud,cloud_bullish,cloud_thickness,chikou_vs_price,bb_upper,bb_middle,bb_lower,bb_pct_b,bb_bandwidth,bb_price_vs_middle,bb_above_upper,bb_below_lower,bb_squeeze,bb_pct_b_delta,Target
2018-08-28,56.09999847412109,58.25,55.34999847412109,58.25,895093,61.5225004196167,44.471000289916994,56.672431421640866,26.738794107797332,2.9259555213724724,4.7175630584761805,0.04954954954954949,56.75,51.400001525878906,54.07500076293945,48.05000114440918,29.700000762939453,1,1,0,1,6.024999618530273,-28.549999237060547,72.26528820302234,61.5225004196167,50.779712636211066,0.34768849177716576,34.923118241729505,-3.272500419616698,0,0,0,0.09910318600731324,1
2018-08-29,60.0,61.150001525878906,58.0,60.900001525878906,3048560,61.69000053405762,45.05900032043457,57.07505714585402,36.04465981424679,2.9474091556329682,4.363532277907538,0.04549358842710571,57.20000076293945,55.20000076293945,56.20000076293945,48.05000114440918,35.400001525878906,1,1,0,1,8.149999618530273,-25.5,72.28323479236596,61.69000053405762,51.09676627574928,0.46271209580968564,34.343440319667565,-0.7899990081787109,0,0,0,0.11502360403251988,0
2018-08-30,62.59999847412109,62.79999923706055,58.70000076293945,59.04999923706055,927625,61.6225004196167,45.58800033569336,57.26314686882607,37.983198664920245,2.7830503200551604,4.0474358863370625,-0.03037770513079896,58.02499961853027,59.150001525878906,58.58750057220459,48.05000114440918,42.45000076293945,0,1,0,1,10.53749942779541,-16.599998474121094,72.26484456322567,61.6225004196167,50.98015627600773,0.3791384140635495,34.54044893063482,-2.5725011825561523,0,0,0,-0.08357368174613616,0
2018-08-31,59.0,59.400001525878906,56.900001525878906,57.400001525878906,611779,61.3225004196167,46.11600036621094,57.27618064568824,40.21352525736305,2.4909397303765175,3.736136655144954,-0.02794238327688381,58.02499961853027,60.20000076293945,59.11250019073486,48.05000114440918,46.650001525878906,0,0,0,1,11.062499046325684,-10.75,72.08509704942583,61.3225004196167,50.55990378980758,0.31777172235212897,35.10162356773774,-3.922498893737796,0,0,0,-0.06136669171142051,0
2018-09-03,57.79999923706055,58.59999847412109,55.70000076293945,55.900001525878906,444735,60.79000034332275,46.64100040435791,57.14511596761116,30.943404591857743,2.1140332600541996,3.4117159761268034,-0.026132403486500255,58.02499961853027,60.650001525878906,59.33750057220459,48.05000114440918,51.29999923706055,0,0,0,1,11.28749942779541,-4.600002288818359,71.51914769936535,60.79000034332275,50.060852987280164,0.27211614981269544,35.29905344776362,-4.889998817443846,0,0,0,-0.04565557253943353,0
2018-09-04,56.79999923706055,56.79999923706055,53.25,53.5,528265,59.9725004196167,47.12200038909912,56.79796206593391,32.03125547151801,1.6031915076226824,3.0500110824259794,-0.042933836500305356,58.02499961853027,62.22500228881836,60.125000953674316,48.05000114440918,52.900001525878906,0,0,0,1,12.074999809265137,-0.5999984741210938,70.29981789618115,59.9725004196167,49.645182943052255,0.18663205937531188,34.44017642855003,-6.472500419616701,0,0,0,-0.08548409043738356,0
2018-09-05,53.5,54.5,51.0,52.25,476641,58.92000026702881,47.58800037384033,56.36482282155925,34.5263239725779,1.0849742769983095,2.6570037213404456,-0.02336448598130836,56.89999961853027,62.150001525878906,59.52500057220459,48.05000114440918,52.34999847412109,0,0,0,1,11.47499942779541,0.09999847412108664,67.7870965922761,58.92000026702881,50.05290394178153,0.12389039081275559,30.098765393961635,-6.670000267028811,0,0,0,-0.0627416685625563,1
2018-09-06,53.25,54.84999847412109,52.45000076293945,54.84999847412109,773528,58.180000114440915,48.10900035858154,56.220553836088946,46.15384113780962,0.8740065326840352,2.3004042836091636,0.049760736346815104,56.89999961853027,62.150001525878906,59.52500057220459,48.05000114440918,57.54999923706055,0,0,0,1,11.47499942779541,2.7000007629394602,65.71136080516361,58.180000114440915,50.64863942371822,0.27892430219005426,25.889861381603286,-3.3300016403198285,0,0,0,0.15503391137729866,1
2018-09-07,56.0,57.45000076293945,55.0,55.70000076293945,470728,57.65500030517578,48.67500038146973,56.17097735293186,52.242151392432255,0.7665646759027069,1.9936363620678723,0.015496851640194764,56.89999961853027,62.150001525878906,59.52500057220459,48.05000114440918,60.400001525878906,0,0,0,1,11.47499942779541,4.700000762939453,64.28711189717289,57.65500030517578,51.02288871317867,0.3526110790569775,23.006197404882275,-1.9549995422363295,0,0,0,0.07368677686692326,0
2018-09-10,56.0,56.0,53.75,54.04999923706055,277861,57.212500190734865,49.235000381469725,55.96897943713459,42.11764591837486,0.5420267498540383,1.7033144396251056,-0.02962300724018574,56.89999961853027,62.150001525878906,59.52500057220459,48.05000114440918,63.400001525878906,0,0,0,1,11.47499942779541,9.35000228881836,63.56063989798521,57.212500190734865,50.86436048348452,0.2509112039498471,22.19144308005047,-3.162500953674318,0,0,0,-0.10169987510713041,0
2018-09-11,54.34999847412109,55.400001525878906,52.0,52.5,281671,56.53750019073486,49.74900039672852,55.638600443121774,39.777784634811546,0.2362831165192958,1.4099081750039437,-0.028677137075660775,56.89999961853027,62.150001525878906,59.52500057220459,48.05000114440918,66.55000305175781,0,0,0,1,11.47499942779541,14.050003051757812,61.77905327858362,56.53750019073486,51.2959471028861,0.11485650120621646,18.541863613233193,-4.03750019073486,0,0,0,-0.13605470274363066,1
2018-09-12,54.0,54.0,51.20000076293945,52.650001525878906,248721,56.035000228881835,50.2980004119873,55.35397197481293,39.91131296764918,0.006013632449430872,1.1291292664930412,0.002857171921502921,55.20000076293945,62.150001525878906,58.67500114440918,48.05000114440918,69.8499984741211,0,0,0,1,10.625,17.199996948242188,60.71379285513219,56.035000228881835,51.35620760263148,0.13826151601468717,16.699536386684226,-3.3849987030029283,0,0,0,0.02340501480847071,1
2018-09-14,54.400001525878906,55.25,53.34999847412109,55.25,335372,55.817500305175784,50.87600040435791,55.3440698819736,49.36170385454805,0.032941822268170995,0.9098917776480673,0.049382685636639945,54.79999923706055,62.0,58.39999961853027,48.05000114440918,73.30000305175781,0,0,0,1,10.349998474121094,18.050003051757812,60.20877325801797,55.817500305175784,51.4262273523336,0.4353831666500624,15.734394871978877,-0.5675003051757841,0,0,0,0.2971216506353752,0
2018-09-17,55.5,56.20000076293945,52.900001525878906,53.75,383467,55.67250022888184,51.35900039672852,55.19225370273802,46.4929866153841,-0.06599411815609102,0.7147145984872357,-0.02714932126696834,54.22500038146973,58.599998474121094,56.41249942779541,48.900001525878906,69.6500015258789,0,0,0,1,7.512497901916504,15.900001525878906,60.13517632106557,55.67250022888184,51.2098241366981,0.28460231157611365,16.03188674421553,-1.9225002288818374,0,0,0,-0.15078085507394873,0
2018-09-18,53.400001525878906,54.75,53.150001525878906,53.29999923706055,190458,55.60250015258789,51.82900039672852,55.01203899172112,39.072848574406706,-0.17865345863003768,0.5360409870637811,-0.008372107217478164,54.22500038146973,58.5,56.36250019073486,49.55000114440918,66.19999694824219,0,0,0,1,6.812499046325684,12.89999771118164,60.16676121107377,55.60250015258789,51.03823909410202,0.24776849023057784,16.4174670058373,-2.3025009155273466,0,0,0,-0.03683382134553581,0
2018-09-19,54.0,54.20000076293945,51.400001525878906,51.79999923706055,242903,55.32250003814697,52.25800037384033,54.70613044365821,28.83720773435944,-0.3845415064813622,0.35192448835475243,-0.028142589521033656,54.32500076293945,58.5,56.41250038146973,50.70000171661377,62.900001525878906,0,0,0,1,5.712498664855957,11.10000228881836,60.093713632064514,55.32250003814697,50.551286444229426,0.13085903284889716,17.24872733743996,-3.522500801086423,0,0,0,-0.11690945738168068,0
2018-09-21,52.5,52.79999923706055,49.25,49.25,871518,54.930000114440915,52.62400035858154,54.18649897283362,27.92793040480295,-0.7448863092474056,0.13256232883432084,-0.04922778522429283,53.35000038146973,56.02499961853027,54.6875,50.70000171661377,66.0,0,0,1,1,3.9874982833862305,16.75,60.30507272818554,54.930000114440915,49.55492750069629,-0.0283649657045149,19.570626624963502,-5.680000114440915,0,1,0,-0.15922399855341207,0
2018-09-24,48.79999923706055,48.79999923706055,46.79999923706055,46.79999923706055,298844,54.410000038146975,52.93800033569336,53.4830228075219,26.95652058534695,-1.2141606593499148,-0.1367822688025263,-0.049746208384557455,51.5,54.79999923706055,53.14999961853027,50.70000171661377,62.70000076293945,0,0,1,1,2.449997901916504,15.900001525878906,60.734445274691375,54.410000038146975,48.085554801602576,-0.10163386008259925,23.247363470355875,-7.610000801086429,0,1,0,-0.07326889437808436,0
2018-09-25,44.54999923706055,46.650001525878906,44.5,44.54999923706055,554878,53.86000003814697,53.19000030517578,52.632258657954154,26.105262177274653,-1.7474763392381973,-0.45892108288966055,-0.04807692386067908,50.35000038146973,53.64999961853027,52.0,50.70000171661377,59.59999847412109,0,0,1,1,1.2999982833862305,15.04999923706054,61.47397476064438,53.86000003814697,46.24602531564956,-0.11137586742819602,28.273207267377366,-9.310000801086424,0,1,0,-0.00974200734559677,1
2018-09-26,46.45000076293945,46.75,44.59999847412109,45.20000076293945,757920,53.34500007629394,53.47200031280518,51.92442457271466,31.13636864118253,-2.093550025527989,-0.7858468714173263,0.014590382424477744,50.35000038146973,53.64999961853027,52.0,50.70000171661377,56.650001525878906,0,0,1,1,1.2999982833862305,11.450000762939453,61.79324893308897,53.34500007629394,44.89675121949892,0.017947479328608382,31.6740044791915,-8.14499931335449,0,0,0,0.1293233467568044,0
2018-09-27,45.95000076293945,45.95000076293945,42.95000076293945,42.95000076293945,370953,52.58000011444092,53.702000312805175,51.06971754321226,29.782613707399165,-2.5203194375723825,-1.1327413846483376,-0.049778760221721674,49.57500076293945,52.875,51.22500038146973,50.70000171661377,54.70000076293945,0,0,1,1,0.524998664855957,11.75,61.84452418610347,52.58000011444092,43.31547604277837,-0.019724449794285684,35.23972632749416,-9.629999351501468,0,1,0,-0.03767192912289406,0
2018-09-28,42.95000076293945,43.29999923706055,40.84999847412109,40.84999847412109,241990,51.57749996185303,53.897000274658204,50.096410965203575,18.888899438171606,-2.993482898110365,-1.5048896873407431,-0.04889411528556731,48.52499961853027,51.82499885559082,50.17499923706055,50.70000171661377,57.400001525878906,0,0,1,0,0.5250024795532227,16.55000305175782,61.34916732468191,51.57749996185303,41.80583259902415,-0.04890844568343714,37.89120205537706,-10.727501487731942,0,1,0,-0.029183995889151458,0
2018-10-01,38.84999847412109,40.75,38.84999847412109,39.20000076293945,715774,50.58500003814697,54.052000274658205,49.058657612606986,14.59227931569906,-3.461704994886972,-1.8962527488499892,-0.04039162234551674,46.79999923706055,50.82499885559082,48.812499046325684,50.70000171661377,57.09999847412109,0,0,1,0,1.887502670288086,17.899997711181634,61.12151306930558,50.58500003814697,40.04848700698837,-0.04026409123871284,41.65864593540714,-11.38499927520752,0,1,0,0.008644354444724299,0
2018-10-03,40.0,40.0,37.25,37.25,610429,49.57749996185303,54.202000274658204,47.93402355426346,14.406784729380377,-3.9446516558451563,-2.305932530249023,-0.04974491645375234,45.72500038146973,50.02499961853027,47.875,50.70000171661377,57.20000076293945,0,0,1,0,2.8250017166137695,19.950000762939453,61.12018064654514,49.57749996185303,38.03481927716092,-0.03399640424090338,46.564190181326296,-12.327499961853029,0,1,0,0.0062676869978094615,0
2018-10-04,35.400001525878906,35.400001525878906,35.400001525878906,35.400001525878906,103762,48.55249996185303,54.31600028991699,46.74030717060779,14.225946898779014,-4.425653600048896,-2.7298767442089975,-0.04966438856700928,44.10000038146973,49.10000038146973,46.60000038146973,50.70000171661377,55.54999923706055,0,0,1,0,4.100001335144043,20.14999771118164,61.250392092586864,48.55249996185303,35.854607831119196,-0.017900857109187675,52.30582211301324,-13.152498435974124,0,1,0,0.016095547131715706,0
2018-10-05,33.650001525878906,33.650001525878906,33.650001525878906,33.650001525878906,80519,47.560000038146974,54.28100028991699,45.49361139491933,12.74509803921569,-4.891673315877483,-3.1622360585426947,-0.049435026117743974,41.22500038146973,48.22500038146973,44.72500038146973,50.70000171661377,55.5,0,0,1,0,5.975001335144043,21.849998474121094,61.58916896473973,47.560000038146974,33.53083111155422,0.0042472371295919666,58.9956640678731,-13.909998512268068,0,0,0,0.022148094238779642,0
2018-10-08,32.75,33.099998474121094,32.0,32.0,1125121,46.54750003814697,54.0720002746582,44.208505547784156,2.647663727407817,-5.332666966344604,-3.5963222401030768,-0.04903421845642275,39.375,47.39999961853027,43.38749980926514,51.400001525878906,58.25,0,0,1,0,8.01250171661377,26.25,61.9338724527178,46.54750003814697,31.161127623576142,0.027260238925110414,66.110413671889,-14.547500038146971,0,0,0,0.023013001795518448,0
2018-10-09,30.399999618530277,32.099998474121094,30.399999618530277,30.399999618530277,1129990,45.32500009536743,53.747000236511234,42.893409744998074,2.636922658609933,-5.745039036698543,-4.026065599422171,-0.050000011920928844,38.57499980926514,46.59999942779541,42.58749961853027,51.85000133514404,60.900001525878906,0,0,1,0,9.26250171661377,30.50000190734863,61.730014253968946,45.32500009536743,28.919985936765915,0.04510857678804128,72.38836899761304,-14.925000476837152,0,0,0,0.017848337862930868,1
2018-10-10,29.100000381469727,31.899999618530277,29.100000381469727,31.899999618530277,310963,44.13500003814697,53.359000244140624,41.8464183043821,8.365763822914062,-5.882993917611756,-4.397451263060088,0.0493421058823198,37.52500057220459,44.250000953674316,40.88750076293945,51.20000171661377,59.04999923706055,0,0,1,0,10.312500953674316,27.14999961853027,60.80767495219028,44.13500003814697,27.46232512410366,0.13308225936465615,75.5530753353697,-12.235000419616693,0,0,0,0.08797368257661486,1
2018-10-11,32.900001525878906,33.45000076293945,32.04999923706055,33.45000076293945,351022,43.10500011444092,52.97000022888184,41.04675949091137,14.368940280219462,-5.80038874535316,-4.678038759518703,0.0485893781487321,36.19999980926514,43.84999942779541,40.02499961853027,51.20000171661377,57.400001525878906,0,0,1,0,11.175002098083496,23.950000762939453,59.74551962247843,43.10500011444092,26.464480606403406,0.20989489400141567,77.2092307799932,-9.654999351501466,0,0,0,0.07681263463675952,1
2018-10-12,35.099998474121094,35.099998474121094,35.099998474121094,35.099998474121094,170930,42.23500003814697,52.62500022888184,40.48040129883611,21.52917460243873,-5.537944548015233,-4.85001991721801,0.0493272847099524,34.92500019073486,43.27500057220459,39.10000038146973,51.20000171661377,55.900001525878906,0,0,1,0,12.100001335144043,20.800003051757812,58.63750273281966,42.23500003814697,25.83249734347428,0.28250265533127367,77.67255915642394,-7.1350015640258775,0,0,0,0.072607761329858,1
2018-10-15,35.900001525878906,36.84999847412109,35.25,36.84999847412109,2501987,41.444999885559085,52.211000213623045,40.13464864886325,29.39958564334428,-5.129614256106429,-4.905938784995693,0.04985755202497377,34.55000019073486,43.27500057220459,38.91250038146973,51.20000171661377,53.5,0,0,1,0,12.287501335144043,16.650001525878913,57.276957782654755,41.444999885559085,25.613041988463415,0.35488208592694215,76.39984529285564,-4.595001411437998,0,0,0,0.07237943059566848,1
2018-10-16,37.59999847412109,38.650001525878906,37.29999923706055,38.650001525878906,1241610,40.61499996185303,51.77600021362305,39.993253684769506,37.55274984894124,-4.6076502311817364,-4.846281074232902,0.04884676055066661,33.875000953674316,43.27500057220459,38.57500076293945,51.20000171661377,52.25,0,0,0,0,12.625000953674316,13.599998474121094,55.15260942476618,40.61499996185303,26.077390498939877,0.43241672776438844,71.58739124248363,-1.964998435974124,0,0,0,0.0775346418374463,1
2018-10-17,40.54999923706055,40.54999923706055,39.09999847412109,39.34999847412109,2436836,39.89499988555908,51.29500015258789,39.93199128375537,37.6842057077508,-4.090355010868919,-4.695095861560105,0.01811117517740546,34.82499980926514,43.27500057220459,39.05000019073486,51.20000171661377,54.84999847412109,0,0,0,0,12.150001525878906,15.5,53.126888980057174,39.89499988555908,26.663110791060987,0.4794057595425052,66.33357128690045,-0.545001411437994,0,0,0,0.04698903177811675,0
2018-10-19,39.5,39.5,37.400001525878906,37.400001525878906,633110,39.1,50.712000122070314,39.690849402052855,38.16631138735269,-3.794008312638944,-4.514878351775874,-0.04955519755673221,34.82499980926514,42.65000057220459,38.73750019073486,51.20000171661377,55.70000076293945,0,0,1,0,12.462501525878906,18.299999237060547,50.84142204237426,39.1,27.358577957625737,0.42760678953597464,60.05842476917781,-1.6999984741210952,0,0,0,-0.051798970006530554,0
2018-10-22,37.45000076293945,38.84999847412109,35.54999923706055,35.75,421538,38.29750003814697,50.03000015258789,39.315530411381154,38.91304495654645,-3.6502153424418253,-4.341945749909065,-0.044117686057771666,34.82499980926514,42.65000057220459,38.73750019073486,51.20000171661377,54.04999923706055,0,0,1,0,12.462501525878906,18.299999237060547,48.55768866690951,38.29750003814697,28.03731140938443,0.375855107039381,53.581505939252864,-2.5475000381469712,0,0,0,-0.05175168249659362,0
2018-10-23,35.75,35.75,34.0,35.25,498569,37.597500038146975,49.26900009155273,38.92833703886866,40.96109602108715,-3.535845176704015,-4.180725635268055,-0.013986013986013957,34.82499980926514,42.65000057220459,38.73750019073486,51.20000171661377,52.5,0,0,1,0,12.462501525878906,17.25,46.60735413859784,37.597500038146975,28.587645937696113,0.3697259682579374,47.927942503141615,-2.3475000381469755,0,0,0,-0.0061291387814436105,1
2018-10-24,35.54999923706055,37.0,35.54999923706055,37.0,856135,37.107500076293945,48.61600006103516,38.74468589230975,49.42263273341854,-3.26634324996693,-3.99784915820783,0.049645390070921946,36.29999923706055,42.65000057220459,39.47499990463257,51.20000171661377,52.650001525878906,0,0,1,0,11.725001811981201,15.650001525878906,45.06685143296011,37.107500076293945,29.14814871962778,0.49324693235184863,42.89888211440565,-0.10750007629394531,0,0,0,0.12352096409391122,0
2018-10-25,36.900001525878906,37.95000076293945,35.5,36.20000076293945,539990,36.69000015258789,48.0160001373291,38.50233492760781,51.94174586484934,-3.0817893348248475,-3.8146371935312335,-0.021621601001636348,37.27499961853027,42.65000057220459,39.96250009536743,51.05000019073486,55.25,0,0,1,0,11.087500095367432,19.049999237060547,43.883094168575084,36.69000015258789,29.4969061366007,0.46593959507832244,39.210106220072255,-0.4899993896484389,0,0,0,-0.02730733727352619,0
2018-10-26,36.70000076293945,37.29999923706055,35.5,36.20000076293945,276450,36.24000015258789,47.48200012207031,38.2830650071632,56.76392425326031,-2.9020757051856094,-3.632124895862109,0.0,37.27499961853027,41.92500019073486,39.59999990463257,47.64999866485596,53.75,0,0,1,0,8.049998760223389,17.549999237060547,42.28107615985391,36.24000015258789,30.19892414532187,0.4966893820239699,33.339271422903835,-0.03999938964843608,0,0,0,0.03074978694564745,1
2018-10-29,38.0,38.0,37.900001525878906,38.0,1008595,35.992500114440915,46.922000122070315,38.25610643505242,65.78947685431972,-2.5846126578658684,-3.422622448262861,0.04972373478244063,37.27499961853027,41.65000057220459,39.46250009536743,47.55000019073486,53.29999923706055,0,0,1,0,8.087500095367432,15.299999237060547,41.27116211389007,35.992500114440915,30.713838114991756,0.6901523421814633,29.332010739266494,2.007499885559085,0,0,0,0.19346296015749337,1
2018-10-30,39.900001525878906,39.900001525878906,38.45000076293945,39.29999923706055,3882939,35.91500015258789,46.454000091552736,38.35552479714844,73.79679673461828,-2.202730129996681,-3.1786439846096255,0.03421050623843547,37.27499961853027,40.94999980926514,39.112499713897705,47.55000019073486,51.79999923706055,0,0,0,0,8.437500476837158,12.5,40.94581515161604,35.91500015258789,30.884185153559752,0.8364265119196957,28.015118906608954,3.3849990844726534,0,0,0,0.14627416973823248,1
2018-10-31,39.29999923706055,40.5,37.34999847412109,39.650001525878906,2857119,35.937500190734866,46.055000152587894,38.478808295122775,72.07978087332236,-1.850511669110844,-2.9130175215098695,0.008905910829848152,37.25,38.94999980926514,38.09999990463257,45.94999980926514,49.25,0,0,0,0,7.849999904632568,9.599998474121094,41.030522456273786,35.937500190734866,30.844477925195946,0.8644693800245148,28.343775936045574,3.71250133514404,0,0,0,0.02804286810481904,1
2018-11-01,38.29999923706055,41.400001525878906,38.0,41.04999923706055,1500492,36.12750015258789,45.74300010681152,38.72368362292637,71.83908373570367,-1.4417878533469306,-2.6187715878772817,0.03530889425736561,37.70000076293945,37.92500019073486,37.81250047683716,45.94999980926514,46.79999923706055,0,0,0,0,8.137499332427979,5.75,41.6662250965737,36.12750015258789,30.588775208602087,0.9443711444650924,30.662099069088534,4.922499084472655,0,0,0,0.07990176444057762,1
2018-11-02,41.95000076293945,42.79999923706055,41.09999847412109,41.29999923706055,948252,36.42250003814697,45.475000076293945,38.969047014748675,69.37500700354744,-1.0851889908156878,-2.312055068464963,0.006090134096136568,38.39999961853027,37.92500019073486,38.16249990463257,45.94999980926514,44.54999923706055,1,0,0,0,7.787499904632568,3.25,42.38693402475563,36.42250003814697,30.45806605153831,0.9088819835934583,32.75137061081383,4.877499198913576,0,0,0,-0.03548916087163412,1
2018-11-05,41.84999847412109,43.34999847412109,41.84999847412109,43.34999847412109,664924,36.90749988555908,45.19400001525879,39.386280487069854,69.93865590625299,-0.6299028888298039,-1.9756246325379314,0.04963678631792745,39.42499923706055,37.52500057220459,38.47499990463257,45.94999980926514,45.20000076293945,1,0,0,0,7.474999904632568,1.8500022888183665,43.441585184101825,36.90749988555908,30.37341458701634,0.9929916196532387,35.40789985126766,6.442498588562003,0,0,0,0.08410963605978039,0
2018-11-06,45.0,45.5,42.5,43.09999847412109,1558886,37.46249980926514,44.914000015258786,39.73996791440806,65.0847432203096,-0.2859618928143064,-1.6376920845932064,-0.0057670128904212525,40.5,37.30000019073486,38.90000009536743,45.94999980926514,42.95000076293945,1,0,0,0,7.049999713897705,-0.14999771118163352,44.119441130614874,37.46249980926514,30.805558487915405,0.9234301004558736,35.539226454414845,5.637498664855947,0,0,0,-0.06956151919736508,1
2018-11-07,44.150001525878906,45.25,44.0,45.04999923706055,1009337,38.19499979019165,44.67099998474121,40.245685183232105,67.81250663101835,0.14232198991453515,-1.281689269691658,0.045243638792941354,40.5,37.30000019073486,38.90000009536743,45.94999980926514,40.84999847412109,1,0,0,0,7.049999713897705,-4.20000076293946,44.80611849977457,38.19499979019165,31.583881080608734,1.0184447404440393,34.617718266256574,6.854999446868895,1,0,0,0.09501463998816573,1
2018-11-09,45.900001525878906,46.34999847412109,43.59999847412109,45.25,728245,38.86249980926514,44.465,40.72228659435286,77.54385429516174,0.49220461428227225,-0.9269104928968719,0.0044395286642961995,41.84999847412109,37.72499942779541,39.78749895095825,45.94999980926514,39.20000076293945,1,0,0,0,6.162500858306885,-6.049999237060547,45.49227097048788,38.86249980926514,32.2327286480424,0.9817285570952349,34.119118398256774,6.387500190734862,0,0,0,-0.03671618334880444,0
2018-11-12,45.25,45.900001525878906,43.0,43.09999847412109,488369,39.34499969482422,44.21699996948242,40.94873534480698,74.91524906481723,0.5892099149073218,-0.6236864113360332,-0.047513845875777116,41.84999847412109,37.72499942779541,39.78749895095825,45.94999980926514,37.25,1,0,0,0,6.162500858306885,-5.849998474121087,45.72895543508108,39.34499969482422,32.96104395456735,0.7940965548694251,32.45116680530394,3.7549987792968693,0,0,0,-0.18763200222580978,0
2018-11-13,42.5,42.70000076293945,41.45000076293945,42.09999847412109,435533,39.69499969482421,43.893999938964846,41.058379452360704,72.45901139056093,0.5787244961388325,-0.3832042298410601,-0.023201856969912393,41.84999847412109,37.72499942779541,39.78749895095825,45.94999980926514,35.400001525878906,1,0,0,0,6.162500858306885,-6.69999694824218,45.87390635179759,39.69499969482421,33.51609303785084,0.6946136195942244,31.131914369451607,2.404998779296875,0,0,0,-0.09948293527520069,1
2018-11-14,42.34999847412109,43.79999923706055,42.29999923706055,42.70000076293945,412768,39.98749980926513,43.52999992370606,41.21472433908249,70.21276538181729,0.6117777039480146,-0.18420784308324517,0.014251836355461789,42.17499923706055,37.72499942779541,39.94999933242798,45.94999980926514,33.650001525878906,1,0,0,0,6.000000476837158,-9.049999237060547,46.15384898057488,39.98749980926513,33.821150637955384,0.7199438337269977,30.841383936091948,2.712500953674322,0,0,0,0.025330214132773254,1
2018-11-15,42.900001525878906,44.20000076293945,41.25,43.34999847412109,367324,40.22249965667724,43.215999908447266,41.418083780514735,75.62723053814022,0.682553935414731,-0.010855487383649942,0.015222428561307844,43.72499847412109,37.72499942779541,40.72499895095825,45.94999980926514,32.0,1,0,0,0,5.225000858306885,-11.349998474121087,46.52380599044621,40.22249965667724,33.92119332290827,0.7481627341844534,31.332246317629863,3.1274988174438434,0,0,0,0.028218900457455787,0
2018-11-16,44.400001525878906,44.400001525878906,41.70000076293945,42.34999847412109,499103,40.37249965667724,42.91499984741211,41.506837560858195,70.56855316832915,0.6504549266161206,0.12140659541630418,-0.023068051561685232,43.79999923706055,37.72499942779541,40.76249933242798,45.94999980926514,30.399999618530277,1,0,0,0,5.187500476837158,-11.94999885559081,46.726196225835196,40.37249965667724,34.01880308751929,0.6556179773396009,31.475368744511762,1.9774988174438448,0,0,0,-0.09254475684485253,0
2018-11-19,42.400001525878906,42.75,40.70000076293945,41.25,294550,40.564999580383294,42.62199981689453,41.48237684077647,61.40350877192982,0.5301443727657684,0.20315415088619704,-0.025973990879675335,43.52499961853027,39.19999885559082,41.36249923706055,44.250000953674316,31.899999618530277,1,0,1,0,2.8875017166137695,-9.350000381469723,46.778540241987486,40.564999580383294,34.3514589187791,0.5551215850126789,30.634984473703675,0.6850004196167063,0,0,0,-0.10049639232692198,1
2018-11-20,41.25,42.84999847412109,41.0,41.45000076293945,364290,40.84999961853027,42.38099983215332,41.47929340479199,58.17490979619946,0.4457969128295787,0.2516827032748734,0.0048485033439866765,43.52499961853027,40.17499923706055,41.84999942779541,43.84999942779541,33.45000076293945,1,0,1,0,2.0,-8.0,46.6640333897807,40.84999961853027,35.03596584727984,0.5515993859010679,28.46528188760659,0.600001144409184,0,0,0,-0.003522199111611002,1
2018-11-21,43.0,43.5,41.20000076293945,43.5,595503,41.26249961853027,42.20599983215332,41.67174165195466,62.96295915730375,0.5381651165444623,0.3089791859287912,0.049457158005494106,43.52499961853027,40.17499923706055,41.84999942779541,43.27500057220459,35.099998474121094,1,1,0,0,1.4250011444091797,-8.400001525878906,46.57803016139151,41.26249961853027,35.94696907566903,0.710468208528563,25.764462124219577,2.2375003814697294,0,0,0,0.15886882262749502,1
2018-11-22,44.5,45.650001525878906,43.79999923706055,45.650001525878906,1334318,41.69499969482421,42.02199989318848,42.05062354470935,64.74359491637867,0.7759105247496549,0.40236545369296395,0.049425322433997776,43.30000114440918,40.17499923706055,41.73750019073486,43.27500057220459,36.84999847412109,1,1,0,0,1.5375003814697266,-8.80000305175782,46.96025312518415,41.69499969482421,36.42974626446427,0.8755756378458239,25.25604254178009,3.9550018310546946,0,0,0,0.16510742931726097,1
2018-11-26,46.59999847412109,47.900001525878906,46.20000076293945,47.900001525878906,1426646,42.279999732971184,41.865999908447264,42.607707161963596,68.75000406395253,1.1328231890158378,0.5484570007575388,0.04928805968877081,44.30000114440918,40.95000076293945,42.625000953674316,43.27500057220459,38.650001525878906,1,1,0,0,0.6499996185302734,-9.25,47.572957356057245,42.279999732971184,36.987042109885124,1.0308942743462755,25.037642651442386,5.620001792907722,1,0,0,0.15531863650045152,1
2018-11-27,48.900001525878906,50.25,48.59999847412109,49.45000076293945,1095967,42.942499732971186,41.77399993896484,43.25935417158035,67.83626161502661,1.523192615097983,0.7434041236256277,0.032359064461054965,45.47500038146973,42.125,43.80000019073486,43.27500057220459,39.34999847412109,1,1,0,1,0.5249996185302734,-10.100002288818366,48.34141451824209,42.942499732971186,37.54358494770028,1.1026675071554901,25.144855650429804,6.507501029968267,1,0,0,0.07177323280921466,0
2018-11-28,50.0,50.0,47.0,48.400001525878906,1512866,43.46249980926513,41.691999969482424,43.748939633894494,64.80447653620405,1.7279186637432886,0.9403070316491599,-0.02123355350577616,45.47500038146973,42.125,43.80000019073486,42.65000057220459,37.400001525878906,1,1,0,1,1.1499996185302734,-11.0,48.8604517341222,43.46249980926513,38.064547884408064,0.9573495452855958,24.839583312262025,4.937501716613774,0,0,0,-0.14531796186989432,0
2018-11-29,48.59999847412109,49.70000076293945,46.900001525878906,47.45000076293945,628832,43.869999885559075,41.58799995422363,44.10142164618449,57.10059558930747,1.7928416476754379,1.1108139548544156,-0.019628114317961298,45.47500038146973,42.125,43.80000019073486,42.65000057220459,35.75,1,1,0,1,1.1499996185302734,-11.700000762939453,49.1792757592296,43.869999885559075,38.56072401188855,0.8371458709778228,24.204585764852965,3.580000877380378,0,0,0,-0.12020367430777301,0
2018-11-30,48.0,48.54999923706055,46.400001525878906,46.75,345988,44.22499980926513,41.41799995422363,44.35366720369073,54.31034444959404,1.7674354728273869,1.24213825844901,-0.01475238675836199,45.47500038146973,42.875,44.17500019073486,42.65000057220459,35.25,1,1,0,1,1.5249996185302734,-11.5,49.30254975191562,44.22499980926513,39.147449866614636,0.7486435603050726,22.962351450759062,2.525000190734872,0,0,1,-0.08850231067275016,0
2018-12-03,47.0,47.5,45.29999923706055,46.04999923706055,317022,44.47499980926513,41.263999938964844,44.51522263544024,59.24765085213639,1.6715481185913958,1.3280202304774873,-0.01497327835164608,45.625,42.875,44.25,42.65000057220459,37.0,1,1,0,1,1.5999994277954102,-9.049999237060547,49.392469918549054,44.47499980926513,39.5575296999812,0.6601432639948235,22.11341261550498,1.5749994277954187,0,0,1,-0.08850029631024914,0
2018-12-04,46.900001525878906,46.900001525878906,45.0,45.09999847412109,331553,44.66499977111816,41.09999992370606,44.57091557245746,59.43396135879983,1.5015901805527534,1.3627342204925406,-0.020629767180862624,45.72500038146973,42.875,44.30000019073486,42.65000057220459,36.20000076293945,1,1,0,1,1.6499996185302734,-8.899997711181634,49.36596895557351,44.66499977111816,39.964030586662815,0.5462669170903451,21.0499013032354,0.4349987030029254,0,0,1,-0.11387634690447834,1
2018-12-05,44.400001525878906,47.34999847412109,44.400001525878906,46.79999923706055,1337441,44.83749980926513,40.999999923706056,44.78320925480061,62.05881904153263,1.4869327095540754,1.3875739183048474,0.037694031495698166,47.02499961853027,43.79999923706055,45.41249942779541,41.92500019073486,36.20000076293945,1,1,0,1,3.487499237060547,-10.599998474121094,49.58575054845846,44.83749980926513,40.0892490700718,0.7066549910261077,21.17981938953769,1.9624994277954144,0,0,1,0.1603880739357626,0
2018-12-06,46.900001525878906,47.75,44.84999847412109,45.20000076293945,650624,44.94249992370605,40.918999938964845,44.82290368414717,55.15320949912711,1.330868627963639,1.3762328602366058,-0.034188002141121165,47.32500076293945,43.79999923706055,45.5625,41.65000057220459,38.0,1,0,0,1,3.91249942779541,-7.200000762939453,49.62483739514882,44.94249992370605,40.26016245226328,0.5274970397588683,20.837013870574452,0.2575008392334013,0,0,1,-0.17915795126723943,0
2018-12-07,45.59999847412109,46.400001525878906,43.5,44.45000076293945,469921,44.912499999999994,40.871999969482424,44.78738912022263,55.9322095997176,1.1336005454872193,1.3277063972867285,-0.016592920073907225,46.875,43.79999923706055,45.33749961853027,40.94999980926514,39.29999923706055,1,0,0,1,4.387499809265137,-5.150001525878906,49.59938426131736,44.912499999999994,40.22561573868263,0.45066026689865984,20.87117956612243,-0.4624992370605412,0,0,1,-0.07683677286020846,0
2018-12-10,43.0,43.0,40.400001525878906,41.29999923706055,362344,44.714999961853025,40.80699996948242,44.455256750397666,50.12658032253983,0.7148450822747563,1.205134134284334,-0.07086617484392144,45.20000076293945,44.125,44.66250038146973,39.67500019073486,39.650001525878906,1,0,0,1,4.987500190734863,-1.6499977111816406,49.654444274846114,44.714999961853025,39.775555648859935,0.15431326801180847,22.093008239771873,-3.4150007247924776,0,0,0,-0.29634699888685134,1
2018-12-11,40.95000076293945,45.0,39.79999923706055,43.34999847412109,910217,44.72749996185303,40.76999992370605,44.34999405741895,54.39814238391355,0.5421466376171225,1.0725366349508918,0.04963678631792745,44.75,45.02499961853027,44.88749980926514,39.67500019073486,41.04999923706055,0,0,0,1,5.212499618530273,-2.2999992370605398,49.65177503260066,44.72749996185303,39.803224891105394,0.3601315454618988,22.01900430360483,-1.3775014877319407,0,0,0,0.20581827745009032,1
2018-12-12,45.400001525878906,45.75,44.150001525878906,44.79999923706055,444342,44.8625,40.806999893188475,44.392851693575295,53.09523571645905,0.5163328556541273,0.961295879091539,0.0334486923639703,44.17499923706055,45.02499961853027,44.59999942779541,39.67500019073486,41.29999923706055,0,1,0,1,4.924999237060547,-3.5,49.63700346597028,44.8625,40.08799653402971,0.49345473687631425,21.28505306645989,-0.06250076293945028,0,0,0,0.13332319141441545,0
2018-12-13,45.54999923706055,45.79999923706055,44.0,44.29999923706055,205559,44.94249992370605,40.87599990844726,44.38400860247865,46.511622405340816,0.4503382076129867,0.8591043447958286,-0.011160714475780154,43.77499961853027,45.02499961853027,44.39999961853027,39.67500019073486,43.34999847412109,0,0,0,1,4.72499942779541,-0.9500007629394602,49.62206018370853,44.94249992370605,40.26293966370358,0.43135031381718275,20.82465491659988,-0.642500686645505,0,0,1,-0.0621044230591315,0
2018-12-14,44.0,45.59999847412109,43.79999923706055,44.150001525878906,269581,44.982500076293945,40.97499992370606,44.36172221423105,39.1304347826087,0.38153531030570775,0.7635905378978045,-0.00338595290665733,43.77499961853027,45.02499961853027,44.39999961853027,39.67500019073486,43.09999847412109,0,0,0,1,4.72499942779541,-1.0500030517578196,49.62041800860925,44.982500076293945,40.34458214397864,0.4102508321013514,20.620987826150262,-0.8324985504150391,0,0,1,-0.02109948171583137,1
2018-12-17,44.29999923706055,45.900001525878906,44.150001525878906,44.650001525878906,200093,45.097500228881835,41.12299995422363,44.38917738676894,35.185188237640574,0.36316796557429853,0.6835060234331034,0.011325027921163633,43.77499961853027,45.02499961853027,44.39999961853027,39.67500019073486,45.04999923706055,0,1,0,1,4.72499942779541,0.3999977111816406,49.580075462676355,45.097500228881835,40.614924995087314,0.45008464111999763,19.87948427759524,-0.44749870300292827,0,0,1,0.03983380901864625,0
2018-12-18,44.900001525878906,46.79999923706055,43.900001525878906,44.25,1217941,45.24750022888183,41.29999992370605,44.375922397552856,36.655946265522516,0.31272997586476947,0.6093508139194367,-0.008958600497405711,43.77499961853027,45.02499961853027,44.39999961853027,39.67500019073486,45.25,0,0,0,1,4.72499942779541,1.0,49.39315825288355,45.24750022888183,41.101842204880114,0.3796933776125887,18.324362685368918,-0.9975002288818331,0,0,1,-0.07039126350740893,0
2018-12-19,44.650001525878906,44.75,44.0,44.150001525878906,341189,45.38250026702881,41.509999923706054,44.354406124060105,38.77551338167187,0.26167207173665474,0.5398150654828804,-0.002259852522510597,43.29999923706055,45.02499961853027,44.16249942779541,39.67500019073486,43.09999847412109,0,0,0,1,4.487499237060547,-1.0500030517578196,49.186482476848305,45.38250026702881,41.578518057209315,0.3379988820704306,16.76409271167087,-1.2324987411499038,0,0,1,-0.041694495542158094,0
2018-12-20,43.95000076293945,44.650001525878906,43.59999847412109,43.95000076293945,369104,45.40500030517578,41.74899993896484,44.3158913277629,40.14084828654286,0.20273294557003396,0.4723986415003111,-0.004530028449086676,43.29999923706055,45.02499961853027,44.16249942779541,39.67500019073486,42.09999847412109,0,0,0,1,4.487499237060547,-1.8500022888183665,49.16929375289307,45.40500030517578,41.6407068574585,0.3067367007321574,16.58096430973127,-1.4549995422363295,0,0,1,-0.03126218133827319,0
2018-12-21,43.95000076293945,44.25,42.34999847412109,42.5,443037,45.24750022888183,41.990999946594236,44.142949296547386,38.127093458547265,0.038575644030416356,0.38563404200633217,-0.03299205319154752,43.29999923706055,45.02499961853027,44.16249942779541,39.67500019073486,42.70000076293945,0,0,0,1,4.487499237060547,0.20000076293945312,49.215683730105276,45.24750022888183,41.27931672765839,0.15380882360471199,17.53990156870819,-2.747500228881833,0,0,1,-0.15292787712744543,0
2018-12-24,42.5,43.20000076293945,42.0,42.150001525878906,174059,44.96000022888184,42.19599998474121,43.95314474695991,39.721263895734104,-0.1183973410832877,0.2848277653884082,-0.008235258214614016,44.39999961853027,45.02499961853027,44.71249961853027,39.67500019073486,43.34999847412109,0,0,0,1,5.03749942779541,1.1999969482421804,48.95094025803395,44.96000022888184,40.969060199729725,0.14795277773192642,17.75329185424859,-2.8099987030029325,0,0,1,-0.00585604587278557,0
2018-12-26,42.20000076293945,42.400001525878906,40.150001525878906,41.54999923706055,517905,44.56500015258789,42.35799995422363,43.72427374601711,30.188679245283026,-0.2878960465785809,0.17028300299501037,-0.014234929231259352,43.47500038146973,45.02499961853027,44.25,39.67500019073486,42.34999847412109,0,0,0,1,4.574999809265137,0.7999992370605398,48.25242506285747,44.56500015258789,40.877575242318315,0.09117799156662323,16.54852416759365,-3.015000915527345,0,0,1,-0.05677478616530318,0
2018-12-27,41.75,42.70000076293945,41.25,41.45000076293945,212220,44.21750011444092,42.485,43.50767631905733,34.04255319148936,-0.4253903972916291,0.05114832293768248,-0.002406702189103771,43.47500038146973,45.02499961853027,44.25,41.14999961853027,41.25,0,0,0,1,3.1000003814697266,-0.20000076293945312,47.69791309219244,44.21750011444092,40.7370871366894,0.10241796459318832,15.742242183496295,-2.7674993515014634,0,0,1,0.011239973026565084,1
2018-12-28,42.0,42.54999923706055,41.54999923706055,41.70000076293945,233894,43.930000114440915,42.58200004577637,43.3355167422842,37.77777777777778,-0.5083231176817122,-0.06074596518619646,0.006031362977042987,43.47500038146973,45.02499961853027,44.25,42.125,41.45000076293945,0,0,1,1,2.125,-0.25,47.24064929612032,43.930000114440915,40.61935093276151,0.16320814602738362,15.07238412499392,-2.229999351501462,0,0,1,0.0607901814341953,1
2018-12-31,41.75,42.29999923706055,41.70000076293945,41.84999847412109,211687,43.685000038146974,42.64599998474121,43.19403881198295,53.33333025074822,-0.5555404103411448,-0.15970485421718614,0.00359706734861609,43.47500038146973,45.02499961853027,44.25,42.125,43.5,0,0,1,1,2.125,1.6500015258789134,46.84650274231382,43.685000038146974,40.52349733398013,0.20978965768282187,14.474088137374977,-1.8350015640258874,0,0,1,0.04658151165543825,0
2019-01-01,41.84999847412109,41.84999847412109,41.150001525878906,41.400001525878906,105166,43.45250015258789,42.687000045776365,43.02317811806828,35.33835535343063,-0.6221002633062795,-0.25218393603500483,-0.010752615642756758,42.45000076293945,45.02499961853027,43.73750019073486,42.125,45.650001525878906,0,0,1,1,1.6125001907348633,4.25,46.56770062115413,43.45250015258789,40.337299684021644,0.17056716776021247,14.338417617522117,-2.0524986267089815,0,0,1,-0.039222489922609405,0
2019-01-02,41.09999847412109,42.5,40.54999923706055,41.150001525878906,288827,43.255000305175784,42.76200004577637,42.844780347383576,16.513740276884292,-0.6871018545090948,-0.33916751972982284,-0.006038647120428897,42.400001525878906,45.02499961853027,43.71250057220459,42.125,47.900001525878906,0,0,1,1,1.5875005722045898,6.75,46.42768040908675,43.255000305175784,40.08232020126482,0.16826173607889972,14.669657064047358,-2.104998779296878,0,0,1,-0.002305431681312753,0
2019-01-03,41.5,42.150001525878906,40.75,40.95000076293945,211035,42.962500381469724,42.86600006103516,42.66432514886509,17.47570442357255,-0.7461532833553619,-0.4205646724549307,-0.004860285674927023,42.20000076293945,44.89999961853027,43.55000019073486,42.125,49.45000076293945,0,0,1,1,1.4250001907348633,8.5,45.838761029048335,42.962500381469724,40.08623973389111,0.1501534691884584,13.389633387442132,-2.0124996185302706,0,0,1,-0.018108266890441316,0
2019-01-04,40.95000076293945,41.29999923706055,40.400001525878906,40.54999923706055,169984,42.73000030517578,42.97200004577637,42.46296077631228,16.666631345380637,-0.8158244301471385,-0.49961662399337226,-0.009768046848021461,41.67500114440918,44.75,43.21250057220459,42.125,48.400001525878906,0,0,1,1,1.0875005722045898,7.850002288818359,45.59695006647998,42.73000030517578,39.86305054387158,0.11980480133639809,13.418908218247457,-2.1800010681152315,0,0,1,-0.030348667852060307,1
2019-01-07,41.0,42.25,41.0,41.09999847412109,292864,42.562500190734866,43.05400001525879,42.33315484277026,17.431146425661467,-0.8172383589490053,-0.5631409709844989,0.013563483289979139,41.42500114440918,44.17499923706055,42.80000019073486,42.125,47.45000076293945,0,0,1,1,0.6750001907348633,6.3500022888183665,45.39920191269968,42.562500190734866,39.72579846877005,0.24221792420233887,13.329582187384363,-1.4625017166137795,0,0,1,0.12241312286594078,0
2019-01-08,41.09999847412109,41.5,40.5,40.75,259216,42.535000228881835,43.145,42.18237819107786,17.59255596308482,-0.8369529864706848,-0.6179033740817361,-0.008515778275307362,41.55000114440918,43.77499961853027,42.66250038146973,42.875,46.75,0,0,1,0,0.21249961853027344,6.0,45.43018611660434,42.535000228881835,39.63981434115933,0.19172959904726478,13.613193239183927,-1.7850002288818345,0,0,1,-0.05048832515507409,0
2019-01-09,41.20000076293945,41.20000076293945,40.5,40.650001525878906,160411,42.400000381469724,43.234000015258786,42.03643755629701,17.59255596308482,-0.8508380801970858,-0.6644903153048061,-0.002453950285180251,41.47500038146973,43.77499961853027,42.625,42.875,46.04999923706055,0,0,1,0,0.25,5.399997711181641,45.381107740049465,42.400000381469724,39.41889302288998,0.2064851001500745,14.06182703659875,-1.7499988555908175,0,0,1,0.014755501102809737,0
2019-01-10,40.95000076293945,40.95000076293945,40.5,40.650001525878906,82567,42.19250049591064,43.28700004577637,41.90439602959052,18.269196205544787,-0.8520205544249251,-0.70199636312883,0.0,41.45000076293945,43.77499961853027,42.61250019073486,42.875,45.09999847412109,0,0,1,0,0.2624998092651367,4.44999694824218,45.051744551757665,42.19250049591064,39.33325644006362,0.23026105153958473,13.55332830356496,-1.5424989700317369,0,0,1,0.02377595138951022,0
2019-01-11,40.650001525878906,41.34999847412109,39.5,39.75,346640,41.965000534057616,43.29600006103516,41.699215455343804,20.430068713862696,-0.9150323519165653,-0.744603560886377,-0.022140258108131694,41.0,43.625,42.3125,43.79999923706055,46.79999923706055,0,0,1,0,1.4874992370605469,7.049999237060547,44.841300794120706,41.965000534057616,39.088700273994526,0.11495665720083216,13.708091140038306,-2.2150005340576158,0,0,1,-0.11530439433875257,0
2019-01-14,40.5,40.95000076293945,39.5,39.59999847412109,269872,41.73750038146973,43.295,41.499290028560694,21.34826066830091,-0.9659387839027289,-0.7888706054896474,-0.0037736232925512647,41.0,43.14999961853027,42.07499980926514,43.79999923706055,45.20000076293945,0,0,1,0,1.7249994277954102,5.6000022888183665,44.60627694826222,41.73750038146973,38.86872381467724,0.12745409801319388,13.746757906307906,-2.1375019073486428,0,0,1,0.012497440812361718,0
2019-01-15,40.09999847412109,40.09999847412109,38.5,38.75,228070,41.442500305175784,43.24900001525879,41.23745288298348,20.212730556175373,-1.0626210372815876,-0.8436206918480355,-0.021464608759431347,40.375,42.64999961853027,41.51249980926514,43.79999923706055,44.45000076293945,0,0,1,0,2.28749942779541,5.700000762939453,44.26566837185962,41.442500305175784,38.61933223849195,0.023142044402183957,13.624506465075644,-2.692500305175784,0,0,1,-0.10431205361100993,1
2019-01-16,39.29999923706055,39.34999847412109,38.54999923706055,39.150001525878906,167243,41.187500381469725,43.206000061035155,41.038647991830665,26.9999900817794,-1.0943506464139148,-0.8937666827612113,0.010322620022681361,40.375,42.64999961853027,41.51249980926514,44.125,41.29999923706055,0,0,1,0,2.6125001907348633,2.1499977111816406,43.86796252664374,41.187500381469725,38.50703823629571,0.11993515572320322,13.015901039626831,-2.037498855590819,0,0,1,0.09679311132101927,1
2019-01-17,39.75,40.25,39.150001525878906,39.650001525878906,221463,40.962500381469724,43.13200012207031,40.90639594745431,30.4761835560996,-1.066852754464442,-0.9283838971018574,0.012771391583969338,40.375,42.64999961853027,41.51249980926514,44.375,43.34999847412109,0,0,1,0,2.8625001907348633,3.6999969482421804,43.3499415329485,40.962500381469724,38.57505922999095,0.22512435442066103,11.656715919415827,-1.3124988555908175,0,0,1,0.10518919869745781,0
2019-01-18,39.650001525878906,40.150001525878906,38.34999847412109,38.75,180157,40.702500343322754,43.04500015258789,40.70102490483961,24.16667938232419,-1.1049459493950664,-0.9636963075604993,-0.022698650472724236,39.92499923706055,42.57499885559082,41.249999046325684,44.29999923706055,44.79999923706055,0,0,1,0,3.0500001907348633,6.049999237060547,42.852727088150594,40.702500343322754,38.552273598494914,0.04597803510273924,10.565575710046447,-1.952500343322754,0,0,1,-0.1791463193179218,0
2019-01-21,39.0,39.09999847412109,37.5,37.95000076293945,113138,40.47500038146973,42.90300018310547,40.43902260561103,22.834649453477184,-1.1860166714635412,-1.0081603803411077,-0.0206451416015625,39.42499923706055,42.14999961853027,40.78749942779541,43.875,44.29999923706055,0,0,1,0,3.08750057220459,6.349998474121094,42.774021892559055,40.47500038146973,38.1759788703804,-0.04914658395994542,11.360205012582865,-2.5249996185302734,0,1,1,-0.09512461906268466,0
2019-01-22,38.0,38.900001525878906,36.54999923706055,37.75,243342,40.255000305175784,42.75300018310547,40.18292521460045,23.015873976995508,-1.251972236264912,-1.0569227515258686,-0.005270112224471046,38.94999885559082,41.67499923706055,40.312499046325684,43.39999961853027,44.150001525878906,0,0,1,0,3.08750057220459,6.400001525878906,42.707733356941034,40.255000305175784,37.802267253410534,-0.01065490053491896,12.185979546247278,-2.505000305175784,0,1,1,0.038491683425026464,1
2019-01-23,37.75,38.34999847412109,37.54999923706055,37.95000076293945,113541,40.07500038146973,42.65000022888184,39.97026574301369,26.190487723946788,-1.2734248573846045,-1.100223172697616,0.005298033455349849,38.94999885559082,41.67499923706055,40.312499046325684,43.39999961853027,44.650001525878906,0,0,1,0,3.08750057220459,6.700000762939453,42.64667292367068,40.07500038146973,37.50332783926878,0.0868448288693072,12.834298279333595,-2.124999618530275,0,0,1,0.09749972940422616,0
2019-01-24,37.70000076293945,38.20000076293945,37.0,37.34999847412109,119053,39.87000026702881,42.55500022888184,39.72071647930964,25.384623962036073,-1.3235839327842953,-1.1448953247149518,-0.01581033667341336,38.75,40.64999961853027,39.69999980926514,43.39999961853027,44.25,0,0,1,0,3.6999998092651367,6.900001525878913,42.61816353470951,39.87000026702881,37.121836999348105,0.04151163023249662,13.785619509781363,-2.5200017929077205,0,0,0,-0.045333198636810575,0
2019-01-25,38.04999923706055,38.04999923706055,34.70000076293945,35.099998474121094,250182,39.54000015258789,42.40300018310547,39.28064809786311,13.414654570051312,-1.5272859555870824,-1.2213734508893779,-0.06024096631647691,37.47500038146973,39.67500114440918,38.57500076293945,42.47500038146973,44.150001525878906,0,0,1,0,3.8999996185302734,9.050003051757812,42.856263727994296,39.54000015258789,36.22373657718149,-0.16942834571324517,16.77422135866812,-4.4400016784668,0,1,0,-0.2109399759457418,0
2019-01-28,35.45000076293945,36.0,31.600000381469727,32.5,770899,39.072500228881836,42.186000213623046,38.634872088542814,10.526333080967191,-1.8768838750281276,-1.3524755357171279,-0.07407403382191169,35.92500019073486,37.92500019073486,36.92500019073486,40.92500019073486,43.95000076293945,0,0,1,0,4.0,11.450000762939453,43.427782236685324,39.072500228881836,34.71721822107835,-0.25454358834923796,22.293336655145126,-6.572500228881836,0,1,0,-0.0851152426359928,1
2019-01-29,33.0,35.75,32.25,34.900001525878906,542956,38.74750022888183,42.037000274658205,38.27917013019387,27.450993885118734,-1.9379432756593715,-1.4695690837055766,0.07384620079627413,35.92500019073486,37.40000057220459,36.66250038146973,40.92500019073486,42.5,0,0,1,0,4.262499809265137,7.599998474121094,43.324013967013116,38.74750022888183,34.17098649075055,0.07964742125149096,23.622239943726818,-3.847498703002927,0,0,0,0.3341910096007289,1
2019-01-30,35.95000076293945,38.20000076293945,34.20000076293945,37.29999923706055,529540,38.555000114440915,41.95800025939941,38.18591575941927,38.9438907330083,-1.7722442048840605,-1.5301041079412734,0.06876783972063727,35.875000953674316,37.15000057220459,36.51250076293945,40.92500019073486,42.150001525878906,0,0,0,0,4.41249942779541,4.850002288818359,43.033939960756726,38.555000114440915,34.076060268125104,0.3598997842745444,23.2340284425947,-1.2550008773803683,0,0,0,0.28025236302305345,0
2019-01-31,38.0,39.84999847412109,35.0,35.599998474121094,733194,38.2875,41.84100021362305,37.9396379227242,36.99059456165434,-1.7578390769055972,-1.5756511017341384,-0.0455764288930699,35.72499942779541,37.15000057220459,36.4375,40.92500019073486,41.54999923706055,0,0,1,0,4.487500190734863,5.950000762939453,42.801243260267334,38.2875,33.77375673973267,0.20229791872126368,23.578156109786917,-2.6875015258789077,0,0,0,-0.1576018655532807,1
2019-02-01,36.400001525878906,37.0,35.5,35.75,352935,38.04750003814697,41.686000213623046,37.73110097770285,37.93104272985878,-1.7145547201354887,-1.6034318254144084,0.004213526188433514,35.72499942779541,37.07499980926514,36.39999961853027,40.92500019073486,41.45000076293945,0,0,1,0,4.52500057220459,5.700000762939453,42.56496381590004,38.04750003814697,33.5300362603939,0.24570908022977905,23.74644206964346,-2.2975000381469712,0,0,0,0.04341116150851537,0
2019-02-04,35.95000076293945,36.29999923706055,33.0,33.849998474121094,251417,37.685000038146974,41.45000015258789,37.361472167837924,35.58823727406343,-1.8126704629625152,-1.64527955292403,-0.05314689582878063,35.72499942779541,37.05000019073486,36.38749980926514,40.92500019073486,41.70000076293945,0,0,1,0,4.537500381469727,7.850002288818359,42.32634774317685,37.685000038146974,33.0436523331171,0.08686551754462903,24.632334883012483,-3.8350015640258803,0,0,0,-0.15884356268515004,0
2019-02-05,34.29999923706055,34.349998474121094,32.599998474121094,32.95000076293945,192834,37.295000076293945,41.1510001373291,36.94133203403807,32.28571596729475,-1.9406792474031676,-1.7043594918198577,-0.026587821322051286,35.72499942779541,37.05000019073486,36.38749980926514,40.92500019073486,41.84999847412109,0,0,1,0,4.537500381469727,8.899997711181634,42.146691256904674,37.295000076293945,32.44330889568322,0.05221806668993867,26.01791752613316,-4.344999313354492,0,0,0,-0.034647450854690356,1
2019-02-06,33.400001525878906,34.0,33.0,33.099998474121094,345009,36.91749992370605,40.82400009155273,36.575490742617404,30.90378288924923,-2.006889397883171,-1.7648654730325206,0.00455228247977324,35.72499942779541,37.05000019073486,36.38749980926514,40.92500019073486,41.400001525878906,0,0,1,0,4.537500381469727,8.300003051757812,41.84063739835609,36.91749992370605,31.99436244905602,0.11228977768325162,26.6710231452521,-3.8175014495849595,0,0,0,0.060071710993312946,1
2019-02-07,33.5,37.79999923706055,33.5,34.400001525878906,1211335,36.60499992370605,40.54400009155273,36.368301293404215,37.606844109108586,-1.932188965806958,-1.7983301715874083,0.03927501847996173,35.72499942779541,36.92500019073486,36.32499980926514,40.92500019073486,41.150001525878906,0,0,1,0,4.600000381469727,6.75,41.330241038069566,36.60499992370605,31.879758809342537,0.2666787424746942,25.817462774004074,-2.204998397827147,0,0,0,0.1543889647914426,0
2019-02-08,34.75,34.75,33.0,33.900001525878906,190270,36.3125,40.273000106811516,36.13322512506847,38.260874372648296,-1.8915297786725205,-1.8169700930044308,-0.014534883076207206,36.04999923706055,36.92500019073486,36.487499713897705,40.80000019073486,40.95000076293945,0,0,1,0,4.312500476837158,7.049999237060547,40.94616776300059,36.3125,31.678832236999416,0.23967722789874196,25.521061689504087,-2.4124984741210938,0,0,0,-0.027001514575952235,0
2019-02-11,33.0,35.20000076293945,32.599998474121094,32.849998474121094,198956,35.975,39.99500007629394,35.820536872597295,36.46408874711053,-1.921879322468989,-1.8379519388973424,-0.030973539955632456,36.224998474121094,36.92500019073486,36.57499933242798,40.65000057220459,40.54999923706055,0,0,1,0,4.075001239776611,7.700000762939453,40.58493558065011,35.975,31.36506441934989,0.1610580049105365,25.628550830577407,-3.1250015258789077,0,0,0,-0.07861922298820545,0
2019-02-12,33.0,33.400001525878906,31.850000381469727,32.099998474121094,216299,35.642499923706055,39.71600006103515,35.46619988226623,34.31635224229477,-1.9835847562414983,-1.8670785023661738,-0.022831051288810356,35.84999942779541,36.55000019073486,36.19999980926514,40.07499980926514,41.09999847412109,0,0,1,0,3.875,8.999999999999993,40.361851915231455,35.642499923706055,30.923147932180658,0.12468348875584205,26.481599223552372,-3.542501449584961,0,0,0,-0.03637451615469446,0
2019-02-14,32.54999923706055,33.75,31.649999618530277,31.950000762939453,418342,35.28249988555908,39.453000106811515,35.13132377566368,35.16484207468382,-2.0212901442060627,-1.8979208307341517,-0.004672826115632578,34.72499942779541,36.47499942779541,35.59999942779541,39.67500019073486,40.75,0,0,1,0,4.075000762939453,8.799999237060547,39.97507696245988,35.28249988555908,30.589922808658287,0.1449180196715519,26.600026030589973,-3.3324991226196303,0,0,0,0.020234530915709856,0
2019-02-15,32.04999923706055,32.5,30.799999237060547,31.0,438733,34.849999809265135,39.137000122070305,34.737864368457615,37.86982809485909,-2.1035802937095838,-1.9390527233292383,-0.029733982480570464,34.29999923706055,36.07499885559082,35.187499046325684,39.27499961853027,40.650001525878906,0,0,1,0,4.08750057220459,9.650001525878906,39.44619402807282,34.849999809265135,30.253805590457453,0.08117524782668127,26.37701144311484,-3.8499998092651353,0,0,0,-0.06374277184487064,0
2019-02-18,31.450000762939453,31.450000762939453,30.149999618530277,30.25,238514,34.42499980926514,38.83800010681152,34.310448714318795,42.524918459278304,-2.2039092678937138,-1.9920240322421336,-0.024193548387096753,33.97499942779541,35.749999046325684,34.86249923706055,38.94999980926514,40.650001525878906,0,0,1,0,4.08750057220459,10.400001525878906,39.071772952910365,34.42499980926514,29.778226665619908,0.05076354276357064,26.99650352587422,-4.174999809265138,0,0,0,-0.030411705063110632,1
2019-02-19,30.25,31.5,30.200000762939453,30.799999237060547,200552,34.06749973297119,38.56500007629394,33.976120192675154,34.46968919755825,-2.2135242314018697,-2.036324072074081,0.018181792960679344,33.97499942779541,35.55000019073486,34.76249980926514,38.94999980926514,39.75,0,0,1,0,4.1875,8.950000762939453,38.67448083943534,34.06749973297119,29.46051862650705,0.14537509266904156,27.046194423275615,-3.267500495910646,0,0,0,0.09461154990547091,1
2019-02-20,31.149999618530277,31.649999618530277,30.549999237060547,30.950000762939453,220599,33.72749977111816,38.35800010681152,33.68791834222414,21.00458529903382,-2.183866041414767,-2.0658324659422185,0.0048701795322909636,33.97499942779541,35.19999980926514,34.58749961853027,38.47499942779541,39.59999847412109,0,0,1,0,3.8874998092651367,8.649997711181634,38.19890596395881,33.72749977111816,29.256093578277518,0.18941548940175917,26.51489866242407,-2.777499008178708,0,0,0,0.04404039673271762,0
2019-02-21,31.0,31.799999237060547,30.350000381469727,30.850000381469727,320492,33.372499752044675,38.10800014495849,33.41764044119991,24.59895208069203,-2.1437194438906673,-2.0814098615319083,-0.003231030016305203,32.67500019073486,35.19999980926514,33.9375,38.47499942779541,38.75,0,0,1,0,4.53749942779541,7.899999618530273,37.56528771585872,33.372499752044675,29.179711788230623,0.19918591253058424,25.127203505677848,-2.5224993705749483,0,0,0,0.009770423128825062,1
2019-02-22,31.100000381469727,32.95000076293945,30.75,32.70000076293945,788757,33.139999866485596,37.86600017547607,33.3492938051751,36.19910228633213,-1.9402573277201753,-2.053179354769562,0.059967596712930504,32.67500019073486,35.19999980926514,33.9375,38.47499942779541,39.150001525878906,0,0,1,0,4.53749942779541,6.450000762939453,36.920158313377684,33.139999866485596,29.359841419593508,0.4418014998937552,22.813267725537642,-0.4399991035461426,0,0,0,0.242615587363171,1
2019-02-25,33.400001525878906,33.5,32.29999923706055,32.95000076293945,493358,33.03249998092652,37.639000205993646,33.31126589639075,45.2127789091104,-1.7387954722849486,-1.9903025782726393,0.007645259760462597,31.949999809265137,35.15000057220459,33.55000019073486,38.47499942779541,39.650001525878906,0,0,1,0,4.924999237060547,6.700000762939453,36.70432160043798,33.03249998092652,29.360678361415054,0.4887659006161035,22.231569645843514,-0.08249921798706339,0,0,0,0.046964400722348254,0
2019-02-26,32.75,33.25,30.549999237060547,32.900001525878906,602009,33.052500057220456,37.414000205993645,33.27209786110391,49.707606905179595,-1.5651281973671871,-1.905267702091549,-0.0015174274932576726,31.949999809265137,34.999999046325684,33.47499942779541,38.47499942779541,38.75,0,0,1,0,5.0,5.849998474121094,36.716851830110905,33.052500057220456,29.388148284330008,0.4791916086673553,22.17291742861645,-0.1524985313415499,0,0,0,-0.009574291948748204,0
2019-02-27,33.25,34.5,32.54999923706055,32.900001525878906,918227,32.95250005722046,37.179000205993646,33.236660114892004,48.809542731621235,-1.4112278743134823,-1.8064597365359356,0.0,32.32499980926514,34.999999046325684,33.66249942779541,38.47499942779541,37.95000076293945,0,0,1,0,4.8125,5.049999237060547,36.51753480327254,32.95250005722046,29.387465311168384,0.49263702388880043,21.63741591600979,-0.05249853134155558,0,0,0,0.013445415221445156,1
2019-02-28,33.0,33.5,32.650001525878906,33.04999923706055,305906,32.740000057220456,36.95500019073486,33.218882888431864,40.68963938745959,-1.262602699811744,-1.6976883291910974,0.00455920073631777,32.32499980926514,34.999999046325684,33.66249942779541,38.47499942779541,37.75,0,0,1,0,4.8125,4.700000762939453,35.69814121930695,32.740000057220456,29.781858895133965,0.5523976312917799,18.070501874871592,0.30999917984009073,0,0,0,0.05976060740297945,1
2019-03-01,33.099998474121094,35.29999923706055,33.099998474121094,34.20000076293945,1019350,32.67000017166138,36.75600017547607,33.312322686004016,51.89872898174644,-1.0400318265586534,-1.5661570286646087,0.034795810965990936,32.75,34.999999046325684,33.87499952316284,38.47499942779541,37.95000076293945,0,0,0,0,4.599999904632568,3.75,35.412517522950594,32.67000017166138,29.927482820372163,0.778940913638859,16.78920928606625,1.5300005912780748,0,0,0,0.2265432823470791,1
2019-03-05,34.25,37.400001525878906,34.099998474121094,36.25,1423360,32.69500017166138,36.60200016021728,33.59210147781316,69.10113708010995,-0.6902680200386229,-1.3909792269394115,0.059941496822479845,33.875000953674316,34.999999046325684,34.4375,37.44999980926514,37.34999847412109,0,0,0,0,3.0124998092651367,1.0999984741210866,35.55592683758453,32.69500017166138,29.83407350573823,1.1213021589617556,17.500698277425787,3.554999828338623,1,0,0,0.3423612453228966,0
2019-03-06,36.75,37.45000076293945,35.0,35.400001525878906,976586,32.772500324249265,36.46000019073486,33.7642824347718,68.3333580582335,-0.47617639155494373,-1.2080186598625178,-0.02344823376885774,33.90000057220459,34.999999046325684,34.44999980926514,37.40000057220459,35.099998474121094,0,0,0,0,2.950000762939453,-0.3000030517578125,35.831499922600386,32.772500324249265,29.71350072589814,0.9294706679670588,18.668087988927024,2.6275012016296415,0,0,0,-0.19183149099469676,1
2019-03-07,36.0,36.45000076293945,34.95000076293945,35.599998474121094,816819,32.90500020980835,36.3290001296997,33.939112533757445,70.16574341110824,-0.28706010109907254,-1.0238269481098288,0.005649631062755178,34.0,34.999999046325684,34.49999952316284,37.19999980926514,32.5,0,0,0,0,2.700000286102295,-3.0999984741210938,36.20346978529004,32.90500020980835,29.60653063432666,0.9085225288032529,20.04843977784555,2.694998264312744,0,0,0,-0.02094813916380589,0
2019-03-08,35.599998474121094,35.95000076293945,34.70000076293945,35.0,552247,33.00000028610229,36.19800014495849,34.04014943530436,72.98852389076627,-0.1834838532233647,-0.855758329132536,-0.016853890444890163,34.0,34.999999046325684,34.49999952316284,36.67500019073486,34.900001525878906,0,0,0,0,2.1750006675720215,-0.09999847412109375,36.42257262894014,33.00000028610229,29.577427943264443,0.79217785828296,20.742862504029972,1.999999713897708,0,0,0,-0.11634467052029296,1
2019-03-11,35.400001525878906,36.25,35.150001525878906,36.150001525878906,515567,33.0875002861023,36.09200016021728,34.24108772964479,82.41760982666592,-0.008505373726727328,-0.6863077380513742,0.032857186453683074,34.0,34.999999046325684,34.49999952316284,36.42500019073486,37.29999923706055,0,0,0,0,1.9250006675720215,1.1499977111816406,36.7311080188038,33.0875002861023,29.443892553400794,0.9202567159316514,22.024073751089166,3.0625012397766085,0,0,0,0.12807885764869142,1
2019-03-12,36.5,40.70000076293945,36.400001525878906,39.09999847412109,3374322,33.3475001335144,36.040000114440915,34.70384113388063,86.08697714563594,0.36401034680678634,-0.4762441210797421,0.08160433813897217,36.625,35.42500019073486,36.02500009536743,36.42500019073486,35.599998474121094,1,1,0,0,0.40000009536743164,-3.499999999999993,37.83118978227948,33.3475001335144,28.863810484749322,1.141491582963494,26.890709233457343,5.752498340606685,1,0,0,0.22123486703184259,1
2019-03-13,39.29999923706055,41.59999847412109,38.400001525878906,39.75,2123795,33.69250020980835,35.99800014495849,35.184427692558664,86.66668679980393,0.7035711003227405,-0.24028107679924562,0.016624080594507706,37.125,35.874999046325684,36.49999952316284,36.34999942779541,35.75,1,1,0,1,0.15000009536743164,-4.0,38.96282012265251,33.69250020980835,28.422180296964193,1.0746804644087236,31.284825287675716,6.057499790191649,1,0,0,-0.0668111185547704,0
2019-03-14,40.20000076293945,40.29999923706055,38.25,38.54999923706055,791109,34.01500024795532,35.941000099182126,35.504958315844554,79.38932486955403,0.8658642668563346,-0.019052008068129594,-0.0301886984387284,37.349998474121094,35.874999046325684,36.61249876022339,36.32499980926514,33.849998474121094,1,1,0,1,0.28749895095825195,-4.700000762939453,39.6339052916111,34.01500024795532,28.396095204299545,0.9035482851081124,33.037806865772616,4.534998989105226,0,0,0,-0.1711321793006112,0
2019-03-15,38.900001525878906,39.59999847412109,37.29999923706055,37.79999923706055,886002,34.307500171661374,35.87400005340576,35.72353364167465,71.25000715256192,0.9233205737774526,0.16942250830098685,-0.019455253303325093,37.849998474121094,35.874999046325684,36.86249876022339,36.32499980926514,32.95000076293945,1,1,0,1,0.537498950958252,-4.849998474121094,40.07311097738096,34.307500171661374,28.541889365941785,0.8028732933147821,33.61137230559334,3.4924990653991728,0,0,0,-0.10067499179333028,0
2019-03-18,38.25,38.45000076293945,36.45000076293945,37.400001525878906,591667,34.627500247955325,35.803000068664545,35.8831972496941,68.31277529028614,0.9259053777521302,0.3207190821912156,-0.010581950244841987,38.14999961853027,35.874999046325684,37.01249933242798,36.32499980926514,33.099998474121094,1,1,0,1,0.6874995231628418,-4.3000030517578125,40.333415530868095,34.627500247955325,28.92158496504256,0.742949740791478,32.955975695933695,2.772501277923581,0,0,0,-0.05992355252330406,0
2019-03-19,37.400001525878906,38.0,37.0,37.09999847412109,514591,34.970000171661376,35.73400005340576,35.99908308059191,66.93547990145767,0.8934470134581431,0.4352646684446011,-0.008021471644866995,38.14999961853027,35.874999046325684,37.01249933242798,36.19999980926514,34.400001525878906,1,1,0,1,0.8124995231628418,-2.6999969482421804,40.399400897002224,34.970000171661376,29.540599446320527,0.6961540886564413,31.051762646204782,2.129998302459711,0,0,0,-0.04679565213503667,0
2019-03-20,37.0,37.25,36.20000076293945,36.45000076293945,458645,35.252500247955325,35.64100009918212,36.042027621767865,63.60153839093335,0.8059832694474167,0.5094083886451642,-0.017520154660788934,38.14999961853027,35.874999046325684,37.01249933242798,36.19999980926514,33.900001525878906,1,0,0,1,0.8124995231628418,-2.549999237060547,40.36322092659056,35.252500247955325,30.141779569320096,0.6171557389146834,28.9949401755222,1.197500514984128,0,0,0,-0.0789983497417579,0
2019-03-22,36.59999847412109,37.0,35.349998474121094,36.0,505496,35.50500020980835,35.54600009918212,36.03802499112331,61.048696415983336,0.6923750528005641,0.5460017214762443,-0.01234569968505983,38.375,35.874999046325684,37.12499952316284,36.19999980926514,32.849998474121094,1,0,1,1,0.9249997138977051,-3.1500015258789062,40.224522616179115,35.50500020980835,30.785477803437587,0.5524417247731954,26.585114088054468,0.49499979019164897,0,0,0,-0.06471401414148803,0
2019-03-25,35.54999923706055,35.70000076293945,34.70000076293945,35.150001525878906,426556,35.72000026702881,35.436000099182124,35.9534513277667,53.63985200718976,0.5276693061781188,0.5423352384166192,-0.023611068725585938,38.14999961853027,35.874999046325684,37.01249933242798,35.874999046325684,32.099998474121094,1,0,1,1,1.137500286102295,-3.0500030517578125,39.93668045155411,35.72000026702881,31.50332008250351,0.43241143314096603,23.609631315806503,-0.5699987411499023,0,0,0,-0.12003029163222939,1
2019-03-26,35.04999923706055,36.25,34.900001525878906,35.95000076293945,480545,35.88250026702881,35.34200008392334,35.95312270254506,48.72881588803144,0.45643061983000166,0.5251543146992957,0.022759579013717834,38.14999961853027,35.874999046325684,37.01249933242798,35.874999046325684,31.950000762939453,1,0,0,1,1.137500286102295,-4.0,39.865120939808506,35.88250026702881,31.899879594249118,0.5084743817521955,22.198122444879832,0.06750049591064311,0,0,0,0.07606294861122948,0
2019-03-27,36.09999847412109,36.70000076293945,35.150001525878906,35.54999923706055,366621,36.01250019073486,35.25800006866454,35.91472999154653,50.660783179563424,0.36350639205318913,0.49282473017007444,-0.011126606881501466,37.5,35.874999046325684,36.68749952316284,35.874999046325684,31.0,1,0,1,1,0.8125004768371582,-4.549999237060547,39.76694665077221,36.01250019073486,32.25805373069751,0.438406239295564,20.850795918930825,-0.462500953674315,0,0,0,-0.07006814245663151,1
2019-03-28,35.599998474121094,36.400001525878906,35.25,35.849998474121094,498011,36.160000038146975,35.18300006866455,35.908565085125055,51.09170334773924,0.3104915499758718,0.4563580941312339,0.008438797285480693,37.14999961853027,35.89999961853027,36.52499961853027,35.874999046325684,30.25,1,0,1,1,0.6500005722045898,-5.599998474121094,39.635139628893675,36.160000038146975,32.684860447400276,0.4553972501059631,19.220904795799797,-0.31000156402588175,0,0,0,0.01699101081039911,1
2019-04-01,37.54999923706055,39.20000076293945,37.54999923706055,38.70000076293945,780251,36.45,35.18200008392334,36.17441610205976,63.503651667482046,0.4927679497358284,0.46364006525215284,0.07949797517775847,36.95000076293945,35.97499942779541,36.46250009536743,35.874999046325684,30.799999237060547,1,1,0,1,0.587501049041748,-7.900001525878906,39.7522716332954,36.45,33.147728366704605,0.84067469499687,18.119460264995322,2.2500007629394503,0,0,0,0.3852774448909069,0
2019-04-02,38.95000076293945,39.400001525878906,37.59999847412109,37.75,785107,36.685000038146974,35.15400005340576,36.3244717113874,55.92592027452256,0.554177969031393,0.4817476460080009,-0.024547822847828193,37.05000114440918,35.97499942779541,36.512500286102295,35.874999046325684,30.950000762939453,1,1,0,1,0.6375012397766113,-6.799999237060547,39.63628735570069,36.685000038146974,33.73371272059326,0.6804297323948438,16.089885863349114,1.064999961853026,0,0,0,-0.16024496260202614,0
2019-04-03,37.75,38.45000076293945,36.84999847412109,37.25,368043,36.8375,35.10600002288818,36.41261726268384,41.62896849233543,0.5560897736757013,0.496616071541541,-0.013245033112582738,37.05000114440918,36.07499885559082,36.5625,35.874999046325684,30.850000381469727,1,1,0,1,0.6875009536743164,-6.399999618530273,39.56621262486821,36.8375,34.10878737513179,0.5755850939085101,14.81486325004796,0.4125000000000014,0,0,0,-0.10484463848633374,0
2019-04-04,37.29999923706055,37.70000076293945,36.45000076293945,36.95000076293945,425277,36.872500038146974,35.07000003814697,36.463796643660565,36.91589234853782,0.5273188578488828,0.5027566288030094,-0.008053670793571777,37.05000114440918,36.07499885559082,36.5625,35.874999046325684,32.70000076293945,1,1,0,1,0.6875009536743164,-4.25,39.58809805935085,36.872500038146974,34.1569020169431,0.5142695502403779,14.729665839823248,0.07750072479247905,0,0,0,-0.06131554366813219,0
2019-04-05,37.0,37.25,36.34999847412109,36.650001525878906,258016,36.935000038146974,35.04400005340576,36.481530441967074,40.30613337194742,0.47483664724641983,0.4971726324916915,-0.008119059022089203,37.05000114440918,36.07499885559082,36.5625,35.874999046325684,32.95000076293945,1,1,0,1,0.6875009536743164,-3.700000762939453,39.5684575290954,36.935000038146974,34.30154254719855,0.4458889096847682,14.25995661691378,-0.2849985122680678,0,0,1,-0.06838064055560972,0
2019-04-08,36.95000076293945,37.400001525878906,36.09999847412109,36.25,680431,36.96750011444092,35.01400005340576,36.45947992368449,41.79894649776507,0.3963979087014877,0.4770176877336508,-0.010914093021154758,37.150001525878906,37.07499885559082,37.11250019073486,35.874999046325684,32.900001525878906,1,0,0,1,1.2375011444091797,-3.3499984741210938,39.549799963811225,36.96750011444092,34.38520026507061,0.3610734313801942,13.970649036998656,-0.7175001144409165,0,0,1,-0.08481547830457398,1
2019-04-09,36.5,37.25,36.0,37.0,434729,37.06750011444092,34.99500003814697,36.51095802619073,47.959176523893234,0.3902547613092793,0.4596651024487765,0.020689655172413834,37.275001525878906,37.125,37.20000076293945,35.874999046325684,32.900001525878906,1,0,0,1,1.3250017166137695,-4.099998474121094,39.48706049196928,37.06750011444092,34.647939736912555,0.48605116138703863,13.054888352644747,-0.06750011444091797,0,0,1,0.12497773000684442,0
2019-04-10,36.900001525878906,38.09999847412109,36.34999847412109,36.95000076293945,446323,37.107500076293945,34.98700008392334,36.5527716201668,49.21467160646705,0.37700586325860286,0.4431332546107418,-0.0013513307313661738,37.32500076293945,37.349998474121094,37.33749961853027,35.874999046325684,33.04999923706055,0,0,0,1,1.4625005722045898,-3.9000015258789062,39.49125193423349,37.107500076293945,34.7237482183544,0.46696398728963534,12.847817034499712,-0.1574993133544922,0,0,1,-0.019087174097403292,0
2019-04-11,37.0,37.29999923706055,35.70000076293945,36.0,592636,36.95250015258789,35.00500011444092,36.50012670396044,47.71573269860916,0.2865457727193572,0.41181575823246497,-0.025710439602813162,37.55000114440918,37.849998474121094,37.69999980926514,35.874999046325684,34.20000076293945,0,0,0,1,1.8250007629394531,-1.7999992370605469,39.19693200175688,36.95250015258789,34.7080683034189,0.2878081811794475,12.147658967058044,-0.9525001525878878,0,0,1,-0.17915580611018783,1
2019-04-12,36.34999847412109,37.45000076293945,36.20000076293945,37.0,716786,36.81500015258789,35.09500011444092,36.547733684535636,54.807691602312005,0.2921790832915221,0.3878884232442764,0.02777777777777768,37.55000114440918,38.14999961853027,37.85000038146973,35.874999046325684,36.25,0,0,0,1,1.975001335144043,-0.75,38.65812236595595,36.81500015258789,34.97187793921984,0.5501865383831618,10.012887169516926,0.18499984741210795,0,0,1,0.2623783572037143,1
2019-04-15,37.29999923706055,37.75,37.150001525878906,37.45000076293945,598604,36.760000228881836,35.14600009918213,36.63366388247886,61.49999179840401,0.32916046630145246,0.3761428318557116,0.012162182782147424,37.07500076293945,38.14999961853027,37.61250019073486,35.874999046325684,35.400001525878906,0,0,0,1,1.7375011444091797,-2.049999237060547,38.45221780277274,36.760000228881836,35.06778265499093,0.7038746508438339,9.206842020427166,0.6900005340576172,0,0,1,0.15368811246067215,1
2019-04-16,37.59999847412109,44.900001525878906,37.59999847412109,44.5,10783405,37.09500026702881,35.290000114440915,37.38283875081421,76.30768378444172,0.9167764694359803,0.4842695593717654,0.18825097712780914,40.30000114440918,39.80000114440918,40.05000114440918,37.52500057220459,35.599998474121094,1,1,0,1,2.52500057220459,-8.900001525878906,40.860621055043815,37.09500026702881,33.3293794790138,1.4832375788527863,20.302578573436524,7.404999732971191,1,0,0,0.7793629280089523,1
2019-04-18,44.900001525878906,48.04999923706055,41.29999923706055,45.0,7207777,37.47500019073486,35.47800014495849,38.10828267930809,78.89908085640525,1.4065978226674645,0.6687352120309052,0.011235955056179803,41.875,41.375,41.625,39.09999942779541,35.0,1,1,0,1,2.52500057220459,-10.0,42.582005100967415,37.47500019073486,32.367995280502306,1.2367331676329325,27.255529735768675,7.52499980926514,1,0,0,-0.24650441121985378,0
2019-04-22,44.400001525878906,46.95000076293945,43.650001525878906,44.75,2596859,37.85750026702881,35.65800014495849,38.74082718604065,77.3006130662016,1.7543883663939255,0.8858658429035093,-0.005555555555555536,41.875,41.375,41.625,39.09999942779541,36.150001525878906,1,1,0,1,2.52500057220459,-8.599998474121094,43.86193805146367,37.85750026702881,31.853062482593955,1.0739504663399488,31.72125862554266,6.892499732971189,1,0,0,-0.16278270129298367,0
2019-04-23,44.59999847412109,46.150001525878906,43.84999847412109,44.20000076293945,1041669,38.24500026702881,35.86500019073486,39.26074847907863,69.64285714285714,1.963006222295661,1.1012939187819397,-0.01229048574436975,41.875,41.375,41.625,39.09999942779541,39.09999847412109,1,1,0,1,2.52500057220459,-5.1000022888183665,44.810203968702666,38.24500026702881,31.67979656535495,0.9535274735186331,34.33235014164062,5.955000495910646,0,0,0,-0.12042299282131574,1
2019-04-24,44.400001525878906,45.45000076293945,44.29999923706055,44.70000076293945,867612,38.68000030517578,36.10000019073486,39.77877250611299,75.64576071683655,2.1439688590016175,1.3098289068258753,0.011312216999309177,41.875,41.375,41.625,39.09999942779541,39.75,1,1,0,1,2.52500057220459,-4.950000762939453,45.727723380919485,38.68000030517578,31.632277229432074,0.9270883229282116,36.441173837326204,6.020000457763672,0,0,0,-0.026439150590421456,0
2019-04-25,44.75,45.09999847412109,43.5,43.79999923706055,599113,39.11250019073486,36.31400020599365,40.16174648048896,73.47669849044644,2.189521015507381,1.4857673285621766,-0.02013426198026136,41.875,41.375,41.625,39.09999942779541,38.54999923706055,1,1,0,1,2.52500057220459,-5.25,46.30088495258984,39.11250019073486,31.924115428879887,0.826046754703491,36.75748022652764,4.687499046325684,0,0,0,-0.10104156822472066,0
2019-04-26,43.54999923706055,44.0,42.5,43.0,648948,39.46500015258789,36.48600017547607,40.43205633949001,70.93425231013566,2.1364406176138218,1.6159019863725057,-0.0182648230820891,42.125,41.375,41.75,39.09999942779541,37.79999923706055,1,1,0,1,2.65000057220459,-5.200000762939453,46.689825480531084,39.46500015258789,32.2401748246447,0.7446425821355098,36.61383656408997,3.5349998474121094,0,0,0,-0.08140417256798116,0
2019-04-30,42.95000076293945,43.0,39.650001525878906,40.04999923706055,958201,39.69000015258789,36.60900012969971,40.39566994878244,59.941512444723145,1.8351788134728224,1.6597573517925692,-0.06860466890556871,42.60000038146973,41.375,41.98750019073486,39.09999942779541,37.400001525878906,1,0,0,1,2.887500762939453,-2.6499977111816406,46.6899001069687,39.69000015258789,32.690100198207084,0.5257145878383128,35.27286433595237,0.35999908447265483,0,0,0,-0.218927994297197,1
2019-05-02,40.0,44.0,39.29999923706055,41.79999923706055,1313437,39.98750019073486,36.788000144958495,40.529415595285116,65.04064771696065,1.7178349063712162,1.6713728627082987,0.04369538160641517,42.82499885559082,41.375,42.09999942779541,39.09999942779541,37.09999847412109,1,0,0,1,3.0,-4.70000076293946,46.81288449711061,39.98750019073486,33.16211588435912,0.6327763364644967,34.13758936577482,1.8124990463256836,0,0,0,0.1070617486261839,1
2019-05-03,41.900001525878906,43.650001525878906,41.5,41.900001525878906,432762,40.14750022888184,36.98400020599365,40.659947588675,63.76404687019144,1.6142997212102088,1.659958234408681,0.002392399297694192,43.67499923706055,41.375,42.52499961853027,39.09999942779541,36.45000076293945,1,0,0,1,3.4250001907348633,-5.450000762939453,46.99465089152707,40.14750022888184,33.300349566236605,0.6279730345761101,34.109972594106566,1.7525012969970675,0,0,0,-0.004803301888386624,0
2019-05-06,41.400001525878906,41.54999923706055,39.95000076293945,40.20000076293945,482271,40.270000267028806,37.14900020599365,40.61614312908114,58.35475381773636,1.3791732364055775,1.6038012348080604,-0.0405728090938009,43.125,41.375,42.25,39.09999942779541,36.0,1,0,0,1,3.15000057220459,-4.200000762939453,47.02828384729508,40.270000267028806,33.51171668676253,0.4948212069486292,33.564854906641955,-0.06999950408935263,0,0,0,-0.1331518276274809,0
2019-05-07,40.5,41.650001525878906,39.09999847412109,39.45000076293945,752888,40.380000305175784,37.31800022125244,40.505081951353354,58.96103916692577,1.119411195759156,1.5069232269982795,-0.018656716063832235,42.625,41.47500038146973,42.05000019073486,39.09999942779541,35.150001525878906,1,0,0,1,2.950000762939453,-4.299999237060547,47.00845385276122,40.380000305175784,33.75154675759035,0.42984792489229223,32.830378888015126,-0.929999542236331,0,0,0,-0.06497328205633696,0
2019-05-08,39.84999847412109,40.0,37.79999923706055,38.04999923706055,793079,40.43500022888183,37.474000205993654,40.27126454999213,52.67175305772654,0.7914560712992937,1.3638297958584824,-0.03548799743482167,41.625,41.60000038146973,41.61250019073486,39.09999942779541,35.95000076293945,1,0,1,1,2.512500762939453,-2.0999984741210938,46.966240393628695,40.43500022888183,33.90376006413497,0.31741591706467864,32.30488501435318,-2.385000991821286,0,0,0,-0.11243200782761359,1
2019-05-09,38.25,39.5,37.45000076293945,39.150001525878906,704888,40.56000022888183,37.641000251770016,40.16447759531468,54.18719258107404,0.6132412011433317,1.2137120769154524,0.028909390561747017,41.27499961853027,41.64999961853027,41.46249961853027,39.09999942779541,35.54999923706055,0,0,0,1,2.3625001907348633,-3.6000022888183594,46.889265540637986,40.56000022888183,34.23073491712568,0.3886127667626797,31.20939485226743,-1.4099987030029268,0,0,0,0.07119684969800105,0
2019-05-10,39.70000076293945,40.0,38.70000076293945,39.09999847412109,389550,40.70250015258789,37.80400020599365,40.06309863139148,29.699258687320693,0.46263681497044473,1.063497024526451,-0.0012772171087852557,40.72500038146973,41.875,41.30000019073486,39.125,35.849998474121094,0,0,1,1,2.1750001907348633,-3.249999999999993,46.7596839126998,40.70250015258789,34.645316392475976,0.367718915098822,29.76320244409749,-1.6025016784668011,0,0,0,-0.02089385166385771,0
2019-05-13,39.34999847412109,40.0,37.650001525878906,37.79999923706055,388130,40.742500114440915,37.94300018310547,39.84756535574092,24.468100360556278,0.23566606826069858,0.8979308332733006,-0.033248063626420965,40.72500038146973,41.875,41.30000019073486,39.19999980926514,38.70000076293945,0,0,1,1,2.1000003814697266,0.9000015258789062,46.711275194213584,40.742500114440915,34.773725034668246,0.2535088156234865,29.299994173195454,-2.9425008773803683,0,0,0,-0.1142100994753355,0
2019-05-14,37.59999847412109,37.95000076293945,37.150001525878906,37.70000076293945,551588,40.78000011444092,38.04300018310547,39.64303539452173,24.731200731983904,0.04717724520196498,0.7277801156590334,-0.002645462331730686,40.57500076293945,41.875,41.22500038146973,39.19999980926514,37.75,0,0,1,1,2.02500057220459,0.049999237060546875,46.661785655198486,40.78000011444092,34.89821457368335,0.23817479996858557,28.84642238475485,-3.0799993515014634,0,0,0,-0.015334015654900918,0
2019-05-15,38.09999847412109,39.84999847412109,37.09999847412109,37.5,991433,40.85500011444092,38.13400016784668,39.43893678551966,25.367662217779227,-0.11699129236004069,0.5588258340552186,-0.005305059917560029,40.375,41.875,41.125,39.29999923706055,37.25,0,0,1,1,1.8250007629394531,-0.25,46.525529285409036,40.85500011444092,35.1844709434728,0.2041722197975989,27.75929093175436,-3.3550001144409194,0,0,0,-0.034002580170986674,0
2019-05-16,37.5,37.5,35.599998474121094,36.59999847412109,750015,40.83500003814697,38.208000106811525,39.1685617082436,21.071444044295134,-0.3160751253649394,0.383845642171187,-0.024000040690104307,38.625,41.82499885559082,40.22499942779541,39.29999923706055,36.95000076293945,0,0,1,1,0.9250001907348633,0.3500022888183665,46.56231211991363,40.83500003814697,35.10768795638032,0.13028018173583172,28.05099584384157,-4.235001564025886,0,0,0,-0.07389203806176717,1
2019-05-17,37.0,37.84999847412109,36.59999847412109,37.400001525878906,605735,40.83250007629395,38.29800010681152,39.00012740516125,26.97844698056018,-0.40463258441242544,0.22614999685446452,0.02185800778990421,38.625,41.82499885559082,40.22499942779541,39.29999923706055,36.650001525878906,0,0,1,1,0.9250001907348633,-0.75,46.56576072098287,40.83250007629395,35.09923943160502,0.20065040095510253,28.08184967355195,-3.4324985504150405,0,0,0,0.07037021921927081,1
2019-05-20,41.0,43.900001525878906,41.0,43.09999847412109,2765726,40.7625,38.49900009155274,39.390591316490756,50.26595323751954,-0.014703400223332608,0.1779793174389051,0.15240632929648612,39.75,41.82499885559082,40.78749942779541,40.29999923706055,36.25,0,1,0,1,0.4875001907348633,-6.849998474121087,46.34720019212914,40.7625,35.17779980787087,0.7092769883525231,27.401166229397774,2.337498474121084,0,0,0,0.5086265873974205,1
2019-05-21,44.09999847412109,45.20000076293945,43.09999847412109,43.34999847412109,2839782,40.679999923706056,38.68200004577637,39.76767771245555,60.24843852216347,0.3109072529188097,0.20456490453488604,0.005800464242478043,40.39999961853027,41.82499885559082,41.11249923706055,40.35000038146973,37.0,0,1,0,1,0.7624988555908203,-6.349998474121087,46.05674611506835,40.679999923706056,35.30325373234376,0.7482912950870142,26.434347106421814,2.6699985504150305,0,0,0,0.03901430673449113,1
2019-05-22,44.20000076293945,44.25,42.45000076293945,43.95000076293945,1366431,40.63999996185303,38.83600006103516,40.16599419345402,57.19063468345438,0.6103356423471027,0.2857190520973294,0.013840883735591225,40.39999961853027,41.82499885559082,41.11249923706055,40.57499885559082,36.95000076293945,0,1,0,1,0.5375003814697266,-7.0,45.90579530463334,40.63999996185303,35.37420461907272,0.8142925793370052,25.91434718367656,3.3100008010864244,0,0,0,0.06600128424999097,0
2019-05-23,46.0,47.400001525878906,43.04999923706055,43.400001525878906,3296384,40.6,38.996000061035154,40.473994891780194,54.87012697484778,0.7941005594003627,0.3873953535579361,-0.01251420312885021,41.5,41.82499885559082,41.66249942779541,41.07499885559082,36.0,0,1,0,1,0.5875005722045898,-7.400001525878906,45.76826868401708,40.6,35.43173131598292,0.7708838972070025,25.45945164540433,2.800001525878905,0,0,0,-0.04340868213000271,0
2019-05-24,44.0,44.29999923706055,41.5,42.29999923706055,836545,40.47999992370605,39.130000076293946,40.64790006752118,57.09458431944045,0.8412768724064392,0.4781716573276367,-0.025345673966450044,41.5,41.82499885559082,41.66249942779541,41.375,37.0,0,1,0,1,0.28749942779541016,-5.299999237060547,45.36563185283558,40.47999992370605,35.59436799457653,0.686260379389526,24.138497719059437,1.8199993133544936,0,0,0,-0.08462351781747646,1
2019-05-27,42.54999923706055,44.0,42.29999923706055,43.150001525878906,728280,40.44750003814697,39.293000106811526,40.886195444507635,62.416099134934925,0.936457620765303,0.56982885001517,0.020094617119369662,41.5,41.82499885559082,41.66249942779541,41.375,37.45000076293945,0,1,0,1,0.28749942779541016,-5.700000762939453,45.252338953206525,40.44750003814697,35.642661123087414,0.7812270645808361,23.758397480823295,2.7025014877319364,0,0,0,0.09496668519131013,1
2019-05-28,43.5,46.59999847412109,43.04999923706055,45.0,2795602,40.54750003814697,39.47000007629394,41.27798635455453,72.63842433969123,1.147935776295256,0.6854502352711873,0.042873659529573116,41.5,41.82499885559082,41.66249942779541,41.375,44.5,0,1,0,1,0.28749942779541016,-0.5,45.635572066838506,40.54750003814697,35.459428009455436,0.9375429373587355,25.096847025857038,4.452499961853029,0,0,0,0.15631587277789938,0
2019-05-29,45.20000076293945,46.0,44.20000076293945,44.70000076293945,1087465,40.78000011444092,39.58200012207031,41.60389248868643,69.07215332611293,1.276610337628199,0.8036822557425897,-0.006666649712456563,42.0,41.5,41.75,41.375,45.0,1,1,0,1,0.375,0.2999992370605469,46.171790436004855,40.78000011444092,35.38820979287698,0.8635156798309531,26.443307044791354,3.9200006484985366,0,0,0,-0.07402725752778239,0
2019-05-30,44.900001525878906,45.20000076293945,44.25,44.59999847412109,775453,40.920000076293945,39.67900009155274,41.88923591587068,68.83560856414853,1.3548980838650309,0.913925421367078,-0.002237187631130344,44.20000076293945,41.5,42.85000038146973,41.375,44.75,1,1,0,1,1.4750003814697266,0.15000152587891336,46.55057737937736,40.920000076293945,35.28942277321053,0.8267869527172553,27.519928116253144,3.6799983978271413,0,0,0,-0.03672872711369779,0
2019-05-31,44.79999923706055,45.0,41.95000076293945,43.29999923706055,733078,40.98999996185303,39.774000091552736,42.023594327412575,68.83560856414853,1.2970905603378924,0.9905584491612409,-0.02914796595374003,44.45000076293945,41.5,42.97500038146973,41.375,44.20000076293945,1,1,0,1,1.6000003814697266,0.9000015258789062,46.70179472907788,40.98999996185303,35.27820519462818,0.7022130844461223,27.869210893098227,2.3099992752075167,0,0,0,-0.12457386827113304,1
2019-06-03,43.54999923706055,45.09999847412109,42.04999923706055,44.09999847412109,1032570,41.1849998474121,39.90000007629394,42.221347103289574,70.91501581353366,1.3008357097008059,1.052613901269154,0.01847573328305785,44.45000076293945,41.5,42.97500038146973,41.375,44.70000076293945,1,1,0,1,1.6000003814697266,0.6000022888183665,47.04009148152255,41.1849998474121,35.32990821330165,0.7489285231444421,28.433126894758804,2.914998626708986,0,0,0,0.046715438698319844,1
2019-06-04,43.900001525878906,46.150001525878906,43.59999847412109,45.20000076293945,1564837,41.4724998474121,40.05600006103516,42.50502840420861,73.76542214195138,1.3766950752931493,1.1174301360739531,0.024943363421290776,44.45000076293945,41.5,42.97500038146973,41.375,43.79999923706055,1,1,0,1,1.6000003814697266,-1.4000015258789062,47.520100623715315,41.4724998474121,35.42489907110889,0.8081801406380121,29.164389889945756,3.727500915527351,0,0,0,0.05925161749357,0
2019-06-06,45.650001525878906,45.900001525878906,44.150001525878906,44.34999847412109,1090829,41.78749980926513,40.20100006103516,42.68073983943837,73.99379444769355,1.352633768027637,1.16447086246469,-0.018805360054668485,44.04999923706055,41.5,42.77499961853027,41.375,43.0,1,1,0,1,1.3999996185302734,-1.3499984741210866,47.74483753927883,41.78749980926513,35.83016207925143,0.7150707900901622,28.512534883423857,2.5624986648559585,0,0,0,-0.09310935054784997,0
2019-06-07,44.45000076293945,44.75,43.0,43.25,958801,41.99249973297118,40.337000045776364,42.73495509282519,67.78114542920551,1.2306185206045157,1.1777003940926551,-0.024802672197676734,44.27499961853027,41.5,42.88749980926514,41.375,40.04999923706055,1,1,0,1,1.5124998092651367,-3.200000762939453,47.85409293594712,41.99249973297118,36.130906529995244,0.6072660813778737,27.917334001307864,1.2575002670288171,0,0,0,-0.10780470871228842,0
2019-06-10,43.95000076293945,44.09999847412109,42.79999923706055,42.900001525878906,572040,42.182499885559075,40.475000076293945,42.75067380073507,49.09911334112313,1.0930782801510546,1.160775971304335,-0.008092450268695761,44.27499961853027,41.5,42.88749980926514,41.375,41.79999923706055,1,1,0,1,1.5124998092651367,-1.1000022888183594,47.90135237881123,42.182499885559075,36.46364739230692,0.5627312595635604,27.114810685793287,0.7175016403198313,0,0,0,-0.04453482181431334,0
2019-06-11,42.900001525878906,43.150001525878906,42.0,42.54999923706055,373551,42.41999988555908,40.62300003051758,42.73156193752798,46.42857751067352,0.9449416894609683,1.1176091149356617,-0.008158561220731553,44.05000114440918,41.5,42.77500057220459,41.375,41.900001525878906,1,0,0,1,1.4000005722045898,-0.6499977111816406,47.77400750671814,42.41999988555908,37.065992264400016,0.5121403778907327,25.24284599530003,0.12999935150146769,0,0,0,-0.05059088167282766,1
2019-06-12,42.95000076293945,43.70000076293945,42.95000076293945,43.150001525878906,1005299,42.69249992370605,40.76700004577637,42.77141332689473,46.428577510673485,0.8659751221940084,1.067282316387331,0.01410111162342309,44.05000114440918,41.5,42.77500057220459,41.375,40.20000076293945,1,1,0,1,1.4000005722045898,-2.950000762939453,47.593446226180404,42.69249992370605,37.7915536212317,0.5466748229767254,22.959284704492006,0.4575016021728544,0,0,0,0.03453444508599268,1
2019-06-13,43.29999923706055,43.70000076293945,42.09999847412109,43.400001525878906,878605,42.9875,40.924000091552735,42.83127886965513,50.0,0.814181086617964,1.0166620704334577,0.005793742552942183,44.05000114440918,41.5,42.77500057220459,41.47500038146973,39.45000076293945,1,1,0,1,1.3000001907348633,-3.950000762939453,47.27455902590125,42.9875,38.70044097409875,0.5481100823882628,19.94560756453039,0.4125015258789091,0,0,0,0.0014352594115373263,0
2019-06-14,43.20000076293945,44.09999847412109,42.5,42.59999847412109,735206,43.287499999999994,41.05900009155273,42.809252165318554,51.415089416780084,0.7005053898114042,0.9534307343090471,-0.018433249392417306,44.07500076293945,41.5,42.78750038146973,41.60000038146973,38.04999923706055,1,0,0,1,1.1875,-4.54999923706054,46.43215760130608,43.287499999999994,40.14284239869391,0.39068737951098964,14.5291717068719,-0.6875015258789077,0,0,0,-0.1574227028772731,0
2019-06-17,42.29999923706055,43.04999923706055,41.34999847412109,41.650001525878906,463842,43.49999999999999,41.11800010681152,42.69884734251478,42.990657204320094,0.5276770344500576,0.8682799943372492,-0.02230039864483302,43.75,41.5,42.625,41.64999961853027,39.150001525878906,1,0,0,1,0.9750003814697266,-2.5,45.31988983827218,43.49999999999999,41.680110161727804,-0.008272103952589404,8.367309601251446,-1.8499984741210866,0,1,1,-0.39895948346357907,0
2019-06-18,41.650001525878906,42.29999923706055,40.29999923706055,40.79999923706055,507146,43.38500003814697,41.17900009155274,42.51800466580485,28.350530262124536,0.31845033943842793,0.7583140633574851,-0.020408217471257872,43.10000038146973,41.5,42.30000019073486,41.82499885559082,39.09999847412109,1,0,1,1,0.47500133514404297,-1.7000007629394602,45.54950913685161,43.38500003814697,41.22049093944233,-0.09713327207389107,9.978144966239306,-2.585000801086423,0,1,1,-0.08886116812130167,0
2019-06-19,40.79999923706055,41.900001525878906,38.59999847412109,39.75,716297,43.205000114440914,41.229000091552734,42.25438517382344,26.31580484389505,0.06713660404341937,0.620078571494672,-0.0257352758993874,41.67499923706055,41.5,41.58749961853027,41.82499885559082,37.79999923706055,1,0,1,0,0.23749923706054688,-1.9500007629394531,45.887890306343515,43.205000114440914,40.52210992253831,-0.1438951778325975,12.419350467752306,-3.4550001144409137,0,1,1,-0.04676190575870644,1
2019-06-20,40.900001525878906,42.0,40.29999923706055,40.95000076293945,1318472,43.055000114440915,41.30900009155273,42.13015808707258,34.19915350101479,-0.03480015461042285,0.4891028262736531,0.03018869843872829,41.34999847412109,41.5,41.42499923706055,41.82499885559082,37.70000076293945,0,0,1,0,0.39999961853027344,-3.25,45.88588319284752,43.055000114440915,40.22411703603431,0.1282080020263,13.150078136718488,-2.104999351501462,0,0,1,0.27210317985889754,1
2019-06-21,41.25,42.150001525878906,40.59999847412109,41.25,544866,42.94750003814697,41.401000061035155,42.046333507351385,40.284370128806515,-0.09033699043284571,0.37321486293235334,0.007325988558516849,41.34999847412109,41.5,41.42499923706055,41.82499885559082,37.5,0,0,1,0,0.39999961853027344,-3.75,45.87930389001761,42.94750003814697,40.01569618627633,0.2105024544762982,13.652966292643548,-1.6975000381469698,0,0,1,0.0822944524499982,0
2019-06-24,41.59999847412109,41.650001525878906,40.45000076293945,41.150001525878906,329432,42.89000015258789,41.49900009155274,41.960968556734954,35.02540548076779,-0.14079636127279826,0.270412618091323,-0.0024242054332386243,41.34999847412109,42.0,41.67499923706055,41.82499885559082,36.59999847412109,0,0,1,0,0.14999961853027344,-4.55000305175782,45.91400372423359,42.89000015258789,39.86599658094219,0.21230215416676032,14.10120569310951,-1.7399986267089815,0,0,0,0.0017996996904621199,1
2019-06-25,40.75,41.95000076293945,40.75,41.34999847412109,420526,42.8,41.58600006103516,41.90278092981935,28.491609158511892,-0.16277136692840344,0.18377582108737772,0.004860192972688138,41.34999847412109,43.0,42.17499923706055,41.82499885559082,37.400001525878906,0,0,1,1,0.35000038146972656,-3.9499969482421804,45.89402624141683,42.8,39.70597375858316,0.265677241765261,14.458066548676799,-1.4500015258789105,0,0,0,0.05337508759850065,1
2019-06-26,41.5,41.79999923706055,41.09999847412109,41.5,337225,42.62499999999999,41.67700004577637,41.86442084126512,32.7272819750237,-0.1661673736604996,0.11378718213780226,0.0036276065638258803,41.34999847412109,43.0,42.17499923706055,41.82499885559082,43.09999847412109,0,0,1,1,0.35000038146972656,1.5999984741210866,45.59493238686942,42.62499999999999,39.65506761313057,0.31060174888596637,13.935166624607268,-1.124999999999993,0,0,0,0.04492450712070539,1
2019-06-27,41.59999847412109,43.25,41.400001525878906,42.34999847412109,520763,42.50749988555908,41.80400001525879,41.91066633010855,44.374990463256786,-0.09912827132799862,0.07120409144464208,0.020481890942676717,40.92499923706055,43.0,41.96249961853027,41.82499885559082,43.34999847412109,0,1,0,1,0.13750076293945312,1.0,45.321620140560384,42.50749988555908,39.69337963055777,0.47201587047353843,13.24058230936954,-0.15750141143799112,0,0,1,0.16141412158757207,1
2019-06-28,42.79999923706055,45.75,42.59999847412109,44.400001525878906,1669966,42.497500038146974,41.952000045776366,42.147745872562865,57.73195511401221,0.11805791578301239,0.08057485631231615,0.04840621311971294,42.17499923706055,43.0,42.58749961853027,41.82499885559082,43.95000076293945,0,1,0,1,0.7625007629394531,-0.4500007629394531,45.283083503942144,42.497500038146974,39.711916572351804,0.8414906627450213,13.109399203693162,1.9025014877319322,0,0,1,0.36947479227148283,1
2019-07-01,44.95000076293945,46.09999847412109,44.45000076293945,45.5,1373074,42.607500076293945,42.113000030517576,42.467008170414026,64.11483515580937,0.3746218105630419,0.13938424716246128,0.02477473955670817,42.34999847412109,42.59999847412109,42.47499847412109,41.82499885559082,43.400001525878906,0,1,0,1,0.6499996185302663,-2.0999984741210938,45.67103976473871,42.607500076293945,39.54396038784918,0.9720846174469607,14.380283672870364,2.8924999237060547,0,0,0,0.13059395470193946,1
2019-07-02,45.75,52.150001525878906,45.650001525878906,50.20000076293945,9097156,42.91250019073486,42.227000045776364,43.20348365541645,74.22680277227568,0.9462930504050888,0.30076600781098684,0.10329672006460333,46.22500038146973,45.375,45.80000019073486,43.875,42.29999923706055,1,1,0,1,1.9250001907348633,-7.900001525878906,47.39545437132601,42.91250019073486,38.42954601014371,1.3128011439148388,20.893465357019934,7.287500572204593,1,0,0,0.3407165264678781,1
2019-07-03,50.75,54.0,50.5,52.0,5384608,43.25250015258789,42.367000045776365,44.041247116805366,76.70807232666701,1.5269893392730012,0.5460106741033898,0.0358565579622343,47.22500038146973,46.29999923706055,46.76249980926514,44.79999923706055,43.150001525878906,1,1,0,1,1.9625005722045898,-8.849998474121094,49.177403280247546,43.25250015258789,37.32759702492824,1.2381977104887607,27.39681223863381,8.747499847412108,1,0,0,-0.07460343342607811,0
2019-07-04,52.5,53.400001525878906,50.25,51.04999923706055,2307705,43.587500190734865,42.49300003051758,44.708747318734424,76.00000845102366,1.8887656945985896,0.8145616782024299,-0.018269245441143278,47.22500038146973,46.29999923706055,46.76249980926514,44.79999923706055,45.0,1,1,0,1,1.9625005722045898,-6.049999237060547,50.412078921413716,43.587500190734865,36.76292146005601,1.0467369738720398,31.314384632360774,7.462499046325682,1,0,0,-0.19146073661672092,0
2019-07-05,51.45000076293945,52.20000076293945,46.79999923706055,47.59999847412109,1917892,43.805000114440915,42.56099998474121,44.98410457162839,65.86665852864581,1.8754705765753314,1.0267434578770103,-0.06758081908911917,47.375,46.29999923706055,46.83749961853027,44.79999923706055,44.70000076293945,1,1,0,1,2.0375003814697266,-2.8999977111816335,50.84651253742732,43.805000114440915,36.76348769145451,0.7694732418061018,32.14935466083963,3.7949983596801715,0,0,0,-0.277263732065938,0
2019-07-08,47.0,47.0,44.0,44.84999847412109,1441111,43.902499961853025,42.56399993896484,44.971332562341985,59.80629463912126,1.6243080701288903,1.1462563803273862,-0.0577731110956885,47.54999923706055,46.29999923706055,46.92499923706055,44.79999923706055,44.59999847412109,1,0,0,1,2.125,-0.25,50.945189231398956,43.902499961853025,36.85981069230709,0.5672682320633714,32.083317695645306,0.9474985122680621,0,0,0,-0.20220500974273037,1
2019-07-09,44.70000076293945,51.79999923706055,43.25,49.59999847412109,5877043,44.25499992370605,42.679999923706056,45.41215788727333,70.2258708241595,1.7879350742505906,1.274592119112027,0.10590858777265733,47.70000076293945,46.29999923706055,47.0,44.79999923706055,43.29999923706055,1,1,0,1,2.200000762939453,-6.29999923706054,51.68661438304789,44.25499992370605,36.823385464364215,0.8596122067188346,33.58542299018714,5.344998550415035,0,0,0,0.29234397465546325,0
2019-07-10,50.20000076293945,53.0,48.09999847412109,49.09999847412109,3006518,44.552499771118164,42.80199989318848,45.76338080030645,67.23044080323174,1.8558715011351055,1.3908479955166428,-0.01008064547140819,48.29999923706055,46.29999923706055,47.29999923706055,44.79999923706055,44.09999847412109,1,1,0,1,2.5,-5.0,52.25480246150384,44.552499771118164,36.850197080732485,0.7952038426559951,34.57629865868408,4.547498703002923,0,0,0,-0.06440836406283956,1
2019-07-11,49.54999923706055,50.70000076293945,48.25,49.45000076293945,1433624,44.854999732971194,42.98999992370605,46.114487463414356,67.29957911174856,1.9158689241425577,1.4958521812418257,0.007128356409274339,48.625,46.29999923706055,47.46249961853027,44.79999923706055,45.20000076293945,1,1,0,1,2.6625003814697266,-4.25,52.823117112789376,44.854999732971194,36.88688235315301,0.7883366804815511,35.52833542416064,4.595001029968259,0,0,0,-0.0068671621744439415,1
2019-07-12,49.75,50.79999923706055,49.0,49.54999923706055,1510070,45.20249977111816,43.14499992370605,46.44167906090447,67.72151358812826,1.949019274301726,1.5864855998538059,0.002022213803402728,48.625,46.29999923706055,47.46249961853027,44.79999923706055,44.34999847412109,1,1,0,1,2.6625003814697266,-5.20000076293946,53.35108660600609,45.20249977111816,37.05391293623023,0.7667640140575478,36.05370002167187,4.347499465942384,0,0,0,-0.02157266642400335,0
2019-07-15,49.900001525878906,51.09999847412109,48.09999847412109,48.5,967174,45.54499969482422,43.276999893188474,46.63770962653262,64.56211942378346,1.8690201021047699,1.642992500303999,-0.021190701376947896,48.625,46.29999923706055,47.46249961853027,44.79999923706055,43.25,1,1,0,1,2.6625003814697266,-5.25,53.64320291591988,45.54499969482422,37.44679647372856,0.6824478976693288,35.56132737010841,2.95500030517578,0,0,0,-0.08431611638821901,1
2019-07-16,48.900001525878906,49.84999847412109,48.0,49.20000076293945,1212564,45.964999771118165,43.456999893188474,46.88173735380946,65.33864553942625,1.8408838303091102,1.6825707663050213,0.01443300542143211,48.32500076293945,46.29999923706055,47.3125,44.79999923706055,42.900001525878906,1,1,0,1,2.512500762939453,-6.299999237060547,53.9050309956516,45.964999771118165,38.02496854658473,0.7037146265763823,34.548161705953085,3.2350009918212876,0,0,0,0.0212667289070535,0
2019-07-17,49.400001525878906,50.0,48.20000076293945,48.45000076293945,705789,46.39999980926514,43.636999893188474,47.031095773726605,62.20000271606404,1.7380319497819272,1.6936630030004027,-0.015243902202638715,48.125,46.29999923706055,47.21249961853027,44.79999923706055,42.54999923706055,1,1,0,1,2.4125003814697266,-5.900001525878906,53.86973857770179,46.39999980926514,38.93026104082849,0.6372203913165333,32.19714999630278,2.0500009536743136,0,0,0,-0.06649423525984899,0
2019-07-18,48.29999923706055,49.75,46.95000076293945,47.5,938262,46.72749977111816,43.825999908447265,47.075753319085976,56.48535204226747,1.5618598235528438,1.667302367110891,-0.019607858575435344,48.125,46.29999923706055,47.21249961853027,44.79999923706055,43.150001525878906,1,1,0,1,2.4125003814697266,-4.349998474121094,53.77515715010332,46.72749977111816,39.679842392133004,0.5548054613995067,30.16492392491006,0.7725002288818388,0,0,0,-0.08241492991702659,0
2019-07-19,48.0,48.150001525878906,45.20000076293945,45.79999923706055,1180434,46.95499973297119,43.9589998626709,46.954252930321644,50.61224324561244,1.2704216601069334,1.5879262257100994,-0.03578948974609375,48.125,46.29999923706055,47.21249961853027,44.79999923706055,43.400001525878906,1,0,0,1,2.4125003814697266,-2.3999977111816406,53.5605958681135,46.95499973297119,40.349403597828875,0.41257409079508023,28.13585847176121,-1.1550004959106417,0,0,0,-0.14223137060442648,1
2019-07-22,45.5,47.45000076293945,44.70000076293945,46.79999923706055,1022220,47.23749961853027,44.11299987792969,46.93956210239202,41.826920608092,1.1073812567221637,1.4918172319125125,0.0218340614990844,48.85000038146973,46.29999923706055,47.57499980926514,44.79999923706055,42.59999847412109,1,0,0,1,2.77500057220459,-4.20000076293946,53.28562988772266,47.23749961853027,41.18936934933788,0.46383176601715753,25.607326035605144,-0.43750038146972514,0,0,0,0.051257675222077304,1
2019-07-23,46.900001525878906,49.34999847412109,46.70000076293945,48.79999923706055,1756709,47.609999656677246,44.33299987792969,47.11674659140807,42.3809519484471,1.126567479064903,1.4187672813429906,0.04273504343171486,47.89999961853027,46.29999923706055,47.09999942779541,44.79999923706055,41.650001525878906,1,1,0,1,2.3000001907348633,-7.149997711181641,53.048804829317746,47.609999656677246,42.17119448403675,0.6093989895399733,22.84732288116164,1.1899995803833008,0,0,0,0.14556722352281576,0
2019-07-24,49.400001525878906,49.5,48.25,48.45000076293945,671080,47.95749969482422,44.54799987792969,47.24372317917296,43.62745519694496,1.1008409376193313,1.3551820125982588,-0.007172099991659242,47.89999961853027,46.29999923706055,47.09999942779541,44.79999923706055,40.79999923706055,1,1,0,1,2.3000001907348633,-7.650001525878906,52.62357704209118,47.95749969482422,43.291422347557265,0.5527746361088187,19.459218587121377,0.49250106811523153,0,0,0,-0.05662435343115457,1
2019-07-25,48.34999847412109,49.400001525878906,48.34999847412109,48.79999923706055,677095,48.27999973297119,44.7739998626709,47.39193994659083,53.46821045046287,1.0960597257315214,1.3033575552249115,0.007223910600819172,47.89999961853027,47.14999961853027,47.52499961853027,44.79999923706055,39.75,1,1,0,1,2.7250003814697266,-9.049999237060547,52.17992278605251,48.27999973297119,44.380076679889875,0.5666679184450197,16.155439414462116,0.5199995040893555,0,0,0,0.013893282336201018,1
2019-07-26,48.79999923706055,50.34999847412109,48.20000076293945,49.59999847412109,777960,48.5399995803833,45.033999862670896,47.602231234927046,65.47231424162072,1.1436406558330106,1.2714141753465313,0.0163934272452404,47.52499961853027,47.22500038146973,47.375,44.79999923706055,40.95000076293945,1,1,0,1,2.575000762939453,-8.649997711181634,52.04379784159321,48.5399995803833,45.036201319173394,0.6512642587721007,14.436746153685236,1.0599988937377844,0,0,0,0.08459634032708097,0
2019-07-29,49.04999923706055,50.04999923706055,48.54999923706055,48.79999923706055,328736,48.70499954223633,45.26199981689453,47.716304377987385,46.491230711933106,1.1040686174195713,1.2379450637611393,-0.01612901737240857,47.52499961853027,47.22500038146973,47.375,44.79999923706055,41.25,1,1,0,1,2.575000762939453,-7.549999237060547,51.919482825776626,48.70499954223633,45.49051625869603,0.5147768220339893,13.199808289712598,0.09499969482421733,0,0,1,-0.13648743673811137,0
2019-07-30,49.0,49.20000076293945,46.0,46.400001525878906,623197,48.514999580383304,45.327999877929685,47.5909422015961,39.84963203933789,0.8690300962045896,1.1641620702498294,-0.04918028173572164,47.52499961853027,47.375,47.44999980926514,45.29999923706055,41.150001525878906,1,0,0,1,2.15000057220459,-5.25,51.80195870383538,48.514999580383304,45.228040456931225,0.1782743601199468,13.550279921186013,-2.1149980545043974,0,0,1,-0.33650246191404254,1
2019-07-31,45.59999847412109,47.79999923706055,45.400001525878906,46.79999923706055,473057,48.25499954223633,45.39699989318848,47.515614300211766,40.07489384561752,0.7068882790938886,1.0727073120186414,0.008620640043698113,47.52499961853027,47.54999923706055,47.53749942779541,46.29999923706055,41.34999847412109,0,0,0,1,1.2375001907348633,-5.45000076293946,51.20337194925561,48.25499954223633,45.30662713521704,0.25325364229569275,12.219966573364703,-1.4550003051757798,0,0,1,0.07497928217574595,0
2019-08-01,46.0,47.75,45.09999847412109,45.59999847412109,503495,47.982499504089354,45.42999984741211,47.33317469772694,36.332170796089386,0.4760718284268819,0.9533802153002895,-0.025641042361154387,47.52499961853027,47.70000076293945,47.61250019073486,46.29999923706055,41.5,0,0,1,1,1.3125009536743164,-4.099998474121087,50.85361013289438,47.982499504089354,45.11138887528433,0.08509069520600851,11.967324163929119,-2.3825010299682674,0,0,1,-0.16816294708968424,1
2019-08-02,45.400001525878906,48.150001525878906,45.0,46.84999847412109,932015,47.94499950408935,45.498999786376956,47.28715791452638,44.36859312864672,0.3895225086344638,0.8406086739671245,0.027412281619031198,47.67499923706055,48.29999923706055,47.98749923706055,46.29999923706055,42.34999847412109,0,0,0,1,1.6875,-4.5,50.85444989064481,47.94499950408935,45.0355491175339,0.3118199514540176,12.136616609234926,-1.095001029968266,0,0,1,0.22672925624800908,0
2019-08-05,46.09999847412109,47.70000076293945,45.09999847412109,45.79999923706055,767973,47.99249954223633,45.568999786376956,47.14552375476774,38.66665581596669,0.23351358665399147,0.719189656504498,-0.022411937486839784,47.67499923706055,48.625,48.14999961853027,46.29999923706055,44.400001525878906,0,0,1,1,1.8500003814697266,-1.3999977111816406,50.72385003079353,47.99249954223633,45.261149053679134,0.09864171325483283,11.382405645088111,-2.192500305175784,0,0,1,-0.21317823819918474,1
2019-08-06,45.95000076293945,48.150001525878906,45.5,47.5,584382,47.88749961853027,45.655999755859376,47.17928339717081,47.02193989995683,0.2442358472552968,0.6241988946546577,0.037117921206510474,47.67499923706055,48.625,48.14999961853027,46.29999923706055,45.5,0,0,0,1,1.8500003814697266,-2.0,50.523382042320634,47.88749961853027,45.25161719473991,0.4264952763004787,11.008645031741843,-0.3874996185302706,0,0,1,0.32785356304564583,1
2019-08-07,47.650001525878906,49.34999847412109,47.20000076293945,47.79999923706055,1046474,47.822499656677245,45.71199974060059,47.23839919144603,50.98039020135878,0.27378472735225756,0.5541160611941778,0.006315773411800896,47.67499923706055,48.625,48.14999961853027,46.29999923706055,50.20000076293945,0,0,0,1,1.8500003814697266,2.4000015258789062,50.39902381535944,47.822499656677245,45.24597549799505,0.4956335709989605,10.775363802307847,-0.022500419616697798,0,0,1,0.06913829469848182,0
2019-08-08,48.5,49.400001525878906,46.70000076293945,47.34999847412109,860687,47.717499542236325,45.76499969482422,47.24902769455794,55.516014814609655,0.2579180087053885,0.49487645069641994,-0.009414242052760646,47.52499961853027,48.32500076293945,47.92500019073486,46.29999923706055,52.0,0,0,0,1,1.6250009536743164,4.650001525878913,50.189194537066584,47.717499542236325,45.24580454740607,0.42565808708519953,10.359700397303845,-0.36750106811523864,0,0,1,-0.06997548391376096,0
2019-08-09,47.45000076293945,48.09999847412109,46.04999923706055,46.400001525878906,599088,47.55999965667725,45.80099975585937,47.16816805944565,48.571435578021116,0.16676434997749823,0.4292540305526356,-0.02006329416803243,47.20000076293945,48.125,47.66250038146973,46.29999923706055,51.04999923706055,0,0,0,1,1.3625011444091797,4.649997711181641,49.944449377258366,47.55999965667725,45.17554993609613,0.25675768694429874,10.027122530672049,-1.1599981307983427,0,0,1,-0.1689004001409008,1
2019-08-13,47.0,47.400001525878906,45.900001525878906,46.5,393919,47.45999965667725,45.864999771118164,47.10453300616511,40.49586073376567,0.1014243036108553,0.3636880851642796,0.0021551394575993754,47.20000076293945,48.125,47.66250038146973,46.29999923706055,47.59999847412109,0,0,0,1,1.3625011444091797,1.0999984741210866,49.846126265916816,47.45999965667725,45.07387304743768,0.29883723416856145,10.055316588709072,-0.9599996566772475,0,0,1,0.042079547224262714,1
2019-08-14,46.5,47.0,46.29999923706055,46.59999847412109,219496,47.32999954223633,45.91499977111816,47.056482098351395,42.19407462586144,0.05705321332630575,0.3023611107966848,0.0021505048198082743,47.20000076293945,48.125,47.66250038146973,46.29999923706055,44.84999847412109,0,0,0,1,1.3625011444091797,-1.75,49.60341101250371,47.32999954223633,45.056588071968946,0.3394480986696647,9.606640575766908,-0.7300010681152429,0,0,1,0.04061086450110324,1
2019-08-16,45.20000076293945,47.650001525878906,45.20000076293945,46.84999847412109,348501,47.24999942779541,45.947999725341795,47.036816991281846,41.70211633117314,0.04158237947570598,0.25020536453248904,0.005364807042619102,47.20000076293945,48.85000038146973,48.02500057220459,46.29999923706055,49.59999847412109,0,0,0,1,1.725001335144043,2.75,49.472160380135286,47.24999942779541,45.02783847545553,0.4099973039187077,9.405972398944252,-0.4000009536743221,0,0,1,0.07054920524904301,0
2019-08-19,47.29999923706055,47.400001525878906,46.09999847412109,46.34999847412109,289088,47.19249935150147,45.987999725341794,46.9714057039332,35.80784702283421,-0.010898557352824412,0.19798458015542636,-0.010672358938841553,47.25,47.89999961853027,47.57499980926514,46.29999923706055,49.09999847412109,0,0,0,1,1.2750005722045898,2.75,49.445114398310665,47.19249935150147,44.93988430469227,0.3129949281450078,9.546496065110517,-0.842500877380381,0,0,1,-0.09700237577369991,0
2019-08-20,46.29999923706055,46.650001525878906,45.400001525878906,45.79999923706055,298641,47.19249935150147,46.038999710083004,46.859843183278656,36.60713008470678,-0.0957664833816878,0.13923436744800355,-0.011866219097453112,47.30000114440918,47.89999961853027,47.60000038146973,46.29999923706055,49.45000076293945,0,0,1,1,1.3000011444091797,3.6500015258789062,49.445114398310665,47.19249935150147,44.93988430469227,0.19091476228630785,9.546496065110517,-1.3925001144409208,0,0,1,-0.12208016585869993,0
2019-08-21,45.900001525878906,45.900001525878906,43.79999923706055,44.09999847412109,310844,47.057499313354484,46.06299964904785,46.59700083002555,39.047596557324,-0.29677968875694205,0.05203155620701443,-0.037117921206510585,46.60000038146973,47.44999885559082,47.02499961853027,46.29999923706055,49.54999923706055,0,0,1,1,0.7250003814697266,5.45000076293946,49.681099049454645,47.057499313354484,44.43389957725432,-0.06363415473382425,11.150612652107537,-2.957500839233397,0,1,1,-0.2545489170201321,0
2019-08-22,43.59999847412109,44.5,43.20000076293945,43.5,486726,46.79249935150146,46.08199966430664,46.302048370023115,34.579432921714144,-0.4987496887528309,-0.05812469278495463,-0.01360540804719479,46.30000114440918,46.77499961853027,46.53750038146973,46.29999923706055,48.5,0,0,1,1,0.2375011444091797,5.0,49.71247790145978,46.79249935150146,43.872520801543146,-0.06378827706601889,12.480541071438282,-3.292499351501462,0,1,1,-0.00015412233219463944,1
2019-08-23,43.0,44.0,42.75,43.84999847412109,394426,46.56249923706054,46.09599960327149,46.06851980850864,41.11674301232011,-0.6233844294037425,-0.1711766401087122,0.008045941933818135,45.42499923706055,46.54999923706055,45.98749923706055,46.29999923706055,49.20000076293945,0,0,1,0,0.3125,5.3500022888183665,49.64419919301639,46.56249923706054,43.480799281104694,0.05990187206623723,13.23683224247133,-2.712500762939456,0,0,0,0.12369014913225612,0
2019-08-26,45.0,45.0,42.5,43.650001525878906,445215,46.30499935150146,46.10099960327148,45.838184733972476,31.818173936564932,-0.729882806931279,-0.2829178734732256,-0.004560933984073312,45.07500076293945,46.42499923706055,45.75,46.29999923706055,48.45000076293945,0,0,1,0,0.5499992370605469,4.799999237060547,49.45569724051177,46.30499935150146,43.15430146249115,0.07866512132387701,13.608456681289846,-2.6549978256225515,0,0,0,0.01876324925763978,1
2019-08-27,43.54999923706055,45.5,43.5,44.95000076293945,469164,46.07249946594238,46.147999649047854,45.75359578435028,45.303869499241266,-0.7013003110755847,-0.36659436099369747,0.02978234115959455,45.07500076293945,46.42499923706055,45.75,46.29999923706055,47.5,0,0,1,0,0.5499992370605469,2.549999237060547,48.88434455272474,46.07249946594238,43.260654379160016,0.30039819613828406,12.206175568403573,-1.1224987030029254,0,0,1,0.22173307481440704,0
2019-08-28,45.0,45.20000076293945,43.5,44.04999923706055,292461,45.834999465942374,46.19599960327148,45.59134849413221,29.090875462677104,-0.7427095849217196,-0.44181740577930184,-0.020022280547344118,45.07500076293945,46.42499923706055,45.75,46.29999923706055,45.79999923706055,0,0,1,0,0.5499992370605469,1.75,48.48284731408952,45.834999465942374,43.18715161779523,0.1629337614449981,11.553825151081865,-1.7850002288818274,0,0,1,-0.13746443469328595,0
2019-08-29,44.150001525878906,44.29999923706055,43.0,43.400001525878906,175387,45.684999465942376,46.24799964904785,45.38264878286999,24.41857937798153,-0.8185404905658444,-0.5171620227366104,-0.014755907433359972,44.95000076293945,46.42499923706055,45.6875,46.29999923706055,46.79999923706055,0,0,1,0,0.6124992370605469,3.3999977111816406,48.52103468346235,45.684999465942376,42.848964248422405,0.09714923038550402,12.415607970551477,-2.2849979400634695,0,0,1,-0.06578453105949408,1
2019-08-30,46.0,47.84999847412109,45.5,46.400001525878906,1922577,45.664999580383295,46.38099967956543,45.47953952029941,45.73991875198007,-0.6293078327022172,-0.5395911847297318,0.06912442153282261,45.17499923706055,46.42499923706055,45.79999923706055,46.29999923706055,48.79999923706055,0,1,0,0,0.5,2.3999977111816406,48.474821009682316,45.664999580383295,42.855178151084274,0.6307915759043405,12.306236527399683,0.7350019454956112,0,0,1,0.5336423455188365,0
2019-09-03,46.0,46.20000076293945,43.5,44.45000076293945,337233,45.60749969482421,46.45099967956543,45.38148821007465,41.9752989516324,-0.6294326450070571,-0.5575594767851969,-0.042025877129591716,45.17499923706055,46.42499923706055,45.79999923706055,46.29999923706055,48.45000076293945,0,0,1,0,0.5,4.0,48.46691762749962,45.60749969482421,42.74808176214881,0.29759885418327964,12.539244430450145,-1.15749893188476,0,0,0,-0.3331927217210609,0
2019-09-04,44.79999923706055,44.79999923706055,43.5,43.84999847412109,266067,45.457499694824214,46.50299964904785,45.23563204474574,39.52568061469424,-0.6702208412769153,-0.5800917496835406,-0.013498363971202076,45.17499923706055,46.42499923706055,45.79999923706055,47.14999961853027,48.79999923706055,0,0,1,0,1.3500003814697266,4.95000076293946,48.35495933708834,45.457499694824214,42.56004005256009,0.22260162018218843,12.747993891947509,-1.6075012207031278,0,0,0,-0.0749972340010912,1
2019-09-05,44.150001525878906,45.900001525878906,44.150001525878906,45.04999923706055,299542,45.41999969482421,46.580999603271486,45.217952729728104,44.36363757425139,-0.5988130043731985,-0.5838360006214722,0.02736603887563782,45.17499923706055,46.27499961853027,45.72499942779541,47.22500038146973,49.59999847412109,0,0,1,0,1.5000009536743164,4.54999923706054,48.318171103812716,45.41999969482421,42.52182828583571,0.436166567543912,12.761653141617089,-0.3700004577636662,0,0,0,0.21356494736172354,1
2019-09-06,45.25,45.79999923706055,44.75,45.09999847412109,278208,45.299999618530265,46.65599960327148,45.20671899109886,43.542433242775296,-0.5320540704594947,-0.5734796145890768,0.0011098609968323014,45.17499923706055,45.95000076293945,45.5625,47.22500038146973,48.79999923706055,0,0,1,0,1.6625003814697266,3.7000007629394602,48.03806414388027,45.299999618530265,42.56193509318026,0.4634776422254672,12.088585202680582,-0.20000114440917827,0,0,1,0.027311074681555247,1
2019-09-09,45.45000076293945,45.900001525878906,45.0,45.5,337267,45.18499965667724,46.73599960327149,45.234650515756115,46.840153654339026,-0.4417778145258282,-0.5471392545764271,0.008869213734196357,45.42499923706055,45.95000076293945,45.6875,47.375,46.400001525878906,0,0,1,0,1.6875,0.9000015258789062,47.675400787431606,45.18499965667724,42.69459852592288,0.5632428927679096,11.023132232718048,0.31500034332275817,0,0,1,0.0997652505424424,1
2019-09-11,45.54999923706055,49.09999847412109,45.5,48.29999923706055,1040310,45.23249969482421,46.85499961853027,45.52658848921368,57.961784987098056,-0.142652286669545,-0.4662418609950507,0.06153844477056136,46.04999923706055,45.95000076293945,46.0,47.54999923706055,46.79999923706055,1,1,0,0,1.5499992370605469,-1.5,47.91508674444959,45.23249969482421,42.54991264519884,1.0717427776788662,11.861325673904041,3.067499542236334,1,0,1,0.5084998849109565,1
2019-09-12,49.04999923706055,50.25,48.400001525878906,48.900001525878906,922820,45.35749969482421,46.944999618530275,45.847865921277034,66.4383683336199,0.14119441815685718,-0.34475460516466916,0.012422407832213267,46.625,46.375,46.5,47.70000076293945,45.59999847412109,1,1,0,0,1.2000007629394531,-3.3000030517578196,48.44801342394313,45.35749969482421,42.266985965705295,1.073125075885787,13.62735490233197,3.542501831054693,1,0,0,0.0013822982069209289,1
2019-09-13,49.25,50.59999847412109,48.0,50.25,706131,45.54499969482421,47.039999618530274,46.26711678591732,71.98697286967155,0.46966457037915177,-0.18187077005590496,0.02760732989766157,47.04999923706055,46.54999923706055,46.79999923706055,48.25,46.84999847412109,1,1,0,0,1.4500007629394531,-3.4000015258789134,49.278215542807864,45.54499969482421,41.81178384684056,1.1301537999359195,16.39352672301323,4.705000305175787,1,0,0,0.05702872405013237,1
2019-09-16,49.95000076293945,57.5,49.84999847412109,55.54999923706055,5344257,45.99249973297118,47.1469995880127,47.15120082888334,78.81773695237247,1.144452639374336,0.08339391183014322,0.10547262163304572,50.5,50.0,50.25,50.0,45.79999923706055,1,1,0,1,0.25,-9.75,51.731251697835724,45.99249973297118,40.25374776810664,1.3327158555209453,24.95516442108292,9.557499504089364,1,0,0,0.20256205558502582,0
2019-09-17,55.900001525878906,57.20000076293945,53.34999847412109,54.84999847412109,1969318,46.39249973297119,47.203999557495116,47.884419652239316,76.92306563699195,1.6042500383882157,0.3875651371417577,-0.01260127403336575,50.5,50.0,50.25,50.0,47.5,1,1,0,1,0.25,-7.349998474121087,53.308948972712386,46.39249973297119,39.47605049322999,1.1114046708066612,29.817100951883702,8.457498741149898,1,0,0,-0.22131118471428413,0
2019-09-18,55.59999847412109,55.70000076293945,52.0,53.04999923706055,1049757,46.72749977111816,47.243999557495115,48.376379612698486,69.01407820092454,1.8026184313727498,0.6705757959879561,-0.03281676002069178,50.82500076293945,50.0,50.41250038146973,50.0,47.79999923706055,1,1,0,1,0.41250038146972656,-5.25,54.22766434542399,46.72749977111816,39.227335196812334,0.921490715523903,32.101715739311224,6.322499465942386,0,0,0,-0.18991395528275812,0
2019-09-19,53.09999847412109,53.29999923706055,48.84999847412109,50.150001525878906,1387090,46.944999885559085,47.29499961853028,48.54529598538234,63.09013409561792,1.706153754541326,0.8776913876986301,-0.054665367632196205,51.125,50.0,50.5625,50.0,47.34999847412109,1,0,0,1,0.5625,-2.8000030517578196,54.57611354260008,46.944999885559085,39.313886228518086,0.7099956693321336,32.510868785361026,3.2050016403198214,0,0,0,-0.2114950461917694,1
2019-09-20,50.5,53.400001525878906,49.20000076293945,51.59999847412109,1461426,47.319999885559085,47.429999618530275,48.83622003192889,67.01244287846626,1.7268019408774293,1.0475134983343901,0.028913198487021674,51.25,50.0,50.625,50.0,46.400001525878906,1,1,0,1,0.625,-5.19999694824218,55.09086801031605,47.319999885559085,39.54913176080212,0.7753874161708193,32.843905932165676,4.279998588562002,0,0,0,0.06539174683868565,1
2019-09-23,52.5,54.5,51.70000076293945,52.20000076293945,1072941,47.75499992370605,47.48199966430664,49.15658010154894,63.3640530717541,1.7711640706946241,1.192243612806437,0.011627951677542825,51.5,50.0,50.75,50.0,46.5,1,1,0,1,0.75,-5.700000762939453,55.59552880683154,47.75499992370605,39.914471040580565,0.7834630740790971,32.83647323066321,4.445000839233401,0,0,0,0.0080756579082778,1
2019-09-24,52.0,53.5,51.29999923706055,52.70000076293945,763788,48.19750003814697,47.553999710083005,49.494048735967084,70.37037037037035,1.8256225590619977,1.3189194020575492,0.009578543921305638,52.75,50.0,51.375,50.0,46.59999847412109,1,1,0,1,1.375,-6.1000022888183665,56.105184095932536,48.19750003814697,40.2898159803614,0.7846914907000814,32.81366897256852,4.502500724792483,0,0,0,0.001228416620984274,0
2019-09-25,52.59999847412109,53.84999847412109,51.400001525878906,52.54999923706055,910875,48.642499923706055,47.61599967956543,49.78509164083313,71.96969974285473,1.8355187167262983,1.4222392649912992,-0.0028463287230992007,52.75,50.0,51.375,50.0,46.84999847412109,1,1,0,1,1.375,-5.70000076293946,56.4778217981831,48.642499923706055,40.80717804922901,0.7493515503225763,32.21595060601924,3.907499313354492,0,0,0,-0.0353399403775051,1
2019-09-26,52.59999847412109,60.45000076293945,52.09999847412109,59.150001525878906,6024700,49.35249996185303,47.807999725341794,50.6769878203613,77.97619417050697,2.348850433471867,1.607561498687413,0.1255947171196865,54.64999961853027,51.47500038146973,53.0625,51.47500038146973,46.34999847412109,1,1,0,1,1.5874996185302734,-12.80000305175782,58.225519551229844,49.35249996185303,40.47948037247621,1.0520951162869006,35.95773100140909,9.797501564025879,1,0,0,0.3027435659643243,0
2019-09-27,59.150001525878906,60.04999923706055,56.0,57.34999847412109,2026755,50.017499923706055,47.98499969482422,51.3125126445289,72.72726886689496,2.580675889089889,1.8021843767679084,-0.03043115816269748,54.64999961853027,51.47500038146973,53.0625,51.47500038146973,45.79999923706055,1,1,0,1,1.5874996185302734,-11.54999923706054,59.18975540095199,50.017499923706055,40.84524444646012,0.8997107673573377,36.676185300092115,7.332498550415032,0,0,0,-0.15238434892956287,1
2019-09-30,57.54999923706055,61.45000076293945,55.79999923706055,58.25,4085782,50.75999984741211,48.16599967956543,51.97322572600234,73.22403984294289,2.804691101235761,2.002685721661479,0.015693139491277153,55.14999961853027,51.97500038146973,53.5625,51.97500038146973,44.09999847412109,1,1,0,1,1.5874996185302734,-14.150001525878913,60.07244316188342,50.75999984741211,41.4475565329408,0.9021501071017857,36.6920541468287,7.490000152587889,0,0,0,0.002439339744447988,0
2019-10-01,58.75,59.29999923706055,55.900001525878906,56.5,1433723,51.26499977111816,48.32699966430664,52.404347085430686,65.53030133356876,2.8086381637291424,2.1638762100750117,-0.030042918454935674,55.14999961853027,51.97500038146973,53.5625,51.97500038146973,43.5,1,1,0,1,1.5874996185302734,-13.0,60.67186450231615,51.26499977111816,41.85813503992018,0.7782542525311272,36.69897502466255,5.235000228881837,0,0,0,-0.12389585457065844,1
2019-10-03,56.70000076293945,63.25,55.0,61.20000076293945,3183487,52.10249977111816,48.60099967956543,53.24202838805057,70.16393065356512,3.154652154877482,2.362031399035506,0.08318585421131774,56.22500038146973,52.875,54.55000019073486,52.875,43.84999847412109,1,1,0,1,1.6750001907348633,-17.350002288818366,61.90737028103616,52.10249977111816,42.297629261200164,0.9639276460927672,37.63685256173871,9.097500991821292,0,0,0,0.18567339356163992,1
2019-10-04,61.84999847412109,66.0,61.20000076293945,65.1500015258789,6352717,53.16749992370605,48.987999725341794,54.37612106784374,72.50755102473582,3.704895061739549,2.6306041315763147,0.06454249532185363,58.64999961853027,54.5,56.57499980926514,54.25,43.650001525878906,1,1,0,1,2.3249998092651367,-21.5,63.75169990730994,53.16749992370605,42.583299940102165,1.0660560845758342,39.81454835676657,11.982501602172853,1,0,0,0.10212843848306707,1
2019-10-07,65.44999694824219,68.69999694824219,62.59999847412109,68.05000305175781,4496152,54.31750011444092,49.41299980163574,55.67839554250222,70.35830683651963,4.325115181012258,2.9695063414635032,0.04451268546366749,59.99999809265137,55.849998474121094,57.92499828338623,55.599998474121094,44.95000076293945,1,1,0,1,2.3249998092651367,-23.10000228881836,66.05863736472106,54.31750011444092,42.576362864160764,1.0848029302693498,43.231508171557536,13.732502937316895,1,0,0,0.01874684569351559,1
2019-10-09,68.30000305175781,74.30000305175781,67.5,71.44999694824219,6942443,55.63500003814697,49.86599975585938,57.18045281923936,74.85029598166204,5.032978147329942,3.3822007026367906,0.04996317037485487,62.85000228881836,58.650001525878906,60.75000190734863,58.400001525878906,44.04999923706055,1,1,0,1,2.3500003814697266,-27.39999771118164,68.77361115151194,55.63500003814697,42.496388924782,1.101851929920041,47.231458989327884,15.814996910095218,1,0,0,0.017048999650691288,1
2019-10-10,71.4000015258789,74.5,70.55000305175781,73.80000305175781,3267575,57.05000019073486,50.37299980163574,58.76326712709827,80.5596446028901,5.717680637490865,3.8492966896076055,0.03289021978850393,63.29999923706055,59.0,61.14999961853027,58.5,43.400001525878906,1,1,0,1,2.6499996185302734,-30.400001525878906,71.5435857375619,57.05000019073486,42.55641464390783,1.077841929000443,50.810115682281264,16.75000286102295,1,0,0,-0.02401000091959804,1
2019-10-11,74.5999984741211,79.3499984741211,74.19999694824219,78.75,6379751,58.572500228881836,50.97199981689453,60.66676549594605,89.72221168471194,6.583841255140641,4.396205602714213,0.06707312660638554,67.17499923706055,61.42499923706055,64.29999923706055,60.92499923706055,46.400001525878906,1,1,0,1,3.375,-32.349998474121094,75.29546323024991,58.572500228881836,41.84953722751377,1.1032872215727405,57.10175572502555,20.177499771118164,1,0,0,0.02544529257229744,1
2019-10-14,79.44999694824219,81.25,72.19999694824219,79.1500015258789,5291524,60.08500022888184,51.562999877929684,62.42707368927299,89.4134383824554,7.21933654732792,4.960831791636955,0.005079384455605185,68.125,62.375,65.25,61.875,44.45000076293945,1,1,0,1,3.375,-34.70000076293945,78.42844952934848,60.08500022888184,41.74155092841519,1.0196678384940412,61.05833146572667,19.065001296997067,1,0,0,-0.08361938307869932,1
2019-10-15,79.80000305175781,81.19999694824219,77.75,79.94999694824219,2719906,61.570000076293944,52.18599983215332,64.09592352346053,89.47367278671351,7.698777376354585,5.508420908580481,0.010107332999882646,68.125,62.70000076293945,65.41250038146973,61.875,43.84999847412109,1,1,0,1,3.5375003814697266,-36.0999984741211,81.24839958141513,61.570000076293944,41.89160057117276,0.9670094452337183,63.92203826778257,18.379996871948244,0,0,0,-0.052658393260322844,1
2019-10-16,80.5999984741211,81.0,79.30000305175781,80.25,1511651,62.805000114440915,52.862999801635745,65.63440699741666,89.41343722696132,8.010604168166935,6.0088575604977725,0.0037523835298207686,68.125,63.0,65.5625,61.875,45.04999923706055,1,1,0,1,3.6875,-35.20000076293945,83.86868697394677,62.805000114440915,41.741313254935065,0.9141012919988011,67.07646467995984,17.444999885559085,0,0,0,-0.052908153234917266,1
2019-10-17,80.44999694824219,92.9000015258789,80.25,88.8499984741211,8398359,64.50500011444092,53.703999786376954,67.84541570948375,91.82027047255039,8.849663736118828,6.577018795621984,0.10716509002020058,77.05000114440918,68.95000076293945,73.00000095367432,67.70000076293945,45.09999847412109,1,1,0,1,5.300000190734863,-43.75000000000001,88.0662157411222,64.50500011444092,40.94378448775963,1.0166329009805273,73.0523698469278,24.344998359680176,1,0,0,0.1025316089817262,1
2019-10-18,89.0,93.0,88.0,89.5999984741211,3174728,66.33250007629394,54.58399978637695,69.9172807346873,90.54593138950055,9.46602477954417,7.154819992406422,0.008441193166913274,77.79999923706055,69.25,73.52499961853027,67.75,45.5,1,1,0,1,5.774999618530273,-44.099998474121094,91.65996021107637,66.33250007629394,41.00503994151151,0.959333432448556,76.36516068488729,23.267498397827154,0,0,0,-0.05729946853197132,0
2019-10-22,90.0,91.25,84.0,86.5999984741211,2692862,68.15499992370606,55.37899978637695,71.50611099558574,87.74193548387098,9.60173756536696,7.64420350699853,-0.03348214342734035,80.25,70.5,75.375,67.75,48.29999923706055,1,1,0,1,7.625,-38.29999923706055,93.80600108346732,68.15499992370606,42.50399876394479,0.8595375953463702,75.27254402017596,18.444998550415036,0,0,0,-0.09979583710218576,1
2019-10-23,86.55000305175781,89.80000305175781,85.0,86.6500015258789,1917829,69.90750007629394,56.19599983215332,72.94838628418509,87.46701897424305,9.60263258328439,8.035889322255702,0.0005774024554141555,81.7750015258789,70.5,76.13750076293945,67.75,48.900001525878906,1,1,0,1,8.387500762939453,-37.75,95.58410880121156,69.90750007629394,44.23089135137633,0.8260263383874633,73.45880970395253,16.742501449584964,0,0,0,-0.03351125695890689,0
2019-10-24,87.3499984741211,87.75,85.0999984741211,86.1500015258789,1196231,71.60500011444091,56.9689998626709,74.20568297387021,90.45020503606632,9.454016057911602,8.319514669386884,-0.00577034034847268,82.5999984741211,70.92499923706055,76.76249885559082,67.75,50.25,1,1,0,1,9.01249885559082,-35.900001525878906,96.85999713237666,71.60500011444091,46.350003096505155,0.7879628415934545,70.53975833411796,14.545001411437994,0,0,0,-0.03806349679400878,1
2019-10-25,85.9000015258789,93.0999984741211,85.0,88.94999694824219,3192580,73.41749992370606,57.79199981689453,75.60990335238182,89.92805644830459,9.453201992717894,8.546252134053086,0.03250139724631551,82.64999771118164,70.9749984741211,76.81249809265137,67.79999923706055,55.54999923706055,1,1,0,1,9.01249885559082,-33.39999771118164,98.18369129578548,73.41749992370606,48.65130855162664,0.8135826738794999,67.46672495744455,15.532497024536127,0,0,0,0.025619832286045363,1
2019-10-27,90.0,91.5,89.5,90.1999969482422,678001,75.29999980926513,58.648999786376955,76.99943607579709,89.07956162278316,9.444550494429748,8.725911806128419,0.01405283915554656,85.42499923706055,70.9749984741211,78.19999885559082,67.79999923706055,54.84999847412109,1,1,0,1,10.399999618530273,-35.349998474121115,99.14174756600949,75.29999980926513,51.45825205252078,0.8124770316966834,63.32469539743823,14.89999713897707,0,0,0,-0.001105642182816502,0
2019-10-29,90.3499984741211,92.6999969482422,87.0999984741211,89.5,1977567,76.81749973297119,59.51099975585937,78.18996597334022,85.92965414934395,9.274301837570079,8.835589812416751,-0.007760498580103858,86.20000076293945,70.9749984741211,78.58749961853027,67.79999923706055,53.04999923706055,1,1,0,1,10.787500381469727,-36.45000076293945,100.21367942528701,76.81749973297119,53.42132004065535,0.7710378453622969,60.913671425506834,12.682500267028814,0,0,0,-0.04143918633438648,1
2019-10-30,89.5999984741211,92.0,89.5,89.9000015258789,1188364,78.44499988555908,60.37899978637695,79.30520745453438,84.35755237643573,9.06713504195163,8.881898858323728,0.004469290791943026,86.67499923706055,71.14999961853027,78.91249942779541,67.79999923706055,50.150001525878906,1,1,0,1,11.112500190734863,-39.75,100.69853548752711,78.44499988555908,56.19146428359106,0.7573748694411233,56.73665787349863,11.455001640319821,0,0,0,-0.013662975921173603,0
2019-10-31,90.5500030517578,91.75,88.5999984741211,89.69999694824219,1051707,80.01749973297119,61.24099975585938,80.29518740631609,82.1862264392221,8.78554091905501,8.862627270469986,-0.002224744986006999,88.54999923706055,72.19999885559082,80.37499904632568,67.79999923706055,51.59999847412109,1,1,0,1,12.574999809265137,-38.0999984741211,100.73213734525564,80.01749973297119,59.30286212068674,0.7337114796912731,51.7752683635752,9.682497215270999,0,0,0,-0.02366338974985016,1
2019-11-01,90.25,91.0,88.0999984741211,89.94999694824219,937093,81.6899995803833,62.102999725341796,81.21469307697572,77.99999237060543,8.484741638505753,8.787050144077138,0.002787068099280532,88.54999923706055,72.19999885559082,80.37499904632568,67.79999923706055,52.20000076293945,1,1,0,1,12.574999809265137,-37.749996185302734,99.77379149187435,81.6899995803833,63.60620766889225,0.7283812324397022,44.274187793810725,8.259997367858887,0,0,0,-0.005330247251570941,1
2019-11-04,89.69999694824219,95.8499984741211,89.5999984741211,92.6500015258789,3284998,83.26249961853027,63.02899978637695,82.30377007210936,80.26905415364021,8.367765454656066,8.703193206192925,0.030016727840361357,90.42499923706055,73.625,82.02499961853027,69.17499923706055,52.70000076293945,1,1,0,1,12.850000381469727,-39.95000076293945,99.2996072953997,83.26249961853027,67.22539194166085,0.792680640939026,38.52180213263818,9.387501907348636,0,0,0,0.0642994084993238,0
2019-11-05,93.1999969482422,93.5999984741211,90.0999984741211,90.6999969482422,963016,84.53999938964844,63.926999740600586,83.10341072697915,72.9210968102966,8.025202376162866,8.567595040186914,-0.02104699995166248,90.42499923706055,73.9749984741211,82.19999885559082,69.17499923706055,52.54999923706055,1,1,0,1,13.024999618530273,-38.149997711181655,98.54398296052254,84.53999938964844,70.53601581877435,0.7199373316677372,33.12984071913496,6.1599975585937585,0,0,0,-0.0727433092712888,0
2019-11-06,90.0,92.1999969482422,89.1500015258789,90.3000030517578,1188174,85.65249938964844,64.85099983215332,83.78880047219616,71.3375833320914,7.633448857097775,8.380765803569087,-0.004410076184596323,90.42499923706055,75.42499923706055,82.92499923706055,69.17499923706055,59.150001525878906,1,1,0,1,13.75,-31.150001525878892,97.62799367782233,85.65249938964844,73.67700510147455,0.6940422478719266,27.962976850670145,4.647503662109358,0,0,0,-0.025895083795810625,0
2019-11-07,90.4000015258789,91.1999969482422,88.30000305175781,88.69999694824219,911495,86.51499938964844,65.75499977111816,84.25653346991483,49.54682347713004,7.111892777127039,8.126991198280678,-0.01771878238584912,91.4749984741211,75.42499923706055,83.44999885559082,69.17499923706055,57.34999847412109,1,1,0,1,14.274999618530273,-31.3499984741211,96.6121312398514,86.51499938964844,76.41786753944548,0.6081989217834087,23.341922028403975,2.18499755859375,0,0,0,-0.08584332608851786,0
2019-11-08,88.80000305175781,89.5999984741211,83.5999984741211,86.69999694824219,1403419,87.15999908447266,66.61199974060058,84.48924427737458,41.85393318626042,6.462674848065902,7.794127928237723,-0.02254791509369536,89.7249984741211,75.42499923706055,82.57499885559082,69.17499923706055,58.25,1,1,0,1,13.399999618530273,-28.449996948242188,95.4038205053862,87.15999908447266,78.91617766355913,0.4721001879623748,18.916524799234768,-0.4600021362304716,0,0,0,-0.13609873382103393,1
2019-11-11,86.80000305175781,95.25,85.19999694824219,93.8499984741211,4135563,87.91499900817871,67.61599967956543,85.38074467706473,66.51479719377468,6.450750098323837,7.525452362254946,0.08246830193255117,89.7249984741211,75.42499923706055,82.57499885559082,69.17499923706055,56.5,1,1,0,1,13.399999618530273,-37.349998474121094,95.6922796079296,87.91499900817871,80.13771840842782,0.8815600703755294,17.692727492443872,5.934999465942383,0,0,0,0.4094598824131546,1
2019-11-13,95.0,99.8000030517578,94.0,96.0,6684791,88.75749893188477,68.63699966430664,86.39210232686808,69.43865763321375,6.539404617276091,7.328242813259175,0.022908913807513365,91.70000076293945,80.50000190734863,86.10000133514404,71.1500015258789,61.20000076293945,1,1,0,1,14.949999809265137,-34.79999923706055,96.19761190657066,88.75749893188477,81.31738595719888,0.9867198315910654,16.765035212169867,7.2425010681152315,0,0,0,0.10515976121553594,0
2019-11-14,96.6999969482422,98.5,93.5,95.0500030517578,1611104,89.51249923706055,69.65699974060058,87.2166643006671,68.16326276405087,6.458556924090871,7.154305635425515,-0.009895801544189564,91.70000076293945,81.20000076293944,86.45000076293945,71.4000015258789,65.1500015258789,1,1,0,1,15.049999237060547,-29.900001525878892,96.25637665396086,89.51249923706055,82.76862182016025,0.9105578639982498,15.068012790124754,5.537503814697246,0,0,0,-0.07616196759281557,1
2019-11-15,95.4000015258789,96.6999969482422,94.5,95.5,1053101,90.27499923706054,70.698999710083,88.00555341488928,64.78555382492559,6.357510118474011,6.994946532035215,0.004734318083053246,91.70000076293945,83.6500015258789,87.67500114440918,71.4000015258789,68.05000305175781,1,1,0,1,16.274999618530273,-27.449996948242188,96.03394985918858,90.27499923706054,84.5160486149325,0.9536417401169454,12.758683291716544,5.225000762939459,0,0,0,0.043083876118695574,0
2019-11-18,95.9499969482422,96.0,93.6500015258789,94.0500030517578,643258,90.53499946594238,71.65199974060059,88.58121528506723,58.61298669379331,6.0902228632907764,6.814001798286328,-0.01518321411771939,91.70000076293945,85.17500305175781,88.43750190734863,71.4000015258789,71.44999694824219,1,1,0,1,17.037500381469727,-22.60000610351561,96.479670787164,90.53499946594238,84.59032814472076,0.7956432236436155,13.132316466093085,3.515003585815421,0,0,0,-0.15799851647332985,1
2019-11-19,94.0500030517578,97.5999984741211,92.0,96.1999969482422,1471915,90.86499938964843,72.68699966430664,89.30681353870295,64.07562203599662,5.982915007088522,6.647784440046768,0.022860115116649427,91.70000076293945,86.0,88.85000038146973,71.6500015258789,73.80000305175781,1,1,0,1,17.19999885559082,-22.39999389648439,97.27960079914554,90.86499938964843,84.45039798015132,0.9158479395691729,14.118970896571373,5.33499755859377,0,0,0,0.12020471592555737,1
2019-11-20,96.8000030517578,100.9000015258789,95.5999984741211,98.75,2279188,91.47249946594238,73.78499969482422,90.20616463025505,67.05201717333772,6.034079579639098,6.525043467965234,0.02650730907122334,92.25,86.54999923706055,89.39999961853027,72.20000076293945,78.75,1,1,0,1,17.19999885559082,-20.0,98.43435886089523,91.47249946594238,84.51064007098952,1.0226693129807822,15.221753938285982,7.277500534057623,1,0,0,0.10682137341160935,0
2019-11-21,98.6500015258789,99.1999969482422,96.3000030517578,97.0,855172,91.98999938964843,74.823999710083,90.85319657023076,63.272732821377815,5.865800203949206,6.393194815162029,-0.017721518987341756,92.25,89.32500076293945,90.78750038146973,72.20000076293945,79.1500015258789,1,1,0,1,18.587499618530273,-17.849998474121094,98.97967868882724,91.98999938964843,85.00032009046963,0.8583855850825787,15.196606904131249,5.010000610351568,0,0,0,-0.16428372789820356,1
2019-11-22,97.4499969482422,106.6999969482422,95.3000030517578,106.6999969482422,4228833,93.0174991607666,76.05599967956543,92.3624156538509,72.6657664186855,6.4408995926109185,6.402735770651807,0.09999996853857951,95.94999694824219,93.0,94.4749984741211,75.42499923706055,79.94999694824219,1,1,0,1,19.049999237060547,-26.750000000000014,102.02240250348929,93.0174991607666,84.01259581804392,1.2597248558216403,19.361740369216072,13.682497787475597,1,0,0,0.4013392707390616,1
2019-11-25,107.6999969482422,117.3000030517578,106.6999969482422,114.3000030517578,6899872,94.28499946594238,77.43199974060059,94.4517096917468,75.86619153554646,7.424343764719097,6.607057369465266,0.07122780057062417,104.6500015258789,98.7750015258789,101.7125015258789,81.0250015258789,80.25,1,1,0,1,20.6875,-34.0500030517578,107.0106481975996,94.28499946594238,81.55935073428516,1.286404057186676,26.994004992817494,20.01500358581542,1,0,0,0.026679201365035654,1
2019-11-26,114.5,118.8499984741211,110.8499984741211,115.1500015258789,3410913,95.53249969482422,78.76899978637695,96.42297558071175,80.00001123346638,8.178046697899333,6.9212552351520795,0.007436556880372258,105.42499923706055,101.2249984741211,103.32499885559082,81.92499923706055,88.8499984741211,1,1,0,1,21.399999618530273,-26.300003051757812,111.00664979864565,95.53249969482422,80.0583495910028,1.1338797833623842,32.39557250831528,19.617501831054682,1,0,0,-0.1525242738242918,1
2019-11-27,115.8000030517578,126.6500015258789,115.4000015258789,125.9000015258789,5101074,97.35249977111816,80.30899978637696,99.23031138501338,84.83365903831701,9.532907438164187,7.443585675754501,0.09335649029569515,109.32500076293945,105.125,107.22500038146973,86.07500076293945,89.5999984741211,1,1,0,1,21.149999618530273,-36.30000305175781,117.43628784266905,97.35249977111816,77.26871169956728,1.2107100924650487,41.259932962726445,28.547501754760745,1,0,0,0.07683030910266453,1
2019-11-28,127.25,132.14999389648438,127.25,132.14999389648438,3053265,99.46499938964844,81.94699966430665,102.36551924324871,88.96861779418882,10.984345786304175,8.151737697864437,0.04964251227050842,112.07499694824219,107.87499618530273,109.97499656677246,90.07499694824219,86.5999984741211,1,1,0,1,19.899999618530273,-45.54999542236328,124.2958893900437,99.46499938964844,74.63410938925318,1.158151892789901,49.9288999201049,32.684994506835935,1,0,0,-0.05255819967514763,1
2019-11-29,136.0,138.75,132.35000610351562,137.10000610351562,5716364,101.8349998474121,83.57799980163574,105.67356561089318,92.93016335223392,12.391207622173567,8.999631682726264,0.037457528835821874,115.375,111.17499923706055,113.27499961853027,93.375,86.6500015258789,1,1,0,1,19.899999618530273,-50.45000457763672,131.1319823040912,101.8349998474121,72.53801739073302,1.1018538992582125,57.538140129773076,35.26500625610352,1,0,0,-0.05629799353168852,0
2019-12-02,138.0,138.6999969482422,130.25,131.3000030517578,3121254,103.90250015258789,85.10699989318847,108.11417870049934,82.65039718748712,12.889561151877743,9.77761757655656,-0.042304907319833385,117.0250015258789,111.17499923706055,114.10000038146973,93.79999923706055,86.1500015258789,1,1,0,1,20.30000114440918,-45.150001525878906,135.3127146536562,103.90250015258789,72.49228565151958,0.9361240974371265,60.460940699098245,27.397502899169922,0,0,0,-0.165729801821086,0
2019-12-03,132.0,132.0,124.75,124.75,1057611,105.50750007629395,86.54099990844726,109.69854263378511,73.27935222672062,12.610612122282063,10.344216485701661,-0.04988577988970677,117.0250015258789,111.17499923706055,114.10000038146973,93.79999923706055,88.94999694824219,1,1,0,1,20.30000114440918,-35.80000305175781,137.72391485031076,105.50750007629395,73.29108530227714,0.798644341070899,61.0694306105645,19.24249992370605,0,0,0,-0.13747975636622756,1
2019-12-04,119.5500030517578,130.9499969482422,118.5500030517578,128.5500030517578,6954803,107.40000038146972,88.10899993896484,111.49391981644918,75.92879011986415,12.551485779892559,10.785670344539842,0.03046094630667584,117.0250015258789,111.17499923706055,114.10000038146973,93.79999923706055,90.1999969482422,1,1,0,1,20.30000114440918,-38.35000610351561,140.35315061279857,107.40000038146972,74.44685015014088,0.8209101788723767,61.36527023144113,21.15000267028809,0,0,0,0.022265837801477728,1
2019-12-05,129.0,133.9499969482422,128.60000610351562,129.9499969482422,1769948,109.38250007629395,89.67599990844727,113.25164144804852,76.27764709716391,12.473805272271122,11.123297330086098,0.010890656267979137,122.7249984741211,111.17499923706055,116.94999885559082,93.79999923706055,89.5,1,1,0,1,23.149999618530273,-40.44999694824219,142.7502596250811,109.38250007629395,76.0147405275068,0.808194154328468,61.01114808221286,20.567496871948237,0,0,0,-0.012716024543908744,0
2019-12-06,129.60000610351562,131.25,123.5,126.4000015258789,1133254,111.26750030517579,91.15999992370605,114.5038662173657,73.9098283403186,11.98760233064391,11.296158330197661,-0.027318164722829552,124.79999923706055,111.17499923706055,117.98749923706055,93.97500038146973,89.9000015258789,1,1,0,1,24.01249885559082,-36.5,144.00219684940984,111.26750030517579,78.53280376094173,0.7311385596664189,58.83963682917634,15.13250122070312,0,0,0,-0.07705559466204903,0
2019-12-09,125.3000030517578,126.25,121.0500030517578,124.6500015258789,981394,113.16500053405761,92.59899993896484,115.47016481817649,71.15241736062005,11.33046210765228,11.303019085688586,-0.013844936541727138,127.07500076293945,111.17499923706055,119.125,95.02499961853027,89.69999694824219,1,1,0,1,24.100000381469727,-34.95000457763672,144.34615113685769,113.16500053405761,81.98384993125752,0.6841657663330414,55.10741034002991,11.485000991821295,0,0,0,-0.04697279333337756,1
2019-12-10,124.3499984741211,129.0,123.6500015258789,126.9000015258789,1078100,114.8175006866455,94.0859999847412,116.55872069510052,71.02315130780576,10.865973760776768,11.215610020706222,0.018050541295283162,128.6500015258789,111.17499923706055,119.91250038146973,95.02499961853027,89.94999694824219,1,1,0,1,24.887500762939453,-36.95000457763672,145.22239034984418,114.8175006866455,84.41261102344684,0.6986933840752884,52.96211724060822,12.082500839233404,0,0,0,0.014527617742246979,1
2019-12-11,128.0,133.1999969482422,127.1999969482422,132.5500030517578,2319859,116.6450008392334,95.5540000152588,118.08169996716312,75.0882145301564,10.82894200092133,11.138276416749246,0.044523258139809396,128.6500015258789,111.17499923706055,119.91250038146973,95.07500076293945,92.6500015258789,1,1,0,1,24.837499618530273,-39.900001525878906,146.69773698434693,116.6450008392334,86.59226469411988,0.7646182054060743,51.52854546511405,15.905002212524408,0,0,0,0.06592482133078592,0
2019-12-12,134.1999969482422,135.5,129.14999389648438,131.89999389648438,1195491,118.48750038146973,97.04499992370606,119.39772796043181,70.3883410046996,10.624669185218792,11.035554970443156,-0.004903878840497811,128.625,111.17499923706055,119.89999961853027,95.42499923706055,90.6999969482422,1,1,0,1,24.475000381469727,-41.19999694824217,147.51958450063674,118.48750038146973,89.45541626230272,0.7309943278608735,49.004467181261155,13.412493515014646,0,0,0,-0.0336238775452008,1
2019-12-13,131.89999389648438,135.5,131.5,132.64999389648438,764794,120.34500007629394,98.53299980163574,120.65984852577014,66.69698523049514,10.40337658960891,10.909119294276309,0.005686126116037693,127.0250015258789,111.17499923706055,119.10000038146973,96.875,90.3000030517578,1,1,0,1,22.225000381469727,-42.34999084472658,147.97633912441563,120.34500007629394,92.71366102817225,0.7226637261183855,45.92021111073085,12.304993820190433,0,0,0,-0.008330601742488009,1
2019-12-16,133.3000030517578,137.89999389648438,132.6999969482422,134.39999389648438,2156419,122.36249961853028,100.09099967956543,121.9684337991715,67.2336505257314,10.251043341314997,10.777504103684047,0.01319261274422412,128.2249984741211,111.17499923706055,119.69999885559082,96.875,88.69999694824219,1,1,0,1,22.82499885559082,-45.69999694824219,147.82684481988204,122.36249961853028,96.89815441717852,0.7363597842939055,41.621158902012986,12.037494277954096,0,0,0,0.013696058175519998,1
2019-12-17,135.0,137.0,134.5500030517578,135.5500030517578,957067,124.32999992370605,101.5779997253418,123.2619165851321,60.432428919234525,10.106611545592997,10.643325592065839,0.008556616127223693,129.4749984741211,111.9749984741211,120.7249984741211,96.875,86.69999694824219,1,1,0,1,23.849998474121094,-48.850006103515625,147.3698650903222,124.32999992370605,101.29013475708992,0.7434910761610943,37.0624389620435,11.220003128051758,0,0,0,0.00713129186718886,0
2019-12-18,136.3000030517578,137.3000030517578,134.0,135.10000610351562,690735,126.14750022888184,102.97699981689453,124.38935368212101,53.64648974530854,9.842380478479868,10.483136569348645,-0.0033197856002287196,129.4749984741211,115.375,122.42499923706055,96.875,93.8499984741211,1,1,0,1,25.549999237060547,-41.25000762939453,146.39480831815297,126.14750022888184,105.90019213961071,0.7210789166431868,32.101005652168205,8.952505874633786,0,0,0,-0.022412159517907537,0
2019-12-19,134.9499969482422,135.4499969482422,133.0500030517578,134.25,483204,128.01000022888184,104.30099975585938,125.32846285525235,46.079773825840014,9.455391201361735,10.277587495751263,-0.006291680718832349,129.4749984741211,115.375,122.42499923706055,99.97500038146973,96.0,1,1,0,1,22.44999885559082,-38.25,143.47908573680783,128.01000022888184,112.54091472095584,0.7016925877072997,24.168557894332125,6.239999771118164,0,0,0,-0.0193863289358871,1
2019-12-20,134.75,136.39999389648438,134.10000610351562,135.10000610351562,617642,129.4300006866455,105.57399993896485,126.25908602175362,56.05095556877335,9.112247483086819,10.044519493218374,0.006331516599743958,130.77499771118164,115.375,123.07499885559082,100.67499923706055,95.0500030517578,1,1,0,1,22.399999618530273,-40.05000305175783,141.69610805400637,129.4300006866455,117.16389331928464,0.7311248893824928,18.954040488738826,5.6700054168701115,0,0,0,0.029432301675193062,1
2019-12-23,135.10000610351562,141.85000610351562,134.75,141.85000610351562,2374429,130.8075008392334,106.935,127.74393555335,77.05695339167403,9.278020951867575,9.891219784948214,0.049962988120282104,134.5250015258789,116.92500305175781,125.72500228881836,104.67500305175781,95.5,1,1,0,1,21.049999237060547,-46.350006103515625,142.1183498122673,130.8075008392334,119.4966518661995,0.9881377733275624,17.29388437278577,11.042505264282227,0,0,0,0.2570128839450696,1
2019-12-24,146.4499969482422,148.89999389648438,145.10000610351562,148.89999389648438,1169913,132.49500045776367,108.33799987792969,129.75879825269612,79.1965384228063,9.864560206313044,9.88588786922118,0.04970029953910604,139.02499389648438,120.44999694824219,129.73749542236328,109.7249984741211,94.0500030517578,1,1,0,1,20.012496948242188,-54.84999084472658,144.02673444257354,132.49500045776367,120.96326647295379,1.211297774486045,17.40704773005518,16.40499343872071,1,0,0,0.22316000115848256,1
2019-12-26,156.3000030517578,156.3000030517578,156.25,156.3000030517578,347718,134.0150005340576,109.88099990844727,132.28653204308296,82.25213258741489,10.801996988349842,10.069109693046913,0.04969784727068527,143.9000015258789,125.80000305175781,134.85000228881836,114.25,96.1999969482422,1,1,0,1,20.60000228881836,-60.10000610351561,149.12711869420932,134.0150005340576,118.90288237390591,1.2373222695036317,22.5528755735239,22.285002517700207,1,0,0,0.026024495017586746,0
2019-12-27,159.39999389648438,164.10000610351562,149.25,151.0,5370150,134.9575008392334,111.30199996948242,134.06876708659888,78.87321799583106,10.990564058599148,10.25340056615736,-0.03390916793522225,148.4000015258789,129.70000457763672,139.0500030517578,118.1500015258789,98.75,1,1,0,1,20.900001525878906,-52.25,151.74515342693414,134.9575008392334,118.16984825153266,0.977806503230831,24.878428369385475,16.042499160766596,0,0,0,-0.2595157662728007,1
2019-12-30,153.6999969482422,158.5500030517578,152.4499969482422,158.5500030517578,1567589,136.0300006866455,112.86800003051758,136.40031336899497,85.02063954776006,11.615332644164312,10.52578698175875,0.050000020210316576,148.57500457763672,129.70000457763672,139.13750457763672,120.92500305175781,97.0,1,1,0,1,18.212501525878906,-61.55000305175781,155.7182566297868,136.0300006866455,116.34174474350421,1.0719146081336244,28.946932064632634,22.520002365112305,1,0,0,0.09410810490279342,1
2019-12-31,166.4499969482422,166.4499969482422,161.10000610351562,166.4499969482422,2050662,137.78750038146973,114.42,139.26218799558995,86.58647219365808,12.602654181358986,10.941160421678799,0.049826513682913465,149.75,136.5749969482422,143.1624984741211,122.875,106.6999969482422,1,1,0,1,20.287498474121094,-59.749999999999986,161.36445651154116,137.78750038146973,114.21054425139829,1.107849809123889,34.22219876955134,28.66249656677246,1,0,0,0.035935200990264704,1
2020-01-01,169.35000610351562,174.75,168.10000610351562,174.75,5417952,140.28750038146973,116.12300003051757,142.64197961505758,87.21338316253993,13.89468521113767,11.531865379570574,0.04986484352017562,153.9000015258789,142.79999923706055,148.35000038146973,127.5,114.3000030517578,1,1,0,1,20.850000381469727,-60.4499969482422,168.03858779673905,140.28750038146973,112.5364129662004,1.1209216075541633,39.563164700787425,34.46249961853027,1,0,0,0.013071798430274173,1
2020-01-02,179.14999389648438,183.4499969482422,177.5500030517578,183.4499969482422,3087009,143.03250007629396,118.06,146.52845745631328,89.80694278273587,15.44263309403047,12.314018922462553,0.04978539026175777,158.7750015258789,149.42499923706055,154.10000038146973,133.52499771118164,115.1500015258789,1,1,0,1,20.575002670288086,-68.29999542236328,175.97228168901736,143.03250007629396,110.09271846357055,1.1135058414646024,46.05915661846536,40.41749687194823,1,0,0,-0.007415766089560849,1
2020-01-03,187.8000030517578,192.6000061035156,183.0,192.6000061035156,3670040,146.1650005340576,120.17900009155274,150.9162239941421,90.97743827649792,17.209343611885288,13.293083860347101,0.04987740151260378,163.6750030517578,155.5750045776367,159.62500381469727,138.10000228881836,125.9000015258789,1,1,0,1,21.525001525878906,-66.70000457763669,184.93272073211656,146.1650005340576,107.39728033599866,1.0988874936703517,53.04651600097079,46.435005569457985,1,0,0,-0.014618347794250752,1
2020-01-06,200.0,202.1999969482422,185.5500030517578,200.6000061035156,9497209,149.87500076293946,122.46800018310547,155.64801276646338,91.68765229957951,19.035577281294223,14.441582544536526,0.041536862650462636,173.6500015258789,160.375,167.01250076293945,142.89999771118164,132.14999389648438,1,1,0,1,24.112503051757812,-68.45001220703122,194.17378913996507,149.87500076293946,105.57621238591386,1.0725326493002156,59.114312796026546,50.72500534057613,1,0,0,-0.02635484437013602,1
2020-01-07,208.0,210.6000061035156,203.0,210.6000061035156,2126797,154.1725009918213,124.90100036621094,160.88153594142074,92.5212408358668,21.04717827833781,15.762701691296783,0.04985044713727338,179.9250030517578,164.5750045776367,172.25000381469727,147.10000228881836,137.10000610351562,1,1,0,1,25.150001525878906,-73.49999999999997,204.16003700055253,154.1725009918213,104.18496498309005,1.0644157485761871,64.84624130393141,56.4275051116943,1,0,0,-0.008116900724028486,1
2020-01-08,215.8000030517578,221.1000061035156,214.4499969482422,221.1000061035156,1181338,158.88250122070312,127.5190005493164,166.6166283378107,93.74363376429444,23.22097189963017,17.25435573296346,0.04985754841260048,185.1750030517578,169.8250045776367,177.50000381469727,152.35000228881836,131.3000030517578,1,1,0,1,25.150001525878906,-89.80000305175778,215.07073566770407,158.88250122070312,102.69426677370217,1.053652428263239,70.7292924208816,62.21750488281248,1,0,0,-0.010763320312948244,1
2020-01-09,232.1499938964844,232.1499938964844,232.1499938964844,232.1499938964844,273048,163.86250076293945,130.3720004272461,172.8579012481606,95.11520456059188,25.54094060749344,18.911672707869457,0.049977329208192645,192.29999542236328,175.3499984741211,183.8249969482422,157.87499618530273,124.75,1,1,0,1,25.950000762939453,-107.3999938964844,227.05159090628683,163.86250076293945,100.67341061959206,1.0403424307790443,77.12452800261276,68.28749313354496,1,0,0,-0.013309997484194591,0
2020-01-10,243.75,243.75,220.5500030517578,220.5500030517578,3337546,168.2950012207031,132.98500045776368,177.40000618183652,85.82809554805416,26.14215966327714,20.357770098950994,-0.049967655178569714,202.4250030517578,182.4000015258789,192.41250228881836,163.67499923706055,128.5500030517578,1,1,0,1,28.737503051757812,-92.0,234.26959546745164,168.2950012207031,102.32040697395459,0.8960236696236296,78.4035102269366,52.2550018310547,0,0,0,-0.14431876115541475,0
2020-01-13,209.5500030517578,209.5500030517578,209.5500030517578,209.5500030517578,118786,172.1400016784668,135.38200057983397,180.46191064563857,77.40890903351311,25.43779100711592,21.37377428058398,-0.049875311030571856,205.9250030517578,182.4000015258789,194.16250228881836,163.67499923706055,129.9499969482422,1,1,0,1,30.487503051757812,-79.60000610351562,238.3200039278596,172.1400016784668,105.959999429074,0.7826382600616657,76.89090461728668,37.41000137329101,0,0,0,-0.11338540956196386,0
2020-01-14,199.1000061035156,199.1000061035156,199.1000061035156,199.1000061035156,80682,175.37500228881837,137.56500076293946,182.23696735591258,69.77935958294081,23.762427875994604,21.851504999666105,-0.049868751114554355,210.6500015258789,182.4000015258789,196.5250015258789,163.67499923706055,126.4000015258789,1,1,0,1,32.85000228881836,-72.70000457763669,240.17036101285544,175.37500228881837,110.57964356478128,0.6830764138195596,73.89349437307841,23.72500381469723,0,0,0,-0.09956184624210607,0
2020-01-15,189.1499938964844,189.1499938964844,189.1499938964844,189.1499938964844,52323,178.05500183105468,139.49500061035155,182.89535083596704,62.68829340253324,21.38529136784871,21.758262273302627,-0.049974946770508955,213.375,183.70000076293945,198.53750038146973,163.67499923706055,124.6500015258789,1,0,0,1,34.86250114440918,-64.4999923706055,240.42849690631067,178.05500183105468,115.6815067557987,0.5889399580065474,70.06092997537729,11.094992065429722,0,0,0,-0.09413645581301222,0
2020-01-16,179.6999969482422,179.6999969482422,179.6999969482422,179.6999969482422,60474,180.285001373291,141.27500061035155,182.59103141808848,60.74101755800196,18.525309545164106,21.111671727674924,-0.049960334407485596,211.7249984741211,185.4749984741211,198.5999984741211,163.67499923706055,126.9000015258789,1,0,0,1,34.92499923706055,-52.79999542236328,239.4633434104419,180.285001373291,121.10665933614013,0.4950572759821357,65.64976740868038,-0.5850044250488224,0,0,0,-0.09388268202441169,1
2020-01-17,175.10000610351562,188.6499938964844,172.3000030517578,188.6499938964844,6703516,183.00500106811523,143.2420004272461,183.16807546365,61.14814601735954,16.787428277733483,20.246823037686635,0.04980521480375999,208.0250015258789,186.4499969482422,197.23749923706055,163.67499923706055,132.5500030517578,1,0,0,1,33.5625,-56.09999084472659,238.3460610742398,183.00500106811523,127.66394106199067,0.5510018495105121,60.48037997117509,5.644992828369169,0,0,0,0.055944573528376396,1
2020-01-20,198.0500030517578,198.0500030517578,185.0,198.0500030517578,2840614,186.15250091552736,145.4290005493164,184.58540190061265,61.57509381081158,15.984388946375361,19.394336219424382,0.04982777343969258,208.0250015258789,187.625,197.82500076293945,163.67499923706055,131.89999389648438,1,1,0,1,34.150001525878906,-66.15000915527344,237.23379504429374,186.15250091552736,135.07120678676097,0.6164565457781774,54.88112582698651,11.897502136230457,0,0,0,0.06545469626766531,1
2020-01-21,199.0,207.0,192.0,202.25,3506909,189.17250061035156,147.74000061035156,186.26774457674478,60.38519685337017,15.508111290084173,18.61709123355634,0.021206750232387384,208.0250015258789,188.2249984741211,198.125,163.67499923706055,132.64999389648438,1,1,0,1,34.45000076293945,-69.60000610351562,236.41761361988773,189.17250061035156,141.9273876008154,0.6384005514708877,49.94923982830822,13.077499389648438,0,0,0,0.021944005692710267,0
2020-01-22,204.0,208.9499969482422,194.5500030517578,197.6499938964844,1754417,191.61000061035156,149.81600051879883,187.3517683214819,55.53390358943084,14.59127661333531,17.811928309512137,-0.022744158731844766,208.0250015258789,188.4000015258789,198.2125015258789,163.67499923706055,134.39999389648438,1,0,0,1,34.53750228881836,-63.25000000000003,235.17987205110103,191.61000061035156,148.0401291696021,0.569313875464914,45.47765910126054,6.039993286132841,0,0,0,-0.06908667600597374,0
2020-01-23,199.1999969482422,199.8999938964844,190.0,192.1999969482422,1336193,193.40500030517578,151.74000045776367,187.81350438117335,49.83948267068017,13.271918900771055,16.90392642776392,-0.027573979845891383,190.9250030517578,188.4000015258789,189.66250228881836,164.4749984741211,135.5500030517578,1,1,0,1,25.187503814697266,-56.649993896484375,233.85442595454595,193.40500030517578,152.9555746558056,0.4851048149931846,41.82872788763951,-1.205003356933588,0,0,0,-0.08420906047172938,0
2020-01-24,187.5,194.8999938964844,182.6000061035156,190.25,2518115,195.36750030517578,153.64400039672853,188.04555158296637,45.63475024493868,11.931431832084343,15.909427508628006,-0.010145665864746634,190.625,188.4000015258789,189.51250076293945,167.875,135.10000610351562,1,1,0,1,21.637500762939453,-55.149993896484375,230.90768046190357,195.36750030517578,159.827320148448,0.4280040185135776,36.38289899928277,-5.117500305175781,0,0,0,-0.057100796479606974,1
2020-01-27,189.0,194.1000061035156,186.5,190.75,881601,196.97750015258788,155.5490003967285,188.30311809887434,40.89866651741365,10.785107982462733,14.884563603394952,0.0026281208935610145,190.625,188.9250030517578,189.7750015258789,167.875,134.25,1,1,0,1,21.900001525878906,-56.5,228.37645950716797,196.97750015258788,165.5785407980078,0.4008326982709462,31.88075727456892,-6.227500152587879,0,0,0,-0.027171320242631414,0
2020-01-28,191.5,196.5,186.1000061035156,187.6499938964844,957274,198.0375,157.42100021362305,188.24091579388482,33.546476037620266,9.516789858604511,13.811008854436865,-0.01625167026744745,190.625,189.25,189.9375,167.875,135.10000610351562,1,0,0,1,22.0625,-52.54998779296878,226.54039518729246,198.0375,169.53460481270753,0.3177815615701614,28.785351448379693,-10.387506103515591,0,0,0,-0.08305113670078479,0
2020-01-29,188.0,191.0,185.0500030517578,186.3000030517578,631830,198.6150001525879,159.22300033569337,188.0560669613013,25.067975874683754,8.306948299778952,12.710196743505284,-0.00719419604922189,190.625,194.4250030517578,192.5250015258789,167.875,141.85000610351562,0,0,0,1,24.650001525878906,-44.44999694824219,225.63671815912522,198.6150001525879,171.59328214605057,0.2721277918404238,27.21014826249541,-12.314997100830084,0,0,0,-0.045653769729737614,0
2020-01-30,186.8999938964844,187.8999938964844,177.64999389648438,180.4499969482422,1024133,198.4650001525879,160.8570002746582,187.33167934100993,26.74013896471078,6.79773350554936,11.5277040959141,-0.03140099843095745,193.29999542236328,196.5,194.89999771118164,167.875,148.89999389648438,0,0,0,1,27.02499771118164,-31.550003051757812,225.85261136404694,198.4650001525879,171.07738894112885,0.1711103596211381,27.59943686836706,-18.015003204345703,0,0,0,-0.10101743221928569,1
2020-01-31,182.5,189.4499969482422,176.85000610351562,189.4499969482422,862006,198.30749969482423,162.70600021362304,187.53342387503204,38.064131122633526,6.255781931659527,10.473319663063185,0.04987531256418598,192.9000015258789,196.5,194.70000076293945,169.5250015258789,156.3000030517578,0,0,0,1,25.174999237060547,-33.149993896484375,225.86392268128958,198.30749969482423,170.75107670835888,0.33928424326095397,27.791609524472833,-8.857502746582043,0,0,0,0.16817388363981586,1
2020-02-03,186.8500061035156,196.1499938964844,186.0,196.1499938964844,1171000,198.08499908447266,164.4950001525879,188.35404959136082,48.16655577413737,6.2943577265439785,9.637527275759345,0.03536551626375939,192.9000015258789,198.0999984741211,195.5,169.5250015258789,151.0,0,1,0,1,25.974998474121094,-45.1499938964844,225.63564827554916,198.08499908447266,170.53434989339615,0.4648827660181781,27.816997065312982,-1.9350051879882528,0,0,0,0.1255985227572241,1
2020-02-04,201.8999938964844,205.9499969482422,190.1000061035156,198.0,3984199,197.4549987792969,166.16900009155273,189.27271153504074,56.11610598266802,6.400429189750497,8.990107658557577,0.00943158889156992,191.4000015258789,202.4250030517578,196.91250228881836,169.5250015258789,158.5500030517578,0,1,0,1,27.387500762939453,-39.44999694824219,224.40174318642724,197.4549987792969,170.50825437216653,0.510112561511492,27.294061506388882,0.5450012207031136,0,0,0,0.04522979549331391,0
2020-02-05,196.0,203.8000030517578,190.8000030517578,193.25,1320812,196.0624984741211,167.73100006103516,189.6515009126559,60.01478286622047,6.0316768695875,8.398421500763561,-0.023989898989899006,191.4000015258789,205.9250030517578,198.66250228881836,175.2249984741211,166.4499969482422,0,0,0,1,23.437503814697266,-26.800003051757812,220.76249714654736,196.0624984741211,171.36249980169484,0.4430668294476303,25.196046020689156,-2.8124984741210994,0,0,0,-0.06704573206386166,1
2020-02-06,193.0,202.8999938964844,190.5,202.8999938964844,2711020,194.5999984741211,169.27099990844727,190.91326214921102,60.42428582845953,6.44383138120682,8.007503476852214,0.04993528536343805,191.4000015258789,208.0250015258789,199.7125015258789,177.29999923706055,174.75,0,1,0,1,22.41250228881836,-28.149993896484403,213.31959016240873,194.5999984741211,175.88040678583346,0.7216927473785767,19.23904607920854,8.29999542236331,0,0,0,0.2786259179309464,1
2020-02-07,208.9499969482422,213.0,206.25,213.0,2674856,194.2224983215332,170.8880000305176,193.0167609921433,60.82548608798476,7.499008976844806,7.905804576850733,0.049778247448683643,194.9250030517578,208.0250015258789,201.47500228881836,179.57500076293945,183.4499969482422,0,1,0,1,21.900001525878906,-29.550003051757812,211.04167045425092,194.2224983215332,177.4033261888155,1.0582171800816407,17.31948901704864,18.77750167846679,1,0,0,0.336524432703064,1
2020-02-10,219.8999938964844,221.6499938964844,207.0,213.3500061035156,2063806,194.4124984741211,172.41300003051757,194.9532605265597,58.51227302555517,8.268176993344781,7.978279060149543,0.0016432211432657606,199.25,208.0250015258789,203.63750076293945,181.1500015258789,192.6000061035156,0,1,0,1,22.487499237060547,-20.75,211.98878879765073,194.4124984741211,176.83620815059146,1.0387231116694342,18.081440711353515,18.937507629394503,1,0,0,-0.019494068412206467,0
2020-02-11,215.8999938964844,217.0,208.1499938964844,211.25,1102243,195.0199981689453,174.01199996948242,196.50533095260164,60.845297811593156,8.609055414044747,8.104434330928584,-0.009843009343513676,199.25,208.0250015258789,203.63750076293945,181.1500015258789,200.6000061035156,0,1,0,1,22.487499237060547,-10.649993896484403,213.98722000008928,195.0199981689453,176.05277633780133,0.9278434125867924,19.451566002695497,16.230001831054693,0,0,0,-0.11087969908264184,0
2020-02-12,212.1000061035156,213.4499969482422,204.8500061035156,207.6499938964844,879583,195.94499816894532,175.6699998474121,197.56672742344762,62.69514504871907,8.490836534095678,8.181714771562003,-0.017041449010724685,199.25,208.0250015258789,203.63750076293945,181.1500015258789,210.6000061035156,0,1,0,1,22.487499237060547,2.950012207031193,215.47305420060434,195.94499816894532,176.4169421372863,0.7996969004124851,19.93218118772471,11.704995727539085,0,0,0,-0.12814651217430728,0
2020-02-13,208.0,208.9499969482422,198.0,199.9499969482422,929657,196.9574981689453,177.0979997253418,197.79370547342805,57.28227765534348,7.687208463801767,8.082813510009956,-0.03708161413229194,203.8249969482422,208.0250015258789,205.92499923706055,181.1500015258789,221.1000061035156,0,0,0,1,24.77499771118164,21.15000915527341,215.05922011708932,196.9574981689453,178.8557762208013,0.5826578484596517,18.381348378640354,2.9924987792968807,0,0,0,-0.21703905195283335,1
2020-02-14,201.0,209.8999938964844,201.0,206.8000030517578,1474525,197.864998626709,178.6349998474121,198.65144809993564,61.000683350858104,7.516421049876982,7.969535017983361,0.034258595689245164,205.875,208.0250015258789,206.95000076293945,181.1500015258789,232.1499938964844,0,0,0,1,25.799999237060547,25.34999084472659,216.0295290139995,197.864998626709,179.70046823941848,0.745946474655368,18.360529162168408,8.935004425048817,0,0,0,0.16328862619571627,0
2020-02-17,208.3999938964844,208.3999938964844,198.0,198.3500061035156,773097,197.87999877929687,180.07399993896485,198.62273933837182,56.83270096093319,6.622882196373837,7.700204453661456,-0.04086071964963822,206.0749969482422,196.9749984741211,201.52499771118164,182.4000015258789,220.5500030517578,1,0,0,1,19.124996185302734,22.199996948242216,216.0456109433706,197.87999877929687,179.71438661522313,0.5129367323262649,18.36023072178663,0.47000732421872726,0,0,0,-0.2330097423291031,0
2020-02-18,200.8000030517578,200.8000030517578,188.4499969482422,189.25,839722,197.22999877929686,181.36599990844726,197.7300974966221,51.71411725590158,5.121415289259033,7.184446620780972,-0.045878526964937216,205.04999542236328,196.9749984741211,201.0124969482422,182.4000015258789,209.5500030517578,1,0,0,1,18.61249542236328,20.300003051757812,215.65214466265928,197.22999877929686,178.80785289593445,0.28341288713537344,18.680876131806965,-7.979998779296864,0,0,0,-0.22952384519089147,1
2020-02-19,191.8999938964844,198.6999969482422,191.75,197.8500061035156,2501070,197.23999938964843,182.785,197.74151736394532,59.79729874859074,4.572728993774206,6.662103095379619,0.04544256857868212,205.04999542236328,196.9749984741211,201.0124969482422,182.4000015258789,199.1000061035156,1,0,0,1,18.61249542236328,1.25,215.6632635286598,197.23999938964843,178.81673525063707,0.5165553375684245,18.681062863538273,0.6100067138671648,0,0,0,0.2331424504330511,0
2020-02-20,197.8500061035156,198.1499938964844,193.0,194.8500061035156,911195,197.37249984741212,184.03100006103514,197.46613533914248,53.26087377171865,3.851419457496661,6.099966367803027,-0.015163001806683729,205.04999542236328,196.9749984741211,201.0124969482422,183.70000076293945,189.1499938964844,1,0,0,1,17.312496185302734,-5.700012207031193,215.68666170948563,197.37249984741212,179.0583379853386,0.4311327003961806,18.55796716992704,-2.5224937438965185,0,0,0,-0.08542263717224391,0
2020-02-24,191.4499969482422,191.4499969482422,185.1999969482422,185.8999938964844,959369,197.15499954223634,185.11100006103516,196.36459805888933,43.97413632253526,2.528438995664203,5.385660893375263,-0.04593283000605308,201.0999984741211,196.9749984741211,199.0374984741211,185.4749984741211,179.6999969482422,1,0,0,1,13.5625,-6.199996948242216,215.90058507384242,197.15499954223634,178.40941401063026,0.19979583655108074,19.01608944752145,-11.255005645751936,0,0,0,-0.23133686384509988,0
2020-02-25,184.75,188.8000030517578,178.14999389648438,180.5500030517578,861686,196.6449996948242,186.06900024414062,194.85844615344826,40.14681517055631,1.0363218257527365,4.515793079850758,-0.028778865090795303,195.79999542236328,199.25,197.52499771118164,186.4499969482422,188.6499938964844,0,0,1,1,11.075000762939453,8.099990844726591,216.57730902936618,196.6449996948242,176.71269036028224,0.09625860774761434,20.272378515065387,-16.094996643066395,0,0,0,-0.1035372288034664,0
2020-02-26,175.5500030517578,177.85000610351562,171.5500030517578,171.5500030517578,996786,195.8400001525879,186.8120004272461,192.63859442947773,38.30819552881468,-0.8624744962662305,3.4401395646273607,-0.04984768677860385,190.7249984741211,196.5999984741211,193.6624984741211,187.625,198.0500030517578,0,0,1,1,6.037498474121094,26.5,218.30051225263884,195.8400001525879,173.37948805253694,-0.04072669831902408,22.937614463389437,-24.289997100830078,0,1,0,-0.13698530606663842,0
2020-02-27,165.3000030517578,167.9499969482422,163.0,163.0,727993,194.675,187.36100036621093,189.81587115047986,28.244288273501226,-3.022358188629113,2.147640013976066,-0.04983971378408092,186.4499969482422,192.3249969482422,189.3874969482422,188.2249984741211,202.25,0,0,1,1,1.1624984741210938,39.25,221.06697824040558,194.675,168.28302175959445,-0.10008764237889246,27.11388544025228,-31.67500000000001,0,1,0,-0.05936094405986839,0
2020-02-28,154.85000610351562,160.0,154.85000610351562,154.9499969482422,1655841,193.4,187.75800018310548,186.4953117026477,17.624106322990855,-5.322297413969579,0.653652528386937,-0.0493865217899252,181.625,188.25,184.9375,188.4000015258789,197.6499938964844,0,0,1,0,3.4625015258789062,42.699996948242216,224.46733085686586,193.4,162.33266914313415,-0.11881729120704947,32.127539665838526,-38.45000305175782,0,1,0,-0.018729648828157003,1
2020-03-02,156.60000610351562,162.64999389648438,150.0,156.0500030517578,1127956,191.7300003051758,188.19400024414062,183.59575849780106,18.30753434449771,-6.975841363867886,-0.8722462500640277,0.0070991037443071114,175.4000015258789,185.8249969482422,180.61249923706055,188.4000015258789,192.1999969482422,0,0,1,0,7.787502288818359,36.149993896484375,226.80003595146616,191.7300003051758,156.65996465888543,-0.008696335716330194,36.582731539633386,-35.67999725341798,0,1,0,0.11012095549071928,1
2020-03-03,162.89999389648438,163.0,157.0,159.5,534459,189.89750061035156,188.68200012207032,181.3009243551533,21.79837450294613,-7.916642806078073,-2.281125561266837,0.022108278633598655,174.3499984741211,185.8249969482422,180.08749771118164,188.4000015258789,190.25,0,0,1,0,8.312503814697266,30.75,227.58466679422426,189.89750061035156,152.21033442647885,0.09671283770654772,39.692113969633084,-30.397500610351557,0,0,0,0.10540917342287791,0
2020-03-04,159.25,159.5,151.5500030517578,152.0,480121,187.59750061035157,188.885,178.510360130853,20.9095767421975,-9.161810399763255,-3.6572625289661205,-0.047021943573667735,174.0749969482422,185.8249969482422,179.9499969482422,188.9250030517578,190.75,0,0,1,0,8.975006103515625,38.75,228.5032032225951,187.59750061035157,146.69179799810806,0.06488339843725285,43.610072073621595,-35.597500610351574,0,0,0,-0.031829439269294865,1
2020-03-05,151.5500030517578,158.75,145.4499969482422,152.5,1252377,185.56000061035155,188.95700012207033,176.03318297553366,23.176946176428103,-9.993074920174564,-4.92442500720781,0.00328947368421062,168.4499969482422,183.54999542236328,175.99999618530273,189.25,187.6499938964844,0,0,1,0,13.250003814697266,35.1499938964844,229.11051887535083,185.56000061035155,142.00948234535227,0.12044079005919385,46.939553914368545,-33.06000061035155,0,0,0,0.055557391621940996,0
2020-03-06,144.89999389648438,147.1999969482422,144.89999389648438,144.89999389648438,425088,182.66000061035157,188.72899993896485,173.06811734895754,15.302696134823307,-11.13673763906587,-6.1668875335794215,-0.04983610559682372,166.8499984741211,183.27499389648438,175.06249618530273,194.3249969482422,186.3000030517578,0,0,1,0,19.262500762939453,41.40000915527344,228.85004062886372,182.66000061035157,136.46996059183942,0.09125379953412406,50.5748821462497,-37.7600067138672,0,0,0,-0.02918699052506979,0
2020-03-09,137.6999969482422,137.8000030517578,137.6999969482422,137.6999969482422,112895,178.89500045776367,188.4629998779297,169.6997249298418,15.520187484396374,-12.480214025646006,-7.429552831992739,-0.049689422025689156,157.7750015258789,179.67499542236328,168.7249984741211,190.7249984741211,180.4499969482422,0,0,1,0,22.0,42.75,226.82198832036994,178.89500045776367,130.9680125951574,0.0702316654280837,53.58113724807152,-41.195003509521484,0,0,0,-0.021022134106040355,0
2020-03-11,131.10000610351562,136.39999389648438,130.85000610351562,130.85000610351562,1132428,174.77000045776367,187.90899993896485,165.99975170828694,15.927663023312277,-13.937008595045711,-8.731043984603334,-0.04974575887101362,149.4000015258789,176.25,162.82500076293945,187.3000030517578,189.4499969482422,0,0,1,0,24.47500228881836,58.59999084472656,224.29947127335583,174.77000045776367,125.24052964217152,0.05662766398443134,56.67960254719099,-43.91999435424805,0,0,0,-0.01360400144365237,0
2020-03-12,124.3499984741211,124.3499984741211,124.3499984741211,124.3499984741211,26796,170.42500038146972,187.06699996948242,162.0331085431283,6.040672514590526,-15.43806468002515,-10.072448123687696,-0.04967525660069416,143.67499923706055,172.99999618530273,158.33749771118164,184.04999923706055,196.1499938964844,0,0,1,0,25.712501525878906,71.79999542236331,221.61024848389087,170.42500038146972,119.23975227904856,0.04991913084847204,60.06776938577202,-46.07500190734862,0,0,0,-0.006708533135959295,0
2020-03-13,118.1500015258789,130.5500030517578,118.1500015258789,123.4000015258789,2367027,166.21250076293944,186.04,158.35376501767598,6.192522857541405,-16.513956643558004,-11.360749827661758,-0.007639702130272985,140.57500076293945,169.89999771118164,155.23749923706055,180.95000076293945,198.0,0,0,1,0,25.712501525878906,74.5999984741211,218.30932490987783,166.21250076293944,114.11567661600105,0.08910643846246309,62.687010793780765,-42.812499237060536,0,0,0,0.03918730761399105,0
2020-03-16,120.0,128.0,117.25,117.6999969482422,1305459,162.10000076293946,184.725,154.48197758249182,6.449556647423961,-17.623399924387428,-12.613279847006892,-0.04619128449882004,140.125,169.4499969482422,154.7874984741211,180.5,193.25,0,0,1,0,25.712501525878906,75.5500030517578,215.8538595704759,162.10000076293946,108.34614195540303,0.08700635824425446,66.32184892601931,-44.40000381469726,0,0,0,-0.002100080218208636,1
2020-03-17,115.0,123.5500030517578,111.9000015258789,123.4000015258789,1650012,157.9300006866455,183.34099990844726,151.52178938662394,13.668156815308052,-17.837084181813964,-13.658040713968308,0.048428247454783246,135.70000076293945,166.77499771118164,151.23749923706055,177.82500076293945,202.8999938964844,0,0,1,0,26.587501525878906,79.4999923706055,210.08210209609038,157.9300006866455,105.77789927720065,0.16894911012623987,66.0445782089518,-34.52999916076661,0,0,0,0.08194275188198541,1
2020-03-18,125.0999984741211,129.5500030517578,124.0,129.39999389648438,1137426,154.48250007629395,181.91699966430664,149.41495172089637,22.14143816641213,-17.322597138190275,-14.390951998812703,0.04862230386072697,135.32500076293945,166.77499771118164,151.04999923706055,177.82500076293945,213.0,0,0,1,0,26.775001525878906,83.60000610351562,204.56580597253935,154.48250007629395,104.39919418004854,0.24959214721396886,64.84010275793165,-25.08250617980957,0,0,0,0.08064303708772899,1
2020-03-19,125.0,135.85000610351562,122.9499969482422,135.64999389648438,920137,151.80249977111816,180.417999420166,148.10400335666665,31.356507274915714,-16.223524985628245,-14.757466596175814,0.04829984771869311,129.54999923706055,164.45000076293945,147.0,177.82500076293945,213.3500061035156,0,0,1,0,30.825000762939453,77.70001220703122,199.85231528135142,151.80249977111816,103.75268426088489,0.3319191686470289,63.30569731418242,-16.15250587463379,0,0,0,0.08232702143306006,1
2020-03-20,142.39999389648438,142.39999389648438,138.39999389648438,142.35000610351562,417369,149.02749977111816,178.84299942016602,147.5560036182713,41.25000821219376,-14.643071185930381,-14.734587514126728,0.04939190938809834,127.14999771118164,162.67499923706055,144.9124984741211,177.82500076293945,211.25,0,0,1,0,32.91250228881836,68.89999389648438,192.29154523601002,149.02749977111816,105.7634543062263,0.4228286028750915,58.06182822813019,-6.677493667602533,0,0,0,0.09090943422806258,0
2020-03-23,135.25,138.9499969482422,135.25,135.25,255497,146.0474994659424,176.90499954223634,146.384003273674,36.66666731875154,-13.804333554129244,-14.548536722127231,-0.0498771043139441,127.14999771118164,160.89999771118164,144.02499771118164,177.82500076293945,207.6499938964844,0,0,1,0,33.80000305175781,72.3999938964844,184.1825162534692,146.0474994659424,107.91248267841559,0.35843064490961446,52.22275893387647,-10.797499465942394,0,0,0,-0.06439795796547704,1
2020-03-24,128.5,141.8000030517578,128.5,141.3000030517578,981069,143.81749992370607,175.31999954223633,145.89981277634868,38.709682304901946,-12.507267262359875,-14.14028283017376,0.044732000382682546,127.14999771118164,160.89999771118164,144.02499771118164,177.82500076293945,199.9499969482422,0,0,1,0,33.80000305175781,58.649993896484375,177.30259206221922,143.81749992370607,110.3324077851929,0.46240869128365447,46.56608848892063,-2.5174968719482536,0,0,0,0.10397804637404001,1
2020-03-25,140.0,148.35000610351562,136.9499969482422,148.10000610351562,436890,142.19500007629395,174.09099960327148,146.10935499798364,47.55945387683889,-10.80606388704581,-13.47343904154817,0.04812457823703653,130.12500381469727,160.14999771118164,145.13750076293945,177.82500076293945,206.8000030517578,0,0,0,0,32.6875,58.69999694824219,171.25586701330843,142.19500007629395,113.13413313927947,0.6015972104345679,40.874667775128565,5.905006027221674,0,0,0,0.13918851915091346,1
2020-03-26,154.0,155.39999389648438,144.25,152.10000610351562,637211,141.22250022888184,173.1509996032715,146.6798931985105,49.76019557590386,-9.030977893428854,-12.584946811924308,0.027008776739713136,133.64999771118164,156.35000228881836,145.0,166.77499771118164,198.3500061035156,0,0,0,0,21.77499771118164,46.24999999999997,167.4528176547148,141.22250022888184,114.99218280304888,0.7073460587236557,37.14750465870667,10.877505874633783,0,0,0,0.10574884828908782,0
2020-03-27,154.5,157.0,144.5,148.75,567761,140.51000022888184,172.3429997253418,146.8770462272238,52.43209407199602,-7.8045608309789145,-11.62886961573523,-0.022025022807926065,134.45000076293945,155.29999923706055,144.875,166.77499771118164,189.25,0,0,0,0,21.89999771118164,40.5,165.05546169459038,140.51000022888184,115.9645387631733,0.667851799865933,34.93767194609003,8.239999771118164,0,0,0,-0.03949425885772273,0
2020-03-30,142.10000610351562,148.3000030517578,141.35000610351562,146.9499969482422,490699,140.11000022888183,171.6879997253418,146.88399391493982,56.27118384567671,-6.898341884971984,-10.682764069582582,-0.012100860852153339,139.9749984741211,155.02499771118164,147.49999809265137,166.77499771118164,197.8500061035156,0,0,1,0,19.274999618530273,50.90000915527341,163.95180571971304,140.11000022888183,116.26819473805061,0.6434454433828597,34.03298187407545,6.839996719360357,0,0,0,-0.02440635648307332,1
2020-03-31,147.3000030517578,154.25,146.9499969482422,153.25,452205,139.97000007629396,170.9799998474121,147.49028020875508,65.30053334856433,-5.607163357504703,-9.667643927167006,0.042871746734209015,139.9749984741211,151.67499923706055,145.82499885559082,166.77499771118164,194.8500061035156,0,0,0,0,20.94999885559082,41.6000061035156,163.46613741182358,139.97000007629396,116.47386274076433,0.7825996404018444,33.57310469775309,13.279999923706043,0,0,0,0.13915419701898468,0
2020-04-01,155.5,159.0,151.0,152.89999389648438,226223,139.63999977111817,170.07699966430664,148.00549103615785,71.29006553310207,-4.559577666379141,-8.646030675009433,-0.0022838897456157747,143.75,150.35000228881836,147.05000114440918,166.77499771118164,185.8999938964844,0,0,0,0,19.72499656677246,33.00000000000003,162.19627689121148,139.63999977111817,117.08372265102484,0.7939313534491492,32.306326492502116,13.259994125366205,0,0,0,0.011331713047304848,0
2020-04-03,152.89999389648438,154.85000610351562,150.4499969482422,151.89999389648438,259616,139.63499946594237,169.06999954223633,148.37639607047467,71.23694007131604,-3.7666307269915364,-7.670150685405853,-0.006540222628635406,143.75,144.87500381469727,144.31250190734863,166.77499771118164,180.5500030517578,0,0,0,0,22.462495803833008,28.650009155273438,162.18035614011032,139.63499946594237,117.08964279177442,0.7720071056714531,32.29184195996201,12.264994430542004,0,0,0,-0.021924247777696082,1
2020-04-07,153.5,159.4499969482422,151.5500030517578,158.9499969482422,425190,139.9574993133545,168.2959996032715,149.3834056778811,80.13146402695354,-2.5400580298724833,-6.6441321542991805,0.04641213518785392,143.9749984741211,139.92499923706055,141.94999885559082,166.77499771118164,171.5500030517578,1,0,0,0,24.82499885559082,12.600006103515625,163.39655349135228,139.9574993133545,116.51844513535673,0.9051464169726594,33.494531258406475,18.992497634887684,0,0,0,0.13313931130120626,1
2020-04-08,166.85000610351562,166.85000610351562,162.0,166.4499969482422,702014,141.03499946594238,167.78099960327148,151.0087953226774,80.64054949856171,-0.9518308964615869,-5.505671902731661,0.04718465016669482,151.9000015258789,139.37500381469727,145.6375026702881,166.77499771118164,163.0,1,0,0,0,21.137495040893555,-3.4499969482421875,167.11622010627784,141.03499946594238,114.95377882560692,0.9872279145362293,36.98545855865181,25.41499748229981,0,0,0,0.08208149756356986,1
2020-04-09,172.39999389648438,174.75,166.25,174.75,542554,142.88749961853028,167.47099960327148,153.26986243480337,81.25429054565646,0.9654621825215202,-4.211445085681025,0.04986484352017562,158.0500030517578,143.32500076293945,150.68750190734863,166.77499771118164,154.9499969482422,1,1,0,0,16.087495803833008,-19.800003051757812,172.74748700419735,142.88749961853028,113.02751223286322,1.0335317120188046,41.79510099257793,31.862500381469715,1,0,0,0.04630379748257529,1
2020-04-13,180.0,183.4499969482422,167.0500030517578,183.3500061035156,769348,145.51249961853028,167.3229997253418,156.13463802229978,81.84244140445946,3.1426528346260625,-2.7406255016196077,0.04921319658664136,162.4000015258789,147.67499923706055,155.03750038146973,166.77499771118164,156.0500030517578,1,1,0,0,11.737497329711914,-27.300003051757784,179.60823223797826,145.51249961853028,111.41676699908231,1.05487158623779,46.86296051381424,37.83750648498531,1,0,0,0.021339874218985422,1
2020-04-15,188.0,190.9499969482422,184.0,187.8000030517578,747297,148.68499984741212,167.32599990844727,159.15038707272436,81.28009093519208,5.167600790583407,-1.1589802431790048,0.024270503409363542,166.1500015258789,151.42499923706055,158.78750038146973,166.77499771118164,159.5,1,1,0,0,7.987497329711914,-28.300003051757812,185.97221280887507,148.68499984741212,111.39778688594916,1.0245096119783985,50.155984799716094,39.1150032043457,1,0,0,-0.030361974259391467,1
2020-04-16,182.3000030517578,195.0,182.3000030517578,193.8500061035156,431499,152.20750007629394,167.47699996948242,162.4551126947045,90.921771041561,7.177829765441402,0.5083817585450766,0.03221513819725774,170.9749984741211,153.45000076293945,162.21249961853027,166.77499771118164,152.0,1,1,0,0,4.562498092651367,-41.8500061035156,192.4668287962613,152.20750007629394,111.94817135632658,1.0171783453826975,52.90058466210586,41.64250602722166,1,0,0,-0.007331266595701047,1
2020-04-17,199.0,201.0,197.0,198.9499969482422,432613,156.27000007629394,167.84699996948243,165.93081595694616,90.79969849593532,9.077833733180796,2.2222721534722205,0.026308953748514163,175.7249984741211,156.45000076293945,166.08749961853027,166.77499771118164,152.5,1,1,0,0,0.6874980926513672,-46.44999694824219,198.1462054000898,156.27000007629394,114.39379475249808,1.0095972347773312,53.5946826689078,42.67999687194825,1,0,0,-0.007581110605366259,1
2020-04-20,200.0500030517578,204.8999938964844,197.0,200.75,493261,160.1375,168.0730000305176,169.24692872295128,90.098990340365,10.606579720772885,3.8991336669323537,0.009047514849804594,177.67499542236328,158.39999771118164,168.03749656677246,166.77499771118164,144.89999389648438,1,1,0,1,1.2624988555908203,-55.850006103515625,203.4202109523302,160.1375,116.85478904766978,0.9691538388703165,54.056933513174876,40.61250000000001,0,0,0,-0.040443395907014734,0
2020-04-21,191.0,195.8999938964844,190.75,191.3000030517578,661477,163.23250045776368,167.97600021362305,171.34722151617095,77.56679688497601,10.929596567365365,5.305226247018956,-0.047073459268952345,178.2249984741211,158.39999771118164,168.31249809265137,166.77499771118164,137.6999969482422,1,1,0,1,1.5375003814697266,-53.600006103515625,206.13166617280024,163.23250045776368,120.33333474272712,0.8271334316899805,52.562039538365944,28.067502593994135,0,0,0,-0.14202040718033593,1
2020-04-22,191.1999969482422,198.0,184.75,197.1999969482422,568003,166.31000061035155,167.9600001525879,173.80939060493964,82.89205086593876,11.528773421054893,6.549935681826144,0.030841577639118434,183.4499969482422,158.39999771118164,170.9249973297119,166.77499771118164,130.85000610351562,1,1,0,1,4.149999618530273,-66.34999084472656,209.68111565498683,166.31000061035155,122.93888556571628,0.8561125452516066,52.156953743569105,30.889996337890636,0,0,0,0.02897911356162608,1
2020-04-23,202.8000030517578,202.8000030517578,196.0,200.0,529475,169.19250030517577,168.0950001525879,176.30373435685013,85.53248261591824,12.0901940094584,7.657987347352596,0.014198798656638534,185.5749969482422,158.39999771118164,171.9874973297119,166.77499771118164,124.3499984741211,1,1,0,1,5.212499618530273,-75.6500015258789,213.46444793201644,169.19250030517577,124.9205526783351,0.8479347684734184,52.333227001180916,30.80749969482423,0,0,0,-0.008177776778188206,0
2020-04-24,199.1000061035156,199.1000061035156,194.8999938964844,195.9499969482422,232558,172.22750015258788,167.95600021362304,178.17480698460176,79.488944439679,12.069196289583488,8.540229135798775,-0.02025001525878911,185.9749984741211,158.39999771118164,172.18749809265137,166.77499771118164,123.4000015258789,1,1,0,1,5.412500381469727,-72.54999542236328,215.0753065177442,172.22750015258788,129.37969378743156,0.7768227688657751,49.75721801360941,23.72249679565431,0,0,0,-0.07111199960764336,1
2020-04-27,193.0,201.0,192.0,200.6499938964844,391556,175.19499969482422,167.70900009155272,180.31530097620964,81.10749185667753,12.290132917580195,9.29020989215506,0.023985695439860955,193.5999984741211,158.39999771118164,175.99999809265137,166.77499771118164,117.6999969482422,1,1,0,1,9.225000381469727,-82.9499969482422,217.27796431132,175.19499969482422,133.11203507832843,0.8024382245123751,48.04128507069376,25.454994201660185,0,0,0,0.02561545564660006,1
2020-04-28,201.0,204.6499938964844,198.1000061035156,203.6499938964844,339066,177.97249908447264,167.5149998474121,182.53765268290246,82.85714285714286,12.562489159827436,9.944665745689536,0.014951408379048958,193.5999984741211,163.9249954223633,178.7624969482422,166.77499771118164,123.4000015258789,1,1,0,1,11.987499237060547,-80.2499923706055,219.86793443172667,177.97249908447264,136.07706373721862,0.8064474041047858,47.08079682284938,25.67749481201176,0,0,0,0.00400917959241065,1
2020-04-29,205.0,209.3999938964844,202.3500061035156,207.9499969482422,442718,180.76499862670897,167.44899978637696,184.95787594626813,82.23684210526315,12.975731596943945,10.550878915940418,0.0211146731187406,197.0749969482422,166.1749954223633,181.62499618530273,166.77499771118164,129.39999389648438,1,1,0,1,14.849998474121094,-78.55000305175781,222.835037670985,180.76499862670897,138.69495958243294,0.8230921451359094,46.546664856456296,27.184998321533214,0,0,0,0.016644741031123678,1
2020-04-30,211.1000061035156,212.8500061035156,208.0,210.4499969482422,488630,183.8499984741211,167.5049998474121,187.38569699407518,80.98591549295774,13.351055653409105,11.110914263434156,0.012022120878521836,198.8000030517578,170.6750030517578,184.7375030517578,164.45000076293945,135.64999389648438,1,1,0,1,20.28750228881836,-74.80000305175781,225.1182318577908,183.8499984741211,142.5817650904514,0.8222817684830557,44.893373648277354,26.599998474121094,0,0,0,-0.0008103766528537726,0
2020-05-04,199.9499969482422,218.0,199.9499969482422,209.5500030517578,1698446,186.97999877929686,167.69699996948242,189.49658328528307,77.35849690349701,13.421169795325682,11.572965369812461,-0.004276521309267145,201.375,173.25,187.3125,164.95000076293945,142.35000610351562,1,1,0,1,22.362499237060547,-67.19999694824219,226.01402884926998,186.97999877929686,147.94596870932375,0.7891067644309535,41.7520914801665,22.57000427246095,0,0,0,-0.033175004052102164,1
2020-05-05,215.0,216.0,209.0500030517578,210.8000030517578,594711,189.85749893188478,167.77699996948243,191.5254804058997,74.40000390625107,13.422869823376232,11.942946260525217,0.00596516335860553,201.375,173.25,187.3125,164.95000076293945,135.25,1,1,0,1,22.362499237060547,-75.55000305175781,226.95832684944924,189.85749893188478,152.75667101432032,0.7822376924634387,39.08281540238253,20.942504119873036,0,0,0,-0.00686907196751485,1
2020-05-06,211.0,214.1999969482422,205.3000030517578,211.8500061035156,604880,192.80499954223632,168.0469999694824,193.46114951995835,72.75308156856336,13.354995503916456,12.225356109203465,0.004981039072850413,205.0,177.4749984741211,191.23749923706055,164.95000076293945,141.3000030517578,1,1,0,1,26.287498474121094,-70.55000305175778,226.94124174062657,192.80499954223632,158.66875734384607,0.7789558155024072,35.410121396683266,19.04500656127928,0,0,0,-0.003281876961031438,0
2020-05-07,207.4499969482422,213.0,206.5,210.5500030517578,188208,195.7375,168.47300003051757,195.0886593801297,67.35966749157203,13.045919990194761,12.389468885401726,-0.006136431504857098,205.0,179.6750030517578,192.3375015258789,164.95000076293945,148.10000610351562,1,1,0,1,27.387500762939453,-62.44999694824219,225.04991935123763,195.7375,166.4250806487624,0.7526659924291168,29.950744595427675,14.812503051757801,0,0,0,-0.02628982307329042,1
2020-05-08,211.0,213.5,208.0,212.25,289416,198.4025001525879,168.76099990844727,196.7230727724983,64.87696192368628,12.790707649216245,12.46971663816463,0.00807407705344132,205.0,179.6750030517578,192.3375015258789,164.95000076293945,152.10000610351562,1,1,0,1,27.387500762939453,-60.149993896484375,223.19519020556558,198.4025001525879,173.6098100996102,0.7792657799097717,24.99231615923193,13.84749984741211,0,0,0,0.026599787480654946,1
2020-05-11,214.8500061035156,222.8500061035156,211.0,222.6000061035156,1063341,201.21000061035156,169.31599990844725,199.18754261354758,70.51643765588322,13.270633422813034,12.629899995094313,0.04876327963964955,210.4750061035156,182.10000610351562,196.28750610351562,167.37500381469727,148.75,1,1,0,1,28.91250228881836,-73.8500061035156,223.4824187867854,201.21000061035156,178.93758243391773,0.9801904607690183,22.138480303039167,21.39000549316404,0,0,0,0.20092468085924653,1
2020-05-12,222.0,229.8999938964844,219.1000061035156,226.0500030517578,667224,203.77500076293944,170.11900009155272,201.7458721790914,86.77248677248681,13.770624786341955,12.858044953343843,0.015498638156540956,214.92499542236328,188.42499542236328,201.67499542236328,170.89999771118164,146.9499969482422,1,1,0,1,30.77499771118164,-79.10000610351562,225.06167561113242,203.77500076293944,182.48832591474647,1.0232146976376937,20.892332001958096,22.27500228881837,1,0,0,0.0430242368686754,1
2020-05-13,233.0,235.9499969482422,228.0,231.0,562454,206.15750045776366,171.12800003051757,204.5319795906065,86.50108080335711,14.400297266045271,13.166495415884128,0.021897796422983395,217.9499969482422,193.1999969482422,205.5749969482422,173.92499923706055,153.25,1,1,0,1,31.64999771118164,-77.75,228.4110696598812,206.15750045776366,183.9039312556461,1.058168878812313,21.588900867253898,24.84249954223634,1,0,0,0.03495418117461924,0
2020-05-14,229.3999938964844,232.8000030517578,220.5500030517578,228.5500030517578,416147,208.19500045776368,172.26800003051758,206.81941039643044,81.06638188019512,14.534083101667619,13.440012953040828,-0.010606047394987828,217.9499969482422,193.1999969482422,205.5749969482422,173.92499923706055,152.89999389648438,1,1,0,1,31.64999771118164,-75.65000915527344,230.81138853180283,208.19500045776368,185.57861238372453,0.9500056005264427,21.726158672698112,20.35500259399413,0,0,0,-0.10816327828587025,1
2020-05-15,228.6000061035156,231.5,225.6999969482422,230.25,325461,210.0150001525879,173.61300003051758,209.05089512057992,89.33487414471149,14.608882779560133,13.67378691834469,0.0074381838789876475,220.625,193.75,207.1875,173.92499923706055,151.89999389648438,1,1,0,1,33.26250076293945,-78.35000610351562,233.5602808329244,210.0150001525879,186.4697194722514,0.9297039419944367,22.42247521675072,20.234999847412098,0,0,0,-0.02030165853200594,0
2020-05-18,229.0,235.0,218.75,229.25,651925,211.53000030517578,175.09900009155274,210.97461939481042,85.8396121284064,14.42123144138975,13.823275822953704,-0.004343105320304019,220.625,198.9749984741211,209.79999923706055,173.92499923706055,158.9499969482422,1,1,0,1,35.875,-70.30000305175781,235.9166672588621,211.53000030517578,187.14333335148945,0.8633132754155574,23.05740738288046,17.719999694824224,0,0,0,-0.06639066657887938,1
2020-05-19,230.0,235.0500030517578,230.0,233.6499938964844,477703,213.175,176.65099990844726,213.13417887116032,86.31962332578158,14.460863308452872,13.950793320053538,0.01919299409589703,221.2249984741211,201.0999984741211,211.1624984741211,173.92499923706055,166.4499969482422,1,1,0,1,37.23749923706055,-67.19999694824222,238.83630493770963,213.175,187.5136950622904,0.8989468568762481,24.075341796842608,20.474993896484392,0,0,0,0.03563358146069073,1
2020-05-20,231.0,235.5,227.0,234.6999969482422,354733,215.34499969482422,178.1549998474121,215.1880663070729,85.15112822840796,14.41087868069718,14.042810392182266,0.0044939143128031045,221.9749984741211,201.5,211.73749923706055,173.92499923706055,174.75,1,1,0,1,37.8125,-59.94999694824219,240.57650731587648,215.34499969482422,190.11349207377197,0.8835481720733337,23.433567212434973,19.354997253417963,0,0,0,-0.015398684802914397,1
2020-05-21,233.9499969482422,244.3500061035156,233.0,235.1000061035156,365824,217.2400001525879,179.81699996948242,217.08444152578173,84.28374304281931,14.239399959876835,14.08212830572118,0.001704342396568581,227.6750030517578,213.32500457763672,220.50000381469727,178.12500381469727,183.3500061035156,1,1,0,1,42.375,-51.75,242.42866229646356,217.2400001525879,192.05133800871224,0.8545247033945819,23.189709193687456,17.8600059509277,0,0,0,-0.02902346867875183,1
2020-05-22,237.0,242.0,232.0,239.6499938964844,495551,219.2224998474121,181.55999984741212,219.23354175156294,88.00504773189229,14.305740159700235,14.126850676516993,0.019353414184793527,231.5500030517578,213.32500457763672,222.43750381469727,178.12500381469727,187.8000030517578,1,1,0,1,44.3125,-51.84999084472659,244.90801178131085,219.2224998474121,193.53698791351337,0.897646231495057,23.43328075519339,20.427494049072294,0,0,0,0.04312152810047509,1
2020-05-26,240.0,243.9499969482422,236.5,239.8999938964844,281221,221.4199996948242,183.45999984741212,221.20177528917452,87.6942975994283,14.214630741787516,14.144406689571099,0.0010431880090429058,231.5500030517578,214.5500030517578,223.0500030517578,178.12500381469727,193.8500061035156,1,1,0,1,44.92499923706055,-46.04998779296881,246.27194880913837,221.4199996948242,196.56805058051006,0.8718017069135261,22.447790758347722,18.47999420166019,0,0,0,-0.02584452458153086,1
2020-05-27,240.0,243.1999969482422,237.0500030517578,242.6000061035156,316188,223.5175003051758,185.55800003051758,223.2397020333975,88.19875776397521,14.196644214447701,14.15485419454642,0.011254740624112802,231.5500030517578,214.5500030517578,223.0500030517578,178.12500381469727,198.9499969482422,1,1,0,1,44.92499923706055,-43.65000915527341,248.0829485131892,223.5175003051758,198.95205209716238,0.8884013358265325,21.980782868879075,19.08250579833981,0,0,0,0.01659962891300637,1
2020-05-28,242.6000061035156,251.6999969482422,240.3000030517578,246.0,444357,225.63500061035157,187.86099990844727,225.4073494587882,91.85360638945266,14.291991670930088,14.182281689823153,0.014014813730192754,235.2249984741211,218.2249984741211,226.7249984741211,181.79999923706055,200.75,1,1,0,1,44.92499923706055,-45.25,250.28606573574905,225.63500061035157,200.9839354849541,0.9130653033865623,21.85039117044375,20.364999389648432,0,0,0,0.024663967560029865,1
2020-05-29,246.0,249.8000030517578,246.0,248.6000061035156,294574,227.66750106811523,190.34600006103517,227.61617390114318,92.02312844337067,14.411230288444017,14.228071409547326,0.010569130502095847,235.2249984741211,218.2249984741211,226.7249984741211,181.79999923706055,191.3000030517578,1,1,0,1,44.92499923706055,-57.300003051757784,252.8483907253096,227.66750106811523,202.48661141092086,0.9156426822159517,22.120759035924557,20.932505035400368,0,0,0,0.002577378829389354,1
2020-06-01,253.8999938964844,261.0,251.5,260.75,864596,230.18250122070313,193.09300003051757,230.7717763867486,92.34184709639223,15.309650595464262,14.444387246730715,0.048873666927526926,244.0,226.5,235.25,186.45000076293945,197.1999969482422,1,1,0,1,48.79999923706055,-63.55000305175781,257.90213610916794,230.18250122070313,202.46286633223835,1.0513690729024927,24.084919350047997,30.56749877929687,1,0,0,0.13572639068654102,1
2020-06-02,269.0,273.75,264.04998779296875,273.75,371599,233.39250106811522,196.21400009155275,234.86494054039161,93.6813232111093,16.876109233779687,14.930731644140511,0.04985618408437209,250.375,232.875,241.625,192.82500076293945,200.0,1,1,0,1,48.79999923706055,-73.75,265.35571674030246,233.39250106811522,201.429285395928,1.1313116199851228,27.39009653344331,40.35749893188478,1,0,0,0.07994254708263004,1
2020-06-03,287.3999938964844,287.3999938964844,261.20001220703125,273.8500061035156,1411752,236.5450012207031,199.22300018310546,238.57780392735583,93.06533276735239,17.919049004435124,15.528395116199434,0.0003653190996004696,259.6999969482422,239.6999969482422,249.6999969482422,199.64999771118164,195.9499969482422,1,1,0,1,50.04999923706055,-77.90000915527344,271.2893802865687,236.5450012207031,201.80062215483753,1.0368494974696871,29.376548975091726,37.30500488281251,1,0,0,-0.09446212251543562,1
2020-06-04,274.8999938964844,282.6000061035156,263.5,274.0,1332983,239.65250091552736,202.11500030517578,241.9513464104648,97.89251830492047,18.543926696782876,16.13150143231612,0.0005477228159260772,259.6999969482422,242.75,251.2249984741211,199.64999771118164,200.6499938964844,1,1,0,1,51.57500076293945,-73.3500061035156,276.0826050768261,239.65250091552736,203.22239675422864,0.971416427090009,30.40244021833897,34.347499084472645,0,0,0,-0.06543307037967816,1
2020-06-05,274.0,286.0,271.1499938964844,284.25,1044811,243.33750076293944,205.0870004272461,245.97978960946813,98.21428571428571,19.639840254072055,16.83316919666731,0.0374087591240877,261.9499969482422,243.67499542236328,252.81249618530273,205.17499542236328,203.6499938964844,1,1,0,1,47.63750076293945,-80.6000061035156,282.0832347505301,243.33750076293944,204.59176677534882,1.0279613395653295,31.845263361471705,40.91249923706056,1,0,0,0.05654491247532056,1
2020-06-08,288.3500061035156,298.45001220703125,283.20001220703125,297.75,1368198,247.61250076293945,208.19500030517577,250.91028583713785,100.0,21.351569220562766,17.7368492014464,0.0474934036939314,267.75000762939453,249.20000457763672,258.4750061035156,210.70000457763672,207.9499969482422,1,1,0,1,47.775001525878906,-89.80000305175781,290.3557677899767,247.61250076293945,204.86923373590218,1.0864958708624923,34.524320779716234,50.13749923706055,1,0,0,0.058534531297162795,1
2020-06-09,312.6000061035156,312.6000061035156,308.8999938964844,312.6000061035156,1422436,252.11250076293945,211.7420004272461,256.7854972910786,100.0,23.63396055902757,18.916271472962634,0.049874075914410065,276.4500045776367,256.2750015258789,266.3625030517578,220.5500030517578,210.4499969482422,1,1,0,1,45.8125,-102.15000915527344,301.76667549583937,252.11250076293945,202.45832603003953,1.1090878125147683,39.39049002539511,60.48750534057618,1,0,0,0.02259194165227596,1
2020-06-10,328.20001220703125,328.20001220703125,328.20001220703125,328.20001220703125,403398,257.2200012207031,215.48000061035157,263.58687966402647,100.0,26.397270948600607,20.41247136809023,0.049904049260798056,287.1000061035156,266.75000762939453,276.9250068664551,228.35000610351562,209.5500030517578,1,1,0,1,48.57500076293945,-118.65000915527344,315.3852996972263,257.2200012207031,199.05470274418,1.1101577129787898,45.22610854559124,70.98001098632812,1,0,0,0.001069900464021556,1
2020-06-11,344.6000061035156,344.6000061035156,315.29998779296875,332.04998779296875,5504845,262.2725006103516,219.15900024414063,270.10717567630667,100.0,28.568554680066256,22.043688030485434,0.011730577217373472,298.0500030517578,274.9500045776367,286.50000381469727,236.5500030517578,210.8000030517578,1,1,0,1,49.95000076293945,-121.24998474121094,327.56797236614636,262.2725006103516,196.97702885455683,1.0343210279847976,49.79208388515104,69.77748718261716,1,0,0,-0.07583668499399221,1
2020-06-12,315.45001220703125,339.95001220703125,315.45001220703125,336.3999938964844,2889440,267.6650001525879,222.845,276.4207774115617,100.0,30.291144361921567,23.693179296772662,0.01310045554414474,302.90000915527344,275.5500030517578,289.2250061035156,240.7750015258789,211.8500061035156,1,1,0,1,48.45000457763672,-124.54998779296878,338.5079116569789,267.6650001525879,196.82208864819688,0.9851225922556568,52.934011890987286,68.7349937438965,0,0,0,-0.049198435729140844,1
2020-06-15,344.8500061035156,351.0,338.0,346.1499938964844,2701757,273.4599998474121,226.79299987792967,283.0616551720305,100.0,32.073331213951576,25.369209680208446,0.02898335367687377,306.1000061035156,279.5,292.8000030517578,246.1750030517578,210.5500030517578,1,1,0,1,46.625,-135.59999084472656,349.8562852667909,273.4599998474121,197.06371442803334,0.9757429870447184,55.87382832005202,72.68999404907225,0,0,0,-0.009379605210938391,1
2020-06-16,360.20001220703125,363.4500122070313,350.0,363.4500122070313,3265090,280.17000045776365,231.12300018310546,290.71768917536394,100.0,34.484181846851186,27.192204113536995,0.049978386871560865,313.4750061035156,287.2250061035156,300.3500061035156,252.40000915527347,212.25,1,1,0,1,47.94999694824216,-151.2000122070313,363.1460912352326,280.17000045776365,197.19390968029472,1.0018313767794498,59.23267347817118,83.28001174926766,1,0,0,0.026088389734731376,1
2020-06-17,371.5,381.6000061035156,370.0,381.6000061035156,940601,287.56750106811523,235.69000030517577,299.373147930426,100.0,37.42790556696957,29.23934440422351,0.049938074802279964,326.375,300.1750030517578,313.2750015258789,261.4750061035156,222.6000061035156,1,1,0,1,51.79999542236328,-159.00000000000003,378.622026417256,287.56750106811523,196.51297571897447,1.016352727526945,63.32741009393336,94.03250503540039,1,0,0,0.014521350747495276,1
2020-06-18,400.6499938964844,400.6499938964844,391.1000061035156,400.6499938964844,2333783,295.86500091552733,240.64500030517578,309.01856183195537,100.0,40.82737012243331,31.55694954786547,0.04992135086025429,341.9250030517578,309.6999969482422,325.8125,273.7999954223633,226.0500030517578,1,1,0,1,52.01250457763672,-174.59999084472656,395.9353162451433,295.86500091552733,195.79468558591137,1.0235568241981232,67.6459297449563,104.78499298095704,1,0,0,0.007204096671178162,1
2020-06-19,419.9500122070313,420.6499938964844,413.6499938964844,420.6499938964844,2882495,305.14250030517576,246.02000030517578,319.6501267904819,100.0,44.620940698680556,34.16974777802849,0.0499188825775132,364.7749938964844,319.6999969482422,342.2374954223633,285.5499954223633,231.0,1,1,0,1,56.6875,-189.64999389648438,414.8947759363434,305.14250030517576,195.39022467400812,1.0262191281549453,71.93509623956244,115.50749359130862,1,0,0,0.0026623039568220985,1
2020-06-22,441.6499938964844,441.6499938964844,439.0,441.6499938964844,1646544,315.2425003051758,251.67400024414061,331.2691617529583,100.0,48.75982430458737,37.08776308334026,0.049922739343169376,378.47499084472656,330.1999969482422,354.3374938964844,296.0499954223633,228.5500030517578,1,1,0,1,58.287498474121094,-213.09999084472656,435.68554696374184,315.2425003051758,194.79945364660972,1.024760445281871,76.41294973994252,126.4074935913086,1,0,0,-0.0014586828730742685,1
2020-06-23,463.7000122070313,463.7000122070313,455.25,463.6000061035156,4093748,326.42750091552733,257.61700042724607,343.8720993101543,100.0,53.19786999177518,40.30978446502725,0.04970001700526683,389.5,341.2250061035156,365.3625030517578,307.62500762939453,230.25,1,1,0,1,57.73749542236328,-233.35000610351562,457.85353252546145,326.42750091552733,195.00146930559322,1.0218620067412119,80.52387206428692,137.1725051879883,1,0,0,-0.0028984385406591873,0
2020-06-24,486.75,486.75,440.4500122070313,440.4500122070313,4430414,336.32000122070315,262.9310006713867,353.0699957765235,89.11868677016012,54.22200462114267,43.092228496250335,-0.049935275219377906,401.1000061035156,356.875,378.9875030517578,324.375,229.25,1,1,0,1,54.61250305175781,-211.2000122070313,470.7676578553074,336.32000122070315,201.8723445860989,0.8872511191077431,79.95222178081268,104.13001098632816,0,0,0,-0.13461088763346873,0
2020-06-25,418.4500122070313,418.4500122070313,418.4500122070313,418.4500122070313,158257,344.9425018310547,267.63300079345703,359.29666400800045,79.88864414410497,52.651488964708165,45.0040805899419,-0.04994891449715522,412.375,356.875,384.625,326.5,233.6499938964844,1,1,0,1,58.125,-184.8000183105469,477.21611796161835,344.9425018310547,212.66888570049107,0.7778615740852632,76.69313895992346,73.50751037597661,0,0,0,-0.10938954502247988,0
2020-06-26,397.5499877929688,397.5499877929688,397.5499877929688,397.5499877929688,147236,352.39000091552737,271.82800048828125,362.93983770180694,71.51789074734504,49.15377259726631,45.834018991406786,-0.04994628702202564,418.375,359.375,388.875,326.9000015258789,234.6999969482422,1,1,0,1,61.974998474121094,-162.84999084472662,478.76872844926714,352.39000091552737,226.0112733817876,0.6786692577094706,71.72662516268983,45.15998687744144,0,0,0,-0.09919231637579262,0
2020-06-29,377.7000122070313,377.7000122070313,377.7000122070313,377.7000122070313,94398,358.2375015258789,275.50500061035154,364.3455686070664,63.73997631506098,44.269765737318096,45.52116834058905,-0.049930766433011975,428.375,359.375,393.875,334.5250015258789,235.1000061035156,1,0,0,1,59.349998474121094,-142.6000061035157,477.75047613638145,358.2375015258789,238.72452691537632,0.5814242585149499,66.72276023668562,19.462510681152423,0,0,0,-0.09724499919452068,0
2020-06-30,358.8500061035156,358.8500061035156,358.8500061035156,358.8500061035156,126347,362.4925018310547,278.703000793457,363.8221817019664,56.381427165410614,38.43506169078398,44.10394701062804,-0.04990734840957145,422.8000030517578,361.625,392.2125015258789,334.5250015258789,239.6499938964844,1,0,0,1,57.6875,-119.20001220703122,475.55610534437324,362.4925018310547,249.42889831773618,0.4838918289601923,62.3812095103769,-3.6424957275390852,0,0,0,-0.09753242955475766,0
2020-07-01,340.95001220703125,340.95001220703125,340.95001220703125,340.95001220703125,80912,365.84750213623045,281.50700103759766,361.6438798453059,51.750594804616675,31.99778622451163,41.68271485340476,-0.04988154825701985,413.8500061035156,361.9000015258789,387.87500381469727,335.75,239.8999938964844,1,0,0,1,52.125003814697266,-101.05001831054685,471.9591023187969,365.84750213623045,259.735901953664,0.38268252534895936,58.00865090671235,-24.897489929199196,0,0,0,-0.10120930361123293,1
2020-07-02,323.95001220703125,357.95001220703125,323.95001220703125,357.95001220703125,3295000,370.04500274658204,284.84000122070313,361.29208292737496,54.03785231734026,27.945815004788187,38.93533488368145,0.04986068159949886,405.3500061035156,363.5250015258789,384.43750381469727,335.75,242.6000061035156,1,0,0,1,48.687503814697266,-115.35000610351565,467.5871833020352,370.04500274658204,272.50282219112887,0.4380012294646482,52.71909083028638,-12.094990539550793,0,0,0,0.055318704115688844,1
2020-07-03,375.7999877929688,375.7999877929688,375.7999877929688,375.7999877929688,127962,374.6225021362305,288.41200103759763,362.6737881526696,55.391888683588476,25.87665252889974,36.32359841272511,0.04986722999638693,405.3500061035156,366.375,385.8625030517578,335.75,246.0,1,0,0,1,50.11250305175781,-129.7999877929688,463.8700816898706,374.6225021362305,285.3749225825904,0.5065967372035598,47.64667314147907,1.1774856567383267,0,0,0,0.0685955077389116,1
2020-07-06,394.5499877929688,394.5499877929688,362.25,394.5499877929688,5078968,379.4625015258789,292.30300079345704,365.7096166898409,55.6259008152081,25.456349705580863,34.150148671296265,0.04989356202515238,405.3500061035156,369.125,387.2375030517578,335.75,248.6000061035156,1,1,0,1,51.48750305175781,-145.9499816894532,461.7362683036257,379.4625015258789,297.1887347481321,0.5916907469901496,43.363318613518295,15.0874862670899,0,0,0,0.08509400978658976,1
2020-07-07,400.3999938964844,414.25,376.0,413.75,5553639,384.52000122070314,296.6590008544922,370.28489129080845,55.793836009776626,26.368576675842633,32.59383427220554,0.048663066280731915,371.20001220703125,373.9750061035156,372.58750915527344,339.375,260.75,0,1,0,1,33.21250915527344,-153.0,462.02914480162485,384.52000122070314,307.0108576397814,0.6885583908482998,40.314752592770205,29.229998779296864,0,0,0,0.09686764385815028,0
2020-07-08,410.0,424.8500061035156,393.1000061035156,393.1000061035156,2943177,387.76500091552737,300.5080010986328,372.45775936820917,48.64719797110863,25.135494855378397,31.102166388840114,-0.04990935080721304,374.40000915527344,373.9750061035156,374.18750762939453,339.375,273.75,1,1,0,1,34.81250762939453,-119.35000610351562,460.880541745286,387.76500091552737,314.64946008576874,0.5364833873034613,37.71126360405408,5.3350051879882585,0,0,0,-0.1520750035448385,0
2020-07-09,385.0,393.0,373.4500122070313,373.6000061035156,2630020,389.8425018310547,303.9070013427734,372.56654477157167,41.554480370694094,22.32740516862856,29.347214144797807,-0.049605697525390124,374.40000915527344,375.125,374.7625045776367,339.375,273.8500061035156,0,0,0,1,35.38750457763672,-99.75,458.7476188309373,389.8425018310547,320.93738483117204,0.38213868262086603,35.3502333256336,-16.24249572753905,0,0,0,-0.1543447046825953,0
2020-07-10,365.0,384.4500122070313,356.6499938964844,371.0499877929688,1883562,391.5750015258789,307.16900115966797,372.42211077360946,36.428295954092,19.669471273397676,27.411665570517783,-0.006825530698305937,374.40000915527344,378.9499969482422,376.6750030517578,342.4250030517578,274.0,0,0,0,1,34.25,-97.0499877929688,456.65434013579613,391.5750015258789,326.4956629159617,0.34230775718284284,33.239782088395735,-20.52501373291011,0,0,0,-0.03983092543802319,0
2020-07-13,381.0,382.6499938964844,361.6000061035156,364.75,855872,392.5050018310547,310.25500122070315,371.69143355707524,29.781138574783427,16.860327784835818,25.301398013381394,-0.01697881148155156,374.40000915527344,384.9750061035156,379.68750762939453,343.3499984741211,284.25,0,0,0,1,36.33750915527344,-80.5,455.4580842764785,392.5050018310547,329.5519193856309,0.2795580394723604,32.07759501241748,-27.7550018310547,0,0,0,-0.06274971771048243,0
2020-07-14,364.0,364.75,346.75,348.1000061035156,892124,391.7375015258789,313.0260012817383,369.44463094245054,30.594659968488457,13.139086760347482,22.868935762774612,-0.04564768717336365,374.40000915527344,397.8249969482422,386.1125030517578,343.3499984741211,297.75,0,0,0,1,42.76250457763672,-50.350006103515625,456.4387890494566,391.7375015258789,327.03621400230116,0.16277722521007507,33.03298115271378,-43.63749542236326,0,0,0,-0.11678081426228534,1
2020-07-15,348.0,365.5,346.1499938964844,354.54998779296875,1980374,390.38500061035154,315.9010009765625,368.02609349964274,35.63398495142846,10.588379804589692,20.41282457113763,0.018529105361563936,385.5,401.0249938964844,393.2624969482422,343.3499984741211,312.6000061035156,0,0,0,1,49.912498474121094,-41.949981689453125,456.9805563565277,390.38500061035154,323.7894448641754,0.23095041841857147,34.11788651820979,-35.83501281738279,0,0,0,0.06817319320849641,0
2020-07-16,353.0,359.95001220703125,338.04998779296875,348.29998779296875,969222,387.76750030517576,318.63000061035154,366.1474167656738,38.1468075886332,7.970721878516372,17.924404032613378,-0.01762797973539787,381.4499969482422,401.0249938964844,391.2374954223633,346.0250015258789,328.20001220703125,0,0,0,1,45.212493896484375,-20.0999755859375,456.62037575048055,387.76750030517576,318.91462485987097,0.2133924163881933,35.51245289567439,-39.46751251220701,0,0,0,-0.01755800203037816,0
2020-07-17,352.29998779296875,354.75,344.29998779296875,347.29998779296875,585531,384.1,321.3650003051758,364.3524235301781,41.95340648291062,5.7492437668803404,15.489371979466771,-0.002871088243030284,381.4499969482422,401.1000061035156,391.2750015258789,346.0250015258789,332.04998779296875,0,0,0,1,45.25,-15.25,453.36895740489706,384.1,314.831042595103,0.2343686581571844,36.06818922410676,-36.80001220703127,0,0,0,0.0209762417689911,1
2020-07-20,349.0,362.8999938964844,348.0,349.95001220703125,898952,379.51500091552737,324.1190005493164,362.980765308926,47.42327885347196,4.154648974362772,13.222427378445973,0.007630361379805883,381.4499969482422,405.3500061035156,393.4000015258789,346.625,336.3999938964844,0,0,0,1,46.775001525878906,-13.550018310546875,444.97448126251675,379.51500091552737,314.055520568538,0.27417336227100164,34.496386276736075,-29.564988708496116,0,0,0,0.03980470411381723,0
2020-07-21,352.1000061035156,354.5,345.0,347.3500061035156,463869,373.70250091552737,326.6140005493164,361.49212157507736,52.03303498877306,2.6505682486127853,11.108055552479335,-0.007429649986631426,365.5249938964844,405.3500061035156,385.4375,347.375,346.1499938964844,0,0,1,1,38.0625,-1.20001220703125,427.94881600748954,373.70250091552737,319.4561858235652,0.2571033648337483,29.031818068685684,-26.35249481201174,0,0,0,-0.017069997437253348,0
2020-07-22,345.0,346.95001220703125,332.54998779296875,336.0,536991,368.4800003051758,328.81300048828126,359.06430047268907,42.76770602733731,0.5365379253246942,8.993752027048409,-0.03267599223859852,358.5,405.3500061035156,381.9250030517578,348.875,363.4500122070313,0,0,1,1,33.05000305175781,27.450012207031307,415.66913372475807,368.4800003051758,321.2908668855935,0.15585296919547342,25.612860063232823,-32.48000030517579,0,0,0,-0.10125039563827487,0
2020-07-23,337.3999938964844,340.0,320.0,320.29998779296875,832614,363.57249908447267,330.5990002441406,355.3724611698586,31.45053930014396,-2.37829065701834,6.71934349023506,-0.046726226806640625,351.3249969482422,403.375,377.3499984741211,352.75,381.6000061035156,0,0,1,1,24.599998474121094,61.300018310546875,409.3474086224204,363.57249908447267,317.79758954652493,0.027333732296830768,25.18062265612249,-43.27251129150392,0,0,0,-0.12851923689864264,1
2020-07-24,315.0,336.29998779296875,305.6000061035156,336.29998779296875,1468506,360.50999908447267,332.75399993896485,353.5560351339643,30.166841854354374,-3.3585319604834467,4.703768400091358,0.049953170807929714,335.5500030517578,396.1750030517578,365.8625030517578,352.75,400.6499938964844,0,0,1,1,13.112503051757812,64.35000610351562,404.95874197838526,360.50999908447267,316.0612561905601,0.2276637120054574,24.65881279675553,-24.210011291503918,0,0,0,0.20032997970862665,1
2020-07-27,345.95001220703125,353.1000061035156,325.25,342.20001220703125,1835637,358.73499908447263,334.9930001831055,352.47450914092303,23.212294409172586,-3.6175961969997843,3.0394954806731302,0.0175439328820155,335.5500030517578,396.1750030517578,365.8625030517578,352.75,420.6499938964844,0,0,1,1,13.112503051757812,78.44998168945312,403.13139599355543,358.73499908447263,314.33860217538984,0.31378008094550364,24.751639523540668,-16.534986877441384,0,0,0,0.08611636894004623,0
2020-07-28,344.6000061035156,344.6000061035156,336.0,338.04998779296875,475244,357.6949981689453,337.1689999389648,351.10074520302265,26.48441649152639,-4.110396663802476,1.6095170517780093,-0.012127481782647442,334.25,396.1750030517578,365.2125015258789,352.75,441.6499938964844,0,0,1,1,12.462501525878906,103.60000610351562,402.9971498175664,357.6949981689453,312.39284652032416,0.2831779544562264,25.33004480382707,-19.64501037597654,0,0,0,-0.030602126489277237,1
2020-07-29,338.0,345.75,333.5,338.3999938964844,566831,357.56749725341797,339.26399993896484,349.8911498404952,32.022481366837184,-4.421731053594783,0.40326743070345084,0.001035367892780359,334.25,396.1750030517578,365.2125015258789,352.75,463.6000061035156,0,0,1,1,12.462501525878906,125.20001220703125,403.07134813510424,357.56749725341797,312.0636463717317,0.2893859202513358,25.451894387054114,-19.167503356933594,0,0,0,0.006207965795109405,1
2020-07-30,338.3500061035156,350.95001220703125,338.3500061035156,341.45001220703125,530920,356.742497253418,341.3990002441406,349.0872319706415,34.95937506008916,-4.371957607108129,-0.5517775768588652,0.009013056635810202,334.25,365.2250061035156,349.7375030517578,356.875,440.4500122070313,0,0,1,0,7.1374969482421875,99.00000000000006,402.7838194148079,356.742497253418,310.70117509202805,0.3339265215627219,25.812075946019803,-15.29248504638673,0,0,0,0.0445406013113861,0
2020-07-31,340.04998779296875,348.8999938964844,338.0,340.6499938964844,452663,354.98499755859376,343.51,348.2836854873884,37.02907641572313,-4.346957562900343,-1.310813574067161,-0.0023430027293769307,330.0500030517578,365.2250061035156,347.6375045776367,356.875,418.4500122070313,0,0,1,0,9.237495422363281,77.80001831054693,400.6643612733527,354.98499755859376,309.3056338438348,0.3430910317444093,25.735940408140273,-14.335003662109386,0,0,0,0.009164510181687402,0
2020-08-03,342.0,347.0,335.6000061035156,339.79998779296875,425008,352.24749755859375,345.5129998779297,347.475714278396,44.61737709966327,-4.34563941044928,-1.9177787413435847,-0.0024952476698822945,329.3500061035156,365.2250061035156,347.2875061035156,359.375,397.5499877929688,0,0,1,0,12.087493896484375,57.75000000000006,394.5519637324202,352.24749755859375,309.9430313847673,0.35288184804792294,24.019739794909057,-12.447509765625,0,0,0,0.009790816303513639,1
2020-08-04,339.1499938964844,347.70001220703125,339.1499938964844,343.20001220703125,440285,348.7199981689453,347.5790002441406,347.0685045573137,42.33629345602429,-4.023856694894846,-2.3389943320538373,0.010005958022970995,329.3500061035156,365.2250061035156,347.2875061035156,359.375,377.7000122070313,0,0,1,0,12.087493896484375,34.50000000000006,380.33889579999595,348.7199981689453,317.1011005378947,0.4127106512958678,18.13426118208003,-5.519985961914074,0,0,0,0.05982880324794487,0
2020-08-05,344.8999938964844,348.79998779296875,341.8999938964844,342.95001220703125,296449,346.2124984741211,349.58600036621095,346.67626719062014,46.06909467286853,-3.745834832909054,-2.620362432224881,-0.0007284382025289915,329.3500061035156,365.2250061035156,347.2875061035156,361.625,358.8500061035156,0,0,1,0,14.337493896484375,15.899993896484375,370.447720677978,346.2124984741211,321.9772762702642,0.43269122437485535,14.000200634390698,-3.262486267089855,0,0,0,0.01998057307898754,0
2020-08-06,342.95001220703125,347.95001220703125,340.1000061035156,341.6000061035156,295711,344.6124984741211,351.49800048828126,346.19281375375306,45.8333575004562,-3.593016654905284,-2.8148932767609613,-0.00393645153947586,339.1750030517578,365.2250061035156,352.2000045776367,361.9000015258789,340.95001220703125,0,0,1,0,9.699996948242188,-0.649993896484375,365.3813669462856,344.6124984741211,323.84363000195657,0.4274757704146725,12.053462114186301,-3.0124923706054574,0,0,1,-0.005215453960182859,1
2020-08-07,343.0,375.75,342.0,370.4500122070313,2282608,344.5824996948242,353.93500061035155,348.5030231302557,60.83507696158988,-1.1309162661044638,-2.478097874629662,0.08445551987131172,354.625,365.2250061035156,359.9250030517578,363.5250015258789,357.95001220703125,0,1,0,0,3.5999984741210938,-12.500000000000057,365.1997146568374,344.5824996948242,323.965284732811,1.1273280013781564,11.966489871234085,25.8675125122071,1,0,1,0.6998522309634838,1
2020-08-10,384.0,388.5,370.75,373.5,1014469,345.0199996948242,356.19000061035155,350.88368759404085,63.755894410940975,1.0542715691883018,-1.7716239858660694,0.008233196632381645,361.0,365.2250061035156,363.1125030517578,366.375,375.7999877929688,0,1,0,0,3.2624969482421875,2.299987792968807,367.607666215693,345.0199996948242,322.43233317395544,1.1304325477548354,13.093540398149628,28.480000305175793,1,0,1,0.003104546376679007,0
2020-08-11,373.0,376.6000061035156,360.0,360.6499938964844,586768,345.64749908447266,357.92800048828127,351.81381200379735,62.765384803816985,1.729227117707751,-1.0714537651513054,-0.03440430014328144,362.0500030517578,365.2250061035156,363.6375045776367,369.125,394.5499877929688,0,0,1,0,5.487495422363281,33.89999389648443,369.21844969693643,345.64749908447266,322.0765484720089,0.8182411914282054,13.638721920393978,15.002494812011719,0,0,0,-0.31219135632663,1
2020-08-12,353.1499938964844,369.7999877929688,351.6499938964844,362.5,470018,346.04499969482424,359.70100036621096,352.8315441939119,75.51387163744438,2.385910987424097,-0.37998081463622496,0.005129644072714434,362.0500030517578,365.2250061035156,363.6375045776367,373.9750061035156,413.75,0,0,1,0,10.337501525878906,51.25,370.45623035234905,346.04499969482424,321.63376903729943,0.8370374999939519,14.108703017846224,16.45500030517576,0,0,0,0.018796308565746545,0
2020-08-13,363.75,369.25,361.0,362.1499938964844,295625,346.7375,361.4640002441406,353.7190155941569,69.2766234020406,2.845296313133133,0.26507461091764667,-0.0009655340786638433,362.0500030517578,349.3000030517578,355.6750030517578,373.9750061035156,393.1000061035156,1,0,0,0,18.300003051757812,30.95001220703125,372.1313403733416,346.7375,321.34365962665845,0.8034691419235743,14.647299685405565,15.412493896484364,0,0,0,-0.03356835807037761,0
2020-08-14,362.2999877929688,367.7999877929688,351.0,357.6000061035156,472397,347.2525009155273,362.9310003662109,354.0886337379053,61.71991596299065,2.8098265727181797,0.7740250032777534,-0.012563821260947794,363.8249969482422,347.0500030517578,355.4375,375.125,373.6000061035156,1,0,0,0,19.6875,16.0,373.0850724948554,347.2525009155273,321.41992933619923,0.7002801996737454,14.878263805859312,10.347505187988304,0,0,0,-0.10318894224982889,1
2020-08-17,358.75,370.0,358.0,367.25,682891,348.1175003051758,364.3210003662109,355.34209719143814,70.50560545612589,3.51981615732376,1.323183234086955,0.02698544108439127,364.3000030517578,347.0500030517578,355.6750030517578,378.9499969482422,371.0499877929688,1,0,0,0,23.274993896484375,3.799987792968807,375.37283994932403,348.1175003051758,320.86216066102753,0.8509862644278584,15.658701226025679,19.13249969482422,0,0,0,0.15070606475411297,1
2020-08-18,367.25,375.0,365.8500061035156,373.5499877929688,715230,349.42749938964846,365.54,357.0761820106315,72.78027794512221,4.538527067125358,1.9662520006946358,0.0171544936500172,364.3000030517578,347.0500030517578,355.6750030517578,384.9750061035156,364.75,1,0,0,0,29.300003051757812,-8.799987792968807,378.8423531748713,349.42749938964846,320.01264560442564,0.910039236969432,16.83602683624059,24.122488403320347,0,0,0,0.0590529725415736,0
2020-08-19,376.75,384.2999877929688,368.6499938964844,371.0,822005,351.17749938964846,366.39599975585935,358.40225991438086,69.27591544742376,5.081523459500943,2.5893062924558974,-0.0068263629401644765,365.25,347.0500030517578,356.1500015258789,396.1750030517578,348.1000061035156,1,0,0,0,40.025001525878906,-22.899993896484375,381.3436829691296,351.17749938964846,321.01131581016733,0.8285549953331633,17.18002071995523,19.82250061035154,0,0,0,-0.08148424163626866,1
2020-08-20,370.5,380.0,365.0,375.3999938964844,1229063,353.9324996948243,367.2629998779297,360.02109172220025,71.6510903426791,5.800035548295284,3.231452143623775,0.011859821823408057,369.75,347.0500030517578,358.4000015258789,396.1750030517578,354.54998779296875,1,0,0,0,37.775001525878906,-20.850006103515625,382.32792588586784,353.9324996948243,325.53707350378073,0.8780097198969201,16.045673237426517,21.467494201660088,0,0,0,0.04945472456375677,1
2020-08-21,378.4500122070313,384.3999938964844,375.3999938964844,376.5499877929688,770238,355.9449996948243,368.06599975585937,361.5952723003687,72.81192152037042,6.388612503642435,3.862884215627507,0.003063382832130701,367.6999969482422,347.0500030517578,357.375,396.1750030517578,348.29998779296875,1,0,0,0,38.80000305175781,-28.250000000000057,384.7586884894082,355.9449996948243,327.13131090024035,0.8575555397477886,16.189966887742685,20.60498809814453,0,0,0,-0.020454180149131473,1
2020-08-24,379.75,414.2000122070313,378.25,414.2000122070313,2209231,359.54499969482424,369.4270001220703,366.6052475295747,80.92334823590832,9.78036434495192,5.04638024149239,0.09998678962848051,382.6000061035156,359.90000915527344,371.25000762939453,396.1750030517578,347.29998779296875,1,1,0,0,24.92499542236328,-66.90002441406256,397.219036143056,359.54499969482424,321.8709632465925,1.2253670918340416,20.956506963083243,54.655012512207065,1,0,0,0.36781155208625294,1
2020-08-25,424.3999938964844,435.0,400.0499877929688,424.7000122070313,2573736,363.8775009155274,370.6520001220703,372.13808226076105,82.68692842071454,13.163869470251939,6.6698780872442995,0.02535007168167769,393.0,370.3000030517578,381.6500015258789,396.1750030517578,349.95001220703125,1,1,0,0,14.525001525878906,-74.75000000000006,409.7128451244903,363.8775009155274,318.04215670656447,1.163489195305425,25.19273332021888,60.82251129150393,1,0,0,-0.06187789652861664,1
2020-08-26,420.5499877929688,439.2999877929688,420.1000061035156,427.6499938964844,1145301,368.3400009155274,371.5729998779297,377.4249309879728,83.97158021101347,15.900074367349362,8.515917343265311,0.0069460362718685165,395.1499938964844,372.4499969482422,383.7999954223633,396.1750030517578,347.3500061035156,1,1,0,0,12.375007629394531,-80.29998779296875,420.34758356627435,368.3400009155274,316.3324182647805,1.0702052466007583,28.23890021256421,59.30999298095696,1,0,0,-0.09328394870466661,1
2020-08-27,431.5,442.75,424.5499877929688,432.75,1226228,372.9050003051758,372.215,382.69398517959445,80.2721136855816,18.26946530789303,10.466626936190854,0.011925654568698763,400.375,374.1750030517578,387.2750015258789,396.1750030517578,336.0,1,1,0,0,8.900001525878906,-96.75,430.4075834934818,372.9050003051758,315.4024171168698,1.0203679241578365,30.840339036080174,59.844999694824196,1,0,0,-0.04983732244292183,1
2020-08-28,436.1000061035156,472.5,436.0,462.2999877929688,2703595,378.98750000000007,373.04799987792967,390.27550923801107,84.31221519473945,22.274890680032797,12.828279684959243,0.06828420056145301,418.75,389.0500030517578,403.9000015258789,396.1750030517578,320.29998779296875,1,1,0,1,7.724998474121094,-142.00000000000006,446.4321108527694,378.98750000000007,311.5428891472307,1.117636359225489,35.591997547554655,83.31248779296874,1,0,0,0.09726843506765248,0
2020-08-31,463.6000061035156,497.2999877929688,425.0,452.75,3649101,384.6350006103516,373.27,396.2254607391528,86.51865433152552,24.397377165546118,15.14209918107662,-0.020657555797396143,431.1499938964844,411.2749938964844,421.2124938964844,401.4499969482422,336.29998779296875,1,1,0,1,19.762496948242188,-116.45001220703125,456.76160831625,384.6350006103516,312.5083929044532,0.9721905102441002,37.503923247466034,68.1149993896484,0,0,0,-0.1454458489813888,1
2020-09-01,454.1000061035156,498.0,454.1000061035156,494.6499938964844,2408646,392.20749969482426,373.89099975585935,405.5992258017558,89.76829590619789,29.12471079504911,17.93862150387112,0.09254554146103677,431.5,415.75,423.625,401.8000030517578,342.20001220703125,1,1,0,1,21.824996948242188,-152.44998168945312,476.17275838183195,392.20749969482426,308.2422410078166,1.1100290513218622,42.81675325043038,102.44249420166011,1,0,0,0.13783854107776206,1
2020-09-02,508.9500122070313,544.0999755859375,503.6000061035156,544.0999755859375,3657589,402.26499786376957,375.9639990234375,418.78977340024926,92.26482208563381,36.441284562108365,21.63915411551857,0.0999696397445049,459.74998474121094,438.79998779296875,449.27498626708984,424.84999084472656,338.04998779296875,1,1,0,1,24.42499542236328,-206.04998779296875,506.06555865438975,402.26499786376957,298.4644370731494,1.1832091110194882,51.60805008730743,141.83497772216793,1,0,0,0.07318005969762598,1
2020-09-03,562.9500122070312,571.2999877929688,558.0499877929688,571.2999877929688,509894,413.7499969482422,379.02099853515625,433.3145557233654,94.9138381669949,43.928159176039344,26.096955127622724,0.049990835191160876,474.7749938964844,453.4499969482422,464.1124954223633,438.4499969482422,338.3999938964844,1,1,0,1,25.662498474121094,-232.89999389648438,537.1414590661069,413.7499969482422,290.3585348303775,1.1384152847392037,59.64542019479473,157.54999084472655,1,0,0,-0.0447938262802845,0
2020-09-04,542.75,542.75,542.75,542.75,993049,422.3649963378906,381.92499877929686,443.7369789878068,84.17057049348647,47.01584642368522,30.280733386835223,-0.04997372379310272,485.67498779296875,453.4499969482422,469.56249237060547,438.4499969482422,341.45001220703125,1,1,0,1,31.11249542236328,-201.29998779296875,556.0878533497073,422.3649963378906,288.6421393260739,0.9501287451982547,63.320994008148745,120.3850036621094,0,0,0,-0.18828653954094898,1
2020-09-07,530.0499877929688,569.8499755859375,515.6500244140625,553.0999755859375,2507330,431.3449951171875,385.432998046875,454.1525024733431,84.41634015908686,49.724820565605796,34.16955082258934,0.019069508219138553,495.6999969482422,453.4499969482422,474.5749969482422,438.4499969482422,340.6499938964844,1,1,0,1,36.125,-212.44998168945312,574.5232419337872,431.3449951171875,288.1667483005879,0.9251867276483304,66.38688216502943,121.75498046874998,0,0,0,-0.02494201754992431,1
2020-09-08,560.0,577.7999877929688,543.0999755859375,564.4000244140625,1247351,441.5324966430664,389.54399841308594,464.6522664676973,85.86796029816671,52.18199997857806,37.77204065378709,0.02043039111718281,501.17498779296875,458.47499084472656,479.82498931884766,441.6999969482422,339.79998779296875,1,1,0,1,38.12499237060547,-224.60003662109375,591.9520470241102,441.5324966430664,291.11294626202255,0.9084160850758669,68.1352115754427,122.8675277709961,0,0,0,-0.016770642572463523,1
2020-09-09,542.5,592.5999755859375,536.2000122070312,590.0499877929688,1658812,452.90999603271484,394.5259979248047,476.59490659391366,86.90047007676664,55.55862480268746,41.329357483567165,0.04544642499889151,508.79998779296875,466.34999084472656,487.57498931884766,449.09999084472656,343.20001220703125,1,1,0,1,38.474998474121094,-246.8499755859375,611.8770149320909,452.90999603271484,293.9429771333388,0.9313473093656667,70.19806155388694,137.1399917602539,0,0,0,0.022931224289799768,0
2020-09-10,600.0,619.5,569.9500122070312,579.75,1717285,463.7899963378906,398.96199768066407,486.41920120401716,83.86667559136464,56.749330412990105,44.413352069451754,-0.017456127457090465,522.25,479.8000030517578,501.0250015258789,462.5500030517578,342.95001220703125,1,1,0,1,38.474998474121094,-236.79998779296875,626.1698509840953,463.7899963378906,301.4101416916859,0.85706400869358,70.02300865838603,115.96000366210939,0,0,0,-0.07428330067208666,1
2020-09-11,588.0,608.7000122070312,577.0,608.6500244140625,2739567,476.34249725341795,403.61899841308593,498.06023198592624,83.38198334017554,59.34091846078212,47.39886534771783,0.04984911498760236,536.8000030517578,480.75,508.7750015258789,462.5500030517578,341.6000061035156,1,1,0,1,46.224998474121094,-267.0500183105469,642.711300878484,476.34249725341795,309.9736936283518,0.8976332229292726,69.85259748367848,132.30752716064455,0,0,0,0.0405692142356926,1
2020-09-14,625.0,639.0499877929688,618.0,638.9000244140625,3811588,489.9249984741211,408.5059991455078,511.4735455505106,84.43730775639234,63.10822056704899,50.54073639158407,0.04970015408957096,571.3249969482422,495.0249938964844,533.1749954223633,472.3249969482422,370.4500122070313,1,1,0,1,60.849998474121094,-268.4500122070312,662.6832017465375,489.9249984741211,317.16679520170464,0.9311662865149964,70.5243471186302,148.97502593994142,0,0,0,0.03353306358572383,1
2020-09-15,654.0,670.7999877929688,645.9000244140625,670.7999877929688,2815789,504.7874984741211,413.64699890136717,526.6474924307447,85.76261959827742,67.88535495897088,54.00966010506143,0.04992950721540801,593.2250061035156,510.8999938964844,552.0625,488.1999969482422,373.5,1,1,0,1,63.86250305175781,-297.29998779296875,685.8851100070306,504.7874984741211,323.6898869412117,0.9583508526524092,71.75201924783553,166.01248931884766,0,0,0,0.027184566137412713,1
2020-09-16,692.9000244140625,697.9000244140625,643.0,675.5499877929688,3935789,520.0149978637695,419.29599853515623,540.8286824652422,85.74794594900615,71.23341916963375,57.4544119179759,0.007081097326236074,606.7750244140625,524.4500122070312,565.6125183105469,501.75001525878906,360.6499938964844,1,1,0,1,63.86250305175781,-314.8999938964844,704.7336611178082,520.0149978637695,335.2963346097309,0.92100507655606,71.04359067060223,155.53498992919924,0,0,0,-0.03734577609634915,0
2020-09-17,670.0,674.0,653.4000244140625,666.75,706806,534.5824981689453,425.15899841308595,552.8211888971239,82.06054053598777,72.34277621536194,60.432084777453106,-0.013026405080278969,606.7750244140625,524.4500122070312,565.6125183105469,501.75001525878906,362.5,1,1,0,1,63.86250305175781,-304.25,717.327316398317,534.5824981689453,351.8376799395737,0.8616176456099702,68.36917364684032,132.16750183105466,0,0,0,-0.05938743094608978,0
2020-09-18,687.9500122070312,687.9500122070312,642.25,665.5999755859375,20106893,549.0349975585938,431.0499981689453,563.56202572463,84.28088404950287,72.29577165445039,62.804822152852566,-0.0017248210184664936,617.0500183105469,524.4500122070312,570.7500152587891,501.75001525878906,362.1499938964844,1,1,0,1,69.0,-303.4499816894531,725.0987094524723,549.0349975585938,372.9712856647152,0.8310306728555247,64.135697242174,116.56497802734373,0,0,0,-0.03058697275444555,0
2020-09-21,680.0499877929688,686.9000244140625,646.0,651.75,1095406,560.9124969482422,436.7899981689453,571.9608804175224,77.81516350088144,70.33021992432293,64.30990170714665,-0.02080825735269165,617.0500183105469,527.9500122070312,572.5000152587891,501.75001525878906,357.6000061035156,1,1,0,1,70.75,-294.1499938964844,730.9363493019714,560.9124969482422,390.888644594513,0.7671316459256943,60.624020066865455,90.83750305175784,0,0,0,-0.0638990269298304,0
2020-09-22,636.0,647.0,619.2000122070312,619.2000122070312,957140,570.6374969482422,442.2119982910156,576.4598453498566,64.14313632498389,65.3921935320567,64.52636007212865,-0.049942443871068276,633.9250183105469,531.4500122070312,582.6875152587891,501.75001525878906,367.25,1,1,0,1,80.9375,-251.95001220703125,730.3200775772403,570.6374969482422,410.95491631924403,0.6520595266794247,55.96638197909439,48.56251525878906,0,0,0,-0.11507211924626959,0
2020-09-23,630.0,630.0,588.25,588.25,410104,578.667497253418,446.88599853515626,577.5827172212988,53.147635292360164,58.309212410124246,63.28293053972778,-0.049983868858004876,637.4500122070312,531.4500122070312,584.4500122070312,501.75001525878906,373.5499877929688,1,1,0,1,82.69999694824219,-214.7000122070312,724.3162452181236,578.667497253418,433.01874928871234,0.5328959324418775,50.33935676567683,9.582502746582009,0,0,0,-0.11916359423754719,1
2020-09-24,558.8499755859375,617.6500244140625,558.8499755859375,616.9500122070312,2703433,587.8774978637696,452.2589990234375,581.3319834104161,63.771347864414935,54.38483544039468,61.503311519861164,0.04878880103192729,628.375,531.4500122070312,579.9125061035156,501.75001525878906,371.0,1,1,0,1,78.16249084472656,-245.95001220703125,717.9120637607268,587.8774978637696,457.84293196681233,0.6117876394738745,44.23866073101186,29.072514343261673,0,0,0,0.078891707031997,1
2020-09-25,647.75,647.75,620.9000244140625,647.75,253932,597.149998474121,458.26799926757815,587.6575087999003,66.32741631644535,53.147389998132326,59.8321272155154,0.04992298757364022,628.375,536.6500091552734,582.5125045776367,501.75001525878906,375.3999938964844,1,1,0,1,80.76248931884766,-272.3500061035156,716.0115664977191,597.149998474121,478.28843045052304,0.7128526586315652,39.809618463475275,50.60000152587895,0,0,0,0.10106501915769073,1
2020-09-28,680.0999755859375,680.0999755859375,680.0999755859375,680.0999755859375,221961,608.517497253418,464.8709985351563,596.4615532557134,68.60726721038819,54.15283803172656,58.696269378757634,0.04994206960391745,628.375,538.0750122070312,583.2250061035156,501.75001525878906,376.5499877929688,1,1,0,1,81.47499084472656,-303.5499877929687,712.5225936080876,608.517497253418,504.51240089874847,0.8441296669175461,34.18310790539405,71.58247833251949,0,0,0,0.13127700828598088,1
2020-09-29,714.0999755859375,714.0999755859375,714.0999755859375,714.0999755859375,204451,619.4899963378906,472.2059979248047,607.6652125252585,69.42834949243785,57.03570657050591,58.36415681710729,0.049992649934603284,636.4749755859375,557.0749816894531,596.7749786376953,509.84999084472656,414.2000122070313,1,1,0,1,86.92498779296875,-299.8999633789062,719.3491341527557,619.4899963378906,519.6308585230255,0.9737171846178467,32.23914458834896,94.6099792480469,0,0,0,0.12958751770030064,1
2020-09-30,749.7999877929688,749.7999877929688,700.0,737.5999755859375,2411057,629.1649963378907,480.2379974365234,620.0399518643708,73.7404119070437,60.519028570170576,58.79513116771995,0.032908557349715206,654.3249816894531,584.9499969482422,619.6374893188477,527.6999969482422,424.7000122070313,1,1,0,1,91.93749237060547,-312.8999633789062,735.2342534246028,629.1649963378907,523.0957392511785,1.0111517805738977,33.71746925022766,108.43497924804683,1,0,0,0.03743459595605092,1
2020-10-01,754.0,756.9000244140625,715.0,747.0999755859375,890009,637.9549957275391,488.7739971923828,632.14090650452,72.1130783523526,63.31628622152982,59.699362178481934,0.012879609970774863,657.875,590.7250061035156,624.3000030517578,531.2500152587891,427.6499938964844,1,1,0,1,93.04998779296875,-319.4499816894531,752.2077460888045,637.9549957275391,523.7022453662737,0.9776470566935314,35.81843582272409,109.14497985839841,0,0,0,-0.033504723880366294,1
2020-10-05,769.5999755859375,770.0,741.0999755859375,749.4500122070312,581244,648.2899963378907,497.03699768066406,643.3132022857116,69.38453480459864,64.97378404098356,60.75424655098226,0.0031455450379993533,664.4249877929688,597.5,630.9624938964844,537.8000030517578,432.75,1,1,0,1,93.16249084472656,-316.70001220703125,763.6150652184513,648.2899963378907,532.9649274573301,0.9385864099240625,35.57823490475482,101.16001586914058,0,0,0,-0.039060646769468854,0
2020-10-06,749.5,752.0,725.0,735.9000244140625,558101,657.4299987792969,504.9109979248047,652.130994869364,62.20015734626083,64.45104075318511,61.49360539142283,-0.018079908696066127,664.4249877929688,597.5,630.9624938964844,537.8000030517578,462.2999877929688,1,1,0,1,93.16249084472656,-273.6000366210937,770.073632987096,657.4299987792969,544.7863645714978,0.8483109639822533,34.267871687313814,78.47002563476565,0,0,0,-0.09027544594180925,0
2020-10-07,720.0,730.0,699.1500244140625,699.2999877929688,1041856,664.1749969482422,512.1359979248047,656.6232799097073,53.97622602686813,60.38733821031349,61.27235195520097,-0.04973506645856607,664.4249877929688,612.0500030517578,638.2374954223633,547.625,452.75,1,1,0,1,90.61249542236328,-246.54998779296875,769.6563331943569,664.1749969482422,558.6936607021275,0.6664986057949202,31.763115664028714,35.12499084472654,0,0,0,-0.1818123581873331,0
2020-10-08,698.5,725.0,666.5999755859375,696.1500244140625,733669,669.4799987792969,519.2909985351563,660.387731767265,55.01706901263864,56.26407175236375,60.27069591463352,-0.004504452214918131,695.4500122070312,636.8000030517578,666.1250076293945,551.75,494.6499938964844,1,1,0,1,114.37500762939453,-201.50003051757812,770.074815735192,669.4799987792969,568.8851818234018,0.632561629126771,30.05162727469549,26.67002563476558,0,0,0,-0.0339369766681491,0
2020-10-09,695.7999877929688,713.0,680.0999755859375,683.9500122070312,511431,674.6899993896484,526.1409985351562,662.6317584758141,53.0176019335328,51.41918598386667,58.50039392848015,-0.017524975621885264,718.2999877929688,642.8250122070312,680.5625,551.75,544.0999755859375,1,1,0,1,128.8125,-139.85003662109375,766.5721113292627,674.6899993896484,582.8078874500341,0.5503907268885407,27.236838258380757,9.260012817382858,0,0,0,-0.08217090223823031,0
2020-10-12,683.9500122070312,702.0,660.0,671.5499877929688,625307,677.8349975585937,532.7589984130859,663.4811136488764,53.27164332398308,46.04818594436256,56.009952331656635,-0.018130015633816554,715.0,642.8250122070312,678.9125061035156,552.8000030517578,571.2999877929688,1,0,0,1,126.11250305175781,-100.25,764.6248282771945,677.8349975585937,591.0451668399929,0.46379178462737813,25.60795209193915,-6.285009765624977,0,0,0,-0.0865989422611626,1
2020-10-13,671.0,705.0999755859375,661.0999755859375,705.0999755859375,1069869,681.1449951171875,540.0649981689453,667.4448147857394,64.14689608323619,43.99172413114911,53.60630669155513,0.04995903268977764,715.0,642.8250122070312,678.9125061035156,552.8000030517578,542.75,1,1,0,1,126.11250305175781,-162.3499755859375,766.7845873594736,681.1449951171875,595.5054028749014,0.6398592627635248,25.145774499173186,23.954980468750023,0,0,0,0.17606747813614665,1
2020-10-14,719.0,735.0,705.0999755859375,725.4500122070312,1229449,683.8774963378906,547.7099981689453,672.9691193020528,73.41296648920647,43.502570656027615,51.58555948444963,0.028861207382942844,715.0,653.1000061035156,684.0500030517578,552.8000030517578,553.0999755859375,1,1,0,1,131.25,-172.35003662109375,771.4871794802184,683.8774963378906,596.2678131955629,0.737259823218418,25.621455190869884,41.5725158691406,0,0,0,0.0974005604548932,0
2020-10-15,730.7000122070312,735.7999877929688,698.0499877929688,704.25,736686,685.3124969482421,554.9359979248047,675.9482507970954,65.28896131868404,40.93240589796653,49.454928767153014,-0.029223257082227616,715.0,653.1000061035156,684.0500030517578,554.5749969482422,564.4000244140625,1,1,0,1,129.47500610351562,-139.8499755859375,773.26906563229,685.3124969482421,597.3559282641943,0.6076525797623142,25.669039766741836,18.937503051757858,0,0,0,-0.12960724345610375,1
2020-10-16,710.0,718.9500122070312,700.0,705.3499755859375,277648,687.2424957275391,562.2109973144532,678.7484150626993,61.25878901310132,38.540025226592206,47.27194805904086,0.001561910665157873,706.0,664.4249877929688,685.2124938964844,555.0500030517578,590.0499877929688,1,1,0,1,130.16249084472656,-115.29998779296875,775.1790935975943,687.2424957275391,599.305897857484,0.6029575870399035,25.591140948570818,18.107479858398392,0,0,0,-0.004694992722410696,0
2020-10-19,711.2000122070312,717.9500122070312,695.0,702.7999877929688,312983,689.1024963378907,568.8579968261719,681.0390410370107,55.02212523816532,36.023032509391555,45.022164949111,-0.003615209302092137,697.8999938964844,664.4249877929688,681.1624908447266,555.0500030517578,579.75,1,1,0,1,126.11248779296875,-123.04998779296875,776.7023491467567,689.1024963378907,601.5026435290247,0.5781821602198615,25.42433187353098,13.69749145507808,0,0,0,-0.02477542682004208,0
2020-10-20,694.9500122070312,707.5999755859375,685.0,688.7000122070312,260962,690.9499969482422,575.1619970703125,681.7686573389175,43.83795272545172,32.51572640205825,42.520877239700454,-0.020062572326183803,697.8999938964844,664.4249877929688,681.1624908447266,556.0,608.6500244140625,1,1,0,1,125.16249084472656,-80.04998779296875,776.8631611332185,690.9499969482422,605.0368327632659,0.48690547157379405,24.868127813715546,-2.2499847412109375,0,0,0,-0.09127668864606742,1
2020-10-21,690.0,713.9000244140625,678.0,692.3499755859375,335318,694.6074951171875,581.7959967041015,682.7764019338717,37.852348993288594,29.688452582925606,39.95439230834548,0.005299787010616397,697.8999938964844,664.4249877929688,681.1624908447266,560.5,638.9000244140625,1,1,0,1,120.66249084472656,-53.449951171875,773.9695927130532,694.6074951171875,615.2453975213217,0.48577709259433965,22.85091887252859,-2.2575195312499545,0,0,0,-0.001128378979454392,1
2020-10-22,685.5,726.9500122070312,685.0,726.9500122070312,864954,701.5424957275391,589.0849969482422,686.9834124360775,45.23303527620606,29.895138949869875,37.94254163665036,0.04997477842302467,697.8999938964844,664.4249877929688,681.1624908447266,560.5,670.7999877929688,1,1,0,1,120.66249084472656,-56.1500244140625,765.2040220191246,701.5424957275391,637.8809694359535,0.6995515813045344,18.1490149718058,25.407516479492188,0,0,0,0.21377448871019478,0
2020-10-23,734.7999877929688,734.7999877929688,712.2000122070312,720.2999877929688,665517,706.709994506836,596.2479968261719,690.1564196129243,43.24135842477521,29.18590109094248,36.191213527508786,-0.009147842771022097,698.4499816894531,664.4249877929688,681.4374847412109,560.5,675.5499877929688,1,1,0,1,120.93748474121094,-44.75,757.554549803559,706.709994506836,655.865439210113,0.6336425621860897,14.389086242427886,13.589993286132767,0,0,0,-0.06590901911844471,0
2020-10-26,720.0,722.7999877929688,701.0999755859375,704.7000122070312,271180,709.5574951171875,603.1899969482422,691.5415236695059,42.8341730690028,27.05318504542936,34.36360783109291,-0.021657609121633503,706.8999938964844,664.4249877929688,685.6624908447266,560.5,666.75,1,1,0,1,125.16249084472656,-37.95001220703125,752.6653549543169,709.5574951171875,666.4496352800581,0.44365896464694776,12.15063194562122,-4.85748291015625,0,0,1,-0.18998359753914196,1
2020-10-27,720.0499877929688,739.9000244140625,717.0499877929688,739.9000244140625,930052,712.5474975585937,610.6429974365234,696.1470951689874,59.3851222636115,27.88193344742092,33.067272954358515,0.04995034993229153,708.9500122070312,664.4249877929688,686.6875,560.5,665.5999755859375,1,1,0,1,126.1875,-74.300048828125,755.3623530036218,712.5474975585937,669.7326421135656,0.8194279949232564,12.017403918117724,27.352526855468795,0,0,1,0.3757690302763086,1
2020-10-28,776.8499755859375,776.8499755859375,776.7999877929688,776.8499755859375,1869868,715.6849975585938,618.7089971923829,703.8330837801255,66.13353839455803,31.161069372123393,32.68603223791149,0.04993911332971801,727.4249877929688,667.8499755859375,697.6374816894531,567.4249877929688,651.75,1,1,0,1,130.21249389648438,-125.0999755859375,766.8730422591385,715.6849975585938,664.496952858049,1.0974537451583182,14.304629795276366,61.16497802734375,1,0,0,0.2780257502350618,1
2020-10-29,755.0,815.6500244140625,755.0,815.6500244140625,962440,719.5875,627.6019976806641,714.4823162214528,73.798338705618,36.47024164845436,33.442874120020065,0.049945356307516287,746.8250122070312,687.25,717.0375061035156,590.3250122070312,619.2000122070312,1,1,0,1,126.71249389648438,-196.45001220703125,786.3845499760232,719.5875,652.7904500239767,1.2190626266320452,18.565372515788066,96.06252441406252,1,0,0,0.12160888147372706,1
2020-10-30,834.0,856.4000244140625,831.25,856.4000244140625,2053374,725.0525024414062,637.2219982910157,727.9982884302727,80.29831896707823,43.46494651853186,35.44728859972243,0.0499601529826148,767.2000122070312,707.625,737.4125061035156,610.7000122070312,588.25,1,1,0,1,126.71249389648438,-268.1500244140625,814.1284643138291,725.0525024414062,635.9765405689833,1.237278156820669,24.57089978242546,131.3475219726563,1,0,0,0.018215530188623763,1
2020-11-02,860.0,899.2000122070312,835.1500244140625,859.2000122070312,2583066,730.5400024414063,646.8749987792969,740.493690694726,78.08969075445286,48.67316222052705,38.09246332388335,0.00326948588644016,788.6000061035156,760.0500183105469,774.3250122070312,632.1000061035156,616.9500122070312,1,1,0,1,142.22500610351562,-242.25,836.8138916955794,730.5400024414063,624.2661131872331,1.1053227686902067,29.094611903253565,128.66000976562498,1,0,0,-0.13195538813046226,0
2020-11-03,881.0,893.9500122070312,816.25,830.4000244140625,1612967,735.2650024414063,655.1989990234375,749.0561986679961,68.558803689093,49.90155826315777,40.45428231173824,-0.03351953838896027,792.1000061035156,779.6000061035156,785.8500061035156,637.3000030517578,647.75,1,1,0,1,148.5500030517578,-182.6500244140625,850.1279462822057,735.2650024414063,620.4020586006069,0.914124080367093,31.243957881689848,95.1350219726562,0,0,0,-0.1911986883231137,1
2020-11-04,834.4000244140625,862.7000122070312,823.0,840.9000244140625,1373310,742.345004272461,663.5229992675781,757.8032296914309,75.11487983889677,51.13290492603767,42.59000683459813,0.012644508298767176,800.1499938964844,779.6000061035156,789.875,638.7250061035156,680.0999755859375,1,1,0,1,151.14999389648438,-160.800048828125,864.6807933195092,742.345004272461,620.0092152254127,0.9028053479252051,32.95928128914778,98.55502014160152,0,0,0,-0.011318732441887969,1
2020-11-05,812.5,868.0,812.0,854.5999755859375,1581863,750.2675018310547,672.0619989013671,767.0219673956697,76.21641510696219,52.60779764797587,44.593564997273674,0.01629200948284093,800.1499938964844,779.6000061035156,789.875,649.625,714.0999755859375,1,1,0,1,140.25,-140.5,879.9147998962071,750.2675018310547,620.6202037659023,0.9023704130820065,34.56028623090926,104.33247375488281,0,0,0,-0.00043493484319856446,1
2020-11-06,855.0,875.0,855.0,860.0,911015,759.0700012207031,680.6069989013672,775.8770181198917,77.33913836173963,53.5945924956535,46.39377049694964,0.006318774360319912,808.125,779.6000061035156,793.8625030517578,659.6500091552734,737.5999755859375,1,1,0,1,134.21249389648438,-122.4000244140625,893.3351428563801,759.0700012207031,624.8048595850262,0.8758607690340294,35.37622127597129,100.92999877929685,0,0,0,-0.026509644047977066,1
2020-11-09,879.0,903.0,866.0999755859375,899.3499755859375,1670461,770.4600006103516,689.3479986572265,787.6363474023722,83.67705907091886,56.895987166693544,48.494213830898424,0.04575578556504367,829.0,781.5,805.25,663.7749938964844,747.0999755859375,1,1,0,1,141.47500610351562,-152.25,911.5696870445846,770.4600006103516,629.3503141761186,0.9567013726433927,36.62998372983599,128.88997497558591,0,0,0,0.08084060360936329,0
2020-11-10,914.9500122070312,919.0,854.4000244140625,854.8499755859375,1327147,777.9475006103515,697.3899981689453,794.0376453246165,72.97794276296644,55.284305075152815,49.85223207974931,-0.04948018147329991,837.0,789.5,813.25,672.0,749.4500122070312,1,1,0,1,141.25,-105.39996337890625,920.2768369455046,777.9475006103515,635.6181642751985,0.7701567960469451,36.59098749555367,76.90247497558596,0,0,0,-0.18654457659644763,1
2020-11-11,868.0,897.5499877929688,865.0999755859375,897.5499877929688,2287847,786.5524993896485,705.447998046875,803.8959636549358,73.58307970919115,56.79783939516017,51.24135354283148,0.04995029938178752,865.5,789.5,827.5,672.0,735.9000244140625,1,1,0,1,155.5,-161.64996337890625,935.7879164191208,786.5524993896485,637.3170823601761,0.8718872189079603,37.946714846186765,110.99748840332029,0,0,0,0.10173042286101519,1
2020-11-12,914.0,942.4000244140624,903.0999755859376,942.3499755859376,3622736,798.4574981689453,713.412998046875,817.0820600293168,77.76666690581077,60.910176257338094,53.175118085732805,0.04991364091389472,877.2000122070312,801.2000122070312,839.2000122070312,698.2500152587891,699.2999877929688,1,1,0,1,140.9499969482422,-243.04998779296886,957.2155661494114,798.4574981689453,639.6994301884793,0.9531816217198394,39.766191273683674,143.89247741699228,0,0,0,0.08129440281187916,1
2020-11-13,949.0,989.4500122070312,943.0,989.3499755859376,4566982,812.6574981689453,721.7739978027344,833.4885281775664,83.00289897572733,67.18724728887548,55.97754392636134,0.049875313012849753,900.7250061035156,824.7250061035156,862.7250061035156,746.5250091552734,696.1500244140625,1,1,0,1,116.19999694824219,-293.1999511718751,985.723235920415,812.6574981689453,639.5917604174755,1.01047792507241,42.592540680770476,176.69247741699235,1,0,0,0.05729630335257063,1
2020-11-14,1018.0,1023.5999755859376,990.0499877929688,1008.5999755859376,578986,827.9474975585938,731.0909973144531,850.1658088831256,82.35010818200443,72.87512633308427,59.35706040770593,0.0194572198666092,917.7999877929688,841.7999877929688,879.7999877929688,769.625,683.9500122070312,1,1,0,1,110.17498779296875,-324.64996337890636,1013.1003253311633,827.9474975585938,642.7946697860243,0.987846932182009,44.72574126222689,180.65247802734382,0,0,0,-0.022630992890401047,1
2020-11-17,1028.949951171875,1059.0,1021.0499877929688,1058.449951171875,5333462,846.4349945068359,741.1979968261719,870.0023938630065,82.88183181890489,80.47759228246116,63.58116678265698,0.04942492245944918,935.5,860.0499877929688,897.7749938964844,787.3250122070312,671.5499877929688,1,1,0,1,110.44998168945312,-386.89996337890625,1045.5900176609996,846.4349945068359,647.2799713526722,1.0322862394008527,47.05736989766089,212.0149566650391,1,0,0,0.044439307218843704,1
2020-11-18,1068.699951171875,1098.0,1032.050048828125,1080.949951171875,3999840,865.8649932861329,751.5289953613282,890.0926374162322,82.20441729267601,87.31168848459447,68.32727112304448,0.021257500153964548,976.2000122070312,888.0,932.1000061035156,806.8250122070312,705.0999755859375,1,1,0,1,125.27499389648438,-375.8499755859375,1076.5867012472058,865.8649932861329,655.1432853250599,1.0103531097172846,48.67310945586134,215.08495788574214,1,0,0,-0.021933129683568087,1
2020-11-19,1080.949951171875,1089.9000244140625,1050.0,1083.5,3533747,883.6924926757813,761.3979956054687,908.5123862337338,80.38533653453541,91.87445506247423,73.03670791093043,0.0023590813111749043,976.2000122070312,888.0,932.1000061035156,817.1000061035156,725.4500122070312,1,1,0,1,115.0,-358.04998779296875,1104.4771934679954,883.6924926757813,662.9077918835671,0.9524940057152385,49.96867182240916,199.8075073242187,0,0,0,-0.05785910400204619,1
2020-11-20,1051.0,1137.6500244140625,1050.0,1134.550048828125,5044065,904.404995727539,772.4939965820313,930.0397826712948,82.62827688768881,98.47463841248725,78.1242940112418,0.04711587339928469,996.0250244140625,907.8250122070312,951.9250183105469,836.9250183105469,704.25,1,1,0,1,115.0,-430.300048828125,1137.3778128942643,904.404995727539,671.4321785608138,0.9939311287459868,51.51957768196817,230.14505310058598,0,0,0,0.04143712303074831,1
2020-11-23,1155.0,1191.25,1150.0999755859375,1180.300048828125,3863685,928.1849975585938,783.9269970703125,953.87409373385,89.86101674079237,106.17307678172824,83.73405056533909,0.04032435593939221,1028.1749877929688,934.625,981.3999938964844,875.0499877929688,705.3499755859375,1,1,0,1,106.35000610351562,-474.9500732421875,1171.622011109841,928.1849975585938,684.7479840073464,1.017823989852014,52.45441677931877,252.11505126953125,1,0,0,0.023892861106027286,1
2020-11-24,1203.4000244140625,1220.0,1180.0,1205.1500244140625,4004468,951.4474975585938,795.2519970703125,977.8051347510132,90.18201875344732,112.97700145643091,89.58264074355746,0.02105394777422065,1061.5499877929688,949.0,1005.2749938964844,889.4249877929688,702.7999877929688,1,1,0,1,115.85000610351562,-502.35003662109375,1207.0813821270383,951.4474975585938,695.8136129901493,0.9962224144967396,53.735783682105186,253.7025268554687,0,0,0,-0.021601575355274405,0
2020-11-25,1205.1500244140625,1205.1500244140625,1144.9000244140625,1144.9000244140625,301443,969.85,804.7339978027344,993.7189337665417,79.04161869419461,112.21395666930107,94.10890392870618,-0.04999377569551411,1081.5,949.0,1015.25,889.4249877929688,688.7000122070312,1,1,0,1,125.82501220703125,-456.20001220703125,1225.5490255137543,969.85,714.1509744862458,0.8422970112270655,52.72960262179806,175.05002441406248,0,0,0,-0.1539254032696742,0
2020-11-26,1087.699951171875,1143.8499755859375,1087.699951171875,1104.449951171875,3205678,984.2899963378907,813.3119970703125,1004.264744948002,72.85219281468504,107.11055155842041,96.70923345464902,-0.03533065977781691,1105.0249938964844,952.5,1028.7624969482422,889.4249877929688,692.3499755859375,1,1,0,1,139.33750915527344,-412.0999755859375,1236.1150160414215,984.2899963378907,732.4649766343597,0.7385782694973012,51.16886702911964,120.15995483398433,0,0,0,-0.10371874172976425,1
2020-11-27,1105.0,1159.6500244140625,1072.800048828125,1136.4000244140625,45148093,998.2899963378907,822.7049975585937,1016.8490572781029,72.47132060380405,104.44024796598569,98.25543635691636,0.028928493507819786,1120.5249938964844,960.5499877929688,1040.5374908447266,889.4249877929688,726.9500122070312,1,1,0,1,151.1125030517578,-409.45001220703125,1251.2488145143182,998.2899963378907,745.3311781614631,0.7729891550565481,50.67842392578854,138.11002807617183,0,0,0,0.03441088555924687,0
2020-12-01,1133.9000244140625,1156.0,1082.3499755859375,1134.699951171875,2599117,1012.0649932861328,832.0869970703125,1028.0729519346528,78.87133194215485,101.02230913246797,98.8088109120267,-0.0014960165484544374,1126.0250244140625,960.5499877929688,1043.2875061035156,889.4249877929688,720.2999877929688,1,1,0,1,153.86251831054688,-414.39996337890625,1263.225284630079,1012.0649932861328,760.9047019421866,0.744136836339711,49.633233638175575,122.63495788574221,0,0,0,-0.028852318716837133,1
2020-12-02,1140.0,1155.0,1112.0,1146.0,875255,1027.8449920654298,841.9719970703125,1039.3040993694478,77.40759458624925,98.09461383742575,98.66597149710651,0.009958622820468666,1135.0,968.5249938964844,1051.7624969482422,889.4249877929688,704.7000122070312,1,1,0,1,162.33750915527344,-441.29998779296875,1270.8938421423393,1027.8449920654298,784.7961419885203,0.743068436442266,47.29289960123436,118.15500793457022,0,0,0,-0.0010683998974450049,0
2020-12-03,1154.0,1159.9000244140625,1140.0999755859375,1145.0,592144,1043.0499908447266,852.4879968261719,1049.3703756199766,74.74659510699516,94.60317605541354,97.85341240876792,-0.0008726003490401313,1135.0,987.5,1061.25,889.4249877929688,739.9000244140625,1,1,0,1,171.82501220703125,-405.0999755859375,1275.2209420056977,1043.0499908447266,810.8790396837557,0.7195580641020598,44.5177035039221,101.95000915527339,0,0,0,-0.023510372340206143,0
2020-12-04,1150.0,1159.0,1125.0,1129.75,741720,1056.8074920654296,863.3179968261719,1057.0255779418835,68.58616712145387,89.57309601474412,96.19734912996317,-0.013318777292576467,1146.4000244140625,987.5,1066.9500122070312,889.4249877929688,776.8499755859375,1,1,0,1,177.5250244140625,-352.9000244140625,1274.8601734773688,1056.8074920654296,838.7548106534905,0.6672589106959189,41.26630120416272,72.94250793457036,0,0,0,-0.052299153406140886,0
2020-12-07,1135.0,1140.0,1073.300048828125,1106.25,1351024,1069.1199920654296,873.1039965820313,1061.7136181378946,62.783079365292416,82.73673021633067,93.50522534723667,-0.0208010621818987,1146.4000244140625,1016.0,1081.2000122070312,889.4249877929688,815.6500244140625,1,1,0,1,191.7750244140625,-290.5999755859375,1268.3255536782817,1069.1199920654296,869.9144304525777,0.5931952090944402,37.26533281414136,37.13000793457036,0,0,0,-0.07406370160147868,0
2020-12-08,1109.0,1123.0999755859375,1088.0,1098.6500244140625,998344,1079.084994506836,882.1219970703125,1065.2313711165773,55.91699082766613,75.83146858717032,89.97047399522341,-0.006870034427966076,1138.9750366210938,1016.0,1077.4875183105469,889.4249877929688,856.4000244140625,1,1,0,1,188.06253051757812,-242.25,1262.648835025266,1079.084994506836,895.5211539884059,0.553292167596761,34.02212827587737,19.565029907226517,0,0,0,-0.039903041497679204,0
2020-12-09,1100.0,1110.0,1050.0,1070.0999755859375,1080870,1089.847494506836,889.9219970703125,1065.6950477327068,48.43095240869274,67.2796902693492,85.43231725004858,-0.025986481767341196,1104.9500122070312,1016.0,1060.4750061035156,920.4500122070312,859.2000122070312,1,1,0,1,140.02499389648438,-210.89996337890625,1242.1374655876207,1089.847494506836,937.5575234260514,0.43516474269200844,27.947024120048464,-19.74751892089853,0,0,0,-0.11812742490475259,0
2020-12-10,1064.699951171875,1067.0,1030.0,1036.699951171875,568627,1096.8049926757812,896.3739965820313,1062.9336099650086,43.78651004340202,57.148469522705454,79.77554770457996,-0.031212059785137525,1094.9500122070312,1016.0,1055.4750061035156,940.0,830.4000244140625,1,0,0,1,115.47500610351562,-206.2999267578125,1223.9579486915068,1096.8049926757812,969.6520366600556,0.26365063232791563,23.18606440795303,-60.10504150390625,0,0,0,-0.1715141103640928,1
2020-12-11,990.0499877929688,1057.0,985.0,1041.5,1793445,1101.7624938964843,902.4519970703125,1060.892313777865,35.91645942879947,48.94254867874429,73.60894789941283,0.00463012352098513,1072.4500122070312,1016.0,1044.2250061035156,940.0,840.9000244140625,1,0,0,1,104.22500610351562,-200.5999755859375,1210.8955545712993,1101.7624938964843,992.6294332216695,0.22390358373596211,19.81063274151869,-60.26249389648433,0,0,0,-0.03974704859195352,0
2020-12-14,1019.0,1028.0999755859375,995.0999755859376,1010.7999877929688,921358,1102.834994506836,907.7259973144531,1056.1216160650176,23.12085779753734,39.50665475110577,66.78848926975142,-0.029476727995229268,1072.4500122070312,1037.2000122070312,1054.8250122070312,940.0,854.5999755859375,1,0,0,1,114.82501220703125,-156.20001220703125,1207.8728188881446,1102.834994506836,997.7971701255275,0.061895882478669804,19.048692670163085,-92.03500671386723,0,0,0,-0.1620077012572923,1
2020-12-15,1009.0,1020.0,1000.25,1013.6500244140624,754880,1103.0874969482422,913.0099975585938,1052.0767025744503,17.354290996401133,31.89099542428403,59.80899050065794,0.002819585136043079,1072.4500122070312,1037.2000122070312,1054.8250122070312,940.0,860.0,1,0,0,1,114.82501220703125,-153.6500244140624,1207.2385101008388,1103.0874969482422,998.9364837956458,0.07063560964529017,18.883545220254334,-89.43747253417985,0,0,0,0.008739727166620366,1
2020-12-16,1019.75,1029.9000244140625,1011.0999755859376,1019.4000244140624,451443,1101.1350006103517,918.6799975585938,1048.9646379877468,23.72282623975525,26.0195700779218,53.05110641611071,0.005672569290691598,1072.0,1037.2000122070312,1054.6000061035156,940.0,899.3499755859375,1,0,0,1,114.60000610351562,-120.05004882812489,1209.9210341172259,1101.1350006103517,992.3489671034773,0.12433148097487941,19.758891225249386,-81.73497619628927,0,0,0,0.05369587132958924,1
2020-12-17,1023.9000244140624,1059.4000244140625,1013.75,1041.550048828125,686579,1099.165005493164,925.5249987792969,1048.2584866392115,35.737007283793346,22.889884701945903,47.01886207327775,0.021728491155171614,1062.5,1042.5499877929688,1052.5249938964844,940.0,854.8499755859375,1,0,0,1,112.52499389648438,-186.7000732421875,1210.7332071221367,1099.165005493164,987.5968038641913,0.24179490292116881,20.30053742093349,-57.61495666503902,0,0,0,0.1174634219462894,0
2020-12-18,1058.4000244140625,1058.4000244140625,1001.0,1016.1500244140624,1037435,1095.7975067138673,931.9249987792969,1045.200537855864,21.89768132364074,18.150785839282435,41.24524682647869,-0.02438675361077547,1054.0499877929688,1061.5499877929688,1057.7999877929688,940.0,897.5499877929688,0,0,0,1,117.79998779296875,-118.60003662109364,1212.9782319202825,1095.7975067138673,978.616781507452,0.16015109498808433,21.387295460786863,-79.64748229980489,0,0,0,-0.08164380793308448,1
2020-12-21,1004.7999877929688,1040.0,971.0,1020.2999877929688,999121,1090.0850036621093,938.6519982910156,1042.829056897493,23.567501461711643,14.562021292330428,35.908601719649035,0.00408400657304453,1040.5,1081.5,1061.0,940.0,942.3499755859376,0,0,0,1,121.0,-77.95001220703114,1210.253280524245,1090.0850036621093,969.9167267999737,0.20963627967636492,22.047505737338597,-69.78501586914058,0,0,0,0.04948518468828059,1
2020-12-22,992.0,1040.0,976.0,1029.9000244140625,637121,1082.5650024414062,945.8189990234375,1041.5977204704998,22.96230322078847,12.35017710375314,31.196916796469857,0.009409033358767083,1019.0,1095.5,1057.25,940.0,989.3499755859376,0,0,0,1,117.25,-40.550048828124886,1197.937913304978,1082.5650024414062,967.1920915778343,0.27176194293294786,21.3147313285359,-52.66497802734375,0,0,0,0.06212566325658295,1
2020-12-23,1035.0,1050.0,1012.0999755859376,1044.949951171875,684864,1074.554998779297,952.6159985351562,1041.9169805372974,28.13114853827885,11.677071944052159,27.292947825986317,0.014612997767792901,1015.2000122070312,1095.5,1055.3500061035156,940.0,1008.5999755859376,0,0,0,1,115.35000610351562,-36.349975585937386,1176.200602818332,1074.554998779297,972.909394740262,0.3543712348049367,18.918641512906323,-29.605047607421966,0,0,0,0.08260929187198884,0
2020-12-24,1058.0,1059.0,1021.0,1036.199951171875,406594,1069.1199951171875,958.8309973144532,1041.3725015501143,28.953881339482734,10.318632608741837,23.898084782537424,-0.008373606783929843,1015.2000122070312,1095.5,1055.3500061035156,940.5499877929688,1058.449951171875,0,0,0,1,114.80001831054688,22.25,1166.681304919353,1069.1199951171875,971.558685315022,0.33128535270760706,18.25076890297457,-32.9200439453125,0,0,0,-0.023085882097329646,1
2020-12-28,1036.199951171875,1044.8499755859375,1025.6500244140625,1038.0,425292,1065.7974975585937,965.5059973144531,1041.0513109262938,32.9843076936187,9.280330670115518,20.97453396005304,0.0017371635909548822,1015.2000122070312,1095.5,1055.3500061035156,949.0,1080.949951171875,0,0,0,1,106.35000610351562,42.949951171875,1162.84440822792,1065.7974975585937,968.7505868892674,0.35678319192812963,18.211135021733522,-27.797497558593705,0,0,0,0.025497839220522567,1
2020-12-29,1040.0,1047.25,1026.0,1038.699951171875,349607,1060.9124938964844,972.1729968261719,1040.8273719020633,34.521035916948136,8.416924051909973,18.46301197842443,0.0006743267551783116,1015.2000122070312,1095.5,1055.3500061035156,949.0,1083.5,0,0,0,1,106.35000610351562,44.800048828125,1152.9590140463824,1060.9124938964844,968.8659737465864,0.37934067095401197,17.352330315544233,-22.21254272460942,0,0,0,0.022557479025882343,1
2020-12-30,1039.9000244140625,1060.0,1028.0,1052.949951171875,374589,1056.8249938964843,979.17599609375,1041.981903261093,45.21884162925494,8.781298649590553,16.526669312657656,0.013719072561737322,1015.5,1095.5,1055.5,949.0,1134.550048828125,0,0,0,1,106.5,81.60009765625,1142.437457322088,1056.8249938964843,971.2125304708807,0.47736869978063007,16.201824127938703,-3.8750427246093295,0,0,0,0.0980280288266181,0
2020-12-31,1070.0,1090.0,1041.0,1052.5999755859375,980110,1052.1549926757812,986.4539953613281,1042.9931482444115,55.43404617476991,8.938787263144832,15.009092902755093,-0.00033237627823434757,1030.5,1095.5,1063.0,949.0,1180.300048828125,0,0,0,1,114.0,127.7000732421875,1127.357333473308,1052.1549926757812,976.9526518782544,0.502958570873175,14.294916874609214,0.44498291015634095,0,0,0,0.025589871092544902,1
2021-01-01,1079.9000244140625,1079.9000244140625,1053.050048828125,1065.949951171875,297560,1048.202490234375,993.9259948730469,1045.1795104279795,57.894722320542414,10.025264573917184,14.012327236987513,0.01268285758652632,1030.5,1088.0750122070312,1059.2875061035156,949.0,1205.1500244140625,0,1,0,1,110.28750610351562,139.2000732421875,1110.707882467406,1048.202490234375,985.6970980013442,0.641967439155763,11.926205635908174,17.74746093749991,0,0,1,0.13900886828258807,1
2021-01-04,1088.4000244140625,1090.0,1071.199951171875,1082.25,360776,1045.827490234375,1001.0319946289062,1048.7100332443624,75.4361003905467,12.062534002276834,13.622368590045378,0.01529157050028962,1033.0,1065.4500122070312,1049.2250061035156,949.0,1144.9000244140625,0,1,0,1,100.22500610351562,62.6500244140625,1098.6120416927154,1045.827490234375,993.0429387760348,0.8450110757725302,10.094313249790556,36.42250976562491,0,0,1,0.20304363661676716,1
2021-01-05,1070.199951171875,1106.9000244140625,1065.0,1096.449951171875,526896,1045.3374877929687,1008.5549938964843,1053.2566920946017,77.27271630700938,14.653980126499619,13.828690897336227,0.01312076800358053,1059.5,1065.4500122070312,1062.4750061035156,952.5,1104.449951171875,0,1,0,1,109.97500610351562,8.0,1096.0089712534534,1045.3374877929687,994.6660043324839,1.0043513618341713,9.694760601663287,51.11246337890634,1,0,1,0.15934028606164108,1
2021-01-06,1100.0,1111.0,1080.0,1107.25,427847,1045.7674865722656,1016.6059936523437,1058.3989118951158,78.00445943895119,17.378860841151436,14.538724886099269,0.009850015330459927,1066.0,1065.4500122070312,1065.7250061035156,960.5499877929688,1136.4000244140625,1,1,0,1,105.17501831054688,29.1500244140625,1098.3511928095352,1045.7674865722656,993.1837803349961,1.0846156331232282,10.056481371327443,61.482513427734375,1,0,1,0.08026427128905689,0
2021-01-07,1113.699951171875,1114.0,1051.9000244140625,1063.0999755859375,1285732,1045.4174865722657,1023.0699926757812,1058.8466322466227,56.02458196799074,15.793749928247962,14.789729894529009,-0.03987358267244301,1069.8250122070312,1065.4500122070312,1067.6375122070312,960.5499877929688,1134.699951171875,1,0,0,1,107.0875244140625,71.5999755859375,1097.4388782530846,1045.4174865722657,993.3960948914468,0.6699540173988814,9.952271192896843,17.682489013671784,0,0,1,-0.4146616157243468,0
2021-01-08,1071.0,1076.0,1009.9500122070312,1014.9000244140624,1646213,1044.327490234375,1027.8309936523438,1054.661241024474,49.69005687940549,10.526857809803687,13.937155477583945,-0.04533905773566527,1061.9750061035156,1065.4500122070312,1063.7125091552734,968.5249938964844,1146.0,0,0,0,1,95.18751525878906,131.0999755859376,1097.9235426913124,1044.327490234375,990.7314377774377,0.22546983899647605,10.264223236124705,-29.427465820312705,0,0,1,-0.44448417840240534,0
2021-01-11,1020.9500122070312,1025.949951171875,964.2000122070312,968.2999877929688,1303510,1040.6674896240233,1030.8839929199219,1046.4363597643307,39.34862654631996,2.563029350538727,11.6623302521749,-0.04591588875761188,1039.1000061035156,1061.6000061035156,1050.3500061035156,987.5,1145.0,0,0,1,1,62.850006103515625,176.70001220703125,1103.702334800213,1040.6674896240233,977.6326444478335,-0.07402775900201622,12.114310441073405,-72.3675018310546,0,1,1,-0.2994975979984923,0
2021-01-12,980.0,990.2000122070312,921.0,924.1500244140624,1578700,1036.3349914550781,1032.2389929199219,1034.790042111924,31.024576159810735,-7.2275801033340485,7.884348181073111,-0.04559533608952815,1017.5,1030.5,1024.0,987.5,1129.75,0,0,1,1,36.5,205.5999755859376,1116.5544401661973,1036.3349914550781,956.1155427439589,-0.19923795814783396,15.481374144954064,-112.18496704101574,0,1,0,-0.12521019914581774,0
2021-01-13,930.0,935.4000244140624,900.0999755859375,922.1500244140624,985028,1031.759991455078,1033.4979931640626,1024.0624213787944,26.882541783577935,-14.975464090233572,3.312385726811775,-0.00216415078414145,1007.0499877929688,1011.5999755859375,1009.3249816894531,1016.0,1106.25,0,0,1,0,6.675018310546875,184.0999755859376,1125.867149765257,1031.759991455078,937.6528331448991,-0.08236785069919528,18.24206386942002,-109.6099670410157,0,1,0,0.11687010744863868,1
2021-01-14,925.9500122070312,968.25,925.0499877929688,968.25,1514658,1029.202490234375,1036.2549926757813,1018.746952676052,38.78528434993469,-17.19759207778384,-0.7896098341073476,0.049991839034250196,1007.0499877929688,1007.0499877929688,1007.0499877929688,1016.0,1098.6500244140625,0,0,1,0,8.95001220703125,130.4000244140625,1127.2134286092082,1029.202490234375,931.191551859542,0.18905261369262516,19.045997129780282,-60.95249023437509,0,0,0,0.27142046439182044,0
2021-01-15,1016.6500244140624,1016.6500244140624,939.2000122070312,947.75,2143296,1024.5124877929688,1038.3919921875,1011.9853381354756,35.97077142844131,-20.37791922383849,-4.7072717120535765,-0.021172217918925873,1007.0499877929688,1007.0499877929688,1007.0499877929688,1016.0,1070.0999755859375,0,0,1,0,8.95001220703125,122.3499755859375,1128.5056065169726,1024.5124877929688,920.519369068965,0.13092515766982937,20.30099583227696,-76.76248779296884,0,0,0,-0.05812745602279579,1
2021-01-18,945.0,980.0,920.0999755859376,949.75,1294049,1021.1924865722656,1040.2949926757813,1006.0581630749541,36.22852382403125,-22.477857367056913,-8.261388843054245,0.0021102611448167163,1007.0499877929688,1007.0499877929688,1007.0499877929688,1016.0,1036.699951171875,0,0,1,0,8.95001220703125,86.949951171875,1130.162110169711,1021.1924865722656,912.2228629748201,0.17219081697396815,21.341642252620336,-71.44248657226558,0,0,0,0.04126565930413878,1
2021-01-19,978.8499755859376,997.2000122070312,966.5,992.8499755859376,849095,1019.8199859619141,1042.9519921875,1004.8002404569526,41.45821658636791,-20.428775439736796,-10.694866162390756,0.04538033754770998,1007.0499877929688,1007.0499877929688,1007.0499877929688,1016.0,1041.5,0,0,1,0,8.95001220703125,48.650024414062386,1129.4892346611512,1019.8199859619141,910.1507372626771,0.3770393218889437,21.50757000428754,-26.97001037597647,0,0,0,0.20484850491497553,1
2021-01-20,994.6500244140624,1026.5,978.3499755859376,1020.1500244140624,1055316,1019.332485961914,1045.3679931640625,1006.262124643344,45.7161780631188,-16.41278114070701,-11.838449158054008,0.027496650550868473,988.0499877929688,1007.0499877929688,997.5499877929688,1037.2000122070312,1010.7999877929688,0,0,0,0,39.6500244140625,-9.350036621093636,1128.9048083580908,1019.332485961914,909.7601635657371,0.5037305883195232,21.498838486007177,0.8175384521483693,0,0,0,0.12669126643057954,1
2021-01-21,1021.75,1056.0,1016.5,1048.800048828125,902543,1019.5249908447265,1049.2469946289064,1010.3133555180851,47.82389287924814,-10.793834586889943,-11.629526243821195,0.028084128538366837,978.0499877929688,1007.0499877929688,992.5499877929688,1037.2000122070312,1013.6500244140624,0,1,0,0,44.6500244140625,-35.150024414062614,1129.2900223906163,1019.5249908447265,909.7599592988366,0.6333532982731364,21.5325828266248,29.275057983398483,0,0,0,0.12962270995361314,0
2021-01-22,1047.800048828125,1065.449951171875,1035.0,1047.8499755859375,651810,1020.1074920654297,1052.2529943847655,1013.8882717150234,45.45814394494943,-6.344308689835771,-10.57248273302411,-0.0009058668935504333,982.7749633789062,1007.0499877929688,994.9124755859375,1037.2000122070312,1019.4000244140624,0,1,0,0,42.28753662109375,-28.449951171875114,1130.3429446717364,1020.1074920654297,909.872039459123,0.6258328553318817,21.612517007028547,27.74248352050779,0,0,0,-0.007520442941254646,0
2021-01-25,1055.0,1064.0,1005.0,1031.0999755859375,528369,1019.7624908447266,1054.0279943847656,1015.5274816074914,41.42951414270167,-4.12209542359858,-9.282405271139005,-0.01598511274539438,982.7749633789062,1007.0499877929688,994.9124755859375,1042.5499877929688,1041.550048828125,0,0,0,0,47.63751220703125,10.4500732421875,1129.8148305686059,1019.7624908447266,909.7101511208473,0.5515095125176648,21.583916002385372,11.337484741210915,0,0,0,-0.07432334281421693,0
2021-01-27,1030.199951171875,1050.0,1020.7999877929688,1028.550048828125,510466,1019.254995727539,1054.8119958496093,1016.7677261046946,39.4504086900972,-2.537482658097474,-7.9334207485307,-0.0024730160199678553,992.7749633789062,1007.0499877929688,999.9124755859375,1060.0499877929688,1016.1500244140624,0,0,0,0,60.13751220703125,-12.400024414062614,1129.0466439884979,1019.254995727539,909.4633474665802,0.5423304196986504,21.543509469402228,9.29505310058596,0,0,0,-0.009179092819014412,1
2021-01-28,1016.5,1039.0,1016.5,1032.9000244140625,273105,1018.2524993896484,1055.2979968261718,1018.3041354674916,45.46819393795516,-0.9200531494041115,-6.530747228705382,0.004229230838979303,992.7749633789062,1007.0499877929688,999.9124755859375,1060.0499877929688,1020.2999877929688,0,0,0,0,60.13751220703125,-12.60003662109375,1127.1577489845151,1018.2524993896484,909.3472497947815,0.5672489392334333,21.39061768277432,14.647525024414108,0,0,0,0.024918519534782968,0
2021-01-29,1035.5999755859375,1050.0,981.2999877929688,1004.9000244140624,1497461,1015.8675018310547,1054.2269982910157,1017.027553462403,48.402555910543136,-1.8759695953062874,-5.599791702025564,-0.027108141483377146,992.7749633789062,1007.0499877929688,999.9124755859375,1060.0499877929688,1029.9000244140625,0,0,0,0,60.13751220703125,25.000000000000114,1123.7438589686874,1015.8675018310547,907.991144693422,0.4491664452341508,21.23827309037655,-10.967477416992324,0,0,0,-0.11808249399928256,1
2021-02-01,1018.0,1040.5,1005.6500244140624,1024.25,535861,1013.782504272461,1053.092999267578,1017.7154055136027,59.790030473797366,-1.0599406147809987,-4.691821484576651,0.01925562256525981,1015.9749755859375,1007.0499877929688,1011.5124816894531,1060.0499877929688,1044.949951171875,1,0,0,0,48.537506103515625,20.699951171875,1119.292325989323,1013.782504272461,908.2726825555989,0.5496043664808231,20.81508040870778,10.467495727539017,0,0,0,0.10043792124667233,1
2021-02-02,1033.5,1046.949951171875,1014.0,1031.949951171875,353217,1011.2675018310547,1052.0619982910157,1019.0710765286763,71.62052916737053,0.2057185445239611,-3.7123134787565286,0.007517648202953309,1021.8999633789062,1007.0499877929688,1014.4749755859375,1060.0499877929688,1036.199951171875,1,0,0,0,45.57501220703125,4.25,1112.4380171046828,1011.2675018310547,910.0969865574266,0.6022157952091184,20.00865549232886,20.682449340820312,0,0,0,0.05261142872829527,0
2021-02-03,1041.25,1043.699951171875,1017.2000122070312,1026.699951171875,397320,1007.7800018310547,1049.9049963378907,1019.7976360185048,70.69886301295043,0.7761840562926636,-2.8146139717466903,-0.005087456028306514,1023.3749694824219,1007.0499877929688,1015.2124786376953,1060.0499877929688,1038.0,1,0,0,0,44.83750915527344,11.300048828125,1101.4989684233224,1007.7800018310547,914.0610352387872,0.600939809884658,18.5990923459461,18.919949340820267,0,0,0,-0.0012759853244603825,1
2021-02-04,1047.949951171875,1078.0,1035.0,1078.0,1089299,1006.3175018310546,1047.8589953613282,1025.3407183024567,71.29000969932103,5.306596155149464,-1.1903719463674596,0.049965960132335674,1029.6499938964844,1007.0499877929688,1018.3499908447266,1060.0499877929688,1038.699951171875,1,1,0,0,41.69999694824219,-39.300048828125,1094.5331614133868,1006.3175018310546,918.1018422487225,0.9062912328056886,17.532371129751493,71.68249816894536,0,0,0,0.30535142292103057,0
2021-02-05,1101.0,1131.0,1053.75,1077.1500244140625,692820,1007.0200042724609,1045.298995361328,1030.2749379321335,77.17346444400579,8.727785973265554,0.7932596375591433,-0.0007884745695152517,1056.1499938964844,1015.5499877929688,1035.8499908447266,1060.0499877929688,1052.949951171875,1,1,0,0,24.199996948242188,-24.2000732421875,1097.2343487126598,1007.0200042724609,916.805659832262,0.8886855276551351,17.917090833836177,70.13002014160156,0,0,0,-0.017605705150553486,0
2021-02-08,1070.0,1097.199951171875,1055.199951171875,1063.449951171875,431477,1009.4475006103515,1043.6699938964844,1033.434463002585,72.75819234329018,10.21586006246116,2.677779722539547,-0.012718816257410337,1056.1499938964844,1015.5499877929688,1035.8499908447266,1060.0499877929688,1052.5999755859375,1,1,0,0,24.199996948242188,-10.8499755859375,1102.9328247356957,1009.4475006103515,915.9621764850073,0.7888284929574484,18.52207748670819,54.00245056152346,0,0,0,-0.0998570346976867,1
2021-02-09,1068.0,1116.0,1031.050048828125,1086.050048828125,3536318,1015.3350036621093,1043.3019958496093,1038.445471176446,70.32272214996905,13.068166810762932,4.755857140184224,0.021251679621918873,1056.1499938964844,1015.5499877929688,1035.8499908447266,1052.625,1065.949951171875,1,1,0,0,16.775009155273438,-20.10009765625,1112.473160812442,1015.3350036621093,918.1968465117767,0.8639921079446452,19.134208276081267,70.71504516601567,0,0,0,0.07516361498719681,0
2021-02-10,1076.0,1097.9000244140625,1060.0,1080.449951171875,4856552,1023.15,1042.1829943847656,1042.4458978426774,64.52308837563749,14.707223660235513,6.746130444194482,-0.005156390041409775,1056.1499938964844,1015.5499877929688,1035.8499908447266,1030.0,1082.25,1,1,0,1,5.8499908447265625,1.800048828125,1114.6736368009065,1023.15,931.6263631990935,0.8130336226505124,17.89056087590412,57.29995117187502,0,0,0,-0.05095848529413283,0
2021-02-11,1080.0,1090.0,1051.0,1074.5999755859375,4503787,1030.7724975585938,1040.980994873047,1045.508190961083,56.98049320852403,15.357116601995585,8.468327675754704,-0.005414388310714946,1068.3250122070312,1015.5499877929688,1041.9375,1030.0,1096.449951171875,1,1,0,1,11.9375,21.8499755859375,1112.2181064090887,1030.7724975585938,949.3268887080989,0.7690597973660884,15.802829245716305,43.82747802734366,0,0,0,-0.04397382528442395,0
2021-02-12,1064.949951171875,1081.699951171875,1052.0,1068.949951171875,4532486,1035.8074951171875,1039.4399938964843,1047.740739552587,55.567272293921924,15.240567909637548,9.822775722531272,-0.005257793171809633,1072.5,1015.5499877929688,1044.0249938964844,1030.0,1107.25,1,1,0,1,14.024993896484375,38.300048828125,1113.5356975411055,1035.8074951171875,958.0792926932695,0.7131945357100471,15.008233246106045,33.1424560546875,0,0,0,-0.05586526165604133,0
2021-02-15,1068.0,1079.949951171875,1037.0,1062.8499755859375,4525422,1041.5624938964843,1037.7969934082032,1049.1797144129062,58.87614835442346,14.488965406950228,10.756013659415064,-0.005706511871065745,1074.1000061035156,1015.5499877929688,1044.8249969482422,1030.0,1063.0999755859375,1,1,0,1,14.824996948242188,0.25,1108.6790199461284,1041.5624938964843,974.4459678468403,0.658585991725104,12.887661843229626,21.287481689453216,0,0,1,-0.05460854398494308,1
2021-02-16,1050.0,1113.0,1049.0,1078.300048828125,5182242,1047.9899963378907,1036.7679943847656,1051.953079595308,62.97260408271357,14.967471107561096,11.598305149044272,0.014536457258391478,1081.0250244140625,1015.5499877929688,1048.2875061035156,1030.0,1014.9000244140624,1,1,0,1,18.287506103515625,-63.400024414062614,1102.058468665191,1047.9899963378907,993.9215240105904,0.7802932206661419,10.31850924459925,30.310052490234284,0,0,1,0.12170722894103791,1
2021-02-17,1085.0,1127.0,1051.050048828125,1104.25,6145401,1053.5599975585938,1036.7279943847657,1056.9337386814693,66.72132695184992,17.24188083989793,12.727020287215005,0.02406561253528361,1081.0250244140625,1015.5499877929688,1048.2875061035156,1029.5499877929688,968.2999877929688,1,1,0,1,18.737518310546875,-135.95001220703125,1106.7037015141934,1053.5599975585938,1000.4162936029941,0.976914466516641,10.08840580104582,50.69000244140625,0,0,1,0.19662124585049912,1
2021-02-18,1100.0,1129.4000244140625,1085.5,1109.5,5456103,1058.0274963378906,1036.9449938964844,1061.9400492832342,77.43962618091365,19.246140535148697,14.030844336801744,0.004754358161648264,1080.2250366210938,1015.5499877929688,1047.8875122070312,1020.0499877929688,924.1500244140624,1,1,0,1,27.8375244140625,-185.3499755859376,1114.125897404887,1058.0274963378906,1001.9290952708943,0.9587697927489734,10.604337082196354,51.472503662109375,0,0,1,-0.018144673767667596,1
2021-02-19,1109.800048828125,1128.0,1069.050048828125,1117.699951171875,1004331,1061.4724914550782,1037.8969934082031,1067.2505161297713,76.03785161925803,21.251227392316423,15.47492094790468,0.007390672529855813,1080.2250366210938,1025.5499877929688,1052.8875122070312,1015.5499877929688,922.1500244140624,1,1,0,1,37.3375244140625,-195.5499267578126,1123.0735454437677,1061.4724914550782,999.8714374663886,0.9563839096577852,11.606716986936922,56.22745971679683,0,0,1,-0.0023858830911882567,1
2021-02-22,1103.0,1152.050048828125,1103.0,1141.449951171875,956638,1066.152490234375,1039.9919934082031,1074.3171289909242,78.00508011673779,24.474572053717566,17.274851169067258,0.021248994397019327,1094.5250244140625,1036.0750122070312,1065.3000183105469,1026.0750122070312,968.25,1,1,0,1,39.225006103515625,-173.199951171875,1136.5033574859583,1066.152490234375,995.8016229827915,1.035156593508841,13.197149168805671,75.29746093750009,1,0,1,0.07877268385105574,1
2021-02-23,1161.199951171875,1198.5,1161.0,1196.199951171875,5405934,1074.407489013672,1043.0859924316405,1085.9250168176814,84.59180226422765,31.088593403206005,20.037599615895008,0.047965309336419626,1117.75,1059.2999877929688,1088.5249938964844,1049.2999877929688,947.75,1,1,0,1,39.225006103515625,-248.449951171875,1162.8009116552205,1074.407489013672,986.0140663721234,1.1889226512480102,16.454357130867646,121.79246215820308,1,0,0,0.1537660577391693,0
2021-02-24,1209.699951171875,1209.699951171875,1159.0,1169.3499755859375,494155,1081.4474853515626,1046.2569921875,1093.8702509860866,70.7095680800909,33.77435460289348,22.784950613294704,-0.02244605975751257,1123.3499755859375,1088.0999755859375,1105.7249755859375,1054.8999633789062,949.75,1,1,0,1,50.82501220703125,-219.5999755859375,1176.302032737379,1081.4474853515626,986.5929379657462,0.9633541177358406,17.542145813022188,87.90249023437491,0,0,0,-0.22556853351216966,0
2021-02-25,1174.5999755859375,1192.0,1117.449951171875,1128.550048828125,678592,1086.2299865722657,1048.5549926757812,1097.1730888758045,59.86564305720152,32.238995521080824,24.67575959485193,-0.03489111695356084,1123.3499755859375,1094.0249633789062,1108.6874694824219,1054.8999633789062,992.8499755859376,1,1,0,1,53.787506103515625,-135.7000732421874,1180.4544791025046,1086.2299865722657,992.0054940420267,0.7245703909855381,17.348902846546537,42.320062255859284,0,0,0,-0.23878372675030246,1
2021-02-26,1125.0,1184.949951171875,1101.550048828125,1159.8499755859375,6662742,1093.9774841308595,1051.3639916992188,1103.1423161815314,67.33190091278402,33.165543155371324,26.37371630695581,0.02773463772414342,1129.3499755859375,1095.4999694824219,1112.4249725341797,1054.8999633789062,1020.1500244140624,1,1,0,1,57.52500915527344,-139.6999511718751,1185.6247870177585,1093.9774841308595,1002.3301812439604,0.859380414808118,16.754879184686473,65.87249145507803,0,0,0,0.1348100238225799,0
2021-03-01,1170.0,1170.0,1130.1500244140625,1141.0,448402,1099.8149841308593,1053.3529907226562,1106.7478098785284,60.01457636439844,32.009814125177854,27.50093587060022,-0.016252080857625417,1130.375,1095.4999694824219,1112.937484741211,1054.8999633789062,1048.800048828125,1,1,0,1,58.03752136230469,-92.199951171875,1187.7511057904587,1099.8149841308593,1011.8788624712599,0.7341757578789283,15.991075395120546,41.18501586914067,0,0,0,-0.1252046569291897,1
2021-03-02,1155.0,1175.0,1134.0,1164.8499755859375,521226,1106.4599853515624,1056.3269897460937,1112.2813494697102,64.4224370947239,32.6421063662101,28.529169969722197,0.020902695517911907,1139.375,1095.4999694824219,1117.437484741211,1054.8999633789062,1047.8499755859375,1,1,0,1,62.53752136230469,-117.0,1192.952267149691,1106.4599853515624,1019.967703553434,0.8375445127615914,15.634055084359277,58.38999023437509,0,0,0,0.10336875488266306,1
2021-03-03,1178.9000244140625,1190.0,1162.050048828125,1176.300048828125,494659,1113.939990234375,1059.4469909667969,1118.3783684562259,67.05233593671007,33.67889836507129,29.559115648792016,0.0098296548758805,1139.375,1095.4999694824219,1117.437484741211,1054.8999633789062,1031.0999755859375,1,1,0,1,62.53752136230469,-145.2000732421875,1197.3684458192192,1113.939990234375,1030.5115346495309,0.8737337468169459,14.978985639485066,62.360058593749955,0,0,0,0.03618923405535457,1
2021-03-04,1176.0,1198.0,1165.0,1184.6500244140625,641914,1119.2724914550781,1062.541990966797,1124.6899547379246,69.22568257395321,34.77348959764345,30.601990438562304,0.007098508237125545,1155.625,1095.4999694824219,1125.562484741211,1054.8999633789062,1028.550048828125,1,1,0,1,70.66252136230469,-156.0999755859375,1206.382824546659,1119.2724914550781,1032.1621583634972,0.875257048381686,15.565527386157,65.37753295898438,0,0,0,0.0015233015647401205,0
2021-03-05,1178.9000244140625,1206.0,1162.0,1172.75,595718,1124.052490234375,1065.0979919433594,1129.2671019057414,67.9165447753917,34.28550654058654,31.338693658967152,-0.010045181419675697,1155.625,1095.4999694824219,1125.562484741211,1054.8999633789062,1032.9000244140625,1,1,0,1,70.66252136230469,-139.8499755859375,1211.8814428417927,1124.052490234375,1036.2235376269573,0.7772292525409906,15.627197727946776,48.697509765625,0,0,0,-0.09802779584069543,0
2021-03-08,1178.0,1185.0,1162.25,1171.5999755859375,267891,1129.4599914550781,1067.8059924316406,1133.298804160998,65.95417183121053,33.42072577008298,31.75510008119032,-0.0009806219689298956,1155.625,1107.6749877929688,1131.6499938964844,1054.8999633789062,1004.9000244140624,1,1,0,1,76.75003051757812,-166.6999511718751,1214.9853079572426,1129.4599914550781,1043.9346749529136,0.7463597087640879,15.144461450464064,42.139984130859375,0,0,0,-0.030869543776902764,0
2021-03-09,1179.949951171875,1179.949951171875,1135.0,1166.199951171875,332177,1133.4674865722657,1070.3699914550782,1136.4322467334625,61.39414834525822,31.931556828309567,31.79039143061417,-0.0046091025320837975,1153.7750244140625,1111.8499755859375,1132.8125,1054.8999633789062,1024.25,1,1,0,1,77.91253662109375,-141.949951171875,1217.9862418787748,1133.4674865722657,1048.9487312657566,0.6936402428129966,14.91330916991777,32.73246459960933,0,0,0,-0.05271946595109123,1
2021-03-10,1165.5,1192.0999755859375,1165.5,1185.6500244140625,483563,1138.727490234375,1073.3089929199218,1141.1196541316149,63.31061770879875,31.952509433666364,31.82281503122461,0.01667816331379779,1153.7750244140625,1113.4499816894531,1133.6125030517578,1054.8999633789062,1031.949951171875,1,1,0,1,78.71253967285156,-153.7000732421875,1222.4841680791637,1138.727490234375,1054.9708123895862,0.7801121975410764,14.710574490047629,46.922534179687545,0,0,0,0.08647195472807978,0
2021-03-12,1200.0,1200.0,1154.199951171875,1160.5999755859375,296923,1143.027490234375,1075.4619934082032,1142.9749228415503,57.081548523650575,29.60649963751507,31.379551952482704,-0.021127692246710406,1168.0750122070312,1120.375,1144.2250061035156,1054.8999633789062,1026.699951171875,1,1,0,1,89.32504272460938,-133.9000244140625,1221.8591753596434,1143.027490234375,1064.1958051091065,0.6114557257252513,13.793488922843702,17.57248535156259,0,0,0,-0.1686564718158251,1
2021-03-15,1179.0,1205.0,1135.25,1193.0999755859375,453478,1149.2349914550782,1078.2719934082031,1147.748737388635,58.286542654885146,30.023654359761167,31.1083724339384,0.02800275778361283,1170.0,1120.375,1145.1875,1054.8999633789062,1078.0,1,1,0,1,90.28753662109375,-115.0999755859375,1223.1556022021125,1149.2349914550782,1075.314380708044,0.7967033394851866,12.864316053140943,43.864984130859284,0,0,1,0.18524761375993526,1
2021-03-16,1209.9000244140625,1244.4000244140625,1206.300048828125,1219.800048828125,648757,1157.0824951171876,1081.3489953613282,1154.6107670495387,54.16080562935058,32.138255447966,31.314349036743923,0.02237873924108902,1189.7000122070312,1137.7250366210938,1163.7125244140625,1072.25,1077.1500244140625,1,1,0,1,91.4625244140625,-142.6500244140625,1225.794464302892,1157.0824951171876,1088.3705259314831,0.9563801216454281,11.876762370127361,62.71755371093741,0,0,1,0.1596767821602415,0
2021-03-17,1229.8499755859375,1240.0,1158.8499755859375,1164.300048828125,407312,1161.3824951171875,1082.9899963378907,1155.5335557903566,49.19136512672438,29.001395839602765,30.851758397315695,-0.045499260352809046,1189.7000122070312,1137.7250366210938,1163.7125244140625,1072.25,1063.449951171875,1,1,0,1,91.4625244140625,-100.85009765625,1219.832974645019,1161.3824951171875,1102.932015589356,0.5249574831079722,10.065672553801255,2.9175537109374545,0,0,1,-0.4314226385374559,0
2021-03-18,1179.4000244140625,1183.0,1120.0999755859375,1135.8499755859375,269255,1162.9624938964844,1083.7779968261718,1153.6589291042214,51.21705905649786,23.94372055060103,29.470150827972763,-0.024435344884527588,1182.25,1140.7000122070312,1161.4750061035156,1072.25,1086.050048828125,1,0,0,1,89.22500610351562,-49.7999267578125,1216.6656640405527,1162.9624938964844,1109.259323752416,0.24757059743574975,9.235580756200795,-27.112518310546875,0,0,1,-0.27738688567222247,1
2021-03-19,1129.9000244140625,1192.5999755859375,1081.0999755859375,1192.5999755859375,622620,1167.1174926757812,1085.4849963378906,1157.3676001977183,55.03303605263257,24.235357055792292,28.423192073536672,0.049962584161455936,1162.75,1140.7000122070312,1151.7250061035156,1072.25,1080.449951171875,1,1,0,1,79.47500610351562,-112.1500244140625,1216.3008520318797,1167.1174926757812,1117.9341333196828,0.7590559413160193,8.42817619729761,25.48248291015625,0,0,1,0.5114853438802696,1
2021-03-22,1252.199951171875,1252.199951171875,1234.949951171875,1252.199951171875,382028,1173.8424926757812,1089.2669958496094,1166.3992526714474,65.18708650012303,28.942074796848374,28.526968618199014,0.049974825428497516,1166.6499633789062,1144.5999755859375,1155.6249694824219,1076.1499633789062,1074.5999755859375,1,1,0,1,79.47500610351562,-177.5999755859375,1230.3888153205025,1173.8424926757812,1117.2961700310598,1.192860780606469,9.634396948064762,78.35745849609384,1,0,1,0.4338048392904498,1
2021-03-23,1309.0,1314.800048828125,1282.0,1313.6500244140625,2252589,1182.4524963378906,1095.2419958496093,1180.4231356945536,68.42951286227205,37.20185009708848,30.261944913976908,0.049073690814856796,1197.9500122070312,1175.9000244140625,1186.9250183105469,1107.4500122070312,1068.949951171875,1,1,0,1,79.47500610351562,-244.7000732421875,1263.6949223819743,1182.4524963378906,1101.210070293807,1.3074446718576673,13.741342894652462,131.19752807617192,1,0,0,0.11458389125119828,0
2021-03-24,1297.199951171875,1340.0,1268.0,1291.3499755859375,1159456,1187.2099975585938,1101.7029956054687,1190.98759663659,63.876469855538744,41.47031004008045,32.50361793919762,-0.016975639183710034,1210.5499877929688,1194.5,1202.5249938964844,1120.0499877929688,1062.8499755859375,1,1,0,1,82.47500610351562,-228.5,1281.2511067210326,1187.2099975585938,1093.1688883961551,1.053693905542208,15.842371502232467,104.13997802734366,1,0,0,-0.25375076631545923,0
2021-03-25,1300.0,1300.0,1226.800048828125,1226.800048828125,436451,1190.082501220703,1107.75599609375,1194.3983063691173,54.476897676503945,39.19266700573212,33.841427752504515,-0.049986392518049594,1210.5499877929688,1195.5250244140625,1203.0375061035156,1120.0499877929688,1078.300048828125,1,1,0,1,82.98751831054688,-148.5,1285.2686528304746,1190.082501220703,1094.8963496109316,0.6928723190635465,15.996563517594156,36.71754760742192,0,0,0,-0.3608215864786616,0
2021-03-26,1215.0,1260.0,1178.199951171875,1212.3499755859375,436902,1194.2724975585938,1113.5599951171876,1196.1079891516717,54.18338694913982,35.808836369692244,34.23490947594206,-0.011778670253551615,1210.5499877929688,1204.5250244140625,1207.5375061035156,1120.0499877929688,1104.25,1,1,0,1,87.48751831054688,-108.0999755859375,1285.5528279943703,1194.2724975585938,1102.9921671228174,0.5990217604441228,15.286348906531366,18.07747802734366,0,0,0,-0.09385055861942371,0
2021-03-30,1216.050048828125,1230.0,1151.75,1157.6500244140625,737543,1194.1625,1117.3479956054687,1192.445325843328,48.67609925768508,28.38608023521283,33.06514362779622,-0.045118944424804464,1210.5499877929688,1204.5250244140625,1207.5375061035156,1120.0499877929688,1109.5,1,0,0,1,87.48751831054688,-48.1500244140625,1285.6136313799109,1194.1625,1102.711368620089,0.3003716573267125,15.316362953938176,-36.51247558593741,0,0,0,-0.2986501031174103,0
2021-03-31,1157.6500244140625,1157.6500244140625,1099.800048828125,1104.8499755859375,779163,1192.354998779297,1120.4899951171874,1184.1029115331003,44.65825542343651,18.035072756266572,30.05912945349029,-0.04560968143619171,1210.5499877929688,1210.5499877929688,1210.5499877929688,1130.0499877929688,1117.699951171875,0,0,1,1,80.5,12.8499755859375,1289.2071351016666,1192.354998779297,1095.5028624569272,0.04825455319797313,16.245520238775278,-87.50502319335942,0,0,0,-0.2521171041287394,1
2021-04-01,1104.9000244140625,1160.050048828125,1104.9000244140625,1160.050048828125,523216,1192.1150024414062,1124.69599609375,1181.812162704055,47.901642605155004,14.123205813377353,26.871944725467706,0.049961600635338055,1210.5499877929688,1210.5499877929688,1210.5499877929688,1130.0499877929688,1141.449951171875,0,0,0,1,80.5,-18.60009765625,1289.2619149776992,1192.1150024414062,1094.9680899051132,0.33496668717442724,16.298245108456793,-32.064953613281205,0,0,0,0.2867121339764541,1
2021-04-05,1165.0,1210.0,1125.050048828125,1164.199951171875,822644,1191.5099975585938,1128.1229956054688,1180.1348092248,50.30554865414992,11.228450921858894,23.743245964745945,0.0035773476738716337,1219.9000244140625,1210.5499877929688,1215.2250061035156,1130.0499877929688,1196.199951171875,1,0,0,1,85.17501831054688,32.0,1289.1925751127276,1191.5099975585938,1093.82742000446,0.36021024899970466,16.39643439908781,-27.310046386718795,0,0,0,0.025243561825277427,1
2021-04-06,1175.9000244140625,1209.0,1170.0999755859375,1194.449951171875,574032,1191.9999938964843,1131.608994140625,1181.4981560769022,50.115018750999745,11.245626423696422,21.243722056536043,0.025983509078101763,1219.9000244140625,1210.5499877929688,1215.2250061035156,1153.25,1169.3499755859375,1,0,0,1,61.975006103515625,-25.0999755859375,1289.6383182938011,1191.9999938964843,1094.3616694991674,0.5125460841862729,16.382269278064438,2.449957275390716,0,0,0,0.15233583518656824,1
2021-04-07,1215.0,1223.5,1164.0,1196.199951171875,572004,1193.1724914550782,1134.5569921875,1182.8983270383283,47.89997406088003,11.270528866176619,19.24908341846416,0.0014651095244995194,1219.9000244140625,1210.5499877929688,1215.2250061035156,1159.1749877929688,1128.550048828125,1,0,0,1,56.050018310546875,-67.64990234375,1290.4204161847922,1193.1724914550782,1095.9245667253642,0.5155656777520505,16.300731943814725,3.027459716796784,0,0,0,0.003019593565777634,0
2021-04-08,1177.0,1196.1500244140625,1160.0,1165.5,462142,1192.8674926757812,1136.9099926757813,1181.2413435108685,50.111706474930024,8.712601297529545,17.14178699427724,-0.025664564809419477,1199.9000244140625,1210.5499877929688,1205.2250061035156,1160.6499938964844,1159.8499755859375,0,0,0,1,44.57501220703125,-5.6500244140625,1290.421915618547,1192.8674926757812,1095.3130697330155,0.3597321789713343,16.356288278748636,-27.36749267578125,0,0,0,-0.15583349878071623,0
2021-04-09,1179.800048828125,1185.0,1130.0,1142.75,526463,1191.6949951171875,1139.1429931640625,1177.5755012717382,50.6492307204606,4.794423273119037,14.6723142500456,-0.019519519519519468,1179.9000244140625,1210.5499877929688,1195.2250061035156,1160.6499938964844,1141.0,0,0,1,1,34.57501220703125,-1.75,1291.0503547816027,1191.6949951171875,1092.3396354527724,0.25368719270653717,16.67462900683657,-48.944995117187545,0,0,0,-0.10604498626479714,0
2021-04-12,1129.949951171875,1129.949951171875,1085.6500244140625,1085.6500244140625,313902,1186.6949951171875,1140.2849926757813,1168.8206939519596,39.94358710184532,-2.8849954340364548,11.16085231322919,-0.0499671630592321,1157.8250122070312,1210.5499877929688,1184.1875,1160.6499938964844,1164.8499755859375,0,0,1,1,23.537506103515625,79.199951171875,1296.300133327813,1186.6949951171875,1077.089856906562,0.03905002834379238,18.472335125977644,-101.04497070312505,0,0,0,-0.2146371643627448,1
2021-04-13,1085.4000244140625,1138.0,1035.1500244140625,1116.050048828125,888788,1184.4674987792969,1141.9479931640626,1163.79491822588,36.45409520293231,-6.443683408788274,7.639945168825697,0.028001679851174632,1129.3250122070312,1187.5750122070312,1158.4500122070312,1160.6499938964844,1176.300048828125,0,0,1,0,2.199981689453125,60.25,1297.849115634935,1184.4674987792969,1071.0858819236587,0.19828684821859793,19.144740902133393,-68.41744995117188,0,0,0,0.15923681987480556,1
2021-04-15,1115.949951171875,1144.0,1085.4000244140625,1122.699951171875,786223,1180.9474975585938,1144.3039916992188,1159.8811118397844,28.676702925626103,-8.62792042815181,4.3863720494301965,0.005958426641110348,1129.3250122070312,1187.5750122070312,1158.4500122070312,1160.6499938964844,1184.6500244140625,0,0,1,0,2.199981689453125,61.9500732421875,1297.3690224702154,1180.9474975585938,1064.5259726469721,0.2498420226374122,19.71663010460722,-58.247546386718795,0,0,0,0.05155517441881427,0
2021-04-16,1122.699951171875,1148.0,1099.0,1108.5999755859375,494736,1175.3874938964843,1145.9909912109374,1154.9971941013227,29.211684540512195,-11.365677735896952,1.2359620923647667,-0.012558988330960474,1129.3250122070312,1187.5750122070312,1158.4500122070312,1160.6499938964844,1172.75,0,0,1,0,2.199981689453125,64.1500244140625,1294.4473340565619,1175.3874938964843,1056.3276537364068,0.21952121630286875,20.258823711895488,-66.78751831054683,0,0,0,-0.030320806334543454,0
2021-04-19,1088.0,1108.0,1053.199951171875,1056.3499755859375,563766,1169.989990234375,1146.4789916992188,1145.6022209093812,30.052648105116788,-17.549212062638844,-2.5210727386359557,-0.04713151826688777,1129.3250122070312,1187.5750122070312,1158.4500122070312,1172.8250122070312,1171.5999755859375,0,0,1,0,14.375,115.25,1299.8672908734447,1169.989990234375,1040.1126895953053,0.06251009957373466,22.201437913678635,-113.6400146484375,0,0,0,-0.1570111167291341,0
2021-04-20,1060.0,1086.0,1037.0,1043.949951171875,477549,1165.3949890136719,1146.8239916992188,1135.9210523629522,30.197543262201222,-23.183046180010024,-6.653467426910769,-0.011738557012967665,1129.3250122070312,1187.5750122070312,1158.4500122070312,1177.0,1166.199951171875,0,0,1,0,18.54998779296875,122.25,1305.8505593758134,1165.3949890136719,1024.9394186515303,0.0676745410357494,24.104371768582194,-121.44503784179688,0,0,0,0.005164441462014738,0
2021-04-22,1043.949951171875,1054.0,1008.0,1030.449951171875,434346,1157.2874877929687,1145.8729907226561,1125.8761855828498,33.43748519817517,-28.40974759755136,-11.004723461038889,-0.012931654419683358,1102.0750122070312,1174.0,1138.0375061035156,1174.0,1185.6500244140625,0,0,1,0,35.962493896484375,155.2000732421875,1308.809272795407,1157.2874877929687,1005.7657027905304,0.08145445349969757,26.185677560793703,-126.8375366210937,0,0,0,0.013779912463948177,1
2021-04-23,1027.0,1064.949951171875,1027.0,1052.4000244140625,363924,1147.2974914550782,1145.3779907226562,1118.8784559477272,42.573981923288045,-30.429980784595045,-14.889774925750121,0.021301445273712583,1096.5,1174.0,1135.25,1174.0,1160.5999755859375,0,0,1,0,38.75,108.199951171875,1298.8172989948278,1147.2974914550782,995.7776839153287,0.1868479818517443,26.413342427443492,-94.89746704101572,0,0,0,0.10539352835204674,0
2021-04-26,1060.3499755859375,1062.949951171875,1045.0,1049.25,226465,1134.077490234375,1145.0939916992188,1112.247174428896,31.600780017919334,-31.917288154658763,-18.295277571531848,-0.002993181623894725,1078.0,1174.0,1126.0,1174.0,1193.0999755859375,0,0,1,0,48.0,143.8499755859375,1270.6322683255648,1134.077490234375,997.5227121431855,0.189401237290546,24.08208949865824,-84.82749023437509,0,0,0,0.0025532554388016937,1
2021-04-27,1064.0,1064.0,1044.050048828125,1054.5999755859375,204814,1122.239990234375,1144.464990234375,1106.756965015281,31.872311918596083,-32.29204900292848,-21.094631857811176,0.0050988568843817195,1078.0,1174.0,1126.0,1174.0,1219.800048828125,0,0,1,0,48.0,165.2000732421875,1242.252947583743,1122.239990234375,1002.2270328850071,0.21819703412719127,21.38810920903001,-67.6400146484375,0,0,0,0.028795796836645265,1
2021-04-28,1065.0,1065.0,1044.5999755859375,1054.699951171875,273943,1113.6349853515626,1143.949990234375,1101.7991541730516,24.324811657752676,-32.209689233288145,-23.317643332906574,9.479953371127614e-05,1078.0,1174.0,1126.0,1174.0,1164.300048828125,0,0,1,0,48.0,109.60009765625,1226.9164741319255,1113.6349853515626,1000.3534965711996,0.23987350089495044,20.3444558172894,-58.93503417968759,0,0,0,0.021676466767759167,1
2021-04-29,1060.0,1065.0,1049.0,1055.75,218774,1105.8049865722655,1143.5729907226562,1097.4135204422848,24.129678313527165,-31.69433578379585,-24.99298182308443,0.0009955900983575905,1078.0,1174.0,1126.0,1174.0,1135.8499755859375,0,0,1,0,48.0,80.0999755859375,1212.1471918493614,1105.8049865722655,999.4627812951696,0.2646513609444282,19.233446506102606,-50.054986572265534,0,0,0,0.024777860049477768,0
2021-04-30,1040.9000244140625,1048.5999755859375,1011.0,1018.9500122070312,466631,1098.8699859619142,1142.5729919433593,1089.9408053722607,23.599352506135958,-33.864991386239126,-26.767383735715374,-0.03485672535445772,1058.0,1174.0,1116.0,1174.0,1192.5999755859375,0,0,1,0,58.0,173.64996337890625,1208.8129867121547,1098.8699859619142,988.9269852116735,0.1365390556492159,20.010192680620026,-79.9199737548829,0,0,0,-0.1281123052952123,1
2021-05-03,1015.0,1044.699951171875,990.0,1036.5,324742,1095.4524871826172,1142.0459924316406,1084.851204860617,30.493848077017034,-33.77972263103629,-28.16985151477956,0.017223600355974034,1038.0,1165.0,1101.5,1165.0,1252.199951171875,0,0,1,0,63.5,215.699951171875,1208.6408134222902,1095.4524871826172,982.2641609429442,0.23958229995473657,20.66512743620326,-58.95248718261723,0,0,0,0.10304324430552067,1
2021-05-04,1050.0,1063.0,1035.0,1045.0999755859375,256463,1089.7049835205078,1141.3819909667968,1081.0653735011238,40.942583593770024,-32.64192458371099,-29.064266128565848,0.008297130328931424,1027.5,1165.0,1096.25,1165.0,1313.6500244140625,0,0,1,0,68.75,268.550048828125,1200.8443918969456,1089.7049835205078,978.5655751440701,0.29932857036862337,20.3980728834294,-44.60500793457027,0,0,0,0.059746270413886804,1
2021-05-05,1059.0,1080.800048828125,1047.3499755859375,1064.550048828125,446011,1084.7224884033203,1140.5879919433594,1079.4924854370286,37.905121161508355,-29.82692682835318,-29.216798268523313,0.01861072978332312,1035.4000244140625,1145.0,1090.2000122070312,1165.0,1291.3499755859375,0,0,1,0,74.79998779296875,226.7999267578125,1190.8795473805426,1084.7224884033203,978.5654294260981,0.4049877616733725,19.573127710015914,-20.172439575195312,0,0,0,0.10565919130474916,1
2021-05-06,1083.949951171875,1108.0,1072.0,1099.5999755859375,762063,1079.9799896240233,1140.3899914550782,1081.4074844988295,45.213433296403664,-24.485530705118208,-28.270544755842295,0.03292463966010439,1049.0,1125.0,1087.0,1165.0,1226.800048828125,0,0,0,0,78.0,127.2000732421875,1173.8714200096333,1079.9799896240233,986.0885592384135,0.6044823040896026,17.387624083349287,19.619985961914153,0,0,0,0.19949454241623005,1
2021-05-07,1120.0,1125.4000244140625,1083.699951171875,1102.9000244140625,784571,1075.314993286133,1140.093992919922,1083.4543930621849,48.76356873031584,-19.75838704729017,-26.568113214131873,0.0030011357779147207,1057.7000122070312,1110.0,1083.8500061035156,1165.0,1212.3499755859375,0,0,0,0,81.14999389648438,109.449951171875,1153.623368591998,1075.314993286133,997.0066179802677,0.6761307843521529,14.564732342577491,27.585031127929597,0,0,0,0.07164848026255033,0
2021-05-10,1110.0,1120.0,1098.050048828125,1102.8499755859375,336905,1072.1824920654296,1139.321993408203,1085.3015913977804,63.03980802869985,-15.833610161522756,-24.42121260361005,-4.5379297322623025e-05,1057.7000122070312,1106.75,1082.2250061035156,1165.0,1157.6500244140625,0,0,0,0,82.77499389648438,54.800048828125,1140.1377666974072,1072.1824920654296,1004.227217433452,0.7256446146865895,12.676064967460904,30.667483520507858,0,0,1,0.04951383033443657,0
2021-05-11,1094.0,1094.0,1071.050048828125,1077.949951171875,344008,1068.9424896240234,1136.956993408203,1084.6014351857893,58.9098452689799,-14.564529248023291,-22.449875932492702,-0.02257788907401781,1057.7000122070312,1106.75,1082.2250061035156,1165.0,1104.8499755859375,0,0,1,0,82.77499389648438,26.9000244140625,1128.83094400979,1068.9424896240234,1009.0540352382569,0.5752019870961328,11.20517800856265,9.007461547851562,0,0,1,-0.15044262759045668,0
2021-05-12,1077.0,1084.800048828125,1032.199951171875,1049.800048828125,369512,1067.1499908447265,1134.565994873047,1081.2870174374402,54.70919706936289,-15.649833799078806,-21.089867505809924,-0.026114294372523772,1057.7000122070312,1106.75,1082.2250061035156,1165.0,1160.050048828125,0,0,1,0,82.77499389648438,110.25,1127.0768881896897,1067.1499908447265,1007.2230934997633,0.35524077847107366,11.231204209171521,-17.349942016601517,0,0,1,-0.21996120862505913,1
2021-05-14,1069.0,1097.699951171875,1050.5,1088.050048828125,681045,1065.7499908447267,1133.7559948730468,1081.9311156651245,58.03833695920236,-13.270515896924962,-19.52599718403293,0.03643550983132249,1057.7000122070312,1106.75,1082.2250061035156,1165.0,1164.199951171875,0,0,0,0,82.77499389648438,76.14990234375,1122.2523127083432,1065.7499908447267,1009.2476689811102,0.6973375362982911,10.603297649354337,22.300057983398347,0,0,1,0.34209675782721743,1
2021-05-17,1142.449951171875,1142.449951171875,1142.449951171875,1142.449951171875,268800,1066.7374908447266,1133.4079943847655,1087.694814284815,67.0695957592844,-6.915553639645623,-17.00390847515547,0.0499976103142874,1087.324951171875,1106.75,1097.0374755859375,1165.0,1194.449951171875,0,0,0,0,67.9625244140625,52.0,1127.7008317765044,1066.7374908447266,1005.7741499129488,1.120967118681011,11.429867508172462,75.71246032714839,1,0,1,0.42362958238271997,1
2021-05-18,1199.550048828125,1199.550048828125,1181.1500244140625,1198.75,825222,1071.2449920654296,1134.5629943847657,1098.2714986386422,72.24881094943926,2.633387108211764,-13.076449358482025,0.049280100866015975,1115.875,1094.7750244140625,1105.3250122070312,1165.0,1196.199951171875,1,1,0,0,59.67498779296875,-2.550048828125,1153.5263730546799,1071.2449920654296,988.9636110761793,1.2748108162600502,15.361823224135959,127.50500793457036,1,0,0,0.15384369757903915,1
2021-05-19,1244.0,1258.6500244140625,1156.0,1243.6500244140625,2581312,1080.6099945068358,1136.1389953613282,1112.1170725220156,75.6203489141949,13.66650916183471,-7.727857654418678,0.03745570336939519,1145.4249877929688,1124.3250122070312,1134.875,1165.0,1165.5,1,1,0,0,30.125,-78.1500244140625,1191.604315565301,1080.6099945068358,969.6156734483708,1.2344521249035207,20.542901069339127,163.04002990722665,1,0,0,-0.040358691356529475,1
2021-05-20,1274.0,1284.75,1240.0999755859375,1268.8499755859375,1235091,1091.854995727539,1137.9899938964843,1127.0440156709606,77.1188633943074,24.16520192796429,-1.3492457379420841,0.020262896053693025,1158.4749755859375,1137.375,1147.9249877929688,1165.0,1142.75,1,1,0,0,17.07501220703125,-126.0999755859375,1228.3540998904707,1091.854995727539,955.3558915646074,1.148337514534634,25.003156041242963,176.99497985839844,1,0,0,-0.08611461036888679,1
2021-05-21,1285.0,1320.5,1272.0,1299.199951171875,1145075,1105.292495727539,1140.2809924316407,1143.439819052,86.25954439600133,34.536367225343156,5.827876854714964,0.02391927822036033,1176.3499755859375,1155.25,1165.7999877929688,1165.0,1085.6500244140625,1,1,0,1,0.79998779296875,-213.5499267578125,1265.7730553681038,1105.292495727539,944.8119360869745,1.104146246369775,29.038568570924962,193.90745544433594,1,0,0,-0.044191268164858855,1
2021-05-24,1317.0,1364.1500244140625,1300.0,1360.949951171875,1906731,1120.7199920654298,1144.0449914550782,1164.1550697300834,87.66980433597023,47.19427317371287,14.101156118514545,0.047529250554775304,1198.1749877929688,1177.0750122070312,1187.625,1177.0750122070312,1116.050048828125,1,1,0,1,10.54998779296875,-244.89990234375,1313.8898749407147,1120.7199920654298,927.550109190145,1.1218100760084415,34.47246131824285,240.22995910644522,1,0,0,0.017663829638666417,0
2021-05-25,1390.0,1390.0,1301.0999755859375,1314.25,1212221,1133.9699920654298,1146.8979919433593,1178.449824993885,78.70934341389152,52.848257248625714,21.85057634453678,-0.03431423112338772,1211.0999755859375,1190.0,1200.5499877929688,1190.0,1122.699951171875,1,1,0,1,10.54998779296875,-191.550048828125,1341.5309096080045,1133.9699920654298,926.409074522855,0.934282161760032,36.607832481443396,180.28000793457022,0,0,0,-0.18752791424840953,0
2021-05-26,1325.0,1333.9000244140625,1248.550048828125,1264.5999755859375,1022936,1144.4699920654298,1148.8659924316407,1186.654601240747,70.04709843452936,52.71507180136882,28.02347543590319,-0.03777821907100054,1220.25,1190.0,1205.125,1190.0,1108.5999755859375,1,1,0,1,15.125,-156.0,1356.1146308041373,1144.4699920654298,932.8253533267223,0.7838011495032906,36.9856160853552,120.12998352050772,0,0,0,-0.15048101225674138,1
2021-05-27,1289.699951171875,1304.9000244140625,1225.300048828125,1266.5999755859375,2431113,1155.064993286133,1150.4849914550782,1194.2684464164795,67.92230467959877,52.16952682928559,32.85268571457967,0.001581527786344683,1266.2249755859375,1190.0,1228.1124877929688,1190.0,1056.3499755859375,1,1,0,1,38.11248779296875,-210.25,1368.8776482668634,1155.064993286133,941.2523383054024,0.7608240899254922,37.02175310021966,111.5349822998046,0,0,0,-0.022977059577798387,0
2021-05-28,1273.0,1289.0,1235.0,1238.949951171875,747224,1164.2249908447266,1152.051990966797,1198.523827821755,63.875569671975015,48.94188107933178,36.0705247875301,-0.02183011601691487,1273.0,1190.0,1231.5,1190.0,1043.949951171875,1,1,0,1,41.5,-195.0,1375.9202266494763,1164.2249908447266,952.5297550399767,0.6764918328064516,36.36672249255706,74.72496032714844,0,0,0,-0.08433225711904058,1
2021-05-31,1260.0,1285.949951171875,1242.25,1268.199951171875,405540,1176.6874877929688,1153.5539904785155,1205.1596490931952,65.91587544382543,48.188689895415564,38.49415780910719,0.023608701846538294,1273.0,1190.0,1231.5,1190.0,1030.449951171875,1,1,0,1,41.5,-237.75,1381.9551475279075,1176.6874877929688,971.4198280580301,0.7229100860239648,34.88906984469512,91.5124633789062,0,0,0,0.04641825321751314,1
2021-06-01,1270.0,1280.0,1249.0,1271.050048828125,664012,1188.414990234375,1154.5789904785156,1211.4349252584268,69.41095049942327,47.27678220087546,40.25068268746085,0.00224735669924625,1307.6500244140625,1190.0,1248.8250122070312,1190.0,1052.4000244140625,1,1,0,1,58.82501220703125,-218.6500244140625,1386.9975350798059,1188.414990234375,989.832445388944,0.7080622409640033,33.41973072996448,82.63505859375005,0,0,0,-0.014847845059961506,1
2021-06-02,1275.0,1318.449951171875,1275.0,1299.800048828125,1381899,1201.1499938964844,1157.2889904785156,1219.8506513126838,75.10040160642569,48.31700515015723,41.863947180000125,0.022619093580545258,1307.6500244140625,1190.0,1248.8250122070312,1190.0,1049.25,1,1,0,1,58.82501220703125,-250.550048828125,1393.918750221367,1201.1499938964844,1008.3812375716018,0.7558766700900972,32.09736624142138,98.65005493164062,0,0,0,0.047814429126093905,0
2021-06-03,1323.0,1323.0,1281.0999755859375,1286.9000244140625,1190736,1212.2674926757813,1160.309991455078,1226.2363058937676,71.03564638893747,47.55231172240269,43.001620088480635,-0.009924622195308319,1307.6500244140625,1190.0,1248.8250122070312,1190.0,1054.5999755859375,1,1,0,1,58.82501220703125,-232.300048828125,1397.7509227897094,1212.2674926757813,1026.7840625618533,0.7011838245940357,30.601072986708434,74.63253173828116,0,0,0,-0.05469284549606146,0
2021-06-04,1305.199951171875,1308.0,1271.25,1277.25,842516,1221.1499938964844,1162.0029919433593,1231.094752951504,65.75134408525463,45.64148373631747,43.529592818048,-0.007498658971940131,1307.6500244140625,1190.0,1248.8250122070312,1190.0,1054.699951171875,1,1,0,1,58.82501220703125,-222.550048828125,1401.1340457046254,1221.1499938964844,1041.1659420883434,0.6558471585119025,29.477795964088266,56.100006103515625,0,0,0,-0.04533666608213327,0
2021-06-07,1294.4000244140625,1294.4000244140625,1263.0,1264.8499755859375,647083,1229.247491455078,1162.2559924316406,1234.3095360595453,58.606764918402064,42.63508967730786,43.35069218989997,-0.00970837691451365,1279.6000366210938,1190.0,1234.8000183105469,1190.0,1055.75,1,1,0,1,44.800018310546875,-209.0999755859375,1401.6345781577736,1229.247491455078,1056.8604047523825,0.6032631991520939,28.04757998710878,35.602484130859466,0,0,0,-0.05258395935980853,1
2021-06-08,1278.0,1278.0,1242.5,1267.550048828125,678122,1237.4824951171875,1161.333992919922,1237.4752991803623,53.49619842951514,40.009173226721714,42.682388397264326,0.0021346984182346596,1274.1500244140625,1190.0,1232.0750122070312,1190.0,1018.9500122070312,1,1,0,1,42.07501220703125,-248.60003662109375,1400.4063954426704,1237.4824951171875,1074.5585947917045,0.5922748401274146,26.331507874792898,30.067553710937545,0,0,0,-0.010988359024679317,0
2021-06-09,1270.0,1270.0,1228.0,1239.1500244140625,300531,1245.542498779297,1160.2899938964845,1237.634796821667,45.69566229643463,35.23035727113256,41.191982172037974,-0.022405446191508527,1275.5,1211.0999755859375,1243.2999877929688,1190.0,1036.5,1,0,0,1,53.29998779296875,-202.6500244140625,1391.1267433814978,1245.542498779297,1099.958254177096,0.4780454458423663,23.376840974094712,-6.3924743652344205,0,0,0,-0.1142293942850483,0
2021-06-10,1250.0,1260.0,1208.0,1233.5,1367276,1254.7274963378907,1160.4239929199218,1237.2410066481748,39.74400701246236,30.63407094502054,39.08039992663449,-0.004559596741915195,1265.5,1211.0999755859375,1238.2999877929688,1190.0,1045.0999755859375,1,0,0,1,48.29998779296875,-188.4000244140625,1369.7200985720358,1254.7274963378907,1139.7348941037455,0.4077006001887506,18.329494263857,-21.22749633789067,0,0,0,-0.0703448456536157,0
2021-06-11,1233.0,1260.0,1189.0,1217.699951171875,1903191,1261.2099914550781,1160.5309924316407,1235.37995374567,23.892870141554212,25.423482937475455,36.349016528802686,-0.012809119439096017,1256.0,1211.0999755859375,1233.5499877929688,1190.0,1064.550048828125,1,0,0,1,43.54998779296875,-153.14990234375,1349.3754104998084,1261.2099914550781,1173.0445724103479,0.25324769759712396,13.981084774473185,-43.510040283203125,0,0,0,-0.15445290259162664,0
2021-06-14,1156.8499755859375,1257.0,1156.8499755859375,1212.9000244140625,2000802,1264.7324951171875,1161.6359924316407,1233.2390080950408,28.199647837213192,20.668486974388316,33.21291061791981,-0.003941797610481301,1239.9249877929688,1211.0999755859375,1225.5124816894531,1190.0,1099.5999755859375,1,0,0,1,35.512481689453125,-113.300048828125,1338.0093000190234,1264.7324951171875,1191.4556902153515,0.1463241623828886,11.587716008679964,-51.832470703124955,0,0,1,-0.10692353521423537,0
2021-06-15,1222.0,1225.0,1162.0,1212.199951171875,1994140,1265.4049926757812,1163.7829919433593,1231.2352883880726,35.7220926867722,16.651678175164307,29.900664129368714,-0.0005771895688811979,1239.9249877929688,1211.0999755859375,1225.5124816894531,1190.0,1102.9000244140625,1,0,0,1,35.512481689453125,-109.2999267578125,1336.4604416367988,1265.4049926757812,1194.3495437147635,0.12560899774839615,11.230467616658645,-53.20504150390616,0,0,1,-0.02071516463449244,0
2021-06-16,1171.050048828125,1235.0,1162.550048828125,1182.75,1781769,1262.3599914550782,1164.2369909667968,1226.6176418749228,30.125657873798176,10.96555918570607,26.113643140636185,-0.024294631544412026,1232.4249877929688,1211.0999755859375,1221.7624816894531,1190.0,1102.8499755859375,1,0,1,1,31.762481689453125,-79.9000244140625,1341.628538378486,1262.3599914550782,1183.0914445316705,-0.002153720138205768,12.558786314518352,-79.60999145507822,0,1,1,-0.12776271788660193,0
2021-06-17,1123.6500244140625,1150.0,1123.6500244140625,1123.6500244140625,1709482,1255.0999938964844,1163.4259924316407,1216.8112021167458,26.217038156498603,1.6711310510904696,21.225140722727044,-0.049968273587772116,1209.0250244140625,1211.0999755859375,1210.0625,1190.0,1077.949951171875,0,0,1,1,20.0625,-45.7000732421875,1354.660725541273,1255.0999938964844,1155.5392622516958,-0.16014967603596633,15.864987989634225,-131.44996948242192,0,1,0,-0.15799595589776055,0
2021-06-18,1067.5,1075.0,1067.5,1067.550048828125,1227389,1243.5174987792968,1160.8879943847655,1202.5958541844961,12.7391419858929,-10.105084269792542,14.959095724223127,-0.04992655574870064,1172.75,1220.25,1196.5,1190.0,1049.800048828125,0,0,1,1,6.5,-17.75,1370.094580613955,1243.5174987792968,1116.9404169446386,-0.19509996359779405,20.357909230696475,-175.96744995117183,0,1,0,-0.03495028756182772,1
2021-06-21,1014.2000122070312,1120.9000244140625,1014.2000122070312,1120.9000244140625,2046583,1231.5150024414063,1159.3819958496094,1194.8152989682644,26.52072445791829,-14.960467630924768,8.975183053193549,0.049974214927441585,1142.1000061035156,1202.1000061035156,1172.1000061035156,1190.0,1088.050048828125,0,0,1,0,17.899993896484375,-32.8499755859375,1356.7924976325553,1231.5150024414063,1106.2375072502573,0.05852015615986361,20.345264969211698,-110.6149780273438,0,0,0,0.25362011975765764,1
2021-06-22,1150.0,1176.9000244140625,1141.0,1167.4000244140625,2492565,1224.1725036621094,1159.4199963378906,1192.2043204392928,30.38518866276452,-14.884651544849703,4.203216133584899,0.041484520463194174,1137.1000061035156,1202.1000061035156,1169.6000061035156,1190.0,1142.449951171875,0,0,1,0,20.399993896484375,-24.9500732421875,1346.3687874245784,1224.1725036621094,1101.9762198996405,0.2676996488763766,19.963899433604176,-56.77247924804692,0,0,0,0.20917949271651298,0
2021-06-23,1178.0,1196.199951171875,1115.0,1166.1500244140625,1221164,1219.2500061035157,1159.887996826172,1189.7229589130804,31.471541535736606,-14.755340918496358,0.4115047231686475,-0.0010707555027056337,1137.1000061035156,1202.1000061035156,1169.6000061035156,1190.0,1198.75,0,0,1,0,20.399993896484375,32.5999755859375,1342.4630466426083,1219.2500061035157,1096.036965564423,0.28451963583917145,20.211283973310344,-53.099981689453216,0,0,0,0.016819986962794853,0
2021-06-24,1125.0,1168.0,1110.0,1139.699951171875,1653777,1212.9050048828126,1160.968995361328,1184.9588629377276,29.928499923405496,-16.595854493596335,-2.989967120184349,-0.02268153555583674,1135.6000061035156,1202.1000061035156,1168.8500061035156,1190.0,1243.6500244140625,0,0,1,0,21.149993896484375,103.9500732421875,1338.752752271685,1212.9050048828126,1087.0572574939401,0.20915230812700888,20.75145982286247,-73.20505371093759,0,0,0,-0.07536732771216256,1
2021-06-25,1116.949951171875,1170.0,1090.0,1167.25,1964847,1209.3200073242188,1161.9929943847656,1183.272304562706,36.361105510254006,-15.651001069068116,-5.5221739099611025,0.024173071868430984,1124.6000061035156,1202.1000061035156,1163.3500061035156,1190.0,1268.8499755859375,0,0,0,0,26.649993896484375,101.5999755859375,1336.0774715683528,1209.3200073242188,1082.5625430800847,0.3340531361404005,20.96342795561645,-42.07000732421875,0,0,0,0.12490082801339161,0
2021-06-28,1167.25,1170.0,1111.5,1119.8499755859375,1892105,1201.9025085449218,1161.9359948730469,1177.2320827553947,31.652170379170002,-18.513570834231132,-8.120453294815109,-0.04060828821080531,1124.6000061035156,1202.1000061035156,1163.3500061035156,1190.0,1299.199951171875,0,0,1,0,26.649993896484375,179.3499755859375,1331.343558244732,1201.9025085449218,1072.4614588451116,0.1830505734105438,21.539359270747763,-82.05253295898433,0,0,0,-0.1510025627298567,1
2021-06-29,1120.0,1145.0,1100.0999755859375,1126.300048828125,1995959,1194.6650085449219,1162.2899963378907,1172.3814128575593,35.17278611128842,-20.03080830232716,-10.50252429631752,0.005759765488955404,1105.1999816894531,1202.1000061035156,1153.6499938964844,1190.0,1360.949951171875,0,0,1,0,36.350006103515625,234.64990234375,1324.0185150300242,1194.6650085449219,1065.3115020598195,0.23574369348591848,21.655192972070445,-68.36495971679688,0,0,0,0.05269312007537469,0
2021-06-30,1120.0,1140.0,1101.550048828125,1124.9000244140625,1856503,1185.9200073242187,1163.6609973144532,1167.8593758629406,35.57003371448796,-21.10293865591916,-12.622607168237849,-0.0012430297020045167,1105.1999816894531,1174.0500183105469,1139.625,1190.0,1314.25,0,0,1,0,50.375,189.3499755859375,1309.1644178168524,1185.9200073242187,1062.675596831585,0.25244320344327786,20.784607685422067,-61.01998291015616,0,0,0,0.016699509957359387,0
2021-07-01,1124.9000244140625,1128.4000244140625,1068.699951171875,1068.699951171875,231561,1175.0100036621093,1164.155997314453,1158.4156211304582,32.12143866548239,-26.185634221148348,-15.335212578819949,-0.04996006046978352,1105.1999816894531,1168.6000061035156,1136.8999938964844,1190.0,1264.5999755859375,0,0,1,0,53.100006103515625,195.9000244140625,1299.1944935979573,1175.0100036621093,1050.8255137262613,0.07196727004655487,21.137605560600655,-106.31005249023428,0,0,0,-0.180475933396723,0
2021-07-02,1015.2999877929688,1063.0,1015.2999877929688,1015.2999877929688,151999,1161.9125030517578,1163.852998046875,1144.7855608126022,28.7663939259228,-34.12921746377742,-19.094013555811443,-0.04996721794583303,1105.7499694824219,1168.6000061035156,1137.1749877929688,1190.0,1266.5999755859375,0,0,1,0,52.82501220703125,251.29998779296875,1295.128357645812,1161.9125030517578,1028.6966484577035,-0.05028178029393773,22.93044514869466,-146.61251525878902,0,1,0,-0.1222490503404926,0
2021-07-05,966.0,1000.0,964.5499877929688,964.5499877929688,163265,1146.8975036621093,1162.0959973144531,1127.6202681440657,25.972650905187734,-44.01231866568014,-24.07767457778518,-0.04998522664254035,1080.3749694824219,1143.7749938964844,1112.0749816894531,1177.2749938964844,1238.949951171875,0,0,1,0,65.20001220703125,274.39996337890625,1296.9502641300528,1146.8975036621093,996.8447431941659,-0.1076113338417936,26.16672544648784,-182.34751586914058,0,1,0,-0.05732955354785586,1
2021-07-06,916.3499755859376,1012.75,916.3499755859376,1012.75,342899,1134.1575012207031,1161.3659973144531,1116.6802426065356,34.085383817382336,-47.40890901913781,-28.74392146605571,0.04997150258362448,1043.1749877929688,1119.6749877929688,1081.4249877929688,1153.1749877929688,1268.199951171875,0,0,1,0,71.75,255.449951171875,1284.338403774822,1134.1575012207031,983.9765986665842,0.0957958064043698,26.483253409244824,-121.40750122070312,0,0,0,0.2034071402461634,1
2021-07-07,1011.0,1035.0,962.1500244140624,1017.0499877929688,247291,1123.0524993896483,1160.6149975585938,1107.1916469100054,38.879617667714484,-49.186763870764935,-32.832489946997555,0.0042458531651135,1043.1749877929688,1119.6749877929688,1081.4249877929688,1153.1749877929688,1271.050048828125,0,0,1,0,71.75,254.00006103515625,1273.3826932438533,1123.0524993896483,972.7223055354434,0.14743439465166844,26.771712620007655,-106.0025115966796,0,0,0,0.05163858824729864,1
2021-07-08,1027.0,1060.0,1001.0,1028.6500244140625,166271,1112.8100006103516,1160.0939990234374,1099.7114923865822,45.52667913946664,-49.09377812524872,-36.08474758264779,0.011405571761783584,1043.1749877929688,1119.6749877929688,1081.4249877929688,1153.1749877929688,1299.800048828125,0,0,1,0,71.75,271.1500244140625,1259.5143544562955,1112.8100006103516,966.1056467644078,0.21316469487788142,26.366469346156084,-84.15997619628911,0,0,0,0.06573030022621298,0
2021-07-09,1025.0,1040.0,1001.0,1019.4000244140624,91944,1102.895004272461,1159.3669995117189,1092.062781151104,37.01050453709394,-49.199344528331494,-38.70766697178453,-0.008992368425081332,1030.6749877929688,1112.1749877929688,1071.4249877929688,1153.1749877929688,1286.9000244140625,0,0,1,0,81.75,267.5000000000001,1246.6783246287284,1102.895004272461,959.1116839161934,0.20964998008282879,26.07380028003954,-83.49497985839855,0,0,0,-0.003514714795052637,0
2021-07-12,1002.3499755859376,1029.0,1002.0,1004.2000122070312,61803,1092.4600036621093,1159.0719995117188,1083.6948983945256,27.29551161050979,-49.933913544090274,-40.95291628624568,-0.014910743420638917,1028.1749877929688,1105.375,1066.7749938964844,1153.1749877929688,1277.25,0,0,1,0,86.39999389648438,273.04998779296875,1233.051630945562,1092.4600036621093,951.8683763786566,0.18611220610906862,25.738539957923575,-88.25999145507808,0,0,0,-0.023537773973760168,0
2021-07-13,1014.0,1015.75,979.7999877929688,989.2000122070312,109696,1081.310006713867,1158.1259997558593,1074.6953854242881,26.28971513953509,-51.13696432801407,-42.98972589459936,-0.014937263311751048,1022.375,1097.1749877929688,1059.7749938964844,1153.1749877929688,1264.8499755859375,0,0,1,0,93.39999389648438,275.64996337890625,1217.4485761773312,1081.310006713867,945.1714372504028,0.16170500075823277,25.180303265146563,-92.10999450683585,0,0,0,-0.024407205350835848,0
2021-07-14,1009.0,1015.0,950.0,979.7000122070312,422385,1071.1575073242188,1156.8180004882813,1065.6482070226446,27.54073219859201,-52.25460281310529,-44.842701278300545,-0.009603720059408682,989.6749877929688,1093.1749877929688,1041.4249877929688,1153.1749877929688,1267.550048828125,0,0,1,0,111.75,287.85003662109375,1205.7989603366143,1071.1575073242188,936.5160543118234,0.16036650277100112,25.13943133325622,-91.45749511718759,0,0,0,-0.0013384979872316516,1
2021-07-15,975.0,1005.0,960.0,995.7999877929688,125826,1064.7650054931642,1155.4429992675782,1058.9959956674372,25.13416662137351,-51.25042291493287,-46.12424560562701,0.016433576998399868,988.1749877929688,1088.1749877929688,1038.1749877929688,1153.1749877929688,1239.1500244140625,0,0,1,0,115.0,243.35003662109375,1200.9616384564797,1064.7650054931642,928.5683725298486,0.24681819880682707,25.58247730920378,-68.9650177001954,0,0,0,0.08645169603582595,1
2021-07-16,996.0,1020.0,970.0,1008.6500244140624,235508,1061.820004272461,1153.6240002441407,1054.2011412623538,32.076099104346014,-48.85454773246033,-46.67030603099367,0.012904234563783978,988.1749877929688,1088.1749877929688,1038.1749877929688,1153.1749877929688,1233.5,0,0,1,0,115.0,224.8499755859376,1200.178443222929,1061.820004272461,923.4615653219928,0.30785422175284444,26.060620141597106,-53.169979858398506,0,0,0,0.06103602294601737,0
2021-07-19,1008.0,1008.0,970.0,979.1500244140624,114607,1054.732504272461,1151.1490002441406,1047.0534158482308,27.921984919331038,-48.77396691733293,-47.09103820826152,-0.029247012626740343,1005.0,1086.6749877929688,1045.8374938964844,1153.1749877929688,1217.699951171875,0,0,1,0,107.33749389648438,238.5499267578126,1194.7714358657208,1054.732504272461,914.6935726792012,0.23013761602406965,26.554397636556505,-75.58247985839864,0,0,0,-0.07771660572877478,0
2021-07-20,930.2000122070312,960.9500122070312,930.2000122070312,945.0999755859376,211121,1043.6175018310546,1147.9940002441406,1037.343564394679,25.430448640746448,-50.871248328609454,-47.84708023233111,-0.0347751090018108,995.1000061035156,1075.6749877929688,1035.3874969482422,1153.1749877929688,1212.9000244140625,0,0,1,0,117.78749084472656,267.8000488281249,1181.3919315883961,1043.6175018310546,905.8430720737131,0.14246803119187898,26.403242474491396,-98.51752624511698,0,0,0,-0.08766958483219067,1
2021-07-22,920.0,992.3499755859376,900.0,988.25,296802,1034.7225006103515,1146.2000012207031,1032.667986833281,38.59998173356746,-48.49252101007062,-47.976168387879014,0.04565657129269374,970.0,1067.5,1018.75,1145.0,1212.199951171875,0,0,1,0,126.25,223.949951171875,1162.298272376729,1034.7225006103515,907.146728843974,0.31786314138293426,24.658934485550372,-46.47250061035152,0,0,0,0.17539511019105528,0
2021-07-23,989.0,991.0,951.25,980.25,79379,1026.7500030517579,1144.8090002441406,1027.6757976110637,44.29989063505319,-46.71440107662784,-47.72381492562879,-0.008095117632178073,964.5,1048.0999755859375,1006.2999877929688,1145.0,1182.75,0,0,1,0,138.70001220703125,202.5,1146.7947126884985,1026.7500030517579,906.7052934150172,0.3063221478377996,23.383434970525983,-46.50000305175786,0,0,0,-0.011540993545134659,0
2021-07-26,975.0,975.0,935.0999755859376,942.2000122070312,95733,1015.4975036621094,1141.8919995117187,1019.5352466202033,46.20865711115703,-47.824255983180024,-47.743903137139036,-0.03881661595814201,960.0,1048.0999755859375,1004.0499877929688,1145.0,1123.6500244140625,0,0,1,0,140.95001220703125,181.45001220703125,1122.202459983692,1015.4975036621094,908.7925473405267,0.1565412986338828,21.01530647525591,-73.2974914550781,0,0,0,-0.1497808492039168,0
2021-07-27,942.2000122070312,950.0,905.0,914.4500122070312,110537,1005.227505493164,1137.3320007324219,1009.527129057044,32.081671815231076,-50.36246987312063,-48.26761648433536,-0.029452345192606977,960.0,1048.0999755859375,1004.0499877929688,1145.0,1067.550048828125,0,0,1,0,140.95001220703125,153.10003662109375,1109.2865641117228,1005.227505493164,901.1684468746053,0.06381743938848805,20.703583626575647,-90.77749328613277,0,0,0,-0.09272385924539475,1
2021-07-28,915.5,953.0,875.0,945.6500244140624,163911,996.1950042724609,1132.270001220703,1003.443595281522,38.14742172173772,-49.28827784589646,-48.471748756647585,0.03411888215926617,947.5,1035.5999755859375,991.5499877929688,1132.5,1120.9000244140625,0,0,1,0,140.95001220703125,175.2500000000001,1087.1902045184065,996.1950042724609,905.1998040265153,0.22226568147669643,18.26855181077746,-50.544979858398506,0,0,0,0.15844824208820837,0
2021-07-29,950.75,955.0,910.0,924.2999877929688,95929,986.1650024414063,1125.8830004882811,995.9061088540408,33.22077640139854,-49.58812145421655,-48.69502329616138,-0.022577101538513,947.5,1035.5999755859375,991.5499877929688,1132.5,1167.4000244140625,0,0,1,0,140.95001220703125,243.10003662109375,1060.9881603396354,986.1650024414063,911.341844543177,0.0865917960012914,15.174571742658227,-61.86501464843752,0,0,0,-0.13567388547540504,0
2021-07-30,930.8499755859376,935.0,878.0999755859375,882.2999877929688,238191,976.845004272461,1118.1520007324218,985.0864782767958,30.055283232670618,-52.60836221339366,-49.477691079607844,-0.04543979287534883,941.5,1022.5,982.0,1132.5,1166.1500244140625,0,0,1,0,150.5,283.85003662109375,1054.6025775086594,976.845004272461,899.0874310362627,-0.10794731975688097,15.92014554941824,-94.54501647949223,0,1,0,-0.19453911575817237,0
2021-08-02,882.4000244140625,900.0,874.7999877929688,876.1500244140625,1113774,969.8875061035156,1109.6910021972656,974.7115779089164,30.86807782805724,-54.86571758242371,-50.555296380171015,-0.0069703768151352374,933.5749816894531,1022.3999938964844,977.9874877929688,1132.3999938964844,1139.699951171875,0,0,1,0,154.41250610351562,263.5499267578125,1056.9779861499794,969.8875061035156,882.7970260570519,-0.038161470917619976,17.9588827566913,-93.73748168945315,0,1,0,0.069785848839261,1
2021-08-03,888.0,915.0,877.0,890.9000244140625,1372522,966.2050079345703,1100.2900036621095,966.7295251951208,35.30203907380631,-54.83241232929993,-51.4107195699968,0.01683501636590634,933.5749816894531,1022.3999938964844,977.9874877929688,1132.3999938964844,1167.25,0,0,1,0,154.41250610351562,276.3499755859375,1059.8672477970233,966.2050079345703,872.5427680721174,0.09799710304229078,19.38765357109298,-75.30498352050779,0,0,0,0.13615857395991077,1
2021-08-04,905.0,915.0,880.0,898.1500244140625,1317233,960.4750091552735,1091.9680041503907,960.1981441683533,37.72392491143333,-53.60310009589182,-51.84919567517581,0.008137837918197777,932.8999938964844,1009.8999938964844,971.3999938964844,1132.3999938964844,1119.8499755859375,0,0,1,0,161.0,221.699951171875,1056.0485019821547,960.4750091552735,864.9015163283922,0.17394209996016155,19.901297153152797,-62.32498474121098,0,0,0,0.07594499691787077,0
2021-08-05,910.0,910.0,880.0,889.6500244140625,1447231,954.1050109863281,1084.469005126953,953.4792756203256,33.646598760415955,-52.70716486919457,-52.020789513979565,-0.009463897755327966,924.8999938964844,1007.3999938964844,966.1499938964844,1132.3999938964844,1126.300048828125,0,0,1,0,166.25,236.6500244140625,1050.723203246316,954.1050109863281,857.4868187263403,0.16644487407286054,20.25315686375162,-64.45498657226562,0,0,0,-0.007497225887301007,1
2021-08-06,892.0,921.0,882.0,910.5499877929688,1079251,948.2000091552734,1077.3480053710937,949.3907720177201,35.252551740868896,-49.73733631811774,-51.56409887480721,0.023492342837478475,914.8999938964844,1001.6000061035156,958.25,1104.3500061035156,1124.9000244140625,0,0,1,0,146.10000610351562,214.35003662109375,1040.1979172444014,948.2000091552734,856.2021010661455,0.29537566590193987,19.404747353058244,-37.65002136230464,0,0,0,0.12893079182907932,0
2021-08-09,913.0,919.0,890.0,906.5499877929688,1809323,942.5575073242187,1070.7000061035155,945.3106973296486,38.179741458209406,-47.162828634873904,-50.68384482682055,-0.004392949375240152,914.8999938964844,968.8999938964844,941.8999938964844,1098.8999938964844,1068.699951171875,0,0,1,0,157.0,162.14996337890625,1030.132162370343,942.5575073242187,854.9828522780946,0.29441814808014133,18.58234736143276,-36.007519531249955,0,0,0,-0.000957517821798537,1
2021-08-10,915.0,921.0,890.0,908.4000244140624,2775029,937.7675079345703,1063.5040075683594,941.7953951472118,43.324854872221344,-44.460714809169644,-49.439218823290375,0.002040744190618282,914.8999938964844,967.3999938964844,941.1499938964844,1098.8999938964844,1015.2999877929688,0,0,1,0,157.75,106.89996337890636,1021.7373291559019,937.7675079345703,853.7976867132387,0.32513072498332635,17.90845183072611,-29.367483520507903,0,0,0,0.030712576903185018,0
2021-08-11,908.4000244140624,912.0,875.0,901.5,2606211,933.3825073242188,1056.1130065917969,937.957738466525,31.82484996324844,-42.38742854788313,-48.02886076820893,-0.007595799459068742,904.8999938964844,967.3999938964844,936.1499938964844,1098.8999938964844,964.5499877929688,0,0,1,0,162.75,63.04998779296875,1015.2850340357971,933.3825073242188,851.4799806126404,0.3053631029205379,17.549616811734143,-31.88250732421875,0,0,0,-0.019767622062788426,1
2021-08-12,890.0,920.0,885.0,913.7000122070312,2615374,930.0825073242188,1048.391005859375,935.6474788227637,36.29813099497214,-39.30679100417308,-46.284446815401765,0.013533014095431284,897.8999938964844,967.3999938964844,932.6499938964844,1098.8999938964844,1012.75,0,0,1,0,166.25,99.04998779296875,1009.5361526328804,930.0825073242188,850.6288620155572,0.3969053272914993,17.085289677631746,-16.382495117187545,0,0,0,0.09154222437096138,1
2021-08-13,902.0499877929688,921.0,902.0499877929688,919.0999755859376,2478660,926.2475067138672,1041.0350048828125,934.0715261335421,44.50522471941109,-36.01447914335722,-44.230453280992855,0.005909995957932512,898.0,967.3999938964844,932.6999969482422,1098.8999938964844,1017.0499877929688,0,0,1,0,166.1999969482422,97.95001220703114,999.8302396540989,926.2475067138672,852.6647737736355,0.4514320082828722,15.888352175173544,-7.1475311279295966,0,0,0,0.05452668099137292,1
2021-08-16,919.0,930.0,905.0,925.25,2532972,922.077505493164,1033.9950048828125,933.2313807874905,52.86319875288955,-32.534010875860076,-41.891164799966305,0.00669135521425912,902.5,957.3999938964844,929.9499969482422,1098.8999938964844,1028.6500244140625,0,0,1,0,168.9499969482422,103.4000244140625,985.2204145605606,922.077505493164,858.9345964257675,0.5251215421786297,13.695792098002691,3.1724945068359602,0,0,0,0.0736895338957575,1
2021-08-17,927.0,940.0,927.0,936.8499755859376,2111296,919.9625030517578,1027.4350048828126,933.5760088635332,47.39643525795125,-28.51103613662542,-39.215139067298125,0.012537125734598975,907.5,951.8999938964844,929.6999969482422,1091.3999938964844,1019.4000244140624,0,0,0,0,161.6999969482422,82.55004882812477,977.9394356673943,919.9625030517578,861.9855704361214,0.6456395826089738,12.604194719526433,16.88747253417978,0,0,1,0.12051804043034409,1
2021-08-18,950.0,955.0,929.0499877929688,942.5,2934048,919.8325042724609,1020.93400390625,934.4259127812918,55.93607751346019,-24.583506559902276,-36.28881256581896,0.006030874271548914,915.0,947.3999938964844,931.1999969482422,1084.6000061035156,1004.2000122070312,0,0,0,0,153.40000915527344,61.70001220703125,977.594657672803,919.8325042724609,862.0703508721189,0.6962140813071283,12.55927641870601,22.667495727539062,0,0,1,0.050574498698154446,0
2021-08-20,938.9500122070312,938.9500122070312,925.0,935.8499755859376,2465015,917.2125030517578,1014.8680029296875,934.5615378103057,72.70028921191447,-21.756714604789067,-33.38239297361298,-0.007055728821286356,915.0,947.3999938964844,931.1999969482422,1076.3999938964844,989.2000122070312,0,0,0,0,145.1999969482422,53.350036621093636,966.4479564668407,917.2125030517578,867.977049636675,0.6892688219711851,10.73588797607232,18.63747253417978,0,0,1,-0.006945259335943144,0
2021-08-23,935.0,953.0,914.0,933.6500244140624,2179201,914.8825042724609,1008.8710034179687,934.4747270106635,75.21929824561401,-19.46954647583516,-30.599823674057415,-0.0023507519680148192,915.0,947.3999938964844,931.1999969482422,1072.3999938964844,979.7000122070312,0,0,0,0,141.1999969482422,46.049987792968864,955.6465510925455,914.8825042724609,874.1184574523763,0.7301969701932867,8.911318476354781,18.767520141601494,0,0,1,0.04092814822210156,1
2021-08-24,936.0,977.0,933.6500244140624,949.7000122070312,2838887,915.2575042724609,1003.5110046386719,935.9247541722224,75.49869645196723,-16.17538955398686,-27.714936850043305,0.017190582523726183,926.0,947.3999938964844,936.6999969482422,1067.3999938964844,995.7999877929688,0,0,0,0,130.6999969482422,46.0999755859375,957.1424363716508,915.2575042724609,873.372572173271,0.9111563061986738,9.152600640512476,34.44250793457036,0,0,1,0.18095933600538716,1
2021-08-25,954.0,997.1500244140624,954.0,997.1500244140624,2263117,919.3925048828125,999.1960046386719,941.7557322904929,81.83279742765272,-9.624976296091972,-24.09694473925304,0.04996315846807331,941.0750122070312,941.3999938964844,941.2375030517578,1067.3999938964844,1008.6500244140624,0,0,0,0,126.16249084472656,11.5,974.4116031951679,919.3925048828125,864.3734065704572,1.2066411656712686,11.968576646025236,77.75751953124984,1,0,1,0.29548485947259473,1
2021-08-26,1040.0,1047.0,1017.0999755859376,1046.449951171875,1686596,924.4325012207031,995.8810046386719,951.7266102791959,89.93886532399637,-0.4504421071341085,-19.367644212829255,0.04944083192173809,974.5249938964844,960.8999938964844,967.7124938964844,1065.8999938964844,979.1500244140624,1,0,0,0,98.1875,-67.29992675781261,1001.9974571729471,924.4325012207031,846.8675452684591,1.2865501143731515,16.78109669441961,122.0174499511719,1,0,0,0.07990894870188292,1
2021-08-27,1050.0,1060.0,998.0,1049.0999755859375,2132213,930.6725006103516,993.2080041503906,961.0002641179333,88.90760946135828,6.954114456927641,-14.103292478877876,0.002532394799287685,982.5,967.3999938964844,974.9499969482422,1054.8999938964844,945.0999755859376,1,0,0,0,79.94999694824219,-103.99999999999989,1025.3771168827475,930.6725006103516,835.9678843379555,1.1252465805624337,20.351867323959183,118.42747497558594,1,0,0,-0.16130353381071783,1
2021-08-30,1040.0,1063.0,1015.0,1060.3499755859375,2426934,939.575,991.9420031738281,970.4621414006003,91.5002692727659,13.57359194208243,-8.567915594685815,0.010723477515778956,988.5,968.8999938964844,978.6999969482422,1054.8999938964844,988.25,1,1,0,0,76.19999694824219,-72.0999755859375,1047.0329725554416,939.575,832.1170274445584,1.061963773900653,22.873740266703898,120.77497558593745,1,0,0,-0.06328280666178054,1
2021-08-31,1053.949951171875,1100.0,1040.0,1068.3499755859375,2737522,949.1849975585938,991.9580017089844,979.7847922753944,91.77330685978585,19.243284080684134,-3.0056756596118253,0.007544678817556605,1007.0,987.3999938964844,997.1999969482422,1035.4999694824219,980.25,1,1,0,0,38.29997253417969,-88.0999755859375,1066.1886770530336,949.1849975585938,832.181318064154,1.0092360280558808,24.653503752247648,119.16497802734375,1,0,0,-0.052727745844772356,1
2021-09-01,1075.0,1098.800048828125,1065.0999755859375,1079.800048828125,1520928,958.6299987792969,991.1360021972656,989.3100548042258,95.4847063337053,24.379450042433405,2.471349480797221,0.01071753030733924,1007.0,987.3999938964844,997.1999969482422,1035.4999694824219,942.2000122070312,1,1,0,0,38.29997253417969,-137.60003662109375,1085.3803815311364,958.6299987792969,831.8796160274574,0.9779869197163018,26.444067661817662,121.1700500488281,0,0,0,-0.031249108339578946,1
2021-09-02,1060.0,1090.0,1059.0,1085.3499755859375,1483278,967.9899963378906,989.4950012207031,998.4567139262937,95.32612644323947,28.568412402917943,7.690762065221366,0.005139772649423113,1007.0,987.3999938964844,997.1999969482422,1035.4999694824219,914.4500122070312,1,1,0,0,38.29997253417969,-170.89996337890625,1102.8797526394028,967.9899963378906,833.1002400363783,0.9350218373355131,27.870072379224688,117.3599792480469,0,0,0,-0.042965082380788666,0
2021-09-03,1097.0,1097.5,1061.199951171875,1081.3499755859375,1093470,977.5749938964843,987.7990002441406,1006.3513102748312,93.16308649945503,31.20570869785115,12.393751391747324,-0.0036854471737013395,1016.8250122070312,987.3999938964844,1002.1125030517578,1035.4999694824219,945.6500244140624,1,1,0,0,33.38746643066406,-135.6999511718751,1116.0322955497613,977.5749938964843,839.1176922432073,0.8747544566097538,28.326686447124544,103.77498168945317,0,0,0,-0.06026738072575932,1
2021-09-06,1099.0,1135.0,1085.199951171875,1112.75,674863,987.6849945068359,987.2600012207031,1016.4845188200854,93.97280556805646,35.42119111924421,16.999239337246703,0.029037800085997212,1044.5,1004.8999938964844,1024.6999969482422,1035.4999694824219,924.2999877929688,1,1,0,0,10.799972534179688,-188.45001220703125,1134.3736515261262,987.6849945068359,840.9963374875456,0.9262940572041553,29.703530545694655,125.06500549316411,0,0,0,0.051539600594401436,0
2021-09-07,1120.0,1130.0,1080.0,1110.050048828125,244582,997.8599975585937,986.1160021972656,1025.3955216779939,92.38867727238772,38.104878494154946,21.22036716862835,-0.002426377148393666,1066.5,1004.8999938964844,1035.6999969482422,1022.3999938964844,882.2999877929688,1,1,0,1,13.300003051757812,-227.75006103515625,1148.795423455327,997.8599975585937,846.9245716618605,0.8716491691827514,30.25182415689941,112.1900512695313,0,0,0,-0.05464488802140388,1
2021-09-08,1091.550048828125,1165.550048828125,1091.550048828125,1158.300048828125,742832,1010.3549987792969,986.8850036621094,1038.0530956922921,93.70193077834313,43.622241782257106,25.7007420913541,0.043466508605569,1081.7750244140625,1020.2750244140625,1051.0250244140625,1022.3999938964844,876.1500244140625,1,1,0,1,28.625030517578125,-282.1500244140625,1170.681500705449,1010.3549987792969,850.0284968531448,0.9613867584941539,31.736667234755572,147.94505004882808,0,0,0,0.08973758931140252,1
2021-09-09,1170.0,1216.199951171875,1148.5,1215.949951171875,582097,1026.0774963378906,988.6780017089844,1054.9956533570144,97.01245085324295,52.04669535127141,30.969932743337566,0.04977113002980138,1115.5999755859375,1045.5999755859375,1080.5999755859375,1045.4999694824219,890.9000244140625,1,1,0,1,35.100006103515625,-325.0499267578125,1201.5761408909739,1026.0774963378906,850.5788517848074,1.0409513427226313,34.20767830489306,189.87245483398442,1,0,0,0.07956458422847745,0
2021-09-13,1215.0,1219.9000244140625,1166.050048828125,1185.199951171875,713024,1039.6524932861328,989.8840002441407,1067.3960626727153,88.52811432772297,55.600934525270986,35.89613309972425,-0.025288869801232017,1129.9500122070312,1047.4500122070312,1088.7000122070312,1047.3500061035156,898.1500244140625,1,1,0,1,41.350006103515625,-287.0499267578125,1220.2096958839588,1039.6524932861328,859.0952906883066,0.9030508220985659,34.73414506555379,145.54745788574223,0,0,0,-0.13790052062406544,0
2021-09-14,1189.0,1208.4000244140625,1133.0999755859375,1149.4000244140625,903673,1051.167495727539,991.4980017089844,1075.2059637909388,78.84173107948557,54.89613135014292,39.69613274980799,-0.030205811873696975,1139.4500122070312,1047.4500122070312,1093.4500122070312,1047.3500061035156,889.6500244140625,1,1,0,1,46.100006103515625,-259.75,1228.8549868404868,1051.167495727539,873.4800046145913,0.7764193699602678,33.80764565783417,98.23252868652344,0,0,0,-0.12663145213829807,0
2021-09-15,1160.5,1169.0,1120.0,1126.949951171875,568745,1061.252493286133,993.7310009765625,1080.1339625891233,70.20547880129322,51.92744915828507,42.14239603150341,-0.019531993009685222,1139.4500122070312,1047.4500122070312,1093.4500122070312,1047.3500061035156,910.5499877929688,1,1,0,1,46.100006103515625,-216.39996337890625,1231.967368910848,1061.252493286133,890.5376176614178,0.6924186678089075,32.17233913789964,65.6974578857421,0,0,0,-0.08400070215136035,1
2021-09-16,1137.0,1180.25,1110.449951171875,1169.6500244140625,581390,1072.892495727539,997.8330017089844,1088.659301810546,69.58043274045545,52.416066398704515,44.19713010494363,0.0378899463971627,1140.5499877929688,1047.4500122070312,1094.0,1047.3500061035156,906.5499877929688,1,1,0,1,46.649993896484375,-263.10003662109375,1239.7949157253167,1072.892495727539,905.9900757297612,0.789862569661398,31.11260832980281,96.75752868652353,0,0,0,0.09744390185249052,0
2021-09-17,1184.0,1184.0,1120.0,1153.25,821213,1083.429995727539,1000.6430017089843,1094.810796876208,65.85960593239085,50.89328802812565,45.53636168958004,-0.014021308999910609,1149.9500122070312,1047.4500122070312,1098.7000122070312,1047.3500061035156,908.4000244140624,1,1,0,1,51.350006103515625,-244.8499755859376,1242.5000660936607,1083.429995727539,924.3599253614176,0.7194630457878107,29.364162150468005,69.82000427246089,0,0,0,-0.07039952387358728,0
2021-09-20,1145.949951171875,1145.949951171875,1112.050048828125,1131.1500244140625,1781350,1093.1949981689454,1002.9250024414063,1098.2716756893371,60.43632945457739,47.35728654542504,45.90054666074904,-0.019163213167949222,1149.9500122070312,1052.4500122070312,1101.2000122070312,1047.3500061035156,901.5,1,1,0,1,53.850006103515625,-229.6500244140625,1238.1823560803489,1093.1949981689454,948.2076402575419,0.6308908127986925,26.525433825484214,37.9550262451171,0,0,0,-0.0885722329891182,0
2021-09-21,1115.0,1127.0,1097.25,1120.699951171875,1798120,1102.5474945068358,1004.7660009765625,1100.4077019257693,57.66134521367574,43.213606759938784,45.363158680587,-0.009238450264456022,1155.7250366210938,1060.9750061035156,1108.3500213623047,1047.3500061035156,913.7000122070312,1,1,0,1,61.00001525878906,-206.99993896484375,1227.9741342648142,1102.5474945068358,977.1208547488576,0.572362843731068,22.752151790808984,18.152456665039153,0,0,0,-0.058527969067624475,1
2021-09-22,1147.4000244140625,1163.5,1127.050048828125,1141.550048828125,2248068,1112.1399963378906,1007.2090014648437,1104.3260206783746,58.795042217788286,41.137926891923144,44.51811232285423,0.018604531600494578,1158.5750122070312,1062.4500122070312,1110.5125122070312,1047.3500061035156,919.0999755859376,1,1,0,1,63.162506103515625,-222.4500732421874,1216.999649565915,1112.1399963378906,1007.2803431098662,0.6402353125576349,18.85727580579989,29.41005249023442,0,0,0,0.06787246882656683,1
2021-09-23,1150.0,1160.0,1118.75,1149.199951171875,2615150,1119.7424926757812,1010.1090002441406,1108.5997283444221,59.04006387821659,39.653122317430416,43.54511432176947,0.006701328909409776,1158.5750122070312,1066.9500122070312,1112.7625122070312,1047.3500061035156,925.25,1,1,0,1,65.41250610351562,-223.949951171875,1211.3640206846596,1119.7424926757812,1028.1209646669029,0.6607562061900957,16.364749682748204,29.45745849609375,0,0,0,0.02052089363246079,1
2021-09-24,1149.199951171875,1159.0,1125.25,1151.800048828125,3334805,1125.0099975585938,1013.3610009765625,1112.7140445809653,60.014221576887614,38.2453416539538,42.48515978820634,0.0022625285126391947,1152.8250122070312,1066.9500122070312,1109.8875122070312,1047.3500061035156,936.8499755859376,1,1,0,1,62.537506103515625,-214.9500732421874,1211.1186267265903,1125.0099975585938,1038.9013683905973,0.6555596200310208,15.308064702511532,26.790051269531205,0,0,0,-0.005196586159074923,1
2021-09-27,1157.0,1159.5,1127.0,1153.449951171875,3249556,1130.2274963378907,1016.8359997558593,1116.5936547324804,56.31986819439052,36.838151387723656,41.355758108109804,0.001432455525096188,1140.625,1066.9500122070312,1103.7875061035156,1047.3500061035156,942.5,1,1,0,1,56.4375,-210.949951171875,1209.6951422591765,1130.2274963378907,1050.7598504166049,0.6461126384502859,14.062239005646754,23.22245483398433,0,0,0,-0.00944698158073487,0
2021-09-28,1158.0,1160.0,1132.25,1144.5,3469774,1134.4349975585938,1019.81,1119.2514019008156,55.24751731483244,34.60188767952809,40.00498402239346,-0.007759288699767275,1140.625,1066.9500122070312,1103.7875061035156,1047.3500061035156,935.8499755859376,1,1,0,1,56.4375,-208.6500244140624,1207.2941889694994,1134.4349975585938,1061.5758061476881,0.5690716040522769,12.845018280942524,10.06500244140625,0,0,1,-0.07704103439800902,0
2021-09-29,1130.0,1149.800048828125,1111.25,1138.6500244140625,3694509,1137.95,1022.41,1121.0988897592201,46.56287806675797,31.988840993265285,38.40175541656782,-0.005111381027468331,1140.625,1076.7750244140625,1108.7000122070312,1047.3500061035156,933.6500244140624,1,1,0,1,61.350006103515625,-205.0000000000001,1204.200645799507,1137.95,1071.6993542004932,0.5052831516252757,11.643858833781248,0.7000244140624545,0,0,1,-0.06378845242700115,1
2021-09-30,1139.0,1159.0,1125.0,1146.5999755859375,1551279,1141.2899963378907,1025.7589990234376,1123.52756459986,35.31654278715209,30.211221136049062,36.76364856046407,0.006981909279777154,1130.375,1086.9500122070312,1108.6625061035156,1047.3500061035156,949.7000122070312,1,1,0,1,61.3125,-196.89996337890625,1201.9794255490172,1141.2899963378907,1080.6005671267642,0.5437471510036325,10.635233710251281,5.3099792480468295,0,0,1,0.03846399937835676,1
2021-10-01,1147.949951171875,1189.9000244140625,1146.5999755859375,1151.050048828125,447943,1144.575,1029.8780004882813,1126.1487535739805,41.86326269914583,28.829203203008092,35.17675948897288,0.0038811035556785,1143.5750122070312,1108.9500122070312,1126.2625122070312,1047.3500061035156,997.1500244140624,1,1,0,1,78.91250610351562,-153.9000244140626,1199.6498251228147,1144.575,1089.5001748771854,0.5587841070188226,9.62362887933332,6.4750488281249545,0,0,1,0.015036956015190173,1
2021-10-04,1161.0,1180.0,1152.25,1176.0999755859375,278908,1149.3125,1033.635,1130.9060128132146,56.705157728745306,29.416172447511144,34.024642080680536,0.021762673815370226,1150.5750122070312,1108.9500122070312,1129.7625122070312,1047.3500061035156,1046.449951171875,1,1,0,1,82.41250610351562,-129.6500244140625,1197.7144091773823,1149.3125,1100.9105908226177,0.7767192042752623,8.422758680060005,26.7874755859375,0,0,1,0.21793509725643967,1
2021-10-05,1203.0,1230.0,1199.300048828125,1222.199951171875,583547,1154.7849975585937,1038.4739990234375,1139.6006736092775,71.38047138047138,33.21831252971765,33.86337617048796,0.039197327219542055,1170.625,1122.5,1146.5625,1052.3999938964844,1049.0999755859375,1,1,0,1,94.16250610351562,-173.0999755859375,1209.7222774358927,1154.7849975585937,1099.8477176812946,1.1135629008557655,9.514720054979156,67.41495361328134,1,0,1,0.33684369658050317,0
2021-10-06,1231.9000244140625,1264.800048828125,1203.300048828125,1214.5999755859375,375503,1160.0124938964843,1043.9219982910156,1146.7434642737214,61.97707822131785,35.21237508265676,34.133175952921725,-0.006218275151009811,1188.0250244140625,1152.4000244140625,1170.2125244140625,1069.8000183105469,1060.3499755859375,1,1,0,1,100.41250610351562,-154.25,1216.7938380172845,1160.0124938964843,1103.2311497756841,0.9806814855713905,9.789781475554898,54.58748168945317,0,0,1,-0.13288141528437503,0
2021-10-07,1225.0,1237.0,1202.0999755859375,1205.6500244140625,179544,1162.3799926757813,1049.7459985351563,1152.3536128585158,64.5394212290094,35.6594379570588,34.43842835374914,-0.007368640994379616,1188.0250244140625,1161.9000244140625,1174.9625244140625,1069.8000183105469,1068.3499755859375,1,1,0,1,105.16250610351562,-137.300048828125,1222.5270722641617,1162.3799926757813,1102.232913087401,0.8597018511488993,10.348953004588925,43.270031738281205,0,0,1,-0.12097963442249116,0
2021-10-08,1219.800048828125,1220.0,1152.050048828125,1176.550048828125,174740,1160.4099975585937,1054.3639990234376,1154.658035331812,62.12608596705273,33.28195995770284,34.20713467453988,-0.024136337242708472,1188.0250244140625,1161.9000244140625,1174.9625244140625,1069.8000183105469,1079.800048828125,1,1,0,1,105.16250610351562,-96.75,1215.802755817968,1160.4099975585937,1105.0172392992192,0.6456873766238195,9.547101175604519,16.14005126953134,0,0,1,-0.21401447452507982,0
2021-10-11,1199.300048828125,1211.199951171875,1159.0,1162.0999755859375,181216,1159.2549987792968,1059.1199987792968,1155.3667915464907,60.82637589390089,29.887269529113382,33.34316164545458,-0.012281732729160222,1188.0250244140625,1163.0,1175.5125122070312,1069.8000183105469,1085.3499755859375,1,0,0,1,105.71249389648438,-76.75,1213.4830765986117,1159.2549987792968,1105.026920959982,0.5262315844581475,9.35567720241317,2.844976806640716,0,0,1,-0.11945579216567193,1
2021-10-12,1185.0,1220.0,1150.0,1208.3499755859375,418421,1162.2024963378906,1065.6409985351563,1160.4128090740571,65.42013148217552,30.576474811225808,32.789824278608826,0.03979864122850563,1194.9000244140625,1172.4000244140625,1183.6500244140625,1069.8000183105469,1081.3499755859375,1,1,0,1,113.85000610351562,-127.0,1220.2419027970109,1162.2024963378906,1104.1630898787703,0.8975529908334833,9.98783028637487,46.14747924804692,0,0,1,0.3713214063753357,0
2021-10-13,1208.3499755859375,1220.0,1180.0,1193.5,265060,1165.5299987792969,1071.987998046875,1163.563970114623,59.8972492156512,29.58338716715093,32.14853685631725,-0.012289465706106117,1205.7000122070312,1172.4000244140625,1189.0500183105469,1069.8000183105469,1112.75,1,1,0,1,119.25,-80.75,1222.728267731217,1165.5299987792969,1108.3317298273766,0.7445004169987572,9.814980139820701,27.970001220703125,0,0,1,-0.15305257383472604,1
2021-10-14,1203.0,1212.25,1196.0999755859375,1206.550048828125,250393,1167.375,1078.3009985351562,1167.6578823730517,61.68624483708482,29.50922396600663,31.62067427825513,0.010934267974968659,1207.4000244140625,1178.175048828125,1192.7875366210938,1069.8000183105469,1110.050048828125,1,1,0,1,122.98751831054688,-96.5,1227.3012866531376,1167.375,1107.4487133468624,0.826860306353338,10.266844270802029,39.175048828125,0,0,1,0.08235988935458072,0
2021-10-18,1221.0,1237.0,1200.0999755859375,1203.6500244140625,254046,1169.895001220703,1084.4109985351563,1171.0857054245766,60.65819517264794,28.88349046238136,31.07323751508038,-0.0024035674416317265,1207.4000244140625,1181.0250244140625,1194.2125244140625,1069.9000244140625,1158.300048828125,1,1,0,1,124.3125,-45.3499755859375,1231.4501030537174,1169.895001220703,1108.3398993876888,0.7741854223954459,10.52318400690419,33.75502319335942,0,0,1,-0.052674883957892105,0
2021-10-19,1210.0,1214.4000244140625,1170.0999755859375,1181.3499755859375,176429,1172.4049987792969,1090.2449975585937,1172.063254963754,57.40405449089782,26.28516555487704,30.11562312303971,-0.01852702062543532,1207.4000244140625,1181.0250244140625,1194.2125244140625,1069.9000244140625,1215.949951171875,1,0,0,1,124.3125,34.5999755859375,1231.4798568213466,1172.4049987792969,1113.3301407372471,0.5757088303138499,10.077551375771725,8.944976806640625,0,0,1,-0.19847659208159596,0
2021-10-20,1195.0,1210.0,1122.300048828125,1179.1500244140625,241623,1175.3275024414063,1095.6169982910155,1172.738185387593,58.25856608177119,23.77440018565858,28.847378535563486,-0.0018622349154270301,1179.6500244140625,1181.0250244140625,1180.3375244140625,1069.9000244140625,1185.199951171875,0,0,0,1,110.4375,6.0499267578125,1229.4578213635564,1175.3275024414063,1121.1971835192562,0.5353085114661317,9.211103936512988,3.8225219726562045,0,0,1,-0.04040031884771822,1
2021-10-21,1190.0,1203.949951171875,1173.0999755859375,1198.949951171875,271740,1178.1974975585938,1101.4649975585937,1175.234544033715,60.182841957247604,23.115824322242815,27.70106769289935,0.016791694311884875,1179.6500244140625,1181.0250244140625,1180.3375244140625,1069.9000244140625,1149.4000244140625,0,1,0,1,110.4375,-49.5499267578125,1230.9285574854355,1178.1974975585938,1125.4664376317521,0.6967763747028114,8.951141049969728,20.752453613281205,0,0,1,0.16146786323667972,1
2021-10-22,1200.9000244140625,1210.0,1177.0,1202.1500244140625,301252,1180.8450012207031,1107.3399975585937,1177.7979231175577,59.98827017536994,22.59169438222284,26.679193030764047,0.002669063240763103,1179.6500244140625,1181.0250244140625,1180.3375244140625,1069.9000244140625,1126.949951171875,0,1,0,1,110.4375,-75.2000732421875,1232.7978716679363,1180.8450012207031,1128.89213077347,0.7050418293537619,8.799270080921154,21.305023193359375,0,0,1,0.008265454650950521,1
2021-10-25,1212.0,1212.0,1148.550048828125,1202.4000244140625,218738,1183.375,1113.357998046875,1180.1409803838915,55.69265126149891,21.943539080130677,25.732062240637376,0.00020796073278939176,1179.6500244140625,1181.0250244140625,1180.3375244140625,1069.9000244140625,1169.6500244140625,0,1,0,1,110.4375,-32.75,1234.3426282113442,1183.375,1132.4073717886558,0.6866383141782924,8.613943713758388,19.0250244140625,0,0,1,-0.018403515175469565,0
2021-10-26,1188.0,1199.800048828125,1172.0,1179.949951171875,138432,1184.7,1118.6829968261718,1180.1227871256042,39.81191702401726,19.394767242018816,24.464603240913664,-0.018671051884856293,1179.6500244140625,1181.0250244140625,1180.3375244140625,1069.9000244140625,1153.25,0,0,0,1,110.4375,-26.699951171875,1233.8316711288314,1184.7,1135.5683288711687,0.45166001156698266,8.29436500866572,-4.7500488281250455,0,0,1,-0.2349783026113097,1
2021-10-27,1190.0,1211.0,1180.0999755859375,1206.0999755859375,381133,1187.7799987792969,1124.4229968261718,1182.5968050742074,48.11863778481704,19.262885074340375,23.42425960759901,0.02216197762294181,1179.6500244140625,1181.0250244140625,1180.3375244140625,1074.9000244140625,1131.1500244140625,0,1,0,1,105.4375,-74.949951171875,1234.0872263901726,1187.7799987792969,1141.472771168421,0.697809043553473,7.797273511671614,18.319976806640625,0,0,1,0.2461490319864903,0
2021-10-28,1204.5,1208.5999755859375,1145.800048828125,1147.1500244140625,314777,1188.2049987792968,1128.860997314453,1179.2209212018126,39.39833835802023,14.237478324422227,21.586903350963652,-0.048876504738536664,1179.6500244140625,1188.0250244140625,1183.8375244140625,1083.4250183105469,1120.699951171875,0,0,0,1,100.41250610351562,-26.4500732421875,1232.8261251228087,1188.2049987792968,1143.583872435785,0.03996035365427348,7.510678105100277,-41.05497436523433,0,0,1,-0.6578486898991994,1
2021-10-29,1155.0,1189.1500244140625,1106.0,1152.8499755859375,364243,1188.5174987792968,1133.1809973144532,1176.7094025717292,45.30691845852101,10.592640328089601,19.388050746388842,0.004968793140013528,1160.2000122070312,1185.4000244140625,1172.8000183105469,1084.9000244140625,1141.550048828125,0,0,0,1,87.89999389648438,-11.2999267578125,1232.04282741884,1188.5174987792968,1144.9921701397536,0.09026704325725617,7.324305899449898,-35.66752319335933,0,0,1,0.050306689602982686,1
2021-11-01,1155.0,1178.050048828125,1141.0,1172.3499755859375,1215021,1189.5824951171876,1137.7779968261718,1176.294219049273,51.98990449558026,9.171839728933264,17.344808542897727,0.016914603298741504,1159.0,1185.4000244140625,1172.2000122070312,1089.4000244140625,1149.199951171875,0,1,0,1,82.79998779296875,-23.1500244140625,1230.3431767166676,1189.5824951171876,1148.8218135177076,0.2886134522898909,6.85293903815634,-17.23251953125009,0,0,1,0.19834640903263473,1
2021-11-02,1178.0,1184.449951171875,1135.800048828125,1174.25,1638199,1189.4899963378907,1142.5459973144532,1176.0995315207706,42.00282273186624,8.105723375400657,15.496991509398313,0.0016206972778012307,1159.0,1185.4000244140625,1172.2000122070312,1089.4000244140625,1151.800048828125,0,1,0,1,82.79998779296875,-22.449951171875,1230.3808309476065,1189.4899963378907,1148.599161728175,0.31365021668853804,6.875355780310429,-15.239996337890716,0,0,1,0.02503676439864716,1
2021-11-03,1175.0,1220.0,1162.4000244140625,1204.5,1848796,1188.604998779297,1147.9629968261718,1178.804338042602,52.40594822853945,9.591179527186796,14.315829112956012,0.025761124121779888,1163.0,1185.4000244140625,1174.2000122070312,1089.4000244140625,1153.449951171875,0,1,0,1,84.79998779296875,-51.050048828125,1227.3348230146755,1188.604998779297,1149.8751745439183,0.7052036322718894,6.516853668822581,15.89500122070308,0,0,1,0.3915534155833514,0
2021-11-04,1215.0,1224.800048828125,1195.0999755859375,1200.4000244140625,37041,1187.895001220703,1152.9769970703126,1180.861070077979,48.60004012508802,10.318633678828519,13.516390026130514,-0.003403881764995842,1165.4000244140625,1185.4000244140625,1175.4000244140625,1089.4000244140625,1144.5,0,1,0,1,86.0,-55.9000244140625,1225.1865506827446,1187.895001220703,1150.6034517586615,0.6676656424009424,6.278593549719467,12.50502319335942,0,0,1,-0.03753798987094703,1
2021-11-08,1224.3499755859375,1235.0,1201.0,1226.0,1615093,1188.9125,1157.5539965820312,1185.1600157848384,54.611095076841096,12.813148417838192,13.375741704472052,0.02132620381979189,1170.5,1185.4000244140625,1177.9500122070312,1099.2250366210938,1138.6500244140625,0,1,0,1,78.7249755859375,-87.3499755859375,1229.0854817525544,1188.9125,1148.7395182474454,0.9615975511656137,6.757937485316121,37.08750000000009,0,0,1,0.29393190876467135,1
2021-11-09,1215.0,1235.0,1203.050048828125,1230.800048828125,2220381,1191.625,1161.2409985351562,1189.5066855984846,60.99623718288724,15.004431400014255,13.701479643580493,0.003915211115925743,1170.5,1185.4000244140625,1177.9500122070312,1109.4000244140625,1146.5999755859375,0,1,0,1,68.54998779296875,-84.2000732421875,1235.2688443249601,1191.625,1147.9811556750399,0.9488038282837586,7.325097127864912,39.175048828125,0,0,1,-0.012793722881855096,0
2021-11-10,1223.0,1232.4000244140625,1206.800048828125,1228.8499755859375,1819508,1194.9625,1164.8359985351562,1193.2536655972895,61.06409829971238,16.39469648182967,14.24012301123033,-0.0015843948365489302,1170.5,1185.4000244140625,1177.9500122070312,1131.4000244140625,1151.050048828125,0,1,0,1,46.54998779296875,-77.7999267578125,1239.2685252178621,1194.9625,1150.656474782138,0.8824251376568487,7.415467049026566,33.88747558593741,0,0,1,-0.06637869062690993,1
2021-11-11,1231.949951171875,1248.0,1211.5,1230.800048828125,1536247,1196.0850036621093,1168.245,1196.8295116192737,57.70255382010252,17.452662756340033,14.882630960252271,0.0015869091271760727,1177.0,1185.4000244140625,1181.2000122070312,1131.4000244140625,1176.0999755859375,0,1,0,1,49.79998779296875,-54.7000732421875,1242.7648161446893,1196.0850036621093,1149.4051911795293,0.8718421660216676,7.805433951543287,34.71504516601567,0,0,1,-0.010582971635181071,1
2021-11-12,1248.0,1292.300048828125,1237.3499755859375,1292.300048828125,1685194,1201.0250061035156,1172.7240014648437,1205.9219437344025,67.00621888084093,22.988645874473605,16.503833943096538,0.04996749883017615,1214.050048828125,1199.1500244140625,1206.6000366210938,1153.6500244140625,1222.199951171875,1,1,0,1,52.95001220703125,-70.10009765625,1263.7268476346653,1201.0250061035156,1138.3231645723658,1.2278497767825907,10.441388183010988,91.27504272460942,1,0,1,0.356007610760923,1
2021-11-15,1330.0,1334.0,1284.050048828125,1305.050048828125,1955088,1205.9500061035155,1177.2290014648438,1215.3627156480904,68.49215658592131,28.081069731991875,18.819281100875607,0.009866129782755806,1234.9000244140625,1220.0,1227.4500122070312,1187.0,1214.5999755859375,1,1,0,1,40.45001220703125,-90.4500732421875,1283.362118300167,1205.9500061035155,1128.5378939068642,1.1400809893474024,12.838361757097005,99.10004272460947,1,0,0,-0.08776878743518823,1
2021-11-16,1314.0,1329.0,1291.0,1314.3499755859375,2043814,1211.4850036621094,1181.8090014648437,1224.7900737374093,75.41603857864739,32.492722812072316,21.553969443114948,0.007126107359762601,1248.2000122070312,1220.0,1234.1000061035156,1196.5,1205.6500244140625,1,1,0,1,37.600006103515625,-108.699951171875,1302.1444930521116,1211.4850036621094,1120.8255142721073,1.067314975056389,14.966671335749792,102.86497192382808,1,0,0,-0.07276601429101337,0
2021-11-17,1305.0,1358.300048828125,1294.0,1313.5,2180190,1218.0925048828126,1186.452001953125,1233.2386381433703,72.45922948148957,35.51105440571223,24.345386435634406,-0.000646688935006523,1276.7000122070312,1232.1500244140625,1254.4250183105469,1208.6500244140625,1176.550048828125,1,1,0,1,45.774993896484375,-136.949951171875,1317.8135891080808,1218.0925048828126,1118.3714206575444,0.9783717298022128,16.37331874640538,95.40749511718741,0,0,0,-0.0889432452541763,1
2021-11-18,1299.800048828125,1355.0,1292.4000244140625,1345.75,2032876,1226.4225036621094,1191.112001953125,1243.9540059392398,96.7514013084051,40.04380930778666,27.485071010064857,0.02455272173582035,1279.6500244140625,1232.1500244140625,1255.9000244140625,1209.75,1162.0999755859375,1,1,0,1,46.1500244140625,-183.6500244140625,1338.773395849567,1226.4225036621094,1114.071611474652,1.0310482810354218,18.321727113124005,119.32749633789058,1,0,0,0.052676551233209024,0
2021-11-22,1358.0,1367.9000244140625,1321.25,1340.949951171875,2725159,1233.5225036621093,1195.73,1253.1917150090146,94.46805366935067,42.75586342075462,30.539229492202814,-0.0035668206042169803,1285.4750366210938,1236.9500122070312,1261.2125244140625,1223.9500122070312,1208.3499755859375,1,1,0,1,37.26251220703125,-132.5999755859375,1355.561194223227,1233.5225036621093,1111.4838131009917,0.9401368410945274,19.787022968580857,107.42744750976567,0,0,0,-0.09091143994089435,1
2021-11-23,1329.449951171875,1407.949951171875,1309.300048828125,1407.050048828125,3017882,1243.7675048828125,1200.705,1267.8448896584537,95.46684878665239,49.66638809812844,34.36466121338794,0.049293486008544996,1307.375,1256.9749755859375,1282.1749877929688,1243.9749755859375,1193.5,1,1,0,1,38.20001220703125,-213.550048828125,1386.2424749275826,1243.7675048828125,1101.2925348380425,1.0730218574322352,22.91022550202323,163.28254394531245,1,0,0,0.13288501633770777,0
2021-11-24,1420.0,1429.0,1370.0,1391.3499755859375,3007303,1253.2150024414063,1204.2130004882813,1279.6072787944045,89.92272180162853,53.26219061409438,38.144167093529234,-0.011158148393700329,1320.25,1267.5,1293.875,1260.2750244140625,1206.550048828125,1,1,0,1,33.5999755859375,-184.7999267578125,1407.992131541544,1253.2150024414063,1098.4378733412686,0.9462383232834116,24.700810124138975,138.13497314453116,0,0,0,-0.1267835341488236,1
2021-11-25,1394.800048828125,1418.699951171875,1370.0,1405.050048828125,1430455,1264.4700073242188,1208.6100024414063,1291.5542092738065,89.26958691671885,56.56532161185919,41.828397997195225,0.009846604723889207,1333.1749877929688,1267.5,1300.3374938964844,1263.125,1203.6500244140625,1,1,0,1,37.212493896484375,-201.4000244140625,1428.7456350587613,1264.4700073242188,1100.1943795896764,0.9278785704324726,25.983317403023392,140.58004150390616,0,0,0,-0.01835975285093905,0
2021-11-26,1371.050048828125,1403.9000244140625,1346.050048828125,1372.550048828125,1609398,1272.7925109863281,1213.0730029296874,1299.26809875517,80.33476691376104,55.916033115956,44.64592502094739,-0.02313084863212267,1356.5250244140625,1267.5,1312.0125122070312,1263.125,1181.3499755859375,1,1,0,1,48.88751220703125,-191.2000732421875,1441.2094713912295,1272.7925109863281,1104.3755505814268,0.7961623865018219,26.464165832401008,99.75753784179688,0,0,0,-0.13171618393065065,0
2021-11-29,1346.0,1364.800048828125,1303.949951171875,1352.75,424967,1283.072509765625,1217.58900390625,1304.3616131594395,72.80082741538097,53.19062047770876,46.354864112299666,-0.014425739043199326,1360.0,1267.5,1313.75,1263.125,1179.1500244140625,1,1,0,1,50.625,-173.5999755859375,1444.5128770096278,1283.072509765625,1121.6321425216222,0.7157994664651117,25.164652194674897,69.677490234375,0,0,0,-0.0803629200367102,0
2021-11-30,1349.0,1414.0,1285.1500244140625,1295.4000244140625,1651907,1290.2000122070312,1220.10400390625,1303.5081285170224,59.77305658183559,45.87423793117023,46.25873887607378,-0.04239510300198668,1357.0750122070312,1267.5,1312.2875061035156,1263.125,1198.949951171875,1,0,0,1,49.162506103515625,-96.4500732421875,1440.1953416460335,1290.2000122070312,1140.204682768029,0.5173339137507809,23.2514847341256,5.20001220703125,0,0,0,-0.19846555271433086,1
2021-12-01,1235.0,1336.800048828125,1235.0,1328.5999755859375,1225618,1298.0125122070312,1223.6110034179687,1305.8978282378716,63.787136514166896,42.26767519837745,45.46052614053451,0.025629111121016068,1332.0,1267.5,1299.75,1263.125,1202.1500244140625,1,1,0,1,36.625,-126.449951171875,1438.624188250297,1298.0125122070312,1157.4008361637655,0.6087657306975509,21.66568884674024,30.58746337890625,0,0,0,0.09143181694677005,1
2021-12-02,1338.0,1370.0,1317.0,1341.5999755859375,454785,1306.3800109863282,1227.8200024414064,1309.2980327472112,64.86049838587627,39.997374764441474,44.3678958653159,0.00978473599193519,1332.0,1267.5,1299.75,1263.125,1202.4000244140625,1,1,0,1,36.625,-139.199951171875,1436.026163276369,1306.3800109863282,1176.7338586962874,0.6358311217783623,19.848153094773224,35.219964599609284,0,0,0,0.027065391080811407,1
2021-12-03,1349.449951171875,1395.949951171875,1341.8499755859375,1389.6500244140625,921744,1315.6375122070312,1233.19900390625,1316.9506033821494,63.545278427826375,41.59589114278151,43.81349492080903,0.03581548129287904,1332.0,1267.5,1299.75,1263.125,1179.949951171875,1,1,0,1,36.625,-209.7000732421875,1441.2408210318513,1315.6375122070312,1190.0342033822112,0.7946280352783425,19.093908110618674,74.01251220703125,0,0,0,0.15879691349998015,0
2021-12-06,1398.300048828125,1415.0,1360.0999755859375,1378.699951171875,516587,1324.552508544922,1237.942001953125,1322.8314936478375,60.299236749637764,41.50075264902398,43.35094646645202,-0.00787973450135726,1332.0,1267.5,1299.75,1263.125,1206.0999755859375,1,1,0,1,36.625,-172.5999755859375,1441.161775209268,1324.552508544922,1207.943241880576,0.7321746983574375,17.60734525993935,54.14744262695308,0,0,0,-0.062453336920904934,1
2021-12-07,1398.0,1414.0,1371.0,1389.699951171875,796718,1332.7375061035157,1242.752001953125,1329.1999181739363,60.48711186862019,41.830763770450176,43.046909927251654,0.007978530782314364,1326.8499755859375,1267.5,1297.1749877929688,1267.5,1147.1500244140625,1,1,0,1,29.67498779296875,-242.5499267578125,1443.3542444387547,1332.7375061035157,1222.1207677682767,0.7574766076347638,16.599928767465368,56.96244506835933,0,0,0,0.02530190927732623,1
2021-12-08,1368.050048828125,1409.0,1368.050048828125,1390.5,727977,1340.7225036621094,1247.5260009765625,1335.03802120499,60.71824969329532,41.676437190672004,42.77281537993573,0.0005756989682919045,1325.0,1282.4000244140625,1303.7000122070312,1267.5,1152.8499755859375,1,1,0,1,36.20001220703125,-237.6500244140625,1443.5333696100113,1340.7225036621094,1237.9116377142075,0.7420828570936984,15.336636129710616,49.777496337890625,0,0,0,-0.015393750541065399,0
2021-12-09,1400.0,1410.0,1381.0,1390.0999755859375,668010,1348.7850036621094,1252.2590014648438,1340.2820168603182,56.774081677173236,41.04867012002978,42.42798632795454,-0.0002876838648417923,1325.0,1282.4000244140625,1303.7000122070312,1267.5,1172.3499755859375,1,1,0,1,36.20001220703125,-217.75,1439.8596596924465,1348.7850036621094,1257.7103476317723,0.7268192586424156,13.504695823731543,41.314971923828125,0,0,0,-0.015263598451282778,0
2021-12-10,1395.0,1410.0,1381.3499755859375,1388.9000244140625,757777,1356.6900024414062,1257.147001953125,1344.912303294008,57.405408340286776,39.99331610943341,41.94105228425032,-0.0008632121379393842,1325.0,1295.7000122070312,1310.3500061035156,1267.5,1174.25,1,1,0,1,42.850006103515625,-214.6500244140625,1431.4053958539541,1356.6900024414062,1281.9746090288584,0.7155514446320698,11.014364855360501,32.21002197265625,0,0,1,-0.011267814010345822,0
2021-12-13,1430.0,1474.8499755859375,1365.4000244140625,1385.949951171875,1184987,1361.3724975585938,1262.0930004882812,1348.820650710948,45.95163661130259,38.47537403498063,41.24791663439638,-0.0021240357047528358,1354.9249877929688,1334.9749755859375,1344.9499816894531,1290.4249877929688,1204.5,1,1,0,1,54.524993896484375,-181.449951171875,1430.9189041183838,1361.3724975585938,1291.8260909988037,0.676698228054038,10.21710173879824,24.57745361328125,0,0,1,-0.03885321657803176,1
2021-12-14,1388.0,1454.8499755859375,1388.0,1436.3499755859375,949575,1367.9374938964843,1267.8880004882812,1357.1567768895184,57.61936257285767,40.868152146033026,41.17196373672371,0.03636496712702164,1395.9249877929688,1337.9249877929688,1366.9249877929688,1290.4249877929688,1200.4000244140625,1,1,0,1,76.5,-235.949951171875,1439.7301589381327,1367.9374938964843,1296.1448288548359,0.9764587137820117,10.496483262133786,68.41248168945322,0,0,1,0.29976048572797365,1
2021-12-15,1450.0,1468.6500244140625,1425.3499755859375,1439.25,457324,1374.1824951171875,1273.6519995117187,1364.9751790905166,56.010531076200124,42.50844290258283,41.43925956989553,0.0020190235411667867,1408.3499755859375,1338.9500122070312,1373.6499938964844,1290.4249877929688,1226.0,1,1,0,1,83.22500610351562,-213.25,1447.9453372154421,1374.1824951171875,1300.4196530189329,0.9410588246866922,10.735523463637815,65.0675048828125,0,0,1,-0.03539988909531944,0
2021-12-16,1458.0,1469.0,1395.199951171875,1402.25,508315,1378.6199951171875,1278.175,1368.525162034277,55.138395515926156,40.35757733688729,41.22292312329389,-0.025707833941288838,1417.4749755859375,1340.8250122070312,1379.1499938964844,1290.4249877929688,1230.800048828125,1,1,0,1,88.72500610351562,-171.449951171875,1447.7812210516067,1378.6199951171875,1309.4587691827683,0.6708327503131537,10.033399512465405,23.6300048828125,0,0,1,-0.2702260743735385,1
2021-12-17,1405.0,1428.449951171875,1375.0,1413.25,1210610,1381.9949951171875,1281.9960009765625,1372.784670411965,60.79585257471465,39.0900037188992,40.79633924241495,0.007844535567837374,1420.125,1343.1749877929688,1381.6499938964844,1290.4249877929688,1228.8499755859375,1,1,0,1,91.22500610351562,-184.4000244140625,1450.9984211523322,1381.9949951171875,1312.9915690820428,0.726474297572513,9.986060192539767,31.2550048828125,0,0,1,0.055641547259359325,0
2021-12-20,1410.0,1410.0,1322.550048828125,1369.5,608784,1383.4224975585937,1285.0940014648438,1372.4718446584443,63.89720827348489,34.161391867553675,39.469349767442694,-0.0309570139748806,1398.7000122070312,1354.9249877929688,1376.8125,1290.4249877929688,1230.800048828125,1,0,0,1,86.38751220703125,-138.699951171875,1450.11288371588,1383.4224975585937,1316.7321114013075,0.395618406483971,9.641362096536465,-13.922497558593705,0,0,1,-0.330855891088542,1
2021-12-21,1385.0,1406.449951171875,1377.050048828125,1383.1500244140625,653263,1382.2274963378907,1288.6440014648438,1373.4888141589793,61.04027203785287,30.99953106129601,37.77538602621336,0.009967159119432356,1398.7000122070312,1354.9249877929688,1376.8125,1290.4249877929688,1292.300048828125,1,1,0,1,86.38751220703125,-90.8499755859375,1448.032193029404,1382.2274963378907,1316.4227996463774,0.5070095914315703,9.521543575982676,0.9225280761718295,0,0,1,0.11139118494759931,1
2021-12-22,1396.0999755859375,1410.0,1375.0,1403.0999755859375,663073,1382.8149963378905,1293.175,1376.3089247710707,62.106287576233804,29.760467775957977,36.17240237616228,0.014423562751499919,1398.7000122070312,1354.9249877929688,1376.8125,1290.4249877929688,1305.050048828125,1,1,0,1,86.38751220703125,-98.0499267578125,1449.14271025996,1382.8149963378905,1316.487282415821,0.6529148077670852,9.593143565513133,20.284979248046966,0,0,1,0.1459052163355149,1
2021-12-23,1424.0,1439.75,1389.0999755859375,1422.050048828125,380538,1383.6649963378907,1298.3740014648438,1380.6652223003139,57.20319824922397,29.962227822138857,34.9303674653576,0.013505861002010233,1398.7000122070312,1354.9249877929688,1376.8125,1290.4249877929688,1314.3499755859375,1,1,0,1,86.38751220703125,-107.7000732421875,1451.5286389682524,1383.6649963378907,1315.801353707529,0.7828101395861495,9.809259150151895,38.38505249023433,0,0,1,0.12989533181906432,0
2021-12-24,1425.0,1429.6500244140625,1380.0999755859375,1385.4000244140625,674141,1384.3074951171875,1301.9150024414062,1381.1161558349565,51.3368051411723,26.855203371476364,33.31533464658135,-0.025772668440372293,1395.7750244140625,1354.9249877929688,1375.3500061035156,1290.4249877929688,1313.5,1,1,0,1,84.92501831054688,-71.9000244140625,1451.9810972467617,1384.3074951171875,1316.6338929876133,0.5080720492370359,9.777249977808628,1.092529296875,0,0,1,-0.2747380903491137,0
2021-12-27,1388.9000244140625,1392.6500244140625,1370.449951171875,1375.5,443450,1385.4449951171875,1305.5550024414063,1380.581283850675,47.15432118698218,23.32513721474743,31.317295160214567,-0.007145968124440905,1395.7750244140625,1354.9249877929688,1375.3500061035156,1290.4249877929688,1345.75,1,1,0,1,84.92501831054688,-29.75,1451.7087113925782,1385.4449951171875,1319.181278841797,0.4249589694316543,9.565694272804487,-9.944995117187545,0,0,1,-0.08311307980538157,1
2021-12-28,1386.0,1403.8499755859375,1381.75,1398.800048828125,525392,1390.6149963378907,1309.4000024414063,1382.3164043247177,51.52574290040597,22.152295691180598,29.484295266407774,0.016939330300345334,1395.7750244140625,1354.9249877929688,1375.3500061035156,1290.4249877929688,1340.949951171875,1,1,0,1,84.92501831054688,-57.85009765625,1442.5574316511888,1390.6149963378907,1338.6725610245926,0.5787896489726078,7.470426458809334,8.185052490234284,0,0,1,0.15383067954095347,0
2021-12-29,1398.5,1407.3499755859375,1382.5999755859375,1392.6500244140625,304195,1393.8174987792968,1313.1800024414063,1383.300558618941,50.459054291025915,20.490354707307688,27.68550715458776,-0.004396642979255572,1381.1500244140625,1354.9249877929688,1368.0375061035156,1290.4249877929688,1407.050048828125,1,1,0,1,77.61251831054688,14.4000244140625,1437.2760791381668,1393.8174987792968,1350.3589184204268,0.4865679647656047,6.23590683815219,-1.167474365234284,0,0,1,-0.09222168420700305,0
2021-12-30,1385.050048828125,1396.8499755859375,1295.0,1311.050048828125,866537,1392.2900024414062,1315.77400390625,1376.4195576864822,39.131660308381115,12.445356115283403,24.63747694672689,-0.058593310706521184,1367.375,1354.9249877929688,1361.1499938964844,1290.4249877929688,1391.3499755859375,1,0,0,1,70.72500610351562,80.2999267578125,1444.2906893133452,1392.2900024414062,1340.2893155694671,-0.28114308194956206,7.4698068334549355,-81.23995361328116,0,1,1,-0.7677110467151668,1
2021-12-31,1325.0999755859375,1340.800048828125,1311.050048828125,1330.25,235438,1389.320001220703,1318.7960034179687,1372.0224569544362,42.561441055125286,7.532087156721218,21.216398988725754,0.014644712601961096,1367.375,1354.9249877929688,1361.1499938964844,1290.4249877929688,1405.050048828125,1,0,0,1,70.72500610351562,74.800048828125,1447.9475228290619,1389.320001220703,1330.6924796123442,-0.003773651010697848,8.43974340783214,-59.070001220703034,0,1,1,0.27736943093886424,1
2022-01-03,1340.0,1356.199951171875,1336.9000244140625,1346.9000244140625,130549,1387.7300048828124,1321.7550048828125,1369.6298443315434,36.8707012025345,4.925031234676453,17.958125437915896,0.012516462630379532,1367.375,1354.9249877929688,1361.1499938964844,1290.4249877929688,1372.550048828125,1,0,0,1,70.72500610351562,25.6500244140625,1449.0847743010725,1387.7300048828124,1326.3752354645524,0.16726319032829476,8.842464917870126,-40.82998046874991,0,0,1,0.1710368413389926,1
2022-01-04,1357.0,1375.0,1340.0,1366.699951171875,192988,1386.5800048828125,1325.0460034179687,1369.3508068877654,39.85456035233267,4.40582167831667,15.247664685996051,0.014700368549199538,1367.375,1354.9249877929688,1361.1499938964844,1290.4249877929688,1352.75,1,1,0,1,70.72500610351562,-13.949951171875,1448.6025348578828,1386.5800048828125,1324.5574749077423,0.33973522428923597,8.946116308710526,-19.880053710937545,0,0,1,0.1724720339609412,1
2022-01-05,1366.699951171875,1408.300048828125,1366.699951171875,1399.6500244140625,394705,1387.0375061035156,1328.9910034179688,1372.2364466521747,49.63225251936117,6.577320641476263,13.513595877092094,0.024109222520959817,1362.3250122070312,1354.9249877929688,1358.625,1290.4249877929688,1295.4000244140625,1,1,0,1,68.20001220703125,-104.25,1449.3034583150286,1387.0375061035156,1324.7715538920027,0.6012794140504192,8.978265106389417,12.612518310546875,0,0,1,0.2615441897611832,1
2022-01-06,1400.0,1419.800048828125,1379.6500244140625,1409.800048828125,212678,1388.022509765625,1333.5880053710937,1375.8139325736936,49.510853574531566,9.013370829216228,12.613550867516922,0.0072518302697215375,1357.4000244140625,1384.9249877929688,1371.1625061035156,1290.4249877929688,1328.5999755859375,0,1,0,1,80.73751831054688,-81.2000732421875,1451.0694668876042,1388.022509765625,1324.9755526436459,0.6727088828439902,9.084428628268427,21.777539062499955,0,0,1,0.07142946879357104,1
2022-01-07,1427.800048828125,1429.0,1403.0,1423.0999755859375,285809,1389.7325073242187,1337.9280053710938,1380.3173652415262,58.31780934227909,11.88020350024317,12.466881394062172,0.00943390998522653,1362.0,1384.9249877929688,1373.4624938964844,1290.4249877929688,1341.5999755859375,0,1,0,1,83.03750610351562,-81.5,1454.6105016753272,1389.7325073242187,1324.85451297311,0.7571555162536301,9.336759989305309,33.36746826171884,0,0,1,0.08444663340963987,1
2022-01-10,1405.0,1453.0,1405.0,1438.9000244140625,275337,1392.3800109863282,1343.7630053710936,1385.8966661151012,58.59410871198264,15.251313294314059,13.02376777411255,0.011102557163364057,1374.0,1384.9249877929688,1379.4624938964844,1290.4249877929688,1389.6500244140625,0,1,0,1,89.03750610351562,-49.25,1460.6569796478452,1392.3800109863282,1324.1030423248112,0.8406713445229035,9.80723195144855,46.520013427734284,0,0,1,0.0835158282692734,1
2022-01-11,1448.0,1582.75,1432.0,1567.949951171875,1351146,1398.960009765625,1352.0650048828124,1403.2350742157464,69.01602811517218,28.013273093205726,16.021668837931188,0.08968651370366287,1438.875,1438.875,1438.875,1344.375,1378.699951171875,0,1,0,1,94.5,-189.25,1500.2854662700818,1398.960009765625,1297.6345532611683,1.3338967680783016,14.485826013201377,168.98994140624995,1,0,0,0.4932254235553981,1
2022-01-12,1599.0,1667.0,1567.0,1647.550048828125,2070560,1409.3750122070312,1361.5690063476563,1426.5031670359729,72.81926284467994,44.042585306018736,21.625852131548697,0.050766988829431314,1489.0250244140625,1481.0,1485.0125122070312,1386.5,1389.699951171875,1,1,0,1,98.51251220703125,-257.85009765625,1557.2523393198112,1409.3750122070312,1261.4976850942512,1.30531289438119,20.984808987241706,238.1750366210938,1,0,0,-0.028583873697111573,1
2022-01-13,1650.0,1684.4000244140625,1588.0,1661.800048828125,940202,1422.3525146484376,1371.3200073242188,1448.9123938733205,79.29828084552247,57.23600558322528,28.747882821884012,0.008649206141043031,1510.6500244140625,1489.7000122070312,1500.1750183105469,1410.1000366210938,1390.5,1,1,0,1,90.07498168945312,-271.300048828125,1606.5468909425988,1422.3525146484376,1238.1581383542764,1.149986006622933,25.899961422670025,239.4475341796874,1,0,0,-0.15532688775825698,1
2022-01-14,1657.0,1720.5,1637.050048828125,1697.949951171875,656706,1436.5875122070313,1381.1890063476562,1472.6302564731827,82.37774704194885,69.80422159326486,36.959150576160184,0.02175346087469565,1530.25,1507.75,1519.0,1428.1500244140625,1390.0999755859375,1,1,0,1,90.8499755859375,-307.8499755859375,1656.3402047627656,1436.5875122070313,1216.834819651297,1.0946740308962455,30.593707753748728,261.3624389648437,1,0,0,-0.05531197572668756,1
2022-01-17,1706.449951171875,1854.0,1698.4000244140625,1835.300048828125,1670969,1459.8775146484375,1393.8870068359374,1507.170236697463,85.66176470588235,89.81232772079443,47.52978600508703,0.08089172331696526,1610.3499755859375,1574.5,1592.4249877929688,1508.2000122070312,1388.9000244140625,1,1,0,1,84.2249755859375,-446.4000244140625,1737.3946123983806,1459.8775146484375,1182.3604168984943,1.1763953234296975,38.01923037588175,375.42253417968755,1,0,0,0.08172129253345206,1
2022-01-18,1850.0,1923.9000244140625,1828.5,1900.0999755859373,1797857,1485.7250122070313,1407.3690063476563,1544.5921165916034,87.83270148839708,109.63391696126791,59.95061219632321,0.03530753829554367,1651.7750244140625,1609.4500122070312,1630.6125183105469,1559.5,1385.949951171875,1,1,0,1,71.11251831054688,-514.1500244140623,1820.2771135225444,1485.7250122070313,1151.1729108915183,1.1192981029703841,45.0355346469585,414.37496337890593,1,0,0,-0.057097220459313425,1
2022-01-19,1930.0,1950.0,1905.050048828125,1938.449951171875,1100995,1512.4925109863282,1421.5220043945312,1582.1023865516293,100.0,126.97352006580195,73.35519377021896,0.02018313566585439,1676.5,1622.5,1649.5,1575.5,1436.3499755859375,1,1,0,1,74.0,-502.0999755859375,1898.0903679148166,1512.4925109863282,1126.8946540578397,1.0523337753722828,50.98839883538094,425.95744018554683,1,0,0,-0.06696432759810134,1
2022-01-20,1948.1500244140625,1979.300048828125,1945.0,1966.699951171875,644709,1539.7250061035156,1436.27900390625,1618.7307260392718,100.0,141.36524876518547,86.95720476921227,0.014573499812528867,1692.1500244140625,1637.1500244140625,1664.6500244140625,1591.175048828125,1439.25,1,1,0,1,73.4749755859375,-527.449951171875,1970.241189374651,1539.7250061035156,1109.2088228323803,0.9958872182505788,55.921178335684154,426.9749450683594,0,0,0,-0.05644655712170399,0
2022-01-21,1973.0,1986.75,1875.0,1934.550048828125,827055,1567.1825073242187,1450.35400390625,1648.8087567810674,95.06865391957307,148.4651551231475,99.25879483999933,-0.016347131307240415,1709.375,1640.875,1675.125,1596.7750244140625,1402.25,1,1,0,1,78.3499755859375,-532.300048828125,2024.0661352241616,1567.1825073242187,1110.2988794242758,0.9020362287794207,58.30637156357984,367.3675415039063,0,0,0,-0.09385098947115811,0
2022-01-24,1946.25,1946.25,1837.8499755859373,1837.8499755859373,449371,1590.3000061035157,1461.2650024414063,1666.812682381531,82.3214680795794,144.62188326322075,108.33141252464362,-0.049985821406256625,1776.875,1640.875,1708.875,1599.125,1413.25,1,1,0,1,109.75,-424.5999755859373,2052.8026692266503,1590.3000061035157,1127.797342980381,0.7676200476455581,58.16546077445332,247.5499694824216,0,0,0,-0.13441618113386256,1
2022-01-25,1782.699951171875,1929.699951171875,1746.0,1929.0,620114,1616.8100036621095,1473.7440014648437,1691.7829031070996,83.62874181098974,147.23388722065965,116.11190746384685,0.04959600926348884,1787.375,1640.875,1714.125,1610.875,1369.5,1,1,0,1,103.25,-559.5,2092.9472569405784,1616.8100036621095,1140.6727503836403,0.8278361377820044,58.89835567568335,312.18999633789053,0,0,0,0.06021609013644624,0
2022-01-27,1900.0,1964.699951171875,1885.050048828125,1910.25,379757,1642.6900024414062,1485.662001953125,1712.5892932873758,81.44913043398213,146.10672351528365,122.11087067413422,-0.009720062208398161,1811.9000244140625,1640.875,1726.3875122070312,1610.875,1383.1500244140625,1,1,0,1,115.51251220703125,-527.0999755859375,2123.5220455117055,1642.6900024414062,1161.857959371107,0.7782260473429758,58.54203073686147,267.55999755859375,0,0,0,-0.04961009043902853,1
2022-01-28,1945.0,1957.0,1904.949951171875,1938.4000244140625,352835,1674.0575012207032,1498.1600024414063,1734.095077204203,81.78902213621991,145.8041701550394,126.84953057031527,0.014736303841938136,1842.5750122070312,1640.875,1741.7250061035156,1610.875,1403.0999755859375,1,1,0,1,130.85000610351562,-535.300048828125,2146.0274635879823,1674.0575012207032,1202.0875388534241,0.7800416809021973,56.38635017293302,264.3425231933593,0,0,0,0.00181563355922143,0
2022-01-31,1957.0,1964.9000244140625,1863.9000244140625,1877.8499755859373,297221,1701.4375,1508.802001953125,1747.7860199072254,75.66208425442119,139.07533761408513,129.29469197906926,-0.03123712756164876,1866.375,1640.875,1753.625,1610.875,1422.050048828125,1,1,0,1,142.75,-455.7999267578123,2153.5686126065193,1701.4375,1249.3063873934805,0.6950899536297401,53.14695516074136,176.41247558593727,0,0,0,-0.08495172727245714,1
2022-02-01,1928.0,1959.0,1883.0,1904.0,492309,1729.292498779297,1520.0630029296874,1762.663541820823,72.33335583227813,134.30459796843002,130.2966731769414,0.013925513088926644,1866.375,1640.875,1753.625,1610.875,1385.4000244140625,1,1,0,1,142.75,-518.5999755859375,2158.694278143461,1729.292498779297,1299.8907194151327,0.7034312730135877,49.66213404236446,174.70750122070308,0,0,0,0.008341319383847523,1
2022-02-02,1919.199951171875,1939.25,1870.0,1916.300048828125,258926,1756.7725036621093,1530.2480029296876,1777.2955901072328,69.61535514519957,130.01750273412404,130.24083908837792,0.006460109678636972,1866.375,1640.875,1753.625,1610.875,1375.5,1,1,0,1,142.75,-540.800048828125,2159.3454524386475,1756.7725036621093,1354.1995548855714,0.6981349537404795,45.83097104916521,159.52754516601567,0,0,0,-0.005296319273108141,0
2022-02-03,1915.0,1925.0,1881.0,1912.550048828125,242268,1782.4175048828124,1540.6720043945313,1790.1769671282702,68.5864637053707,124.87784119460662,129.16823950962367,-0.0019568960520004453,1866.375,1640.875,1753.625,1610.875,1398.800048828125,1,1,0,1,142.75,-513.75,2154.949853028491,1782.4175048828124,1409.8851567371341,0.674659388094835,41.80079550668137,130.1325439453126,0,0,0,-0.02347556564564446,1
2022-02-04,1912.550048828125,1958.5,1902.449951171875,1950.3499755859373,296479,1809.445001220703,1551.5780029296875,1805.4315393623338,68.66311720463705,122.44331031447268,127.82325367059347,0.019764150371371247,1855.4500122070312,1640.875,1748.1625061035156,1610.875,1392.6500244140625,1,1,0,1,137.28750610351562,-557.6999511718748,2146.6836665805804,1809.445001220703,1472.2063358608257,0.7089098742797929,37.27537063932494,140.90497436523424,0,0,0,0.03425048618495785,1
2022-02-07,1970.0,2051.199951171875,1966.050048828125,2024.6500244140625,470440,1839.5225036621093,1564.6200024414063,1826.309490319641,65.44075414225773,125.0676183882415,127.2721266141231,0.03809575192052561,1898.5999755859375,1681.125,1789.8624877929688,1643.0999755859375,1311.050048828125,1,1,0,1,146.76251220703125,-713.5999755859375,2138.7238362731873,1839.5225036621093,1540.3211710510316,0.8093694789665163,32.53032588787904,185.12752075195317,0,0,0,0.10045960468672344,0
2022-02-08,2035.0,2050.0,1856.0,1928.0,561637,1863.9775024414062,1576.1250024414062,1835.9943007653897,52.16279218091537,117.988454750463,125.41539224139107,-0.047736657322804854,1953.5999755859375,1694.0499877929688,1823.8249816894531,1643.0999755859375,1330.25,1,1,0,1,180.72500610351562,-597.75,2101.875020021848,1863.9775024414062,1626.0799848609643,0.6345589861755191,25.525792802632825,64.02249755859384,0,0,0,-0.17481049279099725,0
2022-02-09,1932.199951171875,1941.5,1891.550048828125,1919.800048828125,348096,1881.5700073242188,1588.6130029296876,1843.9758005808883,48.48337810997822,110.44337653905723,122.4209891009243,-0.004253086707404097,1953.5999755859375,1695.5999755859375,1824.5999755859375,1643.0999755859375,1346.9000244140625,1,1,0,1,181.5,-572.9000244140625,2077.6669554739074,1881.5700073242188,1685.4730591745301,0.5974774005017246,20.84397044875924,38.23004150390625,0,0,0,-0.03708158567379449,0
2022-02-10,1929.0,1945.0,1888.0,1907.949951171875,555955,1894.5900024414063,1600.2000024414062,1850.068576827649,45.09148794167226,102.32806956279524,118.40240519329849,-0.006172568681558022,1953.5999755859375,1708.949951171875,1831.2749633789062,1643.0999755859375,1366.699951171875,1,1,0,1,188.17498779296875,-541.25,2058.791232871612,1894.5900024414063,1730.388772011201,0.5406816340397256,17.33369544002793,13.359948730468659,0,0,0,-0.05679576646199902,0
2022-02-11,1915.5999755859373,1917.3499755859373,1875.0,1907.5999755859373,397431,1906.8799987792968,1611.5200024414062,1855.5477576617718,47.621983546312684,94.775872944193,113.6770987434774,-0.0001834301710706976,1953.5999755859375,1715.4249877929688,1834.5124816894531,1643.0999755859375,1399.6500244140625,1,1,0,1,191.41250610351562,-507.9499511718748,2031.5936203867273,1906.8799987792968,1782.1663771718663,0.5028865203229637,13.080384889166263,0.7199768066404886,0,0,0,-0.03779511371676192,0
2022-02-14,1875.0,1895.0,1804.8499755859373,1862.1500244140625,402089,1915.0900024414063,1620.9700024414062,1856.1765449715137,52.357396383555546,84.15320572281144,107.77232013934422,-0.023825724341349108,1928.0249633789062,1727.0999755859375,1827.5624694824219,1673.0999755859375,1409.800048828125,1,1,0,1,154.46249389648438,-452.3499755859375,1998.4786823482664,1915.0900024414063,1831.7013225345463,0.18257095515557686,8.70859122031382,-52.93997802734384,0,0,1,-0.3203155651673868,1
2022-02-15,1852.5,1903.949951171875,1780.0,1889.5,410317,1917.8,1631.1860034179688,1859.3502073551792,45.62666170744867,77.05335674171488,101.62852745981836,0.014687310489144512,1915.5999755859375,1728.0999755859375,1821.8499755859375,1673.0999755859375,1423.0999755859375,1,1,0,1,148.75,-466.4000244140625,1993.83931808615,1917.8,1841.76068191385,0.313912060810849,7.929848585478146,-28.299999999999955,0,0,1,0.13134110565527213,1
2022-02-16,1915.0,1969.0,1894.25,1931.75,659937,1919.382501220703,1642.0270043945313,1866.2454257023048,52.26268107563681,73.9830664375313,96.09943525536096,0.022360412807621133,1915.5999755859375,1741.5999755859375,1828.5999755859375,1673.0999755859375,1438.9000244140625,1,1,0,1,155.5,-492.8499755859375,1995.1995374441065,1919.382501220703,1843.5654649972996,0.5815614761229569,7.900148737959707,12.367498779296966,0,0,1,0.26764941531210795,1
2022-02-17,1950.0,2094.800048828125,1933.25,2047.5999755859373,1665839,1924.8400024414063,1655.16900390625,1883.517287595984,59.70148735765512,79.97604996176392,92.87475819664155,0.05997151576857118,1937.4000244140625,1830.9000244140625,1884.1500244140625,1694.9000244140625,1567.949951171875,1,1,0,1,189.25,-479.6500244140623,2018.884227784575,1924.8400024414063,1830.7957770982377,1.1526715101144074,9.771640783014263,122.75997314453093,1,0,1,0.5711100339914504,0
2022-02-18,2060.0,2125.0,2001.0,2041.8499755859373,1134090,1928.5975036621094,1668.20400390625,1898.5965912140748,66.14173228346456,83.30130998830782,90.96006855497481,-0.0028081656908374164,1952.5,1856.5,1904.5,1710.0,1647.550048828125,1,1,0,1,194.5,-394.2999267578123,2034.3124825450261,1928.5975036621094,1822.8825247791926,1.0356500711656917,10.962886624314331,113.2524719238279,1,0,1,-0.11702143894871564,0
2022-02-21,2041.0,2041.0,1941.0,1955.9000244140625,466499,1929.6650024414062,1679.54400390625,1904.0540610426451,54.57027396167662,78.10086165364669,88.38822717470919,-0.042094155887829277,1952.5,1881.0250244140625,1916.7625122070312,1710.0,1661.800048828125,1,1,0,1,206.76251220703125,-294.0999755859375,2036.0280482549394,1929.6650024414062,1823.3019566278729,0.6233277111048953,11.023990763056084,26.23502197265634,0,0,1,-0.4123223600607965,1
2022-02-22,1850.0,1994.800048828125,1850.0,1971.949951171875,1159269,1936.3700012207032,1691.26400390625,1910.5203362930479,54.86833359816973,74.41673404843937,85.59392854945523,0.008205903449804763,1952.5,1911.7000122070312,1932.1000061035156,1710.0,1697.949951171875,1,1,0,1,222.10000610351562,-274.0,2035.3895600297776,1936.3700012207032,1837.3504424116288,0.6796612223842344,10.227338653940276,35.579949951171784,0,0,1,0.056333511279339166,1
2022-02-23,1982.0,2053.14990234375,1971.0,1987.3499755859373,770250,1939.2875,1702.28400390625,1917.8374447971328,56.41288997572616,71.91074731330559,82.8572923022253,0.0078095412132090924,1952.5,1935.5,1944.0,1710.0,1835.300048828125,1,1,0,1,234.0,-152.04992675781227,2040.6766217236454,1939.2875,1837.8983782763544,0.73701988324221,10.456327050387891,48.062475585937364,0,0,1,0.057358660857975585,0
2022-02-24,1899.0,1924.0,1800.0,1849.75,1036033,1936.2625,1710.49400390625,1911.352926245025,42.63543238903083,58.151235467660854,77.91608093531242,-0.0692379184724966,1952.5,1935.5,1944.0,1710.0,1900.0999755859373,1,0,0,1,234.0,50.34997558593727,2044.326874351089,1936.2625,1828.1981256489112,0.09971775842179605,11.162161571696902,-86.51250000000005,0,0,0,-0.6373021248204139,1
2022-02-25,1875.0,1956.0,1875.0,1923.5,644994,1935.5174987792968,1720.91900390625,1912.5097904121653,42.589197029529224,52.59148988525931,72.8511627253018,0.039870252736856404,1952.5,1935.5,1944.0,1710.0,1938.449951171875,1,0,0,1,234.0,14.949951171875,2043.718013453409,1935.5174987792968,1827.3169841051847,0.4444665359703131,11.180525595077558,-12.01749877929683,0,0,0,0.34474877754851707,0
2022-02-28,1899.9000244140625,1924.0,1831.0,1843.4000244140625,1899148,1933.7950012207032,1729.5220043945312,1905.9279079361554,43.64769458617343,41.246488998912355,66.53022798002392,-0.041642825882993284,1962.5,1935.5,1949.0,1710.0,1966.699951171875,1,0,0,1,239.0,123.2999267578125,2046.6112259174192,1933.7950012207032,1820.978776523987,0.09937067097551992,11.667857722819752,-90.39497680664067,0,0,0,-0.34509586499479317,1
2022-03-02,1806.0,1899.0,1800.050048828125,1882.550048828125,977410,1932.7225036621094,1739.7830053710939,1903.701445163962,47.32725781514677,35.010988952908974,60.22638017460094,0.021237942874882343,1962.5,1935.5,1949.0,1710.0,1934.550048828125,1,0,0,1,239.0,52.0,2047.0490542108005,1932.7225036621094,1818.3959531134183,0.2805739148378478,11.830622381854191,-50.172454833984375,0,0,0,0.1812032438623279,1
2022-03-03,1930.0,1997.0,1916.199951171875,1950.9000244140625,1175563,1934.4525024414063,1751.1380053710936,1908.196547949686,52.850606527713715,35.179059744771166,55.21691608863499,0.03630712268631853,1962.5,1935.5,1949.0,1710.0,1837.8499755859373,1,1,0,1,239.0,-113.05004882812523,2048.779811623594,1934.4525024414063,1820.1251932592186,0.5719317286932996,11.82012058067067,16.447521972656205,0,0,0,0.29135781385545173,0
2022-03-04,1947.9000244140625,1950.0,1885.0,1894.300048828125,646859,1933.5400024414062,1760.9620068359375,1906.8730718428706,49.17861097025878,30.39474040681307,50.2524809522706,-0.029012237878738523,1926.574951171875,1952.5,1939.5374755859375,1710.0,1929.0,0,0,0,1,229.5374755859375,34.699951171875,2048.8391932937993,1933.5400024414062,1818.2408115890132,0.3298342194633587,11.926227614304253,-39.23995361328116,0,0,0,-0.24209750922994083,0
2022-03-07,1850.0,1879.5,1784.0999755859375,1803.75,636784,1926.2100036621093,1768.596005859375,1897.0518269054542,46.58359447225753,19.076597538570468,44.01730426953058,-0.04780132317693919,1918.6249389648438,1952.5,1935.5624694824219,1710.0,1910.25,0,0,0,1,225.56246948242188,106.5,2054.2395384973292,1926.2100036621093,1798.1804688268894,0.021750962308340966,13.293413967512393,-122.46000366210933,0,0,0,-0.3080832571550178,0
2022-03-08,1849.6500244140625,1873.75,1751.0,1783.949951171875,844346,1914.175,1776.5670043945313,1886.2802196927323,43.77028501472365,8.412218489828092,36.89628711359008,-0.01097715804747057,1902.074951171875,1938.0,1920.0374755859375,1710.0,1938.4000244140625,0,0,0,1,210.0374755859375,154.4500732421875,2048.046929497229,1914.175,1780.303070502771,0.013620781753128391,13.987428474118508,-130.22504882812495,0,0,0,-0.008130180555212575,1
2022-03-09,1825.0,1849.0,1810.0,1828.75,525645,1909.2125,1785.6320043945314,1880.8011511505674,43.93903695899086,3.534863090466388,30.224002308965343,0.025112839515870844,1874.0,1938.0,1906.0,1710.0,1877.8499755859373,0,0,0,1,196.0,49.09997558593727,2047.936859368898,1909.2125,1770.4881406311022,0.20999145223647064,14.53210256782814,-80.46250000000009,0,0,0,0.19637067048334225,1
2022-03-10,1864.699951171875,1915.0,1853.199951171875,1881.8499755859373,657959,1907.3149963378905,1795.2930029296874,1880.9010391920312,39.46883472365835,3.909185395936447,24.961038926359567,0.029036213580826864,1874.0,1938.0,1906.0,1710.0,1904.0,0,0,0,1,196.0,22.150024414062727,2046.4457553818372,1907.3149963378905,1768.1842372939439,0.40848529495943553,14.589174762541315,-25.46502075195326,0,0,0,0.19849384272296489,0
2022-03-11,1897.9000244140625,1897.9000244140625,1850.25,1860.050048828125,382512,1904.9200012207032,1804.6410034179687,1878.915230585945,38.6799530264853,2.418883239816296,20.452607789050916,-0.01158430642220809,1874.0,1938.0,1906.0,1710.0,1916.300048828125,0,0,0,1,196.0,56.25,2045.5654367129057,1904.9200012207032,1764.2745657285006,0.3404855719790999,14.766545093975042,-44.86995239257817,0,0,0,-0.06799972298033563,0
2022-03-14,1860.050048828125,1872.8499755859373,1801.25,1822.4000244140625,362116,1900.6600036621094,1814.8680029296875,1873.5328299981466,41.15542542485226,-1.7797187815117468,16.006142474938386,-0.020241403954577963,1874.0,1938.0,1906.0,1710.0,1912.550048828125,0,0,0,1,196.0,90.1500244140625,2045.8117210818787,1900.6600036621094,1755.50828624234,0.23042007135980305,15.273822476413166,-78.25997924804688,0,0,0,-0.11006550061929685,0
2022-03-15,1840.699951171875,1850.0,1785.0,1798.75,396469,1897.4900024414062,1824.2380029296876,1866.4106557126088,38.63964711545451,-6.935551728328846,11.41780363428494,-0.012977405672317421,1874.0,1938.0,1906.0,1710.0,1950.3499755859373,0,0,0,1,196.0,151.59997558593727,2048.5176539092645,1897.4900024414062,1746.4623509735482,0.1731062110754591,15.918676912504242,-98.7400024414062,0,0,0,-0.05731386028434396,1
2022-03-16,1835.0,1843.0,1810.800048828125,1833.6500244140625,315891,1894.6975036621093,1833.9730029296875,1863.2905955889378,40.170123972090906,-8.111936827667023,7.511855541894548,0.01940237632470465,1850.5,1938.0,1894.25,1718.0250244140625,2024.6500244140625,0,0,0,1,176.2249755859375,191.0,2048.256937892869,1894.6975036621093,1741.1380694313498,0.301225240396795,16.209387929625365,-61.047479248046784,0,0,0,0.1281190293213359,1
2022-03-17,1870.0,1950.0,1825.699951171875,1901.199951171875,1137281,1893.1700012207032,1844.6630029296875,1866.9010104063605,53.61432744445908,-3.552564194586239,5.29897159459839,0.036839050995785216,1850.5,1938.0,1894.25,1730.9500122070312,1928.0,0,1,0,1,163.29998779296875,26.800048828125,2045.8299031405804,1893.1700012207032,1740.510099300826,0.5263001280958057,16.127437242449773,8.02994995117183,0,0,0,0.22507488769901074,0
2022-03-21,1939.800048828125,1948.0,1863.5,1876.050048828125,546502,1884.5925048828126,1854.1910034179687,1867.7723473989095,46.42238119886815,-1.9461811027040312,3.849941055137906,-0.013228436245355413,1850.5,1938.0,1894.25,1732.5,1919.800048828125,0,0,0,1,161.75,43.75,2019.8686928760292,1884.5925048828126,1749.316316889596,0.4684258693957434,14.356014644304055,-8.542456054687591,0,0,0,-0.05787425870006235,1
2022-03-22,1860.0,1905.0,1855.0,1877.449951171875,337757,1876.3725036621095,1863.5440014648439,1868.6940239487155,52.91298970949784,-0.5537670277653888,2.9691994385572476,0.0007461966937525322,1867.5,1938.0,1902.75,1745.8499755859375,1907.949951171875,0,0,0,1,156.9000244140625,30.5,1990.7997475947354,1876.3725036621095,1761.9452597294835,0.5047080025382763,12.196644718391335,1.077447509765534,0,0,0,0.036282133142532924,1
2022-03-23,1884.4000244140625,1941.9000244140625,1877.5,1921.4000244140625,834792,1874.6475036621093,1873.5100024414062,1873.7136430406533,53.29656203938776,4.049455164543133,3.185250583754425,0.02340945132239325,1867.5,1938.0,1902.75,1752.3250122070312,1907.5999755859373,0,1,0,1,150.42498779296875,-13.800048828125227,1985.2018426436246,1874.6475036621093,1764.093164680594,0.7114458879798929,11.794680201536362,46.75252075195317,0,0,0,0.20673788544161664,0
2022-03-24,1887.0,1924.0,1887.0,1911.4000244140625,477913,1871.6200073242187,1882.9600024414062,1877.3028222190733,46.27990136882486,6.812099843251872,3.9106204356539145,-0.00520453829131684,1867.5,1938.0,1902.75,1764.0,1862.1500244140625,0,1,0,1,138.75,-49.25,1974.3925485469717,1871.6200073242187,1768.8474661014657,0.693534268086371,10.982201602950685,39.780017089843795,0,0,1,-0.01791161989352197,1
2022-03-25,1928.5,1947.4000244140625,1895.0,1921.25,579479,1868.315008544922,1890.0260034179687,1881.4882677220187,52.78322385705454,9.68468731811845,5.065433812146821,0.005153277942934631,1867.5,1938.0,1902.75,1765.0,1889.5,0,1,0,1,137.75,-31.75,1959.5972372944757,1868.315008544922,1777.0327797953682,0.78995233891754,9.771610069186993,52.934991455078034,0,0,1,0.09641807083116904,1
2022-03-28,1932.949951171875,1940.6500244140625,1895.449951171875,1930.8499755859373,746161,1872.3700073242187,1895.692001953125,1886.1893827566776,65.76141238317862,12.59073325179952,6.570493700077361,0.004996734202179498,1867.5,1938.0,1902.75,1778.5,1931.75,0,1,0,1,124.25,0.9000244140627274,1967.1321608307476,1872.3700073242187,1777.6078538176898,0.8085618366497415,10.122161019012724,58.47996826171857,0,0,1,0.01860949773220144,0
2022-03-29,1935.199951171875,1947.0,1904.0,1923.300048828125,481913,1872.360009765625,1900.922001953125,1889.7237319063393,67.8219979641923,14.121792367287753,8.08075343351944,-0.003910157108669821,1880.4000244140625,1938.0,1909.2000122070312,1846.0,2047.5999755859373,0,1,0,1,63.20001220703125,124.29992675781227,1967.1006237213255,1872.360009765625,1777.6193958099243,0.768839502593465,10.11991427519966,50.94003906250009,0,0,1,-0.039722334056276454,0
2022-03-30,1936.0,2039.800048828125,1776.25,1857.1500244140625,2316424,1873.047509765625,1904.1060034179689,1886.621474049932,53.444099718169255,9.883482976109235,8.4412993420374,-0.03439402211546139,1908.0250244140625,1902.074951171875,1905.0499877929688,1856.5,2041.8499755859373,1,0,0,1,48.54998779296875,184.69995117187477,1967.1348409440013,1873.047509765625,1778.9601785872485,0.4155173966969953,10.04644363667525,-15.897485351562409,0,0,1,-0.35332210589646973,1
2022-03-31,1890.0,1940.0,1876.25,1914.699951171875,1144220,1874.6550048828126,1905.6940014648437,1889.2956147282123,53.94121229181029,11.041115268816384,8.961262527393197,0.03098830250720841,1908.0250244140625,1902.074951171875,1905.0499877929688,1881.0250244140625,1955.9000244140625,1,1,0,1,24.02496337890625,41.2000732421875,1970.4204227086418,1874.6550048828126,1778.8895870569834,0.7090783249225366,10.216857776646284,40.04494628906241,0,0,1,0.29356092822554136,1
2022-04-01,1935.550048828125,1965.449951171875,1907.199951171875,1945.0999755859373,1015269,1874.3650024414062,1906.5940014648438,1894.6103157622813,59.99764669755614,14.24734063352571,10.0184781486197,0.01587717406868694,1908.0250244140625,1902.074951171875,1905.0499877929688,1911.7000122070312,1971.949951171875,1,1,0,0,6.6500244140625,26.849975585937727,1969.2360571657016,1874.3650024414062,1779.4939477171108,0.8727953344151904,10.123007482611287,70.73497314453107,0,0,1,0.16371700949265378,1
2022-04-04,1978.0,2139.60009765625,1941.25,2110.449951171875,1898588,1885.1724975585937,1910.0340014648436,1915.1664715155757,76.04195751407713,29.78728914967155,13.97224034883007,0.08500847136977008,1957.925048828125,1945.300048828125,1951.612548828125,1942.800048828125,1987.3499755859373,1,1,0,1,8.8125,-123.09997558593773,2025.1762425449097,1885.1724975585937,1745.1687525722778,1.3045408129450395,14.853149530626913,225.2774536132813,1,0,0,0.4317454785298491,1
2022-04-05,2152.699951171875,2209.949951171875,2122.0,2189.800048828125,2206673,1904.475,1914.4960034179687,1941.322050307247,82.11911340121016,47.952928522083084,20.768377983480676,0.037598663551433154,1993.0999755859375,1980.4749755859375,1986.7874755859375,1977.9749755859375,1849.75,1,1,0,1,8.8125,-340.050048828125,2092.4759749574437,1904.475,1716.4740250425561,1.2588392796705223,19.743076171379908,285.3250488281251,1,0,0,-0.0457015332745172,1
2022-04-06,2210.0,2250.0,2158.0,2197.39990234375,1558568,1925.1474975585938,1919.7530004882813,1965.7104171678664,81.27957155168706,62.24505106271636,29.06371259932781,0.0034705696164780697,2013.125,2000.5,2006.8125,1998.0,1923.5,1,1,0,1,8.8125,-273.89990234375,2143.9869367996125,1925.1474975585938,1706.3080583175752,1.1220368817645139,22.734823125868886,272.25240478515616,1,0,0,-0.13680239790600845,0
2022-04-07,2218.0,2329.75,2084.85009765625,2166.0,2665993,1942.0099975585938,1926.3160009765625,1984.7856155328313,74.28023677137756,70.22840214191388,37.29665050784502,-0.014289571192871553,2053.0,2040.375,2046.6875,2037.875,1843.4000244140625,1,1,0,1,8.8125,-322.5999755859375,2179.700583450566,1942.0099975585938,1704.3194116666218,0.971179793681874,24.478822064848867,223.9900024414062,0,0,0,-0.15085708808263987,1
2022-04-08,2230.0,2368.89990234375,2211.10009765625,2321.85009765625,2497727,1964.0100036621093,1934.1730029296875,2016.8869947826809,82.97338830110931,88.11532713503834,47.460385833283695,0.07195295367324572,2072.574951171875,2059.949951171875,2066.262451171875,2057.449951171875,1882.550048828125,1,1,0,1,8.8125,-439.300048828125,2251.573332734401,1964.0100036621093,1676.4466745898178,1.122193544546464,29.28328557757839,357.8400939941407,1,0,0,0.1510137508645899,1
2022-04-11,2415.0,2786.199951171875,2390.0,2665.14990234375,4757168,2004.2649963378906,1949.2710009765624,2078.6263193123064,88.69241652769509,128.5108758410754,63.670483834842045,0.14785614499146083,2281.2249755859375,2268.5999755859375,2274.9124755859375,2266.0999755859375,1950.9000244140625,1,1,0,1,8.8125,-714.2498779296875,2419.4381018597596,2004.2649963378906,1589.0918908160215,1.2959148813061154,41.42896336367257,660.8849060058594,1,0,0,0.1737213367596515,1
2022-04-12,2840.0,2955.0,2725.5,2792.39990234375,7836658,2052.764990234375,1966.3509985351564,2146.6047557914912,89.54777543621144,168.84629575787312,84.70564621944825,0.04774590723324623,2415.625,2353.0,2384.3125,2353.0,1894.300048828125,1,1,0,1,31.3125,-898.099853515625,2582.459300499492,2052.764990234375,1523.070679969258,1.198171471522113,51.60788622029637,739.6349121093749,1,0,0,-0.09774340978400242,1
2022-04-13,2880.0,2950.0,2775.39990234375,2864.300048828125,2316844,2106.0424926757814,1986.08,2214.956688461647,90.9638141361254,204.2595703893553,108.61643105342966,0.02574851346471796,2431.0999755859375,2353.0,2392.0499877929688,2353.0,1803.75,1,1,0,1,39.04998779296875,-1060.550048828125,2728.967207608701,2106.0424926757814,1483.117777742862,1.1086269640417121,59.15594933143799,758.2575561523436,1,0,0,-0.08954450748040088,1
2022-04-18,2850.0,3011.89990234375,2652.0,2970.5,2419364,2162.8849914550783,2007.41,2286.9131943224425,91.65509722787073,238.14906006147157,134.52295685503805,0.037077104130667005,2476.574951171875,2394.074951171875,2435.324951171875,2381.449951171875,1783.949951171875,1,1,0,1,53.875,-1186.550048828125,2876.8378938548503,2162.8849914550783,1448.9320890553063,1.065594036966814,66.01857289873384,807.6150085449217,1,0,0,-0.04303292707489814,0
2022-04-19,3035.0,3050.0,2750.0,2911.949951171875,2529522,2213.422491455078,2027.322998046875,2346.440504498579,87.49236244066402,257.31604596574107,159.08157467717865,-0.01971050288777143,2567.425048828125,2413.125,2490.2750244140625,2400.5,1828.75,1,1,0,1,89.7750244140625,-1083.199951171875,2986.750650733892,2213.422491455078,1440.0943321762643,0.9516371551555977,69.87623576287389,698.5274597167968,0,0,0,-0.11395688181121633,0
2022-04-20,2966.550048828125,2990.050048828125,2762.300048828125,2810.85009765625,1065499,2260.162493896484,2045.2889990234376,2390.669989561214,81.65413296842114,261.3355930921616,179.53237836017524,-0.034718953007739306,2567.425048828125,2413.125,2490.2750244140625,2400.5,1881.8499755859373,1,1,0,1,89.7750244140625,-929.0001220703127,3058.8600878218094,2260.162493896484,1461.4648999711587,0.8447409933046904,70.67612139235028,550.6876037597658,0,0,0,-0.10689616185090722,1
2022-04-21,2859.0,2870.0,2750.0,2811.5,1122487,2306.8649963378907,2062.511999511719,2430.749038174432,85.70467551957195,261.5584715907994,195.93759700630008,0.0002312120252487837,2567.425048828125,2413.125,2490.2750244140625,2400.5,1860.050048828125,1,1,0,1,89.7750244140625,-951.449951171875,3119.695964412119,2306.8649963378907,1494.0340282636628,0.810418170248667,70.47061439352397,504.6350036621093,0,0,0,-0.03432282305602341,1
2022-04-22,2830.0,2979.5,2810.0,2882.800048828125,7604326,2354.9349975585938,2079.675,2473.8015153795454,85.85025580344922,264.44012135703815,209.6381018764477,0.025360145412813395,2630.550048828125,2413.125,2521.8375244140625,2400.5,1822.4000244140625,1,1,0,1,121.3375244140625,-1060.4000244140625,3184.4377827331764,2354.9349975585938,1525.4322123840109,0.8181816027045848,70.448040904275,527.8650512695312,0,0,0,0.007763432455917818,0
2022-04-25,2825.14990234375,2858.800048828125,2800.0,2824.0,682910,2400.5649963378905,2097.595,2507.1537520100646,81.87654851392692,258.99365934307843,219.50921336977387,-0.020396853001312887,2720.0,2413.125,2566.5625,2400.5,1798.75,1,1,0,1,166.0625,-1025.25,3227.8534734005184,2400.5649963378905,1573.2765192752627,0.7559173827523614,68.92448055559194,423.43500366210947,0,0,0,-0.06226421995222342,1
2022-04-26,2861.0,2976.0,2850.0,2952.449951171875,1401444,2452.1249938964843,2118.247998046875,2549.5629138349987,81.37810925900384,262.021713307754,228.0117133573699,0.045485110188341116,2851.0,2413.125,2632.0625,2400.5,1833.6500244140625,1,1,0,1,231.5625,-1118.7999267578125,3282.028192118527,2452.1249938964843,1622.2217956744414,0.8014357327139301,67.68849061836012,500.3249572753907,0,0,0,0.04551834996156867,0
2022-04-27,2955.0,2955.0,2821.5,2841.64990234375,982473,2497.664990234375,2136.9219970703125,2577.3807222644036,73.73557207044067,252.56936749541046,232.92324418497805,-0.0375281717423005,2851.0,2413.125,2632.0625,2400.5,1901.199951171875,1,1,0,1,231.5625,-940.449951171875,3307.877403907846,2497.664990234375,1687.4525765609042,0.7122806971999854,64.87758901544619,343.9849121093748,0,0,0,-0.08915503551394466,1
2022-04-28,2897.800048828125,2945.85009765625,2832.199951171875,2912.199951171875,887135,2547.1099853515625,2157.0139965820313,2609.268267874639,74.88685055841584,247.91332418718048,235.92126018541853,0.024827143122006845,2851.0,2413.125,2632.0625,2400.5,1876.050048828125,1,1,0,1,231.5625,-1036.14990234375,3331.3636144069887,2547.1099853515625,1762.8563562961363,0.7327626881752753,61.57987943714024,365.0899658203125,0,0,0,0.02048199097528991,0
2022-04-29,2935.0,3000.0,2844.800048828125,2882.800048828125,1101232,2598.3924865722656,2177.4269970703126,2635.3189136797328,74.9912879870577,239.09491258565095,236.55599066546503,-0.01009542711238609,2900.0,2413.125,2656.5625,2400.5,1877.449951171875,1,1,0,1,256.0625,-1005.35009765625,3327.6817221741658,2598.3924865722656,1869.1032509703657,0.6949895517250647,56.133878108919575,284.4075622558594,0,0,0,-0.03777313645021063,0
2022-05-02,2860.0,2895.0,2809.0,2830.35009765625,374592,2644.1749938964845,2196.2439990234375,2653.8933121536866,69.10648951499537,225.27713060965152,234.30021865430234,-0.01819409958494911,2875.0,2413.125,2644.0625,2400.5,1921.4000244140625,1,1,0,1,243.5625,-908.9500732421875,3308.0668580827755,2644.1749938964845,1980.2831297101934,0.6402149309270071,50.21542565970438,186.17510375976553,0,0,0,-0.054774620798057616,0
2022-05-04,2800.0,2800.0,2628.550048828125,2671.35009765625,862120,2680.4875,2211.0360009765627,2655.5558631539307,50.27042026520693,199.20021161865907,227.28021724717368,-0.05617679598423686,2814.2750244140625,2413.125,2613.7000122070312,2400.5,1911.4000244140625,1,1,0,1,213.20001220703125,-759.9500732421875,3261.7658635594644,2680.4875,2099.209136440536,0.4921402524878122,43.3710930238969,-9.137402343750182,0,0,0,-0.14807467843919492,1
2022-05-05,2744.0,2890.0,2725.0,2845.89990234375,865154,2717.2599975585936,2227.0019995117186,2673.6838668862943,52.24093210733272,190.42369014359429,219.90891182645782,0.06534141849870001,2814.2750244140625,2413.125,2613.7000122070312,2400.5,1921.25,1,1,0,1,213.20001220703125,-924.64990234375,3239.7151255749727,2717.2599975585936,2194.8048695422144,0.6231109600489207,38.454555580680186,128.63990478515643,0,0,0,0.13097070756110857,1
2022-05-06,2813.89990234375,2955.0,2740.0,2874.800048828125,910667,2751.5099975585936,2243.6610009765627,2692.8377889759927,50.45624414153583,183.68285235255598,212.66369993167746,0.010155011587221985,2814.2750244140625,2413.125,2613.7000122070312,2400.5,1930.8499755859373,1,1,0,1,213.20001220703125,-943.9500732421877,3217.973377512971,2751.5099975585936,2285.046617604216,0.6321540517088284,33.90599200935262,123.29005126953143,0,0,0,0.009043091659907687,0
2022-05-09,2805.10009765625,2840.0,2675.0,2706.39990234375,581855,2776.959997558594,2258.6709985351563,2694.129418820541,39.112865078729264,162.8746873852956,202.7058974224011,-0.05857803799364103,2814.2750244140625,2413.125,2613.7000122070312,2400.5,1923.300048828125,1,1,0,1,213.20001220703125,-783.099853515625,3169.3840786911346,2776.959997558594,2384.535916426053,0.4100971390297882,28.26285445073363,-70.56009521484384,0,0,0,-0.2220569126790402,0
2022-05-10,2696.0,2739.39990234375,2461.050048828125,2486.699951171875,818487,2792.9949951171875,2268.9659985351564,2674.37423142543,34.52567008309009,127.18995021050841,187.6027079800226,-0.08117793345381596,2730.5250244140625,2463.125,2596.8250122070312,2400.5,1857.1500244140625,1,0,0,1,196.32501220703125,-629.5499267578125,3101.4815102977163,2792.9949951171875,2484.5084799366587,0.003551972496972637,22.09001560832267,-306.2950439453125,0,0,0,-0.4065451665328156,1
2022-05-11,2535.0,2710.0,2486.699951171875,2648.050048828125,1287498,2809.3049926757812,2282.18,2671.867166416163,44.324756212581235,110.65359753377516,172.21288589077312,0.06488522975207056,2730.5250244140625,2478.5999755859375,2604.5625,2400.5,1914.699951171875,1,1,0,1,204.0625,-733.35009765625,3041.4820168987508,2809.3049926757812,2577.1279684528117,0.15273277063626195,16.529143316819273,-161.25494384765625,0,0,0,0.1491807981392893,0
2022-05-12,2700.0,2720.0,2402.0,2436.800048828125,890166,2797.8875,2293.9210009765625,2649.4798218839687,38.610252361740116,79.58490415418282,153.68728954345508,-0.07977568252287648,2701.0,2495.625,2598.3125,2400.5,1945.0999755859373,1,0,0,1,197.8125,-491.7000732421877,3075.3412486600055,2797.8875,2520.433751339994,-0.15071647601769234,19.833088261054506,-361.0874511718748,0,1,0,-0.3034492466539543,0
2022-05-13,2436.0,2545.0,2105.550048828125,2171.550048828125,1722448,2766.845007324219,2298.882001953125,2603.9627006405553,30.660468166857626,33.176840632802396,129.58519976132453,-0.10885177063565832,2530.2750244140625,2567.425048828125,2548.8500366210938,2400.5,2110.449951171875,0,0,1,1,148.35003662109375,-61.10009765625,3156.1774296086664,2766.845007324219,2377.5125850397712,-0.2645073007317758,28.142698362490936,-595.2949584960938,0,1,0,-0.11379082471408347,1
2022-05-16,2234.0,2349.89990234375,2220.0,2281.699951171875,1085417,2737.7150024414063,2307.6480004882815,2573.2710102149667,35.65495548521433,5.226049848512048,104.71336977876204,0.050724091025759366,2530.2750244140625,2567.425048828125,2548.8500366210938,2400.5,2189.800048828125,0,0,1,1,148.35003662109375,-91.89990234375,3177.4412290675787,2737.7150024414063,2297.988775815234,-0.018521552339891202,32.12359403619724,-456.01505126953134,0,1,0,0.2459857483918846,1
2022-05-17,2356.0,2360.0,2211.0,2285.800048828125,966040,2703.4800048828124,2315.713000488281,2545.89282341622,31.123825198170252,-16.405200666299606,80.48965568974972,0.0017969486540700963,2530.2750244140625,2567.425048828125,2548.8500366210938,2400.5,2197.39990234375,0,0,1,1,148.35003662109375,-88.400146484375,3171.110915103398,2703.4800048828124,2235.849094662227,0.05340852483675193,34.59473784721821,-417.6799560546874,0,0,0,0.07193007717664313,1
2022-05-18,2332.0,2437.0,2287.0,2396.10009765625,1603590,2677.6875122070314,2324.617001953125,2531.6268495343184,37.38069561162316,-24.36694346322429,59.518335859154924,0.048254460789198594,2530.2750244140625,2577.7750244140625,2554.0250244140625,2400.5,2166.0,0,0,1,1,153.5250244140625,-230.10009765625,3153.315723367999,2677.6875122070314,2202.059301046064,0.2039836915229957,35.52529628589412,-281.58741455078143,0,0,0,0.15057516668624377,0
2022-05-19,2315.0,2345.0,2268.25,2317.5,698975,2653.0200073242186,2333.0810009765623,2511.2338162453357,33.2327759656832,-36.597183433812006,40.29523200056154,-0.03280334479061742,2472.7750244140625,2577.7750244140625,2525.2750244140625,2400.5,2321.85009765625,0,0,1,1,124.7750244140625,4.35009765625,3149.1941763625537,2653.0200073242186,2156.8458382858835,0.16189291154101187,37.404480001548585,-335.52000732421857,0,0,0,-0.04209077998198382,0
2022-05-20,2388.0,2409.75,2257.0,2273.64990234375,1325446,2626.1275024414062,2342.4789990234376,2488.606776826137,32.96417400708859,-49.26023184563928,22.384139231321377,-0.01892129348705507,2422.4749755859375,2577.7750244140625,2500.125,2400.5,2665.14990234375,0,0,1,1,99.625,391.5,3142.9032105007827,2626.1275024414062,2109.3517943820298,0.158964619852877,39.35648269773274,-352.47760009765625,0,0,0,-0.002928291688134882,0
2022-05-23,2299.0,2324.89990234375,2231.050048828125,2248.35009765625,633157,2594.4050048828126,2351.767001953125,2465.7251883337667,33.47248436873426,-60.63827149555391,5.7796570859463205,-0.011127396817522395,2412.7750244140625,2577.7750244140625,2495.2750244140625,2400.5,2792.39990234375,0,0,1,1,94.7750244140625,544.0498046875,3122.040162292138,2594.4050048828126,2066.769847473487,0.17206989302448789,40.674848870264064,-346.0549072265626,0,0,0,0.013105273171610893,0
2022-05-24,2269.0,2274.75,2114.0,2136.300048828125,868519,2560.0200073242186,2357.9180029296876,2434.3513655237057,34.38949751699582,-77.80012102527371,-10.936298536297688,-0.04983656635366951,2412.7750244140625,2577.7750244140625,2495.2750244140625,2400.5,2864.300048828125,0,0,1,1,94.7750244140625,728.0,3112.3775046950323,2560.0200073242186,2007.662509953405,0.11644409597681427,43.15259222900747,-423.71995849609357,0,0,0,-0.05562579704767362,1
2022-05-25,2171.0,2245.0,2132.0,2187.35009765625,1366317,2521.7650146484375,2364.028005371094,2410.8274352506146,29.29414864071937,-86.28703489816371,-26.006445808670897,0.023896478800404797,2325.2750244140625,2577.7750244140625,2451.5250244140625,2413.125,2970.5,0,0,1,1,38.4000244140625,783.14990234375,3066.0272190977125,2521.7650146484375,1977.5028101991625,0.19278142570034476,43.16518004554452,-334.4149169921875,0,0,0,0.0763373297235305,0
2022-05-26,2212.0,2229.89990234375,2035.0,2164.0,1651419,2487.88251953125,2370.107004394531,2387.320060464842,27.573046894799262,-93.81568421391012,-39.56829348971874,-0.010675061884821146,2236.0,2517.5,2376.75,2413.125,2911.949951171875,0,0,1,0,36.375,747.949951171875,3032.6422336774335,2487.88251953125,1943.1228053850668,0.20272900957913156,43.79304166249966,-323.8825195312502,0,0,0,0.009947583878786803,1
2022-05-27,2217.0,2219.0,2140.0,2166.449951171875,664373,2450.59501953125,2376.9880029296874,2366.2848119607497,30.970930105497985,-98.44963632833242,-51.34456205744148,0.0011321400979089624,2236.0,2517.5,2376.75,2413.125,2810.85009765625,0,0,1,0,36.375,644.400146484375,2975.815390588232,2450.59501953125,1925.3746484742678,0.22949919308389938,42.86472198555649,-284.1450683593748,0,0,0,0.026770183504767814,0
2022-05-30,2189.0,2216.949951171875,2125.75,2151.64990234375,750092,2414.0375122070313,2384.0460009765625,2345.843391997226,36.198873234564196,-102.13892308998584,-61.50343426395035,-0.006831475068288295,2236.0,2517.5,2376.75,2413.125,2811.5,0,0,1,0,36.375,659.85009765625,2915.0604976621307,2414.0375122070313,1913.014526751932,0.23814813144256836,41.50913007122575,-262.38760986328134,0,0,0,0.008648938358668978,0
2022-05-31,2140.0,2140.0,1833.0999755859373,1888.949951171875,14897503,2366.9675048828126,2385.1519995117187,2302.32973096624,21.141271862574385,-124.82153505553288,-74.16705442226686,-0.12209233058116054,2121.4249877929688,2416.5499877929688,2268.9874877929688,2413.125,2882.800048828125,0,0,1,0,144.13751220703125,993.85009765625,2879.453451213462,2366.9675048828126,1854.4815585521633,0.03362862227393955,43.30316705011312,-478.0175537109376,0,0,0,-0.20451950916862882,0
2022-06-01,1828.949951171875,1889.8499755859373,1776.0,1848.4000244140625,4813035,2325.820001220703,2384.0960009765627,2259.0983303422227,24.294453400769754,-144.40509659263353,-88.2146628563402,-0.021466914320655173,2092.875,2388.0,2240.4375,2413.0,2824.0,0,0,1,0,172.5625,975.5999755859375,2865.3772926728475,2325.820001220703,1786.2627097685586,0.05758175788735044,46.39716669122792,-477.41997680664053,0,0,0,0.023953135613410892,1
2022-06-02,1825.0,1950.0,1825.0,1925.800048828125,4258034,2279.815008544922,2385.0910009765626,2227.3556368646896,37.15570154339521,-151.92833976282827,-100.95739823763782,0.04187406589036269,2050.449951171875,2388.0,2219.2249755859375,2413.0,2952.449951171875,0,0,1,0,193.7750244140625,1026.64990234375,2790.268537386462,2279.815008544922,1769.361479703382,0.15323487867717947,44.780258655050595,-354.01495971679697,0,0,0,0.09565312078982903,0
2022-06-03,1960.800048828125,1988.0,1830.0999755859373,1855.9000244140625,3557798,2228.870007324219,2384.660002441406,2191.9789118693916,26.767797797060425,-161.66731183219008,-113.09938095654829,-0.03629661576579435,2025.375,2388.0,2206.6875,2413.0,2841.64990234375,0,0,1,0,206.3125,985.7498779296875,2692.8964889297895,2228.870007324219,1764.8435257186486,0.09811562734561052,41.637823657795,-372.96998291015643,0,0,0,-0.05511925133156895,0
2022-06-06,1853.0,1853.0,1790.0,1802.3499755859373,1727155,2183.667510986328,2382.2790014648435,2154.8713941281103,24.97282376872809,-171.7269968433959,-124.82490413391781,-0.028853951249357745,2010.5,2388.0,2199.25,2413.0,2912.199951171875,0,0,1,0,213.75,1109.8499755859377,2628.554485731453,2183.667510986328,1738.780536241203,0.0714444824791208,40.746768682213585,-381.31753540039085,0,0,0,-0.02667114486648972,1
2022-06-07,1804.0,1873.449951171875,1776.800048828125,1829.25,2860643,2150.7950134277344,2380.6360009765626,2123.8598327825757,17.882034551790625,-175.5056427326101,-134.96105185365627,0.014924972829052141,2002.949951171875,2365.5,2184.2249755859375,2413.0,2882.800048828125,0,0,1,0,228.7750244140625,1053.550048828125,2598.409399225039,2150.7950134277344,1703.1806276304294,0.14082363790097124,41.62315636802033,-321.5450134277344,0,0,0,0.06937915542185044,0
2022-06-08,1848.699951171875,1858.8499755859373,1795.0,1801.9000244140625,1569422,2108.487512207031,2378.249001464844,2093.196993890336,18.98460477904058,-178.64782041070043,-143.69840556506512,-0.014951469501674142,1997.5,2365.5,2181.5,2413.0,2830.35009765625,0,0,1,0,231.5,1028.4500732421875,2518.4777174072306,2108.487512207031,1698.497307006832,0.12610388747791998,38.88950755710642,-306.58748779296866,0,0,0,-0.014719750423051264,1
2022-06-09,1809.0,1837.0,1790.300048828125,1812.6500244140625,1426447,2077.2800109863283,2375.8850024414064,2066.478234892596,21.11891416916552,-178.2162180740395,-150.60196806686,0.005965924776262677,1996.4749755859375,2365.5,2180.9874877929688,2413.0,2671.35009765625,0,0,1,0,232.01251220703125,858.7000732421875,2477.4580655152554,2077.2800109863283,1677.1019564574012,0.1693596967932472,38.52904301899248,-264.6299865722658,0,0,0,0.043255809315327215,0
2022-06-10,1796.0,1814.8499755859373,1726.0,1757.5999755859375,1957093,2056.5825073242186,2372.5710009765626,2037.0612578157713,20.35996908762033,-180.23857092962226,-156.52928863941247,-0.03036992695041607,1933.0,2340.5,2136.75,2388.0,2845.89990234375,0,0,1,0,251.25,1088.2999267578125,2477.4038776168472,2056.5825073242186,1635.76113703159,0.14476313128967752,40.92433625142047,-298.98253173828107,0,0,0,-0.024596565503569673,1
2022-06-13,1728.75,1840.0,1703.550048828125,1798.699951171875,2486948,2032.4325073242187,2371.4019995117187,2014.360180992543,27.698504933291147,-176.49040407822804,-160.5215117271756,0.023384146652730697,1845.7750244140625,2271.7750244140625,2058.7750244140625,2376.7750244140625,2874.800048828125,0,0,1,0,318.0,1076.10009765625,2454.2415228082396,2032.4325073242187,1610.6234918401979,0.22294030287126704,41.50780052611438,-233.7325561523437,0,0,0,0.07817717158158952,0
2022-06-14,1790.0,1834.800048828125,1756.050048828125,1788.75,1561899,2007.5800048828125,2368.883000488281,1992.8734970884914,22.157022180368685,-172.3362477601829,-162.88445893377707,-0.005531745950953293,1845.7750244140625,2221.4749755859375,2033.625,2376.7750244140625,2706.39990234375,0,0,1,0,343.1500244140625,917.64990234375,2425.299370834184,2007.5800048828125,1589.860638931441,0.23806576529625464,41.6142186050269,-218.83000488281255,0,0,0,0.015125462424987607,0
2022-06-15,1819.800048828125,1822.0,1751.0,1757.8499755859375,1493285,1975.667498779297,2365.1380004882812,1970.4903045644387,21.92575944410123,-169.5825802533186,-164.2240831976854,-0.017274646772362012,1845.7750244140625,2211.7750244140625,2028.7750244140625,2376.7750244140625,2486.699951171875,0,0,1,0,348.0,728.8499755859375,2366.435053108436,1975.667498779297,1584.8999444501578,0.22129528055712863,39.558028319095406,-217.81752319335942,0,0,0,-0.016770484739126013,0
2022-06-16,1787.0,1805.0,1680.050048828125,1711.0999755859375,2137604,1945.3474975585937,2357.1510009765625,1945.7864637093435,20.341303907760576,-169.22192815815924,-165.22365218978018,-0.026594988565174393,1776.75,2200.0250244140625,1988.3875122070312,2365.0250244140625,2648.050048828125,0,0,1,0,376.63751220703125,936.9500732421875,2319.0470757064113,1945.3474975585937,1571.647919410776,0.18658310622978672,38.419827677760374,-234.24752197265616,0,0,0,-0.034712174327341916,1
2022-06-17,1681.0,1784.0,1650.199951171875,1711.25,2595892,1917.2275024414062,2347.58,1923.4496576417869,20.756978596032553,-166.9989431940703,-165.57871039063824,8.767717620417059e-05,1761.824951171875,2097.5999755859375,1929.7124633789062,2350.0999755859375,2436.800048828125,0,0,1,0,420.38751220703125,725.550048828125,2272.0405124641375,1917.2275024414062,1562.4144924186749,0.20973795122646421,37.013135850691775,-205.97750244140616,0,0,0,0.0231548449966775,1
2022-06-20,1708.300048828125,1764.0,1677.050048828125,1743.6500244140625,1562891,1891.992498779297,2338.5050024414063,1906.3258830486702,36.101022919649644,-160.76954911573853,-164.61687813565828,0.018933542389517832,1754.5249633789062,2043.5999755859375,1899.0624694824219,2350.0999755859375,2171.550048828125,0,0,1,0,451.0375061035156,427.9000244140625,2219.7766411739353,1891.992498779297,1564.2083563846586,0.27371926341293784,34.64962388657702,-148.34247436523447,0,0,0,0.06398131218647363,1
2022-06-21,1760.0,1834.0,1722.0,1809.0999755859373,1280817,1875.6324951171875,2331.367001953125,1897.0662728141242,46.41161049857999,-148.83575936982174,-161.460654382491,0.037536174264023225,1745.0999755859375,2043.5999755859375,1894.3499755859375,2350.0999755859375,2281.699951171875,0,0,1,0,455.75,472.5999755859377,2185.1625314693842,1875.6324951171875,1566.1024587649908,0.39252655361764843,33.00540347408063,-66.53251953125027,0,0,0,0.11880729020471059,0
2022-06-22,1779.0999755859375,1793.5999755859375,1720.050048828125,1736.0999755859375,1277913,1853.0699890136718,2319.6519995117187,1881.7361492685825,32.53865540647588,-143.61315191225367,-157.89115388844354,-0.040351556566881386,1745.0999755859375,2043.5999755859375,1894.3499755859375,2350.0999755859375,2285.800048828125,0,0,1,0,455.75,549.7000732421875,2132.7713810951477,1853.0699890136718,1573.368596932196,0.2909019820079025,30.18789292792462,-116.97001342773433,0,0,0,-0.10162457160974592,1
2022-06-23,1750.0,1809.9000244140625,1732.0,1796.75,1485891,1834.7074890136719,2302.2840014648436,1873.6422302906224,44.46109033613397,-133.04656974110299,-152.92223705897544,0.0349346381354525,1745.0999755859375,2029.9749755859375,1887.5374755859375,2350.0999755859375,2396.10009765625,0,0,1,0,462.5625,599.35009765625,2075.919091125644,1834.7074890136719,1593.4958869016998,0.4213191059606415,26.294284353921306,-37.957489013671875,0,0,0,0.13041712395273897,1
2022-06-24,1810.0,1867.5,1802.550048828125,1857.5999755859373,1722411,1819.264990234375,2283.5880029296877,1872.1143965092238,55.10392609699769,-118.39757916435906,-146.0173054800522,0.03386669018279509,1758.8499755859375,2029.9749755859375,1894.4124755859375,2350.0999755859375,2317.5,0,0,1,0,455.6875,459.9000244140627,2007.2100749473445,1819.264990234375,1631.3199055214056,0.6019845382232463,20.661650251265108,38.33498535156218,0,0,0,0.18066543226260479,1
2022-06-27,1880.0,1925.0,1875.050048828125,1917.6500244140625,1251839,1807.5649963378905,2264.6550024414064,1876.4511229763511,57.69498787053833,-100.7808723482633,-136.97001885369443,0.03232668476386258,1787.5999755859375,1987.5499267578125,1887.574951171875,2350.0999755859375,2273.64990234375,0,0,0,0,462.5250244140625,355.9998779296875,1928.4607053997538,1807.5649963378905,1686.6692872760273,0.9552892279238819,13.37663755458828,110.08502807617197,0,0,0,0.35330468970063567,0
2022-06-28,1909.0,1920.0,1871.0999755859373,1909.8499755859373,959332,1808.6099975585937,2243.442001953125,1879.6319660820259,59.72784826278915,-86.45233532082239,-126.86648214712002,-0.0040675038348086945,1787.5999755859375,1962.4749755859375,1875.0374755859375,2350.0999755859375,2248.35009765625,0,0,0,0,475.0625,338.5001220703127,1932.622680702917,1808.6099975585937,1684.5973144142704,0.9081839673992161,13.713590360743947,101.23997802734357,0,0,0,-0.04710526052466579,0
2022-06-29,1880.050048828125,1946.6500244140625,1861.25,1901.699951171875,1235652,1811.2749938964844,2223.237001953125,1881.7336789477258,58.062463293260684,-74.89120614636113,-116.47142694696825,-0.0042673636768573164,1798.4249877929688,1947.5999755859375,1873.0124816894531,2350.0999755859375,2136.300048828125,0,0,0,0,477.0874938964844,234.60009765625,1940.7633540067397,1811.2749938964844,1681.786633786229,0.8491624930549608,14.298034317991112,90.42495727539062,0,0,0,-0.05902147434425531,1
2022-06-30,1908.0,1938.0,1901.8499755859373,1929.5999755859373,1117021,1811.4649902343747,2205.6119995117188,1886.292373865651,66.37782974786244,-62.75423739662892,-105.72798903690038,0.014671096981871079,1811.8500366210938,1940.0499267578125,1875.9499816894531,2350.0999755859375,2187.35009765625,0,0,0,0,474.1499938964844,257.7501220703127,1941.6343169843904,1811.4649902343747,1681.295663484359,0.953774281165468,14.371718741654934,118.13498535156259,0,0,0,0.1046117881105072,1
2022-07-01,1928.0,1978.9000244140625,1902.0,1963.6500244140625,1206875,1816.8524902343747,2188.655,1893.659769155976,65.92027978256624,-49.81382508053093,-94.5451562456265,0.017646169806664558,1849.4750366210938,1934.5999755859375,1892.0375061035156,2325.0999755859375,2164.0,0,0,0,0,433.0624694824219,200.3499755859375,1961.9907535376703,1816.8524902343747,1671.714226931079,1.005716173111858,15.976890152988998,146.79753417968777,1,0,0,0.051941891946389984,0
2022-07-04,1979.699951171875,1989.9000244140625,1860.0999755859373,1883.5999755859373,1093460,1820.9149902343747,2168.6709985351563,1892.701693577877,58.06341343845854,-45.49340536525574,-84.73480606955236,-0.040765944966192014,1854.9750366210938,1933.574951171875,1894.2749938964844,2325.0999755859375,2166.449951171875,0,0,1,0,430.8249816894531,282.8499755859377,1968.7259526952912,1820.9149902343747,1673.1040277734583,0.7120444394242322,16.234800993306266,62.684985351562545,0,0,0,-0.2936717336876258,0
2022-07-05,1915.0,1915.0,1861.4000244140625,1876.4000244140625,651046,1823.2724914550777,2149.7189990234374,1891.1491536575138,60.501373709552134,-42.16437285713823,-76.22071942706954,-0.0038224417419813195,1860.9500122070312,1895.0999755859375,1878.0249938964844,2325.0999755859375,2151.64990234375,0,0,1,0,447.0749816894531,275.2498779296875,1973.0312063989018,1823.2724914550777,1673.5137765112536,0.6773770994860415,16.427463875606207,53.12753295898483,0,0,0,-0.03466733993819071,1
2022-07-06,1876.0,1909.0,1870.0,1903.699951171875,497249,1828.3624877929683,2128.7439990234375,1892.3444677065006,67.66971857311708,-36.897878895942995,-68.35615132084423,0.014549097421983515,1896.2250366210938,1820.0499877929688,1858.1375122070312,2325.0999755859375,1888.949951171875,1,0,0,0,466.96246337890625,-14.75,1981.7456656077536,1828.3624877929683,1674.979309978183,0.7455858082099424,16.778202226182778,75.3374633789067,0,0,0,0.06820870872390083,1
2022-07-07,1920.199951171875,1929.5999755859373,1892.550048828125,1909.699951171875,364922,1833.214984130859,2110.105,1893.997370893679,68.01306308342664,-31.872587286505905,-61.05943851397657,0.0031517571854253745,1925.0,1820.0499877929688,1872.5249938964844,2325.0999755859375,1848.4000244140625,1,0,0,0,452.5749816894531,-61.2999267578125,1990.3963845649473,1833.214984130859,1676.0335836967706,0.7433015828520018,17.14816885032273,76.48496704101603,0,0,0,-0.0022842253579405947,1
2022-07-08,1926.699951171875,1927.0,1893.0,1921.0,392347,1841.3849853515621,2090.2810009765626,1896.5690498561858,66.73902168184856,-26.670744241124567,-54.18169965940618,0.005917185483086396,1925.0,1820.0499877929688,1872.5249938964844,2325.0999755859375,1925.800048828125,1,0,0,0,452.5749816894531,4.800048828125,1998.981663176367,1841.3849853515621,1683.7883075267573,0.7525910309383023,17.117189406724314,79.61501464843786,0,0,0,0.0092894480863005,1
2022-07-11,1918.5,2263.64990234375,1910.800048828125,2207.35009765625,7833061,1861.8174926757808,2076.772001953125,1926.1672448847635,76.52700856532758,0.5514567526627161,-43.2350683769924,0.14906303886322236,2061.8749389648438,1956.9249267578125,2009.3999328613281,2325.0999755859375,1855.9000244140625,1,0,0,0,315.7000427246094,-351.4500732421875,2084.5021434612586,1861.8174926757808,1639.1328418903029,1.275833906292303,23.921211575409387,345.53260498046916,1,0,0,0.5232428753540007,1
2022-07-12,2229.949951171875,2374.0,2224.14990234375,2294.75,8095252,1887.1174926757808,2066.06,1961.2703644195478,86.51067901586188,28.845179578604984,-28.819018785872927,0.03959494347387427,2117.0499877929688,2012.0999755859375,2064.574981689453,2325.0999755859375,1802.3499755859373,1,0,0,0,260.5249938964844,-492.4000244140627,2175.988455525756,1887.1174926757808,1598.2465298258057,1.2055615824147803,30.615047973550315,407.6325073242192,1,0,0,-0.07027232387752269,0
2022-07-13,2328.0,2384.0,2085.0,2104.75,6661674,1904.462493896484,2054.727998046875,1974.935091617686,67.21824404941444,35.527211085214276,-15.949772811655485,-0.08279769038021567,2122.0499877929688,2017.0999755859375,2069.574981689453,2302.5999755859375,1829.25,1,0,0,0,233.02499389648438,-275.5,2201.7398061192926,1904.462493896484,1607.1851816736753,0.8368698145948673,31.219025123943133,200.28750610351608,0,0,0,-0.368691767819913,0
2022-07-14,2160.0,2188.0,1931.0,2087.0,8953549,1923.257495117187,2039.55,1985.6079400350493,63.473509829791325,38.941598036714595,-4.97149864198147,-0.008433305618244402,2122.0499877929688,2017.0999755859375,2069.574981689453,2302.5999755859375,1801.9000244140625,1,0,0,0,233.02499389648438,-285.0999755859375,2216.765531818554,1923.257495117187,1629.7494584158203,0.77894041117759,30.52196988146747,163.7425048828129,0,0,0,-0.05792940341727726,0
2022-07-15,2115.050048828125,2175.0,2024.199951171875,2072.64990234375,16301850,1941.3274902343746,2023.5069970703125,1993.897650731116,59.62014868753993,40.028171498654046,4.028435386145633,-0.00687594521142787,2122.7000122070312,2017.0999755859375,2069.8999938964844,2302.5999755859375,1812.6500244140625,1,0,0,0,232.69998168945312,-259.9998779296875,2224.726592887094,1941.3274902343746,1657.9283875816557,0.7316916512440398,29.196424001444964,131.32241210937536,0,0,0,-0.047248759933550266,1
2022-07-18,2104.699951171875,2132.60009765625,2072.64990234375,2093.25,3663774,1958.8074890136716,2011.2439990234375,2003.3597792329147,61.20478764858858,42.06662662803774,11.636073634524054,0.0099390146078,2127.0,2017.0999755859375,2072.0499877929688,2302.5999755859375,1757.5999755859375,1,0,0,0,230.54998779296875,-335.6500244140625,2234.295535308131,1958.8074890136716,1683.319442719212,0.74400788490588,28.128138966139797,134.44251098632844,0,0,0,0.012316233661840204,1
2022-07-19,2074.0,2118.0,2070.550048828125,2109.0,2034492,1973.8024902343745,2003.69,2013.4207526393038,62.54842539688357,44.44072535757755,18.197003979134756,0.007524184879971418,2138.2750244140625,2017.0999755859375,2077.6875,2245.0999755859375,1798.699951171875,1,0,0,0,167.4124755859375,-310.300048828125,2247.706403241537,1973.8024902343745,1699.8985772272124,0.7467973317381743,27.753933269649306,135.19750976562545,0,0,0,0.0027894468322943178,0
2022-07-20,2134.85009765625,2146.0,2056.0,2084.300048828125,1925776,1991.212493896484,1992.415,2020.171161800144,59.400828944485184,43.82396073188124,23.322395329684056,-0.011711688559447597,2138.5,2017.0999755859375,2077.7999877929688,2194.7999267578125,1788.75,1,0,0,0,116.99993896484375,-295.550048828125,2246.0700338037304,1991.212493896484,1736.3549539892372,0.6826266449984562,25.59822627554242,93.08755493164108,0,0,0,-0.06417068673971815,1
2022-07-21,2091.0,2127.0,2063.14990234375,2109.75,1538537,2006.862493896484,1985.8739990234376,2028.7024797239399,58.97199474596948,44.87151776270275,27.632219816287797,0.01221031069215961,2147.4000244140625,2017.0999755859375,2082.25,2185.0999755859375,1757.8499755859375,1,0,0,0,102.8499755859375,-351.9000244140625,2250.213621717445,2006.862493896484,1763.511366075523,0.7113972247114724,24.25189852927845,102.88750610351599,0,0,0,0.02877057971301622,1
2022-07-22,2125.0,2134.0,2095.10009765625,2120.449951171875,1403033,2020.0049926757808,1984.8519970703126,2037.4403341475527,65.8991732126741,46.03445435882145,31.31266672479453,0.00507166781461077,2157.5,2017.0999755859375,2087.2999877929688,2185.0999755859375,1711.0999755859375,1,0,0,0,97.79998779296875,-409.3499755859375,2258.0248080917554,2020.0049926757808,1781.985177259806,0.7110012528170226,23.56626011113804,100.44495849609416,0,0,0,-0.00039597189444973147,1
2022-07-25,2124.85009765625,2160.0,2115.75,2137.60009765625,1166283,2031.0024963378903,1981.97,2046.9793592436192,67.30259764854594,47.7890807065703,34.607949521149685,0.008087975137020864,2157.5,2030.5250244140625,2094.0125122070312,2097.5999755859375,1711.25,1,1,0,0,3.58746337890625,-426.35009765625,2269.4140439209805,2031.0024963378903,1792.5909487548001,0.7235579660444273,23.477228414339333,106.5976013183597,0,0,0,0.012556713227404703,0
2022-07-26,2144.0,2148.0,2085.25,2103.64990234375,1105230,2040.6924926757813,1978.3269970703125,2052.376553824584,63.12954466974104,45.91090536199704,36.868540689319154,-0.015882388548599136,2059.5,2052.0250244140625,2055.7625122070312,2043.5999755859375,1743.6500244140625,1,1,0,1,12.16253662109375,-359.9998779296875,2274.3255904333896,2040.6924926757813,1807.059394918173,0.6347356394967769,22.897432964166562,62.957409667968705,0,0,0,-0.08882232654765043,0
2022-07-27,2105.0,2114.199951171875,2090.0,2099.199951171875,854297,2050.567492675781,1972.388994140625,2056.8359250005165,62.468739478087436,43.56121740183107,38.20707603182154,-0.0021153477900087703,2099.5999755859375,2052.0250244140625,2075.8125,2043.5999755859375,1809.0999755859373,1,1,0,1,32.2125244140625,-290.0999755859377,2276.4329417577674,2050.567492675781,1824.7020435937948,0.6076580297999473,22.029555222028314,48.63245849609393,0,0,0,-0.027077609696829597,1
2022-07-28,2117.0,2159.0,2110.050048828125,2143.949951171875,1108183,2061.284991455078,1968.9179931640624,2065.132498921598,64.05116626451003,44.7936702261818,39.5243948706936,0.021317645312929123,2108.0,2058.0,2083.0,2043.5999755859375,1736.0999755859375,1,1,0,1,39.4000244140625,-407.8499755859375,2283.485735471494,2061.284991455078,1839.084247438662,0.6860141379875166,21.559439372773262,82.66495971679706,0,0,0,0.07835610818756933,1
2022-07-29,2155.10009765625,2231.949951171875,2150.14990234375,2174.699951171875,1608323,2071.8374877929687,1966.938994140625,2075.5674943740055,46.96419045457125,47.70178944496138,41.159873785547155,0.014342685557184875,2143.9749755859375,2093.2750244140625,2118.625,2029.9749755859375,1796.75,1,1,0,1,88.6500244140625,-377.949951171875,2294.534194516028,2071.8374877929687,1849.140781069909,0.7309474282141583,21.49750721619463,102.86246337890634,0,0,0,0.04493329022664161,1
2022-08-01,2190.0,2290.949951171875,2170.800048828125,2273.699951171875,2239475,2091.3424865722654,1967.4459912109376,2094.4372521642786,48.08409613806081,57.33405618964662,44.394710266367056,0.045523521507715214,2173.4749755859375,2122.0499877929688,2147.762481689453,2029.9749755859375,1857.5999755859373,1,1,0,1,117.78750610351562,-416.0999755859377,2313.0067865839637,2091.3424865722654,1869.6781865605672,0.9113370186132491,21.198278276745445,182.35746459960956,0,0,0,0.18038959039909086,1
2022-08-02,2285.10009765625,2317.85009765625,2250.199951171875,2296.14990234375,1655242,2112.32998046875,1970.64298828125,2113.6479807528,75.06544728599985,66.01820366213224,48.719408945520094,0.009873752761574428,2190.5,2122.0499877929688,2156.2749938964844,2017.0999755859375,1917.6500244140625,1,1,0,1,139.17501831054688,-378.4998779296875,2328.0203265733653,2112.32998046875,1896.6396343641347,0.9261199566758603,20.422031415446856,183.8199218750001,0,0,0,0.014782938062611217,0
2022-08-03,2300.0,2311.64990234375,2169.0,2204.60009765625,2307959,2127.3749877929686,1970.98798828125,2122.310087124557,62.90606589651998,64.76656038303008,51.928839233022096,-0.03987100519615572,2201.550048828125,2122.0499877929688,2161.800018310547,2017.0999755859375,1909.8499755859373,1,1,0,1,144.70004272460938,-294.7501220703127,2323.8803910302877,2127.3749877929686,1930.8695845556497,0.6964961486835474,18.473978904977372,77.22510986328143,0,0,0,-0.22962380799231297,0
2022-08-04,2234.75,2277.75,2160.050048828125,2190.949951171875,2039481,2141.4374877929686,1971.5269873046875,2128.8472170338255,63.0028589507377,61.958947149845244,53.93486081638673,-0.006191665553715087,2201.550048828125,2122.0499877929688,2161.800018310547,2017.0999755859375,1901.699951171875,1,1,0,1,144.70004272460938,-289.25,2312.1865105034603,2141.4374877929686,1970.6884650824768,0.6449860813050033,15.947140524421377,49.51246337890643,0,0,0,-0.05151006737854402,0
2022-08-05,2201.64990234375,2209.85009765625,2070.0,2106.199951171875,1719376,2150.6974853515626,1970.3219873046876,2126.6903345707824,51.247466520917634,52.29248154379093,53.606384961867576,-0.038681851200968675,2193.925048828125,2122.0499877929688,2157.987518310547,2017.0999755859375,1929.5999755859373,1,0,0,1,140.88754272460938,-176.59997558593773,2289.7731414887053,2150.6974853515626,2011.62182921442,0.3400240005489943,12.933074696407967,-44.49753417968759,0,0,0,-0.30496208075600906,1
2022-08-08,2108.5,2183.0,2106.25,2165.199951171875,1151202,2148.589978027344,1970.59298828125,2130.3579171042197,54.997327609076315,48.82966682059987,52.65104133361404,0.028012535071597844,2193.925048828125,2122.0499877929688,2157.987518310547,2017.0999755859375,1963.6500244140625,1,1,0,1,140.88754272460938,-201.5499267578125,2285.427225837562,2148.589978027344,2011.7527302171256,0.5606924408753372,12.737399802623193,16.609973144531068,0,0,0,0.22066844032634292,0
2022-08-10,2184.89990234375,2198.0,2151.0,2164.949951171875,907527,2142.0999755859375,1976.11298828125,2133.6523965392344,57.49743308546305,45.54022888282179,51.2288788434556,-0.0001154627774052619,2193.925048828125,2122.7000122070312,2158.312530517578,2017.0999755859375,1883.5999755859373,1,1,0,1,141.21255493164062,-281.3499755859377,2261.836900555497,2142.0999755859375,2022.3630506163784,0.5954174144347976,11.179396511295614,22.8499755859375,0,0,1,0.03472497355946036,0
2022-08-11,2180.0,2194.85009765625,2155.050048828125,2164.89990234375,782241,2145.107470703125,1982.4429858398437,2136.628349472998,55.38100120247966,42.44006445089053,49.471115964942584,-2.3117776047354432e-05,2193.925048828125,2127.0,2160.4625244140625,2017.0999755859375,1876.4000244140625,1,1,0,1,143.362548828125,-288.4998779296875,2263.959118947583,2145.107470703125,2026.2558224586664,0.5832652804272238,11.0811835647098,19.792431640625182,0,0,1,-0.012152134007573756,1
2022-08-12,2170.0,2195.0,2152.14990234375,2176.0,519745,2149.557470703125,1987.4469848632812,2140.3780304755696,55.41581474173286,40.41299111126227,47.65949099420653,0.00512730295023478,2193.925048828125,2138.2750244140625,2166.1000366210938,2017.0999755859375,1903.699951171875,1,1,0,1,149.00006103515625,-272.300048828125,2266.0138072992636,2149.557470703125,2033.1011341069866,0.613529800394527,10.835377809930838,26.44252929687491,0,0,1,0.03026451996730317,1
2022-08-16,2188.85009765625,2227.800048828125,2174.14990234375,2218.199951171875,1240364,2156.8349731445314,1994.6929833984375,2147.7896419704557,57.49208324652932,41.73065920234376,46.473724635833975,0.019393359913545405,2193.925048828125,2138.5,2166.2125244140625,2017.0999755859375,1909.699951171875,1,1,0,1,149.112548828125,-308.5,2271.3322804362074,2156.8349731445314,2042.3376658528557,0.7679756383747062,10.617159747251861,61.36497802734357,0,0,1,0.1544458379801792,1
2022-08-17,2223.300048828125,2256.449951171875,2207.14990234375,2227.050048828125,1118867,2163.5249755859377,2003.1869848632812,2155.3382521473764,62.031994416378744,42.99344787075688,45.77766928281856,0.003989765508548793,2190.824951171875,2147.4000244140625,2169.1124877929688,2017.0999755859375,1921.0,1,1,0,1,152.01251220703125,-306.050048828125,2278.0152828397513,2163.5249755859377,2049.034668332124,0.7774255514109092,10.583682513099415,63.52507324218732,0,0,1,0.009449913036203017,1
2022-08-18,2227.699951171875,2343.699951171875,2201.0,2296.35009765625,2878895,2172.89248046875,2012.5289868164064,2168.7679517196502,67.06483999737961,49.02106741354373,46.4263489089636,0.031117418696805066,2206.8499755859375,2157.5,2182.1749877929688,2017.0999755859375,2207.35009765625,1,1,0,1,165.07501220703125,-89.0,2298.1559543237554,2172.89248046875,2047.6290066137444,0.9927917667779368,11.529652293516417,123.45761718750009,0,0,0,0.2153662153670276,1
2022-08-19,2315.0,2484.0,2315.0,2411.35009765625,7397150,2189.244982910156,2024.71798828125,2191.8710132374217,70.63590724090257,62.358705888222175,49.612820304815315,0.0500794718180706,2277.0,2207.5,2242.25,2067.0999755859375,2294.75,1,1,0,1,175.1500244140625,-116.60009765625,2345.5267917939377,2189.244982910156,2032.9631740263746,1.2105917071617132,14.277233484946636,222.10511474609393,1,0,0,0.21779994038377637,1
2022-08-22,2450.0,2560.0,2442.10009765625,2519.75,4743410,2209.744982910156,2038.8599877929687,2223.0975834052865,73.77851461697466,80.74506777599663,55.83926979905158,0.04495402905165502,2333.125,2245.5,2289.3125,2105.0999755859375,2104.75,1,1,0,1,184.2125244140625,-415.0,2417.893551463295,2209.744982910156,2001.5964143570172,1.2446724693922213,18.839148423273215,310.00501708984393,1,0,0,0.034080762230508155,0
2022-08-23,2547.0,2572.0,2347.0,2412.89990234375,5363755,2224.36748046875,2051.965986328125,2241.173994732759,59.490041135057275,85.70651083485427,61.81271800621212,-0.04240503925240602,2361.5,2298.0999755859375,2329.7999877929688,2111.0999755859375,2087.0,1,1,0,1,218.70001220703125,-325.89990234375,2446.0208598039226,2224.36748046875,2002.714101133577,0.9252865948637562,19.92956481169765,188.53242187500018,0,0,0,-0.3193858745284651,0
2022-08-24,2412.0,2412.89990234375,2294.0,2358.85009765625,3600804,2235.42998046875,2063.1689892578124,2252.3812426302347,54.098051981209146,84.30530361718002,66.31123512840571,-0.022400350978090344,2362.074951171875,2314.0,2338.0374755859375,2111.0999755859375,2072.64990234375,1,1,0,1,226.9375,-286.2001953125,2460.7122568839077,2235.42998046875,2010.147704053592,0.7739232733960335,20.155610185376343,123.42011718750018,0,0,0,-0.1513633214677227,1
2022-08-25,2358.0,2432.949951171875,2316.60009765625,2368.300048828125,2609271,2248.662487792969,2074.759990234375,2263.421128934796,61.98564329020981,83.0005897524602,69.64910605321661,0.0040061685909014155,2362.074951171875,2314.0,2338.0374755859375,2111.0999755859375,2093.25,1,1,0,1,226.9375,-275.050048828125,2472.51377834429,2248.662487792969,2024.8111972416477,0.7672255333898274,19.90972782856605,119.63756103515607,0,0,0,-0.006697740006206154,1
2022-08-26,2392.0,2429.699951171875,2376.050048828125,2392.75,1385038,2263.339990234375,2087.457990722656,2275.7381642743394,64.5451969895069,82.98292582369868,72.31587000731304,0.010323840167116183,2373.074951171875,2314.0,2343.5374755859375,2111.0999755859375,2109.0,1,1,0,1,232.4375,-283.75,2484.5460395051437,2263.339990234375,2042.1339409636064,0.7925101058317349,19.546868806737443,129.4100097656251,0,0,0,0.025284572441907516,0
2022-08-29,2300.0,2375.0,2265.39990234375,2337.85009765625,1378247,2273.0349975585937,2099.9929931640627,2281.653586501188,67.44748042479779,77.64393280566674,73.38148256698378,-0.022944270125901167,2386.5,2317.574951171875,2352.0374755859375,2111.0999755859375,2084.300048828125,1,0,0,1,240.9375,-253.550048828125,2489.404354219951,2273.0349975585937,2056.6656408972362,0.6497788344379545,19.037925671514426,64.81510009765634,0,0,0,-0.1427312713937804,1
2022-08-30,2372.449951171875,2450.0,2365.050048828125,2436.199951171875,3234492,2286.109997558594,2114.4919921875,2296.3722878983963,69.26906377308522,80.42170228502846,74.78952651059272,0.042068502858341184,2386.5,2321.0,2353.75,2111.0999755859375,2109.75,1,1,0,1,242.6500244140625,-326.449951171875,2508.6464668170024,2286.109997558594,2063.5735283001854,0.8372255210875059,19.468570584622956,150.08995361328107,0,0,0,0.18744668664955144,0
2022-09-01,2431.5,2431.5,2375.10009765625,2393.10009765625,1178816,2292.0800048828123,2127.480993652344,2305.584460256287,65.29054894939785,78.24336581564648,75.48029437160348,-0.017691426968009294,2418.699951171875,2321.0,2369.8499755859375,2111.0999755859375,2120.449951171875,1,1,0,1,258.75,-272.650146484375,2519.321045748477,2292.0800048828123,2064.8389640171476,0.722275193751547,19.828369025651256,101.02009277343768,0,0,0,-0.11495032733595889,0
2022-09-02,2424.85009765625,2446.89990234375,2350.35009765625,2383.10009765625,1470217,2296.4275146484374,2138.96099609375,2312.966901913426,64.43123916948214,74.84730885740555,75.3536972687639,-0.004178680202217122,2418.699951171875,2321.0,2369.8499755859375,2124.5250244140625,2137.60009765625,1,1,0,1,245.324951171875,-245.5,2527.11454491605,2296.4275146484374,2065.740484380825,0.6878575117709621,20.09094811798827,86.67258300781259,0,0,0,-0.034417681980584924,0
2022-09-05,2402.5,2416.85009765625,2343.0,2353.800048828125,962996,2303.8875122070312,2151.314997558594,2316.8557730481593,61.48283209628393,68.99629385417575,74.08221658584627,-0.01229492997668924,2418.699951171875,2321.0,2369.8499755859375,2146.0250244140625,2103.64990234375,1,0,0,1,223.824951171875,-250.150146484375,2531.8475225438046,2303.8875122070312,2075.927501870258,0.6094765185949855,19.78916150453864,49.91253662109375,0,0,0,-0.07838099317597658,1
2022-09-06,2379.89990234375,2411.35009765625,2362.10009765625,2374.89990234375,1124530,2313.085009765625,2162.8779956054686,2322.3837853620253,60.40367037908124,65.3090619371751,72.32758565611203,0.008964165637658894,2357.699951171875,2321.0,2339.3499755859375,2146.0250244140625,2099.199951171875,1,1,0,1,193.324951171875,-275.699951171875,2536.8817117955077,2313.085009765625,2089.288307735742,0.6381050123112878,19.350495211808862,61.81489257812518,0,0,0,0.028628493716302272,0
2022-09-07,2372.5,2404.89990234375,2338.85009765625,2346.949951171875,1318939,2325.122509765625,2172.6649951171876,2324.7234202010586,57.76353429480532,59.446316473538445,69.75133181959731,-0.011768896509824156,2357.699951171875,2321.0,2339.3499755859375,2152.0,2143.949951171875,1,1,0,1,187.3499755859375,-203.0,2528.037367703317,2325.122509765625,2122.207651827933,0.5537847292901348,17.45412184394069,21.827441406249818,0,0,0,-0.08432028302115302,0
2022-09-08,2370.0,2378.0,2316.0,2334.050048828125,983638,2333.5650146484377,2180.992995605469,2325.6116705464938,52.633417158012534,53.14649443929602,66.43036434353705,-0.0054964539560414805,2357.699951171875,2321.0,2339.3499755859375,2187.2750244140625,2174.699951171875,1,0,0,1,152.074951171875,-159.35009765625,2522.7480774696014,2333.5650146484377,2144.381951827274,0.5012819175576669,16.214081170535977,0.4850341796873181,0,0,0,-0.05250281173246785,0
2022-09-09,2368.0,2377.949951171875,2301.550048828125,2315.89990234375,1264789,2341.112512207031,2189.113994140625,2324.6867402414705,42.289335504351506,46.157203445744926,62.375732163978626,-0.007776245626561318,2357.699951171875,2321.0,2339.3499755859375,2216.0499877929688,2273.699951171875,1,0,0,1,123.29998779296875,-42.199951171875,2514.140185407345,2341.112512207031,2168.084839006717,0.42714283964827826,14.781662333451548,-25.21260986328116,0,0,0,-0.07413907790938867,1
2022-09-12,2331.0,2365.85009765625,2316.14990234375,2355.949951171875,947489,2350.6650146484376,2198.198994140625,2327.6641889015086,35.125296252530205,43.35013088214964,58.57061190761283,0.017293514623664574,2375.7750244140625,2321.0,2348.3875122070312,2216.0499877929688,2296.14990234375,1,1,0,1,132.3375244140625,-59.800048828125,2503.659876083662,2350.6650146484376,2197.6701532132133,0.517271614464238,13.01715561186467,5.284936523437409,0,0,0,0.09012877481595971,0
2022-09-13,2387.85009765625,2390.0,2313.10009765625,2335.64990234375,929989,2358.647509765625,2206.319992675781,2328.424733038865,41.67653121458628,39.03746180606777,54.66398188730382,-0.008616502578090657,2374.2249755859375,2321.0,2347.6124877929688,2216.0499877929688,2204.60009765625,1,0,0,1,131.5625,-131.0498046875,2489.3994273939193,2358.647509765625,2227.8955921373304,0.4120563283543836,11.087024838339415,-22.997607421874818,0,0,1,-0.10521528610985437,0
2022-09-14,2200.0,2333.0,2200.0,2293.60009765625,1342814,2362.417517089844,2212.918994140625,2325.108101097663,42.78286708641311,31.85931828926732,50.103049167696526,-0.018003470745039496,2323.449951171875,2321.0,2322.2249755859375,2216.0499877929688,2190.949951171875,1,0,0,1,106.17498779296875,-102.650146484375,2480.4867423943824,2362.417517089844,2244.3482917853053,0.20857173299777507,9.995627314005255,-68.81741943359384,0,0,1,-0.20348459535660854,1
2022-09-15,2315.0,2358.39990234375,2289.550048828125,2343.89990234375,1883386,2368.260009765625,2222.1249926757814,2326.8977964544333,47.524833883546364,29.884867551298157,46.059412844416855,0.02193050337715796,2308.425048828125,2339.125,2323.7750244140625,2216.0499877929688,2106.199951171875,0,1,0,1,107.72503662109375,-237.699951171875,2469.292248183899,2368.260009765625,2267.227771347351,0.37944388938002144,8.532191398044404,-24.360107421875,0,0,1,0.17087215638224637,0
2022-09-16,2333.0,2344.75,2290.300048828125,2316.60009765625,2122791,2369.272509765625,2230.928994140625,2325.9170632355585,42.31971231978126,25.81960272395736,42.01145082032496,-0.011647171732974582,2305.675048828125,2361.5,2333.5875244140625,2216.0499877929688,2165.199951171875,0,0,0,1,117.53753662109375,-151.400146484375,2467.7760872982253,2369.272509765625,2270.7689322330243,0.232637060354775,8.315090571185056,-52.67241210937482,0,0,1,-0.14680682902524644,1
2022-09-19,2326.0,2368.60009765625,2292.300048828125,2346.35009765625,2109109,2366.022509765625,2239.7819970703126,2327.86306651372,50.90310410910295,24.7135450646565,38.55186966919127,0.012842095634071127,2302.449951171875,2362.074951171875,2332.262451171875,2216.7000122070312,2164.949951171875,0,1,0,1,115.56243896484375,-181.400146484375,2463.036361877397,2366.022509765625,2269.0086576538524,0.3986102928543149,8.200585726581483,-19.672412109374818,0,0,1,0.16597323249953988,1
2022-09-20,2370.39990234375,2430.0,2357.050048828125,2399.949951171875,3222826,2360.032507324219,2249.5869970703125,2334.728484100211,45.74379772031752,27.84111162269346,36.40971805989171,0.022843928350319676,2315.0,2362.074951171875,2338.5374755859375,2221.0,2164.89990234375,0,1,0,1,117.5374755859375,-235.050048828125,2429.1118312199815,2360.032507324219,2290.953183428456,0.7889246853942119,5.854099355104568,39.91744384765616,0,0,1,0.390314392539897,0
2022-09-21,2409.699951171875,2437.0,2312.10009765625,2362.800048828125,2727517,2357.5275146484373,2258.422998046875,2337.4019664552507,46.391985148034166,27.010681683504117,34.52991078461419,-0.015479448780008953,2318.5,2373.074951171875,2345.7874755859375,2232.2750244140625,2176.0,0,1,0,1,113.512451171875,-186.800048828125,2422.253032047975,2357.5275146484373,2292.8019972488996,0.5407299500376442,5.490966022442354,5.272534179687682,0,0,1,-0.24819473535656766,1
2022-09-22,2369.89990234375,2389.0,2325.0,2363.60009765625,1760549,2357.7650146484375,2261.547998046875,2339.8970265696316,47.62599986684294,26.116067458935504,32.847142119478455,0.00033860200253577055,2318.5,2386.0,2352.25,2232.5,2218.199951171875,0,1,0,1,119.75,-145.400146484375,2422.5430385867508,2357.7650146484375,2292.9869907101242,0.5450390630421911,5.494866836674324,5.8350830078125,0,0,1,0.004309113004546838,0
2022-09-23,2364.0,2378.0,2305.0,2323.85009765625,1562228,2355.542517089844,2262.13,2338.3687476255,46.444258553634235,21.946599705111566,30.66703363660508,-0.01681756572925186,2318.5,2386.0,2352.25,2241.4000244140625,2227.050048828125,0,0,0,1,110.8499755859375,-96.800048828125,2421.756422983129,2355.542517089844,2289.3286111965585,0.2606815441104514,5.621966524729879,-31.69241943359384,0,0,1,-0.28435751893173966,0
2022-09-26,2299.800048828125,2299.800048828125,2181.0,2210.35009765625,1865096,2346.4225219726563,2264.242001953125,2326.176495247476,33.97916232865445,9.375687935533279,26.408764496390724,-0.04884136034181896,2309.0,2376.5,2342.75,2251.5,2296.35009765625,0,0,1,1,91.25,86.0,2435.8142020395912,2346.4225219726563,2257.0308419057214,-0.26110228722917916,7.619401811041482,-136.07242431640634,0,1,1,-0.5217838313396306,0
2022-09-27,2230.949951171875,2269.85009765625,2126.449951171875,2146.300048828125,855872,2336.84501953125,2265.4280029296874,2309.0454051122997,31.747465092272947,-5.68956806322376,19.98909798446783,-0.028977332095960984,2281.7249755859375,2349.2249755859375,2315.4749755859375,2251.5,2411.35009765625,0,0,1,1,63.9749755859375,265.050048828125,2461.8212645256226,2336.84501953125,2211.868774536877,-0.2623247550432658,10.696151772995362,-190.54497070312482,0,1,1,-0.0012224678140866363,0
2022-09-28,2114.0,2143.800048828125,2040.0,2051.050048828125,1112288,2317.5875244140625,2264.996005859375,2284.474418799521,27.61074219579939,-25.026283525916824,10.986021682390898,-0.04437869721524079,2238.5,2306.0,2272.25,2251.5,2519.75,0,0,1,1,20.75,468.699951171875,2486.39845388167,2317.5875244140625,2148.776594946455,-0.2894556247825251,14.567814823760456,-266.5374755859375,0,1,0,-0.027130869739259322,0
2022-09-29,2103.85009765625,2138.0,1986.1500244140625,2004.050048828125,1909893,2298.1350219726564,2263.2120068359377,2257.7673359451023,26.405375421293996,-43.64021975992455,0.06077339392780878,-0.022915091724287073,2211.5750122070312,2218.0750122070312,2214.8250122070312,2279.0750122070312,2412.89990234375,0,0,1,0,64.25,408.849853515625,2511.452275092547,2298.1350219726564,2084.8177688527658,-0.1893136135107808,18.564379471210092,-294.08497314453143,0,1,0,0.10014201127174432,1
2022-09-30,2003.9000244140625,2404.85009765625,1995.199951171875,2260.800048828125,5911038,2292.02001953125,2266.2480078125,2258.0561657434855,44.57865782783531,-37.24498211124228,-7.400377707106209,0.12811556285739245,2211.5750122070312,2218.0750122070312,2214.8250122070312,2279.0750122070312,2358.85009765625,0,0,0,0,64.25,98.050048828125,2502.2333509018813,2292.02001953125,2081.8066881606187,0.42574217225053046,18.343062414753504,-31.219970703125,0,0,0,0.6150557857613113,0
2022-10-03,2263.85009765625,2288.800048828125,2006.0,2074.050048828125,3136977,2278.03251953125,2266.0430078125,2240.5317736563084,37.47126259377146,-46.707459940779245,-15.261794153840818,-0.08260350140066608,2211.5750122070312,2218.0750122070312,2214.8250122070312,2279.0750122070312,2368.300048828125,0,0,1,0,64.25,294.25,2506.387224502746,2278.03251953125,2049.6778145597536,0.053364861195685814,20.048414850415273,-203.98247070312482,0,0,0,-0.3723773110548446,1
2022-10-04,2154.0,2235.949951171875,2037.5,2134.199951171875,3959850,2265.997521972656,2266.5320068359374,2230.4049334196957,42.4959871127877,-48.79052061808579,-21.967539446689813,0.029001181710988977,2195.5000610351562,2218.0750122070312,2206.7875366210938,2279.0750122070312,2392.75,0,0,1,0,72.2874755859375,258.550048828125,2498.0048714063755,2265.997521972656,2033.9901725389368,0.21596250911345907,20.477281831424616,-131.79757080078116,0,0,0,0.16259764791777326,1
2022-10-06,2162.949951171875,2228.0,2155.199951171875,2201.699951171875,2419573,2258.7350219726563,2268.1570068359374,2227.67112558657,43.41239650371843,-44.48191550066986,-26.470414657485826,0.03162777693952079,2195.5000610351562,2218.0750122070312,2206.7875366210938,2279.0750122070312,2337.85009765625,0,0,1,0,72.2874755859375,136.150146484375,2489.240143238509,2258.7350219726563,2028.2299007068034,0.37628242164953923,20.41010734092591,-57.03507080078134,0,0,0,0.16031991253608016,1
2022-10-07,2209.0,2218.10009765625,2172.0,2204.14990234375,1190454,2252.2400146484374,2269.4880029296874,2225.4310090872536,44.66782556993174,-40.40387361433159,-29.257106448854977,0.0011127543381064253,2195.5000610351562,2216.5249633789062,2206.0125122070312,2279.0750122070312,2436.199951171875,0,0,1,0,73.0625,232.050048828125,2481.2057475696574,2252.2400146484374,2023.2742817272174,0.39498404042574853,20.332267558700696,-48.09011230468741,0,0,0,0.018701618776209294,0
2022-10-10,2184.199951171875,2184.75,1763.3499755859375,2155.89990234375,905480,2244.2400146484374,2270.5330029296874,2218.808998921206,41.12492439932447,-40.59738639723673,-31.525162438531332,-0.021890525661931615,2084.1000366210938,2105.1249389648438,2094.6124877929688,2167.6749877929688,2393.10009765625,0,0,0,0,73.0625,237.2001953125,2474.9239413526007,2244.2400146484374,2013.5560879442744,0.30852564466275567,20.557865932205118,-88.34011230468741,0,0,0,-0.08645839576299286,0
2022-10-11,2190.0,2199.0,2112.10009765625,2128.800048828125,1352289,2232.88251953125,2271.1250048828124,2210.23671795996,37.044293647279275,-42.44816237486475,-33.70976242579802,-0.0125700889388064,2084.1000366210938,2100.1749877929688,2092.1375122070312,2167.6749877929688,2383.10009765625,0,0,0,0,75.5374755859375,254.300048828125,2462.814158103259,2232.88251953125,2002.950880959241,0.2736664876797089,20.595050259991172,-104.08247070312518,0,0,0,-0.03485915698304676,0
2022-10-12,2147.800048828125,2167.800048828125,2088.050048828125,2099.10009765625,1256878,2221.055029296875,2270.2280078125,2199.6522779310353,37.309912746140924,-45.78368766592075,-36.12454747382257,-0.013951498727287404,2084.1000366210938,2100.1749877929688,2092.1375122070312,2167.6749877929688,2353.800048828125,0,0,0,0,75.5374755859375,254.699951171875,2452.9522492068045,2221.055029296875,1989.1578093869455,0.23704960394093313,20.881717638787343,-121.95493164062509,0,0,0,-0.03661688373877578,0
2022-10-13,2115.0,2115.0,2071.10009765625,2083.35009765625,735633,2210.542529296875,2268.4010107421873,2188.575879809627,36.70477357077104,-49.131649786652815,-38.72596793638862,-0.007503215314784484,2084.1000366210938,2100.1749877929688,2092.1375122070312,2167.6749877929688,2374.89990234375,0,0,1,0,75.5374755859375,291.5498046875,2447.342534001121,2210.542529296875,1973.7425245926286,0.23143490474275322,21.42460518771987,-127.19243164062482,0,0,0,-0.005614699198179918,0
2022-10-14,2154.949951171875,2154.949951171875,2000.0,2033.1500244140625,949504,2195.0050354003906,2263.590012207031,2173.773417391002,36.34441313171314,-55.19935643860708,-42.02064563683231,-0.024095841260027395,2026.0750122070312,2100.1749877929688,2063.125,2167.6749877929688,2346.949951171875,0,0,1,0,104.54998779296875,313.7999267578125,2435.5156790944384,2195.0050354003906,1954.4943917063429,0.16351798718683117,21.914359175962094,-161.85501098632812,0,0,0,-0.06791691755592205,1
2022-10-17,2044.0999755859373,2198.0,2035.0,2154.449951171875,2910329,2186.897528076172,2260.756013183594,2171.9330872748947,47.39320267867104,-49.64785773294943,-43.54608805605574,0.0596610802455515,1999.6499633789062,2100.1749877929688,2049.9124755859375,2167.6749877929688,2334.050048828125,0,0,0,0,117.76251220703125,179.60009765625,2421.3208933118744,2186.897528076172,1952.4741628404697,0.43079278409028793,21.438898002864004,-32.447576904296966,0,0,0,0.2672747969034568,0
2022-10-18,2184.39990234375,2215.39990234375,2135.0,2153.75,2404969,2177.2675231933595,2259.739011230469,2170.2013646772857,50.36923001717224,-44.788441943276666,-43.79455883349993,-0.00032488625298265905,1995.6749877929688,2100.1749877929688,2047.9249877929688,2167.6749877929688,2315.89990234375,0,0,0,0,119.75,162.14990234375,2400.243067876255,2177.2675231933595,1954.291978510464,0.4472643441082184,20.48214491858686,-23.517523193359466,0,0,0,0.016471560017930487,0
2022-10-19,2169.0,2181.75,2105.0,2119.800048828125,1373248,2163.2600280761717,2258.316013183594,2165.401239358318,53.627778580801674,-43.179055968574175,-43.67145826051478,-0.015763181043238483,1990.7250366210938,2100.1749877929688,2045.4500122070312,2167.6749877929688,2355.949951171875,0,0,0,0,122.2249755859375,236.14990234375,2362.4490418914534,2163.2600280761717,1964.0710142608903,0.39090769009893905,18.415633001126004,-43.45997924804669,0,0,0,-0.05635665400927936,1
2022-10-20,2101.0,2151.0,2090.0,2138.89990234375,1003651,2152.065020751953,2258.9700122070312,2162.8773024997877,57.3315902480671,-39.90243697895903,-42.917654004203634,0.00901021467858909,1989.3749389648438,2100.1749877929688,2044.7749633789062,2167.6749877929688,2335.64990234375,0,0,0,0,122.9000244140625,196.75,2329.068946238224,2152.065020751953,1975.061095265682,0.46281122474534026,16.449681936136294,-13.165118408202943,0,0,0,0.0719035346464012,0
2022-10-21,2149.60009765625,2164.5,2075.25,2105.300048828125,5902738,2139.150018310547,2257.7720141601562,2157.3937545310578,38.83703061593256,-39.56088691735613,-42.24630058683413,-0.01570894153522906,2107.699951171875,2100.1749877929688,2103.937469482422,2167.6749877929688,2293.60009765625,1,0,0,0,63.737518310546875,188.300048828125,2287.982727258981,2139.150018310547,1990.3173093621124,0.38628182030151187,13.915125884062965,-33.849969482421784,0,0,0,-0.07652940444382839,1
2022-10-24,2130.0,2134.449951171875,2116.0,2121.25,120561,2129.0200134277343,2256.8980151367186,2153.9514921947666,54.48925445277495,-37.57009361985547,-41.311059193438396,0.007576094049279725,2107.699951171875,2100.1749877929688,2103.937469482422,2167.6749877929688,2343.89990234375,1,0,0,0,63.737518310546875,222.64990234375,2251.4208529929438,2129.0200134277343,2006.6191738625248,0.468259966780723,11.498326816396942,-7.770013427734284,0,0,0,0.08197814647921114,0
2022-10-25,2129.89990234375,2141.25,2071.199951171875,2079.89990234375,960922,2122.4975036621095,2255.198015136719,2146.898959828003,44.64390297939564,-38.88078935513431,-40.82500522577758,-0.019493269372421906,2107.699951171875,2100.1749877929688,2103.937469482422,2167.6749877929688,2316.60009765625,1,0,1,0,63.737518310546875,236.7001953125,2240.6983223316715,2122.4975036621095,2004.2966849925474,0.3198083490544859,11.137899428915325,-42.597601318359466,0,0,0,-0.1484516177262371,1
2022-10-27,2097.14990234375,2139.0,2090.39990234375,2117.60009765625,1265324,2121.0625061035157,2254.0300170898436,2144.108592002122,41.18634223723262,-36.457178816761825,-39.951439943974435,0.01812596619193907,2107.699951171875,2100.1749877929688,2103.937469482422,2167.6749877929688,2346.35009765625,1,0,0,0,63.737518310546875,228.75,2238.7684165244596,2121.0625061035157,2003.3565956825719,0.4852921215473236,11.098768667329349,-3.462408447265716,0,0,0,0.1654837724928377,0
2022-10-28,2123.0,2124.0,2073.199951171875,2098.550048828125,879806,2123.4375061035157,2251.637019042969,2139.769683128408,39.3052545898168,-35.662534240887,-39.093658803356945,-0.008996055888554899,2125.199951171875,2100.1749877929688,2112.687469482422,2167.6749877929688,2399.949951171875,1,0,1,0,54.987518310546875,301.39990234375,2237.2493339589314,2123.4375061035157,2009.6256782481,0.390664012061175,10.719583461088913,-24.887457275390716,0,0,1,-0.09462810948614858,1
2022-10-31,2109.050048828125,2121.0,2081.0,2102.89990234375,854149,2128.379998779297,2249.154016113281,2136.258275434631,44.10848690741698,-34.286541950953506,-38.13223543287626,0.0020727899808985484,2143.2999267578125,2084.1000366210938,2113.699981689453,2167.6749877929688,2362.800048828125,1,0,1,0,53.975006103515625,259.900146484375,2228.824535052267,2128.379998779297,2027.9354625063263,0.37316335272681544,9.438590508328302,-25.480096435546784,0,0,1,-0.01750065933435957,1
2022-11-01,2108.0,2130.0,2086.39990234375,2121.25,1112667,2121.4024963378906,2245.6520141601563,2134.828915869428,49.14408205741362,-31.35393003667832,-36.77657435363667,0.00872609182957218,2126.4749755859375,2084.1000366210938,2105.2875061035156,2167.6749877929688,2363.60009765625,1,0,0,0,62.387481689453125,242.35009765625,2201.3869707772756,2121.4024963378906,2041.4180218985057,0.49904671288422237,7.540716537994046,-0.152496337890625,0,0,1,0.12588336015740692,1
2022-11-02,2129.0,2148.0,2111.0,2137.050048828125,912280,2124.5524963378907,2240.166013183594,2135.0404523416846,54.44222870749186,-27.438587119983822,-34.9089769069061,0.0074484614393046655,2117.8499755859375,2084.1000366210938,2100.9750061035156,2167.6749877929688,2323.85009765625,1,0,0,0,66.69998168945312,186.800048828125,2201.7428096815897,2124.5524963378907,2047.3621829941917,0.5809528550207295,7.266500919770411,12.497552490234284,0,0,1,0.0819061421365071,0
2022-11-03,2127.050048828125,2131.85009765625,2095.0,2106.699951171875,709541,2123.1774963378907,2231.905012207031,2132.341356992179,52.6428809864884,-26.479410720565284,-33.22306366963794,-0.014201865638520217,2117.8499755859375,2084.1000366210938,2100.9750061035156,2167.6749877929688,2210.35009765625,1,0,0,0,66.69998168945312,103.650146484375,2200.6107577371413,2123.1774963378907,2045.7442349386401,0.3936016327592319,7.294092136225952,-16.477545166015716,0,0,1,-0.18735122226149759,1
2022-11-04,2106.699951171875,2129.699951171875,2095.0,2121.25,777118,2119.154998779297,2226.0720141601564,2131.2850372786384,60.847079645698486,-24.265471917403374,-31.431545319191024,0.0069065596266004725,2109.5999755859375,2084.1000366210938,2096.8500061035156,2167.6749877929688,2146.300048828125,1,0,0,0,70.82498168945312,25.050048828125,2187.7026164642657,2119.154998779297,2050.607381094328,0.5152813568979985,6.469334968367535,2.095001220703125,0,0,1,0.1216797241387666,1
2022-11-07,2127.0,2184.0,2127.0,2165.699951171875,1094562,2117.232501220703,2222.2090112304686,2134.562648125613,51.70842824601367,-18.708509833780226,-28.886938222108867,0.020954602791691146,2127.5999755859375,2084.1000366210938,2105.8500061035156,2167.6749877929688,2051.050048828125,1,0,0,0,61.824981689453125,-114.64990234375,2177.8332577761525,2117.232501220703,2056.6317446652533,0.8998914593320664,5.724525437854357,48.46744995117206,0,0,1,0.3846101024340679,1
2022-11-09,2174.0,2258.800048828125,2163.60009765625,2215.5,1739571,2120.212506103516,2219.1530102539064,2142.270967351745,58.160431354784926,-10.16890875252966,-25.143332328193026,0.022994897700938655,2166.0,2084.1000366210938,2125.050018310547,2106.6749877929688,2004.050048828125,1,1,0,1,18.375030517578125,-211.449951171875,2192.801738500836,2120.212506103516,2047.6232737061957,1.1563473035155132,6.847354422102078,95.2874938964842,1,0,1,0.2564558441834468,0
2022-11-10,2225.0,2245.35009765625,2155.0,2176.0,746766,2122.5725036621093,2214.8180102539063,2145.4832561753888,57.3196053305182,-6.513450255794396,-21.4173559137133,-0.017828932520875695,2166.0,2026.0750122070312,2096.0375061035156,2106.6749877929688,2260.800048828125,1,1,0,0,10.637481689453125,84.800048828125,2199.0879793723634,2122.5725036621093,2046.0570279518552,0.849128694829056,7.20969253848721,53.427496337890716,0,0,1,-0.30721860868645723,1
2022-11-11,2207.0,2237.89990234375,2177.199951171875,2196.699951171875,770505,2127.452496337891,2211.995007324219,2150.361036651245,57.496759043172005,-1.9239815365981485,-17.51868103829027,0.009512845207663156,2169.9000244140625,2011.0750122070312,2090.487518310547,2106.6749877929688,2074.050048828125,1,1,0,0,16.187469482421875,-122.64990234375,2209.599593883851,2127.452496337891,2045.3053987919307,0.9214844888173999,7.722578782592306,69.2474548339842,0,0,1,0.07235579398834391,0
2022-11-14,2200.0,2200.0,2160.0,2178.550048828125,628699,2132.2124938964844,2206.8420092773435,2153.0457044776144,59.89730333846619,0.2458263218072716,-13.965779566270763,-0.008262349318152284,2172.5999755859375,2011.0750122070312,2091.8374938964844,2106.6749877929688,2134.199951171875,1,1,0,0,14.837493896484375,-44.35009765625,2214.6182157148005,2132.2124938964844,2049.8067720781683,0.7811549605366195,7.729597500643553,46.337554931640625,0,0,1,-0.14032952828078038,1
2022-11-15,2185.0,2212.10009765625,2171.14990234375,2196.949951171875,603539,2140.402490234375,2202.9190063476562,2157.2270613056394,60.16106061172098,3.4108152716626137,-10.490460598684088,0.008445939699043281,2176.9000244140625,2011.0750122070312,2093.987518310547,2106.6749877929688,2201.699951171875,1,1,0,0,12.687469482421875,4.75,2213.8729736358355,2140.402490234375,2066.9320068329143,0.884831147962584,6.8651091312658235,56.54746093750009,0,0,1,0.10367618742596452,0
2022-11-16,2197.0,2197.0,2090.050048828125,2110.14990234375,983542,2138.1874877929686,2197.4600024414062,2152.743522356888,53.61885223876761,-1.0725826402003804,-8.606885006987346,-0.039509342842255046,2174.425048828125,2011.0750122070312,2092.750030517578,2105.1249389648438,2204.14990234375,1,1,0,0,12.374908447265625,94.0,2212.4967373588233,2138.1874877929686,2063.878238227114,0.31134525235400917,6.950676682011321,-28.037585449218568,0,0,1,-0.5734858956085749,0
2022-11-17,2117.64990234375,2130.0,2090.0,2102.60009765625,594680,2135.629992675781,2192.4360034179685,2147.9679580996844,48.06601243493568,-5.175256789634659,-7.920559363516809,-0.003577852302869333,2174.4000244140625,2129.4000244140625,2151.9000244140625,2105.1249389648438,2155.89990234375,1,0,1,1,46.77508544921875,53.2998046875,2211.1320161986814,2135.629992675781,2060.1279691528807,0.28126483583904976,7.070702676197395,-33.02989501953107,0,0,1,-0.030080416514959407,0
2022-11-18,2113.14990234375,2122.0,2041.0,2085.39990234375,1062645,2133.9099853515627,2186.6460034179686,2142.0090956467384,48.29639225961207,-9.702720700420741,-8.276991630897596,-0.008180440651397669,2149.9000244140625,2129.4000244140625,2139.6500244140625,2100.1749877929688,2128.800048828125,1,0,1,1,39.47503662109375,43.400146484375,2212.2886611874046,2133.9099853515627,2055.5313095157207,0.19054030008485157,7.346015190320131,-48.51008300781268,0,0,1,-0.0907245357541982,0
2022-11-21,2084.89990234375,2084.89990234375,1993.300048828125,2003.300048828125,718527,2127.129992675781,2179.773005371094,2128.798710235442,39.26031227047646,-19.68858278333255,-10.559309861384587,-0.03936887760633068,2126.050048828125,2126.050048828125,2126.050048828125,2100.1749877929688,2099.10009765625,0,0,1,1,25.87506103515625,95.800048828125,2223.908889510055,2127.129992675781,2030.3510958415072,-0.13975695062790908,9.09948119461498,-123.82994384765607,0,1,1,-0.3302972507127606,0
2022-11-22,2013.3499755859373,2020.449951171875,1980.0,1986.0999755859373,629553,2121.169989013672,2172.81400390625,2115.2083545545365,35.390763613197365,-28.65997820341454,-14.179443529790579,-0.008585869726429274,2112.675048828125,2119.4000244140625,2116.0375366210938,2100.1749877929688,2083.35009765625,0,0,1,1,15.862548828125,97.25012207031273,2235.654276810049,2121.169989013672,2006.685701217295,-0.08990633574089973,10.79444725216118,-135.0700134277347,0,1,0,0.04985061488700934,1
2022-11-23,1999.949951171875,2050.0,1987.0,2036.5,637281,2116.932489013672,2167.226005859375,2107.712320787438,39.8873510430059,-31.341725052745005,-17.611899834381465,0.025376378346308348,2108.949951171875,2119.4000244140625,2114.1749877929688,2100.1749877929688,2033.1500244140625,0,0,1,1,14.0,-3.3499755859375,2237.218093533944,2116.932489013672,1996.6468844934,0.16566037002326212,11.364141761206168,-80.43248901367178,0,0,0,0.25556670576416185,1
2022-11-24,2048.800048828125,2069.0,2026.5,2043.050048828125,374383,2115.0899963378906,2160.9680078125,2101.554009172265,43.27665342335963,-32.563127093107596,-20.602145286126692,0.0032163264562361515,2096.050048828125,2119.4000244140625,2107.7250366210938,2100.1749877929688,2154.449951171875,0,0,1,1,7.550048828125,111.39990234375,2238.6719045454724,2115.0899963378906,1991.5080881303088,0.20853360109653196,11.68573520952338,-72.03994750976562,0,0,0,0.042873231073269846,0
2022-11-25,2049.0,2049.60009765625,1991.550048828125,2023.949951171875,655726,2110.4074890136717,2154.7340087890625,2094.163146505561,39.82003884590275,-34.67263076006611,-23.41624238091458,-0.00934881534948473,2096.050048828125,2119.4000244140625,2107.7250366210938,2100.1749877929688,2153.75,0,0,1,1,7.550048828125,129.800048828125,2240.1951077671906,2110.4074890136717,1980.6198702601528,0.16692686609040444,12.299768592479452,-86.4575378417967,0,0,0,-0.04160673500612752,0
2022-11-28,2034.0,2034.0,1975.0,1990.699951171875,653530,2105.0149841308594,2148.676005859375,2084.309508854734,31.251337228493583,-38.58266775543143,-26.44952745581795,-0.01642827184572826,2086.0,2116.9000244140625,2101.4500122070312,2100.1749877929688,2119.800048828125,0,0,1,1,1.2750244140625,129.10009765625,2244.894820746944,2105.0149841308594,1965.1351475147746,0.09138130368019277,13.290151155274524,-114.31503295898438,0,0,0,-0.07554556241021167,1
2022-11-29,2000.0,2030.0,1991.300048828125,2012.050048828125,499217,2100.472491455078,2142.0390087890623,2077.4276555188662,26.788368377424433,-39.50325683898927,-29.06027333245222,0.010724919967814106,2052.5,2116.9000244140625,2084.7000122070312,2100.1749877929688,2138.89990234375,0,0,1,0,15.4749755859375,126.849853515625,2246.1139445440926,2100.472491455078,1954.8310383660635,0.1964379276931886,13.867494450081864,-88.42244262695294,0,0,0,0.10505662401299583,1
2022-11-30,2019.0,2143.949951171875,2000.0,2116.5,1617289,2100.234991455078,2138.0370068359375,2081.148831183736,44.087837264149805,-31.442146690299978,-29.53664800402177,0.05191220329370516,2059.4749755859375,2116.9000244140625,2088.1875,2100.1749877929688,2105.300048828125,0,1,0,0,11.98748779296875,-11.199951171875,2245.755582666921,2100.234991455078,1954.7144002432353,0.5558855912055909,13.857553255126337,16.265008544921784,0,0,0,0.3594476635124023,0
2022-12-01,2131.550048828125,2148.39990234375,2092.60009765625,2113.550048828125,728887,2099.059991455078,2133.381005859375,2084.2346614355824,41.43579043081308,-25.003470779079635,-28.630012559033347,-0.0013937874660406857,2061.699951171875,2116.9000244140625,2089.2999877929688,2100.1749877929688,2121.25,0,1,0,0,10.875,7.699951171875,2243.7496884875122,2099.059991455078,1954.3702944226436,0.5500728720504505,13.78614214185796,14.490057373046966,0,0,0,-0.005812719155140367,0
2022-12-02,2113.0,2117.0,2051.0,2062.300048828125,527810,2096.8399963378906,2126.6280078125,2082.145650711063,38.790860181894296,-23.76230337537072,-27.65647072230082,-0.024248302058622162,2061.699951171875,2116.9000244140625,2089.2999877929688,2100.1749877929688,2079.89990234375,0,0,1,0,10.875,17.599853515625,2242.3528129333677,2096.8399963378906,1951.3271797424138,0.3813164767273175,13.879248473857189,-34.539947509765625,0,0,0,-0.16875639532313302,0
2022-12-05,2072.0,2072.0,2021.8499755859373,2042.0999755859373,505068,2092.8824951171873,2120.2140063476563,2078.3317768896222,35.12060053829619,-24.13048514534148,-26.951273606908956,-0.00979492448427477,2061.699951171875,2116.9000244140625,2089.2999877929688,2100.1749877929688,2117.60009765625,0,0,1,0,10.875,75.50012207031273,2239.8228124182247,2092.8824951171873,1945.94217781615,0.3272001841835837,14.041908004281881,-50.782519531250045,0,0,0,-0.05411629254373379,1
2022-12-06,2042.0,2077.800048828125,2024.449951171875,2063.300048828125,594052,2087.7625,2114.208005371094,2076.9001837409082,44.84883690341271,-22.452781428473372,-26.05157517122184,0.010381506045562094,2061.699951171875,2116.9000244140625,2089.2999877929688,2100.1749877929688,2098.550048828125,0,0,1,0,10.875,35.25,2231.2934976728484,2087.7625,1944.231502327151,0.41478338627718536,13.74974382122954,-24.462451171874818,0,0,0,0.08758320209360165,0
2022-12-07,2062.0,2067.0,2025.0,2032.699951171875,340020,2078.6224975585938,2108.3850024414064,2072.690637781953,42.685216836793366,-23.323502472696873,-25.50596063151685,-0.014830658136042674,2061.699951171875,2116.9000244140625,2089.2999877929688,2084.1000366210938,2102.89990234375,0,0,1,1,5.199951171875,70.199951171875,2211.3251418046216,2078.6224975585938,1945.9198533125661,0.3269719995120086,12.768325600429234,-45.92254638671875,0,0,0,-0.08781138676517675,1
2022-12-08,2042.9000244140625,2063.0,2035.550048828125,2052.699951171875,316620,2072.4574951171876,2105.2319995117186,2070.7867628667072,46.598009996245956,-22.144454829593087,-24.8336594711321,0.009839130457237388,2061.699951171875,2116.9000244140625,2089.2999877929688,2084.1000366210938,2121.25,0,0,1,1,5.199951171875,68.550048828125,2197.740705705705,2072.4574951171876,1947.1742845286701,0.4211484769088312,12.090304470291024,-19.75754394531259,0,0,0,0.09417647739682261,1
2022-12-09,2063.0,2065.0,2015.0,2053.449951171875,395043,2065.2949951171877,2103.374997558594,2069.13563794339,56.28050607522639,-20.90851203423199,-24.04862998375208,0.00036537244499457167,2069.8499755859375,2116.9000244140625,2093.375,2084.1000366210938,2137.050048828125,0,0,1,1,9.27496337890625,83.60009765625,2176.989654785559,2065.2949951171877,1953.6003354488162,0.4469757820987979,10.816339547855613,-11.845043945312682,0,0,0,0.025827305189966676,0
2022-12-12,2030.0,2053.0,2012.0999755859373,2024.050048828125,334135,2057.5699951171873,2102.834997558594,2064.841772313365,54.61174431503464,-22.047198497946283,-23.64834368659092,-0.014317321114630466,2074.199951171875,2116.9000244140625,2095.5499877929688,2084.1000366210938,2106.699951171875,0,0,1,1,11.449951171875,82.64990234375,2157.6293883748795,2057.5699951171873,1957.5106018594952,0.3324997524083755,9.725977098727407,-33.51994628906232,0,0,1,-0.11447602969042242,0
2022-12-13,2034.199951171875,2051.0,2012.0,2021.4000244140625,430094,2048.7924987792967,2103.1819970703127,2060.704462989622,47.92411844804028,-22.899479600861923,-23.498570869445125,-0.00130926822466515,2080.199951171875,2116.9000244140625,2098.5499877929688,2084.1000366210938,2121.25,0,0,1,1,14.449951171875,99.8499755859375,2126.766874938536,2048.7924987792967,1970.8181226200572,0.32434951252900557,7.6117397155346715,-27.392474365234193,0,0,1,-0.008150239879369914,0
2022-12-14,2026.4000244140625,2039.300048828125,2011.0,2018.1500244140625,324888,2044.1925048828125,2098.3289965820313,2056.651659315759,46.545504181514765,-23.565517734475634,-23.511960242451227,-0.0016077965572114383,2064.0,2116.9000244140625,2090.4500122070312,2084.1000366210938,2165.699951171875,0,0,1,1,6.3499755859375,147.5499267578125,2117.8824608784735,2044.1925048828125,1970.5025488871515,0.32329694653174007,7.209688502393311,-26.04248046875,0,0,1,-0.0010525659972654977,1
2022-12-15,2017.0,2034.8499755859373,2010.0,2024.9000244140625,351166,2040.3075012207032,2097.34599609375,2053.6276940870257,50.13648509922219,-23.280328035916682,-23.465633801144318,0.0033446472850597875,2043.9000244140625,2110.175048828125,2077.0375366210938,2084.1000366210938,2215.5,0,0,1,0,7.0625,190.5999755859375,2109.314654347274,2040.3075012207032,1971.3003480941325,0.38836319056387675,6.764387533279588,-15.407476806640716,0,0,1,0.06506624403213668,1
2022-12-16,2012.699951171875,2070.0,2000.0,2044.25,841693,2038.2500061035157,2095.5469970703125,2052.734580364452,58.012872265885555,-21.247998133769443,-23.02210666766934,0.009556015286007469,2038.9000244140625,2106.449951171875,2072.6749877929688,2026.0750122070312,2176.0,0,0,0,1,46.5999755859375,131.75,2104.1400491261275,2038.2500061035157,1972.359963080904,0.5455303534589077,6.465354380012734,5.999993896484284,0,0,1,0.1571671628950309,1
2022-12-19,2051.0,2070.89990234375,2022.0,2062.050048828125,341433,2041.1875061035157,2092.7539990234377,2053.6217678371827,57.562006235701226,-17.99362752746424,-22.01641083962832,0.008707373769414106,2035.449951171875,2093.550048828125,2064.5,2011.0750122070312,2196.699951171875,0,0,0,1,53.42498779296875,134.64990234375,2105.8092566875866,2041.1875061035157,1976.5657555194446,0.6614204392178128,6.331779945824717,20.862542724609284,0,0,1,0.11589008575890514,0
2022-12-20,2060.0,2069.0,2028.0,2061.64990234375,285591,2044.9650024414063,2089.9039990234373,2054.3863520759032,37.894498626003575,-15.270771899882675,-20.667283051679192,-0.00019405275085460083,2035.449951171875,2093.550048828125,2064.5,2011.0750122070312,2178.550048828125,0,0,0,1,53.42498779296875,116.900146484375,2104.929220626022,2044.9650024414063,1985.000784256791,0.639123800888846,5.864571580738697,16.68489990234366,0,0,1,-0.022296638328966778,0
2022-12-21,2070.949951171875,2074.949951171875,1919.050048828125,1968.25,592366,2041.5525024414062,2086.1510009765625,2046.1828899734362,27.082028876345603,-20.414159023644743,-20.616658246072305,-0.04530347380395183,1997.0,2058.0250244140625,2027.5125122070312,2011.0750122070312,2196.949951171875,0,0,1,1,16.4375,228.699951171875,2110.195301802611,2041.5525024414062,1972.9097030802013,-0.033941674316642655,6.7245686093419454,-73.3025024414062,0,1,1,-0.6730654752054887,1
2022-12-22,1980.0,2017.5,1930.0,1980.75,724864,2038.4375,2083.19,2039.9511861664423,35.34591603324699,-23.214087294129058,-21.13614405568366,0.006350819255684037,1997.0,2033.7249755859375,2015.3624877929688,2011.0750122070312,2110.14990234375,0,0,1,1,4.2874755859375,129.39990234375,2112.0035334318372,2038.4375,1964.8714665681628,0.10792027713815458,7.217884623083831,-57.6875,0,0,1,0.14186195145479724,0
2022-12-23,1970.0,1970.0,1782.0,1809.050048828125,1242927,2027.6925048828125,2077.3889990234375,2017.9606016580312,22.885414710867465,-38.84007748791578,-24.676930742130086,-0.08668431208980187,1928.4749755859375,1965.199951171875,1946.8374633789062,2020.4000244140625,2102.60009765625,0,0,1,0,73.56256103515625,293.550048828125,2151.917640549622,2027.6925048828125,1903.467369216003,-0.38002502424758616,12.252857409855533,-218.6424560546875,0,1,0,-0.48794530138574077,1
2022-12-26,1809.050048828125,1910.699951171875,1755.0,1876.8499755859373,1226600,2022.0000061035157,2073.258996582031,2004.5214944130698,30.42929749152988,-45.2314992660381,-28.78784444691169,0.03747819293431487,1914.9749755859375,1951.699951171875,1933.3374633789062,2006.9000244140625,2085.39990234375,0,0,1,0,73.56256103515625,208.54992675781273,2161.9259511064083,2022.0000061035157,1882.0740611006229,-0.018667322613320974,13.840350601436077,-145.15003051757844,0,1,0,0.36135770163426517,1
2022-12-27,1890.0,1929.949951171875,1883.25,1908.699951171875,899439,2016.832501220703,2070.7699951171876,1995.3956331520037,37.018421479065296,-47.18282597690222,-32.466840752909796,0.016969910222043305,1914.9749755859375,1951.699951171875,1933.3374633789062,2006.9000244140625,2003.300048828125,0,0,1,0,73.56256103515625,94.60009765625,2165.2240030583866,2016.832501220703,1868.4409993830195,0.135651136656371,14.715302510036752,-108.13255004882808,0,0,0,0.15431845926969195,0
2022-12-28,1908.699951171875,1943.0,1877.0,1897.8499755859373,997622,2005.9,2065.637995605469,1986.105570526664,33.4720853796741,-49.03947229595133,-35.781367061518104,-0.005684484656310773,1914.9749755859375,1951.699951171875,1933.3374633789062,2006.9000244140625,1986.0999755859373,0,0,1,0,73.56256103515625,88.25,2155.521541579353,2005.9,1856.278458420647,0.138922232475604,14.91814562833173,-108.05002441406282,0,0,0,0.0032710958192330164,1
2022-12-29,1891.0,1938.0,1865.0,1910.25,779002,1995.7349975585937,2060.767995605469,1978.8812304765054,35.08644085982685,-48.9460796035321,-38.4143095699209,0.0065337221453631855,1914.9749755859375,1951.699951171875,1933.3374633789062,2006.9000244140625,2036.5,0,0,1,0,73.56256103515625,126.25,2142.3138995312434,1995.7349975585937,1849.1560955859443,0.20839937941906317,14.689214966111358,-85.4849975585937,0,0,0,0.06947714694345916,1
2022-12-30,1930.0,1996.0,1910.0,1931.800048828125,1555688,1989.2099975585938,2057.0079956054688,1974.397308414755,40.23292747485443,-46.59602639550667,-40.05065293503806,0.011281271471338838,1914.9749755859375,1951.699951171875,1933.3374633789062,2006.9000244140625,2043.050048828125,0,0,1,0,73.56256103515625,111.25,2134.971536817886,1989.2099975585938,1843.4484582993016,0.30306894046877697,14.655218849512003,-57.40994873046884,0,0,0,0.0946695610497138,0
2023-01-02,1933.699951171875,1948.25,1880.0,1888.699951171875,695287,1981.5399963378907,2052.003996582031,1966.2356553440045,37.05870350251511,-47.66199219774626,-41.572920787579704,-0.022310848207295342,1914.9749755859375,1951.699951171875,1933.3374633789062,2006.9000244140625,2023.949951171875,0,0,1,0,73.56256103515625,135.25,2131.4469494191985,1981.5399963378907,1831.6330432565828,0.19034109740173202,15.130348452047679,-92.84004516601567,0,0,0,-0.11272784306704495,1
2023-01-03,1902.0999755859373,1924.5,1881.0,1892.949951171875,813712,1973.0224914550781,2047.7569946289063,1959.2560644704683,37.81389377151588,-47.61496264454081,-42.78132915897193,0.0022502250806768487,1886.25,1951.699951171875,1918.9749755859375,2006.9000244140625,1990.699951171875,0,0,1,0,87.925048828125,97.75,2122.7375575248257,1973.0224914550781,1823.3074253853306,0.2325835589388851,15.176214839734001,-80.07254028320312,0,0,0,0.04224246153715308,0
2023-01-04,1902.0,1914.699951171875,1850.0,1860.5,728947,1964.4124938964844,2042.5419946289062,1949.8507249970903,34.7608438104312,-49.62409556506168,-44.149882440189884,-0.017142529918335203,1875.5,1951.699951171875,1913.5999755859375,2006.9000244140625,2012.050048828125,0,0,1,0,93.300048828125,151.550048828125,2119.131772441321,1964.4124938964844,1809.693215351648,0.16419021962291724,15.752218948469954,-103.91249389648442,0,0,0,-0.06839333931596786,0
2023-01-05,1869.8499755859373,1880.9000244140625,1835.6500244140625,1860.0,803349,1954.7774963378906,2038.1439965820311,1941.2935130926055,32.30237415069041,-50.67257183538368,-45.454420319228646,-0.00026874496103201917,1875.5,1951.699951171875,1913.5999755859375,2006.9000244140625,2116.5,0,0,1,0,93.300048828125,256.5,2110.3029964834436,1954.7774963378906,1799.2519961923376,0.1952991752182427,15.912348125238479,-94.77749633789062,0,0,0,0.03110895559532545,0
2023-01-06,1868.9000244140625,1868.9000244140625,1830.0,1838.25,455101,1944.0174987792968,2032.5569946289063,1931.4798451790239,28.665390960140627,-52.65160513167143,-46.8938572817172,-0.011693548387096797,1913.0,1936.0,1924.5,2006.9000244140625,2113.550048828125,0,0,1,0,82.4000244140625,275.300048828125,2100.521657885831,1944.0174987792968,1787.5133396727629,0.1620936485550527,16.101106003912754,-105.76749877929683,0,0,0,-0.03320552666318999,1
2023-01-09,1851.0,1905.0,1847.050048828125,1891.449951171875,568005,1937.3874938964843,2028.4149926757811,1927.6674743212002,35.25896338523738,-49.358240753152586,-47.38673397600429,0.028940541913164752,1913.0,1916.4000244140625,1914.7000122070312,2006.9000244140625,2062.300048828125,0,0,1,0,92.20001220703125,170.85009765625,2090.9757472151778,1937.3874938964843,1783.7992405777911,0.35045229133086847,15.855191984314484,-45.93754272460933,0,0,0,0.18835864277581577,1
2023-01-10,1893.4000244140625,1907.4000244140625,1845.0999755859373,1895.199951171875,654655,1931.077490234375,2024.2609936523438,1924.5753292593597,42.50999041760998,-45.916337143166174,-47.092654609436664,0.0019826059884251457,1913.0,1916.4000244140625,1914.7000122070312,2006.9000244140625,2042.0999755859373,0,0,1,0,92.20001220703125,146.90002441406227,2080.658316773269,1931.077490234375,1781.4966636954814,0.38007306854541517,15.49195485891548,-35.87753906250009,0,0,0,0.0296207772145467,0
2023-01-11,1904.699951171875,1906.300048828125,1864.050048828125,1877.1500244140625,504917,1924.027490234375,2019.378994140625,1920.0586335598075,39.497160230706044,-44.136306111541444,-46.50138490985762,-0.009524022384367115,1913.0,1914.9749755859375,1913.9874877929688,2006.9000244140625,2063.300048828125,0,0,1,0,92.91253662109375,186.1500244140625,2069.770149536051,1924.027490234375,1778.284830932699,0.339177266131532,15.149748123809031,-46.87746582031241,0,0,0,-0.04089580241388319,1
2023-01-12,1884.25,1895.0,1866.800048828125,1889.8499755859373,575619,1917.2749877929687,2014.4349926757814,1917.181618514677,62.08856494257173,-41.22561553901869,-45.446231035689834,0.006765549373624946,1889.125,1914.9749755859375,1902.0499877929688,2006.9000244140625,2032.699951171875,0,0,1,0,104.85003662109375,142.84997558593773,2056.0449573634132,1917.2749877929687,1778.5050182225239,0.40118534906390774,14.475750265765146,-27.425012207031386,0,0,0,0.06200808293237575,1
2023-01-13,1894.550048828125,1923.0,1880.0,1915.6500244140625,507766,1910.844989013672,2010.613994140625,1917.0357524098565,56.63929762351373,-36.41722882452518,-43.640430593456905,0.013651903146505662,1877.25,1914.9749755859375,1896.1124877929688,2006.9000244140625,2052.699951171875,0,0,0,0,110.78753662109375,137.0499267578125,2036.8121366100856,1910.844989013672,1784.8778414172582,0.519072573651447,13.184444402414314,4.8050354003905795,0,0,0,0.11788722458753925,1
2023-01-16,1925.25,2119.0,1920.8499755859373,2089.800048828125,5267979,1912.232489013672,2009.9849951171875,1933.4894949258821,70.84005726769273,-18.34265348156896,-38.58087517107932,0.09090910249502882,1974.5,1937.0,1955.75,2006.9000244140625,2053.449951171875,1,1,0,0,51.1500244140625,-36.35009765625,2045.2453091195441,1912.232489013672,1779.2196689077998,1.1674828774892425,13.911783307737863,177.56755981445303,1,0,0,0.6484103038377955,1
2023-01-17,2108.0,2185.0,2105.0,2166.14990234375,5814973,1917.4574890136719,2009.993994140625,1955.6476289656791,76.82999922607405,2.117958289589751,-30.44110847894551,0.0365345256635623,2007.5,1970.0,1988.75,2006.9000244140625,2024.050048828125,1,1,0,0,18.1500244140625,-142.099853515625,2078.7426578597697,1917.4574890136719,1756.1723201675743,1.2709711162821997,16.822815605582136,248.69241333007812,1,0,0,0.10348823879295721,0
2023-01-18,2166.14990234375,2184.0,2081.0,2096.89990234375,1916506,1923.8899841308594,2007.6219921875,1969.1002264302574,66.75944612047138,12.59999932637129,-21.83288691788215,-0.031969163318324445,2007.5,1970.0,1988.75,2006.9000244140625,2021.4000244140625,1,1,0,0,18.1500244140625,-75.4998779296875,2102.1351462583875,1923.8899841308594,1745.6448220033312,0.985314485251241,18.529662672790778,173.00991821289062,0,0,0,-0.28565663103095873,0
2023-01-19,2088.050048828125,2088.050048828125,1940.5,1954.300048828125,2465786,1922.5674865722656,2003.1879931640624,1967.6906857062447,51.659537641576605,9.293348014040703,-15.607639931497578,-0.0680050837697298,2015.0499877929688,1970.0,1992.5249938964844,2006.9000244140625,2018.1500244140625,1,0,1,0,14.375030517578125,63.8499755859375,2099.4931318268455,1922.5674865722656,1745.6418413176857,0.5896776784682604,18.40514275730519,31.73256225585942,0,0,0,-0.39563680678298063,1
2023-01-20,1965.0,2008.0,1958.5,1975.5999755859373,2837568,1930.8949829101562,1998.7659936523437,1968.4439514090725,56.62247312302094,8.295899143019597,-10.826932116594143,0.01089900538588462,2015.0499877929688,1970.0,1992.5249938964844,2000.175048828125,2024.9000244140625,1,0,1,0,7.650054931640625,49.30004882812523,2101.2197973428074,1930.8949829101562,1760.5701684775051,0.631234526292286,17.64205883180093,44.704992675781114,0,0,0,0.04155684782402569,0
2023-01-23,1986.699951171875,2009.050048828125,1911.300048828125,1931.8499755859373,1225337,1933.6449829101562,1993.8319921875,1964.958810854488,52.796151026849685,3.9298534561169163,-7.8755750020519315,-0.022145171360930194,2024.5250244140625,1970.0,1997.2625122070312,1996.449951171875,2044.25,1,0,1,1,0.81256103515625,112.40002441406273,2102.157006962994,1933.6449829101562,1765.1329588573185,0.49467394883448773,17.429468753796293,-1.7950073242188864,0,0,0,-0.13656057745779832,0
2023-01-24,1948.9000244140625,1964.199951171875,1905.0,1916.800048828125,892161,1934.0499877929688,1988.228994140625,1960.3722620900726,54.150699897944676,-0.7361862217790076,-6.447697245997348,-0.007790422107310624,2025.9000244140625,1970.0,1997.9500122070312,1983.550048828125,2062.050048828125,1,0,1,1,14.39996337890625,145.25,2102.359065307298,1934.0499877929688,1765.7409102786394,0.4487551734594498,17.40483219944013,-17.24993896484375,0,0,0,-0.04591877537503791,0
2023-01-25,1900.0,1912.449951171875,1840.0,1857.800048828125,1219566,1932.0474914550782,1983.1819970703125,1950.603479874649,49.85068869446145,-9.090078434127463,-6.976173483623371,-0.030780466661648354,2012.5,1970.0,1991.25,1983.550048828125,2061.64990234375,1,0,1,1,7.699951171875,203.849853515625,2102.964512459606,1932.0474914550782,1761.1304704505505,0.28279681511361476,17.692838479431515,-74.24744262695322,0,0,0,-0.16595835834583506,0
2023-01-27,1780.0,1796.4000244140625,1486.25,1486.25,5838601,1910.8474914550782,1970.8549951171874,1906.3793389342063,33.80118922266398,-45.17088017728065,-14.615114822354828,-0.1999946383156216,1835.625,1835.625,1835.625,1841.625,1968.25,0,0,1,0,6.0,482.0,2169.8203136195743,1910.8474914550782,1651.8746692905818,-0.31977229870356644,27.10554592374013,-424.59749145507817,0,1,0,-0.6025691138171811,0
2023-01-30,1325.0,1599.800048828125,1189.0,1189.0,12185306,1873.7074890136719,1952.9269970703126,1838.0574971309486,23.603014423485348,-96.63679743841453,-31.01945134556677,-0.19999999999999996,1687.0,1687.0,1687.0,1687.0,1980.75,0,0,1,0,0.0,791.75,2280.7386447577474,1873.7074890136719,1466.6763332695966,-0.3410996054613915,43.446606061049415,-684.7074890136719,0,1,0,-0.02132730675782507,1
2023-01-31,1135.0,1240.0,1081.0999755859375,1223.9000244140625,11356550,1840.4674926757812,1937.3389965820313,1779.56630925315,25.35065978678881,-133.07377571039297,-51.43031621853201,0.029352417505519313,1632.5499877929688,1633.0499877929688,1632.7999877929688,1633.0499877929688,1809.050048828125,0,0,1,0,0.25,585.1500244140625,2336.108255472535,1840.4674926757812,1344.8267298790274,-0.12199027455148302,53.86031155336101,-616.5674682617187,0,1,0,0.21910933090990847,0
2023-02-01,1278.9000244140625,1285.0,1101.550048828125,1155.3499755859375,5928882,1803.5874938964844,1920.7239965820313,1720.1171346181773,24.444122696162225,-165.57313550851245,-74.2588800765281,-0.05600951667677523,1584.5750122070312,1633.0499877929688,1608.8125,1633.0499877929688,1876.8499755859373,0,0,1,0,24.23748779296875,721.4999999999998,2381.121518228053,1803.5874938964844,1226.053469564916,-0.06121153992685533,64.04280649383519,-648.2375183105469,0,1,0,0.06077873462462769,0
2023-02-02,1039.8499755859375,1039.8499755859375,1039.8499755859375,1039.8499755859375,509110,1762.5549926757812,1900.79099609375,1655.3297861389165,21.947190198791745,-198.3623987633523,-99.07958381389295,-0.0999697082621428,1524.4500122070312,1612.4249877929688,1568.4375,1612.4249877929688,1908.699951171875,0,0,1,0,43.98748779296875,868.8499755859375,2428.0037715759636,1762.5549926757812,1097.1062137755991,-0.04302077034711196,75.50956216009429,-722.7050170898438,0,1,0,0.018190769579743374,0
2023-02-03,935.9000244140624,935.9000244140624,935.9000244140624,935.9000244140624,369006,1716.3499938964844,1878.6479956054689,1586.8126659746447,19.25116247066717,-230.08375612187137,-125.28041827548864,-0.0999662966893865,1472.4750366210938,1560.4500122070312,1516.4625244140625,1560.4500122070312,1897.8499755859373,0,0,1,0,43.98748779296875,961.9499511718749,2470.707370151823,1716.3499938964844,961.9926176411459,-0.017294583474883107,87.90251160170249,-780.449969482422,0,1,0,0.02572618687222885,0
2023-02-06,889.0999755859375,889.0999755859375,889.0999755859375,889.0999755859375,290650,1668.8924926757813,1855.95099609375,1520.3638383185773,9.04283213179798,-256.04797155290476,-151.4339289309719,-0.050005393319040636,1426.6499633789062,1537.0499877929688,1481.8499755859375,1537.0499877929688,1910.25,0,0,1,0,55.20001220703125,1021.1500244140625,2501.9247787750296,1668.8924926757813,835.8602065765332,0.031955405509373785,99.83055106966474,-779.7925170898438,0,0,0,0.04924998898425689,0
2023-02-07,844.6500244140625,933.5499877929688,844.6500244140625,844.6500244140625,14239086,1616.5524963378905,1833.0299975585938,1456.0101417562425,3.9193779052785516,-277.0182450290729,-176.5507921505921,-0.049994322789831847,1378.5499877929688,1514.8250122070312,1446.6875,1514.8250122070312,1931.800048828125,0,0,1,0,68.13751220703125,1087.1500244140625,2515.971004957724,1616.5524963378905,717.1339877180573,0.07088804348249397,111.27612751919412,-771.902471923828,0,0,0,0.03893263797312019,0
2023-02-08,831.0,869.7999877929688,802.4500122070312,802.4500122070312,11524691,1561.9149993896483,1808.8379968261718,1393.7663198944128,3.9947371405433785,-293.65742613342286,-199.97211894715826,-0.0499615355321934,1299.4250183105469,1493.7250061035156,1396.5750122070312,1493.7250061035156,1888.699951171875,0,0,1,0,97.14999389648438,1086.2499389648438,2517.9674662937223,1561.9149993896483,605.8625324855745,0.10281207701814415,122.42055006548651,-759.464987182617,0,0,0,0.03192403353565018,0
2023-02-09,770.0499877929688,798.9500122070312,762.3499755859375,762.3499755859375,4729491,1506.174996948242,1781.7549963378906,1333.6314299602723,4.308655822731083,-306.5461615310103,-221.2869274639287,-0.04997200574625693,1181.0750122070312,1473.6749877929688,1327.375,1473.6749877929688,1892.949951171875,0,0,1,0,146.29998779296875,1130.5999755859375,2510.9609190442434,1506.174996948242,501.3890748522408,0.12985895552225077,133.42220182008896,-743.8250213623046,0,0,0,0.027046878504106614,0
2023-02-10,732.0,744.0,724.25,724.25,2074917,1447.8949981689452,1753.968995361328,1275.5951032973892,2.6416397660470636,-316.19008433619183,-240.26755883838135,-0.04997701424028256,1004.625,1454.625,1229.625,1454.625,1860.5,0,0,1,0,225.0,1136.25,2491.374062901644,1447.8949981689452,404.4159334362464,0.15325370549991985,144.13739477687483,-723.6449981689452,0,0,0,0.023394749977669077,0
2023-02-13,688.0499877929688,688.0499877929688,688.0499877929688,688.0499877929688,294782,1386.5149963378904,1726.483994140625,1219.6384256303018,2.656822734554268,-323.03030876889,-256.8201088244831,-0.04998275762103033,986.5249938964844,1436.5249938964844,1211.5249938964844,1436.5249938964844,1860.0,0,0,1,0,225.0,1171.9500122070312,2456.7918180431197,1386.5149963378904,316.23817463266096,0.17369889995744972,154.38373541318776,-698.4650085449216,0,0,0,0.020445194457529875,0
2023-02-14,653.6500244140625,653.6500244140625,653.6500244140625,653.6500244140625,206263,1314.7074951171876,1698.7149951171875,1165.7347683716123,2.6182544353798534,-327.45235850827976,-270.94655876124244,-0.0499963142056723,846.75,1419.3250122070312,1133.0375061035156,1419.3250122070312,1838.25,0,0,1,0,286.2875061035156,1184.5999755859375,2379.30293309189,1314.7074951171876,250.11205714248536,0.18952644022187062,161.9516800396439,-661.0574707031251,0,0,0,0.015827540264420903,0
2023-02-15,621.0,621.0,621.0,621.0,307402,1237.45,1669.868994140625,1113.855266621935,2.671056314526936,-329.78983693532484,-282.71521439605897,-0.04995031468610478,778.4500122070312,1403.0,1090.7250061035156,1403.0,1891.449951171875,0,0,1,0,312.2749938964844,1270.449951171875,2267.3741464986733,1237.45,207.52585350132676,0.20073038772045426,166.45911293364148,-616.45,0,0,0,0.011203947498583638,0
2023-02-16,632.0,652.0499877929688,591.0999755859375,616.2999877929688,13543834,1163.420004272461,1641.5409948730469,1066.469049590605,3.7137560146172746,-328.237835686017,-291.8197386540506,-0.007568457660275807,762.3249816894531,1388.0499877929688,1075.187484741211,1388.0499877929688,1895.199951171875,0,0,1,0,312.8625030517578,1278.8999633789062,2147.420322908876,1163.420004272461,179.41968563604564,0.22199195156884338,169.15650668251232,-547.1200164794923,0,0,0,0.02126156384838912,1
2023-02-17,628.0,639.9000244140625,616.5499877929688,628.6500244140625,3686567,1097.137503051758,1613.0599963378907,1024.7719995737914,7.215401082517545,-322.29609006865394,-297.9150089369713,0.020039001891466013,762.3249816894531,1388.0499877929688,1075.187484741211,1388.0499877929688,1877.1500244140625,0,0,1,0,312.8625030517578,1248.5,2036.7015958631823,1097.137503051758,157.5734102403336,0.2506889193498993,171.2755402486866,-468.4874786376954,0,0,0,0.028696967781055904,0
2023-02-20,609.0,625.0,597.25,597.25,2080050,1028.220004272461,1583.935997314453,984.0556186620017,1.896067363086729,-316.4728316029683,-301.6265734701707,-0.049948338812726645,730.4499816894531,1388.0499877929688,1059.249984741211,1388.0499877929688,1889.8499755859373,0,0,1,0,328.8000030517578,1292.5999755859373,1899.667327958678,1028.220004272461,156.77268058624406,0.2527274497502267,169.50600456423297,-430.970004272461,0,0,0,0.0020385304003274207,0
2023-02-21,593.0999755859375,599.0,567.4000244140625,567.4000244140625,1657718,959.9975067138672,1554.802996826172,944.3741334955313,2.01583875441861,-310.6851162523442,-303.4382820266054,-0.04997902986343661,683.1750183105469,1376.2000122070312,1029.687515258789,1376.2000122070312,1915.6500244140625,0,0,1,0,346.5124969482422,1348.25,1747.375933535102,959.9975067138672,172.6190798926326,0.2506932696360631,164.03759828845415,-392.5974822998047,0,0,0,-0.0020341801141636195,0
2023-02-22,545.0,548.0,539.0499877929688,539.0499877929688,861922,891.1100036621094,1525.15599609375,905.771833904811,2.350149417064955,-304.87155169097525,-303.7249359594794,-0.0499648138901122,641.5249938964844,1362.0249938964844,1001.7749938964844,1362.0249938964844,2089.800048828125,0,0,1,0,360.25,1550.7500610351562,1564.4063548586169,891.1100036621094,217.813652465602,0.23855493554695584,151.11408208403586,-352.06001586914067,0,0,0,-0.01213833408910725,0
2023-02-23,512.0999755859375,512.0999755859375,512.0999755859375,512.0999755859375,223957,823.825,1495.0349951171875,868.2792759696802,2.7536306041757683,-298.99230348771766,-302.7784094651271,-0.049995385988918395,600.0749816894531,1348.0499877929688,974.0624847412109,1348.5499877929688,2166.14990234375,0,0,1,0,374.4875030517578,1654.0499267578125,1350.1810403900931,823.825,297.4689596099071,0.20388387280305842,127.78345896036005,-311.72502441406255,0,0,0,-0.03467106274389742,0
2023-02-24,486.5,510.0,486.5,486.5,1417656,773.8375,1464.2669946289063,831.9193449249487,2.890249288518433,-293.0208984921609,-300.82690727053387,-0.04999019099082436,570.0750122070312,1287.2750244140625,928.6750183105469,1335.75,2096.89990234375,0,0,1,0,407.0749816894531,1610.39990234375,1223.339375001805,773.8375,324.33562499819516,0.1803823120884131,116.17474599041915,-287.3375,0,0,0,-0.02350156071464532,0
2023-02-27,468.0,474.2999877929688,462.2000122070313,462.2000122070313,1064159,737.4975006103516,1432.625994873047,796.7079799041946,3.033288475788396,-286.94163835101085,-298.0498534866293,-0.04994858744700659,557.125,1235.6250305175781,896.3750152587891,1323.6000061035156,1954.300048828125,0,0,1,0,427.22499084472656,1492.1000366210938,1163.785147494369,737.4975006103516,311.2098537263341,0.17709891382540813,115.60382144515,-275.2974884033203,0,0,0,-0.003283398263004972,1
2023-02-28,439.1000061035156,485.2999877929688,439.1000061035156,485.2999877929688,8613869,700.5674987792969,1401.0909936523437,767.0500758936016,9.135422689440958,-277.0659619731573,-293.8530751839349,0.04997831020305221,545.5749969482422,1224.0750274658203,884.8250122070312,1312.0500030517578,1975.5999755859373,0,0,1,0,427.22499084472656,1490.2999877929685,1076.95704673019,700.5674987792969,324.1779508284038,0.21403627948986814,107.45275754491401,-215.2675109863281,0,0,0,0.036937365664460015,1
2023-03-01,509.0,509.5499877929688,501.8999938964844,509.5499877929688,387360,668.2774993896485,1370.048995361328,742.5262579792557,16.039766321615247,-264.23668889109933,-287.9297979253678,0.04996909254064352,539.5000152587891,1201.6499786376953,870.5749969482422,1312.0500030517578,1931.8499755859373,0,0,1,0,441.4750061035156,1422.2999877929685,989.8838320744235,668.2774993896485,346.6711667048735,0.25322701162066713,96.24933743198136,-158.72751159667968,0,0,0,0.03919073213079899,1
2023-03-02,535.0,535.0,535.0,535.0,206751,643.0350006103515,1341.383995361328,722.7618524574218,23.682384327742525,-249.1438193898823,-280.1726022182707,0.04994605596452617,532.0500030517578,1175.7749786376953,853.9124908447266,1312.0500030517578,1916.800048828125,0,0,1,0,458.13751220703125,1381.800048828125,920.2014769379238,643.0350006103515,365.8685242827793,0.30510810318440323,86.20572008195302,-108.03500061035152,0,0,0,0.051881091563736104,1
2023-03-03,561.75,561.75,561.75,561.75,58629,624.3274993896484,1313.0039953613282,707.4273903186197,31.962300116857634,-232.34577269360238,-270.60723631333707,0.050000000000000044,519.0500030517578,1117.750015258789,818.4000091552734,1312.0500030517578,1857.800048828125,0,0,1,0,493.6499938964844,1296.050048828125,868.4357520635143,624.3274993896484,380.21924671578256,0.37182428552865565,78.1987828223199,-62.57749938964844,0,0,0,0.06671618234425242,1
2023-03-06,589.7999877929688,589.7999877929688,589.7999877929688,589.7999877929688,155806,609.3625,1288.618994140625,696.224780554272,40.71272359504197,-214.29948896011376,-259.34568684269243,0.049933222595405,514.4499969482422,1019.4500274658203,766.9500122070312,1312.0500030517578,1486.25,0,0,1,0,545.0999908447266,896.4500122070312,821.2836437722731,609.3625,397.4413562277268,0.45384483148115523,69.55503293106258,-19.562512207031205,0,0,0,0.08202054595249958,1
2023-03-08,619.25,619.25,619.25,619.25,133344,598.0924987792969,1263.4669946289061,688.8938490729128,49.7430627295427,-195.36921453177547,-246.55039238050904,0.049932202130476666,529.1750030517578,862.0500030517578,695.6125030517578,1312.0500030517578,1189.0,0,0,1,0,616.4375,569.75,780.7123995841118,598.0924987792969,415.4725979744819,0.5579276988090043,61.06744397481696,21.157501220703125,0,0,0,0.10408286732784905,1
2023-03-09,650.2000122070312,650.2000122070312,650.2000122070312,650.2000122070312,784131,590.4799987792969,1238.2969958496094,685.2087217523526,54.621049604868965,-175.84242630466167,-232.40879916533956,0.049979834004087564,544.6500091552734,862.0500030517578,703.3500061035156,1312.0500030517578,1223.9000244140625,0,0,1,0,608.6999969482422,573.7000122070312,749.5676082189123,590.4799987792969,431.3923893396816,0.6876953636995915,53.8841653463278,59.72001342773433,0,0,0,0.12976766489058722,1
2023-03-10,675.0,682.7000122070312,663.25,682.7000122070312,2561407,586.4975006103516,1213.9939965820313,684.9697970337506,56.98410467603891,-155.94716571299512,-217.11647247487068,0.04998461917846231,560.9000091552734,739.4749908447266,650.1875,1312.0500030517578,1155.3499755859375,0,0,0,0,661.8625030517578,472.64996337890625,731.5439576521158,586.4975006103516,441.45104356858747,0.8316265476549333,49.4619182147642,96.20251159667964,0,0,0,0.14393118395534177,1
2023-03-13,716.7999877929688,716.7999877929688,716.7999877929688,716.7999877929688,854810,586.125,1190.1249963378907,688.0012437727237,65.34069023852507,-135.86230918317597,-200.86563981653174,0.049948696317873464,577.9499969482422,687.5000152587891,632.7250061035156,1312.0500030517578,1039.8499755859375,0,0,0,0,679.3249969482422,323.04998779296875,729.786118919232,586.125,442.46388108076803,0.9548029027479447,49.02064198566244,130.67498779296875,0,0,0,0.12317635509301139,0
2023-03-14,714.0,729.2999877929688,681.0,706.0999755859375,9935463,587.0274993896485,1165.6109948730468,689.7249325168393,68.71794212845816,-119.43158428107881,-184.57882870944115,-0.014927472641254713,615.5999908447266,686.3249969482422,650.9624938964844,1312.0500030517578,935.9000244140624,0,0,0,0,661.0875091552734,229.8000488281249,733.4389654521885,587.0274993896485,440.6160333271084,0.9066364452133376,49.882319385299255,119.07247619628902,0,0,0,-0.04816645753460702,1
2023-03-15,725.0,741.4000244140625,716.8499755859375,740.4000244140625,3892260,591.3649993896485,1142.6449963378907,694.5511317451463,76.74326339380751,-102.46127928851877,-168.15531882525667,0.048576759685711624,638.2000122070312,686.3249969482422,662.2625045776367,1312.0500030517578,889.0999755859375,0,0,0,0,649.7874984741211,148.699951171875,750.0406934575471,591.3649993896485,432.6893053217497,0.9696214688074428,53.66421557977523,149.03502502441404,0,0,0,0.06298502359410518,1
2023-03-16,766.1500244140625,777.4000244140625,755.0,777.4000244140625,3038749,599.1850006103516,1120.3339978027343,702.4415024755193,84.32083425978333,-85.04623943066099,-151.53350294633753,0.04997298592646726,669.5750122070312,654.4499969482422,662.0125045776367,1312.0500030517578,844.6500244140625,1,0,0,0,650.0374984741211,67.25,777.1724318140571,599.1850006103516,421.1975694066461,1.0006393502014896,59.40984204290862,178.2150238037109,1,0,0,0.03101788139404682,1
2023-03-17,810.0,816.25,803.25,816.25,3378276,609.1825012207031,1099.4489978027343,713.2804070016603,91.2445278298937,-67.33364616843937,-134.6935315907579,0.049974240244228474,703.0249938964844,627.6750030517578,665.3499984741211,1312.0500030517578,802.4500122070312,1,0,0,0,646.7000045776367,-13.79998779296875,810.7875205714897,609.1825012207031,407.5774818699164,1.0135474787435865,66.18870993398623,207.0674987792969,1,0,0,0.012908128542096886,1
2023-03-20,797.9500122070312,853.2999877929688,775.4500122070312,848.6500244140625,6908589,620.1825012207031,1079.2219982910156,726.1727515171272,97.37648369590023,-50.10430595368598,-117.77568646334353,0.03969375119640128,736.2749938964844,646.1999969482422,691.2374954223633,1312.0500030517578,762.3499755859375,1,0,0,0,620.8125076293945,-86.300048828125,847.2369569542263,620.1825012207031,393.12804548717986,1.0031117369074989,73.22181947623892,228.4675231933594,1,0,0,-0.010435741836087642,1
2023-03-21,868.0,891.0499877929688,865.6500244140625,891.0499877929688,3819655,634.8725006103516,1060.277998046875,741.8753454481597,97.49502245219139,-32.652212627528456,-100.75099169618052,0.049961659293158656,770.625,665.0749969482422,717.8499984741211,1312.0500030517578,724.25,1,0,0,0,594.2000045776367,-166.79998779296875,890.3313048706912,634.8725006103516,379.413696350012,1.0014066513079447,80.47562432291443,256.17748718261714,1,0,0,-0.0017050855995541792,1
2023-03-22,923.0,935.5999755859376,923.0,935.5999755859376,1825044,653.2824981689453,1041.1609985351563,760.3253102231861,97.60866869703415,-15.052969968250522,-83.61138735059453,0.0499971813066451,799.4249877929688,687.3499908447266,743.3874893188477,1312.0500030517578,688.0499877929688,1,0,0,0,568.6625137329102,-247.54998779296886,938.0286736760431,653.2824981689453,368.53632266184735,0.9957353279885495,87.17397949744544,282.31747741699235,0,0,0,-0.005671323319395238,1
2023-03-23,982.0,982.3499755859376,977.75,982.3499755859376,1170710,675.4474975585938,1022.9039990234374,781.47051644821,97.71733072916666,2.6364990094543828,-66.36181007858475,0.049967936318854544,831.6749877929688,710.7249908447266,771.1999893188477,1312.0500030517578,653.6500244140625,1,0,0,0,540.8500137329102,-328.6999511718751,988.7564558210462,675.4474975585938,362.1385392961414,0.989776097896087,92.77078067352627,306.9024780273438,0,0,0,-0.005959230092462464,1
2023-03-24,1024.0,1031.449951171875,942.6500244140624,1029.3499755859375,12923291,701.3099975585938,1005.947998046875,805.0780839851365,97.81185844436989,20.21501175256276,-49.04644571235525,0.04784445581318009,856.2249755859375,735.2749786376953,795.7499771118164,1312.0500030517578,621.0,1,0,0,0,516.3000259399414,-408.3499755859375,1040.7211610555537,701.3099975585938,361.8988340616338,0.983248657244419,96.79347640231023,328.03997802734375,0,0,0,-0.006527440651667993,0
2023-03-27,1060.0,1074.5,977.9000244140624,984.9000244140624,7656812,726.2299987792969,987.8489990234375,822.2039830736055,89.08785766223738,30.2111152412582,-33.194933521632564,-0.04318254454377657,895.6749877929688,756.8000030517578,826.2374954223633,1312.0500030517578,616.2999877929688,1,0,0,0,485.81250762939453,-368.60003662109364,1072.0217073542028,726.2299987792969,380.43829020439097,0.8740257779760097,95.22925496224038,258.67002563476547,0,0,0,-0.10922287926840935,0
2023-03-28,950.0,953.7999877929688,935.6500244140624,935.6500244140624,1057688,749.9024993896485,968.2489990234375,833.0083679631729,80.12186346438924,33.76975911141824,-19.801994995022405,-0.05000507541798449,914.75,756.8000030517578,835.7750015258789,1312.0500030517578,628.6500244140625,1,0,0,0,476.2750015258789,-306.9999999999999,1084.8044839225365,749.9024993896485,415.0005148567604,0.7773162501313474,89.31880739308575,185.7475250244139,0,0,0,-0.09670952784466225,0
2023-03-29,888.9000244140625,973.9500122070312,888.9000244140625,894.3499755859375,8902722,770.3549987792969,944.3399975585937,838.8504258320075,72.79432069311231,32.878439056320985,-9.265908184753727,-0.04414048816381799,924.9750061035156,756.8000030517578,840.8875045776367,1312.0500030517578,597.25,1,0,0,0,471.1624984741211,-297.0999755859375,1087.6186701414204,770.3549987792969,453.09132741717355,0.6954131342461728,82.36817359914814,123.99497680664058,0,0,0,-0.08190311588517463,0
2023-03-31,912.0,936.0,872.2000122070312,881.1500244140625,3833232,788.9350006103516,918.64,842.8789590302985,69.22034243771074,30.752440753786686,-1.2622383970456443,-0.0147592682196106,924.9750061035156,756.8000030517578,840.8875045776367,1312.0500030517578,567.4000244140625,1,0,0,0,471.1624984741211,-313.75,1085.7962949617222,788.9350006103516,492.07370625898113,0.6553166841861227,75.25621099880391,92.21502380371089,0,0,0,-0.04009645006005014,0
2023-04-03,884.7999877929688,887.0,837.0999755859375,837.4500122070312,2788282,804.0575012207031,893.4510021972657,842.3619164757015,61.47190548783673,25.2502765429349,4.040264590950465,-0.049594292681419794,955.7999877929688,756.8000030517578,856.2999954223633,1312.0500030517578,539.0499877929688,1,0,1,0,455.75000762939453,-298.4000244140625,1077.5278146885084,804.0575012207031,530.5871877528978,0.5610532649099759,68.02257625919253,33.39251098632815,0,0,0,-0.09426341927614679,0
2023-04-05,815.0,861.0,795.5999755859375,815.5999755859375,3818321,816.75,870.6770007324219,839.8131602004859,60.19553072625698,18.908688823428975,7.0139494374461675,-0.02609115326598388,935.0499877929688,756.8000030517578,845.9249954223633,1311.5500030517578,512.0999755859375,1,0,1,0,465.62500762939453,-303.5,1066.6013057009304,816.75,566.8986942990695,0.4976985823411325,61.18183182147058,-1.1500244140625,0,0,0,-0.06335468256884336,1
2023-04-06,838.9000244140625,856.3499755859375,808.5499877929688,856.3499755859375,3002370,830.0774993896484,848.2920007324219,841.3880949991003,60.667951199723625,16.97543703380552,9.006246956718037,0.04996321875895671,935.0499877929688,756.8000030517578,845.9249954223633,1263.5750274658203,486.5,1,0,0,0,417.65003204345703,-369.8499755859375,1057.514426922673,830.0774993896484,602.6405718566239,0.5577577187690294,54.79896219335127,26.272476196289062,0,0,0,0.06005913642789684,1
2023-04-10,897.0,899.1500244140625,885.6500244140625,899.1500244140625,1891503,844.0725006103515,827.6380017089843,846.8892311338586,61.083295402822024,18.681577708750865,10.941313107124603,0.049979622874211094,935.0499877929688,756.8000030517578,845.9249954223633,1224.0750274658203,462.2000122070313,1,0,0,0,378.15003204345703,-436.9500122070312,1051.4578222024625,844.0725006103515,636.6871790182406,0.6327903136559452,49.13922001774728,55.07752380371096,0,0,0,0.07503259488691583,1
2023-04-11,936.0,944.0999755859376,936.0,944.0999755859376,1163105,858.7674987792968,808.1840002441406,856.1473972721519,61.510757288775054,23.391153228943153,13.431281131488314,0.04999160312670514,935.0499877929688,788.1999969482422,861.6249923706055,1224.0750274658203,485.2999877929688,1,0,0,0,362.45003509521484,-458.7999877929688,1050.1537326760454,858.7674987792968,667.3812648825483,0.7229326401100432,44.572304883171824,85.33247680664078,0,0,0,0.09014232645409803,0
2023-04-12,991.2999877929688,991.2999877929688,920.0,941.8499755859376,8203268,871.7249969482422,789.8649987792969,864.3095475877506,58.8728065343417,26.634938571214093,16.072012619433472,-0.002383222177930411,893.4499816894531,804.75,849.0999908447266,1201.6499786376953,509.5499877929688,1,0,0,0,352.54998779296875,-432.2999877929688,1048.1837488277622,871.7249969482422,695.2662450687221,0.6987007668669627,40.484958558552634,70.12497863769545,0,0,0,-0.024231873243080515,0
2023-04-13,939.5499877929688,963.7999877929688,920.0,941.1500244140624,2585526,882.9424987792969,778.9629992675781,871.6276882378755,55.18097651970298,28.816997209468013,18.621009537440383,-0.0007431663110037956,893.4499816894531,818.125,855.7874908447266,1175.7749786376953,535.0,1,0,0,0,319.98748779296875,-406.1500244140624,1046.6433751389932,882.9424987792969,719.2416224196006,0.6777862370964569,37.080755901096445,58.20752563476549,0,0,0,-0.020914529770505785,1
2023-04-17,965.0,970.0,946.0,962.5499877929688,2317568,895.7649993896484,774.4339990234375,880.2869548621701,52.92712253822502,31.905308067847955,21.2778692435219,0.022738100009325857,893.4499816894531,832.1499938964844,862.7999877929688,1117.750015258789,561.75,1,0,0,0,254.9500274658203,-400.79998779296875,1041.2061410685285,895.7649993896484,750.3238577107684,0.729594554994539,32.47305750458657,66.78498840332031,0,0,0,0.051808317898082046,0
2023-04-18,973.0,976.0,945.0,952.25,1378704,906.3574981689453,769.0009985351562,887.14057820863,46.44963640950206,33.13968013502722,23.650231421822962,-0.010700730272290127,893.4499816894531,846.875,870.1624908447266,1019.4500274658203,589.7999877929688,1,0,0,0,149.28753662109375,-362.45001220703125,1034.8673325796067,906.3574981689453,777.8476637582838,0.6785563806906882,28.357427322062524,45.89250183105469,0,0,0,-0.051038174303850714,0
2023-04-19,952.4000244140624,955.0,920.5,935.7999877929688,1177133,914.2774963378906,764.6099987792969,891.7748076928527,38.10855369069981,32.41686889895118,25.40355891724861,-0.01727488811449851,893.4499816894531,862.3500061035156,877.8999938964844,862.0500030517578,619.25,1,1,0,1,15.849990844726562,-316.54998779296875,1028.7818110508085,914.2774963378906,799.7731816249726,0.5939811373442074,25.048043984799218,21.522491455078125,0,0,0,-0.08457524334648081,0
2023-04-20,937.0,948.9000244140624,925.0,933.0499877929688,1181812,920.1174957275391,762.4739990234375,895.7057772261971,42.627606708261666,31.26176757269286,26.57520064833746,-0.002938662145621218,899.9249877929688,868.875,884.3999938964844,862.0500030517578,650.2000122070312,1,1,0,1,22.349990844726562,-282.8499755859375,1025.5851163313132,920.1174957275391,814.649875123765,0.561310248545452,22.92481581830603,12.932492065429642,0,0,0,-0.03267088879875546,0
2023-04-21,937.0,938.0,911.2999877929688,916.2000122070312,727246,923.4949951171875,762.0799987792968,897.6576091291338,46.95379546976625,28.656356599991796,26.99143183866833,-0.018059027711681663,938.4750061035156,877.75,908.1125030517578,756.8000030517578,682.7000122070312,1,1,0,1,151.3125,-233.5,1023.7912484447742,923.4949951171875,823.1987417896008,0.4636328244170326,21.7210171918386,-7.29498291015625,0,0,0,-0.0976774241284194,0
2023-04-24,916.2000122070312,916.25,880.0,887.0999755859375,1450872,923.297494506836,762.0399987792969,896.652120220258,48.81941023784733,23.96714158778832,26.386573788492328,-0.031761663646996396,935.6499938964844,877.75,906.6999969482422,756.8000030517578,716.7999877929688,1,0,0,1,149.89999389648438,-170.29998779296875,1023.8637224109857,923.297494506836,822.7312666026862,0.3200314376144319,21.784144006123512,-36.19751892089846,0,0,0,-0.14360138680260065,1
2023-04-25,870.0,931.4500122070312,864.9000244140625,931.1500244140624,2314534,923.0749969482422,763.7699987792969,899.9376349053822,57.39863811591943,23.53408937263282,25.81607690532043,0.049656239477438247,928.1000061035156,895.6749877929688,911.8874969482422,756.8000030517578,706.0999755859375,1,1,0,1,155.08749389648438,-225.0500488281249,1023.5510160337111,923.0749969482422,822.5989778627733,0.5401838545123452,21.76984956101085,8.075027465820199,0,0,0,0.22015241689791326,0
2023-04-26,934.7999877929688,953.2999877929688,920.0,924.5999755859376,1626606,920.1874969482421,766.212998046875,902.2864292559112,64.48876902617135,22.404097680764494,25.133681060409245,-0.007034364663467074,920.4500122070312,914.75,917.6000061035156,756.8000030517578,740.4000244140625,1,1,0,1,160.8000030517578,-184.1999511718751,1016.9337644717637,920.1874969482421,823.4412294247206,0.5228043869321506,21.02751185913216,4.412478637695472,0,0,0,-0.017379467580194596,0
2023-04-27,924.5999755859376,925.0,907.0499877929688,917.0499877929688,695987,914.5724975585938,769.3069982910156,903.6924824499167,67.70815288597515,20.661180973670525,24.239181043061503,-0.008165680285881827,920.4500122070312,924.9750061035156,922.7125091552734,756.8000030517578,777.4000244140625,0,0,0,1,165.91250610351562,-139.64996337890625,997.3517633890222,914.5724975585938,831.7932317281654,0.514964437105845,18.102286270668213,2.4774902343749545,0,0,0,-0.007839949826305537,1
2023-04-28,926.7999877929688,960.0,922.0999755859376,951.0,2759309,912.8774963378906,773.8419982910157,908.1979603118294,66.92294227622153,21.768455969258298,23.745036028300863,0.0370208959805316,920.4500122070312,924.9750061035156,922.7125091552734,756.8000030517578,816.25,0,1,0,1,165.91250610351562,-134.75,991.0894846451471,912.8774963378906,834.6655080306342,0.7437126614934324,17.135264834769725,38.12250366210935,0,0,0,0.22874822438758735,1
2023-05-02,994.75,998.5499877929688,951.1500244140624,974.6500244140624,3323308,914.8274963378906,779.5739990234375,914.526728321566,64.49136276391552,24.27451717582062,23.850932257804818,0.024868585083136052,931.7250061035156,935.0499877929688,933.3874969482422,756.8000030517578,848.6500244140625,0,1,0,1,176.58749389648438,-125.99999999999989,997.0549646983033,914.8274963378906,832.6000279774779,0.8637624340686413,17.976606232229393,59.82252807617181,0,0,0,0.12004977257520888,0
2023-05-03,972.0,980.0,928.9500122070312,942.0499877929688,1870972,917.2124969482422,785.3419982910157,917.1479911283662,49.58694598285996,23.360750046791395,23.752895815602134,-0.033447941111674484,931.7250061035156,935.0499877929688,933.3874969482422,756.8000030517578,891.0499877929688,0,1,0,1,176.58749389648438,-51.0,999.6924986352701,917.2124969482422,834.7324952612144,0.6505667454940951,17.984927584710434,24.837490844726517,0,0,0,-0.21319568857454618,1
2023-05-04,936.0,950.0,933.5,945.5499877929688,3394830,920.4324951171875,791.832998046875,919.8529431916617,50.74178246578518,22.65781853491046,23.5338803594638,0.0037153017837192603,931.7250061035156,935.0499877929688,933.3874969482422,756.8000030517578,935.5999755859376,0,1,0,1,176.58749389648438,-9.950012207031136,1002.053444743367,920.4324951171875,838.811545491008,0.653866702058836,17.735347254507282,25.11749267578125,0,0,0,0.0032999565647409135,0
2023-05-05,946.9500122070312,957.6500244140624,933.0,940.5499877929688,3266241,925.5874938964844,798.317998046875,921.8240902965481,49.88174294373103,21.450019560816713,23.117108199734385,-0.005287927729416664,931.7250061035156,935.0499877929688,933.3874969482422,756.8000030517578,982.3499755859376,0,1,0,1,176.58749389648438,41.799987792968864,998.109267017018,925.5874938964844,853.0657207759507,0.6031586325917335,15.670430639730393,14.962493896484375,0,0,0,-0.05070806946710249,0
2023-05-08,922.0,925.9500122070312,903.2999877929688,917.2999877929688,3406153,930.672494506836,804.0909973144531,921.3932233914453,41.1465525847792,18.40459279124684,22.17460511803688,-0.024719579290577554,931.7250061035156,935.0499877929688,933.3874969482422,756.8000030517578,1029.3499755859375,0,0,0,1,176.58749389648438,112.04998779296875,983.1154574892756,930.672494506836,878.2295315243963,0.3725042793792473,11.269907146064144,-13.37250671386721,0,0,0,-0.23065435321248623,0
2023-05-09,917.2999877929688,928.9000244140624,899.3499755859375,903.1500244140624,3476977,933.0124969482422,810.2089978027344,919.6557758697897,40.535862016389565,14.680063710317881,20.67569683649308,-0.01542566615851737,948.9499816894531,897.0749816894531,923.0124816894531,756.8000030517578,984.9000244140624,1,0,0,1,166.2124786376953,81.75,975.1443356088846,933.0124969482422,890.8806582875998,0.14560682035844877,9.031355699618166,-29.8624725341798,0,0,1,-0.22689745902079853,0
2023-05-10,890.0,905.0,885.0,902.3499755859376,3682237,933.172494506836,816.9079968261718,918.0076044141848,43.13846418885403,11.530869638282866,18.846731396851037,-0.0008858426689893895,941.7749938964844,897.0749816894531,919.4249877929688,756.8000030517578,935.6500244140624,1,0,0,1,162.62498474121094,33.30004882812477,974.8101465309898,933.172494506836,891.5348424826822,0.12987203381427034,8.92389183548718,-30.822518920898347,0,0,1,-0.015734786544178425,1
2023-05-11,904.4000244140624,925.0,904.4000244140624,913.5499877929688,1061641,931.6449951171875,824.3979968261718,917.5830694978786,46.13402361250401,9.825594690801722,17.042504055641174,0.012412049105180456,941.7749938964844,897.0749816894531,919.4249877929688,756.8000030517578,894.3499755859375,1,0,0,1,162.62498474121094,-19.20001220703125,973.8052564297477,931.6449951171875,889.4847338046272,0.2854020971304093,9.050713852062735,-18.095007324218727,0,0,1,0.15553006331613897,0
2023-05-12,920.0,920.0,894.25,895.5999755859375,749875,929.3324951171875,832.0679968261719,915.4894415062652,45.93367197814205,6.945670670524237,15.023137378617786,-0.019648637126465696,941.7749938964844,897.0749816894531,919.4249877929688,756.8000030517578,881.1500244140625,1,0,0,1,162.62498474121094,-14.449951171875,973.9992318490279,929.3324951171875,884.6657583853471,0.12239776174197237,9.612649286778243,-33.73251953124998,0,0,1,-0.16300433538843695,0
2023-05-15,905.0,913.7999877929688,864.0,868.7000122070312,868695,925.709994506836,839.7119970703125,911.0333053825285,46.33613067494728,2.4643009757442087,12.511370098043072,-0.030035690165475026,922.0,897.0749816894531,909.5374908447266,756.8000030517578,837.4500122070312,1,0,0,1,152.73748779296875,-31.25,977.1877190546168,925.709994506836,874.2322699590552,-0.053734482250560635,11.12178216790348,-57.00998229980473,0,1,0,-0.176132243992533,1
2023-05-16,868.9500122070312,899.9500122070312,868.0,874.1500244140625,822421,921.2899963378907,847.9509973144532,907.5206119569602,36.58824299848172,-0.6400680503828653,9.881082468357885,0.006273756337570324,910.8250122070312,903.5499877929688,907.1875,756.8000030517578,815.5999755859375,1,0,0,1,150.3874969482422,-58.550048828125,974.5070957655412,921.2899963378907,868.0728969102402,0.057097507842233025,11.552735759464971,-47.13997192382817,0,0,0,0.11083199009279365,1
2023-05-17,885.0,888.8499755859375,867.0499877929688,875.4000244140625,781898,917.4474975585938,855.752998046875,904.4615083814462,38.12742910704298,-2.965256682814129,7.311814638123483,0.0014299604931520271,910.8250122070312,931.2749938964844,921.0500030517578,756.8000030517578,856.3499755859375,0,0,0,1,164.25,-19.050048828125,972.242333294266,917.4474975585938,862.6526618229216,0.11631901455671498,11.945061898688692,-42.047473144531295,0,0,0,0.05922150671448195,0
2023-05-18,886.5499877929688,887.4000244140625,850.0,860.5499877929688,646071,913.6849975585938,862.772998046875,900.2794588015912,36.82984432487185,-5.937811875344096,4.661889335429968,-0.016963715109596267,889.4500122070312,924.2749938964844,906.8625030517578,756.8000030517578,899.1500244140625,0,0,0,1,150.0625,38.60003662109375,973.0647158321314,913.6849975585938,854.3052792850561,0.052582840483899204,12.997853402912998,-53.135009765625,0,0,0,-0.06373617407281577,1
2023-05-19,839.0,903.5499877929688,818.5999755859375,896.9500122070312,2849747,911.8799987792969,870.0119982910156,899.9623686497283,37.54322324505394,-5.295363860673433,2.6704386962092874,0.04229855898018986,873.75,908.5749816894531,891.1624908447266,788.1999969482422,944.0999755859376,0,1,0,1,102.96249389648438,47.149963378906364,970.9894754937764,911.8799987792969,852.7705220648174,0.37370902770478764,12.964310390316122,-14.929986572265648,0,0,0,0.3211261872208884,1
2023-05-22,934.0,941.75,928.9500122070312,941.75,460730,913.1574981689453,877.6119982910157,903.9421430640399,43.091135884043005,-1.1578871721256974,1.9047735225422904,0.0499470284667638,880.1749877929688,908.5749816894531,894.3749847412109,804.75,941.8499755859376,0,1,0,1,89.62498474121094,0.09997558593761369,973.6728938140136,913.1574981689453,852.6421025238769,0.7362415508175304,13.25409817395427,28.592501831054733,0,0,0,0.36253252311274275,1
2023-05-23,988.7999877929688,988.7999877929688,988.7999877929688,988.7999877929688,228535,918.2424987792969,885.5919982910157,912.0238425620331,59.25559116241077,5.850196292952091,2.6938580766242506,0.04996016755292665,903.6999816894531,908.5749816894531,906.1374816894531,818.125,941.1500244140624,0,1,0,1,88.01248168945312,-47.649963378906364,985.8238759176865,918.2424987792969,850.6611216409073,1.0220187276532406,14.719723216521052,70.5574890136719,1,0,0,0.28577717683571024,0
2023-05-24,1025.0,1038.199951171875,952.5999755859376,984.25,7440008,920.8974975585937,892.8919982910156,918.9025242227918,57.63012748788624,10.911229083611374,4.337332278021676,-0.004601524928337097,928.3999633789062,928.3999633789062,928.3999633789062,832.1499938964844,962.5499877929688,0,1,0,1,96.24996948242188,-21.70001220703125,994.2263708741352,920.8974975585937,847.5686242430522,0.9319751523304749,15.925523418175175,63.35250244140627,0,0,0,-0.09004357532276575,0
2023-05-25,982.4000244140624,995.0,954.0999755859376,970.6500244140624,1892394,923.2,899.3009985351563,923.8308575743414,55.73989992748873,13.667182886148794,6.2033023996471,-0.01381760283051825,928.3999633789062,928.3999633789062,928.3999633789062,846.875,952.25,0,1,0,1,81.52496337890625,-18.400024414062386,999.6737779160163,923.2,846.7262220839838,0.8102372192607779,16.567109600523455,47.45002441406234,0,0,0,-0.12173793306969705,0
2023-05-26,979.5499877929688,982.0,960.0,963.3499755859376,866198,925.5149993896484,904.9139978027343,927.5945830992553,59.35024901098289,15.088314501435661,7.980304820004813,-0.00752078364447728,928.3999633789062,928.3999633789062,928.3999633789062,862.3500061035156,935.7999877929688,0,1,0,1,66.04995727539062,-27.549987792968864,1003.8836244760489,925.5149993896484,847.146374303248,0.7413910934036202,16.935138844444968,37.834976196289176,0,0,0,-0.06884612585715766,1
2023-05-29,989.9000244140624,989.9000244140624,965.0999755859376,977.8499755859376,3177944,926.8574981689453,910.1349975585938,932.3808109551297,65.14596950322459,17.186485259834967,9.821540907970844,0.015051643086595456,928.3999633789062,928.3999633789062,928.3999633789062,868.875,933.0499877929688,0,1,0,1,59.52496337890625,-44.799987792968864,1007.803931577184,926.8574981689453,845.9110647607066,0.814976678217686,17.466856246651194,50.9924774169923,0,0,0,0.07358558481406585,0
2023-05-30,984.8499755859376,984.8499755859376,954.0,966.8499755859376,2694114,926.467495727539,915.3499975585937,935.6635885390161,62.55840882708896,17.757000979266422,11.40863292222996,-0.011249169376323476,928.3999633789062,928.3999633789062,928.3999633789062,877.75,916.2000122070312,0,1,0,1,50.64996337890625,-50.649963378906364,1006.5597625883846,926.467495727539,846.3752288666934,0.7520997434656218,17.289816907812945,40.3824798583986,0,0,0,-0.06287693475206424,1
2023-05-31,960.0,998.0,933.75,977.7000122070312,6233565,928.2499969482421,920.0959973144531,939.6670574597795,62.507312554650795,18.867157230882412,12.900337783960452,0.011222047778941313,928.3999633789062,928.3999633789062,928.3999633789062,877.75,887.0999755859375,0,1,0,1,50.64996337890625,-90.60003662109375,1011.1864383095165,928.2499969482421,845.3135555869678,0.798119948524093,17.86941915086238,49.45001525878911,0,0,0,0.04602020505847115,1
2023-06-01,997.25,1011.0,984.0,993.9500122070312,4639202,930.6699981689453,924.4269970703125,944.8368626738035,69.30324103190719,20.818223727380655,14.483914972644495,0.016620640070687642,983.5749816894531,928.3999633789062,955.9874725341797,895.6749877929688,931.1500244140624,1,1,0,1,60.31248474121094,-62.799987792968864,1018.182672373284,930.6699981689453,843.1573239646066,0.8615477107369016,18.806381290149314,63.28001403808594,0,0,0,0.06342776221280866,0
2023-06-02,992.0,992.0,975.9000244140624,983.5499877929688,3707803,932.8199981689453,927.7729968261718,948.5238269708668,74.10281568545074,21.27996078730598,15.843124135576794,-0.010463327417210455,985.9749755859375,928.3999633789062,957.1874694824219,914.75,924.5999755859376,1,1,0,1,42.437469482421875,-58.950012207031136,1023.261769314406,932.8199981689453,842.3782270234846,0.7804566351450184,19.39104464376644,50.72998962402346,0,0,0,-0.08109107559188322,1
2023-06-05,989.6500244140624,995.0,983.0,987.8499755859376,3596959,936.3474975585938,930.5569958496094,952.2691744580164,73.97720462703445,21.74223288569158,17.02294588559975,0.004371905695019995,985.9749755859375,928.3999633789062,957.1874694824219,924.9750061035156,917.0499877929688,1,1,0,1,32.21246337890625,-70.79998779296886,1029.5538626772957,936.3474975585938,843.1411324398917,0.776281979035195,19.90849879168271,51.50247802734384,0,0,0,-0.004174656109823371,1
2023-06-06,990.0,996.0,980.0,991.8499755859376,4003295,940.7824951171875,932.5729956054688,956.0387745654375,74.27556884691573,22.175725465501387,18.05350180158008,0.004049197852768582,972.375,928.3999633789062,950.3874816894531,924.9750061035156,951.0,1,1,0,1,25.4124755859375,-40.849975585937614,1035.6742242302169,940.7824951171875,845.8907660041581,0.7690828850211044,20.172936806442024,51.06748046875009,0,0,0,-0.007199094014090579,0
2023-06-07,1006.8499755859376,1010.0,982.0,985.5499877929688,1247714,944.942495727539,933.5719958496094,958.8493663013929,77.02117890448119,21.760078455195412,18.794817132303148,-0.006351754749247318,972.375,928.3999633789062,950.3874816894531,935.0499877929688,974.6500244140624,1,1,0,1,15.337493896484375,-10.899963378906364,1040.0247327770492,944.942495727539,849.860258678029,0.7135387919211714,20.124449366901096,40.60749206542971,0,0,0,-0.05554409309993302,0
2023-06-08,987.0,993.4000244140624,971.0,976.0,636876,948.0649963378906,933.4449963378906,960.4827599869745,69.33235095944156,20.424628598049935,19.120779425452508,-0.009690008534579686,972.375,928.3999633789062,950.3874816894531,935.0499877929688,942.0499877929688,1,1,0,1,15.337493896484375,-33.95001220703125,1042.9198726781976,948.0649963378906,853.2101199975835,0.6472512786896064,20.010205356532484,27.935003662109352,0,0,0,-0.06628751323156501,0
2023-06-09,972.0,977.0,961.25,963.6500244140624,416990,951.4674987792969,932.1309973144531,960.7844042181257,56.36628616687859,18.160393437042785,18.928702227770565,-0.012653663510181934,972.375,928.3999633789062,950.3874816894531,935.0499877929688,945.5499877929688,1,1,0,1,15.337493896484375,-18.100036621093636,1043.3870419331126,951.4674987792969,859.547955625481,0.5662673312811164,19.32163595114825,12.182525634765511,0,0,0,-0.08098394740849002,0
2023-06-12,968.9500122070312,970.0,955.0,961.0999755859376,431395,956.0874969482422,931.6549963378907,960.8144586341077,39.137255314962836,15.976041271194845,18.338170036455423,-0.002646239571960085,972.375,928.3999633789062,950.3874816894531,935.0499877929688,940.5499877929688,1,1,0,1,15.337493896484375,-20.549987792968864,1039.8269167961846,956.0874969482422,872.3480771003,0.5299290265373059,17.517103845669375,5.012478637695381,0,0,0,-0.0363383047438105,0
2023-06-13,961.0,963.9000244140624,946.0499877929688,955.2999877929688,476248,960.1449951171875,932.0479956054687,960.2892709349517,38.75728214252022,13.619914009382683,17.394518831040877,-0.006034739299033753,978.5249938964844,928.3999633789062,953.4624786376953,935.0499877929688,917.2999877929688,1,1,0,1,18.412490844726562,-38.0,1035.0036046686741,960.1449951171875,885.2863855657008,0.46763894391541966,15.593188514688874,-4.845007324218727,0,0,0,-0.062290082621886234,1
2023-06-14,955.0,961.0,948.0999755859376,957.6500244140624,381844,964.2574951171875,933.3139965820312,960.0379141234383,44.46809085346278,11.80619997050735,16.27685505893417,0.0024599985880067177,978.0249938964844,928.3999633789062,953.2124786376953,916.8999633789062,903.1500244140624,1,1,0,1,36.31251525878906,-54.5,1028.2970435450852,964.2574951171875,900.21794668929,0.4484110142456377,13.282665419181377,-6.607470703125159,0,0,0,-0.019227929669781985,1
2023-06-15,952.5,991.0,951.0,962.5999755859376,969057,969.359994506836,934.9429956054687,960.2819199770097,49.67433788928124,10.64552325324155,15.150588697795648,0.005168851924693296,978.0249938964844,928.3999633789062,953.2124786376953,916.8999633789062,902.3499755859376,1,1,0,1,36.31251525878906,-60.25,1012.3300052338791,969.359994506836,926.3899837797928,0.42134026956800436,8.865645574512124,-6.7600189208983466,0,0,1,-0.027070744677633318,1
2023-06-16,967.9500122070312,987.0,963.4000244140624,975.0499877929688,1954444,973.2649932861328,937.6949951171875,961.6884026261487,48.76216318021658,10.608008015451901,14.2420725613269,0.01293373418117194,978.0249938964844,928.3999633789062,953.2124786376953,916.8999633789062,913.5499877929688,1,1,0,1,36.31251525878906,-61.5,1000.5277858321017,973.2649932861328,946.002200740164,0.5327368244435372,5.602337027230116,1.7849945068359148,0,0,1,0.11139655487553285,0
2023-06-19,982.8499755859376,984.0,957.8499755859376,960.3499755859376,430174,974.1949920654297,940.5899951171875,961.5609333842239,47.21746691665987,9.285076208469604,13.250673290755442,-0.015076162649162894,978.0249938964844,928.3999633789062,953.2124786376953,916.8999633789062,895.5999755859375,1,1,0,1,36.31251525878906,-64.75000000000011,998.1641564764143,974.1949920654297,950.2258276544451,0.21119109030878083,4.920814540457988,-13.845016479492074,0,0,1,-0.3215457341347564,1
2023-06-20,961.0,967.0,952.0,961.7000122070312,320086,972.8399932861328,942.6969958496094,961.574178986396,42.54427179915404,8.250473569257679,12.25063334645589,0.0014057756603471638,969.7250061035156,928.3999633789062,949.0624847412109,916.8999633789062,868.7000122070312,1,1,0,1,32.16252136230469,-93.0,996.4141418409655,972.8399932861328,949.2658447313,0.26372463562808496,4.846459585856906,-11.139981079101517,0,0,1,0.052533545319304126,1
2023-06-21,963.9500122070312,982.0,954.2000122070312,977.0,4202611,972.4774932861328,944.2539953613282,963.0433047972153,42.0310266241745,8.566376811829741,11.51378203953066,0.01590931433790499,968.5249938964844,928.3999633789062,948.4624786376953,923.3749694824219,874.1500244140625,1,1,0,1,25.087509155273438,-102.8499755859375,995.5564520064719,972.4774932861328,949.3985345657937,0.5979790026202868,4.746425265298872,4.5225067138671875,0,0,1,0.33425436699220185,0
2023-06-22,979.7000122070312,982.7999877929688,967.4500122070312,974.8499755859376,4562722,972.6874908447265,944.8689953613281,964.1677496342365,45.56574466906955,8.544744905465677,10.919974612717663,-0.002200639113676961,968.5249938964844,928.3999633789062,948.4624786376953,928.3999633789062,875.4000244140625,1,1,0,1,20.062515258789062,-99.44995117187511,995.7725454401472,972.6874908447265,949.6024362493059,0.5468373321854748,4.746653948509709,2.162484741211074,0,0,1,-0.05114167043481199,0
2023-06-23,973.0,973.0,938.0,959.8499755859376,5559363,972.5124908447266,945.2289953613281,963.7565330582081,37.13235871601833,7.233839623779204,10.182747614929973,-0.015386982998059962,964.5,928.3999633789062,946.4499816894531,928.3999633789062,860.5499877929688,1,1,0,1,18.050018310546875,-99.29998779296886,995.928719555513,972.5124908447266,949.0962621339402,0.22962095187949433,4.815615003658621,-12.662515258788972,0,0,1,-0.3172163803059805,1
2023-06-26,940.0,973.9000244140624,925.0,968.4500122070312,6002771,972.0424926757812,945.7749951171875,964.2035310723817,39.68256360380562,6.810382969738498,9.508274685891678,0.008959771672488515,958.0,981.5999755859375,969.7999877929688,928.3999633789062,896.9500122070312,0,0,0,1,41.4000244140625,-71.5,995.3885666880094,972.0424926757812,948.696418663553,0.4230602869915454,4.803508938783634,-3.5924804687499545,0,0,1,0.19343933511205108,0
2023-06-27,970.9500122070312,977.8499755859376,956.0999755859376,959.5499877929688,415940,971.6774932861329,945.7149951171875,963.7603364743424,38.79311524161999,5.691030276479523,8.744825804009247,-0.009189967785513176,958.0,981.5999755859375,969.7999877929688,928.3999633789062,941.75,0,0,0,1,41.4000244140625,-17.79998779296875,995.5589999904935,971.6774932861329,947.7959865817722,0.24609002599174995,4.915521223733471,-12.127505493164108,0,0,1,-0.17697026099979546,0
2023-06-28,959.8499755859376,963.4500122070312,897.7000122070312,956.6500244140624,55121312,970.6249938964844,945.8029956054687,963.0831638971728,41.152282439305296,4.517853392258644,7.899431321659127,-0.003022211886612003,942.3500061035156,967.9499816894531,955.1499938964844,928.3999633789062,988.7999877929688,0,1,0,1,26.750030517578125,32.149963378906364,995.1974614144057,970.6249938964844,946.0525263785631,0.21563764460712495,5.063225792131597,-13.974969482422011,0,0,1,-0.030452381384625,0
2023-06-30,961.6500244140624,966.5999755859376,938.25,945.9000244140624,1326330,968.2224945068359,946.0049963378906,961.4466744225908,41.76335039861148,2.6896623474444823,6.857477526816198,-0.011237129279941471,940.8500061035156,954.3500061035156,947.6000061035156,928.3999633789062,984.25,0,0,0,1,19.200042724609375,38.349975585937614,992.5981314009598,968.2224945068359,943.846857612712,0.04211514165287932,5.035131291086067,-22.32247009277353,0,0,1,-0.17352250295424562,0
2023-07-03,955.8499755859376,956.9500122070312,940.0,942.8499755859376,634378,966.1874938964844,946.20099609375,959.6755602476716,41.57044830483146,0.9833587750765673,5.682653776468272,-0.0032244938676411206,940.25,954.3500061035156,947.3000030517578,928.3999633789062,970.6500244140624,0,0,0,1,18.900039672851562,27.800048828124773,991.8657589712255,966.1874938964844,940.5092288217432,0.04557836671171524,5.3153793103209575,-23.337518310546784,0,0,1,0.0034632250588359156,1
2023-07-04,942.9000244140624,952.7999877929688,938.4500122070312,946.0,572039,964.0949951171875,946.7969958496094,958.3731259383695,45.596603306181564,-0.11341112209652238,4.523440796755314,0.0033409603814273936,940.25,954.3500061035156,947.3000030517578,928.3999633789062,963.3499755859376,0,0,0,1,18.900039672851562,17.349975585937614,989.1851017741593,964.0949951171875,939.0048884602157,0.13939979680876588,5.204903413884445,-18.094995117187523,0,0,1,0.09382143009705064,1
2023-07-05,946.0,956.2000122070312,941.0,948.2000122070312,567900,961.9124969482422,948.0189965820313,957.4042579639564,45.5192033316066,-0.7959117928581918,3.459570278832613,0.002325594299187328,940.25,954.3500061035156,947.3000030517578,928.3999633789062,977.8499755859376,0,1,0,1,18.900039672851562,29.649963378906364,984.4274379254501,961.9124969482422,939.3975559710342,0.19548033114783298,4.681286717583717,-13.712484741210915,0,0,1,0.056080534339067095,1
2023-07-06,950.9500122070312,972.9000244140624,948.4000244140624,962.2000122070312,799351,960.7449981689454,948.6399963378906,957.8609964632968,49.82534378196672,-0.20475520393517854,2.726705182279055,0.014764817358959625,937.7749938964844,954.3500061035156,946.0625,928.3999633789062,966.8499755859376,0,1,0,1,17.66253662109375,4.649963378906364,980.486849448054,960.7449981689454,941.0031468898367,0.5368510029154566,4.109696395346128,1.455014038085892,0,0,1,0.34137067176762365,0
2023-07-07,962.7999877929688,964.9000244140624,946.0,951.0,585951,959.4949981689454,949.1679968261719,957.2075682286971,39.38192101174292,-0.6327132068620358,2.0548215044508367,-0.011640004224632516,937.7749938964844,954.3500061035156,946.0625,928.3999633789062,977.7000122070312,0,1,0,1,17.66253662109375,26.70001220703125,978.3613882215209,959.4949981689454,940.6286081163698,0.2748642388588358,3.9325666290244863,-8.494998168945358,0,0,1,-0.2619867640566208,1
2023-07-10,959.8499755859376,973.0,935.25,959.4500122070312,828417,959.2849975585938,950.0159973144531,957.4211343218718,49.57945708465785,-0.28672248372959075,1.586512706814751,0.00888539664251442,937.7749938964844,953.8500061035156,945.8125,928.3999633789062,993.9500122070312,0,1,0,1,17.41253662109375,34.5,978.0549690215014,959.2849975585938,940.5150260956862,0.5043957085593755,3.9133253434959796,0.16501464843747726,0,0,1,0.22953146970053973,1
2023-07-11,952.0,973.0,946.0,965.1500244140624,603865,959.4875,950.2989978027343,958.1572190925567,51.549172559597544,0.4423221903251715,1.3576746035168352,0.00594091629007254,935.3500061035156,953.8500061035156,944.6000061035156,928.3999633789062,983.5499877929688,0,1,0,1,16.200042724609375,18.399963378906364,978.4181280592691,959.4875,940.5568719407308,0.649559866591163,3.945987427510856,5.662524414062432,0,0,1,0.1451641580317875,0
2023-07-12,963.0499877929688,969.4500122070312,950.0,954.5499877929688,550399,959.45,949.8969970703125,957.8136732545007,39.47493271266255,0.16288336187255936,1.11871635518798,-0.010982786461129601,954.125,953.8500061035156,953.9875030517578,928.3999633789062,987.8499755859376,1,1,0,1,25.587539672851562,33.299987792968864,978.4165971481575,959.45,940.4834028518426,0.3708252152783423,3.9536395118364607,-4.9000122070312955,0,0,1,-0.27873465131282077,0
2023-07-13,960.0,970.0,945.0,947.0499877929688,542919,958.9199981689453,949.9969970703125,956.7885603534024,37.5893114537187,-0.6561970121215381,0.7637336817260764,-0.007857105542833698,954.125,953.8500061035156,953.9875030517578,928.3999633789062,991.8499755859376,1,0,0,1,25.587539672851562,44.799987792968864,978.6357856942188,958.9199981689453,939.2042106436718,0.19897194416503827,4.11208183433879,-11.870010375976562,0,0,1,-0.171853271113304,1
2023-07-14,952.9500122070312,968.2999877929688,945.9500122070312,965.2000122070312,618578,959.05,950.3899975585938,957.589651006129,52.32306859724339,0.15741657418550403,0.6424702602179619,0.01916480085318395,954.125,945.5500183105469,949.8375091552734,928.3999633789062,985.5499877929688,1,1,0,1,21.437545776367188,20.3499755859375,978.8949979678309,959.05,939.205002032169,0.6549511926632734,4.138469937507112,6.1500122070312955,0,0,1,0.4559792484982351,1
2023-07-17,970.1500244140624,979.0,961.0,965.2999877929688,754573,958.5625,950.8849975585938,958.3239687953518,48.5231973335714,0.8010444555075082,0.6741850992758713,0.0001035801747546472,957.125,944.3500061035156,950.7375030517578,928.3999633789062,976.0,1,1,0,1,22.337539672851562,10.70001220703125,977.2570411002957,958.5625,939.8679588997043,0.6801993361811424,3.900536709978898,6.73748779296875,0,0,1,0.02524814351786897,1
2023-07-18,968.0,1020.0,957.0999755859376,973.75,2254479,959.2325012207032,952.0139978027344,959.7931146243659,56.6854963525506,1.9702576502036209,0.9333996094614212,0.008753768065770995,977.625,958.8500061035156,968.2375030517578,928.3999633789062,963.6500244140624,1,1,0,1,39.83753967285156,-10.099975585937614,979.0613508561105,959.2325012207032,939.4036515852958,0.8660701212180686,4.1343156346711485,14.51749877929683,0,0,1,0.18587078503692622,1
2023-07-19,982.0,988.0,971.0999755859376,979.6500244140624,735702,960.1300018310546,953.5439978027343,961.6842488900513,60.53111669543294,3.3345120135494426,1.4136220902790255,0.0060590751363927,977.625,958.8500061035156,968.2375030517578,928.3999633789062,961.0999755859376,1,1,0,1,39.83753967285156,-18.550048828124773,981.8582916178278,960.1300018310546,938.4017120442815,0.9491845141648079,4.526114118991257,19.520022583007744,0,0,1,0.08311439294673928,1
2023-07-20,981.9500122070312,991.7000122070312,977.1500244140624,985.0,821313,960.5300018310547,955.1969982910156,963.9047966148083,68.83425395522465,4.792150812045634,2.089327834632347,0.005461109021190902,977.625,958.8500061035156,968.2375030517578,928.3999633789062,955.2999877929688,1,1,0,1,39.83753967285156,-29.70001220703125,983.730488274201,960.5300018310547,937.3295153879085,1.0273595928453916,4.830767680118111,24.469998168945267,1,0,1,0.07817507868058371,1
2023-07-21,985.0,1000.0,979.7000122070312,995.5499877929688,729192,961.5650024414062,956.8369982910157,966.9186243460617,73.67473503474835,6.72115857427184,3.0156939825602462,0.010710647505552062,982.5,958.8500061035156,970.6750030517578,928.3999633789062,957.6500244140624,1,1,0,1,42.27503967285156,-37.899963378906364,988.7356708143283,961.5650024414062,934.3943340684842,1.1253984054627002,5.651343030151035,33.9849853515625,1,0,1,0.09803881261730862,0
2023-07-24,998.9500122070312,1004.9500122070312,986.1500244140624,989.1500244140624,479401,963.0300048828125,958.7079992675781,969.0359005430141,68.83457268482105,7.645356653205454,3.941626516689288,-0.006428570596534677,982.5,958.8500061035156,970.6750030517578,928.3999633789062,962.5999755859376,1,1,0,1,42.27503967285156,-26.550048828124773,992.7160068911894,963.0300048828125,933.3440028744355,0.9399383171213025,6.1651250444661505,26.12001953124991,0,0,1,-0.1854600883413977,1
2023-07-25,990.0,1088.050048828125,990.0,1088.050048828125,3645365,969.0100067138671,963.095,980.3705813320722,83.1005908201418,16.171777532657643,6.387656719882959,0.09998485767884158,1016.5250244140625,992.8750305175781,1004.7000274658203,953.3250122070312,975.0499877929688,1,1,0,1,51.37501525878906,-113.00006103515625,1031.1255764961868,969.0100067138671,906.8944369315475,1.4582142008149217,12.820418644172241,119.04004211425786,1,0,0,0.5182758836936192,1
2023-07-26,1114.0,1184.8499755859375,1100.0,1140.4000244140625,6346278,978.0525085449219,968.42,995.6114806732141,85.697112592485,26.843794478882614,10.47888427168289,0.04811357312314879,1065.3999938964844,1041.2749938964844,1053.3374938964844,1001.7249755859375,960.3499755859376,1,1,0,1,51.612518310546875,-180.0500488281249,1074.9456759706047,978.0525085449219,881.159341119239,1.3377655524248462,19.813489885084746,162.34751586914058,1,0,0,-0.12044864839007552,0
2023-07-27,1148.0,1172.5,1111.199951171875,1119.199951171875,2025025,986.1800048828125,973.2959985351563,1007.3818111968961,82.39597224547221,33.20797519544976,15.024702456436266,-0.01859003225914524,1070.9749755859375,1041.2749938964844,1056.124984741211,1001.7249755859375,961.7000122070312,1,1,0,1,54.40000915527344,-157.49993896484375,1100.2719325268092,986.1800048828125,872.0880772388157,1.082950735586339,23.13815471396711,133.01994628906255,1,0,0,-0.25481481683850715,0
2023-07-28,1129.0,1134.800048828125,1085.0,1092.5999755859375,1524478,993.5150024414063,977.9369982910156,1015.4978268529953,73.96938508000054,35.69378283040123,19.158518531229262,-0.023766955634768938,1070.9749755859375,1041.2749938964844,1056.124984741211,1001.7249755859375,977.0,1,1,0,1,54.40000915527344,-115.5999755859375,1114.9329000692385,993.5150024414063,872.097104813574,0.9080328150971803,24.442086396172567,99.0849731445312,0,0,0,-0.17491792048915877,1
2023-07-31,1109.0,1137.9000244140625,1080.0,1093.300048828125,3152824,1001.0375061035156,981.8639990234375,1022.9075622791981,73.49220294409743,37.290432457384895,22.78490131646039,0.0006407406716371078,1077.9749755859375,1041.2749938964844,1059.624984741211,1001.7249755859375,974.8499755859376,1,1,0,1,57.90000915527344,-118.45007324218739,1127.504797235269,1001.0375061035156,874.5702149717623,0.8647683993977953,25.267243307200438,92.26254272460938,0,0,0,-0.043264415699384995,0
2023-08-01,1115.0,1131.8499755859375,1083.800048828125,1087.050048828125,2143083,1008.0900085449218,984.77,1029.016370521953,74.68331200666199,37.61783108300017,25.751487269768347,-0.00571663744705686,1081.0,1041.2749938964844,1061.1374969482422,1001.7249755859375,959.8499755859376,1,1,0,1,59.41252136230469,-127.20007324218739,1137.1978342141313,1008.0900085449218,878.9821828757123,0.8057910698825832,25.61434486501138,78.96004028320317,0,0,0,-0.05897732951521206,0
2023-08-02,1087.0,1094.0,1045.050048828125,1052.449951171875,1245613,1013.3025054931641,986.0429992675781,1031.2481401076598,67.83416210968764,34.68552499564191,27.53829481494306,-0.03182935108972218,1082.2749938964844,1041.2749938964844,1061.7749938964844,1041.2749938964844,968.4500122070312,1,0,0,1,20.5,-83.99993896484375,1140.7244373612375,1013.3025054931641,885.8805736250906,0.6536134521929958,25.149830613723484,39.14744567871094,0,0,0,-0.15217761768958737,0
2023-08-03,1052.449951171875,1067.0,1028.050048828125,1036.0,2555083,1016.9925048828125,987.0779992675781,1031.7006981926445,62.04900635093622,30.680610731201455,28.16675799819474,-0.01563015053928063,1085.5,1041.2749938964844,1063.3874969482422,1041.2749938964844,959.5499877929688,1,0,1,1,22.112503051757812,-76.45001220703125,1142.5418044681753,1016.9925048828125,891.4432052974497,0.5756973363450109,24.69030970878783,19.007495117187545,0,0,0,-0.07791611584798497,0
2023-08-04,1041.699951171875,1062.25,1008.1500244140624,1012.5499877929688,924378,1020.0700042724609,987.9159985351563,1029.876821011723,57.44915310993367,25.322564556150724,27.59791930978594,-0.02263514691798385,1087.4249877929688,1060.0499877929688,1073.7374877929688,1041.2749938964844,956.6500244140624,1,0,1,1,32.462493896484375,-55.899963378906364,1141.9621191440926,1020.0700042724609,898.1778894008291,0.4691529821784957,23.89877446863428,-7.520016479492142,0,0,0,-0.10654435416651514,0
2023-08-07,1015.9000244140624,1018.5,885.0999755859375,965.9000244140624,9340727,1020.3925048828125,987.9669995117188,1023.7837927643268,48.89545892378911,17.11472429696846,25.501280307222444,-0.04607176331174345,1034.9749755859375,1034.9749755859375,1034.9749755859375,1034.9749755859375,945.9000244140624,0,0,1,0,0.0,-20.0,1141.6739638832453,1020.3925048828125,899.1110458823797,0.27534702782328974,23.771530743331244,-54.49248046875016,0,0,0,-0.19380595435520598,1
2023-08-08,977.7000122070312,1014.7999877929688,973.4000244140624,984.2999877929688,3855260,1021.3500030517578,988.0959997558593,1020.0234303861022,50.632046067144486,11.956843972599245,22.792393040297807,0.01904955265951891,1028.7999877929688,1034.9749755859375,1031.8874816894531,1034.9749755859375,942.8499755859376,0,0,1,0,3.087493896484375,-41.450012207031136,1141.1653305963068,1021.3500030517578,901.5346755072086,0.3453869967303924,23.46214856543695,-37.05001525878902,0,0,0,0.07003996890710268,0
2023-08-09,994.9000244140624,1003.0,960.0999755859376,971.2999877929688,1692921,1022.1875030517579,988.185,1015.3831025200894,48.17576431688668,6.742472277180582,19.582408887674365,-0.013207355644846652,1011.5,1034.9749755859375,1023.2374877929688,1034.9749755859375,946.0,0,0,1,0,11.73748779296875,-25.29998779296875,1140.3461230816722,1022.1875030517579,904.0288830218435,0.2846643975449871,23.118776090912835,-50.88751525878911,0,0,0,-0.06072259918540529,1
2023-08-10,976.6500244140624,988.0,970.4500122070312,973.9000244140624,1202964,1023.5300048828125,988.1090002441406,1011.4323331766583,47.05482833524937,2.787711365618634,16.223469383263218,0.002676862610697217,1011.5,1034.9749755859375,1023.2374877929688,1034.9749755859375,948.2000122070312,0,0,1,0,11.73748779296875,-25.700012207031136,1138.8185868044077,1023.5300048828125,908.2414229612174,0.28475760720822185,22.527640884312902,-49.62998046875009,0,0,0,9.32096632347279e-05,0
2023-08-11,979.0499877929688,988.0,967.0499877929688,971.3499755859376,816244,1023.8375030517578,987.6569995117187,1007.6149657870658,47.55292283898411,-0.5459395270580671,12.869587601198962,-0.002618388709517694,1008.4749755859375,1034.9749755859375,1021.7249755859375,1034.9749755859375,962.2000122070312,0,0,1,0,13.25,-9.149963378906364,1138.53341572248,1023.8375030517578,909.1415903810357,0.27118832640311485,22.40510087369283,-52.48752746582022,0,0,0,-0.013569280805106998,0
2023-08-14,950.0,958.7999877929688,940.0999755859376,951.25,1039901,1023.1350036621094,987.0109997558594,1002.2468738073452,25.991579766416933,-4.754969594819045,9.34467616199536,-0.02069282554293872,989.5499877929688,1034.9749755859375,1012.2624816894531,1034.9749755859375,951.0,0,0,1,0,22.712493896484375,-0.25,1139.417587668156,1023.1350036621094,906.8524196560627,0.1909038258972153,22.730643285555903,-71.8850036621094,0,0,0,-0.08028450050589955,0
2023-08-16,956.5999755859376,962.75,942.7999877929688,948.5,812634,1021.8725036621094,986.2240002441406,997.1281239209314,9.222293872261531,-8.217828256514167,5.832175278293455,-0.002890932982917205,976.0499877929688,1034.9749755859375,1005.5124816894531,1034.9749755859375,959.4500122070312,0,0,1,0,29.462493896484375,10.95001220703125,1140.790814931277,1021.8725036621094,902.9541923929416,0.1915003968731397,23.274588726675248,-73.37250366210935,0,0,0,0.0005965709759243876,0
2023-08-17,955.0,959.6500244140624,930.0,933.5,1203944,1019.5650024414062,985.0570007324219,991.0683025951284,9.471874287346253,-12.033824891671088,2.2589752443005464,-0.015814443858724325,973.6749877929688,1034.9749755859375,1004.3249816894531,1034.9749755859375,965.1500244140624,0,0,1,0,30.649993896484375,31.650024414062386,1143.3618474638383,1019.5650024414062,895.7681574189742,0.15239420105653254,24.28424764011976,-86.06500244140625,0,0,0,-0.03910619581660715,1
2023-08-18,940.5499877929688,1024.949951171875,938.1500244140624,994.75,5524623,1020.0525024414062,985.2410009765625,991.4189404432115,31.450250180386277,-10.000388353498693,-0.19289747525930134,0.06561328334226024,955.0249633789062,1034.9749755859375,994.9999694824219,1034.9749755859375,954.5499877929688,0,0,1,0,39.975006103515625,-40.20001220703125,1143.376941231885,1020.0525024414062,896.7280636509273,0.39741488917539836,24.18001789031694,-25.302502441406205,0,0,0,0.24502068811886582,1
2023-08-21,1006.4000244140624,1035.0,1003.4000244140624,1020.0499877929688,2525140,1021.2775024414062,986.1220007324218,994.145706857474,37.29841308613904,-6.275042884511436,-1.4093265571097282,0.025433513740104274,982.5,1034.9749755859375,1008.7374877929688,1034.9749755859375,947.0499877929688,0,0,0,0,26.23748779296875,-73.0,1144.0897170596268,1021.2775024414062,898.4652878231857,0.4950024732790082,24.050704010346422,-1.2275146484374773,0,0,0,0.09758758410360985,0
2023-08-22,1029.9000244140625,1044.8499755859375,1009.1500244140624,1015.0999755859376,1863617,1022.575,987.1509997558594,996.1413514982801,37.46732955874386,-3.679687232908236,-1.86339869226943,-0.004852715324021761,987.4249877929688,1034.9749755859375,1011.1999816894531,1034.9749755859375,965.2000122070312,0,0,0,0,23.774993896484375,-49.899963378906364,1144.5475520701445,1022.575,900.6024479298555,0.4693577600566902,23.855962070292055,-7.475024414062432,0,0,0,-0.025644713222317983,0
2023-08-23,1020.7999877929688,1024.800048828125,953.0,971.5,1549871,1016.7474975585938,987.3590002441406,993.7945561174915,36.328327782682216,-5.082415903232459,-2.5072021344620357,-0.04295141033844552,987.4249877929688,1034.9749755859375,1011.1999816894531,1034.9749755859375,965.2999877929688,0,0,1,0,23.774993896484375,-6.20001220703125,1136.771657796759,1016.7474975585938,896.7233373204284,0.3115067105289111,23.6094331240286,-45.24749755859375,0,0,0,-0.15785104952777912,1
2023-08-24,985.0,1001.9500122070312,977.0999755859376,983.6500244140624,949991,1008.9099975585938,987.9260009765625,992.8284102409744,41.02828181903382,-5.154267860874825,-3.036615279744594,0.012506458480764149,987.4249877929688,1034.9749755859375,1011.1999816894531,1034.9749755859375,973.75,0,0,1,0,23.774993896484375,-9.900024414062386,1115.3110900437703,1008.9099975585938,902.5089050734174,0.3812983374768891,21.092286277794972,-25.259973144531386,0,0,0,0.06979162694797802,0
2023-08-25,985.4000244140624,995.0,973.0,979.4500122070312,589826,1001.9225006103516,988.3620007324218,991.5542770948846,43.926609984231646,-5.486867743225275,-3.5266657724407304,-0.00426982372061957,987.4249877929688,1034.9749755859375,1011.1999816894531,1034.9749755859375,979.6500244140624,0,0,1,0,23.774993896484375,0.2000122070311363,1096.085632468905,1001.9225006103516,907.7593687517981,0.3806725734384174,18.796490108005585,-22.472488403320312,0,0,0,-0.0006257640384716989,1
2023-08-28,997.0999755859376,998.5,965.5999755859376,980.0999755859376,650632,996.2975006103516,988.7120007324219,990.4633912368897,53.1346470578091,-5.633074358792442,-3.9479474897110727,0.0006636003581661498,987.4249877929688,1034.9749755859375,1011.1999816894531,1034.9749755859375,985.0,0,0,1,0,23.774993896484375,4.900024414062386,1081.0966546598472,996.2975006103516,911.498346560856,0.4044947723478478,17.022857930998715,-16.19752502441395,0,0,0,0.02382219890943038,0
2023-08-29,984.0499877929688,985.0,963.0499877929688,974.5,1469569,990.3574981689453,988.7010009765625,988.9430682619479,47.70706896743773,-6.130150821049142,-4.384388155978687,-0.0057136779159593365,987.4249877929688,1034.9749755859375,1011.1999816894531,1034.9749755859375,995.5499877929688,0,0,1,0,23.774993896484375,21.04998779296875,1062.90327231133,990.3574981689453,917.8117240265605,0.3907069477415603,14.650421545050834,-15.857498168945312,0,0,0,-0.013787824606287524,0
2023-08-30,974.5,977.8499755859376,966.0,970.5,705104,984.529995727539,988.9040014648438,987.1865855703338,49.80459507932036,-6.768827242235375,-4.8612759732300255,-0.004104669061056998,991.5,1034.9749755859375,1013.2374877929688,1034.9749755859375,989.1500244140624,0,0,1,0,21.73748779296875,18.650024414062386,1042.2883231203052,984.529995727539,926.7716683347728,0.37854568890012413,11.73317778907985,-14.029995727539017,0,0,0,-0.012161258841436151,0
2023-08-31,932.0499877929688,959.8499755859376,920.7000122070312,928.6500244140624,4440751,978.3399993896485,988.2430017089844,981.6116749840223,40.72555665975127,-10.530536710222577,-5.995128120628536,-0.04312207685310421,982.7749938964844,1034.9749755859375,1008.8749847412109,1034.9749755859375,1088.050048828125,0,0,1,0,26.099990844726562,159.4000244140626,1032.0489403012377,978.3399993896485,924.6310584780593,0.037414310055179645,10.97960646505229,-49.6899749755861,0,0,0,-0.3411313788449445,1
2023-09-01,928.5999755859376,957.0,905.1500244140624,949.0999755859376,4096797,973.9949981689454,987.6850012207032,978.5153226603952,45.75138200360455,-11.726403730288439,-7.141383242560517,0.02202116043100122,975.0,1028.7999877929688,1001.8999938964844,1034.9749755859375,1140.4000244140625,0,0,1,0,33.074981689453125,191.3000488281249,1022.1114699405142,973.9949981689454,925.8785263973765,0.24130457132023383,9.880229746975099,-24.895022583007744,0,0,1,0.2038902612650542,1
2023-09-04,952.9000244140624,964.0,942.0,959.2000122070312,4893856,971.3274993896484,987.372001953125,976.6757692838844,51.57832338780251,-11.72400142318395,-8.057906878685204,0.010641699379307479,964.9750366210938,1011.5,988.2375183105469,1034.9749755859375,1119.199951171875,0,0,1,0,46.737457275390625,159.99993896484375,1016.4186685221401,971.3274993896484,926.2363302571567,0.3655225910534399,9.284441995274625,-12.127487182617188,0,0,1,0.12421801973320609,1
2023-09-05,959.2000122070312,968.5,951.7000122070312,962.0999755859376,5108072,971.1374969482422,987.417001953125,975.2875984555085,52.69840916147829,-11.35717630991951,-8.717760764932065,0.0030233145767313285,953.5500183105469,1011.5,982.5250091552734,1034.9749755859375,1092.5999755859375,0,0,1,0,52.44996643066406,130.4999999999999,1016.3504051959042,971.1374969482422,925.9245887005802,0.40005596064734544,9.311329938292278,-9.037521362304574,0,0,1,0.034533369593905516,1
2023-09-06,963.0,1015.0,954.0,1006.0999755859376,7453688,972.2274963378907,988.1700012207032,978.2221105631685,62.91815073387748,-7.430379696280056,-8.460284551201664,0.04573329291813266,960.0750122070312,1008.4749755859375,984.2749938964844,1034.9749755859375,1093.300048828125,0,0,0,0,50.699981689453125,87.20007324218739,1019.6540651256968,972.2274963378907,924.8009275500846,0.8571044681684408,9.756269796204847,33.87247924804694,0,0,1,0.4570485075210953,0
2023-09-07,1009.8499755859376,1015.1500244140624,995.0,1002.6500244140624,5105272,973.7949981689453,989.032001953125,980.548578548968,51.7697200857774,-4.544362731256001,-7.677100187212532,-0.0034290341472933417,960.1500244140624,989.5499877929688,974.8500061035156,1034.9749755859375,1087.050048828125,0,0,0,0,60.124969482421875,84.40002441406261,1023.0330441040953,973.7949981689453,924.5569522337953,0.7930155502426028,10.11261015464933,28.855026245117074,0,0,0,-0.06408891792583793,0
2023-09-08,1002.6500244140624,1012.3499755859376,998.0,1001.2000122070312,5254899,975.1599975585938,989.9230017089844,982.5153817544979,45.272137086255746,-2.3471212084361923,-6.611104391457264,-0.0014461797952665112,960.1500244140624,976.0499877929688,968.1000061035156,1034.9749755859375,1052.449951171875,0,0,0,0,66.87496948242188,51.24993896484375,1025.8269199731244,975.1599975585938,924.4930751440633,0.7569725316587366,10.391509606911697,26.040014648437477,0,0,0,-0.03604301858386627,1
2023-09-11,1017.9500122070312,1025.8499755859375,1002.7999877929688,1014.6500244140624,7208880,977.325,991.2980017089844,985.5758239125516,49.891760527066864,0.4740475818946379,-5.194073996786884,0.013433891373395124,965.5,973.6749877929688,969.5874938964844,1034.9749755859375,1036.0,0,0,0,0,65.38748168945312,21.349975585937614,1030.7794411194948,977.325,923.8705588805052,0.8491293111700872,10.938928425957545,37.32502441406234,0,0,0,0.0921567795113506,0
2023-09-12,1021.9500122070312,1026.949951171875,985.0,1004.7999877929688,7833978,980.0024993896484,992.537001953125,987.4066966630675,59.563470458584234,1.8932048514750477,-3.776618227134498,-0.009707816866985075,966.0499877929688,964.9749755859375,965.5124816894531,1034.9749755859375,1012.5499877929688,1,0,0,0,69.46249389648438,7.75,1033.3288074309517,980.0024993896484,926.6761913483451,0.732507080596258,10.882892252726952,24.797488403320358,0,0,0,-0.11662223057382914,0
2023-09-13,1002.75,1002.9000244140624,967.0,985.7999877929688,962195,981.8674987792969,993.3330017089844,987.2536767706771,50.59407700587216,1.467835705403104,-2.727727440626978,-0.01890923589851279,966.0499877929688,975.0,970.5249938964844,1034.9749755859375,965.9000244140624,0,0,0,0,64.44998168945312,-19.899963378906364,1033.2291860492917,981.8674987792969,930.505811509302,0.5382823192022475,10.46204041458752,3.9324890136718977,0,0,0,-0.19422476139401057,0
2023-09-14,990.9500122070312,999.9500122070312,982.0,983.7999877929688,466895,984.3824981689453,994.0450012207032,986.9247540108953,51.216777218625175,0.958297648447342,-1.9905224228121141,-0.0020288091141872355,984.4749755859375,975.0,979.7374877929688,1034.9749755859375,984.2999877929688,1,0,0,0,55.23748779296875,0.5,1030.7029682294433,984.3824981689453,938.0620281084472,0.4937121711500803,9.411071437507063,-0.5825103759765398,0,0,1,-0.044570148052167136,1
2023-09-15,990.0,1012.0,983.7999877929688,1006.4500122070312,1393292,984.9674987792969,994.9300012207032,988.7843024105273,56.56290028205391,2.35500570353895,-1.1214167975419014,0.023022997250564003,989.3249816894531,975.0,982.1624908447266,1034.9749755859375,971.2999877929688,1,0,0,0,52.81248474121094,-35.1500244140625,1032.0855957282388,984.9674987792969,937.8494018303551,0.7279645700781721,9.567441972925378,21.482513427734375,0,0,1,0.23425239892809174,0
2023-09-18,1015.0,1029.949951171875,1001.0,1004.9500122070312,5210864,984.2125,996.0090014648438,990.3238938197181,57.742186086340624,3.302796849795641,-0.23657406807439296,-0.0014903869857487706,991.9749755859375,975.0,983.4874877929688,1034.9749755859375,973.9000244140624,1,0,0,0,51.48748779296875,-31.049987792968864,1029.5064171298086,984.2125,938.9185828701914,0.7289216027352997,9.204093044908213,20.737512207031273,0,0,1,0.0009570326571276544,1
2023-09-20,1004.9500122070312,1025.25,988.1500244140624,1008.9500122070312,7657175,983.9050018310547,996.9990014648438,992.0978098566051,59.77625714909123,4.326817869229899,0.6761043193864654,0.003980297478891837,998.4749755859375,975.0,986.7374877929688,1034.9749755859375,971.3499755859376,1,0,0,0,48.23748779296875,-37.600036621093636,1028.4329973045833,983.9050018310547,939.377006357526,0.7812276873193803,9.051279420403734,25.045010375976517,0,0,1,0.05230608458408059,1
2023-09-21,1017.4500122070312,1026.0,1007.9000244140624,1023.4500122070312,8252497,986.5025024414062,998.1650012207032,995.083733889979,77.99763574374752,6.236500230675574,1.7881835016442873,0.014371376009284953,998.4749755859375,975.0,986.7374877929688,1034.9749755859375,951.25,1,0,0,0,48.23748779296875,-72.20001220703125,1033.807249541977,986.5025024414062,939.1977553408356,0.8905264485092159,9.590395763518172,36.947509765625,0,0,1,0.10929876118983561,0
2023-09-22,1025.0,1025.449951171875,999.0,1018.7999877929688,6840537,988.2600006103515,999.4500012207031,997.3424247378829,72.70357801065231,7.290676768798448,2.8886821550751196,-0.0045434797582687425,998.4749755859375,975.0,986.7374877929688,1034.9749755859375,948.5,1,0,0,0,48.23748779296875,-70.29998779296875,1037.5791863783782,988.2600006103515,938.9408148423249,0.8096156871512682,9.981014254865517,30.53998718261721,0,0,0,-0.08091076135794772,0
2023-09-25,1021.9500122070312,1021.9500122070312,1002.4000244140624,1013.7999877929688,4649263,989.9774993896484,1000.7850012207032,998.9098116955101,68.39621516287417,7.6346535235237525,3.8378764287648464,-0.004907734648516793,998.4749755859375,975.0,986.7374877929688,1034.9749755859375,933.5,1,0,0,0,48.23748779296875,-80.29998779296875,1040.3314256170825,989.9774993896484,939.6235731622145,0.7365504558246466,10.17274155391991,23.822488403320335,0,0,0,-0.07306523132662157,0
2023-09-26,1016.5999755859376,1016.5999755859376,999.0,1012.2999877929688,5535950,991.5875,1001.7270007324219,1000.1850665619348,67.0748269944682,7.697488262712795,4.609798795554436,-0.001479581789368023,998.4749755859375,975.0,986.7374877929688,1034.9749755859375,994.75,1,0,0,0,48.23748779296875,-17.54998779296875,1042.6295912684932,991.5875,940.5454087315067,0.7028961517663562,10.295025152796553,20.712487792968773,0,0,0,-0.033654304058290396,1
2023-09-27,1000.0,1020.0,998.0,1018.75,5379612,993.8,1002.7960009765625,1001.9531554607981,55.7789017582797,8.173527983576264,5.3225446331588016,0.006371641099288894,1005.9749755859375,975.0,990.4874877929688,1034.9749755859375,1020.0499877929688,1,0,0,0,44.48748779296875,1.29998779296875,1045.5192247240923,993.8,942.0807752759077,0.7412062451931687,10.408376881483655,24.950000000000045,0,0,0,0.038310093426812464,0
2023-09-28,1020.0,1021.25,1001.0,1012.4500122070312,3914462,995.8975006103516,1003.5700012207031,1002.9528561032965,54.363302852018485,7.950784830014982,5.848192672530038,-0.006184037097392681,1006.8749694824219,967.5499877929688,987.2124786376953,1034.9749755859375,1015.0999755859376,1,0,0,0,47.76249694824219,2.6499633789063637,1047.066502573297,995.8975006103516,944.7284986474064,0.6617435455226031,10.275957501968938,16.552511596679665,0,0,0,-0.07946269967056563,0
2023-09-29,1005.0499877929688,1011.9500122070312,984.0,987.1500244140624,895626,998.8225006103515,1003.7200012207031,1001.4478245138457,44.84025744581364,5.667431084281247,5.81204035488028,-0.02498887598195354,1006.9749755859375,967.5499877929688,987.2624816894531,1034.9749755859375,971.5,1,0,1,0,47.712493896484375,-15.650024414062386,1039.9917041354463,998.8225006103515,957.6532970852568,0.35823777002178125,8.243547477141824,-11.672476196289153,0,0,1,-0.3035057755008218,0
2023-10-03,995.0999755859376,997.9500122070312,970.0,973.9500122070312,500850,1000.0650024414062,1003.4990014648438,998.82898524653,35.02575915515543,2.7609001833957336,5.201812320583371,-0.013371840024890003,998.0,967.5499877929688,982.7749938964844,1034.9749755859375,983.6500244140624,1,0,1,0,52.199981689453125,9.700012207031136,1036.3691387429892,1000.0650024414062,963.7608661398233,0.14033037423842643,7.260355319495347,-26.114990234375,0,0,1,-0.21790739578335483,0
2023-10-04,975.0499877929688,997.4000244140624,965.25,971.9000244140624,755636,1000.7000030517578,1003.0260021972656,996.2643223101045,37.158487910420774,0.2887085689222886,4.219191570251154,-0.0021048182835621265,995.625,967.5499877929688,981.5874938964844,1034.9749755859375,979.4500122070312,1,0,1,0,53.387481689453125,7.549987792968864,1034.4793032456391,1000.7000030517578,966.9207028578764,0.0737037405690227,6.75113422421649,-28.799978637695403,0,0,1,-0.06662663366940373,0
2023-10-05,978.9500122070312,982.0999755859376,955.0,959.6500244140624,451208,1000.577505493164,1002.4360021972657,992.7772463200052,39.22539946957016,-2.628691796479302,2.849614896905063,-0.012604177067888522,990.2249755859375,967.5499877929688,978.8874816894531,1034.9749755859375,980.0999755859376,1,0,1,0,56.087493896484375,20.449951171875227,1034.928762007876,1000.577505493164,966.226248978452,-0.09572029136071193,6.866285985068392,-40.92748107910165,0,1,1,-0.16942403192973463,1
2023-10-06,965.0,968.9500122070312,958.5499877929688,961.25,359021,998.3350067138672,999.9000012207031,989.7746514323857,40.67797208884539,-4.756814351730668,1.328329047177917,0.0016672490441653753,988.4750061035156,967.5499877929688,978.0124969482422,1034.9749755859375,974.5,1,0,1,0,56.96247863769531,13.25,1036.5858187773626,998.3350067138672,960.0841946503717,0.015238962086518086,7.662921124924256,-37.08500671386719,0,0,1,0.11095925344723001,0
2023-10-09,955.0,955.0,935.6500244140624,938.9500122070312,574852,995.1500061035156,995.8710009765625,984.9342096013995,22.01491970788149,-8.148854532614791,-0.5671076687806247,-0.023198946988784108,978.4500122070312,967.5499877929688,973.0,1034.9749755859375,970.5,1,0,1,0,61.9749755859375,31.54998779296875,1041.238392351354,995.1500061035156,949.0616198556771,-0.10969800064457799,9.262600806946944,-56.19999389648433,0,1,1,-0.12493696273109609,1
2023-10-10,941.0499877929688,949.0,938.0,939.75,356178,992.077505493164,992.282001953125,980.6309515441234,22.810662168016293,-10.649754741758784,-2.5836370833762565,0.0008520025374816331,978.4500122070312,967.5499877929688,973.0,1034.9749755859375,928.6500244140624,1,0,1,0,61.9749755859375,-11.099975585937614,1043.9705679139824,992.077505493164,940.1844430723456,-0.004185945597338078,10.461493609820787,-52.32750549316404,0,1,0,0.10551205504723991,1
2023-10-11,949.6500244140624,970.8499755859376,946.2999877929688,962.4500122070312,775846,989.4675048828125,989.6790026855468,978.8994335120193,33.22510527025018,-10.676957581504325,-4.20230118300187,0.02415537345786789,978.4500122070312,982.7999877929688,980.625,1028.7999877929688,949.0999755859376,0,0,1,0,48.17498779296875,-13.350036621093636,1041.8057840316724,989.4675048828125,937.1292257339527,0.24189548151804446,10.57907993755864,-27.017492675781227,0,0,0,0.24608142711538256,0
2023-10-12,965.9500122070312,969.9500122070312,945.1500244140624,948.6500244140624,353632,986.6600067138672,986.7860021972656,976.0185374074521,22.87889497568554,-11.677449344487627,-5.697330815299022,-0.0143383943248373,973.8000183105469,982.7999877929688,978.3000030517578,1011.5,959.2000122070312,0,0,1,0,33.19999694824219,10.549987792968864,1041.3771303253548,986.6600067138672,931.9428831023796,0.15266830755130567,11.091383706475826,-38.00998229980485,0,0,0,-0.0892271739667388,1
2023-10-13,949.9500122070312,952.5,941.7000122070312,948.9000244140624,290187,984.8150085449219,984.0230017089843,973.4358218842722,23.820226465678815,-12.30829104660279,-7.019522861559776,0.00026353238134824153,966.8000183105469,982.7999877929688,974.8000030517578,1011.5,962.0999755859376,0,0,1,0,36.69999694824219,13.199951171875227,1041.958362222219,984.8150085449219,927.6716548676247,0.18574661951343974,11.604890904684167,-35.914984130859466,0,0,0,0.033078311962134066,0
2023-10-16,950.0,956.5999755859376,936.0,938.7999877929688,376852,982.5650085449219,981.7500024414062,970.1371710184338,22.943718177822873,-13.467975745423132,-8.309213438332447,-0.010643941786523059,966.5250244140624,982.7999877929688,974.6625061035156,1008.4749755859375,1006.0999755859376,0,0,1,0,33.812469482421875,67.29998779296886,1043.132188131096,982.5650085449219,921.9978289587477,0.13870679590020488,12.328381137013602,-43.7650207519531,0,0,0,-0.04703982361323486,1
2023-10-17,949.9500122070312,958.4500122070312,945.2000122070312,948.6500244140624,363315,979.6750091552734,980.0030029296875,968.0907761037319,28.342988060037456,-13.437321511244363,-9.334835052914832,0.010492156741767955,958.875,982.7999877929688,970.8374938964844,989.5499877929688,1002.6500244140624,0,0,1,0,18.712493896484375,54.0,1040.919775518341,979.6750091552734,918.4302427922058,0.2467131758059898,12.503078223027462,-31.02498474121103,0,0,0,0.10800637990578493,0
2023-10-18,949.4000244140624,953.9500122070312,937.0,939.0499877929688,281564,976.3800079345704,978.5330029296875,965.324986740802,23.4510350559665,-14.025987679183004,-10.273065578168467,-0.010119682047152412,953.25,982.7999877929688,968.0249938964844,976.0499877929688,1001.2000122070312,0,0,1,0,8.024993896484375,62.1500244140625,1038.908454188842,976.3800079345704,913.8515616802987,0.20149570013462983,12.80821928882874,-37.33002014160161,0,0,0,-0.045217475671359975,0
2023-10-19,937.0,942.9500122070312,922.3499755859376,933.0,291740,972.5825073242188,977.8750024414062,962.2464165750114,23.490159229014353,-14.809973159722972,-11.18044709447937,-0.006442668517772865,946.5999755859376,976.1499633789062,961.3749694824219,973.6749877929688,1014.6500244140624,0,0,1,0,12.300018310546875,81.65002441406239,1035.9570016373884,972.5825073242188,909.208013011049,0.18770948192013265,13.032209367517087,-39.582507324218795,0,0,0,-0.013786218214497187,0
2023-10-20,938.5,946.7999877929688,915.75,920.1500244140624,625755,967.4175079345703,976.5920031738282,958.2372363692067,25.618636064396952,-16.280501452930594,-12.200457966169614,-0.013772749824156105,943.2999877929688,972.8499755859375,958.0749816894531,964.9749755859375,1004.7999877929688,0,0,1,0,6.899993896484375,84.64996337890636,1030.2024591322418,967.4175079345703,904.6325567368988,0.12357632984621246,12.979907988582287,-47.26748352050788,0,0,0,-0.06413315207392019,0
2023-10-23,928.0,929.9500122070312,875.0,880.7999877929688,695285,960.5175079345703,974.7820031738281,950.8622603143269,21.522471230823655,-20.38612623985648,-13.837591620906988,-0.04276480527852089,922.9249877929688,952.4749755859375,937.6999816894531,959.9249877929688,985.7999877929688,0,0,1,0,22.225006103515625,105.0,1029.2488487385335,960.5175079345703,891.786167130607,-0.0799211772179251,14.31131452288846,-79.71752014160154,0,1,0,-0.20349750706413755,0
2023-10-25,881.0,899.0,863.75,876.1500244140625,464127,953.635009765625,972.8270031738281,943.7468092762065,21.18567982831547,-23.741400559100157,-15.818353408545622,-0.005279250049216921,916.8500061035156,946.8499755859375,931.8499908447266,954.2999877929688,983.7999877929688,0,0,1,0,22.449996948242188,107.64996337890625,1027.0536178134016,953.635009765625,880.2164017178484,-0.027693097240005692,15.397632699290417,-77.4849853515625,0,1,0,0.05222807997791941,0
2023-10-26,866.5,869.5999755859375,815.5499877929688,848.1500244140625,1138154,945.4275115966797,970.3630041503907,934.6423535750498,19.351296032212076,-28.333237697435266,-18.32133026632355,-0.03195799716917813,887.0,922.7499694824219,904.8749847412109,930.1999816894531,1006.4500122070312,0,0,1,0,25.324996948242188,158.29998779296875,1027.0237149423892,945.4275115966797,863.8313082509701,-0.09609076889563477,17.26122888213953,-97.27748718261716,0,1,0,-0.06839767165562907,1
2023-10-27,852.8499755859375,896.5999755859375,852.8499755859375,870.9000244140625,902416,938.0350128173828,968.7560046386719,928.5716555597177,27.751796636499265,-29.793130182485015,-20.615690249555843,0.026823084767009897,887.0,920.7749938964844,903.8874969482422,930.1999816894531,1004.9500122070312,0,0,1,0,26.312484741210938,134.04998779296875,1018.5022487314301,938.0350128173828,857.5677769033356,0.08284270833515416,17.156552754329365,-67.13498840332034,0,0,0,0.17893347723078892,1
2023-10-30,875.0,939.7999877929688,868.4500122070312,915.25,2041633,933.1750122070313,968.0910046386718,927.3029264587922,44.73567117918221,-27.059507949585964,-21.904453789561867,0.05092430169097306,887.0,920.7749938964844,903.8874969482422,930.1999816894531,1008.9500122070312,0,0,0,0,26.312484741210938,93.70001220703125,1006.5017506242141,933.1750122070313,859.8482737898485,0.37777301572416,15.715538341250562,-17.925012207031273,0,0,0,0.29493030738900583,0
2023-10-31,920.0,933.3499755859376,904.0,911.6500244140624,713136,929.4000122070313,967.6540051269532,925.8121738831037,43.83502137435407,-24.89658820759371,-22.502880673168235,-0.003933324868546917,884.75,920.4999694824219,902.6249847412109,930.1999816894531,1023.4500122070312,0,0,0,0,27.574996948242188,111.79998779296886,998.8968660800641,929.4000122070313,859.9031583339985,0.37229646520835874,14.955208297878059,-17.74998779296891,0,0,0,-0.0054765505158012595,0
2023-11-01,914.7000122070312,921.7000122070312,876.0,880.25,551732,924.7150115966797,965.3640051269531,921.4729192275701,32.62890966101759,-25.423116417609435,-23.086927822056474,-0.03444306869211555,881.1749877929688,918.75,899.9624938964844,930.1999816894531,1018.7999877929688,0,0,1,0,30.23748779296875,138.54998779296875,994.2004058559344,924.7150115966797,855.229617337425,0.18004058931595227,15.028499243085975,-44.46501159667969,0,0,0,-0.19225587589240647,1
2023-11-02,894.0,912.9500122070312,884.0,892.0999755859375,510410,920.7250091552735,962.8050048828125,918.6754960236051,37.95012935342019,-24.600619197317656,-23.389666097108712,0.01346205689967328,881.1749877929688,918.3999938964844,899.7874908447266,930.1999816894531,1013.7999877929688,0,0,1,0,30.412490844726562,121.70001220703125,988.0451589272067,920.7250091552735,853.4048593833403,0.2873962426828245,14.623291233002696,-28.625033569335983,0,0,0,0.10735565336687222,1
2023-11-03,898.9500122070312,907.2999877929688,897.0,902.7000122070312,286930,917.8775085449219,960.5570056152344,917.1540213744076,40.57142842907257,-22.83027663959649,-23.277788205606267,0.011882117376061485,877.6749877929688,918.3999938964844,898.0374908447266,930.1999816894531,1012.2999877929688,0,0,0,0,32.16249084472656,109.5999755859375,983.1578138967599,917.8775085449219,852.5972031930838,0.38375133774199427,14.224186722981052,-15.177496337890602,0,0,0,0.09635509505916978,1
2023-11-06,909.9000244140624,929.7999877929688,908.0,926.5,619386,916.1400085449219,959.6570056152344,918.044114576845,47.62273150124064,-19.284507499611323,-22.47913206440728,0.026365334519913963,877.6749877929688,918.3999938964844,898.0374908447266,930.1999816894531,1018.75,0,0,0,0,32.16249084472656,92.25,978.4944591527467,916.1400085449219,853.7855579370971,0.5830733921483549,13.612428237221192,10.359991455078102,0,0,0,0.19932205440636058,1
2023-11-07,934.7000122070312,953.25,916.8499755859376,932.1500244140624,919787,915.8000091552734,958.6270056152343,919.3875345613418,46.75834970530452,-15.836002579132241,-21.150506167352273,0.006098245455005369,884.3999938964844,913.75,899.0749969482422,922.7499694824219,1012.4500122070312,0,1,0,0,23.674972534179688,80.29998779296886,977.7259324869183,915.8000091552734,853.8740858236285,0.6320126885410033,13.523896639565411,16.35001525878897,0,0,0,0.04893929639264849,1
2023-11-08,934.9500122070312,950.5999755859376,932.0,946.6500244140624,492815,916.1450103759765,957.971005859375,921.9839621663627,51.464926309567794,-11.797020062185766,-19.279808946318973,0.015555435949395013,903.0499877929688,906.75,904.8999938964844,922.7499694824219,987.1500244140624,0,1,0,0,17.8499755859375,40.5,978.6747485259849,916.1450103759765,853.6152722259682,0.7439240507045187,13.650620249374454,30.505014038085847,0,0,0,0.11191136216351538,0
2023-11-09,953.0,953.7000122070312,933.5,938.0999755859376,359924,914.9275085449219,957.131005859375,923.5188205872747,50.97364931472374,-9.180191272380625,-17.259885411531304,-0.00903190049925462,911.0750122070312,906.4750061035156,908.7750091552734,922.7499694824219,973.9500122070312,1,1,0,0,13.974960327148438,35.850036621093636,974.690476768007,914.9275085449219,855.1645403218369,0.6938697803171087,13.063978875906926,23.172467041015693,0,0,0,-0.05005427038741006,1
2023-11-10,942.7999877929688,946.2000122070312,927.0499877929688,938.7000122070312,311274,914.4300079345703,956.4150061035157,924.9646483605849,53.71519756534234,-6.97748555250439,-15.203405439725922,0.0006396297161386233,914.8500061035156,898.8249816894531,906.8374938964844,922.7499694824219,971.9000244140624,1,1,0,0,15.9124755859375,33.200012207031136,973.2195232767501,914.4300079345703,855.6404925923905,0.7064143932059931,12.858177188425412,24.270004272460938,0,0,0,0.012544612888884421,1
2023-11-13,942.0499877929688,946.9000244140624,932.5999755859376,940.1500244140624,341112,913.9925079345703,955.8080065917969,926.4108746513923,64.01417225831167,-5.056532968536317,-13.174030945488003,0.0015447024482528882,914.8500061035156,893.1999816894531,904.0249938964844,922.7499694824219,959.6500244140624,1,1,0,0,18.7249755859375,19.5,971.872633465621,913.9925079345703,856.1123824035196,0.7259628520109158,12.66533916385103,26.157516479492074,0,0,0,0.01954845880492273,1
2023-11-15,952.0,954.9000244140624,940.0499877929688,950.1500244140624,412643,914.560009765625,956.2380065917969,928.6717460573609,67.04282973588744,-2.6961680327374324,-11.07845836293789,0.010636600266252572,919.4500122070312,893.1999816894531,906.3249969482422,922.7499694824219,961.25,1,1,0,0,16.424972534179688,11.099975585937614,973.612627712547,914.560009765625,855.5073918187029,0.8013415483156616,12.91388587219236,35.59001464843743,0,0,0,0.07537869630474581,0
2023-11-16,948.0,949.5,939.3499755859376,941.3499755859376,353018,914.1950073242188,956.0830065917969,929.8791964886539,73.54721631780954,-1.518151900862449,-9.166397070522802,-0.009261746673691396,925.9500122070312,893.1999816894531,909.5749969482422,922.7499694824219,938.9500122070312,1,1,0,0,13.174972534179688,-2.3999633789063637,972.4856018763486,914.1950073242188,855.9044127720889,0.7329275286207101,12.75233272663392,27.154968261718864,0,0,0,-0.06841401969495153,0
2023-11-17,941.3499755859376,943.6500244140624,930.0,936.0999755859376,341144,914.0475067138672,955.621005859375,930.471651640776,68.07092522996443,-0.9967073314347772,-7.532459122705197,-0.005577096867434683,931.4500122070312,893.1999816894531,912.3249969482422,922.7499694824219,939.75,1,1,0,0,10.424972534179688,3.6500244140623863,972.1002233049929,914.0475067138672,855.9947901227414,0.689934857203922,12.702341216340859,22.05246887207045,0,0,0,-0.042992671416788086,0
2023-11-20,935.0,938.0,915.1500244140624,926.2000122070312,472979,913.7075073242188,954.9030065917968,930.0648288375622,53.751285417190296,-1.3665503191585913,-6.299277361995876,-0.010575754339390508,935.0250244140624,892.75,913.8875122070312,922.7499694824219,962.4500122070312,1,1,0,0,8.862457275390625,36.25,971.3907179046801,913.7075073242188,856.0242967437575,0.6082854504551796,12.626187290369506,12.492504882812455,0,0,0,-0.08164940674874244,1
2023-11-21,926.2000122070312,936.8499755859376,920.0,926.5999755859376,377892,914.0300048828125,953.3130065917969,929.7348428135979,55.23640573999356,-1.6088342101500075,-5.361188731626703,0.0004318326210699386,935.0250244140624,887.0,911.0125122070312,922.7499694824219,948.6500244140624,1,1,0,0,11.737457275390625,22.050048828124773,971.925416673851,914.0300048828125,856.1345930917739,0.6085575723037763,12.668164388861896,12.569970703125136,0,0,0,0.00027212184859670696,0
2023-11-22,925.9500122070312,929.9500122070312,910.0,914.4500122070312,288736,915.7125061035156,951.5490063476562,928.2791446605916,63.84615194534025,-2.7495513263648945,-4.838861250574341,-0.013112414956867768,932.4500122070312,887.0,909.7250061035156,922.7499694824219,948.9000244140624,1,0,0,0,13.02496337890625,34.450012207031136,971.5671741187803,915.7125061035156,859.8578380882509,0.48869840300420997,12.199171168456372,-1.2624938964843295,0,0,0,-0.1198591692995663,1
2023-11-23,920.0,935.0,910.2000122070312,930.7000122070312,350091,918.4400054931641,950.1390063476563,928.5097034745381,65.08991823012487,-2.315645348170051,-4.334218070093484,0.017770244171992022,932.4500122070312,887.0,909.7250061035156,922.7499694824219,938.7999877929688,1,1,0,0,13.02496337890625,8.0999755859375,971.5613195184042,918.4400054931641,865.318691467924,0.6153963050315541,11.56772651616283,12.260006713867142,0,0,0,0.1266979020273441,1
2023-11-24,936.0,952.7999877929688,920.0,937.9000244140624,738018,922.9275054931641,948.6040063476562,929.4040197544928,64.13654415683038,-1.3749414530331023,-3.742362746681408,0.007736125617917811,932.4500122070312,885.2250061035156,908.8375091552734,922.7499694824219,948.6500244140624,1,1,0,0,13.912460327148438,10.75,965.6934447208755,922.9275054931641,880.1615662654526,0.6750519127052919,9.267453613241177,14.972518920898324,0,0,1,0.05965560767373779,1
2023-11-28,955.0,1099.0,955.0,1052.800048828125,11565049,932.0225067138672,949.5640075683593,941.1560225234102,79.29035056131941,8.543560030068193,-1.2851781913314877,0.12250775287679994,1004.5,957.2749938964844,980.8874969482422,957.2749938964844,939.0499877929688,1,1,0,1,23.612503051757812,-113.75006103515625,997.8256458044968,932.0225067138672,866.2193676232375,1.4177186968839948,14.120504304695155,120.77754211425781,1,0,0,0.7426667841787029,0
2023-11-29,1089.6500244140625,1124.9000244140625,1021.5,1041.699951171875,6654207,938.345004272461,950.6820068359375,950.7316347756449,74.77942593587633,15.331625367269226,2.0381825203886548,-0.010543405339509149,1017.4500122070312,970.2250061035156,993.8375091552734,970.2250061035156,933.0,1,1,0,1,23.612503051757812,-108.699951171875,1019.0898008908279,938.345004272461,857.6002076540941,1.140009952516891,17.21004454666901,103.35494689941402,1,0,0,-0.2777087443671038,0
2023-11-30,1040.0,1040.0,1006.25,1028.800048828125,4253647,944.202505493164,951.5820080566406,958.1667218282621,68.71724698022796,19.446138759395353,5.519773768189995,-0.012383510558139244,1017.4500122070312,970.2250061035156,993.8375091552734,970.2250061035156,920.1500244140624,1,1,0,1,23.612503051757812,-108.65002441406261,1032.9514746473155,944.202505493164,855.4535363390127,0.976611413863412,18.79871502941992,84.59754333496096,0,0,0,-0.16339853865347898,0
2023-12-01,1042.0,1045.0,1020.0,1026.5,1181792,951.515005493164,951.9830078125,964.6746530827133,70.73170592057988,22.264672265405466,8.86875346763309,-0.002235661663065547,1017.4500122070312,970.2250061035156,993.8375091552734,970.2250061035156,880.7999877929688,1,1,0,1,23.612503051757812,-145.70001220703125,1042.0637759407755,951.515005493164,860.9662350455525,0.9140586014374421,19.03254702760692,74.98499450683596,0,0,0,-0.06255281242596988,1
2023-12-04,1160.0,1184.0,1092.550048828125,1123.75,5999345,963.0975067138672,954.3590075683594,979.824686122455,79.86121767338385,31.97703131124922,13.490409036356317,0.09473940574768625,1047.0,999.7749938964844,1023.3874969482422,999.7749938964844,876.1500244140625,1,1,0,1,23.612503051757812,-247.5999755859375,1076.6290530005372,963.0975067138672,849.5659604271974,1.2075235850328387,23.576334793772794,160.65249328613277,1,0,0,0.29346498359539663,1
2023-12-05,1126.0,1348.5,1096.0999755859375,1348.5,16961888,985.3875061035156,961.1500073242188,1014.9366207774593,88.29597269874633,57.15079373963124,22.222485977011303,0.19999999999999996,1129.25,1100.6749877929688,1114.9624938964844,1082.0249938964844,848.1500244140625,1,1,0,1,32.9375,-500.3499755859375,1185.0859803309681,985.3875061035156,785.6890318760633,1.4091518983838272,40.531967980213864,363.11249389648435,1,0,0,0.2016283133509884,1
2023-12-06,1474.5,1608.0,1463.25,1563.449951171875,19688066,1017.2350036621094,971.9500061035156,1067.1759855769274,91.54585740711798,93.36954053638055,36.45189688888516,0.1593992963825548,1259.1000061035156,1238.2250061035156,1248.6625061035156,1211.7749938964844,870.9000244140625,1,1,0,1,36.88751220703125,-692.5499267578125,1336.5469492740092,1017.2350036621094,697.9230580502096,1.355299895628787,62.78036922881278,546.2149475097656,1,0,0,-0.05385200275504021,1
2023-12-07,1580.0,1700.0,1565.0,1624.1500244140625,10884637,1051.8350036621093,984.0570068359375,1120.221132132845,93.21519296380535,125.52418229632872,54.26635397037387,0.03882444282702502,1310.0,1288.0,1299.0,1257.7749938964844,915.25,1,1,0,1,41.225006103515625,-708.9000244140625,1463.4085163601408,1051.8350036621093,640.2614909640779,1.1952767890724987,78.25818902491002,572.3150207519532,1,0,0,-0.16002310655628826,0
2023-12-08,1645.0,1668.800048828125,1495.0,1550.300048828125,5410307,1082.0175048828125,994.7870080566406,1161.1810289609668,85.7675338170745,143.39492428605558,72.09206803351022,-0.04546992240607828,1327.5,1288.0,1307.75,1257.7749938964844,911.6500244140624,1,1,0,1,49.975006103515625,-638.6500244140626,1543.7853330318014,1082.0175048828125,620.2496767338237,1.0070541031652616,85.35311601987445,468.28254394531245,1,0,0,-0.18822268590723712,0
2023-12-11,1554.4000244140625,1579.0,1475.0,1530.0,2705685,1111.6125061035157,1005.1410083007812,1196.3066452503986,84.7410785606689,154.14271056196208,88.5021965392006,-0.01309427090805415,1353.125,1292.0,1322.5625,1257.7749938964844,880.25,1,1,0,1,64.78750610351562,-649.75,1607.3153231854046,1111.6125061035157,615.9096890216267,0.9220144403853243,89.18626128442064,418.38749389648433,0,0,0,-0.08503966277993724,0
2023-12-12,1532.8499755859375,1539.9000244140625,1453.5,1463.9000244140625,2007520,1137.872506713867,1014.0440087890624,1221.7917289802713,78.74184266212775,155.53379622355806,101.9085164760721,-0.043202598422181326,1353.125,1298.5,1325.8125,1257.7749938964844,892.0999755859375,1,1,0,1,68.03750610351562,-571.800048828125,1649.540842002536,1137.872506713867,626.2041714251982,0.8185926265265758,89.93421183298432,326.0275177001954,0,0,0,-0.10342181385874849,0
2023-12-13,1459.0,1459.949951171875,1375.0,1427.699951171875,2826807,1162.2500030517579,1022.3490075683594,1241.4020358556622,76.76661491225931,151.96345810749972,111.91950480235764,-0.024728514678915237,1360.0,1304.0,1332.0,1257.7749938964844,902.7000122070312,1,1,0,1,74.22500610351562,-524.9999389648438,1680.3316467500404,1162.2500030517579,644.1683593534752,0.7561854404116936,89.15149792866227,265.44994812011714,0,0,0,-0.062407186114882274,1
2023-12-14,1435.949951171875,1535.0,1435.949951171875,1508.300048828125,3437936,1190.157504272461,1032.7720080566405,1266.820894233992,78.2279287515716,153.86404477424844,120.30841279673581,0.05645450753857095,1396.2750244140625,1305.0,1350.6375122070312,1257.7749938964844,926.5,1,1,0,1,92.86251831054688,-581.800048828125,1719.5402785372858,1190.157504272461,660.7747300076363,0.8004844131899468,88.96012038145061,318.142544555664,0,0,0,0.04429897277825323,1
2023-12-15,1527.6500244140625,1541.0,1501.4000244140625,1526.6500244140625,1698622,1219.4225067138673,1043.8260083007813,1291.566525679713,78.46264737840124,155.06348771061653,127.25942777951195,0.012165998138231604,1398.0499877929688,1305.0,1351.5249938964844,1257.7749938964844,932.1500244140624,1,1,0,1,93.75,-594.5000000000001,1755.22542400041,1219.4225067138673,683.6195894273246,0.7866982502223786,87.87814138849032,307.2275177001952,0,0,0,-0.013786162967568183,0
2023-12-18,1518.949951171875,1544.8499755859375,1500.25,1524.6500244140625,1077675,1248.8500091552735,1054.8810083007813,1313.7649541306037,75.60643962976276,154.07657277232238,132.62285677807404,-0.0013100579491148734,1537.5,1305.0,1421.25,1257.7749938964844,946.6500244140624,1,1,0,1,163.47500610351562,-578.0000000000001,1783.8259812851911,1248.8500091552735,713.8740370253558,0.7577686004856791,85.67497589110437,275.800015258789,0,0,0,-0.028929649736699536,1
2023-12-19,1530.5,1555.0,1506.0,1531.800048828125,965109,1279.1300109863282,1066.3240087890624,1334.5302012446534,76.71135924353143,152.11786275657755,136.52185797377476,0.0046896168298100616,1537.5,1305.0,1421.25,1257.7749938964844,938.0999755859376,1,1,0,1,163.47500610351562,-593.7000732421874,1806.124619684395,1279.1300109863282,752.1354022882615,0.7397273460406121,82.39891241261783,252.67003784179678,0,0,0,-0.01804125444506699,0
2023-12-20,1539.75,1569.4000244140625,1385.0,1452.1500244140625,2233664,1305.4075134277343,1076.1420092773437,1345.7320891655495,71.5084011615251,142.49587589347243,137.7166615577143,-0.05199766410439621,1521.9000244140625,1305.0,1413.4500122070312,1257.7749938964844,938.7000122070312,1,1,0,1,155.67501831054688,-513.4500122070312,1811.463823432878,1305.4075134277343,799.3512034225907,0.6449863464649188,77.53231152720161,146.74251098632817,0,0,0,-0.09474099957569326,1
2023-12-21,1390.050048828125,1549.0,1390.050048828125,1519.550048828125,2134995,1335.662515258789,1087.7540100097656,1362.2861805619852,73.49535068404732,138.7100376959395,137.91533678535936,0.046413953986095935,1477.0,1305.0,1391.0,1257.7749938964844,940.1500244140624,1,1,0,1,133.22500610351562,-579.4000244140626,1816.3218331693306,1335.662515258789,855.0031973482473,0.691286766652842,71.97316873378188,183.88753356933603,0,0,0,0.04630042018792324,1
2023-12-22,1543.0,1546.0,1500.0,1533.0999755859375,1062643,1365.7825134277343,1099.6210095214844,1378.5541610404568,71.1977579168693,135.2440898159207,137.38108739147162,0.008917065132709734,1472.2000122070312,1305.0,1388.6000061035156,1257.7749938964844,950.1500244140624,1,1,0,1,130.82501220703125,-582.9499511718751,1815.6735081230443,1365.7825134277343,915.8915187324244,0.6859533355091042,65.88032725154879,167.31746215820317,0,0,0,-0.0053334311437378545,1
2023-12-26,1555.0,1632.0,1551.550048828125,1600.199951171875,2810862,1398.897509765625,1112.3760083007812,1399.6632839101158,65.5774171020492,136.34006500149758,137.17288291347683,0.04376751461384143,1503.5,1305.0,1404.25,1257.7749938964844,941.3499755859376,1,1,0,1,146.47500610351562,-658.8499755859374,1814.0951943941634,1398.897509765625,983.6998251370867,0.7424175866808453,59.36070108497107,201.30244140624995,0,0,0,0.05646425117174114,1
2023-12-27,1644.0,1657.949951171875,1570.050048828125,1601.0999755859375,2120712,1426.3125061035157,1125.4250073242188,1418.8477307363846,53.16999330499519,135.71679890355267,136.881666111492,0.0005624449703323098,1521.4749755859375,1305.0,1413.2374877929688,1257.7749938964844,936.0999755859376,1,1,0,1,155.46249389648438,-664.9999999999999,1818.2350318242995,1426.3125061035157,1034.389980382732,0.7229872717330683,54.95605262432436,174.78746948242178,0,0,0,-0.019430314947777028,0
2023-12-28,1605.0999755859375,1608.4000244140625,1555.0,1561.0,1156469,1452.2775085449218,1137.6670068359374,1432.3860420948242,44.4919310103246,130.48299637091668,135.60193216337694,-0.02504526650265082,1521.4749755859375,1305.0,1413.2374877929688,1257.7749938964844,926.2000122070312,1,1,0,1,155.46249389648438,-634.7999877929688,1805.7592216227602,1452.2775085449218,1098.7957954670835,0.6537880001038936,48.67963746570746,108.72249145507817,0,0,0,-0.06919927162917472,1
