Date,Open,High,Low,Close,Volume,SMA_20,SMA_50,EMA_20,RSI,MACD,MACD_signal,Daily_Return,Tenkan_sen,Kijun_sen,Senkou_Span_A,Senkou_Span_B,Chikou_Span,tk_cross,price_above_cloud,price_below_cloud,cloud_bullish,cloud_thickness,chikou_vs_price,bb_upper,bb_middle,bb_lower,bb_pct_b,bb_bandwidth,bb_price_vs_middle,bb_above_upper,bb_below_lower,bb_squeeze,bb_pct_b_delta,Target
2021-10-04,139.10000610351562,140.0,138.0,139.10000610351562,11995299,139.27500076293944,135.92300003051758,137.88911722465394,42.7536231884058,0.7729578872653349,1.045916815616825,0.007971058721127688,138.0250015258789,138.42499923706055,138.22500038146973,133.875,125.8499984741211,0,1,0,1,4.350000381469727,-13.250007629394531,146.23211858815407,139.27500076293944,132.31788293772482,0.48742333651518843,9.990476089899813,-0.17499465942381676,0,0,0,0.09605982626502557,0
2021-10-05,138.75,138.8000030517578,137.14999389648438,137.9499969482422,10912142,138.97000045776366,136.16199996948242,137.89491529356712,43.12865881924625,0.6929378723816342,0.975321026969787,-0.008267498956237462,138.9000015258789,140.1500015258789,139.5250015258789,133.875,124.6999969482422,0,0,0,1,5.650001525878906,-13.249999999999986,145.58969722872214,138.97000045776366,132.35030368680518,0.42295693104883836,9.526799667774872,-1.020003509521473,0,0,0,-0.06446640546635007,0
2021-10-06,138.75,139.1999969482422,133.6999969482422,134.9499969482422,9988184,138.7150001525879,136.04800003051758,137.61444687972664,40.300539727459736,0.38303116132027526,0.8568630538398847,-0.021747010267246125,139.2249984741211,141.7249984741211,140.4749984741211,133.875,133.5500030517578,0,0,0,1,6.599998474121094,-1.399993896484375,145.53842225880302,138.7150001525879,131.89157804637276,0.22411180594291982,9.838045054549688,-3.765003204345703,0,0,0,-0.19884512510591854,1
2021-10-07,136.75,138.4499969482422,136.0500030517578,137.10000610351562,7317664,138.50750045776368,136.1320002746582,137.5654525200875,48.843948479986736,0.30737243243279977,0.7469649295584677,0.015931894804696034,139.2249984741211,141.7249984741211,140.4749984741211,136.625,134.5500030517578,0,0,0,1,3.8499984741210938,-2.5500030517578125,145.26199977722538,138.50750045776368,131.75300113830198,0.39581060803480633,9.753261443803774,-1.4074943542480582,0,0,0,0.1716988020918865,0
2021-10-08,138.0,138.0,135.6999969482422,136.14999389648438,6207969,138.2349998474121,136.23100021362305,137.4306469368872,52.89513185349473,0.16880838123435637,0.6313336198936456,-0.00692933745250135,138.79999542236328,141.875,140.33749771118164,136.625,132.60000610351562,0,0,1,1,3.7124977111816406,-3.54998779296875,144.90771173460865,138.2349998474121,131.56228796021554,0.34376622382509997,9.654156898849196,-2.085005950927723,0,0,0,-0.05204438420970636,1
2021-10-11,137.5,137.5,136.14999389648438,136.85000610351562,4395523,137.92000045776368,136.1370002746582,137.37534780989944,55.34592070140452,0.11416449004451579,0.5278997939238197,0.005141478063990679,137.0999984741211,141.875,139.48749923706055,136.625,137.60000610351562,0,0,0,1,2.862499237060547,0.75,144.21923800696456,137.92000045776368,131.6207629085628,0.4150695345356684,9.134625186040289,-1.0699943542480526,0,0,0,0.07130331071056845,0
2021-10-12,137.3000030517578,137.75,135.5,136.60000610351562,5600652,137.54500045776368,136.1990003967285,137.30150574262478,57.32898002841014,0.0501082848097667,0.43234149210100914,-0.001826817602119002,137.0999984741211,141.875,139.48749923706055,136.625,149.75,0,0,1,1,2.862499237060547,13.149993896484375,143.1866205055874,137.54500045776368,131.90338040993996,0.4162479619118813,8.203308050525775,-0.9449943542480526,0,0,0,0.001178427376212876,0
2021-10-13,137.25,137.39999389648438,134.35000610351562,135.4499969482422,6351349,137.18500061035155,136.11400039672853,137.12517157173122,46.52907637852712,-0.0923878574308219,0.32739562219464297,-0.008418807495527925,137.0999984741211,141.875,139.48749923706055,136.625,144.0500030517578,0,0,1,1,2.862499237060547,8.600006103515625,142.3787558551205,137.18500061035155,131.9912453655826,0.3329721386219701,7.57189958328,-1.7350036621093636,0,0,0,-0.08327582328991118,0
2021-10-14,135.89999389648438,137.3000030517578,133.6999969482422,135.0,8688177,136.83250045776367,136.02600051879884,136.92277427918538,46.88092394847211,-0.23887447349130753,0.2141416030574529,-0.003322236680552648,136.8499984741211,141.875,139.36249923706055,136.625,140.0500030517578,0,0,1,1,2.737499237060547,5.0500030517578125,141.59687490723095,136.83250045776367,132.0681260082964,0.3076871919703364,6.963805285335571,-1.8325004577636719,0,0,0,-0.025284946651633722,1
2021-10-18,136.0,146.14999389648438,135.89999389648438,144.0500030517578,31446800,137.14000091552734,136.1390007019043,137.60155797181133,50.6151240384832,0.3710165918265318,0.2455166008112687,0.06703705964265039,139.92499542236328,141.875,140.89999771118164,136.625,141.25,0,1,0,1,4.274997711181641,-2.8000030517578125,142.84189516736654,137.14000091552734,131.43810666368813,1.105939169601539,8.315435633329681,6.910002136230474,1,0,0,0.7982519776312027,0
2021-10-19,144.89999389648438,145.10000610351562,137.25,138.5500030517578,14688308,137.35250091552734,136.21100082397462,137.6918860746634,49.23077565128844,0.40587692400629294,0.27758866545027355,-0.038181186278932744,139.92499542236328,141.875,140.89999771118164,136.625,141.60000610351562,0,0,0,1,4.274997711181641,3.0500030517578125,142.93062575195302,137.35250091552734,131.77437607910167,0.6073391302047122,8.12234913706632,1.1975021362304688,0,0,0,-0.49860003939682684,0
2021-10-20,138.5,140.39999389648438,133.85000610351562,137.89999389648438,12607297,137.57500076293945,136.34200057983398,137.71170586721774,48.979583363176154,0.37671118983465135,0.29741317032714915,-0.004691513106864442,139.92499542236328,141.875,140.89999771118164,136.625,143.14999389648438,0,0,0,1,4.274997711181641,5.25,142.86002623423656,137.57500076293945,132.28997529164235,0.5307466004951116,7.683118941651217,0.3249931335449219,0,0,0,-0.07659252970960062,1
2021-10-21,139.75,139.89999389648438,135.8000030517578,138.14999389648438,5951873,137.87750015258788,136.49300033569335,137.75344758429077,52.792764655553526,0.3695105583345253,0.3118326479286244,0.001812907984518608,139.92499542236328,138.9499969482422,139.43749618530273,136.625,144.10000610351562,1,0,0,1,2.8124961853027344,5.95001220703125,142.52900322427226,137.87750015258788,133.2259970809035,0.5292909345320304,6.747298241608085,0.27249374389649006,0,0,0,-0.0014556659630812208,0
2021-10-22,138.9499969482422,142.0,135.8000030517578,137.75,11468458,137.9,136.74400039672852,137.75311924292973,49.53271134658079,0.3277497463760426,0.3150160676181081,-0.0028953594944354233,139.92499542236328,138.9499969482422,139.43749618530273,136.625,142.64999389648438,1,0,0,1,2.8124961853027344,4.899993896484375,142.54445976738344,137.9,133.25554023261657,0.4838517279174848,6.735982258714196,-0.15000000000000568,0,0,0,-0.045439206614545535,0
2021-10-25,138.0,138.9499969482422,131.5500030517578,132.6999969482422,13530512,137.7025001525879,136.68500045776366,137.27186950057853,39.57655200727252,-0.11155312463051814,0.22970222916838284,-0.03666063921421281,138.8499984741211,138.9499969482422,138.89999771118164,136.625,142.0500030517578,0,0,1,1,2.2749977111816406,9.350006103515625,142.85133352218003,137.7025001525879,132.55366678299578,0.014210031160709605,7.4781988183028085,-5.0025032043457145,0,0,0,-0.4696416967567752,1
2021-10-26,133.0,137.35000610351562,133.0,135.4499969482422,6445894,137.29000015258788,136.68500045776366,137.09835782892745,46.130036810001435,-0.23509180562277265,0.13674342221015173,0.02072343679911759,138.8499984741211,138.5749969482422,138.71249771118164,136.625,137.89999389648438,1,0,1,1,2.0874977111816406,2.4499969482421875,141.72290220904776,137.29000015258788,132.857098096128,0.2924606520840752,6.457720229489448,-1.8400032043456918,0,0,0,0.27825062092336555,0
2021-10-27,136.1999969482422,139.25,134.5,134.8000030517578,8982174,137.0800003051758,136.6340003967285,136.87946689776842,49.749593184451236,-0.3810536265684732,0.033184012454426745,-0.004798773799402523,138.8499984741211,138.5749969482422,138.71249771118164,136.625,134.3000030517578,1,0,1,1,2.0874977111816406,-0.5,141.56658231326531,137.0800003051758,132.59341829708626,0.24590933038702653,6.545932299534909,-2.2799972534179744,0,0,0,-0.04655132169704865,1
2021-10-28,135.35000610351562,136.5,131.5,135.60000610351562,11936370,136.93500061035155,136.64700057983399,136.75761348879197,47.377625735462026,-0.4272507798578715,-0.058902946008032905,0.005934740605685551,138.8249969482422,138.7249984741211,138.77499771118164,136.625,133.4499969482422,1,0,1,1,2.1499977111816406,-2.1500091552734375,141.4160847660047,136.93500061035155,132.4539164546984,0.35104112526521597,6.544833878380111,-1.3349945068359261,0,0,0,0.10513179487818944,0
2021-10-29,135.0,135.0,130.5,131.5500030517578,12925877,136.68250045776367,136.62800064086915,136.26165059002682,42.74450022214275,-0.7816533424914098,-0.2034530253047083,-0.029867277798395375,137.8000030517578,138.3249969482422,138.0625,136.625,132.10000610351562,0,0,1,1,1.4375,0.5500030517578125,141.74237055284598,136.68250045776367,131.62263036268135,-0.007176796000565595,7.403830158412811,-5.132497406005854,0,1,0,-0.35821792126578156,1
2021-11-01,133.60000610351562,134.3000030517578,132.0,132.64999389648438,6200243,136.41500015258788,136.582000579834,135.91768328587992,43.45792615508061,-0.9626628801037214,-0.3552949962645109,0.008361769815343756,136.25,138.3249969482422,137.2874984741211,136.625,137.3000030517578,0,0,1,1,0.6624984741210938,4.6500091552734375,141.7273556142099,136.41500015258788,131.10264469096586,0.1456368287755789,7.788520992090092,-3.7650062561035043,0,0,0,0.1528136247761445,0
2021-11-02,132.6999969482422,133.60000610351562,131.75,132.4499969482422,7367792,136.0824996948242,136.44500045776368,135.58742744420013,43.52572736331483,-1.109463124758264,-0.5061286219632616,-0.0015077041646776035,136.25,138.3249969482422,137.2874984741211,136.625,136.64999389648438,0,0,1,1,0.6624984741210938,4.1999969482421875,141.51216755057416,136.0824996948242,130.65283183907425,0.1654949397378661,7.979964900595469,-3.63250274658202,0,0,0,0.019858110962287207,0
2021-11-03,132.89999389648438,132.89999389648438,127.5,128.35000610351562,15919925,135.60250015258788,136.46700057983398,134.8981492212778,39.8571515141739,-1.5388989037705585,-0.712682678324721,-0.030955008978435283,134.75,136.8249969482422,135.7874984741211,136.625,143.6999969482422,0,0,1,0,0.8375015258789062,15.349990844726562,141.91284697437172,135.60250015258788,129.29215333080404,-0.07465098622123637,9.307124595318031,-7.252494049072254,0,1,0,-0.24014592595910247,1
2021-11-04,130.0,132.39999389648438,130.0,131.35000610351562,4101820,135.42250061035156,136.5940007019043,134.56023082911,45.139820129092236,-1.618497888423832,-0.8938457203445432,0.023373586734234175,133.375,136.8249969482422,135.0999984741211,136.625,139.0,0,0,1,0,1.5250015258789062,7.649993896484375,141.99688017891307,135.42250061035156,128.84812104179005,0.19027537394475322,9.709434604930005,-4.0724945068359375,0,0,0,0.2649263601659896,0
2021-11-08,132.9499969482422,133.60000610351562,130.60000610351562,131.14999389648438,17645794,135.125,136.732000579834,134.23544635933612,27.52611406451119,-1.6783727346426929,-1.050751123204173,-0.0015227422743598895,133.375,136.8249969482422,135.0999984741211,136.625,138.5,0,0,1,0,1.5250015258789062,7.350006103515625,141.90412221802868,135.125,128.34587778197132,0.20682000001826703,10.033853421689066,-3.975006103515625,0,0,0,0.016544626073513813,1
2021-11-09,133.0,138.89999389648438,131.64999389648438,137.64999389648438,26457361,135.2,136.96800048828126,134.56064136287404,48.484832916242596,-1.187637953365254,-1.0781284892363894,0.049561573027067096,133.375,136.8249969482422,135.0999984741211,137.92499923706055,136.60000610351562,0,0,0,0,2.825000762939453,-1.04998779296875,142.05558125798683,135.2,128.34441874201315,0.6786860810401825,10.14139239347166,2.4499938964843864,0,0,0,0.4718660810219154,0
2021-11-10,136.5,139.14999389648438,135.0,136.0500030517578,16816048,135.1599998474121,137.19500061035157,134.7024853332439,46.98206829669479,-0.9172593977743304,-1.0459546709439778,-0.011623617258783137,133.3249969482422,136.8249969482422,135.0749969482422,138.42499923706055,138.0,0,0,0,0,3.3500022888183594,1.9499969482421875,141.98587644645082,135.1599998474121,128.3341232483734,0.5651933265590418,10.100438897225112,0.8900032043457031,0,0,0,-0.11349275448114071,1
2021-11-11,142.0,144.0,132.60000610351562,140.89999389648438,83582039,135.37499923706054,137.3420004272461,135.2927242440287,53.90071259688799,-0.30807739198814943,-0.8983792151528122,0.035648590488318144,135.75,136.8249969482422,136.2874984741211,138.42499923706055,139.10000610351562,0,1,0,0,2.137500762939453,-1.79998779296875,142.6263767012573,135.37499923706054,128.12362177286377,0.8809617335949732,10.713023091506859,5.5249946594238395,0,0,0,0.31576840703593145,1
2021-11-12,142.0,155.1999969482422,142.0,153.0,140547798,136.25249938964845,137.71100036621092,136.97913145888313,66.24068791002932,1.1379554628767323,-0.4911122795469033,0.08587655519989013,141.3499984741211,141.3499984741211,141.3499984741211,141.3499984741211,137.9499969482422,0,1,0,0,0.0,-15.050003051757812,146.81798350087024,136.25249938964845,125.68701527842666,1.292557181197392,15.508683009193277,16.74750061035155,1,0,0,0.41159544760241873,1
2021-11-15,149.0,163.3000030517578,142.35000610351562,160.3000030517578,121197599,137.51749954223632,138.2650003051758,139.20016684868074,78.0487971293617,2.840255459131896,0.17516126818885658,0.04771243824678306,145.4000015258789,145.4000015258789,145.4000015258789,145.4000015258789,134.9499969482422,0,1,0,0,0.0,-25.350006103515625,152.36914216155316,137.51749954223632,122.66585692291947,1.267002818930256,21.5996402912422,22.78250350952149,1,0,0,-0.02555436226713592,0
2021-11-16,161.14999389648438,169.0,153.8000030517578,157.60000610351562,109342731,138.19499969482422,138.6650003051758,140.95253249199834,72.53308116220177,3.9262143268893226,0.9253718799289499,-0.01684339923169187,148.25,148.25,148.25,148.25,137.10000610351562,0,1,0,0,0.0,-20.5,155.24967518869582,138.19499969482422,121.14032420095262,1.0689057647465756,24.682044258523696,19.405006408691406,1,0,0,-0.1980970541836804,0
2021-11-17,155.9499969482422,162.25,154.25,156.5500030517578,44505156,139.09499969482422,138.80100036621093,142.4380058786421,71.94753315669472,4.648532691209908,1.6700040421851416,-0.006662455654146027,149.5,148.25,148.875,148.25,136.14999389648438,1,1,0,1,0.625,-20.400009155273438,157.93585902690316,139.09499969482422,120.25414036274529,0.9632220603445154,27.09063499538583,17.455003356933588,0,0,0,-0.10568370440206021,0
2021-11-18,158.89999389648438,161.85000610351562,152.5,154.6999969482422,46802082,139.93499984741212,139.01400024414062,143.60581455193733,68.8735121547133,5.013898071622663,2.338782848072646,-0.011817349520612863,149.8000030517578,148.25,149.0250015258789,148.25,136.85000610351562,1,1,0,1,0.7750015258789062,-17.849990844726562,159.949323703841,139.93499984741212,119.92067599098324,0.8688607520979866,28.605172227466884,14.764997100830072,0,0,0,-0.09436130824652877,0
2021-11-22,158.25,158.25,136.8000030517578,149.75,79417849,140.5150001525879,139.20800018310547,144.19097507080045,67.66990518511582,4.848143008307119,2.8406548801195406,-0.03199739525462497,150.3249969482422,148.25,149.2874984741211,148.25,136.60000610351562,1,1,0,1,1.0374984741210938,-13.149993896484375,160.95655475012506,140.5150001525879,120.07344555505075,0.7258879040570805,29.095192079620375,9.234999847412098,0,0,0,-0.14297284804090615,0
2021-11-23,150.0,152.0,144.25,148.6999969482422,38236588,141.0625,139.3570001220703,144.62040572579488,65.5976715294112,4.579267510032992,3.188377406102231,-0.007011706522589756,150.8000030517578,148.25,149.5250015258789,148.25,135.4499969482422,1,0,0,1,1.2750015258789062,-13.25,161.7634159066124,141.0625,120.36158409338759,0.6844724403185121,29.349991537952906,7.6374969482421875,0,0,0,-0.041415463738568414,1
2021-11-24,151.10000610351562,156.39999389648438,149.60000610351562,155.5,53749976,142.2025001525879,139.635,145.65655756143346,69.8535760895708,4.858875069530711,3.5224769387879276,0.045729678488996006,150.8000030517578,148.25,149.5250015258789,148.25,135.0,1,1,0,1,1.2750015258789062,-20.5,163.44000254276796,142.2025001525879,120.96499776240783,0.8130664708850296,29.86937974703895,13.297499847412098,0,0,0,0.12859403056651753,1
2021-11-25,157.0,161.3000030517578,154.0500030517578,159.75,48900473,143.4175003051758,139.96700012207032,146.99879017463027,76.97593411560392,5.3616003646410775,3.8903016239585577,0.027331189710610992,152.9000015258789,148.25,150.57500076293945,148.25,144.0500030517578,1,1,0,1,2.325000762939453,-15.699996948242188,165.72423239582042,143.4175003051758,121.11076821453116,0.8660890270357889,31.10740606017884,16.332499694824207,0,0,0,0.05302255615075935,0
2021-11-26,158.4499969482422,158.4499969482422,146.25,148.14999389648438,35968151,144.08499984741212,140.0479998779297,147.10842862433066,62.574837715513205,4.7690159879982446,4.066044496766495,-0.07261349673562212,152.9000015258789,148.25,150.57500076293945,148.25,138.5500030517578,1,0,1,1,2.325000762939453,-9.599990844726562,166.11759209943898,144.08499984741212,122.05240759538528,0.592249563795615,30.582770274989972,4.064994049072254,0,0,0,-0.27383946324017394,1
2021-11-29,148.8000030517578,153.89999389648438,137.5,149.10000610351562,43972445,144.7599998474121,140.17700012207033,147.29810266996734,63.286459912201565,4.326177168249245,4.118071031063046,0.006412502505366513,152.9000015258789,148.25,150.57500076293945,148.25,137.89999389648438,1,0,0,1,2.325000762939453,-11.20001220703125,166.53713591088547,144.7599998474121,122.98286378393874,0.599645936992215,30.0872286355735,4.340006256103521,0,0,0,0.007396373196600026,1
2021-11-30,149.9499969482422,158.0,145.3000030517578,152.5500030517578,258130152,145.80999984741212,140.3870001220703,147.79828365870927,61.55039196152988,4.205135944450944,4.135484013740626,0.023138811582924745,149.5250015258789,148.25,148.88750076293945,148.25,138.14999389648438,1,1,0,1,0.6375007629394531,-14.400009155273438,166.95402221884217,145.80999984741212,124.66597747598205,0.6593831837184594,29.002156770532817,6.740003204345697,0,0,0,0.059737246726244364,0
2021-12-01,153.0,157.89999389648438,149.4499969482422,151.39999389648438,32604856,146.74749984741212,140.65700012207031,148.14130368135451,61.98281248994957,3.9706426775848627,4.102515746509474,-0.00753857182738471,149.32500457763672,148.25,148.78750228881836,148.25,137.75,1,1,0,1,0.5375022888183594,-13.649993896484375,167.12313511141252,146.74749984741212,126.37186458341172,0.6141680735052286,27.769652341861995,4.65249404907226,0,0,0,-0.04521511021323077,0
2021-12-02,151.60000610351562,153.8000030517578,147.8000030517578,150.64999389648438,23508261,147.65749969482422,140.98399993896484,148.38022655898592,58.1317706851255,3.681844332574883,4.018381463722556,-0.004953765060999871,149.0500030517578,148.25,148.6500015258789,148.25,132.6999969482422,1,1,0,1,0.40000152587890625,-17.949996948242188,166.99700040328798,147.65749969482422,128.31799898636046,0.577367411050858,26.19508084375569,2.9924942016601506,0,0,0,-0.036800662454370636,0
2021-12-03,152.10000610351562,152.8000030517578,143.85000610351562,144.89999389648438,26452896,148.48499908447266,141.2129998779297,148.04877582922387,42.44402931962928,2.954930024289837,3.8056911758360124,-0.03816794047765426,149.4000015258789,148.25,148.82500076293945,148.25,135.4499969482422,1,0,1,1,0.5750007629394531,-9.449996948242188,165.75468850215145,148.48499908447266,131.21530966679387,0.39620527905040503,23.26119072520466,-3.585005187988287,0,0,0,-0.18116213200045295,0
2021-12-06,146.60000610351562,146.85000610351562,135.3000030517578,138.5500030517578,33244501,148.84499893188476,141.34199981689454,147.14413080279854,29.34473892267492,1.8451838746377405,3.413589715596358,-0.04382326509456558,148.3000030517578,148.25,148.2750015258789,148.25,134.8000030517578,1,0,1,1,0.02500152587890625,-3.75,164.93048945487044,148.84499893188476,132.75950840889908,0.1799912360330041,21.613746700817014,-10.294995880126947,0,0,0,-0.21621404301740094,1
2021-12-07,141.35000610351562,143.8000030517578,138.64999389648438,139.8000030517578,36835410,149.27749938964843,141.39199981689453,146.44469006460417,32.61719384463163,1.0544120038318283,2.9417541732434525,0.009022013514738303,148.3000030517578,148.25,148.2750015258789,148.25,135.60000610351562,1,0,1,1,0.02500152587890625,-4.1999969482421875,163.8285999746534,149.27749938964843,134.72639880464345,0.1743374742506677,19.495370225921686,-9.477496337890614,0,0,0,-0.005653761782336397,1
2021-12-08,141.0,148.60000610351562,140.25,147.60000610351562,37324365,149.775,141.61100006103516,146.5547201635481,42.27783200489335,1.0450677672570805,2.562416892046178,0.05579401202781109,146.875,148.25,147.5625,148.25,131.5500030517578,0,0,0,0,0.6875,-16.050003051757812,163.34951733035186,149.775,136.20048266964815,0.4198868790855194,18.126546259858927,-2.1749938964843807,0,0,0,0.24554940483485171,0
2021-12-09,148.64999389648438,148.64999389648438,145.3000030517578,146.25,18377899,150.2849998474121,141.6620001220703,146.52569919559113,42.64578511013813,0.9181443854179747,2.2335623907205373,-0.00914638243692778,146.6500015258789,148.25,147.45000076293945,148.25,132.64999389648438,0,0,1,0,0.7999992370605469,-13.600006103515625,162.45205117995482,150.2849998474121,138.1179485148694,0.33418333098423525,16.191970382800953,-4.034999847412109,0,0,0,-0.08570354810128417,0
2021-12-10,144.10000610351562,146.39999389648438,139.75,140.5500030517578,27881031,150.2675003051758,141.69300018310548,145.9565852771308,42.096226283015795,0.35353919425497793,1.8575577514274255,-0.03897433810763884,146.6500015258789,148.25,147.45000076293945,148.25,132.4499969482422,0,0,1,0,0.7999992370605469,-8.100006103515625,162.48937734494777,150.2675003051758,138.0456232654038,0.10245479389967463,16.266826845393414,-9.717497253417974,0,0,0,-0.23172853708456062,1
2021-12-13,142.1999969482422,144.4499969482422,141.89999389648438,142.64999389648438,20318225,149.75,141.77600006103515,145.64167181230735,44.894513507437146,0.07467640025356559,1.5009814811926536,0.014941236564422145,146.5999984741211,149.5,148.04999923706055,148.25,128.35000610351562,0,0,1,0,0.20000076293945312,-14.29998779296875,162.33630295093545,149.75,137.16369704906455,0.21794711555914306,16.80975352378691,-7.100006103515625,0,0,0,0.11549232165946843,0
2021-12-14,144.6999969482422,144.9499969482422,140.0,140.64999389648438,19474412,148.76749954223632,141.85699981689453,145.1662739155623,36.36363381604714,-0.304201018411419,1.1399449812718392,-0.014020330077625709,144.5500030517578,149.8000030517578,147.1750030517578,148.25,131.35000610351562,0,0,1,0,1.0749969482421875,-9.29998779296875,160.96812668648954,148.76749954223632,136.5668723979831,0.16733244325167812,16.402274934774123,-8.117505645751947,0,0,0,-0.05061467230746494,0
2021-12-15,140.5,142.0,140.0,140.60000610351562,12791660,147.91749954223633,141.90899993896485,144.73139126679595,30.945279704990668,-0.6015632527770549,0.7916433344620605,-0.00035540558221092144,144.0500030517578,150.3249969482422,147.1875,148.25,131.14999389648438,0,0,1,0,1.0625,-9.45001220703125,159.90517062949885,147.91749954223633,135.9298284549738,0.19479086532095924,16.208590767638782,-7.317493438720703,0,0,0,0.02745842206928112,0
2021-12-16,141.89999389648438,142.85000610351562,137.39999389648438,138.39999389648438,17182101,147.00999908447267,141.8949996948242,144.12840104105197,38.06609725431486,-1.0031834899176033,0.4326779695861277,-0.01564731231527483,141.9749984741211,150.8000030517578,146.38750076293945,148.25,137.64999389648438,0,0,1,0,1.8624992370605469,-0.75,158.9942633150389,147.00999908447267,135.02573485390644,0.14077873191296064,16.304012387184642,-8.610005187988293,0,0,0,-0.0540121334079986,0
2021-12-17,138.9499969482422,141.0,132.35000610351562,135.35000610351562,95386202,146.04249954223633,141.84299987792969,143.29236342795326,33.99300830973756,-1.5497147989121913,0.03619941588646386,-0.022037485025107495,140.5,150.6750030517578,145.5875015258789,148.25,136.0500030517578,0,0,1,0,2.6624984741210938,0.6999969482421875,158.50212399586084,146.04249954223633,133.58287508861181,0.07091429687472446,17.06301178448554,-10.692493438720703,0,0,0,-0.06986443503823618,0
2021-12-20,135.3000030517578,135.75,124.5999984741211,126.5500030517578,36064413,144.88249969482422,141.675,141.69785291593465,23.08487932600994,-2.6622428223511747,-0.5034890317610639,-0.06501664318380296,136.62499618530273,146.79999923706055,141.71249771118164,146.79999923706055,140.89999389648438,0,0,1,0,5.087501525878906,14.349990844726577,159.81910623375313,144.88249969482422,129.9458931558953,-0.11367676102623717,20.618924397896084,-18.33249664306642,0,1,0,-0.18459105790096164,1
2021-12-21,128.85000610351562,132.85000610351562,128.60000610351562,131.60000610351562,20442777,144.0275001525879,141.565,140.73615321951377,31.03448779851844,-3.1006933913172645,-1.022929903672304,0.039905198972554956,136.62499618530273,146.79999923706055,141.71249771118164,146.79999923706055,153.0,0,0,1,0,5.087501525878906,21.399993896484375,159.91927123621912,144.0275001525879,128.13572906895666,0.1089959393552812,22.067689943649533,-12.427494049072266,0,0,0,0.22267270038151837,1
2021-12-22,133.0500030517578,139.75,133.0,138.64999389648438,19425711,143.18499984741212,141.615,140.53747137922525,39.743584393145916,-2.846481068517477,-1.3876401366413387,0.05357133332823172,135.49999618530273,146.79999923706055,141.14999771118164,146.79999923706055,160.3000030517578,0,0,1,0,5.650001525878906,21.650009155273438,158.32332951996074,143.18499984741212,128.0466701748635,0.35021445400441437,21.145133482810458,-4.53500595092774,0,0,0,0.2412185146491332,0
2021-12-23,140.0500030517578,140.75,132.10000610351562,133.0,21934786,141.8474998474121,141.53799987792968,139.81961696215618,39.81164267238,-3.065585102869477,-1.7232291298869664,-0.04075004792789705,134.77499771118164,143.42499923706055,139.0999984741211,146.79999923706055,157.60000610351562,0,0,1,0,7.700000762939453,24.600006103515625,155.5544469415712,141.8474998474121,128.14055275325302,0.17726220190992517,19.326314681476795,-8.84749984741211,0,0,0,-0.1729522520944892,0
2021-12-24,134.5,134.5,129.60000610351562,131.4499969482422,17625584,141.0125,141.43499969482423,139.02251029416436,43.37685696131326,-3.3259593321701573,-2.0437751703436047,-0.011654158283893379,134.77499771118164,143.22500228881836,139.0,146.79999923706055,156.5500030517578,0,0,1,0,7.799999237060547,25.100006103515625,155.1110398790547,141.0125,126.9139601209453,0.16086902850258222,19.99615619757779,-9.562503051757801,0,0,0,-0.016393173407342948,1
2021-12-27,131.35000610351562,133.85000610351562,128.0,132.75,13934154,140.19499969482422,141.38099975585936,138.4251283613868,43.42963107276582,-3.38834961786759,-2.3126900598484017,0.009889715343772032,133.72500228881836,142.95000076293945,138.3375015258789,146.79999923706055,154.6999969482422,0,0,1,0,8.46249771118164,21.949996948242188,154.21883048318463,140.19499969482422,126.1711689064638,0.2345589872275318,20.006178278665317,-7.444999694824219,0,0,0,0.07368995872494957,1
2021-12-28,133.6999969482422,134.0,131.64999389648438,132.85000610351562,11170275,139.20999984741212,141.3379998779297,137.89416433682766,33.94993919727116,-3.3906395301094108,-2.528279953900604,0.0007533416460687725,133.72500228881836,142.95000076293945,138.3375015258789,146.79999923706055,149.75,0,0,1,0,8.46249771118164,16.899993896484375,152.3647516795169,139.20999984741212,126.05524801530736,0.2582624961280285,18.899147829212954,-6.359993743896496,0,0,0,0.02370350890049669,1
2021-12-29,132.6999969482422,137.6999969482422,131.5500030517578,137.10000610351562,18914246,138.49500045776367,141.19899993896485,137.81853021936936,40.6345972677227,-3.0147625151409443,-2.6255764661486722,0.03199096578654603,132.79999923706055,142.95000076293945,137.875,146.79999923706055,148.6999969482422,0,0,1,0,8.924999237060547,11.599990844726562,150.41866696568172,138.49500045776367,126.57133394984561,0.44150312937209046,17.218912550643843,-1.3949943542480412,0,0,0,0.18324063324406198,0
2021-12-30,137.0500030517578,137.0500030517578,133.3000030517578,133.9499969482422,8369208,137.66000061035157,141.10699981689453,137.450098479262,42.8725617239602,-2.9371984899864003,-2.687900870916218,-0.02297599573332665,132.67499923706055,142.95000076293945,137.8125,146.79999923706055,155.5,0,0,1,0,8.987499237060547,21.550003051757812,148.3355597194839,137.66000061035157,126.98444150121924,0.32623843752896803,15.510037864011997,-3.7100036621093864,0,0,0,-0.11526469184312244,1
2021-12-31,133.85000610351562,138.39999389648438,133.39999389648438,137.39999389648438,11452243,137.28500061035157,141.09699981689454,137.44532661423557,44.491080091840956,-2.56774317537608,-2.6638693318081907,0.025755856863328264,134.375,141.52499771118164,137.94999885559082,146.79999923706055,159.75,0,0,1,0,8.850000381469727,22.350006103515625,147.4306934124317,137.28500061035157,127.13930780827145,0.5056670987568842,14.78048258290953,0.11499328613280113,0,0,0,0.17942866122791618,1
2022-01-03,139.6999969482422,142.4499969482422,138.3000030517578,141.35000610351562,22518241,137.42500076293945,141.16100006103517,137.81720085130985,50.70565737993088,-1.9339211639338316,-2.517879698233319,0.028748270614969096,135.2249984741211,141.29999923706055,138.26249885559082,146.79999923706055,148.14999389648438,0,0,0,0,8.537500381469727,6.79998779296875,147.71293009589172,137.42500076293945,127.13707142998717,0.6907577906860407,14.972427543513911,3.9250053405761776,0,0,0,0.1850906919291565,0
2022-01-04,141.35000610351562,141.5500030517578,137.60000610351562,138.35000610351562,10705792,137.35250091552734,141.17300018310547,137.86794420866278,47.859182477631585,-1.6546142186280122,-2.3452266023122577,-0.021223911358044023,135.2249984741211,141.29999923706055,138.26249885559082,146.79999923706055,149.10000610351562,0,0,0,0,8.537500381469727,10.75,147.59278728115018,137.35250091552734,127.1122145499045,0.548704945954293,14.910957277611836,0.9975051879882812,0,0,0,-0.14205284473174773,0
2022-01-05,137.89999389648438,137.89999389648438,133.3000030517578,133.9499969482422,15874857,136.67000045776368,141.19800018310548,137.494806374337,45.93607697896684,-1.7679258696651914,-2.2297664557828445,-0.031803461952732315,135.2249984741211,141.24999618530273,138.2374973297119,146.79999923706055,152.5500030517578,0,0,1,0,8.562501907348633,18.600006103515625,145.85223174893036,136.67000045776368,127.487769166597,0.35188766089250306,13.437083866849541,-2.72000350952149,0,0,0,-0.19681728506178992,0
2022-01-06,133.0,133.14999389648438,129.60000610351562,130.0,23780419,135.85750045776368,141.08900024414064,136.7810152910668,45.19316823321672,-2.1516549725351126,-2.214144159133298,-0.02948859304392859,135.2249984741211,139.20000076293945,137.21249961853027,146.79999923706055,151.39999389648438,0,0,1,0,9.587499618530273,21.399993896484375,144.3554560624927,135.85750045776368,127.35954485303466,0.15535825731402703,12.510101505026464,-5.857500457763678,0,0,0,-0.19652940357847604,0
2022-01-07,130.0,131.4499969482422,129.0,129.25,22846951,135.2925003051758,140.97800018310548,136.06377573953662,52.83612997533271,-2.4876062072903267,-2.268836568764704,-0.005769230769230749,135.7249984741211,138.70000076293945,137.21249961853027,146.79999923706055,150.64999389648438,0,0,1,0,9.587499618530273,21.399993896484375,143.96811239373702,135.2925003051758,126.61688821661457,0.15175366052022907,12.824971183165172,-6.042500305175793,0,0,0,-0.0036045967937979595,1
2022-01-10,130.5,130.89999389648438,129.39999389648438,130.1999969482422,11389370,134.67000045776368,140.87,135.5053206165562,48.39079463887019,-2.6466838431243502,-2.3444060236366333,0.007350073100519827,135.7249984741211,136.62499618530273,136.1749973297119,146.79999923706055,144.89999389648438,0,0,1,0,10.625001907348633,14.699996948242188,142.92084263113753,134.67000045776368,126.41915828438982,0.22911834843074816,12.253422655866927,-4.47000350952149,0,0,0,0.07736468791051909,1
2022-01-11,131.0,132.5,130.0,131.3000030517578,15396652,134.20250091552734,140.865,135.10481418181348,40.213070207840374,-2.6534059046155676,-2.4062059998324203,0.008448587782631911,135.7249984741211,136.62499618530273,136.1749973297119,146.79999923706055,138.5500030517578,0,0,1,0,10.625001907348633,7.25,142.0968967429374,134.20250091552734,126.30810508811729,0.3161671946007703,11.764901210565537,-2.9024978637695256,0,0,0,0.08704884617002215,1
2022-01-12,132.10000610351562,132.89999389648438,131.60000610351562,132.25,8004430,133.78500061035157,140.8570001220703,134.83292711687886,48.8584487611828,-2.5526510007433387,-2.435495000014604,0.00723531550770562,135.7249984741211,136.62499618530273,136.1749973297119,146.79999923706055,139.8000030517578,0,0,1,0,10.625001907348633,7.5500030517578125,141.14714003442538,133.78500061035157,126.42286118627777,0.39575037078677133,11.005926509678035,-1.5350006103515739,0,0,0,0.07958317618600103,1
2022-01-13,132.5,133.4499969482422,132.35000610351562,133.10000610351562,6535224,133.52000122070314,140.87000030517578,134.66788702036808,52.566107494832664,-2.376815178902092,-2.4237590357921013,0.006427267323369623,135.7249984741211,136.62499618530273,136.1749973297119,146.79999923706055,147.60000610351562,0,0,1,0,10.625001907348633,14.5,140.5736817551557,133.52000122070314,126.4663206862506,0.47022865473307723,10.56572868478798,-0.41999511718751137,0,0,0,0.0744782839463059,1
2022-01-14,133.10000610351562,134.4499969482422,132.0500030517578,133.60000610351562,9443928,133.43250122070313,140.97500030517577,134.56618407590594,51.35567003284408,-2.1720798178708947,-2.37342319220786,0.0037565738322440367,135.2750015258789,135.49999618530273,135.38749885559082,146.79999923706055,146.25,0,0,1,0,11.412500381469727,12.649993896484375,140.43644872651342,133.43250122070313,126.42855371489286,0.5119578910802465,10.49811319091658,0.16750488281249432,0,0,0,0.04172923634716924,1
2022-01-17,133.60000610351562,134.5,133.0,134.0,7515979,133.80500106811525,141.02800018310546,134.51226178296253,51.816734612017264,-1.9550132291055888,-2.289741199587406,0.002993966154271277,133.4499969482422,134.77499771118164,134.1124973297119,146.79999923706055,140.5500030517578,0,0,1,0,12.687501907348633,6.5500030517578125,140.05727352560228,133.80500106811525,127.55272861062821,0.5155942445895207,9.34534943773026,0.19499893188475426,0,0,0,0.0036363535092742705,0
2022-01-18,134.5,134.60000610351562,132.8000030517578,133.0500030517578,9428096,133.87750091552735,141.06600036621094,134.3729990466573,42.857142857142854,-1.8384506927064592,-2.199483098211217,-0.007089529464493927,131.8000030517578,134.77499771118164,133.28750038146973,146.79999923706055,142.64999389648438,0,0,1,0,13.51249885559082,9.599990844726562,140.05904520585727,133.87750091552735,127.69595662519741,0.433067060195296,9.23462754840382,-0.8274978637695369,0,0,0,-0.08252718439422474,0
2022-01-19,131.6999969482422,132.39999389648438,128.25,129.1999969482422,27812341,133.40500106811524,140.8970004272461,133.88033218014158,41.82444577276658,-2.033298757144763,-2.166246229997926,-0.028936535251471884,131.4250030517578,133.72500228881836,132.5750026702881,146.79999923706055,140.64999389648438,0,0,1,0,14.224996566772461,11.449996948242188,139.49917338371563,133.40500106811524,127.31082875251487,0.15499793063705045,9.136347613368347,-4.205004119873053,0,0,0,-0.2780691295582456,0
2022-01-20,127.9499969482422,130.6999969482422,125.0,125.1999969482422,23290545,133.01500091552734,140.68000030517578,133.05363358662734,29.39191191973471,-2.4818743203697124,-2.2293718480722835,-0.030959753053263595,129.8000030517578,133.72500228881836,131.7625026702881,146.79999923706055,140.60000610351562,0,0,1,0,15.037496566772461,15.400009155273423,140.08339175676892,133.01500091552734,125.94661007428576,-0.052813514618301124,10.627960444447075,-7.815003967285136,0,1,0,-0.20781144525535156,0
2022-01-21,125.1500015258789,125.1500015258789,112.5500030517578,113.6500015258789,59805922,132.12500114440917,140.13500045776368,131.20566862846084,12.768815633037661,-3.726406099376959,-2.5287786983332188,-0.09225236185219776,123.57500457763672,127.5,125.53750228881836,140.7750015258789,138.39999389648438,0,0,1,0,15.237499237060547,24.74999237060547,143.1388353315976,132.12500114440917,121.11116695722075,-0.33871789353887594,16.671839684830868,-18.474999618530262,0,1,0,-0.2859043789205748,0
2022-01-24,114.0,114.1999969482422,90.9499969482422,91.3499984741211,167044739,130.05500106811525,138.9020004272461,127.40989051852372,8.40707851078021,-6.43791806598297,-3.310606571863169,-0.19621647824333677,112.7750015258789,116.69999694824219,114.73749923706055,129.9749984741211,135.35000610351562,0,0,1,0,15.237499237060547,44.00000762939453,150.95014371127414,130.05500106811525,109.15985842495637,-0.4261722510103625,32.13277839614214,-38.70500259399415,0,1,0,-0.08745435747148655,1
2022-01-25,90.9499969482422,100.4499969482422,84.1500015258789,100.4499969482422,138336211,128.43500061035155,137.7050003051758,124.84228160706834,22.63071758947025,-7.763029636573648,-4.201091184805265,0.09961684319785813,109.37500381469727,113.29999923706055,111.3375015258789,126.57500076293945,126.5500030517578,0,0,1,0,15.237499237060547,26.100006103515597,152.9265955625652,128.43500061035155,103.94340565813789,-0.07131852206260539,38.138505603338935,-27.98500366210935,0,1,0,0.35485372894775713,0
2022-01-27,98.0,98.0,90.4499969482422,90.5,106488772,126.10500030517578,136.36300018310547,121.57158812068089,20.610117712934496,-9.506486838616183,-5.262170315567449,-0.09905422847716994,109.37500381469727,113.29999923706055,111.3375015258789,126.57500076293945,131.60000610351562,0,0,1,0,15.237499237060547,41.100006103515625,155.27551637597892,126.10500030517578,96.93448423437263,-0.11029088787381665,46.263853138591024,-35.60500030517578,0,1,0,-0.03897236581121126,0
2022-01-28,93.5999984741211,96.4499969482422,88.80000305175781,89.55000305175781,61452438,123.88500061035157,135.02300018310547,118.52191335221201,20.54896102126135,-10.839890535932454,-6.37771435964045,-0.010497203847979919,109.37500381469727,113.29999923706055,111.3375015258789,126.57500076293945,138.64999389648438,0,0,1,0,15.237499237060547,49.09999084472656,156.8417932884998,123.88500061035157,90.92820793220336,-0.0209092689010263,53.205460735001054,-34.334997558593756,0,1,0,0.08938161897279034,1
2022-01-31,91.3499984741211,92.5,89.6500015258789,90.4000015258789,20203799,121.53500099182129,133.73700027465821,115.84363603541838,20.43090777897882,-11.693242380214102,-7.440819963755181,0.009491886601386446,109.37500381469727,113.29999923706055,111.3375015258789,123.20000076293945,133.0,0,0,1,0,11.862499237060547,42.599998474121094,156.91547886924207,121.53500099182129,86.15452311440052,0.05999747129175693,58.22269731137239,-31.134999465942386,0,0,0,0.08090674019278322,1
2022-02-01,91.75,95.8000030517578,91.0500030517578,94.5500030517578,32606751,119.1950008392334,132.63300033569337,113.81567098935547,23.880593615773876,-11.897512308795257,-8.332158432763196,0.04590709575033425,108.27499771118164,113.29999923706055,110.7874984741211,123.00000381469727,131.4499969482422,0,0,1,0,12.212505340576172,36.89999389648439,155.20870585868354,119.1950008392334,83.18129581978326,0.1578386231829601,60.42821387790303,-24.644997787475603,0,0,0,0.09784115189120318,1
2022-02-02,95.75,99.75,94.8000030517578,98.9000015258789,18674088,117.22250061035156,131.6370004272461,112.39513104045294,27.389829203959764,-11.574960239989693,-8.980718794208496,0.046007385866924544,107.42499923706055,113.29999923706055,110.36249923706055,122.72500228881836,132.75,0,0,1,0,12.362503051757812,33.849998474121094,153.14489577975934,117.22250061035156,81.30010544094378,0.24497108282918095,61.28924904752557,-18.322499084472653,0,0,0,0.08713245964622085,0
2022-02-03,98.5,98.5,96.0999984741211,97.0999984741211,9769090,115.3800006866455,130.46900039672852,110.93845174842133,25.903605905662886,-11.333930113402019,-9.451361058047201,-0.018200232800671956,104.6500015258789,113.29999923706055,108.97500038146973,122.72500228881836,132.85000610351562,0,0,1,0,13.750001907348633,35.75000762939453,151.4613039132386,115.3800006866455,79.29869746005241,0.24668317691125619,62.54342695764825,-18.28000221252441,0,0,0,0.0017120940820752328,0
2022-02-04,97.1999969482422,97.8499984741211,93.5999984741211,94.1999969482422,15354384,113.59000053405762,129.15800033569337,109.34431319602332,24.448758862616472,-11.247266402460127,-9.810542126929787,-0.029866133588578703,99.17499923706055,113.29999923706055,106.23749923706055,122.72500228881836,137.10000610351562,0,0,1,0,16.487503051757812,42.90000915527342,150.14152137836118,113.59000053405762,77.03847968975406,0.23475790968575683,64.35693401259267,-19.39000358581542,0,0,0,-0.011925267225499359,0
2022-02-07,95.0999984741211,95.5,93.3499984741211,93.5500030517578,10900141,111.80500068664551,128.06600051879883,107.84009318228374,23.852616848111808,-11.103044872496298,-10.06904267604309,-0.00690014774460701,92.29999923706055,113.29999923706055,102.79999923706055,122.72500228881836,133.9499969482422,0,0,1,0,19.925003051757812,40.39999389648439,148.60910319402868,111.80500068664551,75.00089817926235,0.25199778840924547,65.836236807571,-18.254997634887715,0,0,0,0.017239878723488644,0
2022-02-08,94.3499984741211,94.6500015258789,91.25,93.5500030517578,9026735,109.97250099182129,126.95500045776367,106.47913221747174,24.14921259449366,-10.86352037041641,-10.227938214917753,0.0,94.2750015258789,113.29999923706055,103.78750038146973,121.29999923706055,137.39999389648438,0,0,1,0,17.51249885559082,43.84999084472658,146.57965263033267,109.97250099182129,73.36534935330991,0.27569276486965555,66.57510069946281,-16.422497940063494,0,0,0,0.023694976460410078,1
2022-02-09,94.5,95.4499969482422,93.5999984741211,94.1999969482422,7876462,108.11750068664551,125.78800033569335,105.30969076325941,26.092890194641356,-10.500206556583947,-10.282391883250993,0.0069480905962642225,94.2750015258789,112.85000228881836,103.56250190734863,121.07500076293945,141.35000610351562,0,0,1,0,17.51249885559082,47.15000915527342,143.96581103028353,108.11750068664551,72.26919034300751,0.3058834069863874,66.31361271943634,-13.917503738403312,0,0,0,0.030190642116731836,1
2022-02-10,94.9000015258789,95.4000015258789,93.0,94.4499969482422,13257124,106.22750053405761,124.64900039672851,104.27543420944825,27.86176522155243,-10.075955488121664,-10.241104604225129,0.0026539278991417614,94.70000076293945,111.02499771118164,102.86249923706055,121.07500076293945,138.35000610351562,0,0,1,0,18.212501525878906,43.90000915527342,140.74847356861588,106.22750053405761,71.70652749949934,0.3294152431041677,64.9944183210646,-11.77750358581541,0,0,0,0.023531836117780314,0
2022-02-11,92.75,92.75,86.5,88.69999694824219,39976783,104.00750007629395,123.41000045776367,102.79205923219052,30.40062061212332,-10.08742880498886,-10.210369444377875,-0.060878773803994535,93.125,109.37500381469727,101.25000190734863,121.02499771118164,133.9499969482422,0,0,1,0,19.774995803833008,45.25,137.0075051732157,104.00750007629395,71.00749497937221,0.26806817024583346,63.45697199281749,-15.307503128051763,0,0,0,-0.06134707285833424,0
2022-02-14,87.0,87.0,80.55000305175781,82.44999694824219,35049550,101.44999961853027,122.16100051879883,100.85471996705259,40.65125560484212,-10.480036915867842,-10.264302938675868,-0.07046223466779789,90.1500015258789,107.57500457763672,98.86250305175781,117.17500305175781,130.0,0,0,1,0,18.3125,47.55000305175781,132.76515581580924,101.44999961853027,70.13484342125129,0.19663247804685996,61.73515291282293,-19.000002670288083,0,0,0,-0.0714356921989735,1
2022-02-15,83.5,84.6500015258789,75.75,82.69999694824219,106216252,98.88499946594239,121.04400039672852,99.12569872716588,27.096765174822508,-10.648262223070844,-10.341094795554865,0.00303214080355807,87.125,105.17500305175781,96.1500015258789,114.2750015258789,129.25,0,0,1,0,18.125,46.55000305175781,127.39349152689336,98.88499946594239,70.37650740499141,0.2161371691793314,57.65989222818323,-16.185002517700198,0,0,0,0.01950469113247144,1
2022-02-16,85.0,87.0,84.25,84.94999694824219,33106605,96.4799991607666,119.94700027465821,97.77563189107791,41.06279350452016,-10.479227780303134,-10.36872139250452,0.02720677246709169,86.79999923706055,105.17500305175781,95.98750114440918,112.19999694824219,130.1999969482422,0,0,1,0,16.212495803833008,45.25,120.87232128777266,96.4799991607666,72.08767703376053,0.2636550929327283,50.56451562848926,-11.530002212524408,0,0,0,0.04751792375339692,1
2022-02-17,86.5,90.0999984741211,85.9000015258789,89.1500015258789,29566401,94.47749938964844,118.77800018310546,96.95414328486848,49.41690731885913,-9.892328888405231,-10.273442891684663,0.04944090321975736,85.625,105.17500305175781,95.4000015258789,112.19999694824219,131.3000030517578,0,0,1,0,16.79999542236328,42.150001525878906,113.85716603893137,94.47749938964844,75.09783274036552,0.3625492904449246,41.02493561849349,-5.327497863769537,0,0,0,0.0988941975121963,0
2022-02-18,88.0999984741211,88.4000015258789,85.19999694824219,85.9000015258789,15037123,92.51249961853027,117.57100021362305,95.90136787925043,43.86920929946354,-9.579033985768362,-10.134561110501403,-0.03645541160261867,85.5999984741211,105.17500305175781,95.38750076293945,112.19999694824219,132.25,0,0,1,0,16.812496185302734,46.349998474121094,106.15313397725373,92.51249961853027,78.87186525980681,0.25761764743651605,29.489278562291137,-6.612498092651364,0,0,0,-0.10493164300840857,0
2022-02-21,84.19999694824219,84.80000305175781,80.6500015258789,81.55000305175781,18853339,90.90749969482422,116.39100021362304,94.53457122901304,32.384820934565894,-9.571420661287405,-10.021933020658604,-0.05064026073166694,85.5999984741211,105.17500305175781,95.38750076293945,112.19999694824219,133.10000610351562,0,0,1,0,16.812496185302734,51.55000305175781,101.41650894911021,90.90749969482422,80.39849044053824,0.054786925358826816,23.120225040980444,-9.357496643066412,0,0,0,-0.20283072207768924,0
2022-02-22,78.0,80.55000305175781,77.0,79.69999694824219,28814770,90.32499961853027,115.1320002746582,93.12175463084438,22.093017840140732,-9.603958621461246,-9.938338140819132,-0.02268554303230952,85.57500076293945,105.17500305175781,95.37500190734863,111.07499694824219,133.60000610351562,0,0,1,0,15.699995040893555,53.90000915527344,101.90794020717753,90.32499961853027,78.74205902988301,0.04135124025837091,25.647253003189626,-10.625002670288083,0,0,0,-0.013435685100455903,1
2022-02-23,82.0,85.1500015258789,81.19999694824219,84.1500015258789,19847603,89.5099998474121,114.00200042724609,92.267301954181,32.523622292080006,-9.16501838325081,-9.783674189305469,0.05583443849472891,84.25,105.17500305175781,94.7125015258789,110.3499984741211,134.0,0,0,1,0,15.637496948242188,49.849998474121094,100.40176831153018,89.5099998474121,78.61823138329403,0.25394269813982834,24.336428293342184,-5.359998321533197,0,0,0,0.21259145788145742,0
2022-02-24,78.6500015258789,81.5,78.0999984741211,78.5,22035319,88.90999984741211,112.76000030517578,90.9561303394971,30.276387255768356,-9.167387054714439,-9.660416762387264,-0.06714202523384794,82.92499923706055,104.07499694824219,93.49999809265137,110.3499984741211,133.0500030517578,0,0,1,0,16.850000381469727,54.55000305175781,100.7943853823708,88.90999984741211,77.02561431245341,0.06203037099434316,26.733518288954567,-10.40999984741211,0,0,0,-0.19191232714548517,1
2022-02-25,82.0,83.4000015258789,78.1500015258789,78.80000305175781,22876044,88.37249984741212,111.56800048828126,89.79840393114097,31.30545572128993,-9.040839336721334,-9.536501277254079,0.003821694926851027,82.92499923706055,103.2249984741211,93.07499885559082,109.30000305175781,129.1999969482422,0,0,1,0,16.225004196166992,50.399993896484375,101.03912847403764,88.37249984741212,75.70587122078659,0.12213714959903736,28.666448609004586,-9.572496795654303,0,0,0,0.060106778604694204,1
2022-02-28,79.0,80.94999694824219,76.55000305175781,79.94999694824219,41975659,87.84999961853028,110.46000030517578,88.86046040896014,33.25122652834041,-8.746925351261083,-9.37858609205548,0.014593830608471192,83.32500076293945,100.45000076293945,91.88750076293945,109.30000305175781,125.1999969482422,0,0,1,0,17.41250228881836,45.250000000000014,100.99218411024212,87.84999961853028,74.70781512681843,0.1994410375508635,29.919600566372118,-7.900002670288089,0,0,0,0.07730388795182615,0
2022-03-02,80.0,82.0,79.0,79.8499984741211,20353225,87.11499938964843,109.52600021362305,88.00232117707071,32.08490056548942,-8.424947886499766,-9.187858450944338,-0.0012507627009145095,83.32500076293945,94.9749984741211,89.14999961853027,109.0999984741211,113.6500015258789,0,0,1,0,19.94999885559082,33.80000305175781,100.32022965380605,87.11499938964843,73.90976912549081,0.22491956708826152,30.316777493375618,-7.265000915527338,0,0,0,0.025478529537398015,1
2022-03-03,81.5,83.19999694824219,81.19999694824219,82.19999694824219,16067224,86.27999916076661,108.53800003051758,87.44971886956323,35.46856780638754,-7.889211272167131,-8.928129015188897,0.029430163043556057,82.47500228881836,88.0999984741211,85.28750038146973,109.0999984741211,91.3499984741211,0,0,1,0,23.812498092651367,9.150001525878906,98.47193910197812,86.27999916076661,74.08805921955509,0.3326762503671344,28.261335326381076,-4.08000221252442,0,0,0,0.10775668327887286,0
2022-03-04,80.5,82.9000015258789,79.5,80.19999694824219,15145236,85.43499908447265,107.36900009155273,86.75926916277075,38.932294305413336,-7.539113226497207,-8.65032585745056,-0.024330901146618178,80.85000228881836,87.75,84.30000114440918,109.0999984741211,100.4499969482422,0,0,1,0,24.799997329711914,20.250000000000014,96.8264918473648,85.43499908447265,74.0435063215805,0.2702231724500801,26.667040170806295,-5.235002136230463,0,0,0,-0.06245307791705429,0
2022-03-07,79.0,79.6500015258789,78.0,79.0,9764606,84.67499923706055,106.28900009155274,86.02029114726876,44.82759172886853,-7.2746303179090575,-8.37518674954226,-0.01496255603371921,80.85000228881836,87.75,84.30000114440918,109.0999984741211,90.5,0,0,1,0,24.799997329711914,11.5,95.64644004617104,84.67499923706055,73.70355842795006,0.24137402116100704,25.914238932306976,-5.674999237060547,0,0,0,-0.02884915128907306,0
2022-03-08,79.25,80.5999984741211,77.5999984741211,78.1500015258789,12381953,83.90499916076661,105.22300018310547,85.27073975475544,43.29897671742816,-7.052318739966083,-8.110613147627024,-0.01075947435596325,80.85000228881836,87.75,84.30000114440918,109.0999984741211,89.55000305175781,0,0,1,0,24.799997329711914,11.400001525878906,94.42939431877221,83.90499916076661,73.380604002761,0.2265877255421163,25.086455546803073,-5.754997634887701,0,0,0,-0.014786295618890749,1
2022-03-09,79.44999694824219,80.6500015258789,78.9000015258789,80.3499984741211,11887757,83.24499893188477,104.17500015258788,84.80209772802836,43.215341788982656,-6.622276365479024,-7.812945791197425,0.028150952083010106,79.97500228881836,87.75,83.86250114440918,109.0999984741211,90.4000015258789,0,0,1,0,25.237497329711914,10.050003051757812,92.88568761051758,83.24499893188477,73.60431025325195,0.3498551009026969,23.162205062964343,-2.895000457763672,0,0,0,0.1232673753605806,1
2022-03-10,82.55000305175781,83.94999694824219,81.69999694824219,82.19999694824219,13476206,82.64499893188477,103.16199996948242,84.55427860614395,38.985728072863026,-6.062302816415624,-7.462817196241065,0.02302425027073185,80.25,87.75,84.0,109.0999984741211,94.5500030517578,0,0,1,0,25.099998474121094,12.35000610351561,90.87414759500928,82.64499893188477,74.41585026876027,0.4729618456380139,19.914450407112696,-0.4450019836425838,0,0,0,0.12310674473531702,0
2022-03-11,82.4000015258789,82.4000015258789,79.5,79.9000015258789,18964704,81.9174991607666,102.01799987792968,84.11101412230919,40.19607549811734,-5.737966447663723,-7.117847046525598,-0.02798048062959768,80.25,87.125,83.6875,109.0999984741211,98.9000015258789,0,0,1,0,25.412498474121094,19.0,88.18146520237727,81.9174991607666,75.65353311915592,0.33896004372583377,15.293352716535868,-2.0174976348876896,0,0,0,-0.13400180191218014,0
2022-03-14,80.69999694824219,80.69999694824219,79.0,79.30000305175781,7261365,81.44749946594239,100.925,83.65282259178049,45.810054437240325,-5.466329952159327,-6.787543627652344,-0.007509367492649632,80.77499771118164,86.79999923706055,83.7874984741211,109.0999984741211,97.0999984741211,0,0,1,0,25.3125,17.79999542236328,86.97230476989886,81.44749946594239,75.92269416198592,0.30564958437117323,13.566543700378894,-2.147496414184573,0,0,0,-0.03331045935466054,0
2022-03-15,79.30000305175781,79.5999984741211,76.0,76.55000305175781,18900800,81.15249977111816,99.70800018310547,82.97636358796882,44.324332200791474,-5.410588196967453,-6.512152541515365,-0.03467843498322587,79.9749984741211,85.625,82.79999923706055,109.0999984741211,94.1999969482422,0,0,1,0,26.299999237060547,17.64999389648439,87.04923347307782,81.15249977111816,75.2557660691585,0.10974185439044006,14.532475816741963,-4.602496719360346,0,0,0,-0.1959077299807332,0
2022-03-16,80.0,80.0,75.5,75.94999694824219,42383305,80.81499977111817,98.4,82.30718581275677,32.84516885072843,-5.353120491647815,-6.280346131541855,-0.007838093789623302,79.7249984741211,85.4749984741211,82.5999984741211,108.9749984741211,93.5500030517578,0,0,1,0,26.375,17.60000610351561,87.0799898727538,80.81499977111817,74.55000966948253,0.1117310048418234,15.504522970684034,-4.865002822875979,0,0,0,0.0019891504513833425,1
2022-03-17,77.19999694824219,82.0,76.80000305175781,80.8499984741211,34440238,80.60999984741211,97.24999984741211,82.16840606622004,55.07559366776356,-4.856208401465182,-5.995518585526521,0.06451615171516223,79.7249984741211,85.4749984741211,82.5999984741211,108.9749984741211,93.5500030517578,0,0,1,0,26.375,12.700004577636705,86.58181747269106,80.60999984741211,74.63818222213317,0.5200942695983428,14.816567762270411,0.23999862670898153,0,0,0,0.4083632647565194,0
2022-03-21,82.0,83.30000305175781,79.25,80.4000015258789,28669864,80.17249984741211,96.17899993896485,81.99998658618756,53.433476043517054,-4.4474455984586285,-5.685903988112943,-0.005565825067841201,79.7249984741211,85.45000076293945,82.58749961853027,108.5250015258789,94.1999969482422,0,0,1,0,25.937501907348633,13.799995422363295,84.6802126682292,80.17249984741211,75.66478702659502,0.5252347129808456,11.245034966843672,0.22750167846679403,0,0,0,0.005140443382502746,1
2022-03-22,80.94999694824219,81.9000015258789,79.30000305175781,81.1500015258789,23798591,79.93499984741212,95.20199996948242,81.91903562806293,52.6200989023327,-4.016677640565064,-5.3520587186033675,0.009328358031916117,79.7249984741211,84.125,81.92499923706055,106.69999694824219,94.4499969482422,0,0,1,0,24.77499771118164,13.299995422363295,83.6396046422414,79.93499984741212,76.23039505258284,0.6639853298471453,9.269043102273091,1.2150016784667912,0,0,0,0.13875061686629975,0
2022-03-23,82.0,82.0,80.19999694824219,80.75,12522850,79.89499969482422,94.23199996948242,81.80769890158075,51.93965935395442,-3.665316226723533,-5.014710220227401,-0.004929162271812726,79.7249984741211,82.79999923706055,81.26249885559082,105.05000305175781,88.69999694824219,0,0,1,0,23.787504196166992,7.9499969482421875,83.54587556463659,79.89499969482422,76.24412382501185,0.6170952307972771,9.13918488956169,0.8550003051757784,0,0,0,-0.046890099049868184,0
2022-03-24,80.69999694824219,82.3499984741211,80.05000305175781,80.3499984741211,12996477,79.92749977111816,93.235,81.66887028944173,45.64706085099554,-3.380172035872519,-4.687802583356424,-0.004953579267850228,79.4000015258789,82.79999923706055,81.10000038146973,105.05000305175781,82.44999694824219,0,0,1,0,23.950002670288086,2.0999984741210938,83.58242373209725,79.92749977111816,76.27257581013907,0.5577985626395562,9.145598126916008,0.4224987030029297,0,0,0,-0.059296668157720944,1
2022-03-25,81.0,81.8499984741211,80.25,80.5999984741211,13585986,79.74999961853027,92.22099990844727,81.56707297369691,51.025645339435805,-3.0983049685576276,-4.369903060396664,0.0031113877379913557,79.4000015258789,82.79999923706055,81.10000038146973,105.05000305175781,82.69999694824219,0,0,1,0,23.950002670288086,2.0999984741210938,82.87361781401783,79.74999961853027,76.6263814230427,0.6360599795485168,7.833525292611486,0.849998855590826,0,0,1,0.0782614169089606,0
2022-03-28,80.5999984741211,81.0,79.1500015258789,79.6500015258789,10034667,79.80749969482422,91.16899993896484,81.38449474057138,51.68831632076762,-2.9179438607655044,-4.079511220470433,-0.011786562856415106,79.4000015258789,82.79999923706055,81.10000038146973,105.05000305175781,84.94999694824219,0,0,1,0,23.950002670288086,5.299995422363281,82.87886188618612,79.80749969482422,76.73613750346232,0.4743602090648462,7.696926236522825,-0.15749816894530966,0,0,1,-0.16169977048367057,0
2022-03-29,80.05000305175781,80.5,78.05000305175781,78.19999694824219,13466521,79.77749938964844,90.07099975585938,81.08120923654003,50.12593306349232,-2.8590522598763926,-3.835419428351625,-0.018204702446435017,79.4000015258789,81.95000076293945,80.67500114440918,105.05000305175781,89.1500015258789,0,0,1,0,24.375001907348633,10.950004577636719,82.89895237763024,79.77749938964844,76.65604640166664,0.24731279832181602,7.825396914826896,-1.5775024414062528,0,0,1,-0.2270474107430302,1
2022-03-30,79.0,86.0,78.5,85.05000305175781,41305975,80.03249969482422,89.09999969482422,81.45918959989412,59.59184308987268,-2.233891091265434,-3.515113760934387,0.08759598939689739,81.4000015258789,80.75,81.07500076293945,105.05000305175781,85.9000015258789,1,0,0,0,23.97500228881836,0.8499984741210938,83.91029236920336,80.03249969482422,76.15470702044509,1.1469535349432944,9.690544939032856,5.017503356933588,1,0,0,0.8996407366214785,0
2022-03-31,88.69999694824219,88.69999694824219,81.75,82.30000305175781,34672910,80.15499992370606,88.06599975585938,81.53926707150018,50.19686233753751,-1.9380082259290532,-3.1996926539333206,-0.032333920062606825,83.375,82.0999984741211,82.73749923706055,105.05000305175781,81.55000305175781,1,0,1,0,22.312503814697266,-0.75,84.15486289095799,80.15499992370606,76.15513695645413,0.7681345768109478,9.980320556569442,2.145003128051755,0,0,0,-0.3788189581323467,1
2022-04-01,82.0999984741211,85.5999984741211,82.05000305175781,84.30000305175781,15586812,80.26000022888184,87.09099975585937,81.80219430771518,58.7649384831009,-1.5245614428201577,-2.8646664117106884,0.02430133567239623,83.375,82.0999984741211,82.73749923706055,105.05000305175781,79.69999694824219,1,0,0,0,22.312503814697266,-4.600006103515625,84.56750659808023,80.26000022888184,75.95249385968344,0.9689491409420484,10.733880779751908,4.040002822875977,0,0,0,0.20081456413110066,1
2022-04-04,84.4000015258789,87.69999694824219,84.4000015258789,86.25,18040882,80.56250038146973,86.23199981689453,82.22579484983754,63.13798438700656,-1.0277066688115895,-2.4972744631308688,0.023131635559312524,83.375,82.0999984741211,82.73749923706055,105.05000305175781,84.1500015258789,1,0,0,0,22.312503814697266,-2.0999984741210938,85.59875743649415,80.56250038146973,75.52624332644531,1.0646554133745154,12.502732738376665,5.687499618530268,1,0,0,0.09570627243246699,0
2022-04-05,83.0,85.1500015258789,82.3499984741211,83.9000015258789,28433443,80.80750045776367,85.40599990844727,82.38524310469863,64.10747689143741,-0.8141854943038709,-2.160656669365469,-0.027246359120244534,83.375,82.0999984741211,82.73749923706055,103.94999694824219,78.5,1,0,0,0,21.21249771118164,-5.400001525878906,85.99048089995276,80.80750045776367,75.62452001557457,0.7983323111681555,12.827968722774994,3.09250106811524,0,0,0,-0.2663231022063599,1
2022-04-06,83.75,85.30000305175781,83.1500015258789,84.55000305175781,10697018,81.12750053405762,84.82399993896485,82.59141071870427,66.47510362527697,-0.5857663840718317,-1.845678612306742,0.007747336281971551,83.375,82.0999984741211,82.73749923706055,103.0999984741211,78.80000305175781,1,0,0,0,20.362499237060547,-5.75,86.40409897314872,81.12750053405762,75.85090209496651,0.8243095487753018,13.00816222453684,3.4225025177001953,0,0,0,0.02597723760714632,0
2022-04-07,84.80000305175781,85.25,82.25,82.5,9709022,81.23500061035156,84.64699996948242,82.58270493597053,53.54838921384448,-0.5636631493114947,-1.5892755197076927,-0.024246043498104775,83.375,82.0999984741211,82.73749923706055,100.32500076293945,79.94999694824219,1,0,1,0,17.587501525878906,-2.5500030517578125,86.53142535615575,81.23500061035156,75.93857586454737,0.6194201230415448,13.039760462879293,1.2649993896484375,0,0,0,-0.204889425733757,1
2022-04-08,83.5,85.5,82.75,83.4000015258789,14851737,81.2950008392334,84.30600006103515,82.660542706438,56.32911066414972,-0.4681272949497952,-1.3650458747561132,0.010909109404592776,83.375,82.0999984741211,82.73749923706055,94.8499984741211,79.8499984741211,1,0,0,0,12.112499237060547,-3.5500030517578125,86.66053130550809,81.2950008392334,75.9294703729587,0.6961596062007845,13.200148621402702,2.1050006866455107,0,0,0,0.07673948315923973,1
2022-04-11,83.1500015258789,85.8499984741211,83.0,84.44999694824219,17609808,81.52250061035156,84.185,82.83096691994317,56.87498827775692,-0.30418216402263454,-1.1528731326094175,0.01258987293948044,83.5999984741211,82.0999984741211,82.8499984741211,87.9749984741211,82.19999694824219,1,0,0,0,5.125,-2.25,87.01645074425399,81.52250061035156,76.02855047644913,0.7664290962367353,13.478365096187495,2.9274963378906307,0,0,0,0.07026949003595073,0
2022-04-12,84.30000305175781,84.30000305175781,81.0,81.5,12913673,81.63250045776367,84.02399993896485,82.70420816566286,51.4124292161811,-0.40759605259734144,-1.0038177166070024,-0.03493187749965443,84.8499984741211,82.0999984741211,83.4749984741211,87.625,80.19999694824219,1,0,1,0,4.150001525878906,-1.3000030517578125,87.03132351320694,81.63250045776367,76.2336774023204,0.48772876454711017,13.227141212553212,-0.13250045776366903,0,0,0,-0.2787003316896251,1
2022-04-13,82.5,88.30000305175781,82.1500015258789,83.9000015258789,52988189,82.00000038146973,83.89399993896484,82.81809324758821,56.21716755217516,-0.2925202475347959,-0.8615582227925611,0.029447871483176735,84.6500015258789,82.0999984741211,83.375,87.625,79.0,1,0,0,0,4.25,-4.900001525878906,86.94661759433947,82.00000038146973,77.05338316859999,0.6920505532008716,12.064919975262757,1.900001144409174,0,0,0,0.20432178865376144,0
2022-04-18,83.69999694824219,84.4000015258789,82.55000305175781,82.9000015258789,14209908,82.34750061035156,83.66099990844727,82.82589403599684,53.92491947474358,-0.27879965670190643,-0.7450065095744302,-0.011918950915531856,84.6500015258789,82.0999984741211,83.375,87.625,78.1500015258789,1,0,1,0,4.25,-4.75,86.44963277764478,82.34750061035156,78.24536844305834,0.5673431392499371,9.962979172139095,0.5525009155273466,0,0,0,-0.12470741395093454,0
2022-04-19,83.0999984741211,83.9000015258789,79.44999694824219,80.44999694824219,13439870,82.32750053405762,83.29199981689453,82.59961812287736,51.29869341709812,-0.460314662593575,-0.6880681401782591,-0.02955373380628834,83.875,82.0999984741211,82.98749923706055,87.625,80.3499984741211,1,0,1,0,4.637500762939453,-0.09999847412109375,86.462411634151,82.32750053405762,78.19258943396424,0.2729692924023162,10.045030089023113,-1.8775035858154325,0,0,0,-0.29437384684762086,0
2022-04-20,81.5999984741211,82.30000305175781,80.0,80.30000305175781,12797463,82.32250061035157,82.95599990844727,82.38060716372311,53.55933237884004,-0.6092468479821775,-0.6723038817390429,-0.0018644363228611516,83.875,82.0999984741211,82.98749923706055,87.625,82.19999694824219,1,0,1,0,4.637500762939453,1.899993896484375,86.4669533524597,82.32250061035157,78.17804786824344,0.2559994425747769,10.068821309801148,-2.0224975585937557,0,0,0,-0.016969849827539296,1
2022-04-21,81.0999984741211,81.8499984741211,80.6500015258789,80.80000305175781,6780602,82.30500068664551,82.68800003051757,82.23007343877404,40.82073192113149,-0.679102584705646,-0.6736636223323635,0.0062266498256260405,83.875,82.0999984741211,82.98749923706055,87.0,79.9000015258789,1,0,1,0,4.012500762939453,-0.9000015258789062,86.472003504597,82.30500068664551,78.13799786869403,0.31941485275649945,10.125758540033901,-1.504997634887701,0,0,0,0.06341541018172253,1
2022-04-22,80.69999694824219,81.80000305175781,80.19999694824219,81.19999694824219,7211263,82.32750053405762,82.44099990844727,82.13197091586625,47.35575300701024,-0.6941854569522832,-0.6777679892563475,0.0049504193239715555,83.875,82.0999984741211,82.98749923706055,86.67499923706055,79.30000305175781,1,0,1,0,3.6875,-1.899993896484375,86.465433440421,82.32750053405762,78.18956762769425,0.3637600450116602,10.052371029171656,-1.1275035858154325,0,0,0,0.04434519225516076,0
2022-04-25,80.5,81.5999984741211,78.5999984741211,78.75,16717052,82.24750061035157,82.14499984741211,81.8098784476885,36.94115991294226,-0.8935329287209299,-0.720920977149264,-0.030172377343854362,83.45000076293945,82.0999984741211,82.77499961853027,85.5,76.55000305175781,1,0,1,0,2.7250003814697266,-2.1999969482421875,86.59197847555227,82.24750061035157,77.90302274515086,0.0974774508156009,10.564400943398178,-3.4975006103515653,0,0,0,-0.2662825941960593,1
2022-04-26,80.5999984741211,80.9000015258789,78.5999984741211,79.5999984741211,9548939,82.19750061035157,81.85299987792969,81.59941368830113,33.498744272744034,-0.9717279878266538,-0.771082379284742,0.010793631417410632,83.45000076293945,82.75,83.10000038146973,85.4749984741211,75.94999694824219,1,0,1,0,2.374998092651367,-3.6500015258789062,86.63861407160327,82.19750061035157,77.75638714909987,0.20756183568676684,10.80595742759704,-2.5975021362304744,0,0,0,0.11008438487116594,0
2022-04-27,79.4000015258789,79.5999984741211,75.5,75.8499984741211,23626624,82.00750045776367,81.48099990844726,81.0518503345697,31.322488139913617,-1.3210633989456397,-0.8810785832169217,-0.04711055366689698,81.9000015258789,82.0999984741211,82.0,85.4749984741211,80.8499984741211,0,0,1,0,3.4749984741210938,5.0,87.13968273244856,82.00750045776367,76.87531818307878,-0.09989120164488256,12.516372883058722,-6.157501983642575,0,1,0,-0.3074530373316494,0
2022-04-28,77.3499984741211,77.5999984741211,73.5,73.8499984741211,21338831,81.79000053405761,81.18399993896485,80.36595968119366,26.637530580064222,-1.7392485398628423,-1.052712574546106,-0.02636783177632329,78.95000076293945,81.0999984741211,80.02499961853027,84.45000076293945,80.4000015258789,0,0,1,0,4.42500114440918,6.5500030517578125,87.83645578990499,81.79000053405761,75.74354527821023,-0.1565832147900159,14.785316582384944,-7.940002059936518,0,1,0,-0.05669201314513335,0
2022-04-29,74.69999694824219,74.8499984741211,71.0999984741211,71.75,24873682,81.12500038146973,80.97,79.54539209250855,26.57950201123633,-2.21458722039894,-1.2850875037166727,-0.028435998883019398,77.5,79.89999771118164,78.69999885559082,81.92499923706055,81.1500015258789,0,0,1,0,3.2250003814697266,9.400001525878906,88.39311700208683,81.12500038146973,73.85688376085264,-0.1449401454894209,17.918315159175638,-9.375000381469732,0,1,0,0.011643069300595,0
2022-05-02,71.75,71.9000015258789,68.75,69.5,18464589,80.48500022888183,80.70600006103516,78.58868808369822,21.399150467795295,-2.7412532838343537,-1.576320659740209,-0.03135888501742157,75.5250015258789,78.7249984741211,77.125,79.42499923706055,80.75,0,0,1,0,2.299999237060547,11.25,89.31331371156006,80.48500022888183,71.6566867462036,-0.1221460220253379,21.93778581741299,-10.98500022888183,0,1,0,0.022794123464083008,0
2022-05-04,69.75,70.0,63.900001525878906,64.44999694824219,43049544,79.49249992370605,80.29600006103516,77.24214607079765,14.6642957122245,-3.525493283146659,-1.966155184421499,-0.07266191441378145,72.875,76.29999923706055,74.58749961853027,77.0,80.3499984741211,0,0,1,0,2.4125003814697266,15.900001525878906,90.56102775082279,79.49249992370605,68.42397209658931,-0.17951687931846264,27.847980218863167,-15.042502975463862,0,1,0,-0.05737085729312473,0
2022-05-05,65.75,66.6500015258789,60.5,61.150001525878906,40296393,78.2375,79.73600006103516,75.70956087604348,14.485151433567907,-4.36299726748986,-2.4455236010351715,-0.05120241394291147,71.1500015258789,74.5999984741211,72.875,75.29999923706055,80.5999984741211,0,0,1,0,2.424999237060547,19.449996948242188,91.44238156191813,78.2375,65.03261843808187,-0.1470144542378984,33.75588831933057,-17.08749847412109,0,1,0,0.03250242508056422,0
2022-05-06,59.29999923706055,62.29999923706055,57.650001525878906,60.5,47189321,77.06749992370605,79.22800003051758,74.26103126880125,6.5055511673121345,-5.021292564780552,-2.9606773937842474,-0.01062962403367762,69.625,73.17499923706055,71.39999961853027,73.875,79.6500015258789,0,0,1,0,2.4750003814697266,19.150001525878906,92.08097030513548,77.06749992370605,62.054029542276616,-0.05175450787843288,38.96187211546296,-16.567499923706052,0,1,0,0.09525994635946552,0
2022-05-09,59.59999847412109,60.400001525878906,55.650001525878906,56.75,38279098,75.67749977111816,78.73199996948242,72.59331400510588,5.902169245008665,-5.778973580438176,-3.524336631115033,-0.06198347107438018,68.2750015258789,72.17499923706055,70.22500038146973,72.17499923706055,78.19999694824219,0,0,1,0,1.9499988555908203,21.449996948242188,92.67863153388564,75.67749977111816,58.6763680083507,-0.056654110891883436,44.93047950629004,-18.927499771118164,0,1,0,-0.0048996030134505555,0
2022-05-10,55.75,56.75,50.04999923706055,52.45000076293945,45135581,74.17499980926513,78.18700004577637,70.67490322013765,5.555534699173393,-6.649760941184013,-4.149421493128829,-0.07577091166626515,64.82499885559082,69.37499809265137,67.0999984741211,69.37499809265137,85.05000305175781,0,0,1,0,2.2749996185302734,32.60000228881836,93.63271028182275,74.17499980926513,54.71728933670751,-0.058261956795115984,52.4643357535329,-21.724999046325678,0,1,0,-0.0016078459032325479,1
2022-05-11,52.0,56.45000076293945,50.29999923706055,54.20000076293945,99812774,72.71499977111816,77.58800003051758,69.10586489088068,10.573999220695072,-7.116619859817533,-4.74286116646657,0.03336510914288726,63.82499885559082,69.17500114440918,66.5,69.37499809265137,82.30000305175781,0,0,1,0,2.874998092651367,28.10000228881836,93.52019341198965,72.71499977111816,51.90980613024666,0.05503901266734047,57.223939232232965,-18.514999008178705,0,0,0,0.11330096946245646,0
2022-05-12,53.79999923706055,53.900001525878906,51.04999923706055,51.95000076293945,37338266,71.08999996185302,77.05700004577636,67.471973069172,8.608302688952108,-7.58077861533021,-5.310444656239298,-0.041512914544799995,62.44999885559082,69.17500114440918,65.8125,69.37499809265137,84.30000305175781,0,0,1,0,3.562498092651367,32.35000228881836,93.02145203248038,71.08999996185302,49.158547891225666,0.06364040243948006,61.70052632549107,-19.13999919891357,0,0,0,0.00860138977213959,1
2022-05-13,53.29999923706055,59.20000076293945,52.25,56.84999847412109,79292212,69.85749988555908,76.61799995422363,66.46035644107191,19.059715197641097,-7.467162112172318,-5.741788147425902,0.09432141750183076,60.97500038146973,69.17500114440918,65.07500076293945,69.37499809265137,86.25,0,0,1,0,4.299997329711914,29.400001525878913,92.07898211535746,69.85749988555908,47.636017655760696,0.20732147214744975,63.619460376342495,-13.007501411437993,0,0,0,0.14368106970796968,0
2022-05-16,56.84999847412109,57.70000076293945,54.75,56.400001525878906,37036105,68.48249988555908,76.14700004577637,65.50222740152971,20.08031599387033,-7.328947661271087,-6.05922005019494,-0.007915513813901431,60.02499961853027,69.17500114440918,64.60000038146973,69.37499809265137,83.9000015258789,0,0,1,0,4.774997711181641,27.5,90.46008515887172,68.48249988555908,46.504914612246445,0.22511770038831463,64.18452979969868,-12.082498359680173,0,0,0,0.01779622824086488,0
2022-05-17,56.09999847412109,56.70000076293945,55.150001525878906,56.150001525878906,21460388,67.14499988555909,75.67300010681153,64.6115392228963,18.09523562377838,-7.157082234937974,-6.278792487143547,-0.004432623993552376,58.35000038146973,69.17500114440918,63.76250076293945,69.37499809265137,84.55000305175781,0,0,1,0,5.612497329711914,28.400001525878906,88.70199090690312,67.14499988555909,45.588008864215055,0.24497836110814813,64.21026452628026,-10.994998359680181,0,0,0,0.0198606607198335,1
2022-05-18,56.09999847412109,59.59999847412109,55.84999847412109,58.75,57728111,66.06000003814697,75.20400016784669,64.05329739214426,25.98314203407425,-6.733460358992829,-6.369726061513404,0.04630451297357108,56.17499923706055,69.17500114440918,62.67500019073486,69.37499809265137,82.5,0,0,1,0,6.699997901916504,23.75,87.00482227341259,66.06000003814697,45.11517780288135,0.3254938629691773,63.41151142346605,-7.310000038146967,0,0,0,0.08051550186102918,0
2022-05-19,56.5,56.84999847412109,54.79999923706055,55.34999847412109,31970099,64.81249980926513,74.70700019836426,63.224411780903964,24.999994845002618,-6.5960534798011565,-6.414991545170955,-0.05787236639793891,55.22500038146973,69.17500114440918,62.20000076293945,69.37499809265137,83.4000015258789,0,0,1,0,7.174997329711914,28.05000305175782,85.18026455450399,64.81249980926513,44.44473506402627,0.267708890653895,62.85134751839099,-9.462501335144047,0,0,0,-0.05778497231528229,1
2022-05-20,56.5,58.75,56.400001525878906,58.04999923706055,32411623,63.67499961853027,74.28800018310547,62.73161058625221,31.781911291434497,-6.197845140601103,-6.371562264256985,0.048780502933561065,54.82499885559082,69.17500114440918,62.0,69.37499809265137,84.44999694824219,0,0,1,0,7.374998092651367,26.39999771118164,82.85041212501314,63.67499961853027,44.49958711204741,0.353327786832017,60.22901490808196,-5.625000381469725,0,0,0,0.08561889617812196,0
2022-05-23,58.70000076293945,60.5,56.59999847412109,57.04999923706055,36830591,62.46749973297119,73.8660001373291,62.190504743472054,32.87482449504053,-5.894999915978829,-6.2762497946013545,-0.017226529080840658,55.39999961853027,69.17500114440918,62.28750038146973,69.37499809265137,81.5,0,0,1,0,7.087497711181641,24.450000762939453,80.05207367233328,62.46749973297119,44.882925793609104,0.3459587217014149,56.29991280115446,-5.4175004959106445,0,0,0,-0.007369065130602093,1
2022-05-24,57.95000076293945,67.5999984741211,57.900001525878906,64.94999694824219,193577787,61.7774995803833,73.55800010681152,62.45331352487874,50.637755275815344,-4.960349282508375,-6.013069692182759,0.1384749836429391,59.32499885559082,67.22500038146973,63.27499961853027,69.37499809265137,83.9000015258789,0,0,0,0,6.099998474121094,18.95000457763672,77.76253743714844,61.7774995803833,45.79246172361815,0.599233339210274,51.75035559982748,3.172497367858888,0,0,0,0.2532746175088591,0
2022-05-25,65.69999694824219,66.9000015258789,60.650001525878906,62.29999923706055,104446924,60.912499618530276,73.16000015258788,62.43871216413415,51.49156674648011,-4.38294077703452,-5.687043909153112,-0.04080058253572194,59.92499923706055,66.97500038146973,63.44999980926514,69.37499809265137,82.9000015258789,0,0,1,0,5.9249982833862305,20.60000228881836,74.66222119247428,60.912499618530276,47.162778044586275,0.5504555532658789,45.14581296138824,1.3874996185302706,0,0,0,-0.04877778594439508,0
2022-05-26,61.0,62.5,59.59999847412109,60.45000076293945,46556399,60.14249973297119,72.7710001373291,62.249311078306086,49.937107859804506,-4.028185378635499,-5.35527220304959,-0.029694999948259748,61.17499923706055,66.17500114440918,63.67500019073486,69.37499809265137,80.44999694824219,0,0,1,0,5.699997901916504,19.999996185302734,72.06308070421863,60.14249973297119,48.22191876172374,0.5128979045027234,39.64112241484493,0.30750102996826456,0,0,0,-0.03755764876315548,1
2022-05-27,63.0,63.0,61.5,62.04999923706055,32064280,59.552499771118164,72.42600006103515,62.23032899818746,57.047873757014465,-3.5767026625395886,-4.99955829494759,0.026468129924359207,61.19999885559082,65.94999885559082,63.57499885559082,69.37499809265137,80.30000305175781,0,0,1,0,5.799999237060547,18.250003814697266,69.74349861303821,59.552499771118164,49.36150092919811,0.6225345770656491,34.22525966529618,2.497499465942383,0,0,0,0.10963667256292564,1
2022-05-30,63.25,72.0999984741211,62.59999847412109,71.05000305175781,124103679,59.517499923706055,72.31600006103515,63.070297955670355,71.98582267029042,-2.4642677212630772,-4.492500180210688,0.1450443823587002,63.44999885559082,65.92500114440918,64.6875,69.37499809265137,80.80000305175781,0,1,0,0,4.687498092651367,9.75,69.54417790844705,59.517499923706055,49.490821938965055,1.0750909296978712,33.69320955212816,11.532503128051758,1,0,0,0.45255635263222216,1
2022-05-31,68.5,77.69999694824219,67.4000015258789,74.6500015258789,184333915,59.775,72.2900001525879,64.17312686711878,73.15968896601808,-1.2774396955893366,-3.849488083286418,0.0506685196269252,66.24999809265137,65.82499885559082,66.0374984741211,69.37499809265137,81.19999694824219,1,1,0,0,3.3374996185302734,6.549995422363281,71.00609547843999,59.775,48.54390452156001,1.1622239813753708,37.577902060861526,14.875001525878908,1,0,0,0.08713305167749952,1
2022-06-01,75.4000015258789,79.80000305175781,73.0999984741211,74.69999694824219,127949782,60.2875,72.1670001220703,65.17568592246387,77.11561864908384,-0.3290427221739236,-3.1453990110639194,0.0006697310293550807,68.10000228881836,65.47500038146973,66.78750133514404,69.37499809265137,78.75,1,1,0,0,2.587496757507324,4.0500030517578125,73.14311620979827,60.2875,47.431883790201745,1.060552552014477,42.64770046791875,14.412496948242186,1,0,0,-0.1016714293608938,0
2022-06-02,74.4000015258789,74.4000015258789,71.4000015258789,71.94999694824219,47866809,60.82749977111816,71.99800003051757,65.82085840110943,68.96985314752877,0.19837989485722574,-2.4766432298796905,-0.03681392386006932,68.20000076293945,64.92500114440918,66.56250095367432,69.37499809265137,79.5999984741211,1,1,0,0,2.812497138977051,7.650001525878906,74.65336156557856,60.82749977111816,47.00163797665777,0.9022352220235728,45.45924736832642,11.122497177124025,0,0,0,-0.1583173299909042,1
2022-06-03,73.9000015258789,74.8499984741211,71.19999694824219,72.1500015258789,35779760,61.40999984741211,71.81800003051758,66.42363393680176,69.91150672939682,0.6252967845380368,-1.8562552269961452,0.002779771871020298,68.85000228881836,64.92500114440918,66.88750171661377,69.37499809265137,75.8499984741211,1,1,0,0,2.4874963760375977,3.6999969482421875,76.08704270288149,61.40999984741211,46.73295699194273,0.8658775743938278,47.800172258387946,10.740001678466797,0,0,0,-0.036357647629744916,0
2022-06-06,70.0,71.19999694824219,69.19999694824219,69.9000015258789,30078469,62.06749992370605,71.60100006103515,66.75471656433292,66.54633154616353,0.7731627603900932,-1.3303716295188974,-0.03118503052550825,69.70000076293945,64.92500114440918,67.31250095367432,69.37499809265137,73.8499984741211,1,1,0,0,2.062497138977051,3.9499969482421875,77.02608500266575,62.06749992370605,47.10891484474635,0.7618062323685219,48.20102339339246,7.832501602172854,0,0,0,-0.10407134202530599,0
2022-06-07,69.69999694824219,69.69999694824219,64.75,65.4000015258789,41755337,62.714999961853025,71.30200012207031,66.62569608448017,57.652476401552356,0.5212268410674454,-0.9600519354016289,-0.06437768099810381,69.70000076293945,64.92500114440918,67.31250095367432,69.37499809265137,71.75,1,0,1,0,2.062497138977051,6.349998474121094,77.06087385405986,62.714999961853025,48.369126069646185,0.5935809691413942,45.749418483402216,2.6850015640258817,0,0,0,-0.1682252632271276,1
2022-06-08,66.0,68.5999984741211,64.0999984741211,67.1500015258789,46697875,63.3625,71.03300018310547,66.67562993604196,64.11483773206915,0.45750238187088144,-0.676541071947127,0.026758409161619312,70.6500015258789,64.92500114440918,67.78750133514404,69.37499809265137,69.5,1,0,1,0,1.5874967575073242,2.3499984741210938,77.27507984834526,63.3625,49.44992015165474,0.6361178719965941,43.91423901628016,3.787501525878909,0,0,0,0.04253690285519984,1
2022-06-09,66.19999694824219,69.69999694824219,65.0,68.69999694824219,47653877,64.19999980926514,70.81400009155273,66.86842679434675,63.09963137722054,0.5260084673969061,-0.4360311640783203,0.02308258208699998,71.20000076293945,64.92500114440918,68.06250095367432,69.37499809265137,64.44999694824219,1,0,0,0,1.3124971389770508,-4.25,77.2538498651614,64.19999980926514,51.14614975336888,0.6723628324099087,40.66619967189585,4.499997138977051,0,0,0,0.0362449604133146,1
2022-06-10,67.30000305175781,69.69999694824219,66.5,69.0,42040372,64.80749988555908,70.6300001525879,67.07143376631373,64.9561987695379,0.5976187953150998,-0.22930117219963633,0.004366856842567657,71.95000076293945,64.92500114440918,68.43750095367432,69.37499809265137,61.150001525878906,1,0,0,0,0.9374971389770508,-7.849998474121094,77.56407749681206,64.80749988555908,52.0509222743061,0.6643269943633856,39.36759675586714,4.192500114440918,0,0,0,-0.00803583804652308,0
2022-06-13,67.5,68.30000305175781,65.4000015258789,67.5,34863276,65.36249980926513,70.27900009155273,67.11224959809337,53.8003031291892,0.5272551628257673,-0.07798990519455559,-0.021739130434782594,71.95000076293945,64.92500114440918,68.43750095367432,69.37499809265137,60.5,1,0,1,0,0.9374971389770508,-7.0,77.56130623982682,65.36249980926513,53.16369337870344,0.5876110381331975,37.32662143020579,2.137500190734869,0,0,0,-0.07671595623018812,1
2022-06-14,64.19999694824219,70.75,64.0,70.0,66677006,66.0549997329712,70.03300003051758,67.38727344589401,61.52694803982225,0.6655485543190167,0.07071778670815887,0.03703703703703698,69.42499923706055,64.92500114440918,67.17500019073486,69.37499809265137,56.75,1,1,0,0,2.199997901916504,-13.25,77.64033142578498,66.0549997329712,54.469668040157416,0.6702584082886393,35.07783434909618,3.945000267028803,0,0,0,0.08264737015544177,1
2022-06-15,70.6500015258789,71.9000015258789,68.94999694824219,70.19999694824219,33246369,66.6274995803833,69.75099990844727,67.65515187468907,65.35432654605493,0.7822676511684392,0.21302775960021494,0.0028570992606027357,69.42499923706055,65.05000114440918,67.23750019073486,69.37499809265137,52.45000076293945,1,1,0,0,2.137497901916504,-17.749996185302734,77.8378734499091,66.6274995803833,55.41712571085751,0.6593389038330977,33.65089171926959,3.5724973678588867,0,0,0,-0.010919504455541573,0
2022-06-16,72.0,72.0,66.0999984741211,67.19999694824219,41879881,67.21999950408936,69.3699998474121,67.61180378645604,57.76771955770682,0.6254832666354417,0.2955188610072603,-0.04273504459283484,68.0,65.42500114440918,66.71250057220459,69.17500114440918,54.20000076293945,1,0,0,0,2.46250057220459,-12.999996185302734,77.16471679836532,67.21999950408936,57.2752822098134,0.49899431249500253,29.588566996853277,-0.02000255584717081,0,0,0,-0.16034459133809514,0
2022-06-17,65.6500015258789,69.4000015258789,65.30000305175781,67.05000305175781,33597224,67.66999969482421,69.03299987792968,67.55829895458001,41.76954319055788,0.4835531586164308,0.33312572052909445,-0.0022320521323817566,68.0,66.0250015258789,67.01250076293945,69.17500114440918,51.95000076293945,1,0,0,0,2.1625003814697266,-15.10000228881836,76.68528672052256,67.66999969482421,58.65471266912587,0.46561414842926896,26.64485611454165,-0.6199966430664006,0,0,0,-0.033380164065733575,0
2022-06-20,68.0,68.0,64.05000305175781,65.0,27409011,68.06749973297119,68.64199981689453,67.31465143509621,28.791198325087436,0.20331077175340795,0.30716273077395717,-0.030574242482514946,68.0,67.2750015258789,67.63750076293945,69.17500114440918,56.84999847412109,1,0,1,0,1.5375003814697266,-8.150001525878913,75.78191952735037,68.06749973297119,60.353079938592,0.3011840284342445,22.666969771602755,-3.0674997329711857,0,0,0,-0.16443011999502444,1
2022-06-21,65.5,67.25,65.3499984741211,66.05000305175781,22905677,68.12250003814697,68.31299987792968,67.19420873192112,31.78948653371711,0.0651916434767088,0.2587685133145075,0.01615389310396642,68.0,67.30000114440918,67.65000057220459,69.17500114440918,56.400001525878906,1,0,1,0,1.5250005722045898,-9.650001525878906,75.76255674466522,68.12250003814697,60.48244333162872,0.36436638718787445,22.430347395471394,-2.0724969863891545,0,0,0,0.06318235875362993,1
2022-06-22,65.94999694824219,68.5999984741211,65.0,67.5999984741211,35026600,68.3875,67.99699981689453,67.23285537403541,40.3547686093827,0.07988208500425742,0.2229912276524575,0.02346700001131996,68.0,67.30000114440918,67.65000057220459,69.17500114440918,56.150001525878906,1,0,1,0,1.5250005722045898,-11.449996948242188,75.55435879732798,68.3875,61.220641202672034,0.4450595059740456,20.959557806113608,-0.7875015258789091,0,0,0,0.08069311878617114,1
2022-06-23,67.05000305175781,70.0,66.5,69.55000305175781,33785882,68.84250011444092,67.69899993896485,67.45353610524707,44.65020789319096,0.24603727376177176,0.22760043687432036,0.02884622221379529,68.0,67.30000114440918,67.65000057220459,69.17500114440918,58.75,1,1,0,0,1.5250005722045898,-10.800003051757812,75.02354116313765,68.84250011444092,62.6614590657442,0.5572316970347629,17.95704989918036,0.7075029373168888,0,0,0,0.11217219106071735,1
2022-06-24,71.0,71.8499984741211,69.55000305175781,70.5,23948418,69.26500015258789,67.47899993896485,67.74367552379496,51.304344941626816,0.44919522921490795,0.27191939534243786,0.013659193480339837,68.0,68.10000228881836,68.05000114440918,69.17500114440918,55.34999847412109,0,1,0,0,1.125,-15.150001525878913,74.63278282861157,69.26500015258789,63.89721747656421,0.6150381751601547,15.499264171511385,1.2349998474121122,0,0,0,0.05780647812539175,0
2022-06-27,72.6500015258789,72.69999694824219,65.0,65.8499984741211,110751340,69.00499992370605,67.11799987792969,67.56332532858792,50.97191591119712,0.23230524091901827,0.26399656445775393,-0.06595746845218309,68.375,68.20000076293945,68.28750038146973,69.17500114440918,58.04999923706055,1,0,1,0,0.8875007629394531,-7.799999237060547,74.50389895930608,69.00499992370605,63.506100888106026,0.21312426095120204,15.937682897412571,-3.155001449584958,0,0,0,-0.4019139142089526,0
2022-06-28,65.69999694824219,65.69999694824219,59.650001525878906,60.29999923706055,120959477,68.28749980926514,66.66599983215332,66.8715799865377,37.291272664013974,-0.3830051476357994,0.13459622203904328,-0.08428245050365013,66.17499923706055,68.85000228881836,67.51250076293945,69.17500114440918,57.04999923706055,0,0,1,0,1.6625003814697266,-3.25,74.36704450603523,68.28749980926514,62.20795511249505,-0.1569160167905462,17.805732275309413,-7.9875005722045955,0,1,0,-0.37004027774174825,0
2022-06-29,58.75,61.45000076293945,56.84999847412109,57.29999923706055,96955320,67.41749992370606,66.20299987792968,65.96000086753988,29.929579876879288,-1.1000374446786338,-0.11233051130449215,-0.049751244410567,64.77499771118164,68.32500076293945,66.54999923706055,67.22500038146973,64.94999694824219,0,0,1,0,0.6750011444091797,7.649997711181641,74.4782558584411,67.41749992370606,60.35674398897102,-0.21646016235124105,20.94635945481646,-10.117500686645513,0,1,0,-0.059544145560694844,0
2022-06-30,57.79999923706055,59.0,53.34999847412109,53.84999847412109,106893631,66.5125,65.67399978637695,64.80666730626189,25.99048538190867,-1.9244925822010472,-0.47476292548380317,-0.06020943820027258,63.02499771118164,66.57500076293945,64.79999923706055,66.97500038146973,62.29999923706055,0,0,1,0,2.1750011444091797,8.45000076293946,75.41670620738745,66.5125,57.60829379261256,-0.21104044711887793,26.774534733734097,-12.662501525878916,0,1,0,0.00541971523236312,1
2022-07-01,54.150001525878906,56.70000076293945,52.54999923706055,56.150001525878906,112078641,65.7125,65.18099975585938,63.98222294622541,32.4574976669617,-2.3650256506928997,-0.8528154705256226,0.042711292793502054,62.62499809265137,66.17500114440918,64.39999961853027,66.17500114440918,60.45000076293945,0,0,1,0,1.7750015258789062,4.299999237060547,75.296073363733,65.7125,56.12892663626701,0.001099531918420388,29.16818980782346,-9.5624984741211,0,0,0,0.2121399790372983,0
2022-07-04,54.5,55.79999923706055,53.29999923706055,54.29999923706055,56902459,64.93249988555908,64.64299980163574,63.06010640249542,25.23659245255547,-2.8307993125715285,-1.2484122389348038,-0.03294750202216312,62.62499809265137,66.17500114440918,64.39999961853027,65.94999885559082,62.04999923706055,0,0,1,0,1.5499992370605469,7.75,75.5132975223591,64.93249988555908,54.35170224875907,-0.002443247355884495,32.590144089472126,-10.632500648498535,0,1,0,-0.003542779274304883,1
2022-07-05,55.400001525878906,55.900001525878906,54.34999847412109,55.45000076293945,51276627,64.43499984741212,64.17699981689454,62.33533443682342,27.411954406371876,-3.0717238625479695,-1.613074563657437,0.021178665599207003,62.62499809265137,66.17500114440918,64.39999961853027,65.92500114440918,71.05000305175781,0,0,1,0,1.5250015258789062,15.60000228881836,75.7885499461453,64.43499984741212,53.081449748678935,0.10430882823711674,35.24032009193578,-8.984999084472662,0,0,0,0.10675207559300123,0
2022-07-06,55.79999923706055,55.79999923706055,53.900001525878906,54.34999847412109,32403447,63.79499969482422,63.671999816894534,61.57482624989939,29.105698722107746,-3.3132264832894123,-1.9531049475838325,-0.019837732618275483,62.62499809265137,66.17500114440918,64.39999961853027,65.82499885559082,74.6500015258789,0,0,1,0,1.4249992370605469,20.30000305175782,75.883502612069,63.79499969482422,51.706496777579446,0.10933949863926372,37.89796371211687,-9.445001220703134,0,0,0,0.005030670402146983,1
2022-07-07,54.650001525878906,55.150001525878906,53.75,54.45000076293945,35759428,63.08249988555908,63.2439998626709,60.89627144161749,29.47883434344064,-3.456702980964117,-2.2538245542598894,0.0018399685671746102,62.62499809265137,63.69999885559082,63.162498474121094,65.47500038146973,74.69999694824219,0,0,1,0,2.312501907348633,20.249996185302734,75.60269478274827,63.08249988555908,50.56230498836988,0.1552569990520821,39.69466942465079,-8.632499122619627,0,0,0,0.04591750041281838,1
2022-07-08,55.0,55.29999923706055,54.29999923706055,54.79999923706055,21413556,62.37249984741211,62.86299987792969,60.315674088802545,32.413798727969976,-3.5018006096287877,-2.5034197653336694,0.0064278874052710044,59.12499809265137,63.69999885559082,61.412498474121094,64.92500114440918,71.94999694824219,0,0,1,0,3.512502670288086,17.14999771118164,75.07901321357681,62.37249984741211,49.6659864812474,0.20202287629445825,40.743960550723095,-7.572500610351561,0,0,0,0.04676587724237616,1
2022-07-11,54.70000076293945,56.5,54.20000076293945,56.09999847412109,21739009,61.802499771118164,62.54999984741211,59.9141811731186,32.991449602841215,-3.393523307083406,-2.6814404736836166,0.02372261414524557,57.0,62.62499809265137,59.812499046325684,64.92500114440918,72.1500015258789,0,0,1,0,5.112502098083496,16.05000305175782,74.56049666362648,61.802499771118164,49.04450287860984,0.2765126710312312,41.28634582664712,-5.702501296997077,0,0,0,0.07448979473677297,1
2022-07-12,55.900001525878906,59.650001525878906,55.5,59.0,57986568,61.25249977111817,62.33999984741211,59.82711629948826,35.94772121805974,-3.038678879297308,-2.752888154806355,0.05169343323987219,56.10000038146973,62.62499809265137,59.36249923706055,64.92500114440918,69.9000015258789,0,0,1,0,5.562501907348633,10.900001525878906,73.48718340831012,61.25249977111817,49.01781613392622,0.4079461374762956,39.94835699084679,-2.252499771118167,0,0,0,0.13143346644506437,0
2022-07-13,59.0,61.5,58.0,58.34999847412109,73383005,60.65999984741211,62.217999877929685,59.686438411358054,30.887371169387876,-2.7778900176626635,-2.7578885273776166,-0.011016975014896846,57.02499961853027,62.62499809265137,59.82499885559082,64.92500114440918,65.4000015258789,0,0,1,0,5.100002288818359,7.05000305175782,72.23396289697692,60.65999984741211,49.0860367978473,0.4002069834075598,38.16011565670514,-2.3100013732910227,0,0,0,-0.007739154068735821,0
2022-07-14,58.400001525878906,59.0,55.29999923706055,55.650001525878906,43024089,60.08250007629395,62.107999877929686,59.302015850836234,26.086967204917627,-2.757295765613101,-2.7577699750247135,-0.04627244248240492,57.39999961853027,62.62499809265137,60.01249885559082,64.92500114440918,67.1500015258789,0,0,1,0,4.912502288818359,11.5,71.4442033355199,60.08250007629395,48.72079681706799,0.3049368809726766,37.820341180206015,-4.4324985504150405,0,0,0,-0.09527010243488315,0
2022-07-15,56.20000076293945,56.20000076293945,53.34999847412109,53.900001525878906,47995067,59.425,61.975999908447264,58.787538296078395,28.774435059102743,-2.84933963348751,-2.776083906717273,-0.03144654001826397,57.42499923706055,62.62499809265137,60.02499866485596,64.92500114440918,68.69999694824219,0,0,1,0,4.900002479553223,14.799995422363281,70.61850319033131,59.425,48.231496809668684,0.2532051235357017,37.672707413820156,-5.524998474121091,0,0,0,-0.051731757436974946,0
2022-07-18,54.70000076293945,55.09999847412109,52.84999847412109,53.59999847412109,47689463,58.85499992370605,61.912999877929686,58.29348688446341,35.37118565887866,-2.9129145354269212,-2.803450032459203,-0.005565919170035238,57.17499923706055,62.62499809265137,59.89999866485596,64.92500114440918,69.0,0,0,1,0,5.025002479553223,15.400001525878913,70.01586534173505,58.85499992370605,47.694134505677056,0.26457912299989916,37.926651711823524,-5.255001449584967,0,0,0,0.011373999464197482,1
2022-07-19,53.650001525878906,54.400001525878906,53.29999923706055,53.95000076293945,35427093,58.249999809265134,61.94299987792969,57.87982153955637,41.728405062146564,-2.9016079137879416,-2.823081608724951,0.006529893633996142,57.17499923706055,62.62499809265137,59.89999866485596,64.92500114440918,67.5,0,0,1,0,5.025002479553223,13.549999237060547,69.09246289088783,58.249999809265134,47.40753672764244,0.3017056173511943,37.22734117467968,-4.299999046325681,0,0,0,0.037126494351295114,0
2022-07-20,54.5,54.5,53.20000076293945,53.400001525878906,37683099,57.53999996185303,61.92699989318848,57.45317201444423,48.703179849971505,-2.9035572757019636,-2.8391767421203538,-0.010194610366685342,57.17499923706055,62.62499809265137,59.89999866485596,64.92500114440918,70.0,0,0,1,0,5.025002479553223,16.599998474121094,67.67718932608308,57.53999996185303,47.402810597622974,0.2958014649217039,35.23527761887608,-4.139998435974121,0,0,0,-0.0059041524294903835,1
2022-07-21,53.34999847412109,54.45000076293945,52.70000076293945,53.5,29402446,56.73749980926514,61.95799987792969,57.07667944164002,41.2541256618433,-2.8640184954972767,-2.8441450927957383,0.0018726305480090133,57.10000038146973,62.62499809265137,59.86249923706055,65.05000114440918,70.19999694824219,0,0,1,0,5.187501907348633,16.699996948242188,65.37479494843313,56.73749980926514,48.100204670097135,0.31258601465498886,30.446513040595928,-3.237499809265138,0,0,0,0.01678454973328497,1
2022-07-22,53.75,54.0,52.900001525878906,53.650001525878906,27302087,55.89499988555908,61.893999938964846,56.75032916394848,47.583653139011744,-2.788436497597317,-2.8330033737560543,0.0028037668388580794,57.10000038146973,62.62499809265137,59.86249923706055,65.42500114440918,67.19999694824219,0,0,1,0,5.562501907348633,13.549995422363281,61.877381490346934,55.89499988555908,49.91261828077123,0.31236583454627465,21.405784478169217,-2.2449983596801744,0,0,0,-0.00022018010871421856,0
2022-07-25,52.5,52.5,46.0,47.59999847412109,232841112,54.98249988555908,61.717999877929685,55.87886909825063,28.610359548015808,-3.1800641045384594,-2.9024155199125357,-0.11276799402959026,53.75,59.349998474121094,56.54999923706055,62.900001525878906,67.05000305175781,0,0,1,0,6.350002288818359,19.450004577636726,60.12052236203795,54.98249988555908,49.844477409080206,-0.21841855940043275,18.689664846717356,-7.3825014114379925,0,1,0,-0.5307843939467074,0
2022-07-26,46.59999847412109,46.650001525878906,41.20000076293945,41.650001525878906,412304737,54.05,61.427999877929686,54.52373885326285,22.62932232245305,-3.92529843514086,-3.1069921029582006,-0.12499993989447378,50.10000038146973,56.94999885559082,53.52499961853027,60.50000190734863,65.0,0,0,1,0,6.975002288818359,23.349998474121094,61.31753007933666,54.05,46.78246992066333,-0.3531095391938773,26.891878184409496,-12.399998474121091,0,1,0,-0.13469097979344452,1
2022-07-27,40.84999847412109,44.400001525878906,40.59999847412109,43.95000076293945,411205172,53.382500076293944,61.13199989318848,53.516716177993956,29.330709903103696,-4.280963017868501,-3.341786285940261,0.05522206849455835,48.39999961853027,56.64999771118164,52.52499866485596,60.20000076293945,66.05000305175781,0,0,1,0,7.675002098083496,22.10000228881836,61.70861962690209,53.382500076293944,45.056380525685796,-0.06644030007144996,31.19419112521335,-9.43249931335449,0,1,0,0.2866692391224273,1
2022-07-28,44.900001525878906,46.29999923706055,43.04999923706055,45.70000076293945,267544569,52.97500019073486,60.93899993896484,52.77226709084591,33.02239283975713,-4.371230562536951,-3.5476751412595995,0.039817974280347945,47.84999847412109,56.64999771118164,52.24999809265137,60.20000076293945,67.5999984741211,0,0,1,0,7.950002670288086,21.89999771118164,61.94274741808472,52.97500019073486,44.007252963385,0.09437976766293693,33.856525512267154,-7.274999427795407,0,0,0,0.1608200677343869,1
2022-07-29,45.59999847412109,47.20000076293945,44.54999923706055,46.79999923706055,177187972,52.507500076293944,60.71399993896485,52.203479676199684,32.518799930761844,-4.304389238486486,-3.699017960704977,0.024069988090966055,47.54999923706055,56.64999771118164,52.099998474121094,60.20000076293945,69.55000305175781,0,0,1,0,8.10000228881836,22.750003814697266,61.735515332326784,52.507500076293944,43.2794848202611,0.19075144108035025,35.149322449647904,-5.707500839233397,0,0,0,0.09637167341741332,0
2022-08-01,46.79999923706055,47.25,45.04999923706055,46.29999923706055,135944043,52.107500076293945,60.49899993896484,51.64124344390072,23.760329829434184,-4.242853850828865,-3.8077851387297548,-0.01068376085792866,47.54999923706055,56.64999771118164,52.099998474121094,60.20000076293945,70.5,0,0,1,0,8.10000228881836,24.200000762939453,61.677258080084954,52.107500076293945,42.53774207250294,0.19657013077379867,36.73082757675694,-5.807500839233398,0,0,0,0.005818689693448426,1
2022-08-02,50.0,55.54999923706055,48.400001525878906,55.54999923706055,528899748,52.1125,60.31099998474121,52.01350590039213,45.73170838080868,-3.408399016044932,-3.7279079141927904,0.19978402057069355,48.07499885559082,53.14999771118164,50.61249828338623,60.20000076293945,65.8499984741211,0,0,0,0,9.587502479553223,10.299999237060547,61.689340093710676,52.1125,42.53565990628932,0.6794693867405195,36.7544834491175,3.4374992370605497,0,0,0,0.4828992559667208,0
2022-08-03,52.5,56.900001525878906,51.75,55.45000076293945,599688336,52.16750011444092,60.17400001525879,52.34079112539664,49.668872917405864,-2.7237587928131077,-3.527078089916854,-0.0018001525741584423,48.75,51.04999923706055,49.89999961853027,60.20000076293945,60.29999923706055,0,0,0,0,10.30000114440918,4.849998474121094,61.80753478835863,52.16750011444092,42.52746544052321,0.6702535706318432,36.95800892421591,3.2825006484985337,0,0,0,-0.009215816108676278,1
2022-08-04,55.75,58.650001525878906,54.5,57.84999847412109,420183405,52.3375,60.121999969482424,52.86547753956087,56.401940265176485,-1.964866962405445,-3.2146358644145723,0.04328219437619363,49.625,51.04999923706055,50.33749961853027,60.20000076293945,57.29999923706055,0,0,0,0,9.86250114440918,-0.5499992370605398,62.24864848791246,52.3375,42.426351512087535,0.7780958473603778,37.873985146071036,5.512498474121088,0,0,0,0.10784227672853464,0
2022-08-05,57.900001525878906,59.150001525878906,53.25,54.59999847412109,315019033,52.32749996185303,59.97299995422363,53.030670009518985,51.47929014117316,-1.6071612039674719,-2.893140932325152,-0.05617977676272323,49.875,51.04999923706055,50.46249961853027,60.20000076293945,53.84999847412109,0,0,0,0,9.73750114440918,-0.75,62.22908891095474,52.32749996185303,42.42591101275132,0.6147542340905913,37.844685705680604,2.272498512268058,0,0,0,-0.16334161326978658,1
2022-08-08,54.70000076293945,56.20000076293945,54.20000076293945,55.45000076293945,178185076,52.295000076293945,59.660999908447266,53.261082462225694,52.186589213102366,-1.2407857268357674,-2.562669891227275,0.015567807922581611,49.875,51.04999923706055,50.46249961853027,60.20000076293945,56.150001525878906,0,0,0,0,9.73750114440918,0.7000007629394531,62.15100798985975,52.295000076293945,42.43899216272814,0.660054695284029,37.69388239482447,3.155000686645508,0,0,0,0.04530046119343778,1
2022-08-10,56.20000076293945,56.54999923706055,54.5,55.95000076293945,200699912,52.14250011444092,59.28699989318848,53.517169919436526,53.72262703806489,-0.8997133646746249,-2.2300785859167456,0.009017132427781238,51.10000038146973,51.04999923706055,51.07499980926514,60.20000076293945,54.29999923706055,1,0,0,0,9.125000953674316,-1.6500015258789062,61.6676388665698,52.14250011444092,42.61736136231204,0.6998658889692053,36.535028935027555,3.8075006484985323,0,0,0,0.03981119368517627,1
2022-08-11,56.900001525878906,58.150001525878906,56.34999847412109,57.900001525878906,130942734,52.12000026702881,58.95099998474121,53.93458245338341,56.09418519648016,-0.4666826683346841,-1.8773994024003333,0.03485256007773119,51.85000038146973,51.04999923706055,51.44999980926514,60.20000076293945,55.45000076293945,1,0,0,0,8.750000953674316,-2.450000762939453,61.58833700577172,52.12000026702881,42.651663528285894,0.8052279095228659,36.33283457495528,5.780001258850099,0,0,0,0.10536202055366062,1
2022-08-12,58.09999847412109,63.09999847412109,57.900001525878906,61.75,351208957,52.42500019073486,58.74700004577637,54.678907934013566,60.17587865044046,0.1850271021559422,-1.4649141014890783,0.06649392698893641,54.07499885559082,51.84999847412109,52.96249866485596,60.20000076293945,54.34999847412109,1,1,0,0,7.237502098083496,-7.400001525878913,62.68816237294236,52.42500019073486,42.16183800852737,0.9542946727194479,39.15369440102097,9.324999809265137,0,0,0,0.14906676319658196,1
2022-08-16,62.650001525878906,67.44999694824219,62.5,64.25,250686966,52.94250011444092,58.58900001525879,55.59044051172656,72.96552417950318,0.8929475536553753,-0.9933417704601877,0.04048582995951411,57.92499923706055,54.02499771118164,55.974998474121094,57.724998474121094,54.45000076293945,1,1,0,0,1.75,-9.799999237060547,64.4225816300156,52.94250011444092,41.462418598866236,0.9924834318562344,43.36811254005477,11.307499885559082,0,0,0,0.03818875913678654,1
2022-08-17,64.80000305175781,65.5999984741211,61.79999923706055,65.25,258066522,53.525000190734865,58.49599998474121,56.51039855822879,87.69968358726871,1.517182123307009,-0.4912369917067483,0.015564202334630295,59.599998474121094,54.02499771118164,56.81249809265137,57.724998474121094,54.79999923706055,1,1,0,0,0.9125003814697266,-10.450000762939453,66.19952172477,53.525000190734865,40.850478656699735,0.9625421077150634,47.359258248929734,11.724999809265135,0,0,0,-0.02994132414117101,1
2022-08-18,65.5999984741211,69.25,65.0,67.0999984741211,303566868,54.18250007629395,58.52999992370606,57.518931883551865,87.52026210498865,2.1365431929262684,0.03431904521985507,0.028352467036338647,61.25,54.92499923706055,58.08749961853027,56.64999771118164,56.09999847412109,1,1,0,1,1.4375019073486328,-11.000000000000007,68.17300622511472,54.18250007629395,40.19199392747318,0.9616522897892416,51.64215799980012,12.917498397827146,0,0,0,-0.0008898179258218786,0
2022-08-19,67.4000015258789,68.25,60.150001525878906,61.45000076293945,295737752,54.58500003814697,58.41599990844727,57.89331939587449,72.66187547903277,2.146737453497508,0.4568027268753857,-0.08420265036758101,61.25,54.92499923706055,58.08749961853027,56.64999771118164,59.0,1,1,0,1,1.4375019073486328,-2.450000762939453,68.92121606165969,54.58500003814697,40.24878401463425,0.7394286160843714,52.5280425519604,6.8650007247924805,0,0,0,-0.22222367370487017,1
2022-08-22,61.0,62.84999847412109,59.25,62.0,226773007,55.01000003814697,58.28199996948242,58.284431834362636,72.22222779926614,2.174134748314593,0.8002691311632273,0.008950353624604945,61.72500038146973,54.92499923706055,58.32499980926514,56.64999771118164,58.34999847412109,1,1,0,1,1.675002098083496,-3.6500015258789134,69.69215211960706,55.01000003814697,40.32784795668688,0.7380441206122522,53.37993845220387,6.98999996185303,0,0,0,-0.0013844954721191627,1
2022-08-23,62.29999923706055,65.25,62.150001525878906,64.44999694824219,218585102,55.54999980926514,58.19099990844727,58.871628511874974,75.10373816164042,2.3662647529647955,1.1134682555235411,0.03951607981035776,61.875,54.92499923706055,58.39999961853027,56.64999771118164,55.650001525878906,1,1,0,1,1.7500019073486328,-8.799995422363281,70.77668624702102,55.54999980926514,40.32331337150925,0.7922499644081703,54.821553519488,8.89999713897705,0,0,0,0.054205843795918085,0
2022-08-24,64.0999984741211,64.19999694824219,61.70000076293945,62.20000076293945,116401002,56.27999992370606,58.08499992370606,59.18861634530968,61.40652600132906,2.3103411036157055,1.3528428251419742,-0.034910726017716276,62.79999923706055,54.92499923706055,58.86249923706055,56.64999771118164,53.900001525878906,1,1,0,1,2.2125015258789062,-8.299999237060547,71.31078092458618,56.27999992370606,41.24921892282593,0.6969292493479464,53.4142893434828,5.920000839233396,0,0,0,-0.09532071506022388,0
2022-08-25,62.79999923706055,63.20000076293945,61.650001525878906,62.09999847412109,81137105,57.302499771118164,57.92699989318848,59.46589083376791,61.406517965398116,2.2322202145206163,1.5287183030177025,-0.0016077538198030483,63.57500076293945,54.92499923706055,59.25,56.64999771118164,53.59999847412109,1,1,0,1,2.6000022888183594,-8.5,70.9300255827198,57.302499771118164,43.674973959516535,0.6760223671313332,47.56346011442324,4.797498703002923,0,0,0,-0.020906882216613187,0
2022-08-26,62.400001525878906,62.70000076293945,60.54999923706055,61.84999847412109,87939030,58.197499656677245,57.759999923706054,59.69294870427773,57.40740950052035,2.1256329627849055,1.6481012349711432,-0.004025764994248449,64.25,54.92499923706055,59.58749961853027,56.64999771118164,53.95000076293945,1,1,0,1,2.937501907348633,-7.8999977111816335,70.48503250519263,58.197499656677245,45.909966808161855,0.6486262076558821,42.227012916372225,3.652498817443842,0,0,0,-0.027396159475451154,0
2022-08-29,59.70000076293945,60.54999923706055,58.34999847412109,59.20000076293945,98493347,58.87249965667725,57.6,59.64600128129313,58.712128820063135,1.8065048659428982,1.6797819611654943,-0.04284555823053782,63.79999923706055,54.92499923706055,59.36249923706055,56.64999771118164,53.400001525878906,1,0,0,1,2.7125015258789062,-5.799999237060547,69.74100780992258,58.87249965667725,48.00399150343192,0.5150665161052675,36.92219021317752,0.3275011062622042,0,0,0,-0.13355969155061453,0
2022-08-30,60.20000076293945,61.25,57.29999923706055,57.95000076293945,162054037,59.42999973297119,57.41799995422363,59.48447742240231,54.66418122894798,1.4361736804861422,1.631060305029624,-0.02111486459274725,63.27499961853027,54.92499923706055,59.09999942779541,56.64999771118164,53.5,1,0,0,1,2.4500017166137695,-4.450000762939453,68.80562726942705,59.42999973297119,50.05437219651534,0.4210720048190393,31.551834354979302,-1.4799989700317369,0,0,0,-0.09399451128622827,1
2022-09-01,58.70000076293945,63.150001525878906,58.25,62.45000076293945,192477817,60.23749980926514,57.36699996948242,59.766908216739175,60.551952234026324,1.488635872159783,1.6025754184556558,0.07765314824426839,62.77499961853027,54.92499923706055,58.84999942779541,56.64999771118164,53.650001525878906,1,1,0,1,2.2000017166137695,-8.799999237060547,67.49276443911627,60.23749980926514,52.982235179414005,0.6524755516546688,24.088863757041924,2.212500953674315,0,0,0,0.23140354683562947,0
2022-09-02,63.400001525878906,63.400001525878906,59.400001525878906,59.75,137946710,60.44749984741211,57.240999908447264,59.76529791038306,52.93185291585657,1.2973895412746188,1.5415382430194486,-0.04323459935875218,61.27499961853027,54.92499923706055,58.09999942779541,56.64999771118164,47.59999847412109,1,1,0,1,1.4500017166137695,-12.150001525878913,67.38403094551907,60.44749984741211,53.51096874930516,0.4497227189248479,22.95059718141155,-0.6974998474121108,0,0,0,-0.20275283272982086,0
2022-09-05,60.45000076293945,60.79999923706055,59.29999923706055,59.650001525878906,84539046,60.65749988555908,57.081999969482425,59.754317302335046,46.22302266864263,1.124790520095388,1.4581886984346366,-0.001673614629641773,61.27499961853027,54.92499923706055,58.09999942779541,56.64999771118164,41.650001525878906,1,1,0,1,1.4500017166137695,-18.0,67.22037005840468,60.65749988555908,54.094629712713484,0.4232425498946496,21.639105420525393,-1.0074983596801772,0,0,0,-0.026480169030198286,1
2022-09-06,60.29999923706055,60.79999923706055,59.400001525878906,59.70000076293945,70186636,60.75,56.884999923706054,59.74914429858308,41.025637938846536,0.9807337842920418,1.3626977156061177,0.0008382101555999277,60.74999809265137,56.14999961853027,58.44999885559082,56.64999771118164,43.95000076293945,1,1,0,1,1.8000011444091797,-15.75,67.20321531485338,60.75,54.29678468514662,0.4186452655125453,21.245153299928827,-1.0499992370605469,0,0,0,-0.0045972843821043274,0
2022-09-07,59.650001525878906,60.400001525878906,59.20000076293945,59.5,59843737,60.99500007629395,56.664999923706056,59.725416270146596,38.28919987966994,0.8407378901456255,1.2583057505140194,-0.0033500964888364404,60.35000038146973,56.89999961853027,58.625,56.64999771118164,45.70000076293945,1,1,0,1,1.9750022888183594,-13.799999237060547,66.8389614037378,60.99500007629395,55.15103874885009,0.3720901805703891,19.16209958237263,-1.4950000762939482,0,0,0,-0.046555084942156155,1
2022-09-08,60.34999847412109,62.5,59.79999923706055,61.34999847412109,128430049,61.28999996185303,56.57499992370605,59.880138384810834,38.28919987966993,0.8690516645745205,1.1804549333261196,0.031092411329766145,60.35000038146973,57.14999961853027,58.75,56.64999771118164,46.79999923706055,1,1,0,1,2.1000022888183594,-14.54999923706054,66.55113915048996,61.28999996185303,56.028860773216095,0.5057020457088119,17.168018247386104,0.0599985122680593,0,0,0,0.13361186513842283,1
2022-09-09,62.0,63.650001525878906,62.0,62.79999923706055,139369425,61.632499885559085,56.624999923706056,60.15822037073938,53.31695106013016,0.9970006750359204,1.1437640816680799,0.02363489484928194,60.47500038146973,58.82500076293945,59.65000057220459,56.64999771118164,46.29999923706055,1,1,0,1,3.000002861022949,-16.5,66.31899772985629,61.632499885559085,56.94600204126188,0.6245598942206002,15.207878482940737,1.167499351501462,0,0,0,0.11885784851178827,0
2022-09-12,63.0,63.20000076293945,62.25,62.54999923706055,64044347,61.864999771118164,56.72999992370605,60.38600883419854,51.37156974382537,1.0659407752545533,1.1281994203853747,-0.003980891768107897,60.47500038146973,60.5,60.48750019073486,54.92499923706055,55.54999923706055,0,1,0,1,5.562500953674316,-7.0,66.23868122596376,61.864999771118164,57.49131831627257,0.5783092542306062,14.139437391180465,0.6849994659423828,0,0,0,-0.046250639989994013,1
2022-09-13,63.0,66.5999984741211,62.79999923706055,65.44999694824219,199032705,62.04999961853027,56.96199989318848,60.86829341648841,52.43902529796518,1.3391450498192086,1.1703885462721415,0.04636287364594249,62.42499923706055,61.25,61.83749961853027,54.92499923706055,55.45000076293945,1,1,0,1,6.912500381469727,-9.999996185302734,66.69327278051591,62.04999961853027,57.406726456544625,0.8661207526565106,14.966231073429375,3.3999973297119155,0,0,0,0.28781149842590437,0
2022-09-14,64.05000305175781,65.1500015258789,62.75,63.29999923706055,119824317,62.0024995803833,57.10499984741211,61.09988444701909,52.69607549811733,1.3664232817078599,1.2095954933592852,-0.032849469998934566,62.89999961853027,61.25,62.07499980926514,54.92499923706055,57.84999847412109,1,1,0,1,7.15000057220459,-5.45000076293946,66.57365480810114,62.0024995803833,57.43134435266546,0.6419225110547193,14.745067565515008,1.297499656677246,0,0,0,-0.22419824160179125,1
2022-09-15,64.0,64.9000015258789,63.29999923706055,64.5999984741211,88185944,61.96999950408936,57.31099983215332,61.43322864007643,55.78703948990413,1.4759269833609778,1.2628617913596236,0.020537112997300433,62.89999961853027,61.72500038146973,62.3125,54.92499923706055,54.59999847412109,1,1,0,1,7.387500762939453,-10.000000000000007,66.45680052503594,61.96999950408936,57.483198483142765,0.7930817477478511,14.480558518160095,2.6299989700317354,0,0,0,0.1511592366931318,0
2022-09-16,64.4000015258789,65.0,61.09999847412109,63.20000076293945,196537446,61.77499961853027,57.46599983215332,61.601492651777676,52.96703948993365,1.433220071987975,1.296933447485294,-0.021671791706659005,62.89999961853027,61.875,62.38749980926514,54.92499923706055,55.45000076293945,1,1,0,1,7.46250057220459,-7.75,65.65036880261384,61.77499961853027,57.899630434446706,0.6838535990663505,12.546723457756512,1.4250011444091797,0,0,0,-0.10922814868150066,1
2022-09-19,64.19999694824219,65.44999694824219,63.45000076293945,63.95000076293945,70453100,61.89999961853027,57.65799987792969,61.82516009093594,61.390892291929674,1.4432563086958794,1.3261980197274112,0.011867088464337483,62.89999961853027,62.79999923706055,62.84999942779541,54.92499923706055,55.95000076293945,1,1,0,1,7.925000190734863,-8.0,65.88509528329838,61.89999961853027,57.914903953762156,0.7572085235660797,12.87591498974789,2.0500011444091797,0,0,0,0.07335492449972925,0
2022-09-20,64.9000015258789,65.69999694824219,62.400001525878906,62.84999847412109,77904810,61.94249954223633,57.82599983215332,61.92276374647738,61.835747189792656,1.346922621439404,1.33034294006981,-0.01720097381853114,63.19999885559082,63.27499961853027,63.23749923706055,54.92499923706055,57.900001525878906,0,0,0,1,8.3125,-4.94999694824218,65.94902697046635,61.94249954223633,57.935972114006304,0.6132525545052451,12.936279478028222,0.9074989318847599,0,0,0,-0.14395596906083463,1
2022-09-21,63.29999923706055,63.95000076293945,62.400001525878906,63.45000076293945,59131994,61.89249973297119,57.9989998626709,62.06821489090234,52.976191287138235,1.303961395244606,1.3250666311047692,0.009546576028405473,63.849998474121094,63.27499961853027,63.562499046325684,54.92499923706055,61.75,1,0,0,1,8.637499809265137,-1.7000007629394531,65.79624991034068,61.89249973297119,57.98874955560169,0.6994877949666565,12.614614676129804,1.5575010299682646,0,0,0,0.0862352404614114,0
2022-09-22,62.900001525878906,63.75,62.59999847412109,63.29999923706055,34716572,61.947499656677245,58.14299987792969,62.18552768577455,62.456141008381344,1.24347642228404,1.3087485893406234,-0.002364090213951897,63.849998474121094,63.27499961853027,63.562499046325684,54.92499923706055,64.25,1,0,0,1,8.637499809265137,0.9500007629394531,65.89774839251625,61.947499656677245,57.99725092083823,0.671191698400233,12.753537294424813,1.3524995803833022,0,0,0,-0.028296096566423512,0
2022-09-23,63.0,63.34999847412109,60.400001525878906,60.79999923706055,56730282,61.88249969482422,58.1789998626709,62.05357259542084,53.453447054858565,0.9824870397960268,1.2434962794317042,-0.039494471250108854,63.5,63.27499961853027,63.38749980926514,54.92499923706055,65.25,1,0,0,1,8.46250057220459,4.450000762939453,65.86323648084435,61.88249969482422,57.90176290880409,0.36403265074379154,12.865468607930444,-1.0825004577636719,0,0,0,-0.3071590476564414,0
2022-09-26,60.0,60.650001525878906,57.400001525878906,57.79999923706055,65832873,61.67999973297119,58.16799987792969,61.6484703708151,45.15305695460237,0.5274955060541799,1.1002961247561993,-0.04934210588231969,61.54999923706055,62.77499961853027,62.16249942779541,54.92499923706055,67.0999984741211,0,0,0,1,7.237500190734863,9.299999237060547,66.04066380545267,61.67999973297119,57.319335660489706,0.055113575430417665,14.13963713151729,-3.880000495910643,0,0,0,-0.30891907531337387,1
2022-09-27,58.150001525878906,59.75,56.95000076293945,58.84999847412109,79641870,61.662499618530276,58.23199981689453,61.38194923779662,48.41075397829146,0.24876993578201478,0.9299908869613625,0.01816607700553896,61.32499885559082,61.77499961853027,61.54999923706055,54.92499923706055,61.45000076293945,0,0,0,1,6.625,2.6000022888183665,66.06543824900832,61.662499618530276,57.25956098805222,0.18061090779911487,14.280765968672856,-2.8125011444091896,0,0,0,0.1254973323686972,0
2022-09-28,57.79999923706055,59.25,57.5,58.04999923706055,64334024,61.66749954223633,58.31499977111817,61.06462066629795,41.49484632372274,-0.036257386741255004,0.736741232220839,-0.013593870141089925,61.32499885559082,61.77499961853027,61.54999923706055,54.92499923706055,62.0,0,0,0,1,6.625,3.950000762939453,66.0537588639681,61.66749954223633,57.28124022050456,0.08763264551495673,14.22551377724535,-3.6175003051757812,0,0,0,-0.09297826228415815,1
2022-09-29,59.20000076293945,62.0,58.900001525878906,61.20000076293945,76969699,61.60499954223633,58.46699981689453,61.07751400883524,46.20853414732832,-0.00787402897009315,0.5878181799826526,0.054263592890245294,61.32499885559082,61.77499961853027,61.54999923706055,54.92499923706055,64.44999694824219,0,0,0,1,6.625,3.2499961853027344,65.98048754097742,61.60499954223633,57.229511543495235,0.4537195874593416,14.204976970225486,-0.404998779296875,0,0,0,0.36608694194438485,1
2022-09-30,61.5,62.84999847412109,59.75,62.34999847412109,71494895,61.73499946594238,58.63499977111817,61.198703005529126,49.54545273268485,0.1061910861753077,0.4914927612211836,0.01879081203995714,61.32499885559082,61.77499961853027,61.54999923706055,54.92499923706055,62.20000076293945,0,1,0,1,6.625,-0.14999771118163352,66.03617318108519,61.73499946594238,57.43382575079957,0.5714919983368176,13.934311986236128,0.6149990081787067,0,0,0,0.11777241087747603,0
2022-10-03,62.0,63.09999847412109,61.20000076293945,61.900001525878906,44528871,61.847499465942384,58.80499977111816,61.26549334080054,40.92072569412872,0.1584509943505239,0.42488440784705167,-0.007217272802804597,60.45000076293945,61.77499961853027,61.11250019073486,54.92499923706055,62.09999847412109,0,1,0,1,6.187500953674316,0.1999969482421804,66.04100303477098,61.847499465942384,57.65399589711378,0.506259927894993,13.560786143465153,0.052502059936522016,0,0,0,-0.06523207044182466,1
2022-10-04,63.09999847412109,64.44999694824219,63.0,64.05000305175781,47077008,62.0649995803833,59.01599983215332,61.53068474184409,51.918168398890515,0.3690997507476581,0.413727476427173,0.03473346482843054,60.69999885559082,61.77499961853027,61.23749923706055,54.92499923706055,61.84999847412109,0,1,0,1,6.3125,-2.200004577636726,66.2416131914176,62.0649995803833,57.888385969349,0.7376331229360411,13.458837152250261,1.9850034713745117,0,0,0,0.23137319504104814,1
2022-10-06,64.4000015258789,66.1500015258789,64.25,65.55000305175781,59866072,62.36749973297119,59.253999862670895,61.913476961835876,52.40507488009297,0.6495898048964293,0.46089994212102425,0.023419202631229652,61.55000114440918,61.77499961853027,61.66250038146973,54.92499923706055,59.20000076293945,0,1,0,1,6.73750114440918,-6.350002288818359,66.63262354784915,62.36749973297119,58.10237591809323,0.8730845172284506,13.677392337801736,3.1825033187866225,0,0,0,0.1354513942924095,1
2022-10-07,65.1500015258789,70.19999694824219,64.5999984741211,69.55000305175781,170879536,62.777499961853025,59.69299995422363,62.64076516087606,64.20582022041951,1.1810325560967954,0.6049264649161785,0.061022117677731025,63.57499885559082,63.57499885559082,63.57499885559082,55.39999771118164,57.95000076293945,0,1,0,1,8.17500114440918,-11.60000228881836,68.03387603554012,62.777499961853025,57.52112388816593,1.144217897936116,16.746050979669942,6.772503089904788,1,0,0,0.27113338070766535,0
2022-10-10,68.4000015258789,69.69999694824219,67.5,68.69999694824219,87158481,63.07249984741211,60.2339998626709,63.217834854910926,60.57905213729167,1.5161392668012894,0.7871690252932008,-0.012221510657347778,63.57499885559082,63.57499885559082,63.57499885559082,55.39999771118164,62.45000076293945,0,1,0,1,8.17500114440918,-6.249996185302734,68.92881972984607,63.07249984741211,57.21617996497816,0.9804636028941797,18.570121357491246,5.627497100830077,0,0,0,-0.16375429504193628,0
2022-10-11,68.4000015258789,69.19999694824219,65.0,65.55000305175781,70171064,63.222500038146975,60.66599990844727,63.439946111753486,55.51021342374843,1.5101277547641558,0.9317607711873919,-0.04585144157804755,63.849998474121094,63.57499885559082,63.71249866485596,55.39999771118164,59.75,1,1,0,1,8.312500953674316,-5.8000030517578125,69.17056572242235,63.222500038146975,57.274434353871605,0.6956520940718548,18.81629382161873,2.327503013610837,0,0,0,-0.28481150882232487,0
2022-10-12,65.6500015258789,66.44999694824219,63.04999923706055,63.75,67799710,63.13750019073486,61.026999893188474,63.469475053491244,50.58365608590401,1.3446184605234563,1.0143323090546048,-0.02745999951116007,64.54999923706055,63.57499885559082,64.06249904632568,55.39999771118164,59.650001525878906,1,0,0,1,8.662501335144043,-4.099998474121094,69.00383535276475,63.13750019073486,57.27116502870498,0.5522046381895775,18.58272862976208,0.6124998092651381,0,0,0,-0.14344745588227725,0
2022-10-13,64.0999984741211,64.6500015258789,61.0,61.25,73750800,63.035000228881835,61.31599990844727,63.25809647696827,46.34581231226555,1.0001924498160903,1.011504337206902,-0.039215686274509776,64.9749984741211,63.57499885559082,64.27499866485596,56.62499809265137,59.70000076293945,1,0,0,1,7.65000057220459,-1.5499992370605469,68.95776254646155,63.035000228881835,57.11223791130212,0.34931015857384107,18.79197999864838,-1.7850002288818345,0,0,0,-0.20289447961573648,1
2022-10-14,63.0,64.1500015258789,61.59999847412109,61.900001525878906,85139332,62.900000381469724,61.62799995422363,63.128754100674044,52.09924094806581,0.7707967802457603,0.9633628258146737,0.01061226981026775,65.5999984741211,63.57499885559082,64.58749866485596,57.37499809265137,59.5,1,0,0,1,7.21250057220459,-2.4000015258789062,68.79694994416572,62.900000381469724,57.00305081877374,0.4152104961252511,18.750236969579497,-0.9999988555908175,0,0,0,0.06590033755141006,1
2022-10-17,61.900001525878906,63.25,61.150001525878906,62.650001525878906,56007734,62.8725004196167,61.77,63.08315861736022,60.125265416114985,0.6421158792405777,0.8991134364998545,0.012116316341065803,65.5999984741211,63.57499885559082,64.58749866485596,57.62499809265137,61.34999847412109,1,0,0,1,6.96250057220459,-1.3000030517578196,68.76872709378347,62.8725004196167,56.97627374544993,0.48113209464006607,18.756138645082743,-0.22249889373779297,0,0,0,0.06592159851481494,1
2022-10-18,63.650001525878906,64.4000015258789,62.75,63.0,49431277,62.82500038146973,61.92099998474121,63.075238749040196,58.92473446425574,0.5619000558274792,0.8316707603653795,0.005586567687097643,65.5999984741211,63.57499885559082,64.58749866485596,59.29999923706055,62.79999923706055,1,0,0,1,5.28749942779541,-0.20000076293945312,68.70101210791202,62.82500038146973,56.948988655027435,0.5148910201917031,18.70596638523993,0.17499961853027202,0,0,0,0.03375892555163701,0
2022-10-19,63.400001525878906,63.70000076293945,61.5,62.04999923706055,52638798,62.7850004196167,62.005,62.977596890756416,58.54700798967098,0.4168659446473697,0.7487097972217776,-0.01507937718951513,65.5999984741211,63.57499885559082,64.58749866485596,60.974998474121094,62.54999923706055,1,0,0,1,3.6125001907348633,0.5,68.67067066142725,62.7850004196167,56.89933017780615,0.4375601119023912,18.74865080026859,-0.7350011825561538,0,0,0,-0.07733090828931188,0
2022-10-20,61.70000076293945,62.0,60.84999847412109,61.29999923706055,57513138,62.677500343322755,62.13900001525879,62.817825685642525,50.23809160505022,0.23865556187494974,0.646698950152412,-0.012087026740075224,65.27499771118164,63.57499885559082,64.42499828338623,61.724998474121094,65.44999694824219,1,0,1,1,2.6999998092651367,4.149997711181641,68.58914053372983,62.677500343322755,56.76586015291567,0.3834924773925264,18.863675666787717,-1.3775011062622085,0,0,0,-0.05406763450986479,1
2022-10-21,61.79999923706055,63.20000076293945,61.29999923706055,61.79999923706055,65825881,62.60250034332275,62.265999984741214,62.72088983339662,48.64865067518261,0.13619836099200455,0.5445988323203306,0.008156606953066747,65.02499771118164,63.57499885559082,64.29999828338623,61.724998474121094,63.29999923706055,1,0,0,1,2.5749998092651367,1.5,68.5187060872598,62.60250034332275,56.68629459938571,0.43217772158408996,18.90086086495449,-0.8025011062622056,0,0,0,0.04868524419156356,1
2022-10-24,62.900001525878906,62.95000076293945,62.04999923706055,62.34999847412109,7775480,62.68000030517578,62.393999938964846,62.68556684679895,51.10023679098409,0.09824809019689695,0.45532868389564385,0.008899664139974783,63.64999771118164,63.57499885559082,63.61249828338623,62.19999885559082,64.5999984741211,1,0,0,1,1.4124994277954102,2.250000000000007,68.54006982860462,62.68000030517578,56.81993078174695,0.4718431812339997,18.698371074975697,-0.3300018310546946,0,0,0,0.03966545964990975,1
2022-10-25,62.70000076293945,64.9000015258789,62.400001525878906,64.5999984741211,81043498,63.020000267028806,62.52799987792969,62.86789366844868,51.338188176853414,0.24688251518423954,0.413639450153363,0.036086608742001536,62.875,63.57499885559082,63.22499942779541,62.349998474121094,63.20000076293945,0,1,0,1,0.8750009536743164,-1.3999977111816406,68.48373629944916,63.020000267028806,57.55626423460845,0.6445895443810791,17.339689017040225,1.579998207092288,0,0,0,0.17274636314707936,1
2022-10-27,64.0999984741211,65.6500015258789,63.5,65.0999984741211,64853360,63.332500267028806,62.59499984741211,63.08047507851272,48.849093331480944,0.4004065516821882,0.410992870459128,0.007739938263315871,63.25,63.57499885559082,63.41249942779541,63.27499771118164,63.95000076293945,0,1,0,1,0.13750171661376953,-1.1499977111816406,68.51412954262341,63.332500267028806,58.1508709914342,0.6705542902709365,16.363255054663245,1.767498207092288,0,0,0,0.02596474588985742,0
2022-10-28,65.25,65.69999694824219,62.29999923706055,62.59999847412109,56787309,63.56000022888183,62.561999816894534,63.034715401903995,30.74791301223661,0.3166956794035869,0.39213343224801983,-0.038402458657411764,63.27499771118164,63.57499885559082,63.42499828338623,63.57499885559082,62.84999847412109,0,0,1,0,0.15000057220458984,0.25,68.16093549990292,63.56000022888183,58.95906495786075,0.3956731948819948,14.4774551744901,-0.9600017547607465,0,0,0,-0.2748810953889417,1
2022-10-31,63.59999847412109,63.84999847412109,62.09999847412109,63.09999847412109,45949861,63.65500011444092,62.51899978637695,63.04093283735324,34.1807925433647,0.28738721047415083,0.3711841878932461,0.007987220641973325,63.27499771118164,63.57499885559082,63.42499828338623,63.57499885559082,63.45000076293945,0,0,1,0,0.15000057220458984,0.3500022888183665,68.13394042238517,63.65500011444092,59.17605980649666,0.43804319747961085,14.072548267667509,-0.5550016403198299,0,0,0,0.04237000259761603,1
2022-11-01,63.5,63.75,62.70000076293945,63.5,50425928,63.712500190734865,62.44699981689453,63.08465351951007,43.14380460182484,0.2930586205229204,0.355559074419181,0.006339168550740348,63.27499771118164,63.57499885559082,63.42499828338623,63.57499885559082,63.29999923706055,0,0,0,0,0.15000057220458984,-0.20000076293945312,68.15230653762437,63.712500190734865,59.27269384384536,0.4760687545658674,13.937002420555286,-0.2125001907348647,0,0,0,0.038025557086256545,0
2022-11-02,63.75,64.69999694824219,62.70000076293945,63.0,52915032,63.76750011444092,62.47799980163574,63.07659127955673,47.25274755985162,0.254276293689081,0.33530251827316104,-0.007874015748031482,63.27499771118164,63.57499885559082,63.42499828338623,63.57499885559082,60.79999923706055,0,0,1,0,0.15000057220458984,-2.200000762939453,68.14291797491872,63.76750011444092,59.39208225396312,0.4122940780841095,13.723033998903569,-0.7675001144409208,0,0,0,-0.06377467648175789,0
2022-11-03,62.79999923706055,62.79999923706055,62.0,62.20000076293945,31729457,63.675,62.48199981689453,62.99310646845032,53.97489833593019,0.15717594129090173,0.29967720287670924,-0.01269840058826266,63.49999809265137,63.57499885559082,63.537498474121094,63.57499885559082,57.79999923706055,0,0,1,0,0.03750038146972656,-4.400001525878906,68.1005514493196,63.675,59.2494485506804,0.3333541871615439,13.900436432884488,-1.474999237060544,0,0,0,-0.07893989092256559,1
2022-11-04,62.75,63.650001525878906,62.45000076293945,63.0,35296904,63.54749984741211,62.452999877929685,62.993762995264575,54.545448813376794,0.14312659075824286,0.268367080453016,0.012861723910736922,63.849998474121094,63.849998474121094,63.849998474121094,63.57499885559082,58.84999847412109,0,0,1,1,0.27499961853027344,-4.150001525878913,67.89588784598295,63.54749984741211,59.19911184884127,0.4370456537466234,13.685473099687728,-0.5474998474121122,0,0,0,0.1036914665850795,1
2022-11-07,63.84999847412109,65.44999694824219,63.25,65.0999984741211,56815391,63.32499961853027,62.51099983215332,63.19435685039377,59.107797413152504,0.29800943838181126,0.27429555203877504,0.03333330911303323,63.849998474121094,64.54999923706055,64.19999885559082,63.57499885559082,58.04999923706055,0,1,0,1,0.625,-7.049999237060547,66.78715129519837,63.32499961853027,59.862847941862164,0.756343312101659,10.934549380257721,1.7749988555908232,0,0,0,0.31929765835503554,1
2022-11-09,65.44999694824219,67.5,65.0,65.30000305175781,87424592,63.15499992370606,62.57499992370605,63.39489458385701,58.64662603011142,0.4319150609367526,0.30581945381837056,0.0030722670095948423,64.75,64.9749984741211,64.86249923706055,63.57499885559082,61.20000076293945,0,1,0,1,1.2875003814697266,-4.100002288818359,65.77662215062294,63.15499992370606,60.533377696789174,0.9090984402764908,8.30218424537698,2.145003128051755,0,0,1,0.15275512817483183,0
2022-11-10,65.5,65.94999694824219,63.150001525878906,63.95000076293945,44332611,63.07499980926514,62.61699996948242,63.44776183900772,56.93430982125503,0.4242122742471395,0.32949801790412436,-0.020673847254621514,64.75,65.52499771118164,65.13749885559082,63.57499885559082,62.34999847412109,0,0,0,1,1.5625,-1.6000022888183665,65.4888142796881,63.07499980926514,60.66118533884218,0.6812485931284088,7.653791447394955,0.8750009536743164,0,0,1,-0.22784984714808199,1
2022-11-11,66.0,73.55000305175781,65.5,72.80000305175781,397758848,63.527499961853025,62.88900001525879,64.33845147831725,76.3761472304694,1.1193260880656055,0.4874636319364206,0.1383894008324571,67.7750015258789,67.20000076293945,67.48750114440918,65.25000190734863,61.900001525878906,1,1,0,1,2.237499237060547,-10.900001525878906,68.40925039659002,63.527499961853025,58.645749527116024,1.4497108889389934,15.368936091199537,9.272503089904788,1,0,0,0.7684622958105846,0
2022-11-14,74.30000305175781,75.44999694824219,69.05000305175781,69.5999984741211,186727024,63.944999885559085,63.121999969482424,64.83955119220333,65.91835835436216,1.3959040546581605,0.6691517164807685,-0.04395610499304026,68.7249984741211,68.14999771118164,68.43749809265137,66.19999885559082,64.05000305175781,1,1,0,1,2.237499237060547,-5.549995422363281,69.37380352751629,63.944999885559085,58.516196243601875,1.0208328539327367,16.979603258028032,5.654998588562009,1,0,0,-0.42887803500625665,1
2022-11-15,69.5999984741211,71.1500015258789,69.0999984741211,69.94999694824219,68397103,64.34749965667724,63.27199989318848,65.32626031182608,65.63785006896279,1.6246085614094739,0.8602430854665096,0.00502871381888359,68.7249984741211,68.14999771118164,68.43749809265137,66.19999885559082,65.55000305175781,1,1,0,1,2.237499237060547,-4.399993896484375,70.28041453945404,64.34749965667724,58.41458477390044,0.9721538571056316,18.440234397394036,5.602497291564944,0,0,0,-0.04867899682710508,0
2022-11-16,69.94999694824219,70.5,67.69999694824219,68.69999694824219,75425523,64.64999942779541,63.45099983215332,65.64756856291332,58.79827595409136,1.685563846625925,1.0253072376983927,-0.017869907856106204,68.7249984741211,68.14999771118164,68.43749809265137,66.19999885559082,69.55000305175781,1,1,0,1,2.237499237060547,0.850006103515625,70.81814348528721,64.64999942779541,58.481855370303606,0.8282995243543048,19.081652318901305,4.04999752044678,0,0,0,-0.14385433275132686,0
2022-11-17,68.4000015258789,69.80000305175781,67.5,67.69999694824219,60115704,64.88499927520752,63.61199974060059,65.84303793294464,55.46217921696161,1.6343400518909448,1.1471138005369033,-0.014556041403515518,68.94999885559082,68.14999771118164,68.54999828338623,66.19999885559082,68.69999694824219,1,0,0,1,2.34999942779541,1.0,71.14128401564554,64.88499927520752,58.6287145347695,0.7249735897440613,19.28422535354343,2.814997673034668,0,0,0,-0.10332593461024342,0
2022-11-18,68.1500015258789,69.3499984741211,66.9000015258789,67.1500015258789,62855692,65.13999938964844,63.76099975585937,65.96751065608123,60.411903388497755,1.5317082126150012,1.224032682952523,-0.008124009559169698,69.29999923706055,68.14999771118164,68.7249984741211,66.19999885559082,65.55000305175781,1,0,0,1,2.5249996185302734,-1.5999984741210938,71.3286664929776,65.13999938964844,58.95133228631927,0.6623937838851598,19.001127299097345,2.0100021362304688,0,0,0,-0.06257980585890155,0
2022-11-21,66.4000015258789,66.4000015258789,63.79999923706055,64.30000305175781,85998316,65.2899995803833,63.85699981689453,65.80870040805043,52.479347831912506,1.206492982054499,1.2205247427729182,-0.042442269685172396,69.29999923706055,68.14999771118164,68.7249984741211,66.19999885559082,63.75,1,0,1,1,2.5249996185302734,-0.5500030517578125,71.23992385066653,65.2899995803833,59.34007531010006,0.4168059555337537,18.226142773849606,-0.9899965286254826,0,0,0,-0.24558782835140608,0
2022-11-22,64.9000015258789,64.9000015258789,63.29999923706055,63.95000076293945,50715391,65.39749965667724,63.908999862670896,65.63168139423033,50.93167839218523,0.9100251062161249,1.1584248154615595,-0.005443270174289583,69.29999923706055,68.14999771118164,68.7249984741211,66.19999885559082,61.25,1,0,1,1,2.5249996185302734,-2.700000762939453,71.16624931699049,65.39749965667724,59.628749996364,0.37453963345852737,17.642110755297786,-1.4474988937377873,0,0,0,-0.04226632207522635,0
2022-11-23,63.5,64.30000305175781,61.400001525878906,61.75,69815602,65.3674997329712,63.88799987792969,65.26199745192268,47.58220559988572,0.4918804120773217,1.0251159347847119,-0.03440188798581545,68.42499923706055,68.14999771118164,68.2874984741211,66.19999885559082,61.900001525878906,1,0,1,1,2.0874996185302734,0.15000152587890625,71.20515942836545,65.3674997329712,59.52984003757694,0.1901583920843059,17.861046297445437,-3.617499732971197,0,0,0,-0.18438124137422146,1
2022-11-24,62.29999923706055,64.0999984741211,62.04999923706055,63.20000076293945,90679986,65.29749984741211,63.90099990844727,65.06561681487666,51.88679190961963,0.27433827197995697,0.8749604022237609,0.023481793731813028,68.42499923706055,68.14999771118164,68.2874984741211,66.19999885559082,62.650001525878906,1,0,1,1,2.0874996185302734,-0.5499992370605469,71.2034688198897,65.29749984741211,59.39153087493453,0.3224254906987135,18.08941838900023,-2.097499084472659,0,0,0,0.1322670986144076,1
2022-11-25,64.0,64.9000015258789,63.04999923706055,64.0,74237526,65.24249992370605,63.871999969482424,64.96412949917412,51.88679190961963,0.16459051421071536,0.7328864246211518,0.012658215623466695,66.2750015258789,68.14999771118164,67.21249961853027,66.19999885559082,63.0,0,0,1,1,1.0125007629394531,-1.0,71.17522858341684,65.24249992370605,59.30977126399526,0.39528427853578774,18.18669936513305,-1.242499923706049,0,0,0,0.07285878783707422,1
2022-11-28,64.25,65.30000305175781,63.79999923706055,64.4000015258789,53453545,65.33250007629394,63.89400001525879,64.91040302552696,48.58871643798489,0.10863908196348859,0.6080369560896192,0.00625002384185791,65.95000076293945,68.14999771118164,67.04999923706055,66.19999885559082,62.04999923706055,0,0,1,1,0.8500003814697266,-2.3500022888183594,71.15575236069196,65.33250007629394,59.50924779189591,0.41993318296431786,17.826509861394417,-0.9324985504150334,0,0,0,0.024648904428530127,0
2022-11-29,64.4000015258789,64.9000015258789,63.0,63.54999923706055,32230342,65.35500011444091,63.87300003051758,64.78084075995874,46.56187969033362,-0.004242012859165811,0.4855811622998622,-0.01319879299190374,65.60000228881836,68.37499809265137,66.98750019073486,66.19999885559082,61.29999923706055,0,0,1,1,0.787501335144043,-2.25,71.14696794312513,65.35500011444091,59.563032285756684,0.3441806886045491,17.724635662281717,-1.8050008773803654,0,0,0,-0.07575249435976877,1
2022-11-30,63.0,66.80000305175781,61.900001525878906,65.25,549718630,65.44250011444092,63.914000015258786,64.82552259234362,52.51937769588502,0.04297932143573746,0.39706079412703726,0.026750602413037727,65.375,68.42499923706055,66.89999961853027,66.19999885559082,61.79999923706055,0,0,1,1,0.7000007629394531,-3.450000762939453,71.17227028857569,65.44250011444092,59.71272994030615,0.4832017595304347,17.510853540482042,-0.19250011444091797,0,0,0,0.13902107092588561,1
2022-12-01,66.5,67.1500015258789,65.4000015258789,66.6500015258789,83610566,65.62500019073487,63.96800003051758,64.99928249077556,33.242508228101784,0.19116733388577245,0.35588210207878435,0.021455962082435276,64.2750015258789,68.42499923706055,66.35000038146973,66.19999885559082,62.34999847412109,0,1,0,1,0.15000152587890625,-4.30000305175782,71.26374931682047,65.62500019073487,59.98625106464926,0.590889070627584,17.18475919145734,1.0250013351440401,0,0,0,0.1076873110971493,1
2022-12-02,66.75,68.9000015258789,66.5,68.55000305175781,96262543,65.94250030517578,64.08200012207031,65.33744635372625,46.92083508965992,0.4566575812157794,0.3760371979061834,0.028507149022962475,65.1500015258789,68.42499923706055,66.78750038146973,66.19999885559082,64.5999984741211,0,1,0,1,0.5875015258789062,-3.9500045776367188,71.48842408283173,65.94250030517578,60.396576527519834,0.7350828149755175,16.820483760821702,2.6075027465820284,0,0,0,0.14419374434793353,0
2022-12-05,68.8499984741211,69.0,65.0,65.44999694824219,85107187,66.06500015258788,64.12200004577636,65.34816545796586,38.63636976649827,0.4121647515646458,0.3832627086378759,-0.0452225523779336,65.20000076293945,68.42499923706055,66.8125,66.19999885559082,65.0999984741211,0,0,1,1,0.6125011444091797,-0.34999847412109375,71.45147358139377,66.06500015258788,60.678526723782,0.44291225859791944,16.30658719856186,-0.6150032043456974,0,0,0,-0.2921705563775981,0
2022-12-06,64.75,65.44999694824219,64.44999694824219,64.80000305175781,40042683,66.05000038146973,64.15200012207032,65.29595951451748,39.84376831600627,0.32075729782707185,0.3707616264757151,-0.009931152433794499,65.45000076293945,68.42499923706055,66.9375,66.19999885559082,62.59999847412109,0,0,1,1,0.7375011444091797,-2.200004577636726,71.44879597973333,66.05000038146973,60.65120478320613,0.38423368629533283,16.347602019933454,-1.249997329711917,0,0,0,-0.05867857230258661,0
2022-12-07,65.0999984741211,65.4000015258789,64.0999984741211,64.44999694824219,29775697,66.00750007629395,64.22500007629395,65.21539165106269,41.23989722738503,0.2175657027627551,0.3401224417331231,-0.005401328503581437,65.45000076293945,68.42499923706055,66.9375,66.19999885559082,63.09999847412109,0,0,1,1,0.7375011444091797,-1.3499984741211009,71.44250438231094,66.00750007629395,60.57249577027696,0.35671555712223807,16.46783865389542,-1.5575031280517635,0,0,0,-0.027518129173094763,0
2022-12-08,64.80000305175781,64.80000305175781,63.650001525878906,63.79999923706055,35341241,66.0,64.34500007629394,65.08059237353868,41.01876686570577,0.08238653647549654,0.28857526068159783,-0.010085302435369092,65.45000076293945,68.42499923706055,66.9375,66.19999885559082,63.5,0,0,1,1,0.7375011444091797,-0.2999992370605469,71.44674197185786,66.0,60.55325802814214,0.2980443378531256,16.50527870259958,-2.200000762939453,0,0,0,-0.05867121926911245,1
2022-12-09,64.19999694824219,64.8499984741211,63.900001525878906,64.1500015258789,36490408,65.56749992370605,64.4510001373291,64.99196467376156,49.53559947373767,0.003458465854464521,0.23155190171617118,0.005485929357426089,65.45000076293945,68.42499923706055,66.9375,66.19999885559082,63.0,0,0,1,1,0.7375011444091797,-1.1500015258789062,70.07918069854908,65.56749992370605,61.055819148863016,0.3429079462213881,13.761942365021687,-1.4174983978271456,0,0,0,0.044863608368262475,1
2022-12-12,64.1500015258789,64.75,63.59999847412109,64.4000015258789,20602398,65.30750007629395,64.57800018310547,64.93558723110607,51.40187026951228,-0.03847615888685141,0.17754628959556668,0.0038971160413636685,65.45000076293945,68.42499923706055,66.9375,66.19999885559082,62.20000076293945,0,0,1,1,0.7375011444091797,-2.200000762939453,69.44335129719602,65.30750007629395,61.17164885539189,0.39028878192853467,12.665777180478365,-0.9074985504150419,0,0,0,0.047380835707146574,1
2022-12-13,64.80000305175781,65.19999694824219,64.3499984741211,64.5999984741211,21917723,65.0400001525879,64.6460001373291,64.9036263971075,60.14233561382369,-0.05493827460631451,0.13104937675519043,0.0031055426009860554,66.29999923706055,68.42499923706055,67.36249923706055,66.4749984741211,63.0,0,0,1,1,0.8875007629394531,-1.5999984741210938,68.59085874550763,65.0400001525879,61.48914155966816,0.4380429173743854,10.918999337605163,-0.4400016784667997,0,0,0,0.04775413544585072,1
2022-12-14,64.8499984741211,65.44999694824219,64.5999984741211,65.0,24599687,64.85500030517578,64.69900016784668,64.91280483547821,56.9230678942156,-0.0353009127824464,0.09777931884766307,0.0061919742310698744,66.29999923706055,68.42499923706055,67.36249923706055,67.17499923706055,65.0999984741211,0,0,1,1,0.1875,0.09999847412109375,67.98436152854765,64.85500030517578,61.725639081803905,0.5231676186407118,9.65033138122469,0.1449996948242216,0,0,1,0.08512470126632643,0
2022-12-15,64.94999694824219,65.25,63.79999923706055,64.1500015258789,19011713,64.67750053405761,64.74400016784668,64.84015690123066,50.57471801956281,-0.0873193718214651,0.06075958071383744,-0.013076899601862979,66.29999923706055,68.42499923706055,67.36249923706055,67.5999984741211,65.30000305175781,0,0,1,0,0.23749923706054688,1.1500015258789062,67.53187970776699,64.67750053405761,61.82312136034824,0.4075982943966756,8.826498087093913,-0.5274990081787081,0,0,1,-0.11556932424403621,0
2022-12-16,63.75,64.0,61.84999847412109,62.150001525878906,48220919,64.42750053405761,64.7060001373291,64.58395162738763,42.32082391160115,-0.28662364176004473,-0.008717063780938991,-0.03117692833090857,63.64999771118164,68.42499923706055,66.0374984741211,68.14999771118164,63.95000076293945,0,0,1,0,2.112499237060547,1.7999992370605469,67.24751444956645,64.42750053405761,61.60748661854878,0.09619011174847927,8.754068967856734,-2.277499008178708,0,0,1,-0.31140818264819636,0
2022-12-19,62.400001525878906,62.79999923706055,62.0,62.150001525878906,21470297,64.32000045776367,64.63800010681152,64.35214685581538,44.927547048600594,-0.4395073445123714,-0.09487511992722548,0.0,63.64999771118164,68.42499923706055,66.0374984741211,68.14999771118164,72.80000305175781,0,0,1,0,2.112499237060547,10.650001525878906,67.3100510665165,64.32000045776367,61.32994984901084,0.13713006637204014,9.297420980947512,-2.169998931884763,0,0,1,0.04093995462356087,1
2022-12-20,62.09999847412109,63.20000076293945,61.900001525878906,62.84999847412109,32487667,64.26500034332275,64.50400001525878,64.20908510517782,40.624996274710554,-0.4984391802048549,-0.17558793198275136,0.011263023830348606,63.64999771118164,66.2750015258789,64.96249961853027,68.14999771118164,69.5999984741211,0,0,1,0,3.187498092651367,6.750000000000007,67.32001324085654,64.26500034332275,61.20998744578897,0.26841311040880494,9.50754806259394,-1.4150018692016673,0,0,1,0.1312830440367648,0
2022-12-21,63.20000076293945,63.5,60.84999847412109,61.34999847412109,39979212,64.24500026702881,64.35700004577637,63.93679114031528,29.457354942457187,-0.6585887474259806,-0.2721880950713972,-0.02386634902811713,63.14999771118164,65.67499923706055,64.4124984741211,68.14999771118164,69.94999694824219,0,0,1,0,3.737499237060547,8.5999984741211,67.3700451668659,64.24500026702881,61.119955367191714,0.03680636827671884,9.72852326826404,-2.8950017929077276,0,0,0,-0.2316067421320861,0
2022-12-22,61.79999923706055,62.04999923706055,58.54999923706055,58.95000076293945,53936114,64.03250026702881,64.225,63.461858723422345,14.179089818770493,-0.9680095790760959,-0.41135239187233696,-0.039119768066400384,61.99999809265137,64.17500114440918,63.08749961853027,66.99999809265137,68.69999694824219,0,0,1,0,3.9124984741210938,9.749996185302734,67.9021617228864,64.03250026702881,60.16283881117121,-0.15671113120191155,12.08655429577263,-5.0824995040893555,0,1,0,-0.1935174994786304,0
2022-12-23,58.29999923706055,58.34999847412109,53.20000076293945,53.650001525878906,93022114,63.515000343322754,64.02300003051758,62.52739613318012,12.179479655424998,-1.6221938213130542,-0.6535206777604805,-0.08990668648799305,59.32499885559082,61.27499961853027,60.29999923706055,64.32499885559082,67.69999694824219,0,0,1,0,4.024999618530273,14.049995422363281,69.47000662940943,63.515000343322754,57.55999405723608,-0.32829457632081066,18.751495721947872,-9.864998817443848,0,1,0,-0.17158344511889911,1
2022-12-26,53.95000076293945,59.75,53.45000076293945,58.150001525878906,83571451,63.202500343322754,63.96100006103516,62.11050140867524,32.904877713927064,-1.7572704347885804,-0.8742706291661005,0.08387697804312944,59.32499885559082,61.10000038146973,60.21249961853027,64.32499885559082,67.1500015258789,0,0,1,0,4.112499237060547,9.0,69.57991924997626,63.202500343322754,56.82508143666925,0.10387588682839842,20.18090699580137,-5.052498817443848,0,0,0,0.4321704631492091,1
2022-12-27,59.400001525878906,60.59999847412109,58.5,58.95000076293945,54205000,62.9725004196167,63.90200004577637,61.8095013471766,36.18090721980698,-1.7792562135034586,-1.0552677460335722,0.013757510164544406,59.22500038146973,61.10000038146973,60.16250038146973,64.32499885559082,64.30000305175781,0,0,1,0,4.162498474121094,5.350002288818359,69.60970400933164,62.9725004196167,56.335296829901765,0.1969733109505225,21.07968889749649,-4.0224996566772475,0,0,0,0.09309742412212409,1
2022-12-28,58.5,60.79999923706055,57.84999847412109,60.150001525878906,70502428,62.71750049591064,63.852000045776364,61.651453745148245,41.075797220698306,-1.680478558034146,-1.180309908433687,0.020356246775383724,58.60000038146973,61.10000038146973,59.85000038146973,64.32499885559082,63.95000076293945,0,0,0,0,4.474998474121094,3.799999237060547,69.37695023145679,62.71750049591064,56.058050760364495,0.30722889487946764,21.23633653410777,-2.5674989700317354,0,0,0,0.11025558392894513,1
2022-12-29,59.5,61.54999923706055,59.0,60.84999847412109,24973807,62.42750034332274,63.80900001525879,61.575124671717084,42.06729570083363,-1.5280976918319311,-1.249867465113336,0.011637521703819376,58.35000038146973,61.10000038146973,59.72500038146973,64.32499885559082,61.75,0,0,0,0,4.599998474121094,0.9000015258789134,68.87858322268487,62.42750034332274,55.97641746396061,0.3777335604966192,20.667439330052044,-1.5775018692016545,0,0,0,0.07050466561715157,0
2022-12-30,61.0,61.45000076293945,59.0,59.29999923706055,33251260,61.965000152587876,63.75400001525879,61.35844605889265,38.46152651155741,-1.5149434173725567,-1.3028826555651802,-0.025472461395701473,58.35000038146973,61.10000038146973,59.72500038146973,64.32499885559082,63.20000076293945,0,0,1,0,4.599998474121094,3.9000015258789062,67.89965173137966,61.965000152587876,56.0303485737961,0.27547115612894224,19.15485052587039,-2.6650009155273295,0,0,0,-0.10226240436767697,1
2023-01-02,60.650001525878906,60.70000076293945,59.79999923706055,60.29999923706055,18759536,61.7075002670288,63.734000015258786,61.25764159967055,40.611351311281915,-1.407600969663676,-1.3238263183848795,0.016863406625055033,58.35000038146973,61.10000038146973,59.72500038146973,64.32499885559082,64.0,0,0,0,0,4.599998474121094,3.700000762939453,67.45904524850998,61.7075002670288,55.95595528554761,0.3776414828971939,18.64131574473879,-1.4075010299682518,0,0,0,0.10217032676825166,0
2023-01-03,58.84999847412109,59.54999923706055,57.29999923706055,58.95000076293945,49702768,61.41500015258788,63.67700004577637,61.037866281886636,37.31655654687975,-1.4151519106231945,-1.3420914368325425,-0.022388034679963642,57.625,61.10000038146973,59.36250019073486,64.32499885559082,64.4000015258789,0,0,1,0,4.962498664855957,5.450000762939453,67.10236249505465,61.41500015258788,55.72763781012111,0.2832915118452532,18.521085494867066,-2.464999389648426,0,0,0,-0.0943499710519407,0
2023-01-04,58.400001525878906,58.70000076293945,56.0,56.34999847412109,48975781,61.01000022888182,63.55700004577637,60.591402681147066,34.765613591294354,-1.6123483926980953,-1.3961428280056531,-0.04410521213178553,57.375,61.10000038146973,59.23750019073486,64.32499885559082,63.54999923706055,0,0,1,0,5.087498664855957,7.20000076293946,66.92427093221876,61.01000022888182,55.095729525544876,0.10603749908408225,19.387873073756055,-4.660001754760735,0,0,0,-0.17725401276117095,0
2023-01-05,56.95000076293945,57.09999847412109,55.59999847412109,56.20000076293945,34448671,60.63000030517577,63.38900009155273,60.17317392703205,37.47367656844765,-1.7604383497148817,-1.4690019323474988,-0.0026618937931386366,57.5,61.10000038146973,59.30000019073486,64.32499885559082,65.25,0,0,1,0,5.024998664855957,9.049999237060547,66.75138889467318,60.63000030517577,54.50861171567836,0.13815403339718055,20.19260616422873,-4.429999542236317,0,0,0,0.0321165343130983,0
2023-01-06,56.20000076293945,56.400001525878906,54.95000076293945,55.25,30272416,60.185000228881826,63.19200012207031,59.70430021969567,36.03237953505151,-1.932184805962926,-1.5616385070705843,-0.016903927936704255,58.25,61.10000038146973,59.67500019073486,64.32499885559082,66.6500015258789,0,0,1,0,4.649998664855957,11.400001525878906,66.5087725943304,60.185000228881826,53.861227863433264,0.10980567107021617,21.014446594332277,-4.935000228881826,0,0,0,-0.028348362326964374,1
2023-01-09,56.0,57.25,55.75,56.0,35490334,59.76500015258788,63.06000015258789,59.351509722581795,36.16161497840188,-1.9848957354340229,-1.6462899527432722,0.013574660633484115,58.25,61.10000038146973,59.67500019073486,64.32499885559082,68.55000305175781,0,0,1,0,4.649998664855957,12.550003051757812,66.02871269947845,59.76500015258788,53.501287605697314,0.19945937617644166,20.961139566296286,-3.7650001525878807,0,0,0,0.08965370510622549,0
2023-01-10,56.0,56.150001525878906,53.79999923706055,54.70000076293945,45966335,59.2700002670288,62.89200019836426,58.90850886928253,36.45621184427391,-2.1072772206206665,-1.7384874063187512,-0.02321427209036686,57.67499923706055,59.32499885559082,58.499999046325684,64.32499885559082,65.44999694824219,0,0,1,0,5.824999809265137,10.749996185302734,65.49168792656641,59.2700002670288,53.048312607491184,0.13273634468907267,20.994390523054093,-4.5699995040893455,0,0,0,-0.066723031487369,0
2023-01-11,55.0,56.150001525878906,54.09999847412109,54.34999847412109,32626665,58.73750019073485,62.70900016784668,58.47436502212429,39.77777095841655,-2.2070660058934877,-1.8322031262336986,-0.006398579231017165,57.625,59.32499885559082,58.47499942779541,64.32499885559082,64.80000305175781,0,0,1,0,5.84999942779541,10.450004577636726,64.72497680015086,58.73750019073485,52.75002358131884,0.13361011634568198,20.387236739640684,-4.387501716613762,0,0,0,0.0008737716566093179,0
2023-01-12,54.70000076293945,55.0,52.95000076293945,53.75,38856261,58.21750011444091,62.52400016784668,58.02442549620769,50.28089466246565,-2.30795947940301,-1.927354396867561,-0.0110395306525497,56.82500076293945,59.19999885559082,58.01249980926514,64.19999885559082,64.44999694824219,0,0,1,0,6.187499046325684,10.699996948242188,64.03852006981387,58.21750011444091,52.39648015906795,0.11626139845841926,19.99749197038796,-4.467500114440909,0,0,0,-0.01734871788726272,0
2023-01-13,54.09999847412109,54.5,53.04999923706055,53.25,38735350,57.77250003814696,62.34500015258789,57.56971830609267,32.246365393939485,-2.400591579965706,-2.02200183348719,-0.009302325581395321,56.25,59.19999885559082,57.72499942779541,64.19999885559082,63.79999923706055,0,0,1,0,6.47499942779541,10.549999237060547,63.68303902003734,57.77250003814696,51.861961056256575,0.11742067415478617,20.46142707339193,-4.5225000381469584,0,0,0,0.0011592756963669099,0
2023-01-16,54.0,54.29999923706055,52.5,52.70000076293945,35892303,57.29999999999999,62.13900016784668,57.10593568293522,26.937261581340337,-2.4896840015399917,-2.1155382670977505,-0.010328624170151124,55.60000038146973,58.974998474121094,57.28749942779541,63.974998474121094,64.1500015258789,0,0,1,0,6.687499046325684,11.450000762939453,63.24600637710956,57.29999999999999,51.35399362289042,0.11318581369427859,20.753948960242827,-4.599999237060537,0,0,0,-0.0042348604605075835,0
2023-01-17,53.0,53.09999847412109,50.0,50.150001525878906,77122987,56.66500015258788,61.840000228881834,56.44346576321557,16.442939274090932,-2.7345320316381816,-2.239337020005837,-0.04838708159666283,53.625,57.724998474121094,55.67499923706055,62.724998474121094,64.4000015258789,0,0,1,0,7.049999237060547,14.25,62.813665994476835,56.66500015258788,50.51633431069892,-0.029789615685756173,21.701811789753073,-6.514998626708973,0,1,0,-0.14297542938003477,1
2023-01-18,50.400001525878906,51.45000076293945,48.84999847412109,51.0,84541855,56.14750022888184,61.55400016784668,55.92504045243313,17.27574262419823,-2.8273956295728198,-2.3569487419192336,0.01694912160037454,53.04999923706055,57.14999771118164,55.099998474121094,62.14999771118164,64.5999984741211,0,0,1,0,7.049999237060547,13.599998474121094,62.37353190582339,56.14750022888184,49.921468551940286,0.0866146772151926,22.17741360367431,-5.147500228881839,0,0,0,0.11640429290094878,1
2023-01-19,50.29999923706055,51.900001525878906,50.04999923706055,51.09999847412109,54523340,55.75500011444092,61.297000122070315,55.465512644974844,19.852926533109155,-2.859953890650729,-2.4575497716655326,0.001960754394531028,53.04999923706055,57.04999923706055,55.04999923706055,62.14999771118164,65.0,0,0,1,0,7.099998474121094,13.900001525878913,62.210377564839874,55.75500011444092,49.29962266404196,0.13944775684401364,23.156227915519167,-4.655001640319831,0,0,0,0.05283307962882104,1
2023-01-20,51.400001525878906,52.25,50.54999923706055,51.45000076293945,47355757,55.64500007629395,60.87000007629395,55.083082941923855,15.83011366916817,-2.824950022123396,-2.5310298217571052,0.006849360063985621,52.5,56.42499923706055,54.46249961853027,62.14999771118164,64.1500015258789,0,0,1,0,7.687498092651367,12.700000762939453,62.31162576439629,55.64500007629395,48.978374388191604,0.18537311755472194,23.961274791847757,-4.194999313354494,0,0,0,0.045925360710708296,0
2023-01-23,51.900001525878906,51.900001525878906,50.650001525878906,51.0,24658884,55.2875,60.498000106811524,54.69421789983587,17.012442878466274,-2.8012296729176853,-2.5850697919892216,-0.008746370384188573,52.5,56.17499923706055,54.33749961853027,62.14999771118164,62.150001525878906,0,0,1,0,7.812498092651367,11.150001525878906,62.14263468404051,55.2875,48.432365315959494,0.18727820840765072,24.798135868109455,-4.287500000000001,0,0,0,0.0019050908529287813,1
2023-01-24,51.0,52.29999923706055,50.650001525878906,52.09999847412109,47720352,54.944999885559085,60.1410001373291,54.447149383101134,29.85781116553332,-2.6629733424372475,-2.600650502078827,0.021568597531786082,51.92499923706055,56.17499923706055,54.04999923706055,62.14999771118164,62.150001525878906,0,0,1,0,8.099998474121094,10.05000305175782,61.71795323329129,54.944999885559085,48.17204653782688,0.28997334948493386,24.65357489066919,-2.8450014114379982,0,0,0,0.10269514107728314,0
2023-01-25,52.0,52.04999923706055,44.34999847412109,47.75,237764175,54.32499980926514,59.722000198364256,53.8093256323296,21.355922209121474,-2.8713140063219313,-2.654783202927448,-0.08349325530751794,49.42499923706055,53.92499923706055,51.67499923706055,57.75,62.84999847412109,0,0,1,0,6.075000762939453,15.099998474121087,61.34429414186239,54.32499980926514,47.30570547666788,0.03164809041194045,25.841856814512543,-6.574999809265137,0,0,0,-0.2583252590729934,0
2023-01-27,49.0,51.79999923706055,46.70000076293945,46.95000076293945,169788452,53.62999992370605,59.3070002746582,53.156056597149586,21.575334681019314,-3.065639947007675,-2.7369545517434934,-0.016753910723781074,49.32499885559082,53.19999885559082,51.26249885559082,57.42499923706055,61.34999847412109,0,0,1,0,6.162500381469727,14.399997711181634,60.679921500242244,53.62999992370605,46.58007834716986,0.026235924169765452,26.290962470876,-6.679999160766599,0,0,0,-0.005412166242174998,1
2023-01-30,47.900001525878906,48.54999923706055,46.70000076293945,47.400001525878906,54376637,53.035000038146975,58.912000274658205,52.60786087607619,19.930065639490152,-3.147056051105224,-2.8189748516158395,0.00958468063103135,48.72499847412109,52.94999885559082,50.83749866485596,57.07500076293945,58.95000076293945,0,0,1,0,6.237502098083496,11.549999237060547,60.07901113586306,53.035000038146975,45.99098894043089,0.10001493225251083,26.563631913451403,-5.634998512268069,0,0,0,0.07377900808274537,1
2023-01-31,48.0,50.70000076293945,46.45000076293945,49.75,95398497,52.507500076293944,58.62100021362305,52.33568364978322,33.876213403434306,-2.9875154446864727,-2.8526829702299663,0.04957802528419886,48.32499885559082,52.94999885559082,50.63749885559082,56.849998474121094,53.650001525878906,0,0,1,0,6.212499618530273,3.9000015258789062,58.84053014757974,52.507500076293944,46.174470005008146,0.2822922009484405,24.122382753259398,-2.757500076293944,0,0,0,0.18227726869592964,0
2023-02-01,50.0,51.04999923706055,47.04999923706055,48.150001525878906,68752685,51.96750011444092,58.30500022888184,51.93704725703043,31.32530009734377,-2.9561086889357284,-2.873368113971119,-0.03216077334916767,48.32499885559082,52.94999885559082,50.63749885559082,56.67499923706055,58.150001525878906,0,0,1,0,6.037500381469727,10.0,57.83582745300118,51.96750011444092,46.09917277588065,0.17473707853023446,22.584605092172026,-3.8174985885620103,0,0,0,-0.10755512241820603,0
2023-02-02,48.400001525878906,48.900001525878906,47.150001525878906,47.5,40751688,51.525000190734865,58.020000228881834,51.51447132778944,31.23122435102009,-2.9496663816349056,-2.8886277675038765,-0.013499512051511675,48.32499885559082,52.94999885559082,50.63749885559082,56.67499923706055,58.95000076293945,0,0,1,0,6.037500381469727,11.450000762939453,57.33916342395774,51.525000190734865,45.71083695751199,0.1538624708938773,22.568319113828437,-4.025000190734865,0,0,0,-0.02087460763635715,1
2023-02-03,48.150001525878906,49.25,47.70000076293945,48.75,42497841,51.15250015258789,57.73100021362305,51.25118834419044,37.0689609813334,-2.811289458460358,-2.873160105695173,0.026315789473684292,48.32499885559082,52.94999885559082,50.63749885559082,56.67499923706055,60.150001525878906,0,0,1,0,6.037500381469727,11.400001525878906,56.66779417290776,51.15250015258789,45.63720613226802,0.282196548022969,21.564122980764385,-2.4025001525878906,0,0,0,0.1283340771290917,0
2023-02-06,48.70000076293945,49.09999847412109,47.54999923706055,47.75,35956956,50.77750015258789,57.406000213623045,50.917741835219914,36.1344474959657,-2.7506090832271823,-2.848649901201575,-0.02051282051282055,48.32499885559082,52.89999961853027,50.61249923706055,56.67499923706055,60.84999847412109,0,0,1,0,6.0625,13.099998474121087,56.14531801353847,50.77750015258789,45.40968229163731,0.2179952607360122,21.142505419999523,-3.0275001525878906,0,0,0,-0.06420128728695682,1
2023-02-07,48.0,51.0,47.59999847412109,49.34999847412109,61077398,50.445000076293944,57.10500015258789,50.76843294368669,47.6331262109975,-2.5440863003285514,-2.7877371810269707,0.033507821447561925,48.19999885559082,52.52499961853027,50.36249923706055,56.67499923706055,59.29999923706055,0,0,1,0,6.3125,9.95000076293946,55.27448189762422,50.445000076293944,45.61551825496367,0.3866336345509589,19.14751437813888,-1.0950016021728572,0,0,0,0.1686383738149467,1
2023-02-08,51.20000076293945,55.29999923706055,51.09999847412109,54.29999923706055,265595807,50.425,56.92000015258789,51.10477259067467,57.85714246788797,-1.9584164089874037,-2.6218730266190575,0.10030396992889923,50.875,51.94999885559082,51.41249942779541,56.67499923706055,60.29999923706055,0,0,0,0,5.262499809265137,6.0,55.18666905481513,50.425,45.66333094518487,0.906895060581966,18.88614399530047,3.8749992370605497,0,0,0,0.5202614260310071,1
2023-02-09,54.70000076293945,56.79999923706055,53.400001525878906,54.400001525878906,216398621,50.42750015258789,56.703000183105466,51.41860391783698,57.85715012323291,-1.4692627057347565,-2.3913509624421976,0.0018416628033781635,51.625,51.52499961853027,51.57499980926514,56.67499923706055,58.95000076293945,1,0,0,0,5.09999942779541,4.549999237060547,55.19745528930663,50.42750015258789,45.65754501586915,0.91640867255868,18.918070982243417,3.972501373291017,0,0,0,0.009513611976713965,0
2023-02-10,52.70000076293945,54.150001525878906,50.70000076293945,53.29999923706055,176950201,50.40500011444092,56.4360001373291,51.5977844244297,54.2528700554508,-1.1570283606336034,-2.144486442080479,-0.020220629741987683,51.625,50.79999923706055,51.21249961853027,56.67499923706055,56.34999847412109,1,0,0,0,5.462499618530273,3.0499992370605398,55.1159337958136,50.40500011444092,45.69406643306823,0.8072638375346516,18.692326835341145,2.8949991226196303,0,0,0,-0.10914483502402839,0
2023-02-13,53.0,53.70000076293945,51.25,51.79999923706055,86162276,50.33250007629395,56.10100006103516,51.617042978013586,51.754384350505106,-1.0188729237522622,-1.9193637384148357,-0.028142589521033656,51.92499923706055,50.79999923706055,51.36249923706055,56.67499923706055,56.20000076293945,1,0,0,0,5.3125,4.400001525878906,54.908772660922416,50.33250007629395,45.75622749166548,0.6603378222809405,18.184165609464106,1.4674991607666001,0,0,0,-0.14692601525371107,0
2023-02-14,51.79999923706055,52.5,49.900001525878906,50.34999847412109,79395202,50.214999961853025,55.799000091552735,51.496372072880966,46.22030262493998,-1.0146899736808308,-1.7384289854680348,-0.027992293133125234,51.97500038146973,50.79999923706055,51.38749980926514,56.67499923706055,55.25,1,0,1,0,5.28749942779541,4.900001525878913,54.66090763068507,50.214999961853025,45.76909229302098,0.5151823342187768,17.707488488338058,0.13499851226806214,0,0,0,-0.14515548806216372,0
2023-02-15,50.54999923706055,50.900001525878906,49.79999923706055,50.25,49655881,50.21999988555908,55.50800003051758,51.377669970701824,56.61375607979943,-1.0078264013475575,-1.5923084686439395,-0.001986067073517117,52.17499923706055,50.57499885559082,51.374999046325684,56.67499923706055,56.0,1,0,1,0,5.300000190734863,5.75,54.66582883458867,50.21999988555908,45.774170936529494,0.5033739618398347,17.705412023738383,0.030000114440916548,0,0,0,-0.011808372378942056,1
2023-02-16,50.79999923706055,51.79999923706055,50.45000076293945,51.400001525878906,48841966,50.23999996185303,55.24700012207031,51.37979678548059,61.55844124961135,-0.8992257440209244,-1.4536919237193366,0.022885602505052782,52.17499923706055,50.57499885559082,51.374999046325684,54.89999771118164,54.70000076293945,1,0,0,0,3.524998664855957,3.299999237060547,54.70324942500747,50.23999996185303,45.77675049869859,0.6299503392765811,17.767712844519753,1.160001564025876,0,0,0,0.12657637743674632,1
2023-02-17,51.25,52.20000076293945,50.70000076293945,51.79999923706055,52862406,50.275,55.00700012207031,51.41981606658345,61.45832691755585,-0.771983522784474,-1.317350243532364,0.007782056406754112,52.19999885559082,50.57499885559082,51.38749885559082,54.89999771118164,54.34999847412109,1,0,0,0,3.5124988555908203,2.5499992370605398,54.77549950774091,50.275,45.77450049225909,0.6694255531455489,17.90352862353421,1.5249992370605483,0,0,0,0.039475213868967796,1
2023-02-20,51.900001525878906,55.04999923706055,51.75,54.59999847412109,93315254,50.43249988555908,54.816000061035155,51.72269058158703,62.34096208016492,-0.4401330282863114,-1.1419068004831536,0.054054040121631175,53.29999923706055,50.57499885559082,51.937499046325684,54.89999771118164,53.75,1,0,0,0,2.962498664855957,-0.8499984741210866,55.29256860575429,50.43249988555908,45.572431165363874,0.9287489363313585,19.27355864263571,4.167498588562005,0,0,0,0.2593233831858096,1
2023-02-21,54.59999847412109,56.150001525878906,54.400001525878906,55.34999847412109,100106053,50.64999980926513,54.635,52.06814847611409,69.14892494543766,-0.11529138127735905,-0.9365837166419948,0.01373626412014417,53.29999923706055,50.57499885559082,51.937499046325684,54.89999771118164,53.25,1,1,0,0,2.962498664855957,-2.0999984741210866,55.96064857335177,50.64999980926513,45.339351045178496,0.942507015022325,20.96998532708854,4.699998664855954,0,0,0,0.013758078690966569,0
2023-02-22,54.84999847412109,55.400001525878906,52.59999847412109,52.95000076293945,75802021,50.69249992370605,54.40200004577637,52.152134408192694,63.26034298120738,-0.05092476435575577,-0.7594519261847471,-0.043360393447955614,52.97500038146973,50.57499885559082,51.77499961853027,54.89999771118164,52.70000076293945,1,0,0,0,3.124998092651367,-0.25,56.06216163636065,50.69249992370605,45.322838211051454,0.7102088511379762,21.18523142767124,2.2575008392334013,0,0,0,-0.23229816388434887,1
2023-02-23,53.0,56.0,52.79999923706055,54.95000076293945,118058937,51.05249996185302,54.20100006103516,52.418597870549526,64.55399292257222,0.15962942000567892,-0.5756356569466619,0.037771481986452304,52.97500038146973,50.57499885559082,51.77499961853027,54.89999771118164,50.150001525878906,1,1,0,0,3.124998092651367,-4.799999237060547,56.54872305753407,51.05249996185302,45.55627686617198,0.8545617356898323,21.531651142599806,3.89750080108643,0,0,0,0.14435288455185613,0
2023-02-24,55.5,56.75,54.0,54.45000076293945,73440699,51.42749996185303,54.007000045776365,52.6120648126819,66.1057716555145,0.28288834598680523,-0.40393085635996845,-0.009099180947368057,53.27499961853027,50.57499885559082,51.92499923706055,54.89999771118164,51.0,1,0,0,0,2.9749984741210938,-3.450000762939453,56.77431870955308,51.42749996185303,46.08068121415298,0.7826447784850161,20.79361723461617,3.022500801086423,0,0,0,-0.07191695720481617,0
2023-02-27,54.70000076293945,54.75,53.20000076293945,53.59999847412109,38735556,51.73749980926514,53.835999984741214,52.70615373281896,60.59850212747822,0.3084284803855155,-0.26145898901087167,-0.015610693790787056,53.27499961853027,50.57499885559082,51.92499923706055,54.79999923706055,51.09999847412109,1,0,0,0,2.875,-2.5,56.82708450017863,51.73749980926514,46.64791511835165,0.6829715760679937,19.67464492747695,1.8624986648559485,0,0,0,-0.09967320241702238,0
2023-02-28,53.70000076293945,54.400001525878906,53.0,53.5,45414869,51.92499980926514,53.662999954223636,52.78175813921715,47.368423694388554,0.31694661646162103,-0.14577786791637315,-0.0018656432270117707,53.60000038146973,50.57499885559082,52.08749961853027,54.17499923706055,51.45000076293945,1,0,0,0,2.0874996185302734,-2.049999237060547,56.984100283863675,51.92499980926514,46.8658993346666,0.6556601018938891,19.48618389285319,1.5750001907348619,0,0,0,-0.027311474174104622,1
2023-03-01,53.5,55.34999847412109,53.34999847412109,54.95000076293945,42854827,52.26499977111816,53.505,52.98825743671451,51.661629191586094,0.4356780190752687,-0.02948669051804477,0.027102817998868378,53.72500038146973,50.57499885559082,52.14999961853027,53.92499923706055,51.0,1,1,0,0,1.7749996185302734,-3.950000762939453,57.17540723505382,52.26499977111816,47.35459230718251,0.7733990011563401,18.79042374606176,2.6850009918212905,0,0,0,0.11773889926245096,0
2023-03-02,54.75,55.20000076293945,54.34999847412109,54.54999923706055,36256148,52.61749973297119,53.36900001525879,53.13699475103318,53.9432180452286,0.49182725245942294,0.07477609807744878,-0.0072793725263909925,54.25,50.57499885559082,52.41249942779541,53.92499923706055,52.09999847412109,1,1,0,0,1.5124998092651367,-2.4500007629394602,57.10283991154955,52.61749973297119,48.13215955439283,0.7154239619682388,17.048853333362615,1.932499504089357,0,0,0,-0.05797503918810132,0
2023-03-03,54.900001525878906,55.400001525878906,53.20000076293945,53.650001525878906,36943821,52.86249980926514,53.26300003051758,53.185852539113725,56.065582792083944,0.45841925889168067,0.15150473024029518,-0.01649858338715049,54.67499923706055,51.625,53.14999961853027,53.92499923706055,47.75,1,0,0,0,0.7749996185302734,-5.900001525878906,56.9976996256704,52.86249980926514,48.72729999285988,0.5952193063911414,15.645116410784986,0.7875017166137681,0,0,0,-0.12020465557709736,1
2023-03-06,54.0,54.95000076293945,53.70000076293945,53.95000076293945,33492583,53.17249984741211,53.26900001525879,53.25862856043046,62.76597039847914,0.4509523169287064,0.21139424757797742,0.0055917843155295355,54.67499923706055,51.625,53.14999961853027,53.19999885559082,46.95000076293945,1,1,0,0,0.049999237060546875,-7.0,56.59660239142195,53.17249984741211,49.74839730340227,0.6135335325876131,12.879223485207236,0.7775009155273409,0,0,0,0.018314226196471717,1
2023-03-08,53.45000076293945,55.29999923706055,52.650001525878906,54.79999923706055,44159725,53.444999885559085,53.20199996948242,53.405425767728566,65.31986826060276,0.5077692370650553,0.270669245475393,0.015755300502330982,54.70000076293945,51.625,53.16250038146973,52.94999885559082,47.400001525878906,1,1,0,1,0.21250152587890625,-7.399997711181641,56.450811032592924,53.444999885559085,50.439188738525246,0.7253966209484897,11.248240821293418,1.354999351501462,0,0,0,0.11186308836087655,0
2023-03-09,55.09999847412109,56.34999847412109,53.900001525878906,54.04999923706055,56021946,53.43249988555908,53.10399993896485,53.46681371718876,59.169546610474875,0.48666831424237245,0.31386905922878894,-0.01368613157740306,54.70000076293945,51.92499923706055,53.3125,52.94999885559082,49.75,1,1,0,1,0.3625011444091797,-4.299999237060547,56.42603888087596,53.43249988555908,50.43896089024221,0.6031386850927093,11.204937076604656,0.6174993515014648,0,0,0,-0.12225793585578038,0
2023-03-10,53.79999923706055,54.5,53.29999923706055,53.84999847412109,39226931,53.40499973297119,52.97799987792969,53.50330750356326,57.192981704706995,0.4486356977309356,0.3408223869292183,-0.0037002916884839587,54.5,51.97500038146973,53.23750019073486,52.94999885559082,48.150001525878906,1,1,0,1,0.28750133514404297,-5.69999694824218,56.372473374370436,53.40499973297119,50.43752609157195,0.5749793923931985,11.113092992179851,0.44499874114989524,0,0,0,-0.028159292699510785,0
2023-03-13,53.95000076293945,54.70000076293945,51.59999847412109,51.900001525878906,52374659,53.33499984741211,52.79899993896484,53.350611696164755,39.925379932633575,0.25817009407751357,0.3242919283588774,-0.03621164351897421,53.97499847412109,52.17499923706055,53.07499885559082,52.94999885559082,47.5,1,0,1,1,0.125,-4.400001525878906,56.374259424402545,53.33499984741211,50.29574027042167,0.26392304026986463,11.3968672942179,-1.4349983215332003,0,0,0,-0.3110563521233339,0
2023-03-14,52.0,52.5,50.20000076293945,50.75,52247904,53.28249988555908,52.62799995422363,53.102934391768116,33.33333333333336,0.0142647832353191,0.2622864993341657,-0.022158024895345685,53.27499961853027,52.17499923706055,52.72499942779541,52.94999885559082,48.75,1,0,1,0,0.22499942779541016,-2.0,56.45917633427369,53.28249988555908,50.105823436844474,0.10139159173987979,11.92390167705164,-2.5324998855590835,0,0,0,-0.16253144852998486,0
2023-03-15,51.5,52.20000076293945,50.54999923706055,50.75,38763143,53.30249996185303,52.43699996948242,52.87884540207592,40.35087190946718,-0.17699168290297962,0.17443086288673665,0.0,53.27499961853027,52.19999885559082,52.73749923706055,52.89999961853027,47.75,1,0,1,0,0.16250038146972656,-3.0,56.40934264793567,53.30249996185303,50.195657275770394,0.08921319491212593,11.657399515242657,-2.55249996185303,0,0,0,-0.01217839682775386,1
2023-03-16,50.900001525878906,53.70000076293945,49.84999847412109,53.04999923706055,61237058,53.44249992370605,52.31899993896484,52.89514576731255,41.880333241606685,-0.14134377070561754,0.11127593616826581,0.04532018201104515,53.09999847412109,53.29999923706055,53.19999885559082,52.52499961853027,49.34999847412109,0,0,0,1,0.6749992370605469,-3.7000007629394602,56.22157740347722,53.44249992370605,50.663422443934884,0.42938291762239317,10.400252547087241,-0.39250068664550497,0,0,0,0.34016972271026724,1
2023-03-17,53.45000076293945,55.75,53.04999923706055,54.900001525878906,112918857,53.617499923706056,52.29,53.086084410985535,51.72414095497225,0.035774790616351027,0.09617570705788285,0.03487280519178504,53.09999847412109,53.29999923706055,53.19999885559082,51.94999885559082,54.29999923706055,0,1,0,1,1.25,-0.6000022888183594,56.299154987582305,53.617499923706056,50.93584485982981,0.7391250126552507,10.002909750331726,1.2825016021728501,0,0,0,0.3097420950328575,0
2023-03-20,53.59999847412109,54.75,52.20000076293945,53.54999923706055,65578919,53.704999923706055,52.23699996948242,53.13026677537363,49.815500959868004,0.06644271401851398,0.09022910845000909,-0.02459020494165176,53.09999847412109,53.27499961853027,53.187499046325684,51.52499961853027,54.400001525878906,0,1,0,1,1.6624994277954102,0.8500022888183594,56.2546858653391,53.704999923706055,51.15531398207301,0.46960396492082634,9.495152947603229,-0.1550006866455078,0,0,1,-0.2695210477344243,0
2023-03-21,53.84999847412109,54.150001525878906,52.650001525878906,53.0,31632951,53.625,52.191999969482424,53.117860415814235,48.21428571428571,0.04583852439409242,0.08135099163882577,-0.01027076087575196,53.09999847412109,53.27499961853027,53.187499046325684,50.79999923706055,53.29999923706055,0,0,0,1,2.3874998092651367,0.2999992370605469,56.15768611304786,53.625,51.09231388695214,0.3766132137772357,9.445915573138869,-0.625,0,0,1,-0.09299075114359062,1
2023-03-22,53.400001525878906,53.900001525878906,52.70000076293945,53.09999847412109,38444991,53.5125,52.13399993896484,53.116159278510125,42.68773666582127,0.03715035069350847,0.07251086344976232,0.0018867636626620499,52.79999923706055,53.27499961853027,53.03749942779541,50.79999923706055,51.79999923706055,0,1,0,1,2.2375001907348633,-1.2999992370605398,55.92577066872255,53.5125,51.099229331277456,0.4145347574921482,9.019465241663337,-0.4125015258789162,0,0,1,0.037921543714912465,0
2023-03-23,52.900001525878906,53.20000076293945,52.09999847412109,52.650001525878906,32816290,53.497500038146974,52.092999954223636,53.07176330206905,42.51969000611853,-0.005977181275753196,0.05681325450465922,-0.008474519042811157,52.79999923706055,53.27499961853027,53.03749942779541,50.79999923706055,50.34999847412109,0,0,0,1,2.2375001907348633,-2.3000030517578196,55.92823551744696,53.497500038146974,51.06676455884699,0.32567035379099846,9.087286237924094,-0.8474985122680678,0,0,1,-0.08886440370114973,0
2023-03-24,52.5,52.84999847412109,50.150001525878906,50.650001525878906,67243087,53.28250007629394,52.01900001525879,52.84111932338428,39.13043117703351,-0.1992426016929727,0.00560208326513284,-0.03798670355245759,52.79999923706055,53.29999923706055,53.04999923706055,50.57499885559082,50.25,0,0,0,1,2.4750003814697266,-0.40000152587890625,55.91371137915617,53.28250007629394,50.651288773431716,-0.0002446112084213038,9.876455868604731,-2.632498550415036,0,1,0,-0.32591496499941974,0
2023-03-27,50.70000076293945,51.29999923706055,49.25,50.09999847412109,49618132,53.064999961853026,51.94599998474121,52.58006019488302,36.29892349508824,-0.392265694733382,-0.07397147233457013,-0.010858895067886731,52.5,53.0,52.75,50.57499885559082,51.400001525878906,0,0,1,1,2.1750011444091797,1.3000030517578196,55.97826264140767,53.064999961853026,50.151737282298384,-0.008879873507528554,10.979978070852374,-2.9650014877319393,0,1,0,-0.00863526229910725,1
2023-03-28,50.20000076293945,50.54999923706055,49.0,50.25,50426174,52.89750003814697,51.88599998474121,52.35814970013225,32.95880727724101,-0.5270584157663478,-0.16458886102092568,0.0029940425239014523,52.375,52.875,52.625,50.57499885559082,51.79999923706055,0,0,1,1,2.0500011444091797,1.5499992370605469,56.0443198324378,52.89750003814697,49.750680243856145,0.07933720212542111,11.89780156726311,-2.6475000381469727,0,0,0,0.08821707563294967,1
2023-03-29,50.25,51.75,49.59999847412109,51.25,41464387,52.785000038146975,51.85699996948242,52.252611633452986,39.70588689031821,-0.5468868049999642,-0.2410484498167334,0.01990049751243772,52.375,52.875,52.625,50.57499885559082,54.59999847412109,0,0,0,1,2.0500011444091797,3.3499984741210866,55.99780253006473,52.785000038146975,49.57219754622922,0.26111198213888376,12.173164685406494,-1.5350000381469755,0,0,0,0.18177478001346264,0
2023-03-31,51.25,51.70000076293945,50.650001525878906,51.0,56566133,52.5875,51.87399993896484,52.13331528740984,39.56044631673556,-0.5761325594707429,-0.3080652717475353,-0.004878048780487809,51.875,52.875,52.375,50.57499885559082,55.34999847412109,0,0,0,1,1.8000011444091797,4.349998474121087,55.72849891616782,52.5875,49.446501083832175,0.24729376826133578,11.94580048934756,-1.5874999999999986,0,0,0,-0.013818213877547975,1
2023-04-03,51.5,52.150001525878906,50.900001525878906,51.95000076293945,29241512,52.45750007629395,51.89299995422363,52.115856761269804,50.19762535949361,-0.5166967500099915,-0.34979156740002654,0.018627465939989207,51.57500076293945,52.875,52.22500038146973,50.57499885559082,52.95000076293945,0,0,0,1,1.6500015258789062,1.0,55.475657573024556,52.45750007629395,49.43934257956334,0.4159256410733639,11.507058065447323,-0.5074993133544936,0,0,0,0.1686318728120281,0
2023-04-05,52.09999847412109,52.900001525878906,51.54999923706055,51.70000076293945,25497115,52.36000003814697,51.905,52.07625142809549,54.042555125604146,-0.4841849705178376,-0.3766702480235887,-0.0048123194673433956,51.45000076293945,52.875,52.16250038146973,50.57499885559082,54.95000076293945,0,0,0,1,1.5875015258789062,3.25,55.343554754556685,52.36000003814697,49.37644532173726,0.38939380404564294,11.396312888602136,-0.6599992752075181,0,0,0,-0.02653183702772094,1
2023-04-06,51.75,52.45000076293945,51.29999923706055,52.150001525878906,19695678,52.27000007629395,51.91900001525879,52.083275246932004,55.73770901875392,-0.41729750440753577,-0.38479569930037816,0.00870407652415417,51.10000038146973,52.67499923706055,51.88749980926514,50.57499885559082,54.45000076293945,0,1,0,1,1.3125009536743164,2.299999237060547,55.16350974231191,52.27000007629395,49.376490410275984,0.4792641870486332,11.071397213677288,-0.11999855041504048,0,0,0,0.08987038300299027,1
2023-04-10,52.150001525878906,54.20000076293945,51.79999923706055,53.95000076293945,60655412,52.22750015258789,51.97800003051758,52.2610586294089,53.84615886219037,-0.2165475846478131,-0.35114607636986517,0.034515804111095116,51.60000038146973,52.67499923706055,52.13749980926514,50.57499885559082,53.59999847412109,0,1,0,1,1.5625009536743164,-0.3500022888183665,54.993268495021745,52.22750015258789,49.46173181015404,0.8113964000390167,10.591233868568786,1.7225006103515597,0,0,0,0.3321322129903835,0
2023-04-11,54.650001525878906,55.25,53.25,53.95000076293945,41101417,52.222500228881835,52.015000076293944,52.421910261173714,45.177662222384015,-0.056797105238942436,-0.2922762821436806,0.0,52.125,52.67499923706055,52.39999961853027,50.57499885559082,53.5,0,1,0,1,1.8250007629394531,-0.4500007629394531,54.97540335376883,52.222500228881835,49.469597103994836,0.8137597757146884,10.542977118374337,1.7275005340576186,0,0,0,0.002363375675671686,0
2023-04-12,54.25,54.25,52.900001525878906,53.20000076293945,30848068,52.19000034332275,52.12400009155274,52.49601411848474,48.108116356102194,0.009181727406058826,-0.23198468023373275,-0.013901760693119547,52.125,52.67499923706055,52.39999961853027,50.57499885559082,54.95000076293945,0,1,0,1,1.8250007629394531,1.75,54.879907775918234,52.19000034332275,49.50009291072727,0.6877388804123561,10.308133415981603,1.010000419616702,0,0,0,-0.1260208953023323,1
2023-04-13,53.20000076293945,54.150001525878906,52.84999847412109,53.84999847412109,26646279,52.28750019073486,52.26200004577637,52.62496500949772,54.54544712747126,0.11262157920330651,-0.1630634283463249,0.012218001914662269,52.42499923706055,52.67499923706055,52.54999923706055,50.57499885559082,54.54999923706055,0,1,0,1,1.9750003814697266,0.7000007629394602,55.06812530228403,52.28750019073486,49.50687507918569,0.7809616939904047,10.635907631483544,1.5624982833862262,0,0,0,0.09322281357804862,1
2023-04-17,54.20000076293945,54.25,53.0,53.95000076293945,24787918,52.447500228881836,52.39300003051758,52.75115889077788,54.545465672424925,0.20035815189375228,-0.09037911229830946,0.0018570527697678862,52.95000076293945,52.67499923706055,52.8125,51.625,53.650001525878906,1,1,0,1,1.1875,-0.2999992370605469,55.224094586249095,52.447500228881836,49.67090587151458,0.7705653654576815,10.5880903579776,1.5025005340576172,0,0,0,-0.010396328532723209,0
2023-04-18,54.04999923706055,54.20000076293945,53.04999923706055,53.29999923706055,27617603,52.57500019073486,52.46400001525879,52.80342939994765,53.40312693106427,0.21496237456522493,-0.029310814925602585,-0.012048220883908112,53.07500076293945,52.67499923706055,52.875,51.625,53.95000076293945,1,1,0,1,1.25,0.6500015258789062,55.26079630560506,52.57500019073486,49.88920407586466,0.6349691144297308,10.217008483600578,0.724999046325685,0,0,0,-0.1355962510279507,1
2023-04-19,53.59999847412109,55.95000076293945,53.20000076293945,54.150001525878906,62022927,52.630000305175784,52.58400001525879,52.931674364322056,70.8333106268267,0.2917611660846191,0.034903581276441754,0.01594751033743602,53.625,52.67499923706055,53.14999961853027,51.625,54.79999923706055,1,1,0,1,1.5249996185302734,0.6499977111816406,55.39629778423272,52.630000305175784,49.863702826118846,0.7747356768768968,10.512245726834596,1.5200012207031222,0,0,0,0.139766562447166,1
2023-04-20,54.150001525878906,54.400001525878906,53.650001525878906,54.20000076293945,23096046,52.59500026702881,52.71800003051758,53.05246735466657,75.949364032451,0.35259478899399,0.09844182281995141,0.0009233469187743815,53.625,52.47500038146973,53.05000019073486,51.92499923706055,54.04999923706055,1,1,0,1,1.1250009536743164,-0.15000152587890625,55.261440011525686,52.59500026702881,49.92856052253193,0.8009632036919491,10.139517942614926,1.6050004959106445,0,0,0,0.02622752681505225,1
2023-04-21,54.29999923706055,56.75,54.09999847412109,56.04999923706055,106707937,52.72000026702881,52.86400001525879,53.33794658156123,80.2083221574651,0.5438165109868507,0.18751676045333127,0.03413281269519963,54.27499961853027,52.875,53.57499980926514,51.97500038146973,53.84999847412109,1,1,0,1,1.5999994277954102,-2.2000007629394602,55.76177604460745,52.72000026702881,49.678224489450166,1.0473774553958957,11.539361768482294,3.3299989700317383,1,0,0,0.2464142517039466,0
2023-04-24,55.5,56.400001525878906,54.70000076293945,56.0,43287483,52.87000026702881,53.02900001525879,53.5914754785554,77.45664255543217,0.6834482171589116,0.28670305179444733,-0.0008920470605018327,54.79999923706055,52.875,53.83749961853027,52.17499923706055,51.900001525878906,1,1,0,1,1.6625003814697266,-4.099998474121094,56.23130947039429,52.87000026702881,49.50869106366333,0.9655923545857236,12.715374262865986,3.129999732971193,0,0,0,-0.0817851008101721,1
2023-04-25,56.400001525878906,60.59999847412109,56.20000076293945,57.75,199056106,53.10250034332275,53.19700004577637,53.9875254329787,83.25122652834038,0.9246588334799455,0.41429420813154694,0.03125,56.72499847412109,54.79999923706055,55.76249885559082,54.07499885559082,50.75,1,1,0,1,1.6875,-7.0,57.08175580916421,53.10250034332275,49.1232448774813,1.083965982653301,14.98707382934678,4.6474996566772475,1,0,0,0.11837362806757745,1
2023-04-26,58.09999847412109,59.0,57.09999847412109,58.20000076293945,59765915,53.380000305175784,53.27500007629394,54.38871355964162,82.3834145685835,1.1390015842396934,0.5592356833531763,0.007792221003280586,56.72499847412109,54.79999923706055,55.76249885559082,54.09999847412109,50.75,1,1,0,1,1.6625003814697337,-7.450000762939453,57.927791001410164,53.380000305175784,48.832209608941405,1.0299276923358283,17.039305620960892,4.820000457763669,1,0,0,-0.05403829031747276,1
2023-04-27,58.59999847412109,61.150001525878906,58.34999847412109,60.70000076293945,82969101,53.88250026702881,53.401000061035155,54.98978853138427,87.81512120157178,1.4933840632196578,0.7460653593264727,0.042955325897382934,57.07500076293945,55.07500076293945,56.07500076293945,55.07500076293945,53.04999923706055,1,1,0,1,1.0,-7.650001525878906,59.258212130907474,53.88250026702881,48.506788403150146,1.1341021122913855,19.953461094930336,6.817500495910643,1,0,0,0.10417441995555721,1
2023-04-28,60.79999923706055,66.0,59.54999923706055,64.9000015258789,190938290,54.6225004196167,53.63300010681152,55.93361834038376,90.734820309495,2.089058327689507,1.0146639529990795,0.06919276293491872,59.52499961853027,57.5,58.51249980926514,57.5,54.900001525878906,1,1,0,1,1.0124998092651367,-10.0,61.55960932572502,54.6225004196167,47.68539151350838,1.240762560121593,25.400188028071234,10.277501106262207,1,0,0,0.10666044783020756,0
2023-05-02,64.5,65.6500015258789,63.04999923706055,63.45000076293945,112758256,55.282500457763675,53.8660001373291,56.64946428538906,81.04574544156233,2.4162781797013224,1.2949867983395282,-0.022342075945271933,59.60000038146973,57.5,58.55000019073486,57.5,53.54999923706055,1,1,0,1,1.0500001907348633,-9.900001525878906,62.90760899811598,55.282500457763675,47.65739191741137,1.0355661668258962,27.585975587981803,8.167500305175778,1,0,0,-0.20519639329569683,1
2023-05-03,63.45000076293945,64.94999694824219,63.150001525878906,63.54999923706055,65082316,55.8975004196167,54.13000015258789,57.30665809031016,81.16882312637695,2.6530881622079647,1.5666070711132156,0.0015760200617602749,59.82500076293945,57.5,58.66250038146973,57.5,53.0,1,1,0,1,1.1625003814697266,-10.549999237060547,64.0857527157174,55.8975004196167,47.709248123516,0.9672852362578039,29.297382654438387,7.652498817443849,0,0,0,-0.06828093056809226,1
2023-05-04,63.5,66.5999984741211,63.34999847412109,65.69999694824219,123042355,56.63250026702881,54.439000091552735,58.106023695827496,87.2023712885889,2.9798982147822812,1.849265299847029,0.033831593029002294,60.349998474121094,57.79999923706055,59.07499885559082,57.79999923706055,53.09999847412109,1,1,0,1,1.2749996185302734,-12.5999984741211,65.53796275521707,56.63250026702881,47.727037778840554,1.0090974608696648,31.45000643163543,9.067496681213377,1,0,0,0.04181222461186085,0
2023-05-05,65.5,66.69999694824219,64.25,65.4000015258789,94016138,57.30500030517578,54.719000091552736,58.80068825107048,85.10639876742356,3.178055763992063,2.115023392676036,-0.0045661405829229285,60.69999885559082,57.849998474121094,59.27499866485596,57.849998474121094,52.650001525878906,1,1,0,1,1.4250001907348633,-12.75,66.71174747233856,57.30500030517578,47.898253138013004,0.9302763259632024,32.830458483788405,8.095001220703125,0,0,0,-0.07882113490646236,0
2023-05-08,64.5999984741211,66.19999694824219,63.5,64.9000015258789,104940671,57.96500034332276,54.981000137329104,59.38157522962367,82.4925941647565,3.257204205521184,2.3434595552450657,-0.007645259760462708,61.44999885559082,57.849998474121094,59.64999866485596,57.849998474121094,50.650001525878906,1,1,0,1,1.8000001907348633,-14.25,67.55656417829309,57.96500034332276,48.37343650835243,0.8615156663646185,33.09432857124178,6.9350011825561495,0,0,0,-0.0687606595985839,0
2023-05-09,64.69999694824219,64.69999694824219,60.29999923706055,60.95000076293945,127854883,58.40500030517578,55.10800018310547,59.53094908993946,68.98263980917042,2.9669961805528544,2.4681668803066232,-0.060862876272266164,61.89999771118164,57.849998474121094,59.87499809265137,57.849998474121094,50.09999847412109,1,1,0,1,2.0249996185302734,-10.850002288818366,67.69170586668872,58.40500030517578,49.118294743662844,0.637023858509683,31.801063309608313,2.5450004577636705,0,0,0,-0.2244918078549355,1
2023-05-10,61.0,62.900001525878906,60.95000076293945,61.79999923706055,70220898,58.79750022888184,55.23700019836426,59.74704910395099,68.98263393711596,2.7736194446180704,2.529257393168913,0.013945832050554108,62.52499771118164,58.14999771118164,60.33749771118164,57.849998474121094,50.25,1,1,0,1,2.487499237060547,-11.549999237060547,67.96060422212739,58.79750022888184,49.634396235636295,0.6638363490358702,31.168345448620112,3.0024990081787095,0,0,0,0.02681249052618717,1
2023-05-11,62.59999847412109,63.5,62.0,62.400001525878906,75062855,59.22000026702881,55.42600021362305,59.9997112393727,69.80677169803289,2.638368686573564,2.551079651849843,0.00970877501983125,63.12499809265137,58.67499923706055,60.89999866485596,57.849998474121094,51.25,1,1,0,1,3.0500001907348633,-11.150001525878906,68.22801905956061,59.22000026702881,50.21198147449701,0.6765094707332601,30.422218007138657,3.1800012588500977,0,0,0,0.012673121697389877,1
2023-05-12,62.5,63.650001525878906,61.59999847412109,62.59999847412109,73164520,59.69000015258789,55.57900016784668,60.247357642682076,67.19160662103579,2.518290285839228,2.54452177864772,0.0032050792203783818,63.49999809265137,58.79999923706055,61.14999866485596,57.849998474121094,51.0,1,1,0,1,3.3000001907348633,-11.599998474121087,68.36741922550614,59.69000015258789,51.01258107966964,0.6676764886586579,29.074950747983998,2.9099983215331946,0,0,0,-0.008832982074602147,1
2023-05-15,62.09999847412109,64.0999984741211,61.95000076293945,63.70000076293945,55886001,60.18250026702881,55.76400016784668,60.576180796992304,69.15423584286708,2.483262772282565,2.532269977374689,0.017571921974935956,63.49999809265137,58.99999809265137,61.24999809265137,57.849998474121094,51.95000076293945,1,1,0,1,3.3999996185302734,-11.75,68.59215384932652,60.18250026702881,51.7728466847311,0.7091346844128614,27.947172500259082,3.517500495910646,0,0,0,0.04145819575420351,0
2023-05-16,64.0,65.0,62.400001525878906,63.0,59311532,60.635000228881836,55.95200019836426,60.80702072108828,63.77953087021976,2.3716797561016136,2.5001519331200743,-0.010989022834466122,63.49999809265137,58.99999809265137,61.24999809265137,57.849998474121094,51.70000076293945,1,1,0,1,3.3999996185302734,-11.299999237060547,68.61761254864959,60.635000228881836,52.652387909114076,0.6481344500008848,26.33004795789695,2.364999771118164,0,0,0,-0.06100023441197666,1
2023-05-17,63.0,64.05000305175781,62.25,63.34999847412109,47444527,61.13750019073486,56.14900016784668,61.04920907851997,63.58838938591805,2.2851495817461185,2.4571514628452835,0.005555531335255326,63.49999809265137,59.24999809265137,61.37499809265137,57.849998474121094,52.150001525878906,1,1,0,1,3.5249996185302734,-11.19999694824218,68.44680041615896,61.13750019073486,53.82819996531076,0.6513481602308825,23.91102090409577,2.212498283386225,0,0,0,0.003213710229997724,1
2023-05-18,64.19999694824219,64.5999984741211,63.09999847412109,63.5,54301847,61.60500011444092,56.32000015258789,61.28261773770855,58.433735355062254,2.2032796286118312,2.406377095998593,0.002367822091427385,63.24999809265137,59.77499771118164,61.512497901916504,57.849998474121094,53.95000076293945,1,1,0,1,3.66249942779541,-9.549999237060547,68.23092636080123,61.60500011444092,54.979073868080604,0.6429988665056469,21.511001490306374,1.8949998855590806,0,0,0,-0.00834929372523563,1
2023-05-19,63.95000076293945,65.0,63.20000076293945,64.5,73620039,62.12000007629395,56.51900016784668,61.589035096022016,48.50745631315605,2.1937999829526404,2.3638616733894025,0.015748031496062964,62.64999961853027,59.77499771118164,61.21249866485596,57.849998474121094,53.95000076293945,1,1,0,1,3.3625001907348633,-10.549999237060547,67.912357158493,62.12000007629395,56.327642994094894,0.7054431287584307,18.648928123261584,2.379999923706052,0,0,0,0.06244426225278388,0
2023-05-22,64.69999694824219,66.8499984741211,61.79999923706055,63.5,147006670,62.492500114440915,56.716000137329104,61.771031753543724,50.19304734969717,2.081600260764347,2.3074093908643913,-0.015503875968992276,63.89999961853027,59.849998474121094,61.874999046325684,57.92499923706055,53.20000076293945,1,1,0,1,3.9499998092651367,-10.299999237060547,67.59233083459723,62.492500114440915,57.3926693942846,0.5987777772286724,16.32141684463616,1.0074998855590849,0,0,0,-0.10666535152975831,0
2023-05-23,63.04999923706055,64.0,62.54999923706055,63.20000076293945,50797759,62.85250015258789,56.9010001373291,61.907124040152844,48.66920670505153,1.9460409921531436,2.2351357111221417,-0.004724397434024308,64.2249984741211,59.92499923706055,62.07499885559082,57.92499923706055,53.84999847412109,1,1,0,1,4.149999618530273,-9.350002288818366,66.99489959623267,62.85250015258789,58.71010070894312,0.5419443628118346,13.181335455513185,0.34750061035155966,0,0,0,-0.05683341441683787,1
2023-05-24,63.0,64.69999694824219,62.75,64.44999694824219,60476729,63.1875,57.094000091552736,62.14930241235183,44.897956006081095,1.9173712780556613,2.1715828245088455,0.019778420414762632,64.2249984741211,59.94999885559082,62.08749866485596,57.92499923706055,53.95000076293945,1,1,0,1,4.16249942779541,-10.499996185302734,66.65360317224356,63.1875,59.72139682775644,0.682120509042001,10.970850792462308,1.2624969482421875,0,0,0,0.1401761462301665,1
2023-05-25,64.80000305175781,68.19999694824219,64.5,67.30000305175781,139721311,63.64250011444092,57.35900016784668,62.63984533039049,56.4189227503343,2.100409780646565,2.1573482157363895,0.044220422629412726,64.99999809265137,60.69999885559082,62.849998474121094,58.599998474121094,53.29999923706055,1,1,0,1,4.25,-14.000003814697266,66.73980173460627,63.64250011444092,60.54519849427556,1.0904337687851062,9.733437921501634,3.6575029373168917,1,0,1,0.4083132597431052,0
2023-05-26,67.30000305175781,68.25,65.75,67.25,86466135,63.97000007629394,57.62700019836426,63.07890767987711,58.1881445107726,2.215890873639985,2.169056747317109,-0.0007429873624129613,65.02499961853027,60.95000076293945,62.98750019073486,58.625,54.150001525878906,1,1,0,1,4.362500190734863,-13.099998474121094,67.1378705004698,63.97000007629394,60.80212965211808,1.017697930236425,9.904237675153018,3.2799999237060575,1,0,0,-0.07273583854868115,0
2023-05-29,67.80000305175781,68.4000015258789,66.5999984741211,67.0999984741211,56968141,64.07999992370605,57.9310001373291,63.461868707900344,79.14688961358046,2.2691492621129825,2.189075250276284,-0.002230505961024587,65.10000038146973,61.25,63.17500019073486,58.70000076293945,54.20000076293945,1,1,0,1,4.47499942779541,-12.89999771118164,67.51123885643565,64.07999992370605,60.648760990976456,0.9400740679420695,10.709235133629363,3.019998550415039,0,0,0,-0.07762386229435558,0
2023-05-30,67.5,68.30000305175781,66.44999694824219,66.8499984741211,60699589,64.24999980926513,58.25300010681153,63.784547733254705,75.37685918411553,2.265073648955209,2.204274930012069,-0.0037257824990326593,65.10000038146973,61.55000114440918,63.32500076293945,58.70000076293945,56.04999923706055,1,1,0,1,4.625,-10.799999237060547,67.87118737337525,64.24999980926513,60.628812245155025,0.8589980660798624,11.272179221354397,2.59999866485596,0,0,0,-0.08107600186220709,1
2023-05-31,67.30000305175781,70.0,66.30000305175781,69.05000305175781,251813391,64.525,58.61900016784668,64.28601966835024,78.78785877112036,2.4115666402931595,2.245733272068287,0.03290956810550094,65.89999961853027,63.10000038146973,64.5,59.5,56.0,1,1,0,1,5.0,-13.050003051757812,68.68679108320197,64.525,60.36320891679805,1.0436364970387222,12.899778638363294,4.525003051757807,1,0,0,0.1846384309588598,0
2023-06-01,68.69999694824219,68.80000305175781,67.5999984741211,67.94999694824219,57846081,64.6375,58.91700012207031,64.6349698854828,71.48590341385756,2.411108335900927,2.278808284834815,-0.015930572844306656,65.89999961853027,63.54999923706055,64.72499942779541,59.5,57.75,1,1,0,1,5.22499942779541,-10.199996948242188,69.03521273205028,64.6375,60.23978726794972,0.8766158853556868,13.607310716071257,3.3124969482421847,0,0,0,-0.1670206116830354,1
2023-06-02,70.0,73.19999694824219,69.5,71.1500015258789,170769117,64.925,59.242000122070316,65.25544908933004,75.60133826193218,2.638543267873473,2.350755281442547,0.0470935205497387,67.87499809265137,65.77499771118164,66.8249979019165,61.099998474121094,58.20000076293945,1,1,0,1,5.72499942779541,-12.950000762939453,70.15716071839907,64.925,59.692839281600925,1.0948786611225911,16.117553233420324,6.225001525878909,1,0,0,0.21826277576690434,1
2023-06-05,71.30000305175781,72.1500015258789,69.5999984741211,71.25,84075166,65.24249992370605,59.5960001373291,65.82635869987004,79.56985042579618,2.7946412464955444,2.4395324744531464,0.0014054599012864877,67.9749984741211,66.37499809265137,67.17499828338623,61.099998474121094,60.70000076293945,1,1,0,1,6.074999809265137,-10.549999237060547,71.15632110735736,65.24249992370605,59.32867874005475,1.0079203352395585,18.128738753318373,6.007500076293951,1,0,0,-0.08695832588303265,1
2023-06-06,71.55000305175781,73.1500015258789,71.3499984741211,72.3499984741211,64762959,65.81249980926513,59.983000106811524,66.44765772598919,80.61220358933984,2.9728416351293845,2.546194306588394,0.01543857507538382,68.8499984741211,66.74999809265137,67.79999828338623,61.099998474121094,64.9000015258789,1,1,0,1,6.699999809265137,-7.4499969482421875,72.1443146228748,65.81249980926513,59.48068499565547,1.016242093088714,19.241982395320793,6.53749866485596,1,0,0,0.008321757849155453,1
2023-06-07,72.5,75.0,72.4000015258789,74.5,67871844,66.4474998474121,60.411000137329104,67.21454746637117,82.9340926170848,3.2500888803100167,2.6869732213327184,0.02971667686555568,70.375,67.64999961853027,69.01249980926514,62.0,63.45000076293945,1,1,0,1,7.012499809265137,-11.049999237060547,73.54351833558381,66.4474998474121,59.351481359240395,1.0673956575797074,21.358270828749845,8.052500152587896,1,0,0,0.05115356449099351,1
2023-06-08,74.80000305175781,76.3499984741211,73.69999694824219,75.80000305175781,88006842,67.11749992370605,60.87400016784668,68.03220990307466,83.23525834665858,3.533971280175109,2.856372833101197,0.01744970539272228,71.32500076293945,68.32499885559082,69.82499980926514,62.67499923706055,63.54999923706055,1,1,0,1,7.15000057220459,-12.250003814697266,75.04058598157737,67.11749992370605,59.19441386583473,1.0479243229616313,23.60959829218211,8.682503128051763,1,0,0,-0.019471334618076153,1
2023-06-09,77.05000305175781,78.0,75.8499984741211,77.5999984741211,77276802,67.86749992370605,61.41300010681152,68.94342786222194,89.606696544145,3.8597024672644977,3.057038759933857,0.0237466404999247,72.1500015258789,69.14999961853027,70.65000057220459,63.5,65.69999694824219,1,1,0,1,7.15000057220459,-11.900001525878906,76.72302271927968,67.86749992370605,59.011977128132415,1.049515752772934,26.09650511814539,9.732498550415045,1,0,0,0.0015914298113026693,1
2023-06-12,78.30000305175781,80.30000305175781,76.5,77.94999694824219,105388190,68.57999973297119,61.97000007629394,69.80119634660483,91.31647530867495,4.098839857167377,3.2653989793805613,0.004510289703650194,73.30000305175781,70.30000114440918,71.8000020980835,64.6500015258789,65.4000015258789,1,1,0,1,7.15000057220459,-12.549995422363281,78.23646903955887,68.57999973297119,58.92353042638351,0.985166830534984,28.16118210611524,9.369997215270999,0,0,0,-0.06434892223794997,1
2023-06-13,77.9000015258789,78.80000305175781,76.69999694824219,78.30000305175781,81857154,69.34499988555908,62.5310001373291,70.61060650900035,90.85540902940755,4.267408500167562,3.4658008835379617,0.00449013620549632,73.95000076293945,70.30000114440918,72.12500095367432,64.6500015258789,64.9000015258789,1,1,0,1,7.47499942779541,-13.400001525878906,79.5221759199354,69.34499988555908,59.16782385118274,0.9399552064320518,29.352299520287993,8.955003166198736,0,0,0,-0.045211624102932224,0
2023-06-14,78.30000305175781,78.44999694824219,73.25,74.0999984741211,83186945,69.88249988555908,62.988000106811526,70.94292955329756,68.57919612977624,4.015803413701889,3.575801389570747,-0.05363990311546263,74.9000015258789,70.62500190734863,72.76250171661377,64.6500015258789,60.95000076293945,1,1,0,1,8.112500190734863,-13.14999771118164,79.87015631564819,69.88249988555908,59.89484345546999,0.7111355460654538,28.584141799291885,4.217498588562009,0,0,0,-0.22881966036659795,1
2023-06-15,74.5,76.0999984741211,73.0999984741211,75.0999984741211,93321136,70.46249980926514,63.47000007629394,71.33884087909027,70.38958218314568,3.852684859762107,3.6311780836090195,0.013495276931068334,74.95000076293945,70.95000076293945,72.95000076293945,64.95000076293945,61.79999923706055,1,1,0,1,8.0,-13.299999237060547,80.24538684050496,70.46249980926514,60.679612778025316,0.737020965797058,27.76764110759939,4.637498664855954,0,0,0,0.025885419731604187,0
2023-06-16,75.55000305175781,76.0,73.9000015258789,74.44999694824219,45783616,70.95999965667724,63.92,71.63514145710474,68.6075695094981,3.62912820877321,3.630768108641858,-0.00865514699181913,75.82500076293945,70.95000076293945,73.38750076293945,65.47500228881836,62.400001525878906,1,1,0,1,7.912498474121094,-12.049995422363281,80.48809496292141,70.95999965667724,61.43190435043307,0.6831424423975798,26.854834702208425,3.489997291564947,0,0,0,-0.053878523399478184,1
2023-06-19,74.5999984741211,77.0,74.0999984741211,75.8499984741211,62744981,71.5774995803833,64.40299995422363,72.0365564111063,71.53107532722399,3.524300433467147,3.609474573606916,0.018804588089536,76.35000228881836,71.05000114440918,73.70000171661377,65.60000228881836,62.59999847412109,1,1,0,1,8.09999942779541,-13.250000000000007,80.68307338180621,71.5774995803833,62.4719257789604,0.7346089871387422,25.44255905781431,4.27249889373779,0,0,0,0.05146654474116241,0
2023-06-20,76.0,76.4000015258789,74.80000305175781,75.8499984741211,30591595,72.20999946594239,64.87699989318848,72.39974136948867,68.18178665542794,3.402007442176455,3.567981147320824,0.0,76.70000076293945,71.05000114440918,73.87500095367432,65.80000114440918,63.70000076293945,1,1,0,1,8.074999809265137,-12.14999771118164,80.63173336724637,72.20999946594239,63.7882655646384,0.7161074578487399,23.325672243706546,3.6399990081787053,0,0,0,-0.018501529290002372,0
2023-06-21,76.0999984741211,77.3499984741211,74.6500015258789,75.0999984741211,31896510,72.74249954223633,65.29999984741211,72.65690871278699,69.48227840575294,3.2075954696019693,3.4959040117770535,-0.00988793691612122,76.70000076293945,71.05000114440918,73.87500095367432,65.80000114440918,63.0,1,1,0,1,8.074999809265137,-12.099998474121094,80.45082410843567,72.74249954223633,65.034174976037,0.6529190235594315,21.193455310739406,2.357498931884763,0,0,0,-0.06318843428930832,0
2023-06-22,75.5,75.8499984741211,73.6500015258789,74.3499984741211,40419764,73.09499931335449,65.70799980163574,72.81815535672357,60.06287769079953,2.9588955427176558,3.388502317965174,-0.009986684623681352,76.70000076293945,71.05000114440918,73.87500095367432,66.05000114440918,63.34999847412109,1,1,0,1,7.824999809265137,-11.000000000000007,80.41031887006193,73.09499931335449,65.77967975664706,0.5857788337910604,20.01592345694413,1.2549991607666016,0,0,0,-0.0671401897683711,0
2023-06-23,73.9000015258789,75.30000305175781,72.55000305175781,74.1500015258789,51775728,73.43999938964843,66.12699981689452,72.94499784902408,59.06250044703462,2.71437139281781,3.253676132935701,-0.0026899388345219544,75.67500305175781,71.05000114440918,73.3625020980835,66.57500076293945,63.5,1,1,0,1,6.787501335144043,-10.650001525878906,80.25377973137049,73.43999938964843,66.62621904792638,0.5521004567672219,18.55604683646681,0.7100021362304716,0,0,0,-0.03367837702383858,1
2023-06-26,74.1500015258789,75.25,73.80000305175781,74.8499984741211,30411621,73.82749938964844,66.54699981689453,73.1264264799857,58.01281737779769,2.547699847966129,3.112480875941787,0.009440282317430437,75.5,71.05000114440918,73.27500057220459,66.57500076293945,64.5,1,1,0,1,6.699999809265137,-10.349998474121094,80.00693906546879,73.82749938964844,67.64805971382809,0.582733964413765,16.7402112408179,1.0224990844726562,0,0,0,0.030633507646543157,1
2023-06-27,75.1500015258789,76.94999694824219,74.8499984741211,76.1500015258789,59078137,74.29249954223633,66.99099983215332,73.414386008166,55.59322261837581,2.491787059428077,2.988342112639045,0.017368110597988595,74.95000076293945,71.42500114440918,73.18750095367432,66.57500076293945,63.5,1,1,0,1,6.612500190734863,-12.650001525878906,79.64621540776349,74.29249954223633,68.93878367670916,0.6734778264572391,14.41253396645647,1.8575019836425781,0,0,0,0.09074386204347407,0
2023-06-28,77.0,77.0,74.5999984741211,74.9000015258789,30574521,74.58499946594239,67.42299987792968,73.55587320032913,46.93877127341821,2.3198692101811247,2.854647532147461,-0.016414970124133177,74.95000076293945,71.5250015258789,73.23750114440918,66.6500015258789,63.20000076293945,1,1,0,1,6.587499618530273,-11.700000762939453,79.370091585099,74.58499946594239,69.79990734678577,0.5329149420839193,12.831245299778072,0.31500205993651775,0,0,0,-0.14056288437331976,1
2023-06-30,75.0,75.44999694824219,74.0,75.05000305175781,49245376,74.93999977111817,67.84099990844726,73.69817128141757,40.22991059292332,2.1707044162807563,2.7178589089741205,0.0020026905583849786,74.95000076293945,72.4000015258789,73.67500114440918,66.67500114440918,64.44999694824219,1,1,0,1,7.0,-10.600006103515625,78.63209940508003,74.93999977111817,71.24790013715631,0.514897117026282,9.853481839440285,0.1100032806396456,0,0,1,-0.01801782505763727,1
2023-07-03,75.44999694824219,77.25,74.55000305175781,75.6500015258789,49243205,75.16499977111816,68.26999992370605,73.88405987612818,41.353407611835074,2.076963166388083,2.5896797604569133,0.00799464956326923,74.95000076293945,73.0250015258789,73.98750114440918,66.75000190734863,67.30000305175781,1,1,0,1,7.237499237060547,-8.349998474121094,78.4295216144622,75.16499977111816,71.90047792777412,0.5742837355721181,8.686281788823795,0.48500175476074503,0,0,1,0.059386618545836045,0
2023-07-04,75.80000305175781,76.19999694824219,74.5,74.80000305175781,24150257,75.34249992370606,68.645,73.97129255952147,37.31884338404484,1.9120439251874188,2.4541525934030144,-0.011235934659304947,74.95000076293945,73.30000305175781,74.12500190734863,66.97500228881836,67.25,1,1,0,1,7.149999618530273,-7.5500030517578125,78.079702424153,75.34249992370606,72.60529742325912,0.4009030439180762,7.266025160350956,-0.542496871948245,0,0,1,-0.1733806916540419,0
2023-07-05,74.8499984741211,75.0999984741211,73.69999694824219,74.05000305175781,25459694,75.4275001525879,69.00600006103515,73.97878879687731,49.75847618485989,1.7012149592873413,2.30356506657988,-0.010026737558834542,74.9000015258789,73.30000305175781,74.10000228881836,67.20000076293945,67.0999984741211,1,0,0,1,6.900001525878906,-6.950004577636719,77.8783110429788,75.4275001525879,72.976689262197,0.21897115639746959,6.498454503816169,-1.3774971008300838,0,0,1,-0.1819318875206066,1
2023-07-06,74.44999694824219,75.25,74.30000305175781,74.75,24467816,75.44000015258788,69.34600006103516,74.052237482889,48.25871326596689,1.5724887173816597,2.157349796740236,0.009453030646776828,74.9000015258789,73.30000305175781,74.10000228881836,67.50000190734863,66.8499984741211,1,1,0,1,6.600000381469727,-7.900001525878906,77.87425548126642,75.44000015258788,73.00574482390935,0.3582728474579409,6.453487072520976,-0.6900001525878849,0,0,1,0.13930169106047133,0
2023-07-07,74.80000305175781,74.9000015258789,73.0,73.25,26599778,75.3125,69.64700004577637,73.97583391309006,44.495423760607665,1.3340566051492289,1.9926911584220346,-0.02006688963210701,75.125,73.95000076293945,74.53750038146973,68.25000190734863,69.05000305175781,1,0,0,1,6.287498474121094,-4.1999969482421875,77.91900600723365,75.3125,72.70599399276635,0.10435541021657102,6.921841678960725,-2.0625,0,0,1,-0.2539174372413699,1
2023-07-10,73.44999694824219,75.55000305175781,73.4000015258789,74.80000305175781,33812208,75.17250022888183,69.92900009155274,74.05432621201079,45.24888752334561,1.2556948620287045,1.8452918991433687,0.021160451218536602,75.125,74.9000015258789,75.01250076293945,68.70000076293945,67.94999694824219,1,0,0,1,6.3125,-6.850006103515625,77.5644606367195,75.17250022888183,72.78053982104416,0.422135588886951,6.363924042847422,-0.37249717712401775,0,0,1,0.31778017867038,1
2023-07-11,75.05000305175781,77.0,74.9000015258789,76.80000305175781,42946892,75.11500053405761,70.1670001220703,74.31581924436765,53.63986555891327,1.3395345805293886,1.7441404354205727,0.02673796682355878,75.125,74.95000076293945,75.03750038146973,69.32500076293945,71.1500015258789,1,1,0,1,5.712499618530273,-5.650001525878906,77.28181968099301,75.11500053405761,72.94818138712222,0.8888193714928524,5.769338032429212,1.6850025177001982,0,0,1,0.4666837826059014,1
2023-07-12,77.5,78.80000305175781,77.1500015258789,77.5,64212629,75.07500038146972,70.44800010681152,74.61907455442787,59.23078051686244,1.4457958307184242,1.6844715144801432,0.00911454323472416,75.9000015258789,75.82500076293945,75.86250114440918,69.92500114440918,71.25,1,1,0,1,5.9375,-6.25,77.02371828041134,75.07500038146972,73.1262824825281,1.122203865384346,5.191389647791765,2.424999618530279,1,0,1,0.23338449389149363,1
2023-07-13,77.8499984741211,84.5,77.6500015258789,82.19999694824219,192605002,75.48000030517578,70.82100006103515,75.34106716336257,73.15635227389859,1.8875011726839261,1.7250774461209,0.06064512191280236,78.75,78.45000076293945,78.60000038146973,72.39999961853027,72.3499984741211,1,1,0,1,6.200000762939453,-9.849998474121094,79.09999908532536,75.48000030517578,71.86000152502619,1.428176644687809,9.591941615032978,6.719996643066409,1,0,1,0.305972779303463,1
2023-07-14,84.0,85.25,81.6500015258789,82.55000305175781,91571303,75.85250053405761,71.15800018310547,76.02763248606688,74.56141016208673,2.2399773414822732,1.8280574251931747,0.004257981952675793,79.125,78.9000015258789,79.01250076293945,72.77499961853027,74.5,1,1,0,1,6.23750114440918,-8.050003051757812,80.59775848017924,75.85250053405761,71.10724258793599,1.205704789259578,12.511803599648017,6.697502517700201,1,0,0,-0.222471855428231,0
2023-07-17,83.19999694824219,83.4000015258789,79.5,80.1500015258789,43377345,76.13750076293945,71.45300018310547,76.42023906128706,64.09575050909967,2.2991539635022207,1.922276732854984,-0.029073306325308468,79.125,78.9000015258789,79.01250076293945,72.77499961853027,75.80000305175781,1,1,0,1,6.23750114440918,-4.349998474121094,81.18654742014864,76.13750076293945,71.08845410573026,0.8973523157297703,13.262969250671421,4.012500762939453,0,0,0,-0.30835247352980777,0
2023-07-18,80.6500015258789,80.6500015258789,76.5,78.69999694824219,71215775,76.28000068664551,71.72900009155273,76.6373588600447,56.72821848648148,2.2036463481963864,1.9785506559232644,-0.01809113599540657,79.125,78.9000015258789,79.01250076293945,72.77499961853027,77.5999984741211,1,0,0,1,6.23750114440918,-1.0999984741210938,81.44801704307989,76.28000068664551,71.11198433021113,0.73413202423244,13.550121420854033,2.4199962615966797,0,0,0,-0.1632202914973303,0
2023-07-19,79.0,80.3499984741211,77.25,77.6500015258789,42130927,76.3700008392334,72.06300010681153,76.73380101869557,57.333333333333336,2.01994534697684,1.9868295941339797,-0.013341746671906796,79.125,78.9000015258789,79.01250076293945,72.77499961853027,77.94999694824219,1,0,0,1,6.23750114440918,0.29999542236328125,81.56753804735943,76.3700008392334,71.17246363110736,0.6231353076842148,13.611463011680147,1.2800006866455078,0,0,0,-0.11099671654822518,0
2023-07-20,78.05000305175781,79.0999984741211,77.30000305175781,77.5999984741211,40495235,76.4950008392334,72.37900009155274,76.81629601445039,56.83644829418616,1.8490118934939233,1.9592660540059685,-0.0006439542920182451,79.32500076293945,78.9000015258789,79.11250114440918,72.77499961853027,78.30000305175781,1,0,0,1,6.337501525878906,0.7000045776367188,81.68459529976133,76.4950008392334,71.30540637870547,0.6064628116216316,13.568453895267481,1.1049976348876953,0,0,0,-0.016672496062583142,1
2023-07-21,77.8499984741211,80.69999694824219,77.4000015258789,80.30000305175781,74991213,76.79250106811523,72.73700012207031,77.14807763705109,61.20481883411864,1.9094032920467754,1.94929350161413,0.034793874107319045,80.07500076293945,78.9000015258789,79.48750114440918,73.10000038146973,74.0999984741211,1,1,0,1,6.387500762939453,-6.200004577636719,82.13602672616146,76.79250106811523,71.448975410069,0.8282010986848186,13.916790269160542,3.507501983642584,0,0,0,0.221738287063187,1
2023-07-24,80.80000305175781,82.44999694824219,80.55000305175781,81.30000305175781,64291285,77.15000114440917,73.11100021362304,77.5434991051184,65.55023242264929,2.01473098843951,1.962380998979206,0.012453299651252081,80.875,78.9000015258789,79.88750076293945,73.42499923706055,75.0999984741211,1,1,0,1,6.462501525878906,-6.200004577636719,82.6915708949728,77.15000114440917,71.60843139384555,0.8744428108052369,14.365702315910347,4.1500019073486385,0,0,0,0.04624171212041828,1
2023-07-25,81.30000305175781,83.19999694824219,79.30000305175781,82.6500015258789,72459586,77.54000129699708,73.49000022888184,78.02983266900036,69.99998935433699,2.1819849765581267,2.0063017944949904,0.016605146659854908,80.875,78.9000015258789,79.88750076293945,73.42499923706055,74.44999694824219,1,1,0,1,6.462501525878906,-8.200004577636719,83.46390146553925,77.54000129699708,71.6161011284549,0.931303709000498,15.279597806175413,5.11000022888183,0,0,0,0.05686089819526108,1
2023-07-26,83.0999984741211,84.5999984741211,82.5,83.3499984741211,59291226,77.90000114440917,73.89700019836425,78.5365151266309,69.99998935433699,2.3439987126754147,2.073841178131075,0.008469412405552212,80.875,78.9000015258789,79.88750076293945,73.52499961853027,75.8499984741211,1,1,0,1,6.36250114440918,-7.5,84.29835930984527,77.90000114440917,71.50164297897308,0.9258902978542828,16.427106730268125,5.44999732971192,0,0,0,-0.005413411146215186,1
2023-07-27,83.3499984741211,86.0999984741211,82.80000305175781,84.94999694824219,77249384,78.40250091552734,74.32900016784669,79.1473229191653,77.08331861614124,2.571855521384663,2.1734440467817926,0.019196142812382577,81.29999923706055,79.32500076293945,80.3125,73.94999885559082,75.8499984741211,1,1,0,1,6.36250114440918,-9.099998474121094,85.33571458293174,78.40250091552734,71.46928724812294,0.9721833443196077,17.686205379786053,6.547496032714847,0,0,0,0.04629304646532495,1
2023-07-28,85.5999984741211,87.25,83.8499984741211,86.80000305175781,74798625,78.99000091552735,74.79500022888183,79.87614959845983,77.3972488205797,2.8686457527463034,2.312484387974695,0.021777588816663362,81.875,79.9000015258789,80.88750076293945,74.52499961853027,75.0999984741211,1,1,0,1,6.36250114440918,-11.700004577636719,86.64144436092806,78.99000091552735,71.33855747012663,1.0103613580863007,19.373194978395407,7.810002136230466,1,0,0,0.03817801376669294,0
2023-07-31,87.0,87.1500015258789,83.69999694824219,84.0999984741211,49093355,79.41250076293946,75.18700019836426,80.27842091995139,66.15042253654258,2.853097611548691,2.420607032689494,-0.031106042427518577,82.25,79.9000015258789,81.07500076293945,74.52499961853027,74.3499984741211,1,1,0,1,6.55000114440918,-9.75,87.21133773643163,79.41250076293946,71.61366378944729,0.8005254326455462,19.641333287747976,4.687497711181635,0,0,0,-0.20983592544075447,1
2023-08-01,84.5999984741211,85.69999694824219,84.19999694824219,84.75,34950470,79.91000061035156,75.61200019836426,80.70428559424172,66.07537497344093,2.860254060121548,2.508536438175905,0.007728912457458881,82.2750015258789,80.125,81.20000076293945,74.52499961853027,74.1500015258789,1,1,0,1,6.67500114440918,-10.599998474121094,87.73780913767266,79.91000061035156,72.08219208303046,0.8091541759584167,19.591561675716168,4.83999938964844,0,0,0,0.008628743312870446,1
2023-08-02,84.44999694824219,85.94999694824219,82.6500015258789,85.05000305175781,54844625,80.46000061035156,76.04900024414063,81.1181634473385,57.851245922588014,2.85719734378614,2.578268619297952,0.0035398590177913025,82.32500076293945,80.125,81.22500038146973,74.52499961853027,74.8499984741211,1,1,0,1,6.700000762939453,-10.200004577636719,88.10726136715772,80.46000061035156,72.8127398535454,0.8001076194061445,19.008850854575574,4.590002441406256,0,0,0,-0.009046556552272156,1
2023-08-03,81.5999984741211,88.4000015258789,81.5999984741211,86.55000305175781,123480816,81.05000076293945,76.49100036621094,81.63548150490224,60.362684469097424,2.9418999467280713,2.6509948847839757,0.017636683670512854,83.85000228881836,80.70000076293945,82.2750015258789,75.47500038146973,76.1500015258789,1,1,0,1,6.80000114440918,-10.400001525878906,88.66478906699594,81.05000076293945,73.43521245888296,0.8611395398798183,18.790347272984587,5.500002288818365,0,0,0,0.061031920473673784,1
2023-08-04,89.0,98.4000015258789,88.4000015258789,95.4000015258789,405751648,82.15750083923339,77.05300033569335,82.94638817356669,79.61163293834326,3.6807192438719767,2.856939756601576,0.10225301169346812,88.85000228881836,85.70000076293945,87.2750015258789,80.57500076293945,74.9000015258789,1,1,0,1,6.700000762939453,-20.5,91.21814525552801,82.15750083923339,73.09685642293877,1.2307703557392817,22.05676736449075,13.242500686645513,1,0,0,0.36963081585946345,1
2023-08-07,97.4000015258789,102.8499984741211,96.3499984741211,97.5999984741211,249331637,83.29750061035156,77.66000030517579,84.34197010695283,85.66036997082693,4.393119085153643,3.1641756223119897,0.023060764287780477,92.2249984741211,87.92499923706055,90.07499885559082,83.67499923706055,75.05000305175781,1,1,0,1,6.399999618530273,-22.54999542236328,93.96354351426359,83.29750061035156,72.63145770643953,1.170468794876296,25.60951487321466,14.302497863769531,1,0,0,-0.06030156086298577,0
2023-08-08,98.3499984741211,100.3000030517578,92.6999969482422,93.4499969482422,160236123,84.13000030517578,78.1870002746582,85.20940123469467,76.68916907426366,4.570148821014712,3.4453702620525344,-0.04252050810204955,92.2249984741211,87.92499923706055,90.07499885559082,84.29999923706055,75.6500015258789,1,1,0,1,5.774999618530273,-17.799995422363295,95.22790054503879,84.13000030517578,73.03210006531278,0.9198990999031301,26.38274147059584,9.319996643066418,0,0,0,-0.25056969497316584,1
2023-08-09,93.9000015258789,94.8499984741211,91.5999984741211,94.0999984741211,109240947,84.96000022888184,78.7320002746582,86.0561247813067,77.31786975264606,4.708617837545603,3.6980197771511483,0.006955607780692485,92.2249984741211,87.92499923706055,90.07499885559082,84.57500076293945,74.80000305175781,1,1,0,1,5.499998092651367,-19.29999542236328,96.4271961428344,84.96000022888184,73.49280431492927,0.8985280409362448,26.99434059100752,9.139998245239255,0,0,0,-0.021371058966885292,1
2023-08-10,94.0999984741211,96.1500015258789,93.25,94.25,87598556,85.56250038146973,79.23600021362304,86.8364938497537,75.22602591178824,4.775411429911486,3.9134981077032163,0.0015940651255181848,92.2249984741211,87.92499923706055,90.07499885559082,84.57500076293945,74.05000305175781,1,1,0,1,5.499998092651367,-20.199996948242188,97.63651594884178,85.56250038146973,73.48848481409769,0.8597601630565537,28.222680528365935,8.687499618530268,0,0,0,-0.03876787787969116,0
2023-08-11,94.5999984741211,95.1999969482422,93.0500030517578,93.4499969482422,38156809,86.10750007629395,79.74600021362305,87.46635128770498,72.13112658174379,4.709504041682862,4.072699294499146,-0.008488096039870552,92.2249984741211,87.92499923706055,90.07499885559082,84.57500076293945,74.75,1,1,0,1,5.499998092651367,-18.6999969482422,98.56628194442106,86.10750007629395,73.64871820816683,0.7946715397085616,28.937739121652,7.342496871948256,0,0,0,-0.06508862334799204,0
2023-08-14,93.4000015258789,93.4000015258789,91.3499984741211,92.75,46668447,86.7375,80.17800018310547,87.96955592697117,68.84327322530535,4.548357424929634,4.167830920585244,-0.007490604292153202,92.2249984741211,88.125,90.17499923706055,85.2249984741211,73.25,1,1,0,1,4.950000762939453,-19.5,99.20184311441004,86.7375,74.27315688558996,0.741188001036691,28.740378992731035,6.012500000000003,0,0,0,-0.05348353867187061,0
2023-08-16,92.4499969482422,95.5999984741211,91.5,91.9000015258789,76333138,87.39750022888184,80.59100021362305,88.3438840792481,65.86270719670978,4.3024636739830555,4.194757471264807,-0.009164404033650597,92.2249984741211,88.875,90.54999923706055,86.17499923706055,74.80000305175781,1,1,0,1,4.375,-17.099998474121094,99.48168168253359,87.39750022888184,75.31331877523009,0.6862973224237892,27.653380066946927,4.5025012969970675,0,0,0,-0.054890678612901866,0
2023-08-17,92.3000030517578,93.25,90.5,91.1500015258789,45657095,88.07250022888184,80.9670002746582,88.6111333598796,61.877397155962,4.0009518899196905,4.155996354995784,-0.008161044478207091,95.625,89.67499923706055,92.64999961853027,86.2249984741211,76.80000305175781,1,0,0,1,6.42500114440918,-14.349998474121094,99.38702401066621,88.07250022888184,76.75797644709746,0.6359978270562143,25.693658638917515,3.0775012969970703,0,0,0,-0.05029949536757483,0
2023-08-18,91.0,91.4000015258789,89.0,89.3499984741211,50513070,88.66000022888184,81.26400024414062,88.68150146599784,54.89442298810314,3.5755398283062334,4.0399050496578734,-0.019747701828032982,95.92499923706055,89.67499923706055,92.79999923706055,87.0999984741211,77.5,1,0,0,1,5.700000762939453,-11.849998474121094,98.9083935254522,88.66000022888184,78.41160693231149,0.533663727828935,23.118414775802908,0.6899982452392521,0,0,0,-0.10233409922727932,1
2023-08-21,90.5,90.5,88.30000305175781,89.75,36755760,89.13250007629395,81.54300018310546,88.78326323114091,61.89473623344463,3.233401841034677,3.8786044079332345,0.004476793874761631,94.30000305175781,89.67499923706055,91.98750114440918,87.625,82.19999694824219,1,0,0,1,4.36250114440918,-7.5500030517578125,98.64019433294065,89.13250007629395,79.62480581964725,0.5324736948327068,21.33384399295091,0.617499923706049,0,0,0,-0.0011900329962282186,1
2023-08-22,90.3000030517578,94.3000030517578,90.0999984741211,91.9000015258789,104409241,89.6625,81.82900024414063,89.08009544968738,64.15841458510158,3.1000072224044573,3.7228849708274794,0.02395544875631095,92.22500228881836,89.67499923706055,90.95000076293945,87.70000076293945,82.55000305175781,1,1,0,1,3.25,-9.349998474121094,98.52448969352683,89.6625,80.80051030647316,0.626241487705254,19.767438323773792,2.237501525878912,0,0,0,0.09376779287254722,1
2023-08-23,92.9499969482422,95.0,92.0500030517578,94.3000030517578,64768237,90.24500007629395,82.15600036621093,89.57722950702743,66.91041670153592,3.1516211646029717,3.608632209582578,0.026115358933950228,92.22500228881836,89.67499923706055,90.95000076293945,87.70000076293945,80.1500015258789,1,1,0,1,3.25,-14.150001525878892,98.70927180596732,90.24500007629395,81.78072834662058,0.7395364365045219,18.758428106859323,4.05500297546385,0,0,0,0.11329494879926794,0
2023-08-24,95.75,95.75,93.1999969482422,93.8000030517578,47597101,90.76750030517579,82.46600036621093,89.97939841604936,63.757112562931624,3.1162574878114526,3.5101572652283535,-0.005302226763720941,92.0250015258789,90.04999923706055,91.03750038146973,87.70000076293945,78.69999694824219,1,1,0,1,3.3374996185302734,-15.10000610351561,98.74065963942584,90.76750030517579,82.79434097092573,0.6901694560119589,17.56831312406519,3.0325027465820114,0,0,0,-0.04936698049256305,0
2023-08-25,93.3499984741211,93.3499984741211,90.05000305175781,91.0,65076321,91.07000045776367,82.80400039672851,90.07659856690181,39.1625635203135,2.829675930779743,3.3740609983386314,-0.029850777832201025,92.0250015258789,90.07500076293945,91.05000114440918,87.70000076293945,77.6500015258789,1,0,0,1,3.3500003814697266,-13.349998474121094,98.58314803784671,91.07000045776367,83.55685287768063,0.4953414692698679,16.499720088543278,-0.07000045776366903,0,0,0,-0.194827986742091,1
2023-08-28,96.0,96.0999984741211,91.75,92.3499984741211,141118441,91.34750022888184,83.14900039672851,90.29311284377984,36.503864511452285,2.680591387670205,3.2353670762049465,0.014835148067264825,92.20000076293945,90.125,91.16250038146973,87.70000076293945,77.5999984741211,1,1,0,1,3.4624996185302734,-14.75,98.61526917699385,91.34750022888184,84.07973128076983,0.5689687751768496,15.912354317089711,1.0024982452392521,0,0,0,0.07362730590698174,1
2023-08-29,92.75,95.0,92.5999984741211,94.6999969482422,86708316,91.87750015258788,83.55400039672851,90.71281609182387,53.541074650452884,2.720703474193243,3.132434355802606,0.025446654173791217,92.20000076293945,91.07500076293945,91.63750076293945,87.70000076293945,80.30000305175781,1,1,0,1,3.9375,-14.39999389648439,98.46836172906171,91.87750015258788,85.28663857611406,0.7141219901908772,14.347063351806236,2.8224967956543168,0,0,0,0.14515321501402756,1
2023-08-30,99.5,100.5,97.1999969482422,99.8000030517578,250111714,92.63000030517578,84.03300048828125,91.57826246896043,62.895929944940654,3.1279632485394018,3.1315401343499656,0.053854342849693815,94.4000015258789,91.07500076293945,92.73750114440918,87.70000076293945,81.30000305175781,1,1,0,1,5.037500381469727,-18.499999999999986,99.23056006584017,92.63000030517578,86.0294405445114,1.0431359616885216,14.251451449678058,7.170002746582014,1,0,0,0.32901397149764444,0
2023-08-31,100.0500030517578,100.8000030517578,96.6999969482422,97.5999984741211,113063640,93.25750007629395,84.46800048828125,92.1517611361186,56.9358098257056,3.2358961738305965,3.152411342246092,-0.022044133370374253,94.55000305175781,92.2249984741211,93.38750076293945,87.70000076293945,82.6500015258789,1,1,0,1,5.6875,-14.949996948242188,99.21075716721374,93.25750007629395,87.30424298537416,0.8647161823777559,12.767352944373231,4.342498397827143,0,0,0,-0.1784197793107657,0
2023-09-01,98.3000030517578,98.3499984741211,96.8499984741211,97.1999969482422,47561928,93.78999977111816,84.91000045776367,92.63254549917798,57.89473176993489,3.2516737437312884,3.172263822543132,-0.004098376353816824,95.42500305175781,92.2249984741211,93.82500076293945,87.70000076293945,83.3499984741211,1,1,0,1,6.125,-13.849998474121108,99.12081578190549,93.78999977111816,88.45918376033083,0.8198381983380818,11.36755735962569,3.4099971771240405,0,0,0,-0.044877984039674135,1
2023-09-04,97.5,98.5999984741211,97.3000030517578,98.0500030517578,37447917,93.92249984741211,85.38400054931641,93.14849383751891,61.087861166868436,3.294785731327309,3.1967682042999677,0.008744919035009957,95.42500305175781,92.2249984741211,93.82500076293945,87.70000076293945,84.94999694824219,1,1,0,1,6.125,-13.10000610351561,99.53128569821266,93.92249984741211,88.31371399661157,0.8679497946740617,11.943433916074765,4.127503204345686,0,0,0,0.048111596335979945,1
2023-09-05,98.1500015258789,99.3000030517578,97.0500030517578,98.1999969482422,51133944,93.95249977111817,85.86500045776367,93.62958937187352,63.57756473223322,3.3029808389203623,3.2180107312240467,0.0015297694218858737,95.42500305175781,92.2249984741211,93.82500076293945,87.70000076293945,86.80000305175781,1,1,0,1,6.125,-11.39999389648439,99.64543186258769,93.95249977111817,88.25956767964865,0.8730500477503172,12.11874533479858,4.247497177124032,0,0,0,0.005100253076255501,0
2023-09-06,98.4000015258789,98.8499984741211,97.6500015258789,98.1999969482422,28329667,94.18999977111817,86.3320004272461,94.06486628390864,65.70153495126206,3.271760699981371,3.228760724975512,0.0,95.42500305175781,92.2249984741211,93.82500076293945,87.70000076293945,84.0999984741211,1,1,0,1,6.125,-14.099998474121108,100.16842727629198,94.18999977111817,88.21157226594435,0.8353722340576789,12.694399659627134,4.009997177124035,0,0,0,-0.03767781369263834,1
2023-09-07,98.6500015258789,101.5999984741211,98.1999969482422,100.0500030517578,111222776,94.4875,86.81000045776368,94.63487930941808,73.77776376231179,3.35759428941239,3.2545274378628877,0.01883916660904461,96.67499923706055,92.2249984741211,94.44999885559082,87.92499923706055,84.75,1,1,0,1,6.524999618530273,-15.300003051757798,100.98779826492667,94.4875,87.98720173507333,0.9278652167217555,13.759064987276984,5.562503051757801,0,0,0,0.09249298266407657,0
2023-09-08,100.75,101.0999984741211,99.0,99.5999984741211,63482366,94.75499992370605,87.30400039672851,95.10774780129456,71.84032626027822,3.3506818442900226,3.273758319148315,-0.004497796740734805,97.0999984741211,92.2249984741211,94.6624984741211,87.92499923706055,85.05000305175781,1,1,0,1,6.737499237060547,-14.549995422363281,101.62405368502247,94.75499992370605,87.88594616238963,0.8526685565994552,14.49855683994973,4.844998550415042,0,0,0,-0.07519666012230031,1
2023-09-11,100.0,102.5500030517578,99.1999969482422,101.3499984741211,83850675,95.15,87.83000030517579,95.70224786537328,71.3317980413662,3.4466828420512456,3.308343223728901,0.017570281393676,99.625,95.57500076293945,97.60000038146973,87.92499923706055,86.55000305175781,1,1,0,1,9.67500114440918,-14.799995422363281,102.56066757840124,95.15,87.73933242159877,0.9183157865690332,15.576810464322083,6.199998474121088,0,0,0,0.06564722996957806,0
2023-09-12,102.4000015258789,102.5,96.5,98.75,90911794,95.45,88.2920002746582,95.99250997343296,59.95524092819781,3.275211576355346,3.30171689425419,-0.02565366071302888,99.5250015258789,95.57500076293945,97.55000114440918,87.92499923706055,95.4000015258789,1,1,0,1,9.625001907348633,-3.3499984741210938,102.93318073799949,95.45,87.96681926200051,0.7204944739101812,15.679792012570958,3.299999999999997,0,0,0,-0.19782131265885206,0
2023-09-13,98.75,100.75,97.0,97.9000015258789,71661116,95.75,88.75400024414063,96.17417583557067,59.030825751839274,3.0357374975884426,3.2485210149210406,-0.008607579484770533,99.5250015258789,95.42500305175781,97.47500228881836,87.92499923706055,97.5999984741211,1,1,0,1,9.550003051757812,-0.3000030517578125,103.12007446500208,95.75,88.37992553499792,0.645860230862559,15.39441141514794,2.1500015258789062,0,0,0,-0.07463424304762223,1
2023-09-14,98.6500015258789,100.0999984741211,98.1999969482422,99.4499969482422,45226055,96.16499977111816,89.26200012207032,96.48615879868224,69.69695137393056,2.937166415465711,3.186250095029975,0.015832435119560007,99.5250015258789,95.42500305175781,97.47500228881836,87.92499923706055,93.4499969482422,1,1,0,1,9.550003051757812,-6.0,103.38546351457532,96.16499977111816,88.944536027661,0.7274782682830274,15.0168226707067,3.2849971771240405,0,0,0,0.08161803742046847,1
2023-09-15,100.5,104.4499969482422,100.3499984741211,102.9499969482422,148853172,96.84499969482422,89.82600006103516,97.10176243197367,72.45761081769938,3.1056686569312006,3.1701338074102203,0.03519356568529153,100.4749984741211,96.375,98.42499923706055,88.7249984741211,94.0999984741211,1,1,0,1,9.700000762939453,-8.849998474121108,103.93046974900689,96.84499969482422,89.75952964064156,0.9308110264197716,14.63259864011614,6.104997253417977,0,0,0,0.20333275813674423,0
2023-09-18,103.5999984741211,105.0,101.6500015258789,102.1500015258789,69476642,97.46499977111816,90.40400009155273,97.5825471075837,66.89342623313276,3.1384765485241246,3.1638023556330013,-0.007770718271759569,100.75,96.6500015258789,98.70000076293945,89.0,94.25,1,1,0,1,9.700000762939453,-7.900001525878906,104.11534489463527,97.46499977111816,90.81465464760105,0.852237490517111,13.64663240985881,4.685001754760748,0,0,0,-0.0785735359026607,0
2023-09-20,101.3000030517578,104.9000015258789,99.3000030517578,100.0,104115507,97.86999969482422,90.90800003051758,97.81278071638525,50.52355205322523,2.9569045293484635,3.1224227903760937,-0.021047493820489316,100.75,96.6500015258789,98.70000076293945,89.0,93.4499969482422,1,1,0,1,9.700000762939453,-6.550003051757798,104.08790888097856,97.86999969482422,91.65209050866987,0.6712794639972177,12.706466139864867,2.130000305175784,0,0,0,-0.18095802651989323,0
2023-09-21,100.0,100.9499969482422,98.25,99.1500015258789,40591612,98.11249961853028,91.355,97.94013507919416,54.366205779599476,2.713144185570428,3.0405670694149607,-0.008499984741210942,100.75,96.6500015258789,98.70000076293945,89.20000076293945,92.75,1,1,0,1,9.5,-6.400001525878906,104.12963145408716,98.11249961853028,92.0953677829734,0.586212329703144,12.26578032147178,1.0375019073486271,0,0,0,-0.08506713429407375,1
2023-09-22,99.5,101.4000015258789,98.6999969482422,99.9000015258789,39492725,98.41749954223633,91.80300003051758,98.12678902649748,57.458576810095046,2.551073897019876,2.942668434935944,0.0075642964040121274,100.75,96.6500015258789,98.70000076293945,89.95000076293945,91.9000015258789,1,1,0,1,8.75,-8.0,104.14054794310618,98.41749954223633,92.69445114136647,0.6295203080422358,11.630143881909504,1.4825019836425781,0,0,0,0.043307978339091835,0
2023-09-25,100.3000030517578,100.5,97.75,98.4499969482422,34410972,98.78999938964844,92.12800003051758,98.1575707333303,51.06950257155525,2.279353802679964,2.810005508484748,-0.014514560115007402,100.75,96.6500015258789,98.70000076293945,90.75,91.1500015258789,1,0,0,1,7.950000762939453,-7.2999954223632955,103.39375978500728,98.78999938964844,94.18623899428961,0.4630733995464874,9.320296434461222,-0.3400024414062415,0,0,1,-0.1664469084957484,1
2023-09-26,98.5999984741211,100.4000015258789,97.9000015258789,99.9000015258789,36822528,99.16749954223633,92.475,98.32351652309683,54.25000982284168,2.156162027807113,2.679236812349221,0.014728335424926575,101.0,96.6500015258789,98.82500076293945,90.75,89.3499984741211,1,1,0,1,8.075000762939453,-10.550003051757812,102.7138050715368,99.16749954223633,95.62119401293586,0.6032767731926173,7.152152763093649,0.7325019836425781,0,0,1,0.1402033736461299,1
2023-09-27,99.9000015258789,101.1999969482422,98.5,100.0999984741211,34894254,99.43749961853027,92.87399993896484,98.49270528033725,54.70297300819024,2.051026780939665,2.55359480606731,0.0020019714232974994,101.375,97.5250015258789,99.45000076293945,90.75,89.75,1,1,0,1,8.700000762939453,-10.349998474121094,102.34728959522553,99.43749961853027,96.527709641835,0.6138396346294459,5.852500289846434,0.662498855590826,0,0,1,0.010562861436828608,0
2023-09-28,100.3499984741211,100.5999984741211,99.3000030517578,99.9499969482422,25885383,99.44499931335449,93.29899993896484,98.63149496299486,49.729713233741634,1.9333164027718084,2.42953912540821,-0.0014985167648895459,101.375,97.5250015258789,99.45000076293945,90.75,91.9000015258789,1,1,0,1,8.700000762939453,-8.049995422363295,102.35925765494989,99.44499931335449,96.53074097175909,0.586642564881749,5.861045526105289,0.5049976348877152,0,0,1,-0.027197069747696867,1
2023-09-29,100.0500030517578,102.75,99.5999984741211,101.5,49524816,99.63999938964844,93.77599990844726,98.90468591890011,54.84694304539762,1.94270804334721,2.33217290899601,0.01550778488327964,101.375,97.5250015258789,99.45000076293945,90.75,94.3000030517578,1,1,0,1,8.700000762939453,-7.199996948242202,102.55626438234164,99.63999938964844,96.72373439695524,0.8189011655339717,5.853602991884744,1.8600006103515625,0,0,1,0.2322586006522227,1
2023-10-03,101.0,105.9000015258789,100.0,105.3000030517578,82983688,100.04499969482421,94.33,99.51376374107703,59.12241177654226,2.2310611898830217,2.3119505651734125,0.037438453711899466,101.82500076293945,97.97500228881836,99.9000015258789,91.57500076293945,93.8000030517578,1,1,0,1,8.325000762939453,-11.5,103.6595406652715,100.04499969482421,96.43045872437692,1.2269254104323082,7.22583033929339,5.255003356933585,1,0,1,0.40802424489833644,0
2023-10-04,104.4000015258789,104.4000015258789,100.3499984741211,100.75,68727969,100.17999954223633,94.73899993896484,99.63150052764112,54.23728703973104,2.0685904921297293,2.263278550564676,-0.043209904272475175,101.82500076293945,98.82500076293945,100.32500076293945,91.60000228881836,91.0,1,1,0,1,8.724998474121094,-9.75,103.6864805926239,100.17999954223633,96.67351849184877,0.5812781317755401,7.000361482152365,0.570000457763669,0,0,1,-0.6456472786567681,1
2023-10-05,102.5999984741211,107.6999969482422,102.3499984741211,105.4000015258789,140096809,100.53999977111816,95.22099990844727,100.18088157509234,63.68612681386013,2.2886652467563238,2.268355889803006,0.046153861299046195,102.7249984741211,100.14999771118164,101.43749809265137,92.54999923706055,92.3499984741211,1,1,0,1,8.88749885559082,-13.050003051757812,104.5949486961909,100.53999977111816,96.48505084604543,1.099267937101522,8.066339634581121,4.860001754760745,1,0,1,0.5179898053259818,0
2023-10-06,106.4000015258789,107.1999969482422,104.0,104.4499969482422,65041435,100.85249977111816,95.65699981689453,100.58746399158281,59.32835183555139,2.359222991375873,2.2865293101175794,-0.00901332603304994,102.7249984741211,102.0999984741211,102.4124984741211,93.5,94.6999969482422,1,1,0,1,8.912498474121094,-9.75,105.09684644967285,100.85249977111816,96.60815309256347,0.9237986961928708,8.416938971640988,3.5974971771240405,0,0,1,-0.17546924090865113,0
2023-10-09,103.8000030517578,105.25,101.0,103.9000015258789,53811658,101.04499969482421,96.0679998779297,100.90294375675386,51.99162270570481,2.343743264819466,2.297972101057957,-0.005265633685330173,102.79999923706055,102.0999984741211,102.44999885559082,93.5,99.8000030517578,1,1,0,1,8.94999885559082,-4.099998474121108,105.47161319019376,101.04499969482421,96.61838619945466,0.8224814899743519,8.761667591150072,2.855001831054693,0,0,1,-0.10131720621851892,1
2023-10-10,104.9000015258789,107.9499969482422,104.6500015258789,106.0500030517578,67712329,101.36749992370605,96.49,101.39313988008757,57.73809217451802,2.4764160422049883,2.333660889287363,0.02069298839561018,103.2249984741211,102.2249984741211,102.7249984741211,94.77499771118164,97.5999984741211,1,1,0,1,7.950000762939453,-8.450004577636705,106.2430806544384,101.36749992370605,96.4919191929737,0.9801995276723066,9.619613257507472,4.682503128051749,0,0,0,0.15771803769795467,1
2023-10-11,106.8000030517578,109.8000030517578,106.5500030517578,109.0,93838782,101.75,96.93399993896485,102.11760274865067,67.3076821502204,2.787468076857351,2.424422326801361,0.027817037843954173,104.5500030517578,103.1500015258789,103.85000228881836,95.70000076293945,97.1999969482422,1,1,0,1,8.150001525878906,-11.800003051757798,107.65228874685123,101.75,95.84771125314877,1.1141685294427315,11.601550362361133,7.25,1,0,0,0.13396900177042492,1
2023-10-12,110.1999969482422,113.25,109.5,109.8499984741211,117710894,102.30499992370605,97.44899993896485,102.85402138917166,70.576905132056,3.067209941522208,2.5529798497455305,0.0077981511387257285,106.42499923706055,104.875,105.64999961853027,97.42499923706055,98.0500030517578,1,1,0,1,8.225000381469727,-11.799995422363295,109.00775367467317,102.30499992370605,95.60224617273893,1.0628282666155235,13.103472471464148,7.544998550415045,1,0,0,-0.05134026282720794,1
2023-10-13,109.8499984741211,111.8000030517578,109.0999984741211,111.0,55786063,102.9599998474121,97.97399993896484,103.62982887591721,71.02271101692547,3.343164972124356,2.711016874221296,0.010468835155694967,106.625,104.875,105.75,97.42499923706055,98.1999969482422,1,1,0,1,8.325000762939453,-12.800003051757798,110.339065596832,102.9599998474121,95.58093409799221,1.044784422961671,14.333849573340624,8.040000152587893,1,0,0,-0.018043843653852587,1
2023-10-16,111.9000015258789,112.75,110.8499984741211,111.5,47455521,103.5625,98.50299987792968,104.37936898297272,75.63850057437776,3.5611563496944143,2.88104476931592,0.0045045045045044585,106.79999923706055,104.875,105.83749961853027,97.42499923706055,98.1999969482422,1,1,0,1,8.412500381469727,-13.300003051757798,111.63225105251652,103.5625,95.49274894748348,0.9918057538791558,15.58431102477542,7.9375,0,0,0,-0.05297866908251514,1
2023-10-17,112.5,114.1999969482422,111.5,113.8499984741211,55351894,104.10750007629395,99.04899978637695,105.28133369641542,76.47057631303737,3.8788286024248464,3.0806015359377055,0.021076219498843862,107.5999984741211,105.3499984741211,106.4749984741211,97.89999771118164,100.0500030517578,1,1,0,1,8.575000762939453,-13.799995422363295,113.32836091952738,104.10750007629395,94.8866392330605,1.0282857296874024,17.714114423026274,9.742498397827148,1,0,0,0.03647997580824658,0
2023-10-18,114.5,115.0999984741211,109.5,113.1999969482422,100553806,104.65999984741211,99.40499969482421,106.03549210135131,74.44028591998656,4.031661970990541,3.270813622948273,-0.0057092800578880665,108.04999923706055,105.79999923706055,106.92499923706055,98.3499984741211,99.5999984741211,1,1,0,1,8.575000762939453,-13.599998474121108,114.63855637930764,104.65999984741211,94.68144331551657,0.9279174584787279,19.068520058176304,8.539997100830092,0,0,0,-0.10036827120867453,0
2023-10-19,112.0,113.1500015258789,110.6500015258789,111.6500015258789,43517012,105.24249992370605,99.68599975585937,106.57020728463965,70.74468560000714,3.9818119899233864,3.413013296343296,-0.013692539435950613,108.04999923706055,105.79999923706055,106.92499923706055,101.70000076293945,101.3499984741211,1,1,0,1,5.224998474121094,-10.300003051757812,115.4230338037205,105.24249992370605,95.0619660436916,0.8146937909981083,19.346811197747442,6.407501602172857,0,0,0,-0.11322366748061952,1
2023-10-20,114.0,114.5,112.1500015258789,113.3499984741211,64427436,105.95249977111817,100.08399978637695,107.21590168363788,70.8994693331963,4.032991254304065,3.53700888793545,0.01522612561584391,109.875,106.04999923706055,107.96249961853027,101.70000076293945,98.75,1,1,0,1,6.26249885559082,-14.599998474121094,116.31345871092253,105.95249977111817,95.59154083131381,0.8569890946379238,19.557743256999924,7.397498703002924,0,0,0,0.042295303639815485,0
2023-10-23,113.8000030517578,113.9000015258789,106.8000030517578,108.9000015258789,70944550,106.40249977111816,100.37999984741211,107.3762921448037,56.2068955538245,3.6721434427277018,3.564035798893901,-0.03925890611509941,110.82500076293945,106.42499923706055,108.625,101.70000076293945,97.9000015258789,1,1,0,1,6.924999237060547,-11.0,116.44991120239986,106.40249977111816,96.35508833983646,0.6242858308252911,18.88566801136183,2.497501754760748,0,0,0,-0.23270326381263273,0
2023-10-25,105.6500015258789,109.5,105.5500030517578,108.25,59685089,106.89249992370605,100.65999984741211,107.45950241672716,64.94024449330772,3.2957281587418663,3.510374270863494,-0.005968792624162056,110.32500076293945,106.42499923706055,108.375,101.70000076293945,99.4499969482422,1,0,0,1,6.674999237060547,-8.800003051757798,116.27462479288567,106.89249992370605,97.51037505452643,0.572345022861151,17.5543183588672,1.3575000762939453,0,0,0,-0.051940807964140134,0
2023-10-26,107.5,108.0,101.25,106.4499969482422,108605538,107.21999969482422,100.91999984741211,107.36335903877621,52.359541084046505,2.8196677565188395,3.3722329679945635,-0.0166282037113884,108.17499923706055,106.42499923706055,107.29999923706055,101.70000076293945,102.9499969482422,1,0,0,1,5.599998474121094,-3.5,116.04357026849135,107.21999969482422,98.3964291211571,0.45636671457697625,16.45881477108988,-0.7700027465820227,0,0,0,-0.11597830828417471,0
2023-10-27,107.3499984741211,109.25,105.0500030517578,105.6500015258789,43738547,107.49749984741212,101.1779998779297,107.200182132786,52.71494454530669,2.350735695369025,3.167933513469456,-0.007515222595565363,108.17499923706055,106.42499923706055,107.29999923706055,101.70000076293945,102.1500015258789,1,0,0,1,5.599998474121094,-3.5,115.73773453480267,107.49749984741212,99.25726516002156,0.387897712163447,15.331025743086487,-1.8474983215332088,0,0,0,-0.06846900241352927,1
2023-10-30,106.1999969482422,108.5999984741211,105.6999969482422,107.6999969482422,48282252,107.8849998474121,101.49399978637695,107.24778354378182,58.05084348512286,2.1200821689544966,2.9583632445664643,0.019403647825420478,108.17499923706055,106.42499923706055,107.29999923706055,101.70000076293945,100.0,1,1,0,1,5.599998474121094,-7.699996948242202,115.36270562631564,107.8849998474121,100.40729406850856,0.4876297019005588,13.862364164582075,-0.18500289916990198,0,0,0,0.09973198973711184,0
2023-10-31,107.8499984741211,108.1500015258789,104.25,105.0999984741211,49382539,108.06499977111817,101.77299972534179,107.04323258476651,48.02493687900091,1.7078029503926473,2.708251185731701,-0.02414111929242302,108.17499923706055,106.42499923706055,107.29999923706055,101.70000076293945,99.1500015258789,1,0,0,1,5.599998474121094,-5.9499969482421875,115.07813642637213,108.06499977111817,101.05186311586421,0.2886108996053988,12.979478406714096,-2.965001296997073,0,0,0,-0.19901880229516,0
2023-11-01,105.5999984741211,107.1500015258789,103.25,103.6999969482422,47911258,107.98499946594238,102.05999969482421,106.72482919081182,38.222207453211475,1.2536489913308628,2.4173307468515333,-0.013320661714601445,107.875,106.42499923706055,107.14999961853027,101.70000076293945,99.9000015258789,1,0,0,1,5.44999885559082,-3.7999954223632955,115.15717445732973,107.98499946594238,100.81282447455503,0.2012759363201686,13.283650556759783,-4.285002517700178,0,0,0,-0.08733496328523022,1
2023-11-02,105.0,108.0,104.9000015258789,107.5500030517578,47086204,108.32499961853027,102.41599975585937,106.80341717756858,45.4902037048949,1.1906667582571373,2.1719979491326544,0.0371263858902251,107.875,106.5,107.1875,101.70000076293945,98.4499969482422,1,1,0,1,5.487499237060547,-9.100006103515597,114.69261256324323,108.32499961853027,101.95738667381731,0.4391454400965158,11.756497516061296,-0.7749965667724723,0,0,0,0.2378695037763472,1
2023-11-03,108.8000030517578,119.9000015258789,108.6999969482422,116.5,238833377,108.87999954223633,102.9079997253418,107.72690125589537,58.258261285551164,1.8417127224237362,2.105940903790871,0.08321707758515884,110.57500076293945,109.20000076293945,109.88750076293945,104.10000228881836,99.9000015258789,1,1,0,1,5.787498474121094,-16.599998474121094,116.01928511093462,108.87999954223633,101.74071397353805,1.0336668763589625,13.11404408286912,7.620000457763666,1,0,0,0.5945214362624467,1
2023-11-06,119.5999984741211,123.9000015258789,118.25,123.3000030517578,186288904,109.8224998474121,103.4879997253418,109.21005380788228,64.89899719677483,2.873253676000189,2.2594034582327347,0.058369124907792225,112.57500076293945,111.60000228881836,112.0875015258789,106.97500228881836,100.0999984741211,1,1,0,1,5.112499237060547,-23.200004577636705,119.04629986566707,109.8224998474121,100.59869982915714,1.230583012298194,16.797650811210005,13.477503204345695,1,0,0,0.19691613593923152,0
2023-11-07,123.5500030517578,126.3499984741211,120.5,121.3000030517578,120886007,110.69249992370605,104.03799972534179,110.36147754539424,59.49045353600636,3.489153241611376,2.505353414908463,-0.01622059976073531,113.79999923706055,112.9749984741211,113.38749885559082,108.20000076293945,99.9499969482422,1,1,0,1,5.187498092651367,-21.350006103515597,120.76137796116355,110.69249992370605,100.62362188624856,1.0267470262620373,18.192520802036977,10.607503128051746,1,0,0,-0.2038359860361567,1
2023-11-08,122.0,125.6999969482422,121.3000030517578,125.1500015258789,75041688,111.6474998474121,104.72099975585938,111.7699084006785,64.07539173670762,4.239055591617145,2.8520938502501996,0.031739475492662095,114.79999923706055,113.17499923706055,113.98749923706055,108.20000076293945,101.5,1,1,0,1,5.787498474121094,-23.650001525878906,123.27623669155106,111.6474998474121,100.01876300327315,1.0805661379839482,20.831163904309317,13.5025016784668,1,0,0,0.053819111721910895,0
2023-11-09,125.25,125.5500030517578,121.3499984741211,121.8499984741211,50307832,112.28999977111816,105.31099975585937,112.72991697910162,61.53845888291157,4.515029490294921,3.184680978259144,-0.026368382033742366,114.79999923706055,113.3499984741211,114.07499885559082,108.20000076293945,105.3000030517578,1,1,0,1,5.874998092651367,-16.549995422363295,124.65901915583801,112.28999977111816,99.92098038639831,0.8864493378841714,22.030491423869883,9.559998703002933,0,0,0,-0.19411680009977683,0
2023-11-10,122.0,123.3000030517578,120.6999969482422,121.3000030517578,43388163,112.8625,105.84299987792969,113.54611565268793,59.23345577582442,4.635920750548578,3.4749289327170314,-0.004513708898240987,114.79999923706055,113.67499923706055,114.23749923706055,109.04999923706055,100.75,1,1,0,1,5.1875,-20.5500030517578,125.77477807355672,112.8625,99.95022192644328,0.8267240297836023,22.881431961115023,8.437503051757801,0,0,0,-0.059725308100569086,1
2023-11-13,122.6500015258789,123.0999984741211,121.5,122.1999969482422,28348143,113.42249984741211,106.29099975585937,114.3702948236931,66.83544049525017,4.7495995045916715,3.7298630470919596,0.0074195702707475775,114.79999923706055,113.67499923706055,114.23749923706055,109.4749984741211,105.4000015258789,1,1,0,1,4.762500762939453,-16.799995422363295,126.92125958059253,113.42249984741211,99.92374011423169,0.8251223547321423,23.802613681307278,8.77749710083009,0,0,0,-0.0016016750514599165,0
2023-11-15,123.3000030517578,125.1999969482422,119.75,120.25,60088818,113.85999984741211,106.74399978637695,114.93026674524613,64.70588675282397,4.628982253288825,3.9096868883313327,-0.015957422233554786,115.625,113.67499923706055,114.64999961853027,111.42499923706055,104.4499969482422,1,1,0,1,3.2250003814697266,-15.800003051757798,127.64530506232086,113.85999984741211,100.07469463250337,0.731768540956102,24.214483107997417,6.390000152587888,0,0,0,-0.09335381377604035,1
2023-11-16,120.9000015258789,122.5500030517578,120.6999969482422,121.8499984741211,36895083,114.2599998474121,107.23699981689452,115.5892888146628,68.96552696118266,4.609364829226024,4.0496224765102715,0.013305600616391633,117.52499771118164,113.79999923706055,115.6624984741211,111.42499923706055,103.9000015258789,1,1,0,1,4.237499237060547,-17.949996948242188,128.47839059579354,114.2599998474121,100.04160909903067,0.7669077943146626,24.88778359420499,7.58999862670899,0,0,0,0.03513925335856061,1
2023-11-17,122.0,125.0,121.5,122.1999969482422,43882213,114.7099998474121,107.71999969482422,116.21888006547988,70.6102130549531,4.569386784614096,4.153575338131037,0.0028723715921543658,122.29999923706055,113.79999923706055,118.04999923706055,111.42499923706055,106.0500030517578,1,1,0,1,6.625,-16.149993896484403,129.32973394337455,114.7099998474121,100.09026575144966,0.7561605105697039,25.489903435462814,7.489997100830095,0,0,0,-0.010747283744958702,0
2023-11-20,122.8499984741211,123.4000015258789,117.3499984741211,118.1500015258789,52784478,115.03499984741211,108.11899978637695,116.40279639504169,62.396213502204525,4.1629156130103695,4.1554433931069035,-0.03314235289284562,121.8499984741211,113.79999923706055,117.82499885559082,111.42499923706055,109.0,1,1,0,1,6.399999618530273,-9.150001525878906,129.65717921304227,115.03499984741211,100.41282048178196,0.6065163270322306,25.422140018300006,3.115001678466797,0,0,0,-0.14964418353747333,0
2023-11-21,118.5500030517578,119.0,116.0500030517578,116.5,45193553,115.19249992370605,108.48499984741211,116.41205388122819,63.8349568948356,3.6653906062648502,4.057432835738493,-0.013965311083957155,120.875,113.79999923706055,117.33749961853027,111.42499923706055,109.8499984741211,1,0,0,1,5.912500381469727,-6.650001525878906,129.8065446570558,115.19249992370605,100.57845519035631,0.5447343668419935,25.373257361423494,1.3075000762939482,0,0,0,-0.06178196019023707,0
2023-11-22,116.0,117.8000030517578,114.3499984741211,115.3000030517578,52799865,115.5125,108.7899998474121,116.30614427842148,64.14635417151251,3.1380947264048586,3.873565213871766,-0.010300402989203428,119.95000076293945,113.79999923706055,116.875,111.42499923706055,111.0,1,0,0,1,5.450000762939453,-4.300003051757798,129.83883614851374,115.5125,101.18616385148627,0.4925836952993648,24.80482397751539,-0.21249694824220455,0,0,0,-0.0521506715426287,0
2023-11-23,113.5999984741211,115.75,112.5,112.9499969482422,56329090,115.74749984741212,109.05699981689453,115.98651119935678,56.83543795252469,2.501744536189605,3.599201078335334,-0.02038166557949428,118.8499984741211,113.79999923706055,116.32499885559082,111.42499923706055,111.5,1,0,0,1,4.899999618530273,-1.4499969482422017,129.7399088914306,115.74749984741212,101.75509080339364,0.40003498002490856,24.17747089563821,-2.7975028991699133,0,0,0,-0.09254871527445624,1
2023-11-24,114.1500015258789,116.0,112.9000015258789,113.25,49980086,116.0875,109.29499984741211,115.72589108513233,44.73257542221355,1.998601530478112,3.27908116876389,0.002656069587104737,118.8499984741211,113.79999923706055,116.32499885559082,111.42499923706055,113.8499984741211,1,0,0,1,4.899999618530273,0.5999984741210938,129.47719377938273,116.0875,102.69780622061728,0.3940416395343876,23.068278289019446,-2.8375000000000057,0,0,0,-0.005993340490520971,1
2023-11-28,114.9000015258789,116.9000015258789,113.5,113.8000030517578,61963724,116.49500007629395,109.59599990844727,115.5424731771919,30.691049724442337,1.6254999713802363,2.94836492928716,0.004856539088369027,118.8499984741211,113.79999923706055,116.32499885559082,111.42499923706055,113.1999969482422,1,0,0,1,4.899999618530273,-0.6000061035155966,129.05994845800683,116.49500007629395,103.93005169458107,0.3927573380063197,21.571652643433534,-2.69499702453615,0,0,0,-0.0012843015280679104,1
2023-11-29,117.0,119.1999969482422,114.0,116.5999984741211,115274058,116.94000015258788,109.96999984741211,115.64318987213754,40.74801748273703,1.5380211770461472,2.6662961788389574,0.02460452853494055,118.75,113.79999923706055,116.27499961853027,111.42499923706055,111.6500015258789,1,1,0,1,4.850000381469727,-4.9499969482421875,128.8403201689456,116.94000015258788,105.03968013623019,0.48571459935533473,20.352864718367883,-0.3400016784667912,0,0,0,0.09295726134901505,1
2023-11-30,118.8000030517578,120.6999969482422,116.1500015258789,118.5500030517578,225208168,117.61250038146973,110.35199996948242,115.92002922257757,35.957445496074754,1.6075122739799639,2.4545393978671592,0.0167238816737163,118.75,113.79999923706055,116.27499961853027,111.67499923706055,113.3499984741211,1,1,0,1,4.600000381469727,-5.2000045776367045,128.2091925152531,117.61250038146973,107.01580824768637,0.5442356283664789,18.019669847020644,0.9375026702880689,0,0,0,0.05852102901114414,0
2023-12-01,118.0,118.3499984741211,115.0999984741211,116.3000030517578,57261076,118.24250068664551,110.61900009155273,115.95621720630902,37.63920253248441,1.4641504579141014,2.2564616098765478,-0.018979333125935693,117.95000076293945,113.79999923706055,115.875,112.04999923706055,108.9000015258789,1,1,0,1,3.825000762939453,-7.400001525878892,126.74751462739164,118.24250068664551,109.73748674589939,0.38580279536159673,14.38571392072511,-1.9424976348877152,0,0,0,-0.15843283300488215,1
2023-12-04,118.75,119.0,116.25,117.4000015258789,66057180,118.73500061035156,110.92400009155273,116.09372047483949,41.52173300095704,1.4228936374742744,2.089748015396093,0.009458284138062822,116.5999984741211,113.79999923706055,115.19999885559082,112.04999923706055,108.25,1,1,0,1,3.1499996185302734,-9.150001525878906,125.70931758519907,118.73500061035156,111.76068363550405,0.40429176869310235,11.747701922763078,-1.3349990844726562,0,0,0,0.01848897333150562,0
2023-12-05,117.9000015258789,118.25,116.25,116.75,57483305,118.74750061035157,111.25900009155274,116.15622328675954,38.021984729138026,1.3225026320741051,1.9362989387316956,-0.005536639841828506,116.5999984741211,114.79999923706055,115.69999885559082,112.04999923706055,106.4499969482422,1,1,0,1,3.6499996185302734,-10.300003051757798,125.70662930614466,118.74750061035157,111.78837191455847,0.356483426469819,11.720884498661103,-1.9975006103515653,0,0,0,-0.04780834222328334,1
2023-12-06,117.1500015258789,119.6999969482422,116.5999984741211,118.9000015258789,48171753,118.52750053405762,111.65400009155273,116.41753550000901,47.05882744041677,1.4002875486304163,1.8290966607114398,0.01841543062851314,116.5999984741211,114.79999923706055,115.69999885559082,112.04999923706055,105.6500015258789,1,1,0,1,3.6499996185302734,-13.25,125.16794236275993,118.52750053405762,111.88705870535532,0.5280479071596715,11.204896414388232,0.3725009918212834,0,0,0,0.17156448068985253,1
2023-12-07,119.5999984741211,122.1999969482422,118.4000015258789,121.6999969482422,52483562,118.54750022888183,112.09,116.92062706650742,49.68943785424164,1.6686339124043172,1.7970041110500155,0.023549162207149976,117.54999923706055,114.79999923706055,116.17499923706055,112.04999923706055,107.6999969482422,1,1,0,1,4.125,-14.0,125.22353650699469,118.54750022888183,111.87146395076897,0.7361054215429982,11.26305702815043,3.1524967193603715,0,0,0,0.20805751438332665,0
2023-12-08,123.0,123.9000015258789,119.3000030517578,119.9499969482422,44213196,118.2875,112.52,117.2091384838155,45.59686941046137,1.7202598793222705,1.7816552647044666,-0.014379622381948454,118.70000076293945,114.79999923706055,116.75,112.04999923706055,105.0999984741211,1,1,0,1,4.700000762939453,-14.849998474121108,124.28532082466612,118.2875,112.28967917533387,0.6385917483067488,10.141089844093623,1.6624969482422074,0,0,0,-0.09751367323624938,0
2023-12-11,119.9499969482422,120.5,117.5500030517578,118.4499969482422,32372287,118.11749992370605,112.89099990844727,117.32731548042756,50.65216374532827,1.6214453533540478,1.749613282434383,-0.012505210822533308,118.95000076293945,115.625,117.28750038146973,112.04999923706055,103.6999969482422,1,1,0,1,5.23750114440918,-14.75,123.89030310041782,118.11749992370605,112.34469674699427,0.5287985762166193,9.774678909459682,0.3324970245361527,0,0,0,-0.10979317209012951,0
2023-12-12,119.0,119.3000030517578,114.1500015258789,116.75,40800538,117.88999977111817,113.22399993896484,117.27233305372017,50.54229927744182,1.3899362633099912,1.6776778786095048,-0.01435202188299789,119.0250015258789,117.52499771118164,118.27499961853027,112.125,107.5500030517578,1,0,0,1,6.149999618530273,-9.199996948242202,123.49950752274835,117.88999977111817,112.280492019488,0.39838682629622224,9.516511599831977,-1.1399997711181697,0,0,1,-0.13041174992039706,1
2023-12-13,116.9000015258789,120.5,116.1500015258789,120.0,48092329,117.77999992370606,113.625,117.53211085812778,59.36254144492797,1.45197402736882,1.6325371083613678,0.027837259100642386,119.0250015258789,119.42499923706055,119.22500038146973,112.42499923706055,116.5,0,1,0,1,6.80000114440918,-3.5,123.12727796114616,117.77999992370606,112.43272188626595,0.7075822559393901,9.080112142815237,2.2200000762939425,0,0,1,0.3091954296431678,1
2023-12-14,121.0,124.9499969482422,120.5,124.1500015258789,74178495,117.975,114.07800003051757,118.16238615981837,70.81785119391505,1.8150866533839434,1.6690470173658831,0.034583346048990826,119.54999923706055,119.42499923706055,119.48749923706055,112.82500076293945,123.3000030517578,1,1,0,1,6.662498474121094,-0.849998474121108,123.91945004164631,117.975,112.03054995835367,1.0193921626573836,10.077474111712347,6.175001525878912,1,0,0,0.3118099067179936,0
2023-12-15,124.5,125.0,122.4000015258789,123.5999984741211,39542770,118.0625,114.44399993896485,118.68025399927576,69.06076959932331,2.0350169670346787,1.7422410072996424,-0.004430149375738601,119.57500076293945,119.0999984741211,119.33749961853027,112.9749984741211,121.3000030517578,1,1,0,1,6.36250114440918,-2.2999954223632955,124.27787289545154,118.0625,111.84712710454846,0.9454679202090579,10.528953555026426,5.537498474121094,0,0,0,-0.07392424244832574,1
2023-12-18,123.4000015258789,129.1999969482422,121.5500030517578,128.5500030517578,89553155,118.38000030517578,115.0,119.62023009951216,73.37559203370378,2.5790081253242505,1.9095944309045643,0.04004858121962784,121.67499923706055,120.8499984741211,121.26249885559082,114.5999984741211,125.1500015258789,1,1,0,1,6.662500381469727,-3.4000015258789062,125.91667081058795,118.38000030517578,110.84332979976362,1.1747012980917,12.733013154220519,10.170002746582028,1,0,0,0.2292333778826421,1
2023-12-19,129.0,131.75,127.4000015258789,130.25,64117314,118.98500022888183,115.49699996948242,120.63258913765385,72.41379223946622,3.1114339104499322,2.149962326813638,0.013224402239474964,122.95000076293945,122.125,122.53750038146973,116.04999923706055,121.8499984741211,1,1,0,1,6.48750114440918,-8.400001525878906,128.123167514489,118.98500022888183,109.84683294327463,1.116370844341009,15.360200475738681,11.26499977111817,1,0,0,-0.058330453750691014,0
2023-12-20,130.35000610351562,131.0,123.1500015258789,124.75,49006056,119.39750022888184,115.90300003051757,121.02472350549634,59.117642570944405,3.05437224454613,2.3308443103601366,-0.04222648752399227,122.95000076293945,122.125,122.53750038146973,116.375,121.3000030517578,1,1,0,1,6.162500381469727,-3.4499969482422017,128.79098071187806,119.39750022888184,110.00401974588561,0.7849050349764969,15.734802596351132,5.352499771118161,0,0,0,-0.3314658093645121,1
2023-12-21,122.1500015258789,128.6999969482422,120.1999969482422,127.3499984741211,52326124,120.0,116.37199996948242,121.62713064536537,66.08441908765764,3.1822654359240516,2.50112853547292,0.02084167113523927,122.95000076293945,122.125,122.53750038146973,116.375,122.1999969482422,1,1,0,1,6.162500381469727,-5.150001525878892,129.80183659996632,120.0,110.19816340003366,0.874929657271901,16.336394333277216,7.349998474121094,0,0,0,0.09002462229540409,1
2023-12-22,130.5500030517578,131.0,125.3000030517578,128.5,63113800,120.77750015258789,116.82099990844726,122.28168963152105,66.13371799674286,3.337939534527621,2.6684907352838603,0.009030243735044907,122.95000076293945,122.125,122.53750038146973,116.375,120.25,1,1,0,1,6.162500381469727,-8.25,130.6854497980687,120.77750015258789,110.86955050710709,0.8897123079816254,16.406946050321125,7.722499847412109,0,0,0,0.014782650709724399,0
2023-12-26,128.5,128.6999969482422,124.3000030517578,125.0,25499782,121.3650001525879,117.14099990844727,122.54057633328094,61.0738255033557,3.1426649447209627,2.763325577171281,-0.027237354085603127,123.95000076293945,122.125,123.03750038146973,116.5,121.8499984741211,1,1,0,1,6.537500381469727,-3.1500015258789062,130.80004601682296,121.3650001525879,111.92995428835282,0.6926328657919466,15.548215469653895,3.6349998474121037,0,0,0,-0.19707944218967877,1
2023-12-27,125.6999969482422,127.5999984741211,125.5500030517578,127.0500030517578,21757560,122.02750015258789,117.485,122.97004554456444,60.969046017671836,3.117391193933244,2.834138700523674,0.016400024414062297,125.9749984741211,122.125,124.04999923706055,116.5,122.1999969482422,1,1,0,1,7.549999237060547,-4.850006103515597,131.09846927533434,122.02750015258789,112.95653102984146,0.7768448900666759,14.86708997792096,5.022502899169908,0,0,0,0.08421202427472929,0
2023-12-28,124.9000015258789,125.5,120.5999984741211,123.1999969482422,72865479,122.35750007629395,117.72899993896485,122.99194567824804,51.963350157940404,2.75494100264892,2.8182991609487233,-0.030303077615410845,125.9749984741211,122.125,124.04999923706055,116.5,118.1500015258789,1,0,0,1,7.549999237060547,-5.0499954223632955,131.08849520173337,122.35750007629395,113.62650495085452,0.548247471212845,14.271287203474012,0.8424968719482564,0,0,0,-0.2285974188538309,1
2023-12-29,124.0,125.5500030517578,123.25,123.6999969482422,27512604,122.61499977111816,117.97299987792968,123.0593791325332,55.074423222093564,2.479460755885995,2.750531479936178,0.004058441658972178,125.9749984741211,122.125,124.04999923706055,116.5,116.5,1,0,0,1,7.549999237060547,-7.199996948242202,131.18390310590823,122.61499977111816,114.04609643632811,0.5633101538629163,13.976925092012198,1.0849971771240376,0,0,0,0.015062682650071268,1
2024-01-01,124.4499969482422,125.5999984741211,122.8499984741211,124.5,24228685,123.02499961853027,118.18599990844727,123.19658111991099,58.34482828292181,2.2991905979540093,2.660263303539744,0.006467284328976364,125.9749984741211,122.125,124.04999923706055,116.5,115.3000030517578,1,1,0,1,7.549999237060547,-9.199996948242202,131.1174969661316,123.02499961853027,114.93250227092895,0.591133819271929,13.155858358372905,1.4750003814697266,0,0,0,0.02782366540901271,1
2024-01-02,127.0,129.4499969482422,125.5,128.6999969482422,69395959,123.58999938964844,118.49599990844726,123.72071596070444,65.41934482920206,2.466794184072711,2.621569479646338,0.03373491524692529,125.5999984741211,122.32500076293945,123.96249961853027,116.5,112.9499969482422,1,1,0,1,7.462499618530273,-15.749999999999986,131.61026201536467,123.58999938964844,115.56973676393221,0.8185679694707886,12.978821369567841,5.109997558593747,0,0,0,0.2274341501988596,0
2024-01-03,128.8000030517578,130.25,127.0999984741211,127.5500030517578,39101172,124.12999954223633,118.81399993896484,124.08540996937619,60.30013801602484,2.478258515539366,2.5929072868249436,-0.008935461723024507,125.5999984741211,122.625,124.11249923706055,116.5,113.25,1,1,0,1,7.612499237060547,-14.300003051757798,131.67568833763374,124.12999954223633,116.58431074683892,0.7266197031348245,12.157719847295935,3.4200035095214645,0,0,0,-0.09194826633596409,1
2024-01-04,128.39999389648438,130.89999389648438,126.4499969482422,129.75,45285624,124.67249946594238,119.14199996948243,124.62489473419751,58.06916100197024,2.634496611385387,2.601225151737032,0.01724811364645351,125.79999923706055,122.875,124.33749961853027,116.5,113.8000030517578,1,1,0,1,7.837499618530273,-15.949996948242202,132.19622858832136,124.67249946594238,117.14877034356341,0.8374324388523524,12.069588970475852,5.07750053405762,0,0,0,0.11081273571752792,1
2024-01-05,130.89999389648438,134.35000610351562,128.9499969482422,133.3000030517578,55608923,125.25249977111817,119.63,125.45109552634611,62.8647259944773,3.0100737491669776,2.682994871223021,0.027360331805455163,127.47500228881836,124.25000381469727,125.86250305175781,117.80000305175781,116.5999984741211,1,1,0,1,8.0625,-16.70000457763672,133.52175051541306,125.25249977111817,116.98324902682327,0.9865920462136043,13.204128874722374,8.047503280639646,0,0,0,0.1491596073612519,0
2024-01-08,133.64999389648438,133.64999389648438,130.0,132.85000610351562,38912423,125.89750022888184,120.12200012207032,126.15575367655272,56.475908805746876,3.2341293142452514,2.793221759827467,-0.0033758209897974956,127.47500228881836,124.25000381469727,125.86250305175781,117.80000305175781,118.5500030517578,1,1,0,1,8.0625,-14.300003051757827,134.42026496614886,125.89750022888184,117.37473549161481,0.9078785516766025,13.539212012585836,6.952505874633786,0,0,0,-0.07871349453700183,1
2024-01-09,133.1999969482422,135.0,132.60000610351562,134.3000030517578,33803263,126.69000053405762,120.67900024414062,126.9313964741913,56.1456804656455,3.4884845213402116,2.932274312130016,0.010914541826308799,127.79999923706055,124.57500076293945,126.1875,118.125,116.3000030517578,1,1,0,1,8.0625,-18.000000000000014,135.24293228560612,126.69000053405762,118.1370687825091,0.9448768409921202,13.502141787818925,7.610002517700195,0,0,0,0.03699828931551774,1
2024-01-10,134.25,136.14999389648438,132.25,134.64999389648438,29917881,127.58500022888184,121.25900009155274,127.66650099060017,67.80575223667601,3.6759303547251108,3.081005520649035,0.0026060375038985395,129.49999618530273,125.14999771118164,127.32499694824219,118.69999694824219,117.4000015258789,1,1,0,1,8.625,-17.24999237060547,135.51343768365604,127.58500022888184,119.65656277410763,0.9455476698847054,12.428478959988931,7.064993667602536,0,0,0,0.0006708288925851846,1
2024-01-11,135.3000030517578,139.0,135.0500030517578,138.35000610351562,41809415,128.50250053405762,121.8720002746582,128.68397766802067,69.03115406333878,4.076056350619183,3.280015686643065,0.027478740250636235,130.92499923706055,126.57500076293945,128.75,121.125,116.75,1,1,0,1,7.625,-21.600006103515625,136.93834772542064,128.50250053405762,120.06665334269458,1.083670219841126,13.129467763356464,9.847505569458008,1,0,0,0.1381225499564207,1
2024-01-12,140.0,141.5,136.8000030517578,139.5500030517578,45508277,129.27250061035156,122.56100036621093,129.7188372283766,69.08463595266245,4.4388208464003185,3.5117767185945157,0.008673631335761156,133.5,127.82500076293945,130.66250038146973,122.375,118.9000015258789,1,1,0,1,8.287500381469727,-20.650001525878906,138.72832052289934,129.27250061035156,119.81668069780376,1.0434485077157671,14.629282899151422,10.277502441406256,1,0,0,-0.040221712125358966,0
2024-01-15,139.5500030517578,139.5500030517578,139.5500030517578,139.5500030517578,0,130.0700008392334,123.27800048828125,130.65513873536528,78.58547111292047,4.672453190999221,3.743912013075457,0.0,133.9749984741211,127.82500076293945,130.89999961853027,122.375,121.6999969482422,1,1,0,1,8.524999618530273,-17.85000610351561,140.1476225302765,130.0700008392334,119.99237914819027,0.9703491807471877,15.495689438026622,9.480002212524425,0,0,0,-0.07309932696857946,0
2024-01-16,135.0,135.3000030517578,131.0,133.5500030517578,47043428,130.3200008392334,123.79800048828125,130.93084009883123,61.05442406363438,4.323618666784682,3.8598533438173024,-0.04299534123101845,133.9749984741211,127.82500076293945,130.89999961853027,122.375,119.9499969482422,1,1,0,1,8.524999618530273,-13.60000610351561,140.48211003825458,130.3200008392334,120.15789164021218,0.6589238094801985,15.595624821331109,3.2300022125244254,0,0,0,-0.3114253712669892,0
2024-01-17,132.39999389648438,132.39999389648438,126.75,127.4000015258789,76780526,130.17750091552733,124.01600051879883,130.59456975855005,56.624615130610685,3.510444844702789,3.7899716439944,-0.0460501788494565,134.125,127.82500076293945,130.97500038146973,123.20000076293945,118.4499969482422,1,0,0,1,7.774999618530273,-8.950004577636705,140.41915789251627,130.17750091552733,119.9358439385384,0.3644018543147392,15.734911032951516,-2.777499389648426,0,0,0,-0.29452195516545926,1
2024-01-18,128.0500030517578,129.8000030517578,121.5999984741211,129.4499969482422,111946831,130.41250076293946,124.13900039672852,130.48556282423502,58.64662050938218,2.996870176255044,3.631351350446529,0.016091015681399812,131.54999923706055,128.82500076293945,130.1875,125.0999984741211,116.75,1,0,0,1,5.087501525878906,-12.699996948242188,140.35659132407395,130.41250076293946,120.46841020180497,0.45160423123763954,15.250210682196187,-0.9625038146972713,0,0,0,0.08720237692290034,1
2024-01-19,130.5,135.5,128.0,135.0500030517578,81155018,130.7975009918213,124.41400039672851,130.92027141733243,63.86334617130591,3.0070686274524405,3.5064948058477117,0.043259994094512644,131.54999923706055,130.8499984741211,131.19999885559082,127.0,120.0,1,1,0,1,4.19999885559082,-15.050003051757812,140.8333137553718,130.7975009918213,120.7616882282708,0.7118663510434036,15.345572640838192,4.252502059936518,0,0,0,0.260262119805764,0
2024-01-23,136.3000030517578,137.3000030517578,127.0,130.10000610351562,72520625,130.87750129699708,124.51300048828125,130.84215091125463,51.80413607697983,2.5859187272208146,3.3223795901223325,-0.03665306802210955,131.54999923706055,130.8499984741211,131.19999885559082,127.0,124.1500015258789,1,0,0,1,4.19999885559082,-5.950004577636719,140.86416917432678,130.87750129699708,120.89083341966739,0.46107334282907236,15.26109190405033,-0.7774951934814567,0,0,0,-0.2507930082143312,1
2024-01-24,131.4499969482422,136.89999389648438,129.8000030517578,136.1999969482422,54612769,131.43750114440917,124.80000045776367,131.3524219623963,59.885710758130166,2.713097776165995,3.2005232273310655,0.046886937421609653,131.54999923706055,130.8499984741211,131.19999885559082,127.0,123.5999984741211,1,1,0,1,4.19999885559082,-12.599998474121094,141.29832888187352,131.43750114440917,121.57667340694483,0.7414855999227536,15.004587962502939,4.762495803833019,0,0,0,0.2804122570936813,0
2024-01-25,135.89999389648438,138.1999969482422,132.8000030517578,136.14999389648438,60682540,131.89250068664552,125.0970002746582,131.8093335751666,57.69230204926316,2.7778321405706947,3.1159850099789916,-0.00036712960997209443,131.54999923706055,130.8499984741211,131.19999885559082,127.0,128.5500030517578,1,1,0,1,4.19999885559082,-7.5999908447265625,141.7413237137525,131.89250068664552,122.04367765953853,0.716142233347118,14.934621719708144,4.257493209838856,0,0,0,-0.02534336657563563,0
2024-01-29,136.89999389648438,137.6999969482422,132.35000610351562,135.5500030517578,55871017,132.5100009918213,125.36400039672851,132.16558781103242,52.910738995603964,2.749031223182243,3.0425942526196423,-0.004406837103369532,130.57500076293945,130.8499984741211,130.71249961853027,127.0,130.25,0,1,0,1,3.7124996185302734,-5.3000030517578125,141.62249949516456,132.5100009918213,123.39750248847804,0.6668039813022286,13.753676605746454,3.040002059936512,0,0,0,-0.0493382520448894,1
2024-01-30,135.85000610351562,138.8000030517578,134.64999389648438,137.1999969482422,57612020,133.18500099182128,125.70300033569336,132.64505534790953,55.45795923431081,2.8267618554529292,2.9994277731862997,0.012172584723988189,130.20000076293945,130.8499984741211,130.52499961853027,127.0,124.75,0,1,0,1,3.5249996185302734,-12.449996948242188,141.5570441796044,133.18500099182128,124.81295780403818,0.7397859080731799,12.572051094998638,4.014995956420904,0,0,0,0.07298192677095128,1
2024-01-31,140.0,142.0,138.0,139.5500030517578,89833027,133.93750114440917,126.0570004272461,133.3026694149427,56.44172020350552,3.0429129875072363,3.008124816050487,0.017128324750635082,131.79999923706055,131.29999923706055,131.54999923706055,127.25,127.3499984741211,1,1,0,1,4.299999237060547,-12.200004577636719,141.73768595110045,133.93750114440917,126.13731633771789,0.859767239266821,11.647499378506769,5.612501907348644,0,0,0,0.11998133119364107,1
2024-02-01,141.0,143.5,138.5500030517578,140.5500030517578,70252449,134.53000144958497,126.4240005493164,133.99289166606795,57.125615972342516,3.257357173732032,3.0579712875867964,0.007165890205169667,132.54999923706055,132.04999923706055,132.29999923706055,128.0,128.5,1,1,0,1,4.299999237060547,-12.050003051757812,142.44817060829635,134.53000144958497,126.61183229087361,0.880138481605295,11.771603468953652,6.02000160217284,0,0,0,0.020371242338473983,1
2024-02-02,141.8000030517578,145.0,141.4499969482422,143.8000030517578,78666454,135.34250144958497,126.93700057983398,134.9269022742289,56.654455903756684,3.6475073803328826,3.175878506136014,0.02312344311229353,136.0,132.79999923706055,134.39999961853027,128.75,125.0,1,1,0,1,5.649999618530273,-18.800003051757812,143.55829649571962,135.34250144958497,127.12670640345033,1.0147098701148778,12.140746562446276,8.45750160217284,1,0,0,0.13457138850958283,0
2024-02-05,145.0,145.39999389648438,138.25,140.25,54189688,135.86750144958495,127.41200057983399,135.43386396239757,50.80831079166708,3.628422456813439,3.266387296271499,-0.024687086066890185,136.1999969482422,132.99999618530273,134.59999656677246,128.9499969482422,127.0500030517578,1,1,0,1,5.649999618530273,-13.199996948242202,143.92717155150805,135.86750144958495,127.80783134766183,0.771878283787903,11.864014596476164,4.38249855041505,0,0,0,-0.24283158632697477,0
2024-02-06,140.39999389648438,141.8000030517578,138.0500030517578,139.9499969482422,46782951,136.20000114440919,127.90500045776368,135.86397186581135,50.45870869320694,3.5481884703623905,3.3227475310896772,-0.0021390591925690705,137.5999984741211,133.49999618530273,135.5499973297119,128.9499969482422,123.1999969482422,1,1,0,1,6.600000381469727,-16.749999999999986,144.35665500848498,136.20000114440919,128.0433472803334,0.7298734178453399,11.977465191688967,3.749995803833002,0,0,0,-0.04200486594256314,1
2024-02-07,141.0,142.89999389648438,139.64999389648438,140.39999389648438,75083259,136.5775005340576,128.4540003967285,136.29597396397068,59.00130491762256,3.480789081175203,3.354355841106783,0.0032154123476588747,138.875,133.49999618530273,136.18749809265137,128.9499969482422,123.6999969482422,1,1,0,1,7.23750114440918,-16.699996948242173,144.7777733081973,136.5775005340576,128.3772277599179,0.7330711104197256,12.00823377507168,3.822493362426769,0,0,0,0.0031976925743857354,1
2024-02-08,142.5,147.5,139.0,144.10000610351562,184839649,137.0675006866455,129.07100051879883,137.03921512011783,73.4550636143658,3.683473848826793,3.420179442650785,0.026353364443585603,139.9250030517578,134.54999923706055,137.23750114440918,130.0,124.5,1,1,0,1,7.23750114440918,-19.600006103515625,145.81760308743378,137.0675006866455,128.31739828585722,0.9018527495310557,12.767581457244448,7.032505416870123,0,0,0,0.16878163911133004,1
2024-02-09,146.89999389648438,151.39999389648438,142.25,149.4499969482422,257918995,137.8075008392334,129.78400039672852,138.22119434184395,75.70694490752544,4.227075442448495,3.5815586426103274,0.03712693003554324,143.02499389648438,136.49999618530273,139.76249504089355,132.14999771118164,128.6999969482422,1,1,0,1,7.612497329711914,-20.75,147.9991771507415,137.8075008392334,127.6158245277253,1.0711767011214077,14.791177910406692,11.642496109008789,1,0,0,0.16932395159035207,1
2024-02-12,151.0,158.8000030517578,149.5,153.8000030517578,155848102,138.58000068664552,130.52800048828124,139.7048904094548,74.90040244302776,4.951811360894652,3.855609186267192,0.029106766091284264,148.4000015258789,140.20000076293945,144.30000114440918,136.1500015258789,127.5500030517578,1,1,0,1,8.149999618530273,-26.250000000000014,150.93218288222184,138.58000068664552,126.2278184910692,1.1160855678830186,17.826789052349394,15.220002365112293,1,0,0,0.04490886676161088,1
2024-02-13,154.35000610351562,157.89999389648438,149.0,154.75,79935680,139.34000053405762,131.2520004272461,141.13775798950672,86.62704066502032,5.538976736051069,4.192282696223968,0.0061768330909752756,148.4250030517578,140.20000076293945,144.31250190734863,136.4000015258789,129.75,1,1,0,1,7.912500381469727,-25.0,153.56573779303855,139.34000053405762,125.1142632750767,1.0416239308164434,20.41874150201953,15.409999465942377,1,0,0,-0.07446163706657516,0
2024-02-14,152.9499969482422,153.75,150.10000610351562,152.25,38221083,139.97500038146973,131.97100036621094,142.19606675241084,76.70549321428263,5.736454146945107,4.501116986368196,-0.016155088852988664,148.4250030517578,140.20000076293945,144.31250190734863,136.47500228881836,133.3000030517578,1,1,0,1,7.837499618530273,-18.949996948242188,155.2747879083389,139.97500038146973,124.67521285460053,0.9011493491976005,21.860742968634586,12.274999618530273,0,0,0,-0.14047458161884296,1
2024-02-15,157.0,159.1999969482422,154.0,154.85000610351562,77367585,141.0400005340576,132.72000045776366,143.40120383346843,78.68099494775036,6.033208113630366,4.80753521182063,0.0170772157866379,148.625,140.39999771118164,144.51249885559082,136.67499923706055,132.85000610351562,1,1,0,1,7.837499618530273,-22.0,157.33551028294582,141.0400005340576,124.7444907851694,0.9237365317890786,23.10764277819646,13.810005569458013,0,0,0,0.022587182591478072,1
2024-02-16,156.89999389648438,160.0,155.35000610351562,156.6999969482422,61209337,142.50500030517577,133.51900039672853,144.66775555868497,81.24075344596136,6.344530769004336,5.114934323257372,0.01194698593353527,149.0250015258789,140.79999923706055,144.91250038146973,137.07500076293945,134.3000030517578,1,1,0,1,7.837499618530273,-22.399993896484375,158.89999721302652,142.50500030517577,126.11000339732502,0.9329063531652493,23.009714568247734,14.194996643066418,0,0,0,0.009169821376170728,1
2024-02-19,157.4499969482422,160.4499969482422,155.60000610351562,157.5,60218202,143.90750045776366,134.29100036621094,145.88987407690544,80.75756615953566,6.579960092654034,5.407939477136704,0.005105316319961695,149.7249984741211,141.02499771118164,145.37499809265137,137.29999923706055,134.64999389648438,1,1,0,1,8.07499885559082,-22.850006103515625,160.39420047735655,143.90750045776366,127.42080043817077,0.9122262043369181,22.912912762919785,13.59249954223634,0,0,0,-0.020680148828331135,1
2024-02-20,159.6999969482422,163.8000030517578,158.6999969482422,161.0500030517578,85356675,145.20750045776367,135.07800048828125,147.33369588403426,81.43273731870156,6.972619092888436,5.720875400287051,0.022539701915922583,151.4000015258789,142.70000076293945,147.05000114440918,138.97500228881836,138.35000610351562,1,1,0,1,8.07499885559082,-22.699996948242188,162.76122668650444,145.20750045776367,127.6537742290229,0.9512575389279787,24.177437354686237,15.84250259399414,0,0,0,0.03903133459106056,0
2024-02-21,162.3000030517578,167.8000030517578,157.60000610351562,158.64999389648438,91140945,146.6349998474121,135.85200042724608,148.41143855188665,75.42132020163878,7.009344142305082,5.978569148690657,-0.01490226084939672,155.0250015258789,144.70000076293945,149.86250114440918,140.97500228881836,139.5500030517578,1,1,0,1,8.88749885559082,-19.099990844726562,163.67833095729424,146.6349998474121,129.59166873752997,0.8524837360610125,23.24592508966804,12.014994049072271,0,0,0,-0.09877380286696624,1
2024-02-22,159.5500030517578,163.0,156.60000610351562,162.10000610351562,67614848,147.93000030517578,136.72500061035157,149.7151116520418,75.55863951400376,7.2334534124396725,6.229546001440461,0.021746059500527437,158.4000015258789,144.70000076293945,151.55000114440918,140.97500228881836,139.5500030517578,1,1,0,1,10.57499885559082,-22.550003051757812,165.53177456738496,147.93000030517578,130.3282260429666,0.9025164050865797,23.79743693084184,14.170005798339844,0,0,0,0.050032669025567245,1
2024-02-23,162.39999389648438,164.8000030517578,160.8000030517578,164.0500030517578,37200710,149.32500076293945,137.6710006713867,151.08033940439572,84.79529815516034,7.482160393032359,6.480068879758841,0.012029592071680417,158.4000015258789,144.70000076293945,151.55000114440918,140.97500228881836,133.5500030517578,1,1,0,1,10.57499885559082,-30.5,167.38754597620675,149.32500076293945,131.26245554967215,0.9076114997902552,24.192258658605265,14.72500228881836,0,0,0,0.005095094703675529,1
2024-02-26,165.1999969482422,168.5,163.14999389648438,164.1999969482422,33433566,150.75750045776368,138.55500061035156,152.32983059904777,85.60937879508958,7.603714829478008,6.704798069702675,0.000914318157233085,159.3000030517578,145.04999923706055,152.17500114440918,141.32500076293945,127.4000015258789,1,1,0,1,10.850000381469727,-36.79999542236328,168.76722860653317,150.75750045776368,132.7477723089942,0.8732009828087539,23.89231460336542,13.442496490478504,0,0,0,-0.03441051698150133,0
2024-02-27,163.75,163.85000610351562,158.0,161.3000030517578,29921497,151.96250076293944,139.29800064086913,153.18413273740111,78.63013755897101,7.380959221509528,6.840030300064046,-0.01766135170756722,161.25,147.75,154.5,142.32500076293945,129.4499969482422,1,1,0,1,12.174999237060547,-31.850006103515625,169.39838034951094,151.96250076293944,134.52662117636794,0.7677668838688754,22.947608125732764,9.33750228881837,0,0,0,-0.10543409893987854,0
2024-02-28,161.89999389648438,161.9499969482422,155.35000610351562,159.35000610351562,41883110,152.95250091552734,140.01300079345702,153.77135877226914,71.94244604316546,6.966766789520506,6.865377597955338,-0.012089255495032258,161.9250030517578,147.75,154.8375015258789,144.3499984741211,135.0500030517578,1,1,0,1,10.487503051757812,-24.300003051757812,169.6913934384607,152.95250091552734,136.21360839259398,0.6910970268559672,21.887700328846428,6.397505187988287,0,0,0,-0.07666985701290818,1
2024-02-29,156.4499969482422,168.85000610351562,155.4499969482422,165.4499969482422,175785440,154.19750061035157,140.75100067138672,154.88361002712372,72.53521126760563,7.049472651905916,6.902196608745454,0.0382804556704186,162.10000610351562,149.32500457763672,155.71250534057617,144.5250015258789,130.10000610351562,1,1,0,1,11.187503814697266,-35.34999084472656,170.76444108526263,154.19750061035157,137.6305601354405,0.8396069526214383,21.48794942763021,11.25249633789062,0,0,0,0.14850992576547106,1
2024-03-01,168.0,173.5,165.60000610351562,166.5,42587331,155.33250045776367,141.4760006713867,155.9899328816834,69.72049402466712,7.117695748765129,6.9452964367493895,0.006346346758085986,164.4250030517578,152.9250030517578,158.6750030517578,146.8499984741211,136.1999969482422,1,1,0,1,11.825004577636719,-30.300003051757812,172.00461265853207,155.33250045776367,138.66038825699528,0.8349155586213495,21.46635398469195,11.167499542236328,0,0,0,-0.004691394000088778,1
2024-03-04,168.0,175.60000610351562,168.0,169.8000030517578,55751426,156.81000061035155,142.37700073242186,157.3051776597857,71.78003143619421,7.353281657854723,7.026893480970457,0.01981983814869559,165.47500610351562,153.97500610351562,159.72500610351562,147.9000015258789,136.14999389648438,1,1,0,1,11.825004577636719,-33.65000915527344,173.107014468147,156.81000061035155,140.5129867525561,0.8985393445312886,20.785681773308585,12.990002441406261,0,0,0,0.06362378590993911,0
2024-03-05,170.75,171.5,164.0500030517578,165.85000610351562,29313864,158.10500106811523,143.14700088500976,158.11897084490283,68.88889736599393,7.138959959328901,7.049306776642146,-0.02326264356448904,165.47500610351562,155.125,160.3000030517578,147.9000015258789,135.5500030517578,1,1,0,1,12.400001525878906,-30.300003051757812,172.88258379008846,158.10500106811523,143.327418346142,0.7620525014515438,18.693377973043006,7.745005035400396,0,0,0,-0.1364868430797448,0
2024-03-06,164.39999389648438,164.39999389648438,157.5,161.5500030517578,95621548,159.1625015258789,143.80800094604493,158.44573581698427,58.885938316441404,6.54666824314333,6.948779069942383,-0.02592705995484834,165.47500610351562,156.8000030517578,161.13750457763672,147.9000015258789,137.1999969482422,1,1,0,1,13.237503051757812,-24.350006103515625,171.55539764325354,159.1625015258789,146.76960540850425,0.5963254070423328,15.572632999060568,2.3875015258789176,0,0,0,-0.16572709440921096,0
2024-03-07,161.75,163.4499969482422,158.64999389648438,160.0,43685238,159.95750122070314,144.50800094604492,158.59376097727147,54.411767705800834,5.884369153762066,6.73589708670632,-0.00959457147927889,165.47500610351562,156.82500457763672,161.15000534057617,148.10000228881836,139.5500030517578,1,0,0,1,13.050003051757812,-20.449996948242188,170.2444008112525,159.95750122070314,149.67060163015378,0.5020656748383112,12.86204086966311,0.04249877929686363,0,0,0,-0.09425973220402162,0
2024-03-11,161.0,163.1999969482422,149.0,154.85000610351562,51519591,160.2275016784668,145.06400100708007,158.23721289405663,46.82635461498877,4.887589793943079,6.366235628153673,-0.032187461853027344,162.3000030517578,156.82500457763672,159.56250381469727,148.10000228881836,140.5500030517578,1,0,0,1,11.462501525878906,-14.300003051757812,169.64368319033963,160.2275016784668,150.811320166594,0.21445454995898694,11.753514737773978,-5.377495574951183,0,0,0,-0.2876111248793243,1
2024-03-12,156.60000610351562,157.89999389648438,152.14999389648438,156.89999389648438,31159766,160.38250122070312,145.73800094604493,158.10985870381165,44.84470716951062,4.21447006481813,5.935882515486565,0.013238538664301691,162.3000030517578,156.82500457763672,159.56250381469727,148.10000228881836,143.8000030517578,1,0,0,1,11.462501525878906,-13.099990844726562,169.4665690716564,160.38250122070312,151.29843336974983,0.3083178493733241,11.328003718376559,-3.4825073242187443,0,0,0,0.09386329941433719,0
2024-03-13,157.4499969482422,158.25,147.5,148.64999389648438,53202095,160.07750091552734,146.23700088500976,157.2089191983519,39.15400727126369,2.980949250662462,5.344895862521744,-0.052581263995733374,161.5500030517578,156.82500457763672,159.18750381469727,148.10000228881836,140.25,1,0,0,1,11.087501525878906,-8.399993896484375,170.24281053198365,160.07750091552734,149.91219129907103,-0.0620835690308595,12.700485150402905,-11.427507019042963,0,1,0,-0.3704014184041836,1
2024-03-14,147.10000610351562,157.3000030517578,144.3000030517578,152.75,45708365,160.10250091552734,146.80200088500976,156.7842602270803,39.99998694434308,2.307610646682349,4.737438819353866,0.02758160963242795,159.95000457763672,157.3000030517578,158.62500381469727,148.60000228881836,139.9499969482422,1,0,0,1,10.025001525878906,-12.800003051757812,170.19286857063852,160.10250091552734,150.01213326041616,0.13566734301286812,12.604884492635154,-7.352500915527344,0,0,0,0.19775091204372763,1
2024-03-15,152.85000610351562,161.6999969482422,152.4499969482422,160.0500030517578,95085427,160.36250076293945,147.42900100708007,157.09528335324006,46.16122660806039,2.3361050249386324,4.257172060470819,0.04779052734375,159.95000457763672,157.3000030517578,158.62500381469727,148.60000228881836,140.39999389648438,1,1,0,1,10.025001525878906,-19.650009155273438,170.16188495725464,160.36250076293945,150.56311656862425,0.48405523729935396,12.22154075634106,-0.31249771118163494,0,0,0,0.34838789428648587,0
2024-03-18,162.5,164.4499969482422,157.25,158.25,35382756,160.44000091552735,148.0430009460449,157.2052563672172,44.4651175466472,2.1882174137463153,3.843381131125919,-0.011246504326374307,157.9000015258789,158.9250030517578,158.41250228881836,148.60000228881836,144.10000610351562,0,0,0,1,9.8125,-14.149993896484375,170.1463725625095,160.44000091552735,150.7336292685452,0.3871874581369315,12.099690341054801,-2.1900009155273494,0,0,0,-0.09686777916242245,0
2024-03-19,158.60000610351562,161.4499969482422,156.5,157.9499969482422,24847687,160.46250076293944,148.60700088500977,157.27618404160052,46.72531133601379,2.0234822337403955,3.4794013516488143,-0.0018957538815659314,154.375,159.95000457763672,157.16250228881836,148.60000228881836,149.4499969482422,0,1,0,1,8.5625,-8.5,170.14356105877295,160.46250076293944,150.78144046710594,0.370236124044255,12.066445742530082,-2.5125038146972543,0,0,0,-0.016951334092676518,1
2024-03-20,159.4499969482422,166.6999969482422,159.0,165.60000610351562,45544054,160.69000091552735,149.25300094604492,158.06892899987815,55.49692113367556,2.481613723515494,3.2798438260221503,0.04843310733193773,155.5,159.95000457763672,157.72500228881836,148.60000228881836,153.8000030517578,0,1,0,1,9.125,-11.800003051757812,170.62607980062432,160.69000091552735,150.75392203043037,0.7470796198766468,12.366766853552068,4.910005187988276,0,0,0,0.37684349583239185,1
2024-03-21,168.0,171.0,166.39999389648438,169.64999389648438,42227967,161.24000091552733,149.9890007019043,159.1718875614597,53.832113790463985,3.1353441024249378,3.250943881302708,0.02445644712378292,157.6500015258789,159.95000457763672,158.8000030517578,148.60000228881836,154.75,0,1,0,1,10.200000762939453,-14.899993896484375,171.8578930192869,161.24000091552733,150.62210881176776,0.8960293106566435,13.170295266026727,8.409992980957043,0,0,0,0.14894969077999665,1
2024-03-22,170.4499969482422,174.89999389648438,169.0500030517578,174.1999969482422,41776494,161.84500045776366,150.78700057983397,160.6031360744866,56.603770621938274,3.9747588125093216,3.395706867544031,0.026819942325103208,159.5999984741211,159.95000457763672,159.7750015258789,148.60000228881836,152.25,0,1,0,1,11.174999237060547,-21.949996948242188,173.8749594182746,161.84500045776366,149.8150414972527,1.01350950286009,14.866024809521855,12.354996490478527,1,0,0,0.11748019220344652,1
2024-03-26,173.39999389648438,183.6499938964844,172.1999969482422,182.6000061035156,64590292,162.77250061035156,151.7460008239746,162.69807607725127,60.09463817300815,5.257209713850699,3.7680074368053647,0.048220489681002565,163.9749984741211,163.9749984741211,163.9749984741211,152.62499618530273,154.85000610351562,0,1,0,1,11.35000228881836,-27.74999999999997,177.82110622823222,162.77250061035156,147.7238949924709,1.158782148879133,18.490353790047564,19.82750549316404,1,0,0,0.145272646019043,0
2024-03-27,183.6000061035156,189.0,177.1999969482422,179.4499969482422,50528769,163.53500061035157,152.56800064086914,164.29349711258374,60.862608788913256,5.950784935120822,4.204562936468457,-0.017250871029476755,166.6500015258789,166.6500015258789,166.6500015258789,155.29999923706055,156.6999969482422,0,1,0,1,11.35000228881836,-22.75,180.24892096745634,163.53500061035157,146.8210802532468,0.9761000410991384,20.440786736447166,15.914996337890614,0,0,0,-0.1826821077799946,1
2024-03-28,179.8000030517578,184.6999969482422,176.0,182.1000061035156,42567446,164.57500076293945,153.4190007019043,165.9893551117201,66.8580753005254,6.637765853800204,4.691203519934806,0.014767395933908745,170.7249984741211,166.6500015258789,168.6875,155.29999923706055,157.5,1,1,0,1,13.387500762939453,-24.600006103515597,183.09422254488717,164.57500076293945,146.05577898099173,0.9731571754721161,22.50551018817683,17.525005340576143,0,0,0,-0.002942865627022284,1
2024-04-01,183.8999938964844,188.1999969482422,182.75,184.5,20789208,165.83250045776367,154.31800064086914,167.75227367250864,69.82200059948754,7.291807216544328,5.211324259256711,0.01317953770479341,172.75,166.6500015258789,169.70000076293945,155.29999923706055,161.0500030517578,1,1,0,1,14.400001525878906,-23.449996948242188,186.09520902696053,165.83250045776367,145.5697918885668,0.9606368264757666,24.4375602047412,18.667499542236328,0,0,0,-0.012520348996349462,0
2024-04-02,185.0,185.0,180.75,183.1000061035156,36346394,166.71500091552736,155.3090007019043,169.21396247546167,74.33246433177038,7.60945484271781,5.690950375948931,-0.007588042799373418,172.75,166.6500015258789,169.70000076293945,155.29999923706055,158.64999389648438,1,1,0,1,14.400001525878906,-24.45001220703122,188.3267157661968,166.71500091552736,145.1032860648579,0.87907693353359,25.926538982079794,16.38500518798824,0,0,0,-0.08155989294217669,0
2024-04-03,181.9499969482422,182.0,177.85000610351562,178.3000030517578,24268721,167.30500106811525,156.32700073242188,170.07929967320416,67.59868202282243,7.388700405047246,6.030500381768594,-0.02621519875342937,174.0,166.6500015258789,170.32500076293945,155.29999923706055,162.10000610351562,1,1,0,1,15.025001525878906,-16.199996948242188,189.49750042909278,167.30500106811525,145.1125017071377,0.7477188757516823,26.529391493733357,10.995001983642567,0,0,0,-0.13135805778190768,1
2024-04-04,180.5,188.1499938964844,180.25,187.0,52772054,168.16500091552734,157.47800079345703,171.69079494242283,81.30611183329093,7.825559785591906,6.389512262533257,0.048794149183030155,177.6999969482422,166.6500015258789,172.17499923706055,155.29999923706055,164.0500030517578,1,1,0,1,16.875,-22.949996948242188,191.95327993151554,168.16500091552734,144.37672189953915,0.8958882244447692,28.29159324054299,18.834999084472656,0,0,0,0.14816934869308696,1
2024-04-05,188.25,191.8000030517578,187.25,190.5,35235139,169.39750061035156,158.58700073242187,173.4821478050492,81.12117461180048,8.357850641738395,6.7831799383742855,0.018716577540107027,180.4250030517578,168.0500030517578,174.2375030517578,156.70000076293945,164.1999969482422,1,1,0,1,17.53750228881836,-26.300003051757812,195.05884494723864,169.39750061035156,143.73615627346447,0.9111729127011188,30.297193576560915,21.102499389648443,0,0,0,0.015284688256349543,1
2024-04-08,191.6000061035156,194.0,190.5500030517578,191.8000030517578,23092887,170.91000061035157,159.8210006713867,175.22670544759288,79.04847741644389,8.783345423284118,7.183213035356252,0.006824163001353245,183.0999984741211,169.1500015258789,176.125,160.5,161.3000030517578,1,1,0,1,15.625,-30.5,198.06532693351147,170.91000061035157,143.75467428719168,0.8846391347466488,31.77734038521227,20.89000244140624,0,0,0,-0.026533777954469984,1
2024-04-09,192.5500030517578,195.5,188.75,193.6999969482422,30824719,172.59500045776366,160.97100067138672,176.9860665428928,82.374417414022,9.16818164075849,7.5802067564367,0.009906120262008766,185.75,169.9000015258789,177.82500076293945,161.25,159.35000610351562,1,1,0,1,16.575000762939453,-34.34999084472656,200.98735882628992,172.59500045776366,144.2026420892374,0.8716668445879089,32.900557134590066,21.104996490478527,0,0,0,-0.012972290158739908,1
2024-04-10,195.0,199.6000061035156,194.0500030517578,196.8999938964844,35141522,174.6974998474121,162.18600067138672,178.88263105275865,83.78143171090836,9.62048120712089,7.988261646573538,0.016520376864524566,187.8000030517578,171.95000457763672,179.87500381469727,164.70000457763672,165.4499969482422,1,1,0,1,15.174999237060547,-31.449996948242216,203.74252653491448,174.6974998474121,145.65247315990973,0.8822081881340755,33.25179434493508,22.2024940490723,0,0,0,0.010541343546166648,0
2024-04-12,195.8500061035156,199.6999969482422,190.5,192.1000061035156,56543869,176.45750045776367,163.3170007324219,180.14142867664026,74.17883750277049,9.482306841645226,8.287070685587876,-0.02437779553966002,188.7750015258789,172.0,180.38750076293945,166.0250015258789,166.5,1,1,0,1,14.362499237060547,-25.600006103515597,205.2401752443094,176.45750045776367,147.67482567121795,0.7717347460192253,32.622784196623094,15.642505645751925,0,0,0,-0.11047344211485022,0
2024-04-15,188.0,192.3999938964844,184.5,188.3000030517578,48456568,178.44000091552735,164.33900085449218,180.9184357599848,67.09441623456743,8.962855948991063,8.422227738268514,-0.019781379130774712,188.7750015258789,172.0,180.38750076293945,166.0250015258789,169.8000030517578,1,1,0,1,14.362499237060547,-18.5,204.6338670851968,178.44000091552735,152.2461347458579,0.6882120430860185,29.358737990670058,9.860002136230463,0,0,0,-0.08352270293320685,0
2024-04-16,187.0,189.3000030517578,183.8999938964844,186.4499969482422,43273463,180.12500076293946,165.27700073242187,181.4452511112474,61.81292049951119,8.306159110887677,8.399014012792348,-0.00982477999751874,188.7750015258789,172.0,180.38750076293945,167.17499542236328,165.85000610351562,1,1,0,1,13.212505340576172,-20.599990844726562,203.69613787705214,180.12500076293946,156.5538636488268,0.634168244719848,26.171977253878698,6.324996185302723,0,0,0,-0.05404379836617046,0
2024-04-18,188.5,189.25,183.0,185.1999969482422,35346377,181.38250045776368,166.17000061035156,181.80284595286594,52.908267362676895,7.5972808575486965,8.238667381743618,-0.006704210353765783,189.9749984741211,172.0,180.98749923706055,168.8499984741211,161.5500030517578,1,1,0,1,12.137500762939453,-23.649993896484375,203.14998293869715,181.38250045776368,159.61501797683022,0.587688057032372,24.001744849693694,3.8174964904785043,0,0,0,-0.04648018768747597,1
2024-04-19,182.3000030517578,191.0,181.3999938964844,189.1999969482422,34112204,182.93000030517578,167.07800048828125,182.50733652385415,60.70252756632465,7.274401532481988,8.045814211891292,0.021598272494129045,190.54999542236328,172.0,181.27499771118164,168.875,160.0,1,1,0,1,12.39999771118164,-29.199996948242188,202.15093694304085,182.93000030517578,163.70906366731072,0.6631033065973114,21.014526437215814,6.269996643066406,0,0,0,0.07541524956493939,1
2024-04-22,193.0,197.6999969482422,190.8000030517578,193.3500061035156,28792292,184.70000076293945,168.14000061035156,183.53997172191714,61.95536973304084,7.269589098933238,7.890569189299682,0.02193450963114274,190.54999542236328,172.0,181.27499771118164,168.875,154.85000610351562,1,1,0,1,12.39999771118164,-38.49999999999997,200.63198084640342,184.70000076293945,168.76802067947548,0.7714667384487289,17.25173797255421,8.650005340576143,0,0,0,0.1083634318514175,0
2024-04-23,194.3999938964844,194.5,186.6000061035156,187.4499969482422,35740731,185.7925003051758,169.09000061035155,183.91235507680526,52.91789987156055,6.712318352581946,7.654919021956135,-0.030514657196931583,190.54999542236328,172.0,181.27499771118164,168.875,156.89999389648438,1,1,0,1,12.39999771118164,-30.550003051757812,199.11932682113894,185.7925003051758,172.46567378921264,0.562186471816115,14.345925152062652,1.6574966430663949,0,0,0,-0.2092802666326139,0
2024-04-24,189.0,189.1000061035156,183.1499938964844,184.3999938964844,32622315,186.53000030517578,169.97000061035158,183.95879686915566,51.24519874421955,5.95591147478666,7.3151175125222405,-0.016271022146775116,190.54999542236328,172.0,181.27499771118164,168.875,148.64999389648438,1,1,0,1,12.39999771118164,-35.75000000000003,197.65206810641214,186.53000030517578,175.4079325039394,0.40424413666788683,11.92523216966698,-2.130006408691372,0,0,0,-0.1579423351482282,1
2024-04-25,184.0,188.8999938964844,182.5,184.6999969482422,38839521,187.05500030517578,170.7820004272461,184.0293873528782,56.70858727321352,5.319343235915909,6.915962657200975,0.0016269146512346566,190.54999542236328,176.0749969482422,183.31249618530273,169.3499984741211,152.75,1,1,0,1,13.96249771118164,-31.949996948242188,196.691487117089,187.05500030517578,177.41851349326257,0.37780799149633065,10.30337258687714,-2.3550033569335938,0,0,0,-0.02643614517155618,1
2024-04-26,189.0,190.4499969482422,186.3500061035156,188.1000061035156,33778145,187.3300003051758,171.55500061035156,184.41706532912937,51.29717626194429,5.031213941655295,6.53901291409184,0.0184082794339524,189.54999542236328,178.0999984741211,183.8249969482422,169.3499984741211,160.0500030517578,1,1,0,1,14.474998474121094,-28.050003051757784,196.7538206999268,187.3300003051758,177.90617991042478,0.5408542271650624,10.06119722350807,0.7700057983398096,0,0,0,0.16304623566873172,1
2024-04-29,189.3999938964844,194.3000030517578,186.4499969482422,193.6000061035156,33415230,188.03750076293946,172.3510006713867,185.29163111716613,53.490995944738444,5.186882284423746,6.268586788158222,0.029239765133092233,189.54999542236328,178.0999984741211,183.8249969482422,170.9749984741211,158.25,1,1,0,1,12.849998474121094,-35.3500061035156,197.1066720151966,188.03750076293946,178.9683295106823,0.8066710940755327,9.646130389374546,5.562505340576138,0,0,1,0.26581686691047035,0
2024-04-30,195.0,196.9499969482422,192.1999969482422,193.1499938964844,39383265,188.5900001525879,173.1190005493164,186.04004661995833,51.549930888775634,5.213836481935886,6.057636726913755,-0.002324443144854915,189.54999542236328,179.3499984741211,184.4499969482422,172.0,157.9499969482422,1,1,0,1,12.449996948242188,-35.199996948242216,197.48975259535231,188.5900001525879,179.69024770982347,0.7561865497508208,9.438201851173071,4.559993743896513,0,0,1,-0.050484544324711944,1
2024-05-02,193.6000061035156,195.9499969482422,192.75,195.4499969482422,27391448,189.1375,173.98300048828125,186.93623236550917,51.99089681319025,5.3590135299054396,5.917912087512092,0.01190785982105913,189.54999542236328,183.04999542236328,186.29999542236328,172.0,165.60000610351562,1,1,0,1,14.299995422363281,-29.849990844726562,198.30662537641783,189.1375,179.96837462358215,0.8442256861530856,9.69572440834614,6.312496948242199,0,0,1,0.0880391364022648,1
2024-05-03,196.8000030517578,200.3500061035156,193.1000061035156,197.25,37882274,189.84499969482422,174.83100036621093,187.9184959497464,50.411287546260404,5.555274839082671,5.845384637826209,0.009209532258189101,191.4250030517578,184.70000457763672,188.06250381469727,172.32500457763672,169.64999389648438,1,1,0,1,15.737499237060547,-27.600006103515625,199.22278736760433,189.84499969482422,180.46721202204412,0.8948159503903823,9.879414983649706,7.405000305175776,0,0,0,0.050590264237296734,0
2024-05-06,199.0,202.0,194.5,195.6999969482422,26394239,190.71499938964843,175.61100036621093,188.65959128293647,54.58013355495434,5.52208587959035,5.780724886179037,-0.007858063633753187,192.25,187.0999984741211,189.67499923706055,173.1500015258789,174.1999969482422,1,1,0,1,16.52499771118164,-21.5,198.78433101188287,190.71499938964843,182.64566776741398,0.8088854066214091,8.46218876130246,4.984997558593761,0,0,1,-0.08593054376897324,0
2024-05-07,196.1499938964844,196.3500061035156,182.3500061035156,191.4499969482422,48161265,190.93749923706054,176.2900003051758,188.9253442034418,53.96225038962636,5.094122040904438,5.6434043171241175,-0.021716913981986496,192.1750030517578,189.0,190.5875015258789,173.1500015258789,182.6000061035156,1,1,0,1,17.4375,-8.849990844726591,198.8282462416482,190.93749923706054,183.04675223247287,0.5324746003695016,8.265266944541704,0.512497711181652,0,0,1,-0.2764108062519075,1
2024-05-08,190.6499938964844,196.0,187.3000030517578,195.4499969482422,47941406,191.18499908447265,176.97800018310548,189.5467397029466,60.73984272178572,5.019858383348179,5.51869513036893,0.0208931839318931,192.1750030517578,189.0,190.5875015258789,173.1500015258789,179.4499969482422,1,1,0,1,17.4375,-16.0,199.3123055014063,191.18499908447265,183.057692667539,0.7623869240910612,8.50203358616302,4.264997863769537,0,0,1,0.22991232372155967,0
2024-05-09,195.0,199.6999969482422,193.1000061035156,195.25,47274769,191.35749893188478,177.71000030517578,190.08990735028505,62.30108970400982,4.888514070208174,5.392658918336779,-0.0010232640131232484,192.1750030517578,189.9250030517578,191.0500030517578,173.1500015258789,182.1000061035156,1,1,0,1,17.900001525878906,-13.149993896484403,199.67394560807978,191.35749893188478,183.04105225568978,0.7340242906418868,8.692052020553744,3.892501068115223,0,0,1,-0.028362633449174446,1
2024-05-10,196.3500061035156,205.0,189.8999938964844,201.3000030517578,52717901,191.73749923706055,178.49400024414064,191.15753551233007,64.10255315849423,5.212520745578217,5.356631283785067,0.030985931122959443,193.6750030517578,191.4250030517578,192.5500030517578,174.6500015258789,184.5,1,1,0,1,17.900001525878906,-16.800003051757812,201.07874661809433,191.73749923706055,182.39625185602677,1.0118429811693412,9.74378764529983,9.562503814697266,1,0,0,0.27781869052745445,0
2024-05-13,205.8000030517578,207.1999969482422,186.75,194.3000030517578,114135952,191.6074996948242,179.09900024414063,191.45681813513272,51.03824699202045,4.848565625192066,5.255018152066467,-0.03477396867301674,194.7750015258789,192.5250015258789,193.6500015258789,175.75,183.1000061035156,1,1,0,1,17.900001525878906,-11.199996948242216,200.7274952018459,191.6074996948242,182.48750418780253,0.6476153883442477,9.519455680541963,2.6925033569335994,0,0,1,-0.36422759282509354,0
2024-05-14,191.6999969482422,193.4499969482422,182.1000061035156,187.3000030517578,110070781,191.36749954223632,179.56100036621095,191.06093098433513,49.83992126015026,3.9497567345738958,4.993965868567953,-0.03602676217218248,194.6500015258789,193.7249984741211,194.1875,175.75,178.3000030517578,1,0,0,1,18.4375,-9.0,200.67375070522414,191.36749954223632,182.0612483792485,0.2814642857128405,9.726051900400003,-4.067496490478504,0,0,0,-0.3661511026314072,1
2024-05-15,188.8000030517578,193.3999938964844,183.1499938964844,192.0,44772997,191.55249938964843,180.1750003051758,191.15036612868417,57.83505290863798,3.5754787935268837,4.710268453559739,0.02509341629291595,194.6500015258789,194.29999542236328,194.4749984741211,175.75,187.0,1,0,0,1,18.724998474121094,-5.0,200.7539946679408,191.55249938964843,182.35100411135608,0.5243167331404976,9.607282919942529,0.4475006103515682,0,0,1,0.24285244742765716,1
2024-05-16,192.8999938964844,195.8500061035156,189.0,195.1999969482422,35478593,191.98999938964843,180.8920001220703,191.53604525435637,60.21400293063609,3.496765305175728,4.467567823882938,0.016666650772094727,194.6500015258789,194.29999542236328,194.4749984741211,175.75,190.5,1,1,0,1,18.724998474121094,-4.6999969482421875,201.00973507377546,191.98999938964843,182.9702637055214,0.6779429947289212,9.396047411637575,3.2099975585937557,0,0,1,0.15362626158842352,0
2024-05-17,195.1499938964844,196.0,193.1000061035156,194.8500061035156,20841351,192.4724998474121,181.4800003051758,191.8516605733239,56.98035072172328,3.3673265183676904,4.247519562779889,-0.0017929859129013348,194.6500015258789,194.29999542236328,194.4749984741211,175.75,191.8000030517578,1,1,0,1,18.724998474121094,-3.050003051757784,201.00710622933494,192.4724998474121,183.93789346548928,0.6392862277245316,8.868390433634803,2.377506256103487,0,0,1,-0.03865676700438958,0
2024-05-21,194.3999938964844,196.5,188.75,189.1000061035156,33453174,192.46750030517578,181.9320004272461,191.58959824286597,45.37037095179039,2.768850813394266,3.9517858129027643,-0.02950987847003339,194.6500015258789,194.29999542236328,194.4749984741211,175.75,193.6999969482422,1,0,0,1,18.724998474121094,4.599990844726591,201.00988251848003,192.46750030517578,183.92511809187152,0.30289489994866375,8.876700949261023,-3.367494201660179,0,0,1,-0.33639132777586783,0
2024-05-22,190.0,190.0,183.3500061035156,185.5,40374419,192.075,182.24600036621095,191.00963650545015,42.60870154929043,1.9812257620560558,3.5576738027334227,-0.019037577934000183,194.6500015258789,194.29999542236328,194.4749984741211,175.75,196.8999938964844,1,0,0,1,18.724998474121094,11.399993896484403,201.1253876559863,192.075,183.0246123440137,0.13675589102246835,9.423805967446361,-6.574999999999989,0,0,1,-0.1661390089261954,1
2024-05-23,186.5,189.3999938964844,184.5,186.8000030517578,20931137,192.0425003051758,182.6650003051758,190.60871903366993,41.47783852563116,1.4452664836599922,3.135192338918737,0.007008102704893826,194.6500015258789,194.29999542236328,194.4749984741211,175.75,192.1000061035156,1,0,0,1,18.724998474121094,5.300003051757784,201.16348050019943,192.0425003051758,182.92152011015216,0.21261327503603927,9.498918396218997,-5.24249725341798,0,0,1,0.07585738401357092,0
2024-05-24,188.0,188.0,179.10000610351562,182.8999938964844,37064093,191.96750030517578,183.09200012207032,189.87455473489035,36.42383685310395,0.697773253343172,2.6477085218036245,-0.020877992995496975,193.1500015258789,193.1500015258789,193.1500015258789,175.75,188.3000030517578,0,0,0,1,17.400001525878906,5.400009155273409,201.35926710185618,191.96750030517578,182.57573350849538,0.01726301317999297,9.78474666987908,-9.067506408691372,0,0,0,-0.19535026185604631,1
2024-05-27,183.8999938964844,185.4499969482422,178.39999389648438,183.6499938964844,47652253,191.91500015258788,183.565,189.28173941694692,38.42458948583016,0.16400763695995124,2.1509683448348897,0.004100601558381989,187.4499969482422,192.79999542236328,190.12499618530273,175.75,186.4499969482422,0,0,0,1,14.374996185302734,2.800003051757784,201.47884457113932,191.91500015258788,182.35115573403644,0.06790355978232701,9.966750291480514,-8.265006256103476,0,0,0,0.05064054660233404,0
2024-05-28,184.3500061035156,184.8000030517578,180.3999938964844,181.6000061035156,34444521,191.5900001525879,184.1,188.55014576804868,40.120368451613686,-0.4195856201806123,1.6368575518317894,-0.011162471337321622,187.4499969482422,192.79999542236328,190.12499618530273,175.75,185.1999969482422,0,0,0,1,14.374996185302734,3.599990844726591,202.05009597384336,191.5900001525879,181.12990433133243,0.022471198171430652,10.919250287514732,-9.989994049072294,0,0,0,-0.04543236161089636,1
2024-05-29,180.5500030517578,185.3999938964844,180.0,183.3500061035156,30888209,191.0775001525879,184.62900024414063,188.05489437142649,37.28992313864373,-0.7324340624396939,1.1629992289774929,0.009636563552770205,187.4499969482422,192.79999542236328,190.12499618530273,175.75,189.1999969482422,0,0,0,1,14.374996185302734,5.849990844726591,202.08361005532115,191.0775001525879,180.07139024985466,0.14894526234227093,11.520048036994563,-7.727494049072305,0,0,0,0.12647406417084028,0
2024-05-30,183.0,185.0,179.0,180.6000061035156,33684173,190.45000076293945,185.26800048828125,187.34490501257784,35.39382285197905,-1.1885696332986413,0.6926854565222661,-0.01499863598830431,187.4499969482422,192.79999542236328,190.12499618530273,175.75,193.3500061035156,0,0,0,1,14.374996185302734,12.75,202.30984745254625,190.45000076293945,178.59015407333266,0.08473347433505381,12.454551475029094,-9.849994659423857,0,0,0,-0.06421178800721712,0
2024-05-31,178.8000030517578,183.1499938964844,171.25,179.14999389648438,149283415,189.63500061035157,185.79600036621093,186.5644372872356,25.686050854810375,-1.6480663434122675,0.2245350965353593,-0.008028860232707324,183.875,189.2249984741211,186.54999923706055,175.75,187.4499969482422,0,0,0,1,10.799999237060547,8.300003051757812,202.22615231191892,189.63500061035157,177.0438489087842,0.0836359150306317,13.279354192044698,-10.485006713867193,0,0,0,-0.0010975593044221105,0
2024-06-03,184.5,185.5,175.0,175.4499969482422,53437123,188.54500045776368,186.10400024414062,185.50591915971242,27.692300469212284,-2.284445957253837,-0.27726111422247995,-0.020653067676798864,180.625,189.2249984741211,184.92499923706055,175.75,184.3999938964844,0,0,1,1,9.174999237060547,8.949996948242216,202.0516626094301,188.54500045776368,175.03833830609724,0.015239095992867224,14.3272556884287,-13.09500350952149,0,0,0,-0.06839681903776447,0
2024-06-04,176.5,176.5,146.3000030517578,172.0,75272859,187.36000061035156,186.37900024414063,184.2196411445017,30.232552637897868,-3.032213833402551,-0.8282516580584942,-0.019663704806218596,167.8499984741211,176.75,172.29999923706055,176.75,184.6999969482422,0,0,1,0,4.450000762939453,12.699996948242188,202.23688324750108,187.36000061035156,172.48311797320204,-0.016237204560437712,15.880532225326624,-15.360000610351562,0,1,0,-0.031476300553304935,1
2024-06-05,175.0,185.3000030517578,166.75,183.8000030517578,57213537,186.97750091552734,186.89600036621093,184.17967561185944,41.04803886260061,-2.6422059278699805,-1.1910425120207915,0.0686046689055686,167.1500015258789,176.75,171.95000076293945,176.75,188.1000061035156,0,1,0,0,4.799999237060547,4.300003051757784,201.80738680342296,186.97750091552734,172.14761502763173,0.39286843176712993,15.86274906369131,-3.1774978637695312,0,0,0,0.40910563632756763,0
2024-06-06,185.0,185.8000030517578,182.5,183.6499938964844,20887553,186.38750076293945,187.2570001220703,184.12922973420467,36.49122932256357,-2.3185001119574906,-1.4165340320081314,-0.0008161542588830395,166.0500030517578,176.75,171.4000015258789,176.75,193.6000061035156,0,1,0,0,5.349998474121094,9.950012207031193,200.75381335578223,186.38750076293945,172.02118817009668,0.40472479111240894,15.415532193990678,-2.7375068664550497,0,0,0,0.01185635934527901,1
2024-06-07,182.5,187.0,180.6999969482422,184.0,33175407,185.82500076293945,187.54400024414062,184.11692214047088,37.309943440795585,-2.010542075711868,-1.5353356407488787,0.001905832372163685,166.6500015258789,176.75,171.70000076293945,176.75,193.1499938964844,0,1,0,0,5.049999237060547,9.149993896484403,199.62922352079514,185.82500076293945,172.02077800508377,0.433897011264148,14.857228791798576,-1.8250007629394531,0,0,0,0.029172220151739037,0
2024-06-10,184.0,186.5,181.55999755859372,182.16000366210935,33163473,184.86800079345704,187.70320037841796,183.9305489520555,41.065914465982026,-1.8931325862262725,-1.6068950298443576,-0.009999980097231798,166.6500015258789,176.75,171.70000076293945,176.75,195.4499969482422,0,1,0,0,5.049999237060547,13.289993286132841,196.77112944789812,184.86800079345704,172.96487213901597,0.38624851457279097,12.87743536291042,-2.707997131347696,0,0,0,-0.04764849669135701,1
2024-06-11,182.6000061035156,186.0,180.10000610351562,184.0200042724609,41803815,184.3540008544922,187.73160034179688,183.93906850637984,48.00539774211177,-1.6311948168721528,-1.6117549872499168,0.01021080683442288,166.6500015258789,176.75,171.70000076293945,176.75,197.25,0,1,0,0,5.049999237060547,13.229995727539091,195.44358940930158,184.3540008544922,173.26441229968282,0.48494098404189934,12.030754421828062,-0.3339965820312898,0,0,0,0.09869246946910837,0
2024-06-12,184.38999938964844,184.8800048828125,179.3300018310547,179.64999389648438,42830411,183.97150039672852,187.73560028076173,183.53058521019932,41.10031858444728,-1.7559886194005685,-1.6406017136800473,-0.023747474592524576,166.6500015258789,176.75,171.70000076293945,176.75,195.6999969482422,0,1,0,0,5.049999237060547,16.050003051757812,195.15557382357707,183.97150039672852,172.78742696987996,0.3068008705187009,12.15848476827168,-4.321506500244141,0,0,0,-0.17814011352319842,1
2024-06-13,183.8000030517578,185.8000030517578,180.1499938964844,184.94000244140625,47891484,183.61850051879884,187.79240020751953,183.66481542269523,52.45429158659721,-1.4117552916509908,-1.5948324292742362,0.029446193847187274,166.6500015258789,176.75,171.70000076293945,176.75,191.4499969482422,0,1,0,0,5.049999237060547,6.5099945068359375,194.19589626766017,183.61850051879884,173.0411047699375,0.5624682083370887,11.521056668010882,1.3215019226074105,0,0,0,0.25566733781838774,1
2024-06-14,185.6999969482422,186.6000061035156,184.0500030517578,186.2400054931641,29823712,183.1705009460449,187.82720031738282,183.91007161988276,53.0752905273464,-1.022264488953141,-1.4803188412100172,0.00702932321075167,166.6500015258789,176.75,171.70000076293945,176.75,195.4499969482422,0,1,0,0,5.049999237060547,9.209991455078097,192.42397230096694,183.1705009460449,173.91702959112288,0.6658569216560267,10.103669867286927,3.0695045471191804,0,0,0,0.10338871331893806,1
2024-06-18,187.5,189.1000061035156,184.8000030517578,188.6100006103516,40633379,182.8585006713867,187.93740020751954,184.3576839046893,58.26065066467204,-0.5163986998392431,-1.2875348129358626,0.012725488870727553,177.9250030517578,176.75,177.3375015258789,176.75,195.25,1,1,0,1,0.5875015258789062,6.639999389648409,190.85054788131592,182.8585006713867,174.8664534614575,0.8598264492118677,8.741236727399011,5.7514999389648835,0,0,1,0.19396952755584096,1
2024-06-19,190.0,201.0,189.55999755859372,198.4900054931641,112274897,183.32800064086913,188.34120025634766,185.70361929406786,64.97229669023997,0.6739683187488765,-0.8952341865989148,0.052383250362336486,190.16500091552734,176.75,183.45750045776367,176.75,201.3000030517578,1,1,0,1,6.707500457763672,2.8099975585937216,193.5294029124763,183.32800064086913,173.12659836926198,1.2431333677770116,11.12912619561178,15.162004852294956,1,0,0,0.3833069185651439,0
2024-06-20,199.9900054931641,201.8000030517578,195.0,197.0500030517578,44395214,183.90550079345704,188.54220031738282,186.78422727099073,66.70048899338873,1.484039510992062,-0.41937944708071956,-0.007254785639349892,190.56500244140625,174.0500030517578,182.30750274658203,176.75,194.3000030517578,1,1,0,1,5.557502746582031,-2.75,195.71438458456402,183.90550079345704,172.09661700235006,1.056551427333023,12.842338853550068,13.144502258300776,1,0,0,-0.18658194044398857,0
2024-06-21,197.8999938964844,199.9499969482422,193.0500030517578,193.9499969482422,37841138,184.26300048828125,188.61120025634764,187.46668152596706,64.53830207882103,1.8545046076429514,0.03539736386401465,-0.015732078434433583,190.56500244140625,174.0500030517578,182.30750274658203,176.75,187.3000030517578,1,1,0,1,5.557502746582031,-6.649993896484375,196.81056057782487,184.26300048828125,171.71544039873763,0.8860111603702736,13.619185681654656,9.686996459960938,0,0,0,-0.17054026696274938,1
2024-06-24,193.8999938964844,199.8000030517578,191.9499969482422,198.9199981689453,34201378,185.0640007019043,188.7536001586914,188.55747358720308,72.49375258846405,2.520088417694552,0.5323355746301222,0.025625167821113237,190.56500244140625,174.0500030517578,182.30750274658203,176.75,192.0,1,1,0,1,5.557502746582031,-6.9199981689453125,199.1163605620898,185.0640007019043,171.0116408417188,0.9930131879948209,15.186486628288812,13.855997467041021,0,0,0,0.10700202762454725,1
2024-06-25,201.75,204.6999969482422,200.0,202.2700042724609,60670560,185.99500122070313,188.9250003051758,189.86342889056095,79.06661552081297,3.280075212543153,1.0818835022127284,0.016840971920130343,192.01499938964844,175.5,183.75749969482422,176.75,195.1999969482422,1,1,0,1,7.007499694824219,-7.070007324218722,201.89503890936865,185.99500122070313,170.0949635320376,1.0117913356695865,17.097274210932596,16.27500305175778,1,0,0,0.0187781476747656,0
2024-06-26,202.55999755859372,203.47999572753903,196.0,197.25,38934432,186.77750091552736,188.9320004272461,190.56691185336467,64.84873130514208,3.4376705062875317,1.5530409030276893,-0.0248183327553545,192.42499542236328,175.5,183.96249771118164,176.75,194.8500061035156,1,1,0,1,7.212497711181641,-2.3999938964844034,203.2648833184365,186.77750091552736,170.29011851261822,0.8175913200941107,17.65457008696757,10.472499084472645,0,0,0,-0.19420001557547573,1
2024-06-27,198.1999969482422,201.5,196.0,200.1499938964844,32535933,187.61750030517578,189.09300018310546,191.4795863336618,67.17317504523001,3.75330541470953,1.9930938053640574,0.014702123683064228,194.375,175.5,184.9375,176.75,189.1000061035156,1,1,0,1,8.1875,-11.049987792968807,205.00791583124052,187.61750030517578,170.22708477911104,0.8603276061036301,18.538159284478002,12.532493591308622,0,0,0,0.0427362860095194,1
2024-06-28,201.3000030517578,203.9199981689453,199.1000061035156,200.55999755859372,37287397,188.6154998779297,189.33820007324218,192.34438740270295,67.21412157026458,3.990531855439656,2.392581415379177,0.0020484820115527214,194.75,175.5,185.125,176.75,185.5,1,1,0,1,8.375,-15.059997558593722,206.56250914513643,188.6154998779297,170.66849061072296,0.8327712573952178,19.030259208624834,11.944497680664028,0,0,0,-0.02755634870841228,1
2024-07-01,199.7100067138672,204.5,194.55999755859372,203.97000122070312,53536850,189.85650024414062,189.6886001586914,193.45158871870296,71.95488047343682,4.402939964608009,2.7946531252249436,0.01700241176515349,197.12999725341797,175.5,186.31499862670898,176.75,186.8000030517578,1,1,0,1,9.564998626708984,-17.169998168945312,208.43519222182172,189.85650024414062,171.27780826645952,0.879830318343113,19.57129932742925,14.113500976562506,0,0,0,0.04705906094789514,1
2024-07-02,204.0,209.83999633789065,202.25,209.08999633789065,65698266,191.53850021362305,190.16640014648436,194.94096087291132,73.68219710259075,5.0843084359587465,3.252584187371704,0.025101706557561387,200.8949966430664,178.06999969482422,189.4824981689453,178.06999969482422,182.8999938964844,1,1,0,1,11.412498474121094,-26.19000244140625,210.6781790763132,191.53850021362305,172.3988213509329,0.9585107265953541,19.985202809193606,17.5514961242676,0,0,0,0.0786804082522411,0
2024-07-03,209.4499969482422,213.9499969482422,205.3300018310547,208.44000244140625,61479249,193.36050033569336,190.55120025634767,196.22658387943466,79.25218013611041,5.50835193104723,3.7037377361068096,-0.0031086800318940178,202.9499969482422,180.125,191.5374984741211,180.125,183.6499938964844,1,1,0,1,11.412498474121094,-24.790008544921847,211.6315190970874,193.36050033569336,175.08948157429933,0.912661776079375,18.89839830748648,15.07950210571289,0,0,0,-0.04584895051597904,0
2024-07-04,208.38999938964844,210.2899932861328,206.6999969482422,207.44000244140625,30004307,194.5425003051758,190.83300018310547,197.29452850438435,75.04451611106164,5.698034419437931,4.102597072773034,-0.00479754360145479,202.9499969482422,180.125,191.5374984741211,180.125,181.6000061035156,1,1,0,1,11.412498474121094,-25.839996337890653,213.24029389462143,194.5425003051758,175.84470671573015,0.8448936922565752,19.222322690532607,12.897502136230457,0,0,0,-0.06776808382279986,1
2024-07-05,207.0,208.3999938964844,204.7700042724609,207.57000732421875,29681228,195.7385009765625,191.235400390625,198.2731455348448,74.37713644770626,5.792081950345221,4.440494048287472,0.0006267107659199134,204.25499725341797,180.125,192.18999862670898,180.125,183.3500061035156,1,1,0,1,12.064998626708984,-24.220001220703153,214.55603703586766,195.7385009765625,176.92096491725735,0.8143744832046074,19.22721995460499,11.831506347656244,0,0,0,-0.03051920905196781,1
2024-07-08,208.25,210.0,206.0,207.92999267578125,18260120,196.93500061035155,191.70600036621093,199.19284526255302,73.1432552980782,5.8284760615756,4.718090450945098,0.0017342840432637008,204.25499725341797,180.125,192.18999862670898,180.125,180.6000061035156,1,1,0,1,12.064998626708984,-27.329986572265653,215.65774695760766,196.93500061035155,178.21225426309545,0.7936265829142384,19.01413795336488,10.994992065429699,0,0,0,-0.020747900290368992,1
2024-07-09,207.8000030517578,214.0,206.6100006103516,212.55999755859372,39312576,198.4550003051758,192.26320037841796,200.46590738598547,69.27924081577004,6.159913705623467,5.006455101880772,0.022267133390572846,204.27999877929688,180.1500015258789,192.2150001525879,180.1500015258789,179.14999389648438,1,1,0,1,12.064998626708984,-33.41000366210935,217.068641363739,198.4550003051758,179.84135924661257,0.8788887195428355,18.758550835141406,14.104997253417935,0,0,0,0.08526213662859716,0
2024-07-10,213.0,213.38999938964844,205.7400054931641,211.3699951171875,29852043,199.8224998474121,192.7286001586914,201.50439193181424,69.75716045094265,6.254459656994669,5.256056012903552,-0.005598430819882649,204.27999877929688,180.1500015258789,192.2150001525879,180.1500015258789,175.4499969482422,1,1,0,1,12.064998626708984,-35.91999816894531,218.00691651583793,199.8224998474121,181.63808317898628,0.817510742311181,18.20056968790978,11.547495269775396,0,0,0,-0.0613779772316545,1
2024-07-11,211.47000122070312,218.9499969482422,211.3699951171875,217.13999938964844,45769091,201.6970001220703,193.19940002441408,202.99349740398893,79.79953772657794,6.717543467900697,5.548353503902982,0.027298123696610554,206.75499725341797,192.8499984741211,199.80249786376953,182.625,172.0,1,1,0,1,17.17749786376953,-45.13999938964844,218.87871025998078,201.6970001220703,184.51528998415984,0.9494022755483468,17.037149910521048,15.44299926757813,0,0,0,0.13189153323716574,1
2024-07-12,219.0,223.25,217.0500030517578,222.47000122070312,45580868,203.57350006103516,193.78580017089843,204.84840252939028,79.98472178455157,7.428990548804052,5.924480912883196,0.024546384111801656,212.75,201.29000091552734,207.02000045776367,184.7750015258789,183.8000030517578,1,1,0,1,22.244998931884766,-38.66999816894531,221.21635345424338,203.57350006103516,185.93064666782695,1.0355284867623045,17.33315327183406,18.896501159667963,1,0,0,0.08612621121395769,1
2024-07-15,225.0,232.0,225.0,229.1499938964844,51203051,205.71899948120117,194.4598001098633,207.16283980244688,81.54929037660926,8.434608155570714,6.426506361420699,0.030026487342688313,218.38500213623047,205.66500091552734,212.0250015258789,189.1500015258789,183.6499938964844,1,1,0,1,22.875,-45.5,224.78727169979976,205.71899948120117,186.65072726260257,1.1143974175182316,18.5381732039204,23.430994415283237,1,0,0,0.07886893075592716,0
2024-07-16,230.0,230.3500061035156,215.3000030517578,217.4900054931641,44681031,207.1629997253418,194.86460021972655,208.14637939203902,70.55241244862475,8.196222782196287,6.780449645575818,-0.05088365138070905,218.38500213623047,205.66500091552734,212.0250015258789,189.1500015258789,184.0,1,1,0,1,22.875,-33.49000549316409,225.17483490714525,207.1629997253418,189.15116454353833,0.7866727810793873,17.389046505103405,10.3270057678223,0,0,0,-0.3277246364388443,1
2024-07-18,217.75,221.3999938964844,210.25,220.6199951171875,58537673,208.26949920654297,195.36300018310547,209.3343427944341,70.68932013680173,8.165735148765805,7.057506746213815,0.014391418202993167,218.38500213623047,205.66500091552734,212.0250015258789,189.1500015258789,182.16000366210935,1,1,0,1,22.875,-38.45999145507815,226.72763620391657,208.26949920654297,189.81136220916937,0.834554237851899,17.725242599319337,12.350495910644526,0,0,0,0.047881456772511655,0
2024-07-19,217.9900054931641,220.4900054931641,213.6699981689453,218.88999938964844,39257871,209.3614990234375,195.9118002319336,210.24440532731165,68.04490575685483,7.910786658282774,7.228162728627607,-0.007841518293118188,218.87000274658203,205.66500091552734,212.2675018310547,189.1500015258789,184.0200042724609,1,1,0,1,23.11750030517578,-34.86999511718753,227.61845805411514,209.3614990234375,191.10453999275984,0.7609552979277644,17.44060786327655,9.528500366210949,0,0,0,-0.07359893992413458,1
2024-07-22,214.0,222.19000244140625,214.0,221.66000366210935,33701488,210.74699935913085,196.43600036621095,211.33160516872096,67.63710404706586,7.841858276838195,7.350901838269725,0.012654777651718963,218.87000274658203,206.0749969482422,212.4724998474121,189.1500015258789,179.64999389648438,1,1,0,1,23.322498321533203,-42.01000976562497,228.3079182517672,210.74699935913085,193.1860804664945,0.8107184871616979,16.665403489528266,10.913004302978493,0,0,0,0.049763189233933525,0
2024-07-23,222.5,223.72000122070312,207.0,217.91000366210935,36589825,211.69649963378907,196.88920043945313,211.9581193109484,59.040603795493254,7.399343353748122,7.360590141365405,-0.016917801759655182,218.87000274658203,208.0250015258789,213.44750213623047,189.1500015258789,184.94000244140625,1,1,0,1,24.297500610351562,-32.9700012207031,228.63951601121772,211.69649963378907,194.75348325636043,0.6833647530612629,16.006893271015954,6.213504028320273,0,0,0,-0.12735373410043505,1
2024-07-24,217.8500061035156,225.5,215.6000061035156,223.4900054931641,32358784,212.75749969482422,197.33300048828124,213.05639418544513,64.01043541404296,7.413448977693292,7.371161908630983,0.025606909904453357,219.5,208.4000015258789,213.95000076293945,189.1500015258789,186.2400054931641,1,1,0,1,24.799999237060547,-37.25,229.86330317140323,212.75749969482422,195.6516962182452,0.8137094908472041,16.080094474803747,10.732505798339872,0,0,0,0.13034473778594124,0
2024-07-25,221.0,223.97000122070312,216.9499969482422,219.30999755859372,26124437,213.8604995727539,197.83320037841796,213.65197545907833,60.43241204803633,7.006568717027193,7.298243270310225,-0.018703332730009792,219.5,210.77999877929688,215.13999938964844,189.1500015258789,188.6100006103516,1,1,0,1,25.98999786376953,-30.69999694824213,229.6158990900761,213.8604995727539,198.10510005543168,0.6729406474221233,14.734277296460105,5.449497985839827,0,0,0,-0.14076884342508078,1
2024-07-26,219.0,226.6199951171875,216.8500061035156,224.6199951171875,35693966,215.08399963378906,198.57960021972656,214.69654875985066,63.73448861281403,7.031530497908506,7.244900715829881,0.02421229135792169,219.5,211.9749984741211,215.73749923706055,189.1500015258789,198.4900054931641,1,1,0,1,26.58749771118164,-26.12998962402341,230.17712919817555,215.08399963378906,199.99087006940258,0.8159051753553956,14.03463724878157,9.535995483398438,0,0,0,0.1429645279332723,1
2024-07-29,226.6199951171875,229.4600067138672,224.1000061035156,226.88999938964844,40644424,216.4004997253418,199.27740020751952,215.85782977221237,64.81713658954354,7.152039008961566,7.226328374456219,0.010105975967440672,218.6750030517578,211.9749984741211,215.32500076293945,189.1500015258789,197.0500030517578,1,1,0,1,26.174999237060547,-29.839996337890625,230.77258617352803,216.4004997253418,202.02841327715558,0.8649261261446984,13.282858834824737,10.489499664306635,0,0,0,0.0490209507893028,1
2024-07-30,226.9499969482422,231.1999969482422,225.1100006103516,227.1300048828125,39378466,217.55849990844726,199.91600036621094,216.9313702589362,62.22521246821619,7.184095528369909,7.217881805238957,0.0010578055172536516,219.0999984741211,211.9749984741211,215.5374984741211,189.1500015258789,193.9499969482422,1,1,0,1,26.387496948242188,-33.18000793457031,231.4622407269436,217.55849990844726,203.65475908995091,0.8442061060873679,12.781611221209289,9.57150497436524,0,0,0,-0.020720020057330535,1
2024-07-31,227.6100006103516,230.13999938964844,226.0500030517578,229.4499969482422,25009969,218.57649993896484,200.60800018310547,218.1236204198225,64.88801548998639,7.312411592631605,7.236787762717487,0.010214379498766357,219.0999984741211,213.27999877929688,216.18999862670898,189.1500015258789,198.9199981689453,1,1,0,1,27.039997100830078,-30.529998779296875,232.82806625021536,218.57649993896484,204.32493362771433,0.8814842794049085,13.040346345769205,10.873497009277344,0,0,0,0.037278173317540575,1
2024-08-01,231.0,238.0,228.0,234.08999633789065,87888742,219.85899963378907,201.50779998779296,219.6442276501147,64.22218688552883,7.699754197223058,7.329381049618601,0.020222268256099074,222.5,216.27999877929688,219.38999938964844,192.1500015258789,202.2700042724609,1,1,0,1,27.23999786376953,-31.819992065429744,234.82936764046704,219.85899963378907,204.8886316271111,0.9753055067769019,13.618153481652836,14.230996704101585,0,0,0,0.09382122737199339,1
2024-08-02,244.5,278.70001220703125,243.0,262.3399963378906,389060620,222.60399932861327,203.0445999145508,223.7104913346648,74.1607109106934,10.169042514812134,7.897313342657308,0.12068008219891335,242.85000610351562,236.6300048828125,239.74000549316406,212.50000762939453,197.25,1,1,0,1,27.23999786376953,-65.08999633789062,245.49619325796223,222.60399932861327,199.7118053992643,1.3678940326102553,20.567639394074828,39.735997009277355,1,0,0,0.39258852583335346,0
2024-08-05,254.0,265.54998779296875,249.0,256.2900085449219,156106218,225.03999938964844,204.43440002441406,226.81330249754643,66.57304784157388,11.505163480836671,8.618883370293181,-0.023061629478626777,247.15000915527344,236.6300048828125,241.89000701904297,212.50000762939453,200.1499938964844,1,1,0,1,29.389999389648438,-56.14001464843747,251.15630498550317,225.03999938964844,198.92369379379372,1.0982854091015375,23.210367638363977,31.250009155273432,1,0,0,-0.26960862350871784,0
2024-08-06,265.8999938964844,275.0,247.1999969482422,249.0800018310547,143459602,227.0974998474121,205.75800018310548,228.93394052930913,70.39906969264854,11.845711696634709,9.264249035561487,-0.028132219257402058,247.77500915527344,236.6300048828125,242.20250701904297,212.50000762939453,200.55999755859372,1,1,0,1,29.702499389648438,-48.520004272460966,253.97057304286426,227.0974998474121,200.22442665195996,0.9090061048053628,23.666551338969647,21.982501983642578,0,0,0,-0.18927930429617468,1
2024-08-07,261.5299987792969,267.6000061035156,251.80999755859372,265.6700134277344,127379201,229.75300064086915,207.39840057373047,232.43261413868296,74.7827104466867,13.30094883983972,10.071588996417134,0.066605152861418,247.77500915527344,240.47500610351562,244.12500762939453,212.50000762939453,203.97000122070312,1,1,0,1,31.625,-61.70001220703125,260.56298751742065,229.75300064086915,198.94301376431767,1.0828793911983214,26.820095311582993,35.91701278686523,1,0,0,0.17387328639295863,0
2024-08-08,265.0,267.5,260.0,265.5899963378906,57917059,232.4640007019043,209.07820037841796,235.59046006241704,76.16538441480495,14.283131006524599,10.913897398438626,-0.00030118976850779244,251.40000915527344,241.7350082397461,246.56750869750977,212.50000762939453,209.08999633789065,1,1,0,1,34.067501068115234,-56.49999999999997,265.7675782831563,232.4640007019043,199.16042312065233,0.9973338908585359,28.652675236333202,33.12599563598633,0,0,0,-0.08554550033978559,1
2024-08-09,267.7300109863281,272.8999938964844,265.54998779296875,267.0899963378906,52601958,234.9615005493164,210.75300018310546,238.59041589817642,75.82128923798705,15.009534345021024,11.733024787755108,0.005647803082506453,251.9050064086914,241.7350082397461,246.82000732421875,212.50000762939453,208.44000244140625,1,1,0,1,34.31999969482422,-58.649993896484375,270.6967096472389,234.9615005493164,199.22629145139393,0.9495355784897598,30.417927204565125,32.12849578857421,0,0,0,-0.047798312368776075,0
2024-08-12,263.5,266.489990234375,261.3500061035156,263.42999267578125,33514964,237.0095001220703,212.40959991455077,240.95608987699592,75.89893643435508,15.115638841224353,12.409547598448958,-0.013703259995852424,252.37500762939453,241.7350082397461,247.0550079345703,212.50000762939453,207.44000244140625,1,1,0,1,34.55500030517578,-55.989990234375,274.30710672045416,237.0095001220703,199.71189352368643,0.8541848252919234,31.473511888066902,26.420492553710943,0,0,0,-0.09535075319783637,0
2024-08-13,265.0,265.3999938964844,256.0,257.0799865722656,26127109,238.40599975585937,213.9681997680664,242.49169908606922,68.94527131801622,14.519957958582125,12.831629670475591,-0.024105099191689017,253.35000610351562,242.22000885009766,247.78500747680664,212.50000762939453,207.57000732421875,1,1,0,1,35.28499984741211,-49.509979248046875,276.504833474316,238.40599975585937,200.30716603740277,0.7450729457285172,31.96130446169298,18.673986816406256,0,0,0,-0.10911187956340618,1
2024-08-14,260.29998779296875,264.5,255.5,260.1400146484375,41735068,240.53850021362305,215.6620001220703,244.17249104439,73.32342579017742,14.13189160978402,13.091682058337279,0.01190301943364891,260.8500061035156,242.22000885009766,251.53500747680664,212.50000762939453,207.92999267578125,1,1,0,1,39.03499984741211,-52.21002197265625,278.4898982823095,240.53850021362305,202.58710214493658,0.7582449584510507,31.55536268412891,19.601514434814447,0,0,0,0.013172012722533433,1
2024-08-16,260.70001220703125,266.20001220703125,257.010009765625,264.42999267578125,42932761,242.72900009155273,217.51059997558593,246.1017769140463,73.00888858002492,14.009024294704261,13.275150505610675,0.016491034772721846,261.0999984741211,242.22000885009766,251.66000366210938,212.50000762939453,212.55999755859372,1,1,0,1,39.159996032714844,-51.86999511718753,280.88560856067096,242.72900009155273,204.5723916224345,0.7843674196278746,31.43967836947895,21.700992584228516,0,0,0,0.02612246117682393,0
2024-08-19,278.0,280.8999938964844,261.0,262.1700134277344,80435895,244.89300079345702,219.07800018310547,247.63208515344516,70.39306810093379,13.57283048339076,13.334686501166694,-0.008546607081814095,264.0499954223633,243.9499969482422,253.99999618530273,213.5999984741211,211.3699951171875,1,1,0,1,40.39999771118164,-50.800018310546875,282.2978959641249,244.89300079345702,207.4881056227891,0.7309458769426739,30.547949553050085,17.277012634277355,0,0,0,-0.05342154268520072,1
2024-08-20,262.0,264.45001220703125,258.25,263.1199951171875,132396556,246.96600036621095,220.66740020751953,249.1071241976111,70.63409801668966,13.152189079572821,13.29818701684792,0.0036235329778284697,266.35499572753906,243.9499969482422,255.15249633789062,223.8249969482422,217.13999938964844,1,1,0,1,31.327499389648438,-45.97999572753906,283.5778441751278,246.96600036621095,210.35415655729412,0.7206115981932907,29.64929889509272,16.15399475097655,0,0,0,-0.010334278749383197,0
2024-08-21,263.1199951171875,264.45001220703125,259.0,260.0299987792969,38605742,249.0720001220703,222.18800018310546,250.1473979672955,67.37895164586982,12.426248795159268,13.123799372510192,-0.011743677391429008,268.1999969482422,243.9499969482422,256.0749969482422,230.11499786376953,222.47000122070312,1,1,0,1,25.959999084472656,-37.55999755859375,283.5389348453014,249.0720001220703,214.6050653988392,0.6589639279677626,27.676282124316536,10.957998657226568,0,0,0,-0.061647670225528084,0
2024-08-22,264.0,267.0,256.010009765625,257.9599914550781,73893288,250.795499420166,223.70399993896484,250.89145448994145,63.973770105208985,11.550753699796047,12.809190237967364,-0.00796064813266295,268.1999969482422,243.9499969482422,256.0749969482422,230.11499786376953,229.1499938964844,1,1,0,1,25.959999084472656,-28.80999755859372,283.3684848228241,250.795499420166,218.22251401750793,0.6099759808065899,25.975733598063876,7.164492034912115,0,0,0,-0.04898794716117272,1
2024-08-23,260.4100036621094,269.8999938964844,258.3099975585937,262.6499938964844,102220794,252.96249923706054,225.27659973144532,252.01131538580267,50.250604307196774,11.10732322211885,12.468816834797662,0.018181123417438938,268.1999969482422,243.9499969482422,256.0749969482422,230.11499786376953,217.4900054931641,1,1,0,1,25.959999084472656,-45.159988403320284,282.493064209287,252.96249923706054,223.43193426483407,0.6640248784358669,23.34778084600776,9.687494659423834,0,0,0,0.054048897629277004,0
2024-08-26,263.79998779296875,264.4200134277344,258.1000061035156,259.3900146484375,36184864,254.70100021362305,226.87140014648438,252.71404864891073,52.62445498786221,10.373271674554701,12.04970780274907,-0.01241187635181018,268.1999969482422,243.9499969482422,256.0749969482422,230.11499786376953,220.6199951171875,1,1,0,1,25.959999084472656,-38.77001953125,281.3011469784916,254.70100021362305,228.10085344875446,0.5881388827712665,20.8873516339225,4.689014434814453,0,0,0,-0.07588599566460041,0
2024-08-27,260.75,261.3999938964844,255.3999938964844,256.04998779296875,31816706,256.15899963378905,228.29359985351562,253.031757138821,56.314534994151124,9.413505252242743,11.522467292647807,-0.012876466582553814,268.1499938964844,243.9499969482422,256.0499954223633,230.11499786376953,218.88999938964844,1,0,0,1,25.93499755859375,-37.15998840332031,279.4986302822666,256.15899963378905,232.81936898531148,0.4976646622548971,18.222768422615996,-0.10901184082030113,0,0,0,-0.09047422051636939,0
2024-08-28,257.0,257.739990234375,252.1499938964844,253.0399932861328,28603253,257.4544990539551,229.629599609375,253.03254153380306,34.82333578906568,8.31416156752428,10.880806147623101,-0.011755495607637778,266.5249938964844,243.9499969482422,255.23749542236328,230.52499389648438,221.66000366210935,1,0,0,1,24.712501525878906,-31.379989624023466,276.72712774559056,257.4544990539551,238.18187036231961,0.3854721419051097,14.97167752939247,-4.414505767822277,0,0,0,-0.11219252034978738,0
2024-08-29,254.77999877929688,256.3500061035156,248.50999450683597,252.33999633789065,37767471,258.5989990234375,230.90419952392577,252.96658484847805,34.312093146946964,7.3022639204632185,10.165097702191124,-0.0027663490626582687,264.70499420166016,248.25,256.4774971008301,232.4749984741211,217.91000366210935,1,0,0,1,24.002498626708984,-34.42999267578131,273.2474083546182,258.5989990234375,243.95058969225684,0.286358964170126,11.329053388836243,-6.259002685546847,0,0,0,-0.09911317773498368,0
2024-08-30,253.5,255.4499969482422,248.80999755859372,250.52999877929688,50157287,259.42099914550784,231.94499938964844,252.73452903236554,30.535958965529616,6.281862666149038,9.388450694982707,-0.007172852440602173,259.20499420166016,248.875,254.03999710083008,232.8499984741211,223.4900054931641,1,0,0,1,21.189998626708984,-27.039993286132784,269.6560697163953,259.42099914550784,249.1859285746204,0.06566003601868399,7.89070322340918,-8.89100036621096,0,0,1,-0.22069892815144204,0
2024-09-02,252.0,252.3000030517578,241.8500061035156,244.4499969482422,55833057,258.52649917602537,232.89299926757812,251.94552597673473,28.89234233057084,4.925800424352673,8.495920640856701,-0.024268558099546533,255.875,248.875,252.375,235.22999572753906,219.30999755859372,1,0,0,1,17.145004272460938,-25.139999389648466,270.5547251984157,258.52649917602537,246.498273153635,-0.08514456751893379,9.305217113701435,-14.07650222778318,0,1,1,-0.15080460353761777,1
2024-09-03,246.75,252.9499969482422,245.3999938964844,247.6999969482422,66538683,258.0969985961914,233.96799926757814,251.54118987878306,38.795991010941066,4.066483278508201,7.610033168387002,0.013295152548879363,255.875,252.5,254.1875,236.42499542236328,224.6199951171875,1,0,0,1,17.76250457763672,-23.080001831054688,270.9959361602869,258.0969985961914,245.1980610320959,0.09698224771280754,9.995418493243829,-10.397001647949196,0,0,0,0.18212681523174135,0
2024-09-04,244.4499969482422,245.0,240.3999938964844,242.8500061035156,58762234,257.78549880981444,234.84659942626953,250.71345809066236,30.194690562468125,2.959993558070579,6.6800252463237175,-0.019580100542916146,255.14999389648438,253.00499725341797,254.07749557495117,236.42499542236328,226.88999938964844,1,0,0,1,17.65250015258789,-15.960006713867159,271.7936168738739,257.78549880981444,243.77738074575504,-0.033101328743751976,10.86804194086506,-14.935492706298845,0,1,0,-0.13008357645655952,1
2024-09-05,248.0500030517578,261.6000061035156,246.0,254.8500061035156,115627516,257.2444984436035,235.89819946289063,251.1074150442674,40.67368088306158,3.016618494387842,5.947343895936543,0.04941321679392896,252.41000366210938,253.4749984741211,252.94250106811523,236.42499542236328,227.1300048828125,0,1,0,1,16.517505645751953,-27.720001220703097,270.82194133412503,257.2444984436035,243.66705555308195,0.4118209386187329,10.556060846913049,-2.3944923400879077,0,0,0,0.4449222673624849,1
2024-09-06,255.0,262.1499938964844,254.25,259.95001220703125,75700809,256.96249923706057,237.15219970703126,251.94956715500683,47.95202770231275,3.4334434357215855,5.444563803893551,0.02001179510054296,251.27499389648438,254.4499969482422,252.86249542236328,237.72999572753906,229.4499969482422,0,1,0,1,15.132499694824219,-30.500015258789062,270.06071877864406,256.96249923706057,243.86427969547708,0.6140427124650832,10.194654535562979,2.9875129699706804,0,0,0,0.20222177384635032,1
2024-09-09,260.0,265.0,256.29998779296875,263.20001220703125,58534619,256.76800003051756,238.4132000732422,253.02103811234247,50.07081158393252,3.980147381943482,5.151680519503538,0.012502403721418531,252.6999969482422,260.6499938964844,256.6749954223633,237.72999572753906,234.08999633789065,0,1,0,1,18.94499969482422,-29.110015869140597,269.3648293736016,256.76800003051756,244.17117068743352,0.7553028226918476,9.811837410882097,6.432012176513695,0,0,0,0.14126011022676432,1
2024-09-10,265.8500061035156,270.29998779296875,259.54998779296875,267.70001220703125,68658961,256.98150100708006,239.75600036621094,254.41903564516997,56.62235619297058,4.722093238590901,5.06576306332101,0.017097263644730853,255.34999084472656,260.6499938964844,257.99999237060547,237.72999572753906,262.3399963378906,0,1,0,1,20.269996643066406,-5.360015869140625,270.15431876468944,256.98150100708006,243.80868324947068,0.9068420059087041,10.251957986070334,10.718511199951195,0,0,0,0.15153918321685655,1
2024-09-11,268.25,281.5,268.1000061035156,271.75,121883781,257.7150016784668,241.11160034179687,256.0696036789633,61.51278360233887,5.572652770860998,5.167141004829008,0.015128829317484715,260.9499969482422,260.9499969482422,260.9499969482422,238.02999877929688,256.2900085449219,0,1,0,1,22.919998168945312,-15.459991455078125,272.377566507137,257.7150016784668,243.05243684979666,0.978599702218882,11.37889896449538,14.03499832153318,0,0,0,0.07175769631017792,1
2024-09-12,276.29998779296875,286.0,274.29998779296875,283.8999938964844,101691858,258.90300064086915,242.60780029296876,258.7201170330129,65.77580378844037,7.1447698346570405,5.562666770794616,0.04471018913149716,263.1999969482422,263.1999969482422,263.1999969482422,240.27999877929688,249.0800018310547,0,1,0,1,22.919998168945312,-34.81999206542969,277.4852520417867,258.90300064086915,240.3207492399516,1.1726040003522111,14.354604894435695,24.996993255615223,1,0,0,0.1940042981333291,0
2024-09-13,285.3999938964844,286.45001220703125,271.1000061035156,272.8999938964844,82150759,259.3265007019043,243.89700012207032,260.07058149620065,58.99585824139246,7.417570726979761,5.933647562031646,-0.03874603817008471,263.4250030517578,263.4250030517578,263.4250030517578,244.35000610351562,265.6700134277344,0,1,0,1,19.074996948242188,-7.22998046875,278.7598816164252,259.3265007019043,239.89311978738337,0.849231388359134,14.987578100904994,13.573493194580067,0,0,0,-0.3233726119930771,1
2024-09-16,274.5,282.0,269.20001220703125,277.70001220703125,47792145,260.10300064086914,245.3022003173828,261.74957489723215,64.14110246014374,7.92968034286622,6.332854118198561,0.017588927877981497,263.4250030517578,263.4250030517578,263.4250030517578,245.6100082397461,265.5899963378906,0,1,0,1,17.81499481201172,-12.110015869140625,281.10644219765766,260.10300064086914,239.0995590840806,0.9189078137167142,16.150095542948787,17.59701156616211,0,0,0,0.06967642535758012,0
2024-09-17,277.6499938964844,278.0,270.0,270.75,33515464,260.48450088500977,246.56580017089843,262.6067582403529,61.00137004921143,7.686122169648115,6.603507728488473,-0.0250270504196084,266.2250061035156,263.4250030517578,264.8250045776367,245.6100082397461,267.0899963378906,1,1,0,1,19.214996337890625,-3.660003662109375,281.9650422054922,260.48450088500977,239.00395956452732,0.7389487993303443,16.492759644048814,10.265499114990234,0,0,0,-0.17995901438636985,1
2024-09-18,270.6499938964844,277.8500061035156,269.8999938964844,275.8500061035156,30225926,261.2755012512207,247.92420043945313,263.8680199416065,63.84733520366856,7.8145471969553455,6.845715622181848,0.018836587639947,270.3500061035156,263.4250030517578,266.8875045776367,245.6100082397461,263.42999267578125,1,1,0,1,21.277496337890625,-12.420013427734375,283.7719312967799,261.2755012512207,238.77907120566155,0.8239292817300126,17.220466471464903,14.574504852294922,0,0,0,0.08498048239966827,1
2024-09-19,276.5,280.95001220703125,272.25,278.8500061035156,48225291,262.32000198364256,249.25000061035155,265.29487576655026,66.44981511484859,8.065426666247845,7.089657830995048,0.010875475561433312,271.375,263.4250030517578,267.4000015258789,246.09500885009766,257.0799865722656,1,1,0,1,21.30499267578125,-21.77001953125,286.0117634376506,262.32000198364256,238.6282405296345,0.8488555325859198,18.063251963138814,16.53000411987307,0,0,0,0.024926250855907273,1
2024-09-20,279.0,293.0,278.95001220703125,290.5,84416068,263.71250228881837,250.83260070800782,267.6953637887836,75.12274874612389,9.09941520326214,7.491609305448467,0.041778711283799064,276.2749938964844,266.6999969482422,271.4874954223633,249.37000274658203,260.1400146484375,1,1,0,1,22.11749267578125,-30.3599853515625,290.4022758191771,263.71250228881837,237.02272875845966,1.0018307420389267,20.24156860119436,26.78749771118163,1,0,0,0.1529752094530069,1
2024-09-23,292.0,298.25,290.54998779296875,297.0,48761823,265.5930015563965,252.42980072021484,270.48628152318514,75.97470932331214,10.32434166156952,8.058155776672677,0.022375215146299476,283.1750030517578,269.3249969482422,276.25,251.99500274658203,264.42999267578125,1,1,0,1,24.25499725341797,-32.57000732421875,295.85970970271666,265.5930015563965,235.3262934100763,1.0188373689628019,22.791796447161502,31.406998443603527,1,0,0,0.017006626923875112,0
2024-09-24,298.0,298.0,290.25,291.70001220703125,40844804,267.3755027770996,253.8144009399414,272.50663682640857,75.61615258340004,10.743594513948779,8.595243524127898,-0.017845076744002486,283.7250061035156,269.3249969482422,276.5250015258789,252.625,262.1700134277344,1,1,0,1,23.900001525878906,-29.529998779296875,299.3358807206091,267.3755027770996,235.41512483359008,0.8805416424193359,23.90673611572682,24.324509429931652,0,0,0,-0.138295726543466,0
2024-09-25,291.79998779296875,291.8500061035156,283.04998779296875,285.3999938964844,47685746,268.9935028076172,254.9394009399414,273.73457559498723,67.03847154121729,10.447069282191535,8.965608675740626,-0.02159759357869173,283.7250061035156,269.3249969482422,276.5250015258789,252.625,263.1199951171875,1,1,0,1,23.900001525878906,-22.279998779296875,301.16288501253973,268.9935028076172,236.82412060269465,0.7550016500838594,23.918333988854688,16.4064910888672,0,0,0,-0.1255399923354764,0
2024-09-26,285.3999938964844,285.8999938964844,278.5,283.8999938964844,39057810,270.5715026855469,256.2676007080078,274.7027106713203,63.916314115715686,9.976035903667253,9.167694121325951,-0.005255781471894649,283.7250061035156,269.3249969482422,276.5250015258789,252.625,260.0299987792969,1,1,0,1,23.900001525878906,-23.8699951171875,302.41301107878184,270.5715026855469,238.72999429231191,0.7092942810110288,23.536483389561216,13.3284912109375,0,0,0,-0.045707369072830684,0
2024-09-27,275.3999938964844,286.8999938964844,273.5,278.1499938964844,58812631,271.95250244140624,257.41820068359374,275.0310233594311,58.44154635689809,9.034616180850037,9.141078533230768,-0.02025361086163524,284.0749969482422,269.3249969482422,276.6999969482422,252.625,257.9599914550781,1,1,0,1,24.074996948242188,-20.19000244140625,302.5696111470911,271.95250244140624,241.3353937357214,0.601209613139065,22.516511839990507,6.197491455078136,0,0,0,-0.1080846678719638,0
2024-09-30,277.8999938964844,277.8999938964844,272.45001220703125,273.29998779296875,40976919,273.3950019836426,258.50640045166017,274.86616282929185,53.14959170306577,7.807182963195999,8.874299419223815,-0.017436657235090913,284.0749969482422,269.3249969482422,276.6999969482422,252.625,262.6499938964844,1,0,0,1,24.074996948242188,-10.649993896484375,301.2906953332001,273.3950019836426,245.4993086340851,0.4982969738467646,20.406878799654518,-0.09501419067385086,0,0,0,-0.10291263929230038,1
2024-10-01,272.54998779296875,276.45001220703125,271.29998779296875,274.1499938964844,32110540,274.7175018310547,259.55620025634767,274.79795626426255,51.40022911318526,6.824354770007346,8.464310489380521,0.0031101578539385333,284.7749938964844,269.3249969482422,277.0499954223633,252.625,259.3900146484375,1,0,0,1,24.42499542236328,-14.759979248046875,300.000718198257,274.7175018310547,249.43428546385238,0.48877698299282657,18.40670230231705,-0.5675079345703011,0,0,0,-0.00951999085393801,0
2024-10-03,269.70001220703125,272.45001220703125,268.0,269.0,40791499,276.0250015258789,260.5780001831055,274.2457699533804,40.53368118958773,5.565736532661276,7.884595698036673,-0.018785314649428564,283.125,269.3249969482422,276.2249984741211,252.625,256.04998779296875,1,0,0,1,23.599998474121094,-12.95001220703125,296.9016228212797,276.0250015258789,255.1483802304781,0.33174955787921157,15.126616197803742,-7.025001525878906,0,0,0,-0.157027425113615,1
2024-10-04,267.0,277.8500061035156,264.1000061035156,275.29998779296875,59102827,277.04750061035156,261.61419982910155,274.34617165238876,51.62161682887028,5.0187755548900554,7.31143166940735,0.023420028970144058,281.1750030517578,269.3249969482422,275.25,252.625,253.0399932861328,1,1,0,1,22.625,-22.259994506835938,295.54291468940784,277.04750061035156,258.5520865312953,0.4527582132004914,13.351799989756136,-1.7475128173828125,0,0,0,0.12100865532127986,0
2024-10-07,278.54998779296875,279.0,261.6000061035156,266.1000061035156,51381672,277.3550003051758,262.55,273.56082255249606,42.60203634783969,3.799149177649838,6.608975171055848,-0.033418024327598994,279.8000030517578,269.3249969482422,274.5625,256.9250030517578,252.33999633789065,1,0,0,1,17.637496948242188,-13.760009765624972,294.88231678436307,277.3550003051758,259.8276838259885,0.17892990877910908,12.638904263418246,-11.254994201660168,0,0,0,-0.27382830442138234,1
2024-10-08,266.0,280.8999938964844,262.6000061035156,278.70001220703125,68958719,278.13000030517577,263.63160034179685,274.05026918626135,54.72933572971697,3.8054349908885,6.048267135022379,0.047350641918490144,276.7250061035156,269.3249969482422,273.0250015258789,257.5500030517578,250.52999877929688,1,1,0,1,15.474998474121094,-28.170013427734375,294.4116893070298,278.13000030517577,261.84831130332174,0.5175046919822192,11.70797036205306,0.5700119018554801,0,0,0,0.3385747832031101,1
2024-10-09,279.0,290.0,275.3500061035156,279.95001220703125,62967866,278.7425003051758,264.6928005981445,274.6121494739537,52.556114114459206,3.866708092532633,5.611955326524431,0.00448510924022294,275.8000030517578,269.3249969482422,272.5625,257.5500030517578,244.4499969482422,1,1,0,1,15.012496948242188,-35.50001525878906,294.3148581893302,278.7425003051758,263.17014242102135,0.5387710040713927,11.173292818357686,1.2075119018554688,0,0,0,0.02126631208917351,0
2024-10-10,280.5,282.45001220703125,274.1000061035156,275.3500061035156,38904819,278.92250061035156,265.6572006225586,274.68242153391196,47.86063537756368,3.503696980519976,5.19030365732354,-0.016431526711682354,275.8000030517578,269.3249969482422,272.5625,261.1750030517578,247.6999969482422,1,1,0,1,11.387496948242188,-27.650009155273438,294.2486717209328,278.92250061035156,263.5963294997703,0.38345117377785654,10.98955521841643,-3.5724945068359375,0,0,0,-0.15531983029353613,1
2024-10-11,276.3999938964844,279.0,275.5,277.54998779296875,17126335,278.6050003051758,266.61920043945315,274.95552308239354,41.05043774918128,3.354855509235449,4.823214027705921,0.007989764447748238,275.8000030517578,272.125,273.9625015258789,261.6800003051758,242.8500061035156,1,1,0,1,12.282501220703125,-34.69998168945315,293.7677825544777,278.6050003051758,263.44221805587387,0.46521045759080215,10.884788307957903,-1.0550125122070426,0,0,0,0.08175928381294562,1
2024-10-14,280.8999938964844,285.25,278.0,280.04998779296875,45217362,278.9625,267.5384002685547,275.4407101976864,37.60057186434563,3.399440048722056,4.538459231909148,0.009007386452723587,275.8000030517578,276.25,276.0250015258789,262.1500015258789,254.8500061035156,0,1,0,1,13.875,-25.199981689453153,293.905957416404,278.9625,264.01904258359593,0.5363867531678108,10.713595853495752,1.0874877929687727,0,0,0,0.07117629557700866,0
2024-10-15,283.0,283.0,276.1000061035156,279.54998779296875,23988729,279.05499877929685,267.8826000976562,275.8320699686657,40.440576909594,3.355744858305968,4.301916357188513,-0.0017853955429186774,275.8000030517578,277.2749938964844,276.5374984741211,263.125,259.95001220703125,0,1,0,1,13.412498474121094,-19.5999755859375,293.9889516637509,279.05499877929685,264.1210458948428,0.516572605307573,10.703232660071613,0.49498901367189774,0,0,0,-0.01981414786023783,0
2024-10-16,279.0,279.3999938964844,273.0,274.25,20872032,279.22999877929686,268.24179992675784,275.6813966383165,41.087129086760235,2.8604775791014276,4.013628601571096,-0.018958998477559774,275.8000030517578,278.8999938964844,277.3499984741211,269.3249969482422,263.20001220703125,0,0,0,1,8.025001525878906,-11.04998779296875,293.8492822933436,279.22999877929686,264.6107152652501,0.3296770572062612,10.471141050716266,-4.979998779296864,0,0,0,-0.18689554810131176,0
2024-10-17,275.0,275.1499938964844,268.6000061035156,270.54998779296875,25228600,278.96499786376955,268.67119964599607,275.1926910339977,39.69111011925662,2.144691955470307,3.6398412723509384,-0.013491384528828587,275.8000030517578,279.9250030517578,277.8625030517578,269.3249969482422,267.70001220703125,0,0,0,1,8.537506103515625,-2.8499755859375,294.00581554666314,278.96499786376955,263.92418018087596,0.22026088447400474,10.783300986196597,-8.415010070800804,0,0,0,-0.10941617273225648,0
2024-10-18,256.8999938964844,270.29998779296875,255.25,257.45001220703125,108015952,277.89499816894534,268.50679962158205,273.50291209809615,35.64493934785453,0.5144380217760727,3.0147606222359657,-0.04841979736462565,272.625,276.75,274.6875,269.3249969482422,271.75,0,0,1,1,5.3625030517578125,14.29998779296875,295.6213310137075,277.89499816894534,260.16866532418317,-0.07668402542591408,12.75757603523724,-20.444985961914085,0,1,0,-0.29694490989991884,1
2024-10-21,258.0,267.0,254.5,265.70001220703125,88316113,276.6549987792969,268.50899993896485,272.7597787751376,44.966899516649676,-0.11056933962856874,2.389694629863059,0.032045055773257,272.25,276.375,274.3125,269.3249969482422,283.8999938964844,0,0,1,1,4.9875030517578125,18.199981689453125,294.14896358056643,276.6549987792969,259.1610339780273,0.18689240270248486,12.646772968830733,-10.954986572265625,0,0,0,0.26357642812839893,0
2024-10-22,267.0,270.8999938964844,252.75,256.3500061035156,69963412,274.6224990844727,268.29420013427733,271.19694328260215,39.40476147225623,-1.3448568550878122,1.6427843328728848,-0.035190085336654686,269.0,275.5,272.25,269.3249969482422,272.8999938964844,0,0,1,1,2.9250030517578125,16.54998779296875,291.6280662613956,274.6224990844727,257.61693190754977,-0.03725032487459174,12.384686057126055,-18.272492980957054,0,1,0,-0.2241427275770766,1
2024-10-23,256.3500061035156,268.0,242.1000061035156,264.04998779296875,161602998,273.23999786376953,268.3066000366211,270.516280855018,47.14037181054897,-1.6823216756753823,0.9777631311632315,0.030036986565718404,263.6750030517578,270.1750030517578,266.9250030517578,269.3249969482422,277.70001220703125,0,0,1,0,2.399993896484375,13.6500244140625,288.9107152889361,273.23999786376953,257.56928043860296,0.2067776215515833,11.47029537965345,-9.190010070800781,0,0,0,0.24402794642617504,0
2024-10-24,267.20001220703125,268.3999938964844,252.5500030517578,254.3000030517578,60352258,271.6849983215332,268.2510003662109,268.9718734451837,38.3333319204813,-2.7053219939454607,0.24114610614149312,-0.03692476876331274,263.6750030517578,270.1750030517578,266.9250030517578,269.3249969482422,270.75,0,0,1,0,2.399993896484375,16.449996948242188,288.3604554459024,271.6849983215332,255.00954119716403,-0.02127492338333887,12.275581815256617,-17.384995269775402,0,1,0,-0.22805254493492216,0
2024-10-25,256.0,257.95001220703125,246.5,253.8000030517578,66829144,270.17999877929685,268.1242001342773,267.5269334077146,42.435417082311005,-3.5158741294112588,-0.5102579409690573,-0.0019661816515913477,262.5500030517578,270.1750030517578,266.3625030517578,269.3249969482422,275.8500061035156,0,0,1,0,2.962493896484375,22.050003051757812,287.5910344635665,270.17999877929685,252.7689630950272,0.029608806030479964,12.88847121395708,-16.37999572753904,0,0,0,0.05088372941381883,1
2024-10-28,252.0,259.25,247.1000061035156,253.9499969482422,41028381,268.9699989318848,267.91460021972654,266.23389184014576,32.02611438585029,-4.0988898320719045,-1.227984319189627,0.0005909924928322319,260.75,270.1750030517578,265.4625015258789,269.3249969482422,278.8500061035156,0,0,1,0,3.8624954223632812,24.900009155273438,287.3348074669491,268.9699989318848,250.6051903968205,0.09106565268664227,13.655655729630341,-15.0200019836426,0,0,0,0.0614568466561623,0
2024-10-29,254.9499969482422,255.8999938964844,248.4499969482422,252.25,30238688,267.9174995422363,267.71619995117186,264.9020926172747,30.014400084550957,-4.644569813422834,-1.9113014180362684,-0.0066942192111490995,258.625,270.1750030517578,264.4000015258789,269.3249969482422,290.5,0,0,1,0,4.924995422363281,38.25,287.53884212672205,267.9174995422363,248.29615695775064,0.10075363154241046,14.647301962739064,-15.667499542236328,0,0,0,0.009687978855768192,0
2024-10-30,249.1499938964844,250.5,245.0500030517578,246.8500061035156,48399791,266.55250015258787,267.39080017089844,263.182846282631,29.671872510376417,-5.449936037694613,-2.6190283419679377,-0.021407309797757845,256.5,270.0500030517578,263.2750015258789,269.3249969482422,297.0,0,0,1,0,6.049995422363281,50.1499938964844,287.96612315911693,266.55250015258787,245.13887714605883,0.039954214121894246,16.067095971165777,-19.70249404907227,0,0,0,-0.060799417420516214,0
2024-10-31,248.0,248.8000030517578,240.3999938964844,241.75,36737366,265.1900001525879,267.0252001953125,261.1416228271423,25.479439914182834,-6.425651531775429,-3.380352979929436,-0.02066034424717389,255.64999389648438,266.125,260.8874969482422,269.3249969482422,291.70001220703125,0,0,1,0,8.4375,49.95001220703125,289.126423797923,265.1900001525879,241.25357650725283,0.010369625389796196,18.052282236556643,-23.440000152587913,0,0,0,-0.02958458873209805,1
2024-11-01,244.3999938964844,250.0,244.1499938964844,248.9900054931641,13009914,263.87450103759767,266.8458004760742,259.984325938192,30.023151215021713,-6.539323899115999,-4.012147163766749,0.029948316414329268,255.64999389648438,265.1999969482422,260.4249954223633,269.3249969482422,285.3999938964844,0,0,1,0,8.900001525878906,36.409988403320284,288.3300897775593,263.87450103759767,239.41891229763604,0.19568314828357447,18.53577260690082,-14.884495544433577,0,0,0,0.18531352289377828,0
2024-11-04,242.92999267578125,246.9900054931641,240.0,245.0800018310547,49186567,262.8235008239746,266.4944006347656,258.564866499417,28.761547751766898,-6.865770360544076,-4.582871803122215,-0.015703456266708438,254.1999969482422,265.0,259.5999984741211,269.125,283.8999938964844,0,0,1,0,9.525001525878906,38.81999206542969,288.57837376769646,262.8235008239746,237.0686278802527,0.15553122642670364,19.598607326192752,-17.74349899291991,0,0,0,-0.04015192185687083,0
2024-11-05,244.0,246.3500061035156,239.4499969482422,241.8699951171875,42081056,260.98199996948244,266.1440002441406,256.9748787487285,29.521870489767593,-7.299359772050707,-5.126169396907914,-0.013097791292167482,253.92499542236328,264.7249984741211,259.3249969482422,268.8499984741211,278.1499938964844,0,0,1,0,9.525001525878906,36.279998779296875,287.1954723892227,260.98199996948244,234.76852754974223,0.13545453753195746,20.0883374507096,-19.112004852294945,0,0,0,-0.020076688894746175,1
2024-11-06,243.3000030517578,256.1400146484375,243.3000030517578,254.94000244140625,61727658,259.7314994812012,266.1218005371094,256.781081005174,41.173814298576836,-6.513261321902519,-5.403587781906834,0.05403732413309981,249.3499984741211,264.7249984741211,257.0374984741211,268.8499984741211,273.29998779296875,0,0,1,0,11.8125,18.3599853515625,284.55558414897513,259.7314994812012,234.90741481342724,0.4034909624278082,19.115189892145263,-4.791497039794933,0,0,0,0.2680364248958507,1
2024-11-07,257.0,262.45001220703125,254.0,255.22000122070312,56967827,258.72499923706056,266.16540069580077,256.63240673998627,48.52531978682493,-5.8008109375758465,-5.483032413040637,0.001098292839944781,250.95000457763672,264.7249984741211,257.8375015258789,268.8499984741211,274.1499938964844,0,0,1,0,11.012496948242188,18.92999267578125,282.54654792969654,258.72499923706056,234.90345054442457,0.4264321967143777,18.414570499860467,-3.5049980163574332,0,0,0,0.022941234286569523,0
2024-11-08,256.20001220703125,258.1199951171875,245.8999938964844,248.72999572753903,48676279,257.28399963378905,266.09320068359375,255.87979616737223,38.51048166331359,-5.694238442899064,-5.525273619012323,-0.025429063012784137,250.95000457763672,264.7249984741211,257.8375015258789,268.8499984741211,269.0,0,0,1,0,11.012496948242188,20.270004272460966,279.82871615217016,257.28399963378905,234.73928311540794,0.31028805797412035,17.525160173559673,-8.554003906250017,0,0,0,-0.11614413874025736,1
2024-11-11,244.75,259.5,244.0,258.6199951171875,43972581,256.2125,266.25500061035154,256.14076749592607,51.52573564855098,-4.7569040476914495,-5.3715997047481485,0.03976198914296636,250.95000457763672,264.7249984741211,257.8375015258789,268.8499984741211,275.29998779296875,0,0,0,0,11.012496948242188,16.67999267578125,276.2217661146498,256.2125,236.2032338853501,0.5601595056858403,15.619273934448838,2.4074951171875227,0,0,0,0.24987144771171993,1
2024-11-12,259.95001220703125,264.8999938964844,255.3000030517578,260.989990234375,50975031,255.2845001220703,266.5858004760742,256.6025982329212,47.78453687607106,-3.7792560757424667,-5.053130978947013,0.00916400573015852,252.17499542236328,264.7249984741211,258.4499969482422,268.8499984741211,266.1000061035156,0,0,0,0,10.400001525878906,5.110015869140625,272.38897937879256,255.2845001220703,238.18002086534807,0.6667835081872595,13.400327280773672,5.7054901123046875,0,0,0,0.10662400250141923,0
2024-11-13,258.0799865722656,263.42999267578125,254.52999877929688,258.3999938964844,61475328,254.49199981689452,266.79980041503904,256.77377877230816,53.31178532982274,-3.176833514124212,-4.677871485982452,-0.009923738207602284,252.17499542236328,264.7249984741211,258.4499969482422,268.8499984741211,278.70001220703125,0,0,1,0,10.400001525878906,20.300018310546875,269.32622399197555,254.49199981689452,239.6577756418135,0.6317222267058165,11.6579100213399,3.907994079589855,0,0,0,-0.03506128148144305,1
2024-11-14,261.5,271.0,260.70001220703125,269.6600036621094,84971093,254.44750061035157,267.33600036621095,258.00103828562254,60.913842884914175,-1.7704123974888262,-4.096379668283727,0.04357589021513597,255.2249984741211,262.3499984741211,258.7874984741211,268.8499984741211,279.95001220703125,0,1,0,0,10.0625,10.290008544921875,269.09291486604155,254.44750061035157,239.80208635466155,1.0193606266837927,11.511541060972942,15.212503051757807,1,0,0,0.3876383999779762,1
2024-11-18,274.29998779296875,274.3999938964844,269.3599853515625,270.7900085449219,59799056,255.1145004272461,267.65480041503906,259.21903545317485,61.43400648933407,-0.5581970317240348,-3.3887431409717887,0.004190480113722916,256.9249954223633,262.3499984741211,259.6374969482422,268.8499984741211,275.3500061035156,0,1,0,0,9.212501525878906,4.55999755859375,271.37245545358564,255.1145004272461,238.85654540090658,0.9820873256285878,12.7456142235051,15.675508117675776,0,0,0,-0.03727330105520488,1
2024-11-19,271.94000244140625,272.70001220703125,267.6600036621094,271.3599853515625,42992794,255.39749908447266,267.8829998779297,260.37531639587843,63.177480883902724,0.44337380673221105,-2.622319751430989,0.0021048664598202205,258.8499984741211,262.3499984741211,260.5999984741211,268.8499984741211,277.54998779296875,0,1,0,0,8.25,6.19000244140625,272.554809270972,255.39749908447266,238.2401888979733,0.9651803252834567,13.435769925706726,15.962486267089844,0,0,0,-0.01690700034513115,0
2024-11-21,273.70001220703125,275.489990234375,262.1099853515625,266.8099975585937,57742968,255.92049865722657,267.95519958496095,260.98814317327987,63.926870244936936,0.8600656219613256,-1.9258426767525263,-0.016767349788414987,259.7449951171875,261.2249984741211,260.4849967956543,268.8499984741211,280.04998779296875,0,0,0,0,8.365001678466797,13.239990234375057,273.7851774671982,255.92049865722657,238.05581984725495,0.8047773491256073,13.961115974456675,10.88949890136712,0,0,0,-0.16040297615784938,0
2024-11-22,266.79998779296875,268.989990234375,262.54998779296875,264.20001220703125,26626294,255.9279998779297,267.88519958496096,261.29403546220857,66.22814641734925,0.9685282910678552,-1.34696848318845,-0.009782187232280415,259.7449951171875,259.4249954223633,259.5849952697754,268.8499984741211,279.54998779296875,1,0,0,0,9.265003204345703,15.3499755859375,273.80644707316594,255.9279998779297,238.04955268269345,0.7313403462495796,13.971466352852172,8.272012329101557,0,0,0,-0.07343700287602772,1
2024-11-25,273.25,284.3399963378906,271.1700134277344,273.3099975585937,119525837,256.8784996032715,267.9163995361328,262.43841280472145,67.11712050347151,1.7691912844689455,-0.723736529656971,0.0344813964066879,264.1699981689453,261.8949966430664,263.03249740600586,268.8499984741211,274.25,1,1,0,0,5.817501068115234,0.9400024414063068,276.2672017037802,256.8784996032715,237.48979750276283,0.923738986502121,15.095620793840665,16.431497955322186,0,0,0,0.1923986402525415,1
2024-11-26,273.79998779296875,281.1400146484375,272.6099853515625,280.1099853515625,48373365,258.1939987182617,267.84059936523437,264.1214197139444,73.69133550722557,2.91877879515431,0.004766535305285258,0.02488012825623387,269.43499755859375,261.8949966430664,265.6649971008301,268.8499984741211,270.54998779296875,1,1,0,0,3.1850013732910156,-9.55999755859375,279.98951603873803,258.1939987182617,236.3984813977854,1.0027636259110788,16.883054934409483,21.915986633300804,1,0,0,0.07902463940895776,1
2024-11-27,281.0,289.70001220703125,278.760009765625,284.7200012207031,66635986,259.7324989318848,268.0769995117187,266.0831893812548,78.44154460438531,4.153940888014063,0.8346014058470408,0.016457877656002262,272.11500549316406,264.5750045776367,268.3450050354004,268.8499984741211,257.45001220703125,1,1,0,0,0.5049934387207031,-27.269989013671875,284.2824499539343,259.7324989318848,235.18254790983522,1.0089114488736828,18.904027122526397,24.987502288818348,1,0,0,0.006147822962603966,1
2024-11-28,285.6000061035156,288.25,281.42999267578125,286.1300048828125,49584020,261.4264991760254,268.2455993652344,267.99240990521264,74.49350224819861,5.186801043351522,1.705041333347937,0.004952246614442712,275.20001220703125,264.5750045776367,269.887508392334,268.8499984741211,265.70001220703125,1,1,0,1,1.0375099182128906,-20.42999267578125,288.2479393668347,261.4264991760254,234.6050589852161,0.9605178829146551,20.519297221472353,24.703505706787098,0,0,0,-0.04839356595902766,0
2024-11-29,285.0,287.489990234375,273.6199951171875,279.760009765625,73433199,263.07199935913087,268.42579956054686,269.1131337014424,67.58889519811504,5.428765360340549,2.4497861387464597,-0.022262590460571885,275.9049987792969,264.5750045776367,270.2400016784668,268.8499984741211,256.3500061035156,1,1,0,1,1.3900032043457031,-23.410003662109375,290.1512841086948,263.07199935913087,235.9927146095669,0.808132407499479,20.586976048786457,16.68801040649413,0,0,0,-0.1523854754151761,1
2024-12-02,281.8999938964844,285.70001220703125,280.45001220703125,282.5,35170688,265.10949935913084,268.55879943847657,270.3880733489241,75.57948667449372,5.775046990805265,3.1148383091582206,0.00979407398745269,275.9049987792969,264.5750045776367,270.2400016784668,268.8499984741211,264.04998779296875,1,1,0,1,1.3900032043457031,-18.45001220703125,291.59054820531776,265.10949935913084,238.62845051294394,0.8283574744693933,19.977442460720223,17.390500640869163,0,0,0,0.02022506696991433,0
2024-12-03,279.70001220703125,282.3500061035156,279.0,279.8500061035156,30078648,266.6524993896484,268.57879943847655,271.28920980174235,68.06196784356203,5.769142236711275,3.645699094668832,-0.00938050936808632,275.9049987792969,264.5750045776367,270.2400016784668,268.8499984741211,254.3000030517578,1,1,0,1,1.3900032043457031,-25.550003051757812,292.7908130868763,266.6524993896484,240.51418569242054,0.7524552055411835,19.604776821561334,13.197506713867199,0,0,0,-0.07590226892820984,1
2024-12-04,283.0,288.0,283.0,286.25,45520598,268.7109992980957,268.4937994384766,272.71404696348117,70.11149619890486,6.209311617847675,4.158421599304601,0.02286937200965089,276.125,264.5750045776367,270.35000228881836,268.8499984741211,253.8000030517578,1,1,0,1,1.5000038146972656,-32.44999694824219,294.2060896351356,268.7109992980957,243.21590896105585,0.8439682007406581,18.975844236846278,17.539000701904286,0,0,0,0.09151299519947464,1
2024-12-05,288.25,304.6499938964844,286.8500061035156,299.3500061035156,102148528,271.5849998474121,268.5407995605469,275.2508049768178,77.92937366269534,7.528427014541592,4.832422682352,0.045764213462063275,287.9100036621094,272.0499954223633,279.9799995422363,272.0499954223633,253.9499969482422,1,1,0,1,7.930004119873047,-45.40000915527344,297.28756705733394,271.5849998474121,245.8824326374903,1.040121265501166,18.92782533966354,27.765006256103504,1,0,0,0.19615306476050787,1
2024-12-06,300.0,303.8999938964844,296.25,302.95001220703125,49309068,273.98550033569336,268.7657995605469,277.8888247130286,75.3541832367446,8.76330791747921,5.618599729377442,0.012026076599680247,288.62998962402344,272.0499954223633,280.33999252319336,272.0499954223633,252.25,1,1,0,1,8.289997100830078,-50.70001220703125,301.894530471802,273.98550033569336,246.07647019958472,1.0189093230771868,20.372632932701805,28.96451187133789,1,0,0,-0.02121194242397917,0
2024-12-09,304.70001220703125,304.70001220703125,291.79998779296875,295.29998779296875,51131895,275.98949966430666,268.96379943847654,279.54703072064194,66.98073674395789,9.02068208569625,6.299016200641203,-0.025251771268570145,289.1600036621094,272.0750045776367,280.61750411987305,272.0750045776367,246.8500061035156,1,1,0,1,8.542499542236328,-48.44998168945315,303.9766859038739,275.98949966430666,248.0023134247394,0.8449880235077304,20.281341336252858,19.310488128662087,0,0,0,-0.17392129956945646,1
2024-12-10,296.75,299.45001220703125,295.0,295.8500061035156,31333039,278.34550018310546,269.2027996826172,281.0996950428204,66.9716027884144,9.16340482248313,6.871893925009589,0.001862574782537596,289.1600036621094,272.0750045776367,280.61750411987305,272.0750045776367,241.75,1,1,0,1,8.542499542236328,-54.100006103515625,304.63906350302364,278.34550018310546,252.0519368631873,0.8328667496951614,18.892752570184417,17.504505920410168,0,0,0,-0.012121273812569,0
2024-12-11,290.0,294.29998779296875,288.6000061035156,291.79998779296875,39053928,280.0044998168945,269.4757995605469,282.1187705428345,67.4389265312451,8.847719980976422,7.267059136202955,-0.013689431221880044,289.1600036621094,272.0750045776367,280.61750411987305,272.0750045776367,248.9900054931641,1,1,0,1,8.542499542236328,-42.80998229980466,305.27756631596776,280.0044998168945,254.73143331782123,0.7333608384345995,18.05190024846049,11.795487976074241,0,0,0,-0.09950591126056185,0
2024-12-12,291.79998779296875,295.0,284.1000061035156,284.8999938964844,38405304,281.2,269.7077996826172,282.3836489574678,63.629162961144154,7.949132971176425,7.40347390319765,-0.023646313177298373,291.8500061035156,272.0750045776367,281.9625053405762,272.0750045776367,245.0800018310547,1,1,0,1,9.887500762939453,-39.81999206542969,304.98011490803344,281.2,257.41988509196653,0.5777959633667381,16.91331074540075,3.6999938964843864,0,0,0,-0.15556487506786143,1
2024-12-13,279.0,288.95001220703125,278.20001220703125,288.25,47302705,282.69250030517577,269.9897998046875,282.9423490567566,60.64405172938611,7.421760353850914,7.407131193328303,0.011758533433780416,291.45001220703125,274.00000762939453,282.7250099182129,272.0750045776367,241.8699951171875,1,1,0,1,10.650005340576172,-46.3800048828125,304.199617283781,282.69250030517577,261.18538332657056,0.6292014104064414,15.215909127682961,5.55749969482423,0,0,0,0.05140544703970329,1
2024-12-16,289.0,295.8999938964844,286.54998779296875,294.1499938964844,31320679,283.91699981689453,270.4927996826172,284.0097438033973,60.132791875847126,7.394652997502249,7.404635554163093,0.02046832227748263,291.45001220703125,274.3500061035156,282.90000915527344,272.0750045776367,254.94000244140625,1,1,0,1,10.825004577636719,-39.209991455078125,305.1029414443814,283.91699981689453,262.7310581894077,0.7415043489573638,14.924038814970716,10.232994079589844,0,0,0,0.11230293855092244,1
2024-12-17,295.5,303.45001220703125,292.29998779296875,296.79998779296875,72724924,285.2174987792969,270.9227996826172,285.2278622785946,58.972058661533865,7.500541014925773,7.42381664631563,0.009008988446271848,291.45001220703125,274.3500061035156,282.90000915527344,272.0750045776367,255.22000122070312,1,1,0,1,10.825004577636719,-41.579986572265625,306.21296563064095,285.2174987792969,264.2220319279528,0.7758330904399583,14.722425476138476,11.582489013671875,0,0,0,0.03432874148259446,0
2024-12-18,297.70001220703125,297.70001220703125,290.0,291.8999938964844,28348122,286.24449920654297,271.43879943847656,285.8633033850603,54.07427392025956,7.107142757461986,7.360481868544902,-0.01650941407687101,291.45001220703125,274.3500061035156,282.90000915527344,272.0750045776367,248.72999572753903,1,1,0,1,10.825004577636719,-43.16999816894534,306.4216080508227,286.24449920654297,266.0673903622632,0.6401463097014701,14.097814211424014,5.655494689941406,0,0,0,-0.13568678073848817,0
2024-12-19,288.04998779296875,290.20001220703125,284.70001220703125,288.5,31350637,287.3289993286133,271.6347991943359,286.1144173483879,56.44161761093883,6.446707085285539,7.17772691189303,-0.0116478039314043,291.45001220703125,279.61500549316406,285.53250885009766,272.0750045776367,258.6199951171875,1,1,0,1,13.457504272460938,-29.8800048828125,305.43669507268464,287.3289993286133,269.22130358454194,0.5323343369564321,12.60415467034839,1.1710006713867074,0,0,0,-0.10781197274503806,0
2024-12-20,290.0,290.5,274.20001220703125,282.1000061035156,271472990,288.2239990234375,271.6777990722656,285.73209246792385,49.7202841078606,5.345264158529858,6.8112343612203965,-0.02218368768278811,288.82501220703125,279.61500549316406,284.22000885009766,272.0750045776367,260.989990234375,1,0,0,1,12.145004272460938,-21.110015869140625,303.1626406056056,288.2239990234375,273.2853574412694,0.29502845401847166,10.365994249461039,-6.123992919921875,0,0,0,-0.2373058829379604,0
2024-12-23,273.8999938964844,282.8999938964844,272.0,273.95001220703125,74588008,288.25599975585936,271.6497991943359,284.60998958593404,46.168836650566334,3.7712536440184863,6.203238217780015,-0.02889044211326164,287.7250061035156,282.70001220703125,285.21250915527344,272.0750045776367,258.3999938964844,1,0,0,1,13.137504577636719,-15.550018310546875,303.06892546691637,288.25599975585936,273.44307404480236,0.017111344919879368,10.277618314000698,-14.305987548828114,0,0,0,-0.2779171090985923,1
2024-12-24,274.5,277.0,269.1000061035156,274.8500061035156,37011994,287.99300079345704,271.5957995605469,283.68046734951326,42.0279796987767,2.5668716583628566,5.475964905896584,0.0032852486088017496,286.27500915527344,283.4049987792969,284.84000396728516,272.0750045776367,269.6600036621094,1,0,0,1,12.764999389648438,-5.19000244140625,303.5435222422937,287.99300079345704,272.4424793446204,0.0774098401399701,10.799235680029039,-13.142994689941418,0,0,0,0.06029849522009073,0
2024-12-26,276.6000061035156,276.79998779296875,271.25,273.20001220703125,26031760,287.41700134277346,271.45880004882815,282.682328764515,28.226489656297474,1.462391995142582,4.673250323745783,-0.00600325217334341,286.27500915527344,283.4049987792969,284.84000396728516,272.0750045776367,270.7900085449219,1,0,0,1,12.764999389648438,-2.410003662109375,304.2132989373314,287.41700134277346,270.62070374821553,0.07678205402991384,11.687755084833459,-14.21698913574221,0,0,0,-0.000627786110056261,0
2024-12-27,274.8999938964844,275.8999938964844,269.75,271.25,18997843,286.6730010986328,271.29280029296876,281.5935355488469,22.859589935892217,0.4248369604900972,3.8235676510946464,-0.007137672474017087,286.27500915527344,283.4049987792969,284.84000396728516,272.0750045776367,271.3599853515625,1,0,1,1,12.764999389648438,0.1099853515625,304.8896029205338,286.6730010986328,268.4563992767319,0.07667732847707949,12.70897625663279,-15.423001098632824,0,0,0,-0.0001047255528343477,1
2024-12-30,271.25,291.6000061035156,269.79998779296875,282.1000061035156,143568542,286.79000091552734,271.4498004150391,281.64177083976773,39.28573020977365,0.47262382239051703,3.1533788853538205,0.04000002250144008,286.27500915527344,283.625,284.9500045776367,272.0750045776367,266.8099975585937,1,0,0,1,12.875,-15.290008544921932,304.85694290691305,286.79000091552734,268.72305892414164,0.37020507360216515,12.599422527779996,-4.689994812011719,0,0,0,0.29352774512508567,0
2024-12-31,278.0,281.6000061035156,275.0,278.04998779296875,31925776,286.56750030517577,271.59980041503906,281.2996962638821,36.32871225676766,0.1815992612445143,2.5590229605319594,-0.014356675728183887,283.40000915527344,286.90000915527344,285.15000915527344,272.0750045776367,264.20001220703125,0,0,0,1,13.075004577636719,-13.8499755859375,304.94719320628604,286.56750030517577,268.1878074040655,0.26829012981787914,12.827478958037528,-8.51751251220702,0,0,0,-0.101914943784286,0
2025-01-01,279.0,279.1000061035156,276.0,276.5,14417581,286.4,271.9808001708984,280.84258233398856,37.77955769969522,-0.17212669192718977,2.0127930300401298,-0.005574493296230054,280.3500061035156,286.90000915527344,283.62500762939453,272.0750045776367,273.3099975585937,0,0,0,1,11.550003051757812,-3.190002441406307,305.08011917893623,286.4,267.7198808210637,0.23501239726662876,13.04477596294431,-9.899999999999977,0,0,0,-0.03327773255125038,1
2025-01-02,277.8999938964844,286.0,276.0,284.6000061035156,27949423,286.31750030517577,272.35880004882813,281.20043221680066,49.7648998037882,0.19885348056260455,1.6500051201446246,0.02929477795123181,280.3500061035156,286.90000915527344,283.62500762939453,272.0750045776367,280.1099853515625,0,1,0,1,11.550003051757812,-4.490020751953125,305.0141075735053,286.31750030517577,267.6208930368462,0.4540693619700342,13.060052039013684,-1.7174942016601449,0,0,0,0.21905696470340547,0
2025-01-03,285.0,285.0,271.5,272.8500061035156,48244937,284.9925003051758,272.6888000488281,280.40515353934495,39.33518157752249,-0.4500806119944514,1.2299879737168096,-0.04128601457487757,280.3500061035156,286.90000915527344,283.62500762939453,272.0750045776367,284.7200012207031,0,0,0,1,11.550003051757812,11.8699951171875,303.5625315890415,284.9925003051758,266.42246902131006,0.17306209623324723,13.031943832894232,-12.142494201660156,0,0,0,-0.281007265736787,0
2025-01-06,274.5,274.79998779296875,262.20001220703125,264.8500061035156,52254616,283.0875,272.7048004150391,278.92371092640883,30.282642929490834,-1.5915522729779923,0.6656799243778492,-0.029320138614784996,276.90000915527344,283.45001220703125,280.17501068115234,272.0750045776367,286.1300048828125,0,0,1,1,8.100006103515625,21.279998779296875,301.71488642495495,283.0875,264.460113575045,0.010465572560095948,13.160161734414256,-18.237493896484352,0,0,0,-0.16259652367315128,0
2025-01-07,256.95001220703125,259.20001220703125,251.0,252.4499969482422,115216965,280.9450004577637,272.66780029296876,276.4024048332501,23.616901109797737,-3.4569048485512894,-0.15883703020797857,-0.04681898761379277,271.3000030517578,277.8500061035156,274.5750045776367,272.0750045776367,279.760009765625,0,0,1,1,2.5,27.310012817382812,303.0022136747881,280.9450004577637,258.88778724073927,-0.14593389992549483,15.702157490672569,-28.495003509521496,0,1,0,-0.15639947248559077,0
2025-01-08,251.6999969482422,252.75,244.3500061035156,250.0500030517578,57146621,278.6550003051758,272.5928002929688,273.8926522826318,24.340901729847033,-5.0704209966709755,-1.141153823500578,-0.00950680897404177,267.9750061035156,274.52500915527344,271.25000762939453,272.0750045776367,282.5,0,0,1,0,0.8249969482421875,32.44999694824219,303.3938884448903,278.6550003051758,253.91611216546127,-0.07813829570410259,17.755926226065295,-28.60499725341799,0,1,0,0.06779560422139223,0
2025-01-09,251.6000061035156,252.5500030517578,244.5500030517578,245.3500061035156,49569418,276.33250122070314,272.4208004760742,271.1743050274778,23.95896758138356,-6.651717780992897,-2.243266614999042,-0.0187962283178591,267.9750061035156,274.52500915527344,271.25000762939453,272.0750045776367,279.8500061035156,0,0,1,0,0.8249969482421875,34.50000000000003,304.22018608236704,276.33250122070314,248.4448163590392,-0.05548704151806312,20.184151150132273,-30.98249511718754,0,1,0,0.02265125418603947,0
2025-01-10,244.8999938964844,246.3999938964844,237.4499969482422,242.9499969482422,53817888,274.235001373291,272.23480041503905,268.4862756865982,25.174382657815215,-8.006276188150252,-3.3958685296292845,-0.0097819812332135,261.7249984741211,271.0750045776367,266.4000015258789,271.0750045776367,286.25,0,0,1,0,4.6750030517578125,43.30000305175781,305.35288813724344,274.235001373291,243.1171146093386,-0.0026852347391728916,22.69432173728581,-31.28500442504884,0,1,0,0.05280180677889023,0
2025-01-13,240.0,240.3999938964844,226.1999969482422,227.1499938964844,69081908,271.18000106811525,271.84080017089843,264.54948694468266,22.94797583855396,-10.236699386625673,-4.764034701028562,-0.06503397098261254,256.0999984741211,265.4500045776367,260.7750015258789,265.4500045776367,299.3500061035156,0,0,1,0,4.6750030517578125,72.20001220703122,307.7191077582428,271.18000106811525,234.6408943779877,-0.10250524930768574,26.948231098317322,-44.03000717163084,0,1,0,-0.09982001456851285,1
2025-01-14,233.9499969482422,237.6000061035156,230.0,233.6000061035156,85363264,268.1525016784668,271.67780029296875,261.601917340762,27.59371096205409,-11.352993518356072,-6.081826464494064,0.028395387983019438,256.0999984741211,265.4500045776367,260.7750015258789,265.4500045776367,302.95001220703125,0,0,1,0,4.6750030517578125,69.35000610351565,306.5630522823834,268.1525016784668,229.74195107455026,0.05022129295605499,28.648288092403067,-34.55249557495122,0,0,0,0.15272654226374074,1
2025-01-15,235.0,246.0,235.0,243.8999938964844,65921349,265.50750198364256,271.57600006103513,259.91601986987837,35.45183422082778,-11.276552646416775,-7.120771700878606,0.04409241234524863,255.5999984741211,264.8250045776367,260.2125015258789,265.4500045776367,295.29998779296875,0,0,1,0,5.2375030517578125,51.39999389648435,302.9359328719454,265.50750198364256,228.0790710953397,0.21134899895161055,28.193878220893914,-21.607508087158152,0,0,0,0.16112770599555556,0
2025-01-16,250.0,262.0,241.0,241.8999938964844,69621318,263.00750198364256,271.51239990234376,258.2002078724123,35.43424455916427,-11.247699511462429,-7.946157262995371,-0.008200082206024306,250.49999237060547,264.8250045776367,257.6624984741211,265.4500045776367,295.8500061035156,0,0,1,0,7.787506103515625,53.95001220703122,299.7231335389301,263.00750198364256,226.29187042835503,0.21255420112583634,27.91983595781311,-21.107508087158152,0,0,0,0.001205202174225789,1
2025-01-17,244.6999969482422,250.8000030517578,240.5,248.8000030517578,40007808,261.02250213623046,271.6510000610352,257.3049502704452,32.79959116547944,-10.546486786374317,-8.46622316767116,0.02852422211397876,244.0999984741211,264.8250045776367,254.4625015258789,265.4500045776367,291.79998779296875,0,0,1,0,10.987503051757812,42.99998474121094,296.27408106659647,261.02250213623046,225.77092320586445,0.32663898390741186,27.01037545948267,-12.222499084472645,0,0,0,0.11408478278157552,0
2025-01-20,251.0,254.3500061035156,228.25,239.75,102666319,258.9050018310547,271.34720001220705,255.63305024468852,31.18861448721333,-10.598853278979647,-8.892749189932857,-0.03637460989047958,244.0999984741211,264.8250045776367,254.4625015258789,265.4500045776367,284.8999938964844,0,0,1,0,10.987503051757812,45.149993896484375,293.92485650869645,258.9050018310547,223.8851471534129,0.22651225986834153,27.052281284618484,-19.155001831054676,0,0,0,-0.10012672403907033,0
2025-01-21,223.0,227.0,207.8000030517578,214.5500030517578,308217731,255.93500137329102,270.53380004882814,251.720379083457,25.308894625343584,-12.529352671860948,-9.620069886318475,-0.10510947632217804,234.9000015258789,255.62500762939453,245.26250457763672,256.25000762939453,288.25,0,0,1,0,10.987503051757812,73.69999694824219,295.16903413397364,255.93500137329102,216.7009686126084,-0.02741198660319867,30.65937253612161,-41.3849983215332,0,1,0,-0.2539242464715402,1
2025-01-22,207.1499938964844,218.1999969482422,203.8500061035156,216.4499969482422,178256196,253.01500091552734,269.88820007324216,248.36129507057942,21.42557633750465,-13.747501085688128,-10.445556126192407,0.008855716007731829,232.9250030517578,253.65000915527344,243.28750610351562,254.27500915527344,294.1499938964844,0,0,1,0,10.987503051757812,77.69999694824219,294.79371978139613,253.01500091552734,211.23628204965857,0.06239677807405164,33.02469712443429,-36.56500396728515,0,0,0,0.08980876467725031,1
2025-01-23,219.6499938964844,223.4499969482422,216.4499969482422,221.9499969482422,75649874,250.4525001525879,269.1548001098633,245.84593334464253,27.477875096430793,-14.106477750815571,-11.17774045111704,0.025410025768284772,232.9250030517578,250.77500915527344,241.85000610351562,254.27500915527344,296.79998779296875,0,0,1,0,12.425003051757812,74.84999084472656,293.2393634118045,250.4525001525879,207.6656368933713,0.16692459982789148,34.167647145186216,-28.502503204345714,0,0,0,0.10452782175383984,0
2025-01-24,221.0,221.0,214.6000061035156,215.6000061035156,43901547,247.67000045776368,268.2470004272461,242.96536884548757,27.88504836083476,-14.733521669787422,-11.888896694851118,-0.028610006452072123,232.9250030517578,247.72500610351562,240.32500457763672,254.27500915527344,291.8999938964844,0,0,1,0,13.950004577636719,76.29998779296878,291.8987073986591,247.67000045776368,203.44129351686823,0.1374527250242194,35.71583708898807,-32.06999435424808,0,0,0,-0.029471874803672082,0
2025-01-27,213.0,213.0,205.5,206.1999969482422,55203993,243.875,267.20300048828125,239.46390485527374,28.657130874633438,-15.80675029481813,-12.67246741484452,-0.04359929911486271,232.9250030517578,247.72500610351562,240.32500457763672,254.27500915527344,288.5,0,0,1,0,13.950004577636719,82.30000305175781,288.65711232432596,243.875,199.092887675674,0.07935209957377944,36.72546372061587,-37.67500305175781,0,0,0,-0.058100625450439966,1
2025-01-28,206.25,211.75,205.6000061035156,208.1999969482422,54426157,240.38250045776368,265.9738003540039,236.48638981650885,30.61602530287172,-16.30792086662484,-13.399558105200585,0.009699321191076526,232.9250030517578,247.72500610351562,240.32500457763672,254.27500915527344,282.1000061035156,0,0,1,0,13.950004577636719,73.90000915527344,284.8527442443356,240.38250045776368,195.91225667119176,0.13815688009293972,36.99956835617122,-32.182503509521496,0,0,0,0.058804780519160285,1
2025-01-29,211.0,223.75,210.1999969482422,222.5,53638588,237.68250045776367,265.0080001831055,235.15435269112703,40.2807305213897,-15.373989636799024,-13.794444411520274,0.06868397339752486,229.1000061035156,247.72500610351562,238.41250610351562,254.27500915527344,273.95001220703125,0,0,1,0,15.862503051757812,51.45001220703125,279.53348123868244,237.68250045776367,195.8315196768449,0.31861236971672285,35.21587049977684,-15.182500457763666,0,0,0,0.18045548962378313,0
2025-01-30,223.0,224.8000030517578,217.0,218.8000030517578,44730687,234.3925003051758,263.95680053710936,233.5967955826157,39.84013771297147,-14.762231425407236,-13.988001814297668,-0.016629199767380642,229.1000061035156,247.72500610351562,238.41250610351562,254.27500915527344,274.8500061035156,0,0,1,0,15.862503051757812,56.05000305175781,270.9885036766158,234.3925003051758,197.79649693373577,0.2869644794930456,31.226257942376584,-15.592497253417974,0,0,0,-0.031647890223677255,1
2025-01-31,219.0,223.0,217.0,220.3500061035156,33200044,231.7675003051758,263.0276007080078,232.33519658460617,46.749528013297,-13.991056156793036,-13.988612682796742,0.007084108912883025,215.4250030517578,247.72500610351562,231.57500457763672,254.27500915527344,273.20001220703125,0,0,1,0,22.70000457763672,52.85000610351565,264.2536102753971,231.7675003051758,199.2813903349545,0.3242711390787302,28.03336095651528,-11.41749420166019,0,0,0,0.037306659585684576,1
2025-02-01,220.3500061035156,240.3999938964844,215.6000061035156,236.32000732421875,85297849,230.34100036621095,262.4700006103516,232.71470236933115,51.19172859143135,-11.953456562275164,-13.581581458692426,0.07247561052120322,222.125,247.72500610351562,234.9250030517578,254.27500915527344,271.25,0,0,0,0,19.350006103515625,34.92999267578125,259.1934241594747,230.34100036621095,201.48857657294715,0.6036135993434933,25.051921930869746,5.979006958007801,0,0,0,0.27934246026476317,1
2025-02-03,233.9900054931641,240.19000244140625,230.0,238.1999969482422,70249177,229.62850036621094,261.7678005981445,233.23711137684649,47.303691053542174,-10.070854214086637,-12.879436009771268,0.00795527067432844,222.9499969482422,244.9250030517578,233.9375,254.27500915527344,282.1000061035156,0,0,0,0,20.337509155273438,43.90000915527344,256.9236089614981,229.62850036621094,202.33339177092384,0.6570152496757463,23.773276010388038,8.571496582031244,0,0,0,0.05340165033225297,0
2025-02-04,242.0,242.0,229.33999633789065,234.5399932861328,64341167,228.85299987792968,260.8564007568359,233.36119536820706,46.57227991406981,-8.773079399074874,-12.05816468763199,-0.015365254865660871,223.75,244.9250030517578,234.3375015258789,254.27500915527344,278.04998779296875,0,0,0,0,19.93750762939453,43.50999450683594,254.6218637906548,228.85299987792968,203.08413596520455,0.6103462191322062,22.520014093300286,5.686993408203136,0,0,0,-0.0466690305435401,0
2025-02-05,234.0,239.38999938964844,230.5,231.1199951171875,36437504,228.1414993286133,259.78440063476563,233.1477477252528,41.49017630895026,-7.929146513051904,-11.232361052715975,-0.014581727069348904,223.75,244.9250030517578,234.3375015258789,254.27500915527344,276.5,0,0,1,0,19.93750762939453,45.3800048828125,252.81146134373193,228.1414993286133,203.47153731349465,0.5603668499114202,21.626895665820285,2.9784957885742074,0,0,0,-0.04997936922078605,0
2025-02-06,233.47000122070312,234.6499938964844,226.66000366210935,229.0500030517578,41606913,227.44649963378907,258.6428005981445,232.7574863277771,44.47884452676249,-7.342712462121739,-10.454431334597128,-0.008956352151098468,223.8000030517578,244.4250030517578,234.1125030517578,254.27500915527344,284.6000061035156,0,0,1,0,20.162506103515625,55.55000305175781,251.17373468082008,227.44649963378907,203.71926458675807,0.5337903555722011,20.864014249710724,1.6035034179687386,0,0,0,-0.026576494339219048,1
2025-02-07,230.6999969482422,234.6999969482422,229.3999938964844,233.8999938964844,39271458,227.78399963378905,257.72560028076174,232.86629657241588,62.638796725947074,-6.412684093156997,-9.646081886309103,0.021174375813610702,226.0999984741211,239.3249969482422,232.71249771118164,254.27500915527344,272.8500061035156,0,0,0,0,21.562511444091797,38.95001220703122,251.67621578228255,227.78399963378905,203.89178348529555,0.6279913555252384,20.977958229643253,6.115994262695352,0,0,0,0.09420099995303732,0
2025-02-10,233.3500061035156,234.88999938964844,224.75,227.25,38606975,227.46649932861328,256.6206002807617,232.33141118456675,56.64207054142443,-6.141434210717193,-8.945152351190721,-0.028430928046229265,228.8000030517578,232.9250030517578,230.8625030517578,254.27500915527344,264.8500061035156,0,0,1,0,23.412506103515625,37.600006103515625,251.2094269404682,227.46649932861328,203.72357171675836,0.49544076172592166,20.875977501684154,-0.21649932861328125,0,0,0,-0.13255059379931677,0
2025-02-11,227.0,227.2400054931641,213.3699951171875,215.4499969482422,71258339,226.04399948120118,255.33260009765624,230.72365744777392,46.28995330391197,-6.800239427057363,-8.516169766364051,-0.05192520594832917,227.68499755859375,232.9250030517578,230.30500030517578,254.27500915527344,252.4499969482422,0,0,1,0,23.970008850097656,37.0,249.07658304161134,226.04399948120118,203.01141592079102,0.27002140239342,20.37884979320201,-10.594002532958996,0,0,0,-0.22541935933250168,0
2025-02-12,213.00999450683597,219.3500061035156,206.75,214.6999969482422,86778158,224.68399963378906,253.9016000366211,229.1975945430566,49.45121382759168,-7.298730813910112,-8.272681975873263,-0.0034810861481709976,224.375,232.9250030517578,228.6500015258789,254.27500915527344,250.0500030517578,0,0,1,0,25.62500762939453,35.350006103515625,247.01237337755933,224.68399963378906,202.35562589001879,0.2764279028979337,19.875357195139074,-9.98400268554687,0,0,0,0.00640650050451369,1
2025-02-13,218.00999450683597,220.44000244140625,216.47000122070312,217.8699951171875,25633804,223.13749923706055,252.27199981689452,228.11877555011668,57.70093850546784,-7.353232977438324,-8.088792176186276,0.014764779757819424,224.375,232.9250030517578,228.6500015258789,254.27500915527344,245.3500061035156,0,0,1,0,25.62500762939453,27.480010986328097,242.6812815596439,223.13749923706055,203.5937169144772,0.3652383649968739,17.51725495661319,-5.267504119873053,0,0,0,0.08881046209894022,0
2025-02-14,218.5399932861328,219.72000122070312,213.44000244140625,215.9900054931641,32738152,221.94949951171876,250.5327996826172,226.96365459231166,55.14871930995146,-7.462107258159591,-7.963455192580939,-0.008628951513090177,224.375,232.9250030517578,228.6500015258789,254.27500915527344,242.9499969482422,0,0,1,0,25.62500762939453,26.959991455078097,240.15214632823825,221.94949951171876,203.74685269519927,0.33630144344870133,16.40251215394915,-5.959494018554665,0,0,0,-0.028936921548172567,1
2025-02-17,213.19000244140625,219.1300048828125,210.50999450683597,218.52999877929688,23560419,222.14849929809571,248.99739990234374,226.16044927678644,46.893094300292425,-7.259748814153852,-7.8227139168955215,0.011759772311377592,223.06999969482422,232.9250030517578,227.99750137329102,254.27500915527344,227.1499938964844,0,0,1,0,26.277507781982422,8.619995117187528,240.1086227650056,222.14849929809571,204.18837583118582,0.3992629275220284,16.169475394753523,-3.6185005187988395,0,0,0,0.06296148407332708,1
2025-02-18,220.0,224.6000061035156,216.5200042724609,223.30999755859372,35519896,222.4914993286133,247.54659973144533,225.8889776845776,53.47083084480481,-6.637163249542738,-7.585603783424965,0.021873421525638648,220.81999969482422,232.9250030517578,226.87250137329102,254.27500915527344,233.6000061035156,0,0,1,0,27.402507781982422,10.290008544921875,240.2642500638956,222.4914993286133,204.718748593331,0.5230267740253499,15.976116650670308,0.8184982299804346,0,0,0,0.1237638465033215,1
2025-02-19,220.6000061035156,234.6000061035156,220.0,234.1000061035156,47896911,223.09899978637696,246.39260009765624,226.67098039114313,59.264254977563134,-5.213003926112435,-7.11108381196246,0.048318519828431494,220.81999969482422,232.9250030517578,226.87250137329102,253.65000915527344,243.8999938964844,0,0,0,0,26.777507781982422,9.799987792968807,241.57296206891795,223.09899978637696,204.62503750383598,0.7977435524899619,16.561223761854848,11.001006317138632,0,0,0,0.27471677846461195,0
2025-02-20,231.5,236.6499938964844,230.1100006103516,233.92999267578125,27119319,224.01549911499023,245.37320007324217,227.362314894442,47.954103965667315,-4.051364456963626,-6.499139940962693,-0.000726242730891502,221.6999969482422,229.1000061035156,225.4000015258789,253.65000915527344,241.8999938964844,0,0,0,0,28.25000762939453,7.970001220703153,242.72759409343396,224.01549911499023,205.3034041365465,0.76492206169893,16.706071724830572,9.914493560791016,0,0,0,-0.032821490791031915,0
2025-02-21,233.0,238.72999572753903,228.8699951171875,230.3600006103516,36768250,225.2234992980957,244.21540008544923,227.64780877214767,43.47753783470334,-3.3798643600641185,-5.8752848247829785,-0.015260942064737937,222.73999786376953,229.1000061035156,225.92000198364258,253.65000915527344,248.8000030517578,0,0,0,0,27.73000717163086,18.44000244140622,242.21989765383614,225.2234992980957,208.22710094235526,0.6511055814516451,15.092917398681182,5.136501312255888,0,0,0,-0.11381648024728486,0
2025-02-24,219.97999572753903,227.8000030517578,219.97999572753903,222.69000244140625,43335473,225.9479995727539,242.78620025634766,227.17563674064849,40.758074892580304,-3.427095028562235,-5.38564686553883,-0.03329570302406348,222.73999786376953,222.9250030517578,222.83250045776367,253.65000915527344,239.75,0,0,1,0,30.817508697509766,17.05999755859375,241.11710466463637,225.9479995727539,210.77889448087143,0.39261076669937767,13.427076248133025,-3.2579971313476506,0,0,0,-0.25849481475226743,1
2025-02-25,224.1999969482422,230.17999267578125,223.0500030517578,225.6300048828125,48478366,226.10449981689453,241.36280059814453,227.02843370656888,45.68600310691421,-3.1905137902812157,-4.946620250487308,0.013202220167831014,224.6199951171875,222.9250030517578,223.77249908447266,253.65000915527344,214.5500030517578,1,0,0,0,29.87751007080078,-11.080001831054688,241.19245076779353,226.10449981689453,211.01654886599553,0.4842757000063763,13.3459979461865,-0.47449493408203125,0,0,0,0.09166493330699865,1
2025-02-27,226.0,229.7400054931641,225.0500030517578,229.0399932861328,33845022,226.6164993286133,240.1056005859375,227.2200108093845,49.99229662141088,-2.6967771208186093,-4.496651624553568,0.015113186763840991,224.6199951171875,223.75,224.18499755859375,253.65000915527344,216.4499969482422,1,0,0,0,29.465011596679688,-12.589996337890625,241.369464443462,226.6164993286133,211.86353421376458,0.5821358262102954,13.020203876202011,2.4234939575195256,0,0,0,0.09786012620391904,0
2025-02-28,226.0,228.4600067138672,217.82000732421875,222.1000061035156,115467128,226.7039993286133,238.7776007080078,226.73239131358744,41.201913515889714,-2.8328311052282515,-4.163887520688505,-0.03030032913923153,224.6199951171875,223.75,224.18499755859375,250.77500915527344,221.9499969482422,1,0,1,0,26.590011596679688,-0.15000915527340908,241.32744999603017,226.7039993286133,212.08054866119642,0.34258184576927364,12.900919887363616,-4.603993225097696,0,0,0,-0.23955398044102172,1
2025-03-03,222.0500030517578,225.5800018310547,215.25,222.13999938964844,33262928,225.99499893188477,237.57840057373048,226.2950206541647,45.77336356653504,-2.903952784088716,-3.9119005733685475,0.00018006882050336515,226.98999786376953,223.75,225.36999893188477,247.72500610351562,215.6000061035156,1,0,1,0,22.35500717163086,-6.539993286132841,240.04872015817904,225.99499893188477,211.9412777055905,0.3628477297876206,12.4371966571969,-3.854999542236328,0,0,0,0.020265884018346947,1
2025-03-04,220.6000061035156,229.66000366210935,218.6999969482422,227.6100006103516,40794122,225.46549911499022,236.65160034179686,226.4202568404682,61.234304892909314,-2.49022804440375,-3.627566067575588,0.024624116483895397,226.98999786376953,223.8000030517578,225.39500045776367,247.72500610351562,206.1999969482422,1,0,0,0,22.330005645751953,-21.410003662109403,238.39279004737278,225.46549911499022,212.53820818260766,0.5829447370906399,11.467200953694013,2.144501495361368,0,0,0,0.2200970073030193,0
2025-03-05,229.0,231.75,225.3600006103516,227.0200042724609,33095222,225.08949966430663,235.69500030517577,226.4773756435151,61.41587865351549,-2.184771297594523,-3.3390071135793753,-0.0025921371482297006,226.98999786376953,224.375,225.68249893188477,247.72500610351562,208.1999969482422,1,0,0,0,22.04250717163086,-18.82000732421872,237.35992577211982,225.08949966430663,212.81907355649344,0.5786649375984193,10.902708590239019,1.9305046081542798,0,0,0,-0.004279799492220571,0
2025-03-06,231.44000244140625,231.44000244140625,224.5,225.42999267578125,31864115,224.80499954223632,234.73959991455078,226.37762488468329,57.216496046637495,-2.047394186893996,-3.0806845282422994,-0.007003839162875614,226.98999786376953,224.375,225.68249893188477,247.72500610351562,222.5,1,0,1,0,22.04250717163086,-2.92999267578125,236.76281738690182,224.80499954223632,212.84718169757082,0.526133243609483,10.63839137831885,0.6249931335449332,0,0,0,-0.05253169398893631,0
2025-03-07,223.88999938964844,224.6499938964844,216.0,216.8300018310547,43864788,224.19399948120116,233.65119995117186,225.46832745100437,50.71065709381652,-2.6024695756749736,-2.9850415377288346,-0.03814927527010692,223.5,224.375,223.9375,247.72500610351562,218.8000030517578,0,0,1,0,23.787506103515625,1.970001220703125,236.4664169303984,224.19399948120116,211.92158203200393,0.1999777068931041,10.948033825701287,-7.363997650146473,0,0,0,-0.32615553671637887,0
2025-03-10,217.41000366210935,219.08999633789065,210.5500030517578,211.27999877929688,62786821,223.0629997253418,232.2347998046875,224.11705805369888,44.16357936734113,-3.4504352140262142,-3.078120272988311,-0.02559610296033732,221.1500015258789,224.375,222.76250076293945,247.72500610351562,220.3500061035156,0,0,1,0,24.962505340576172,9.070007324218722,235.71245052623428,223.0629997253418,210.41354892444932,0.03424851673348644,11.341594810854145,-11.783000946044922,0,0,0,-0.16572919015961765,0
2025-03-11,205.00999450683597,210.4199981689453,199.8000030517578,208.07000732421875,122391053,222.10400009155273,230.8352001953125,222.58876750803412,37.41328397287196,-4.331542252295947,-3.3288046688498385,-0.01519306831514744,215.7750015258789,220.9000015258789,218.3375015258789,245.70000457763672,236.32000732421875,0,0,1,0,27.362503051757812,28.25,236.16748665576569,222.10400009155273,208.04051352733978,0.0010485947685981024,12.663875084119052,-14.033992767333984,0,0,0,-0.033199921964888336,0
2025-03-12,209.08999633789065,212.5,201.1999969482422,205.4600067138672,80010768,221.604500579834,229.41440032958985,220.95745695620872,22.650863494666922,-5.180711151455,-3.699185965370871,-0.012543857925109814,215.7750015258789,220.9000015258789,218.3375015258789,242.9000015258789,238.1999969482422,0,0,1,0,24.5625,32.739990234375,237.20363539039383,221.604500579834,206.00536576927416,-0.017480426383577233,14.078355601753834,-16.14449386596681,0,1,0,-0.018529021152175335,0
2025-03-13,208.1999969482422,208.6000061035156,200.1999969482422,201.42999267578125,60780855,220.94100036621094,227.75100006103514,219.09769845331087,21.09568041966854,-6.10845757803429,-4.1810402879035555,-0.01961459119242759,215.7750015258789,219.59500122070312,217.68500137329102,242.9000015258789,234.5399932861328,0,0,1,0,25.21500015258789,33.11000061035156,238.645231398891,220.94100036621094,203.23676933353087,-0.05102669114559427,16.026206999457056,-19.511007690429693,0,1,0,-0.03354626476201704,1
2025-03-17,200.0,207.1999969482422,199.1699981689453,203.69000244140625,48729369,220.23200073242188,226.36779998779298,217.63029883312947,25.7148025846855,-6.585426704984883,-4.6619175713198215,0.011219827472578325,215.45999908447266,218.9499969482422,217.20499801635742,242.58499908447266,231.1199951171875,0,0,1,0,25.380001068115234,27.42999267578125,239.44299356902656,220.23200073242188,201.0210078958172,0.06946529438352439,17.44614113545261,-16.54199829101563,0,0,0,0.12049198552911866,0
2025-03-18,203.69000244140625,203.69000244140625,203.69000244140625,203.69000244140625,0,219.61700057983398,225.14459991455078,216.30265155772727,29.88991963616637,-6.8840728676386505,-5.106348630583588,0.0,215.45999908447266,218.9499969482422,217.20499801635742,242.08499908447266,229.0500030517578,0,0,1,0,24.880001068115234,25.360000610351562,240.0786227488449,219.61700057983398,199.15537841082306,0.1108080286383859,18.633914601317784,-15.926998138427734,0,0,0,0.04134273425486151,1
2025-03-19,218.5,227.5,218.5,223.52999877929688,65519150,219.86700057983398,224.56619995117188,216.9909703407339,48.362950870683754,-5.45692616051133,-5.176464136569137,0.09740289704988259,215.30500030517578,218.9499969482422,217.12749862670898,236.98499298095703,233.8999938964844,0,0,0,0,19.857494354248047,10.369995117187528,240.39147324507644,219.86700057983398,199.34252791459153,0.5892348919070175,18.669898266784237,3.6629981994628906,0,0,0,0.4784268632686316,1
2025-03-20,226.0,228.0,221.8699951171875,224.47000122070312,61376776,219.92500076293945,224.05459991455078,217.70325899596904,46.294801199028605,-4.201618133555655,-4.98149493596644,0.004205263036458851,213.58499908447266,218.9499969482422,216.26749801635742,230.58499908447266,227.25,0,0,0,0,14.317501068115234,2.779998779296875,240.4945705066687,219.92500076293945,199.3554310192102,0.6104787439501316,18.705985833690203,4.545000457763678,0,0,0,0.021243852043114075,1
2025-03-21,220.0,228.8500061035156,220.0,227.5200042724609,113328549,219.59600067138672,223.69799987792967,218.6381871175397,54.690201498889124,-2.9269279187515167,-4.570581532523455,0.013587575333770197,214.01000213623047,218.9499969482422,216.47999954223633,230.58499908447266,215.4499969482422,0,0,0,0,14.104999542236328,-12.070007324218722,239.44606101341168,219.59600067138672,199.74594032936176,0.6995964612837504,18.078708429421244,7.92400360107419,0,0,0,0.08911771733361884,0
2025-03-24,228.8000030517578,230.1999969482422,222.1999969482422,222.8000030517578,41920679,219.03950119018555,223.295,219.0345505398462,50.52834088210721,-2.2714080140037822,-4.110746828819521,-0.02074543394896733,214.68499755859375,218.9499969482422,216.81749725341797,230.58499908447266,214.6999969482422,0,0,0,0,13.767501831054688,-8.100006103515625,237.84765340633902,219.03950119018555,200.23134897403207,0.5999699975402831,17.173297157778777,3.7605018615722656,0,0,0,-0.09962646374346729,0
2025-03-25,223.8000030517578,225.1000061035156,209.0,209.80999755859372,84184995,218.01200103759766,222.9482000732422,218.15602168448882,37.28208318369997,-2.7681788058754364,-3.8422332242307045,-0.05830343498759483,214.68499755859375,218.9499969482422,216.81749725341797,230.58499908447266,217.8699951171875,0,0,1,0,13.767501831054688,8.059997558593778,236.47627924077804,218.01200103759766,199.54772283441727,0.2778953666980825,16.938772283454334,-8.202003479003935,0,0,0,-0.3220746308422006,0
2025-03-26,202.3500061035156,206.8999938964844,199.9199981689453,203.2899932861328,114342130,217.042000579834,222.34199981689454,216.74020945607398,34.369648069083624,-3.6459547949640694,-3.8029775383773776,-0.03107575591406253,214.68499755859375,218.9499969482422,216.81749725341797,230.58499908447266,215.9900054931641,0,0,1,0,13.767501831054688,12.700012207031278,236.436245319762,217.042000579834,197.64775583990598,0.1454616439538592,17.87142091218817,-13.752007293701183,0,0,0,-0.13243372274422333,1
2025-03-27,204.47000122070312,208.75,200.3699951171875,206.27999877929688,400414753,216.0745002746582,221.58959991455077,215.74399891542856,37.61480601351204,-4.053602726619118,-3.853102576025726,0.014708080042855842,214.68499755859375,218.9499969482422,216.81749725341797,230.58499908447266,218.52999877929688,0,0,1,0,13.767501831054688,12.25,235.58874826528088,216.0745002746582,196.5602522840355,0.24904230232013214,18.06251822016721,-9.794501495361317,0,0,0,0.10358065836627295,0
2025-03-28,204.2400054931641,209.8999938964844,200.5,201.6999969482422,74842762,214.70750045776367,220.78559997558594,214.40647491855367,39.677993710775624,-4.692146377810559,-4.020911336382693,-0.022202840111294142,215.05999755859375,218.9499969482422,217.00499725341797,230.58499908447266,223.30999755859372,0,0,1,0,13.580001831054688,21.610000610351534,234.22763334696478,214.70750045776367,195.18736756856256,0.16681826442079523,18.183000451855218,-13.007503509521484,0,0,0,-0.08222403789933691,1
2025-04-01,201.6999969482422,205.0,198.8500061035156,202.00999450683597,63369467,213.7029998779297,219.8497998046875,213.22585773648532,43.188831962135815,-5.114228961644699,-4.239574861435094,0.0015369239627371911,214.5250015258789,218.79000091552732,216.65750122070312,230.4250030517578,234.1000061035156,0,0,1,0,13.767501831054688,32.09001159667963,233.66083056873367,213.7029998779297,193.74516918712573,0.20705720595972507,18.678100637056268,-11.693005371093733,0,0,0,0.040238941538929845,1
2025-04-02,203.5,212.6000061035156,202.0,212.02999877929688,59441448,213.1974998474121,219.29539978027344,213.1119664072293,52.64492986994775,-4.587322053037582,-4.309124299755592,0.04960152737453716,214.5250015258789,218.79000091552732,216.65750122070312,226.6000061035156,233.92999267578125,0,0,1,0,9.942504882812472,21.899993896484375,232.78361940036186,213.1974998474121,193.61138029446235,0.4701957024984207,18.37368596439242,-1.1675010681152287,0,0,0,0.2631384965386956,0
2025-04-03,208.1499938964844,214.0,208.0,210.8999938964844,44447473,212.36199951171875,219.22239959716796,212.90130235858692,53.70672078701862,-4.2123689152587644,-4.289773222856226,-0.005329457573542196,214.5250015258789,215.3000030517578,214.91250228881836,226.6000061035156,230.3600006103516,0,0,1,0,11.687503814697237,19.460006713867188,230.8101838930943,212.36199951171875,193.9138151303432,0.46037535225660686,17.374280166690102,-1.4620056152343466,0,0,0,-0.009820350241813824,0
2025-04-04,211.83999633789065,212.5800018310547,205.6699981689453,210.52999877929688,48296676,211.53749923706056,219.10399963378907,212.67546392246405,56.52610582398737,-3.900113287711889,-4.211841235827359,-0.0017543628634201225,214.5250015258789,215.3000030517578,214.91250228881836,220.4250030517578,222.69000244140625,0,0,1,0,5.512500762939453,12.160003662109375,228.7222636748151,211.53749923706056,194.352734799306,0.47068623019497935,16.24748756105541,-1.0075004577636832,0,0,0,0.010310877938372487,0
2025-04-07,196.0,211.0,194.8000030517578,209.6300048828125,64932923,210.74749984741212,218.85759979248047,212.38542020440198,54.34464676893655,-3.6828172147071143,-4.106036431603311,-0.004274896222404179,209.95000457763672,213.2750015258789,211.6125030517578,218.4000015258789,225.6300048828125,0,0,1,0,6.787498474121094,16.0,226.71456484984293,210.74749984741212,194.7804348449813,0.46500624991413614,15.15279186134258,-1.117494964599615,0,0,0,-0.005679980280843211,1
2025-04-08,213.19000244140625,219.19000244140625,210.80999755859372,215.19000244140625,62002510,210.66549987792968,218.84939971923828,212.65252327459288,57.77867824066526,-3.0270690079385645,-3.890242946870362,0.026522909073545486,206.99500274658203,213.2750015258789,210.13500213623047,218.4000015258789,229.0399932861328,0,0,0,0,8.264999389648438,13.849990844726562,226.52324462916073,210.66549987792968,194.80775512669862,0.642659080293411,15.054904348761273,4.524502563476574,0,0,0,0.17765283037927487,0
2025-04-09,216.0,216.0,209.8600006103516,211.38999938964844,25358876,210.67099990844727,218.9531997680664,212.5322829045982,39.512789249253586,-2.781943801545708,-3.668583117805431,-0.017658827123218757,206.99500274658203,213.2750015258789,210.13500213623047,218.4000015258789,222.1000061035156,0,0,0,0,8.264999389648438,10.710006713867159,226.5296696421416,210.67099990844727,194.81233017475293,0.5226689720283895,15.055389437166152,0.7189994812011662,0,0,0,-0.11999010826502154,0
2025-04-11,211.38999938964844,211.38999938964844,211.38999938964844,211.38999938964844,0,210.83699951171874,219.01699981689453,212.4234939984125,38.51422746307836,-2.5581910751519388,-3.4465047092747327,0.0,206.99500274658203,213.2750015258789,210.13500213623047,218.4000015258789,222.13999938964844,0,0,0,0,8.264999389648438,10.75,226.65273666859508,210.83699951171874,195.0212623548424,0.5174825830893776,15.002809937064454,0.5529998779296932,0,0,0,-0.00518638893901191,0
2025-04-15,211.38999938964844,211.38999938964844,211.38999938964844,211.38999938964844,0,211.1334991455078,218.7947998046875,212.325065940435,35.03432872672251,-2.3537330578901106,-3.2279503789978086,0.0,206.99500274658203,213.2750015258789,210.13500213623047,218.4000015258789,227.6100006103516,0,0,0,0,8.264999389648438,16.220001220703153,226.75606760102818,211.1334991455078,195.51093068998745,0.5082092853320156,14.798758623096273,0.256500244140625,0,0,0,-0.009273297757361965,1
2025-04-16,220.50999450683597,222.63999938964844,218.3999938964844,222.0800018310547,26155875,212.16599960327147,218.86039978027344,213.25410745382734,49.39859586549634,-1.3139582563574947,-2.845151954469746,0.050570048120875066,208.72000122070312,213.12000274658203,210.92000198364258,218.4000015258789,227.0200042724609,0,1,0,0,7.479999542236328,4.940002441406222,227.81636678789764,212.16599960327147,196.5156324186453,0.8167338539354542,14.752945536882189,9.914002227783214,0,0,0,0.3085245686034386,1
2025-04-17,220.6000061035156,236.13999938964844,220.3800048828125,231.6000061035156,70125937,213.56149978637694,219.08539978027343,215.00133589665478,69.32080411822137,0.27508454442826746,-2.2211046546901434,0.04286745404344505,215.47000122070312,215.47000122070312,215.47000122070312,218.4000015258789,225.42999267578125,0,1,0,0,2.9300003051757812,-6.170013427734347,230.83320862256775,213.56149978637694,196.28979095018613,1.0221980780309678,16.174927459741102,18.038506317138655,1,0,0,0.20546422409551368,1
2025-04-21,229.0,235.3000030517578,227.1000061035156,234.2400054931641,66028533,215.08899993896483,219.04379974365236,216.83359014394136,79.47058317564083,1.7275244730565475,-1.4313788291408054,0.011398960794795965,215.47000122070312,215.47000122070312,215.47000122070312,218.4000015258789,216.8300018310547,0,1,0,0,2.9300003051757812,-17.410003662109403,233.93070174491382,215.08899993896483,196.24729813301585,1.0082079567821367,17.51991204691606,19.15100555419926,1,0,0,-0.013990121248831144,1
2025-04-22,236.0,243.4499969482422,235.0,237.47000122070312,59667380,215.78600006103517,219.02919982910157,218.79896262744248,79.56398335678318,3.1034525723489423,-0.5244125488428559,0.01378925739323944,219.125,219.125,219.125,219.125,211.27999877929688,0,1,0,0,0.0,-26.19000244140625,236.73828494010684,215.78600006103517,194.8337151819635,1.0174614913079758,19.41950346467825,21.684001159667957,1,0,0,0.009253534525839102,1
2025-04-23,237.47999572753903,240.25,233.0500030517578,239.2400054931641,42294685,216.5245002746582,219.12320007324217,220.74572861465407,87.58510884031988,4.28728885908663,0.4379277327430412,0.007453591036182816,226.65499877929688,219.125,222.88999938964844,219.125,208.07000732421875,1,1,0,1,3.7649993896484375,-31.16999816894534,239.58425765251312,216.5245002746582,193.4647428968033,0.9925356508807065,21.299905875412655,22.715505218505882,0,0,0,-0.024925840427269308,0
2025-04-24,237.0,241.3699951171875,235.0,236.3800048828125,46103369,216.96750030517578,219.22840026855468,222.23470730685963,82.73957589931346,4.937789731812188,1.3379001325568707,-0.011954524931798272,226.65499877929688,219.125,222.88999938964844,219.125,205.4600067138672,1,1,0,1,3.7649993896484375,-30.919998168945312,241.16740537178973,216.96750030517578,192.76759523856182,0.9010863787316692,22.30740090803974,19.412504577636724,0,0,0,-0.09144927214903731,0
2025-04-25,235.8999938964844,239.0,227.30999755859372,228.80999755859372,32437650,217.26800003051758,219.2236001586914,222.86092542607238,66.76658264779581,4.787295076524913,2.027779121350479,-0.032024736305305,227.4199981689453,219.125,223.27249908447266,219.125,201.42999267578125,1,1,0,1,4.147499084472656,-27.38000488281247,241.89561736299763,217.26800003051758,192.64038269803754,0.7343303733417609,22.6702665178681,11.541997528076138,0,0,0,-0.1667560053899083,0
2025-04-28,226.0,231.9900054931641,225.05999755859372,227.2100067138672,29327020,218.13800048828125,219.08980041503906,223.27512364395758,66.14533220269445,4.487195492016497,2.5196623954836825,-0.006992661430000657,227.4199981689453,219.125,223.27249908447266,219.125,203.69000244140625,1,1,0,1,4.147499084472656,-23.520004272460938,242.87938831300008,218.13800048828125,193.39661266356242,0.6833366480865355,22.684161190931956,9.072006225585938,0,0,0,-0.050993725255225386,1
2025-04-29,228.3699951171875,234.2400054931641,226.6000061035156,231.1100006103516,32761971,219.52900085449218,219.16700042724608,224.02130240266177,69.04145483705649,4.512049228180842,2.918139762023115,0.017164710097455238,230.92499542236328,219.125,225.02499771118164,219.125,203.69000244140625,1,1,0,1,5.899997711181641,-27.41999816894534,243.9002674870728,219.52900085449218,195.15773422191157,0.7375953603572127,22.20323195360811,11.580999755859409,0,0,0,0.054258712270677245,1
2025-04-30,232.0,234.75,226.1000061035156,232.5200042724609,45831746,220.84100112915038,219.50840057373046,224.83070258073786,70.98074987083874,4.592581088783504,3.253028027375193,0.006101006699777312,231.91500091552734,219.125,225.52000045776367,219.125,223.52999877929688,1,1,0,1,6.395000457763672,-8.990005493164034,245.04263911414955,220.84100112915038,196.63936314415122,0.7412853863558634,21.917703561618765,11.679003143310524,0,0,0,0.003690025998650648,1
2025-05-02,220.0500030517578,239.5,220.0500030517578,234.1000061035156,91420800,222.46100158691405,219.89640075683593,225.71349339243096,68.69685675629026,4.729378777045952,3.548298177309345,0.006795122148730348,231.75,219.125,225.4375,219.125,224.47000122070312,1,1,0,1,6.3125,-9.630004882812472,245.6365557247481,222.46100158691405,199.28544744908,0.7511052043756938,20.83561071155162,11.639004516601545,0,0,0,0.00981981801983045,1
2025-05-05,234.5,240.97000122070312,232.92999267578125,239.8999938964844,37948115,224.3555015563965,220.33700073242187,227.0645886785313,77.11622485252784,5.245337487493572,3.887706039346191,0.02477568407411379,231.75,219.125,225.4375,219.125,227.5200042724609,1,1,0,1,6.3125,-12.379989624023494,246.71449843673466,224.3555015563965,201.99650467605832,0.8476115771937263,19.931757166844214,15.544492340087913,0,0,0,0.09650637281803243,0
2025-05-06,240.0,241.5,231.8500061035156,232.63999938964844,25327712,225.38600158691406,220.67000061035156,227.59558017482817,67.75865349253685,5.010657855675134,4.11229640261198,-0.030262587292805954,230.7750015258789,219.125,224.95000076293945,219.125,222.8000030517578,1,1,0,1,5.825000762939453,-9.839996337890625,247.27252706199937,225.38600158691406,203.49947611182876,0.6657183505666996,19.42137073375017,7.253997802734375,0,0,0,-0.18189322662702667,1
2025-05-07,228.6000061035156,237.6699981689453,228.6000061035156,236.8999938964844,31614852,226.68600158691407,221.0374005126953,228.48171481498593,69.90170232329356,5.10951915487351,4.3117409530642865,0.01831153076862302,230.7750015258789,219.125,224.95000076293945,219.125,209.80999755859372,1,1,0,1,5.825000762939453,-27.089996337890682,248.05901067293402,226.68600158691407,205.31299250089413,0.7389460526700306,18.85692891170899,10.21399230957033,0,0,0,0.07322770210333096,0
2025-05-08,235.25,236.4499969482422,226.6000061035156,229.80999755859372,49888442,227.6500015258789,221.1674005126953,228.60821793342475,56.38948497718744,4.5631626967513625,4.362025301801702,-0.0299282250762265,230.7750015258789,219.125,224.95000076293945,219.125,203.2899932861328,1,1,0,1,5.825000762939453,-26.52000427246091,247.7207991852661,227.6500015258789,207.57920386649172,0.5538094217621834,17.633030990430775,2.1599960327148153,0,0,0,-0.18513663090784716,0
2025-05-09,222.0,229.0,222.0,227.13999938964844,24415321,228.5255012512207,221.02820037841798,228.46838759592225,45.84264606444486,3.87011248164859,4.26364273777108,-0.011618285528524619,230.7750015258789,219.125,224.95000076293945,219.125,206.27999877929688,1,1,0,1,5.825000762939453,-20.860000610351562,246.82519753942,228.5255012512207,210.2258049630214,0.4621441296141697,16.015452269444744,-1.3855018615722656,0,0,0,-0.09166529214801372,1
2025-05-12,232.0,240.0,232.0,239.5,31757003,229.7410011291504,221.13960052490233,229.51901734869156,54.150881462802204,4.269003530110098,4.264714896238884,0.05441578164816563,230.7750015258789,219.125,224.95000076293945,219.125,201.6999969482422,1,1,0,1,5.825000762939453,-37.80000305175781,247.5592486098491,229.7410011291504,211.92275364845167,0.7738484489403591,15.511595573384025,9.75899887084961,0,0,0,0.3117043193261894,0
2025-05-13,238.0,239.47000122070312,231.0500030517578,231.6499938964844,44837486,230.75400085449218,221.165400390625,229.72196749610038,45.71932259755934,3.906664080845246,4.1931047331601565,-0.032776643438478525,230.7750015258789,219.125,224.95000076293945,219.125,202.00999450683597,1,1,0,1,5.825000762939453,-29.639999389648438,246.4626693918878,230.75400085449218,215.04533231709655,0.5285190638487041,13.615077943806597,0.8959930419922273,0,0,0,-0.24532938509165503,1
2025-05-14,232.0,237.44000244140625,232.0,236.8600006103516,23158211,232.02750091552736,221.4488003540039,230.40178017364812,48.333796238927654,3.993872579754253,4.153258302478976,0.022490856253574165,230.7750015258789,219.125,224.95000076293945,219.125,212.02999877929688,1,1,0,1,5.825000762939453,-24.830001831054716,245.1705140271983,232.02750091552736,218.88448780385642,0.6838429153864648,11.32884081396526,4.832499694824236,0,0,0,0.15532385153776074,1
2025-05-15,236.1999969482422,245.3000030517578,233.75,242.58999633789065,40335990,233.58750076293944,221.78800018310548,231.56256266548075,54.17956204859318,4.473777785600589,4.217362199103299,0.024191487430438974,233.6500015258789,220.0500030517578,226.85000228881836,220.0500030517578,210.8999938964844,1,1,0,1,6.799999237060547,-31.69000244140625,243.59431662120375,233.58750076293944,223.58068490467514,0.9498181890454367,8.56793777542053,9.002495574951212,0,0,1,0.2659752736589719,1
2025-05-16,242.6000061035156,246.94000244140625,242.0,245.75999450683597,30854384,234.77150039672853,222.12240020751952,232.91469903132412,62.12620152919817,5.0516660169276975,4.384222962668178,0.013067307872538958,234.47000122070312,220.87000274658203,227.67000198364258,220.87000274658203,210.52999877929688,1,1,0,1,6.799999237060547,-35.22999572753909,244.65473658461426,234.77150039672853,224.8882642088428,1.0559157901931187,8.419451399496571,10.988494110107439,1,0,1,0.10609760114768196,0
2025-05-19,245.83999633789065,246.58999633789065,237.42999267578125,238.02999877929688,21817610,235.09300003051757,222.44100006103517,233.40187043589296,57.11654551494415,4.8302207724152595,4.473422524617595,-0.03145343383918442,234.47000122070312,228.4000015258789,231.43500137329102,220.87000274658203,209.6300048828125,1,1,0,1,10.564998626708984,-28.399993896484375,244.96096824180057,235.09300003051757,225.22503181923457,0.6488147654053622,8.394948560784057,2.9369987487793026,0,0,1,-0.40710102478775645,0
2025-05-20,240.0,240.0,227.8800048828125,228.27999877929688,45891392,234.7949996948242,222.5638000488281,232.91407313526474,48.27164863363259,3.8239007572284436,4.343518171139765,-0.04096122358526866,234.47000122070312,228.4000015258789,231.43500137329102,220.87000274658203,215.19000244140625,1,0,0,1,10.564998626708984,-13.089996337890625,245.0983708466499,234.7949996948242,224.4916285429985,0.18384129720625877,8.776482604158991,-6.515000915527338,0,0,1,-0.46497346819910346,1
2025-05-21,227.0,230.3000030517578,224.17999267578125,229.97000122070312,47166136,234.4199996948242,222.61100006103516,232.63368533387793,48.44795878584216,3.126711187866846,4.100156774485182,0.007403199800435356,234.47000122070312,229.16500091552734,231.81750106811523,220.87000274658203,211.38999938964844,1,0,0,1,10.947498321533203,-18.580001831054688,244.85177579070728,234.4199996948242,223.98822359894115,0.28670945229176775,8.900073465970054,-4.449998474121088,0,0,1,0.10286815508550898,0
2025-05-22,228.97000122070312,230.8800048828125,227.02999877929688,229.0200042724609,28795944,233.90899963378905,222.65100006103515,232.2895252327906,46.884198070077026,2.4690647751127415,3.773938374610694,-0.004130960313082355,235.55999755859375,229.16500091552734,232.36249923706055,220.87000274658203,211.38999938964844,1,0,0,1,11.492496490478516,-17.63000488281247,244.34753244248532,233.90899963378905,223.47046682509279,0.26581980193350757,8.92529387500179,-4.888995361328142,0,0,1,-0.02088965035826018,1
2025-05-23,229.1199951171875,240.6999969482422,228.8699951171875,237.5500030517578,42180098,233.96749954223634,222.8934002685547,232.7905231203113,48.60534642709728,2.606132989393359,3.540377297567227,0.037245649376326684,235.55999755859375,232.6699981689453,234.11499786376953,220.87000274658203,211.38999938964844,1,1,0,1,13.2449951171875,-26.160003662109375,244.47366373431265,233.96749954223634,223.46133535016003,0.6704953132287508,8.980874875896783,3.582503509521473,0,0,1,0.4046755112952432,0
2025-05-26,232.8000030517578,232.8000030517578,225.6499938964844,226.8000030517578,89147299,233.86699981689452,223.09280029296875,232.2199973994967,46.67198712793872,1.8262732371699428,3.1975564854877705,-0.04525363023320095,235.55999755859375,233.49500274658203,234.5275001525879,220.87000274658203,222.0800018310547,1,0,0,1,13.65749740600586,-4.720001220703125,244.6044911951281,233.86699981689452,223.12950843866093,0.17091956043557296,9.182562214113554,-7.066996765136707,0,0,1,-0.4995757527931778,0
2025-05-27,226.3999938964844,227.47000122070312,221.1000061035156,224.7899932861328,224659198,233.74599914550782,223.36300018310547,231.5123779601287,42.917300367164025,1.0341171168063852,2.764868611751494,-0.008862476801494101,234.02000427246094,233.49500274658203,233.75750350952148,220.87000274658203,231.6000061035156,1,0,0,1,12.887500762939453,6.810012817382784,244.82979157070613,233.74599914550782,222.6622067203095,0.09598639545909889,9.483621080760066,-8.956005859375011,0,0,1,-0.07493316497647408,0
2025-05-28,225.8999938964844,225.8999938964844,223.1999969482422,224.17999267578125,43525027,233.3994987487793,223.68519989013672,230.8140555520956,46.43715720355352,0.3530361519714802,2.282502119795491,-0.002713646641623879,234.02000427246094,233.49500274658203,233.75750350952148,220.87000274658203,234.2400054931641,1,0,0,1,12.887500762939453,10.060012817382841,245.20128686437656,233.3994987487793,221.59771063318206,0.10940215233937493,10.112950695151373,-9.219506072998058,0,0,0,0.013415756880276047,1
2025-05-29,224.5,229.3500061035156,224.02999877929688,228.3699951171875,54574822,233.19199829101564,224.14339965820312,230.58128789162814,50.76368776426472,0.14964771442700453,1.8559312387217937,0.018690349622171754,233.84500122070312,233.49500274658203,233.67000198364258,220.87000274658203,237.47000122070312,1,0,0,1,12.799999237060547,9.100006103515625,245.19260061818355,233.19199829101564,221.19139596384773,0.2990932853881965,10.292464934574273,-4.822003173828136,0,0,0,0.18969113304882157,1
2025-05-30,226.55999755859372,243.0,226.55999755859372,238.30999755859372,467574032,233.40249786376953,224.88099975585936,231.3173554789582,49.23825233667862,0.7815270796034497,1.641050406898125,0.043525868782829935,232.0500030517578,233.49500274658203,232.77250289916992,220.87000274658203,239.2400054931641,0,1,0,1,11.90250015258789,0.9300079345703693,245.60541159768502,233.40249786376953,221.19958412985403,0.7010790128420235,10.456540821630789,4.907499694824196,0,0,0,0.40198572745382694,1
2025-06-02,237.30999755859372,243.0,236.1100006103516,241.1999969482422,55690205,233.4674980163574,225.6311996459961,232.25855942841383,56.527684112442316,1.4982242306440696,1.612485171647314,0.012127058953697034,232.0500030517578,233.49500274658203,232.77250289916992,220.87000274658203,236.3800048828125,0,1,0,1,11.90250015258789,-4.8199920654296875,245.82107688944026,233.4674980163574,221.11391914327456,0.8129659433645208,10.582696930445817,7.732498931884777,0,0,0,0.11188693052249732,0
2025-06-03,245.0,245.8300018310547,236.75,237.6999969482422,91875218,233.72049789428712,226.31139953613283,232.7767915731594,50.58790335189276,1.7634630329620222,1.642680743910256,-0.01451077961974867,233.46500396728516,233.49500274658203,233.4800033569336,220.87000274658203,228.80999755859372,0,1,0,1,12.610000610351562,-8.889999389648466,246.20251431259027,233.72049789428712,221.23848147598397,0.6594093021749148,10.681148235401091,3.9794990539550668,0,0,0,-0.153556641189606,1
2025-06-04,237.1000061035156,248.0,237.1000061035156,245.67999267578125,70626622,234.15949783325195,226.7543994140625,234.00566786864718,52.09661842551,2.5877556223542513,1.8316957195990553,0.03357171152710059,234.5500030517578,234.0250015258789,234.28750228881836,221.4000015258789,227.2100067138672,1,1,0,1,12.887500762939453,-18.469985961914062,247.6359185079439,234.15949783325195,220.68307715856,0.9274315532522749,11.510462568798886,11.520494842529303,0,0,0,0.2680222510773601,1
2025-06-05,248.0,260.2200012207031,247.9900054931641,256.5599975585937,127795264,235.49699783325195,227.39619934082032,236.1536992676897,56.63390776231753,4.07199942951155,2.279756461581554,0.04428527029944429,240.66000366210938,240.13500213623047,240.39750289916992,227.51000213623047,231.1100006103516,1,1,0,1,12.887500762939453,-25.449996948242102,251.96002113586624,235.49699783325195,219.03397453063766,1.1397063084396226,13.981514375203407,21.06299972534174,1,0,0,0.21227475518734773,1
2025-06-06,256.5599975585937,264.0,256.010009765625,261.8599853515625,66234457,237.23299713134764,228.08299896240234,238.6019169899633,65.08799936932142,5.611255006301718,2.946056170525587,0.020657888382456857,242.5500030517578,242.0250015258789,242.28750228881836,229.4000015258789,232.5200042724609,1,1,0,1,12.887500762939453,-29.33998107910159,256.82916766518684,237.23299713134764,217.63682659750845,1.1283622654152836,16.520611188830095,24.626988220214855,1,0,0,-0.011344043024339001,0
2025-06-09,261.8999938964844,262.9800109863281,255.3500061035156,256.8399963378906,33660854,238.0999969482422,228.763798828125,240.33887692786115,69.23491467902276,6.352823585245488,3.6274096534695675,-0.019170508265828556,243.5999984741211,242.5500030517578,243.07500076293945,229.4000015258789,234.1000061035156,1,1,0,1,13.674999237060547,-22.73999023437503,259.4743312779262,238.0999969482422,216.7256626185582,0.9383762109405888,17.954081985419183,18.739999389648432,0,0,0,-0.18998605447469485,0
2025-06-10,256.79998779296875,256.79998779296875,252.3500061035156,255.67999267578125,36662941,239.30149688720704,229.68119873046874,241.7999355705202,67.4399636654054,6.7688918539904535,4.255706093573745,-0.004516444785271356,244.01499938964844,242.5500030517578,243.28250122070312,229.4000015258789,239.8999938964844,1,1,0,1,13.882499694824219,-15.779998779296847,261.7643217698058,239.30149688720704,216.83867200460827,0.8645689238592185,18.77366015239466,16.378495788574213,0,0,0,-0.0738072870813703,1
2025-06-11,255.67999267578125,260.19000244140625,255.3000030517578,257.07000732421875,40554764,240.3119972229004,230.75679901123047,243.25422811849148,68.91436250063022,7.128617257537968,4.83028832636659,0.005436540551689184,245.27999877929688,242.5500030517578,243.91500091552734,229.4000015258789,232.63999938964844,1,1,0,1,14.514999389648438,-24.430007934570312,264.02793848207483,240.3119972229004,216.59605596372597,0.8533068731740844,19.737625697627408,16.758010101318348,0,0,0,-0.011262050685134084,0
2025-06-12,257.07000732421875,257.1000061035156,250.3500061035156,251.55999755859372,24298795,240.76049728393554,231.6623989868164,244.04525377945362,59.84815868106435,6.889670657845386,5.242164792662349,-0.0214338880796614,250.05500030517578,242.5500030517578,246.3025016784668,229.4000015258789,236.8999938964844,1,1,0,1,16.90250015258789,-14.660003662109318,264.96601126125876,240.76049728393554,216.55498330661229,0.7230793422683698,20.10754608865673,10.799500274658186,0,0,0,-0.1302275309057146,0
2025-06-13,243.25999450683597,250.2400054931641,243.25999450683597,249.0800018310547,30512913,240.92649765014647,232.60999908447266,244.5247535938918,67.72191628592526,6.426112601099106,5.478954354349701,-0.009858466177482761,250.375,242.5500030517578,246.4625015258789,229.4000015258789,229.80999755859372,1,1,0,1,17.0625,-19.270004272460966,265.31174973220647,240.92649765014647,216.54124556808648,0.6671810517576456,20.242897580713798,8.153504180908214,0,0,0,-0.05589829051072415,1
2025-06-16,249.0,253.5200042724609,248.7100067138672,252.1499938964844,26481959,241.63249740600585,233.61279907226563,245.25096695604347,71.40175328074719,6.234593688912241,5.630082221262209,0.012325325368802709,250.5500030517578,242.5500030517578,246.5500030517578,229.4000015258789,227.13999938964844,1,1,0,1,17.150001525878906,-25.009994506835966,266.455112275134,241.63249740600585,216.8098825368777,0.711853113500124,20.545758650517666,10.51749649047855,0,0,0,0.0446720617424784,0
2025-06-17,251.3000030517578,252.0,246.8500061035156,247.25,20651969,242.58099746704102,234.3171990966797,245.4413510554679,66.91101760319984,5.622611054414847,5.628587987892737,-0.019432853520099602,253.62999725341797,242.5500030517578,248.0900001525879,229.4000015258789,239.5,1,0,0,1,18.689998626708984,-7.75,266.7308840639048,242.58099746704102,218.43111087017724,0.5966671730368565,19.910781841141514,4.669002532958984,0,0,0,-0.11518594046326758,1
2025-06-18,247.3000030517578,250.2100067138672,247.16000366210935,248.41000366210935,17297196,243.50299758911132,235.0673992919922,245.72407987514802,65.37282202884325,5.1715980453966495,5.53718999939352,0.004691622495892167,253.62999725341797,242.5500030517578,248.0900001525879,229.4000015258789,231.6499938964844,1,1,0,1,18.689998626708984,-16.760009765624943,267.0572902577607,243.50299758911132,219.94870492046192,0.6041637323189336,19.346203456924236,4.90700607299803,0,0,0,0.007496559282077153,1
2025-06-19,247.9900054931641,254.8000030517578,247.2100067138672,249.4199981689453,32347921,244.52299728393555,235.84519927978516,246.0760720936049,59.875558777007065,4.83987404690609,5.397726808896034,0.004065836689128632,253.12000274658203,242.5500030517578,247.83500289916992,229.4000015258789,236.8600006103516,1,1,0,1,18.435001373291016,-12.559997558593722,267.23189126186736,244.52299728393555,221.81410330600374,0.6078212107064439,18.574035350599488,4.89700088500976,0,0,0,0.0036574783875102934,1
2025-06-20,249.00999450683597,254.1499938964844,249.00999450683597,253.3300018310547,50201710,245.3119972229004,236.71919921875,246.7669225447906,60.59019312882768,4.836730191540113,5.28552748542485,0.01567638397407456,251.7249984741211,242.5500030517578,247.13750076293945,229.4000015258789,242.58999633789065,1,1,0,1,17.737499237060547,-10.740005493164034,268.09339134600884,245.3119972229004,222.53060309979196,0.6759770399657231,18.57340397616864,8.018004608154286,0,0,0,0.06815582925927921,1
2025-06-23,250.1499938964844,255.8000030517578,250.0500030517578,254.63999938964844,21523144,246.70399703979493,237.50819915771484,247.516739387158,65.37763849958526,4.883648854357233,5.205151759211327,0.005171110998007267,251.7249984741211,242.5500030517578,247.13750076293945,229.4000015258789,245.75999450683597,1,1,0,1,17.737499237060547,-8.880004882812472,268.1540507338431,246.70399703979493,225.25394334574673,0.6849879366981616,17.389303741672386,7.93600234985351,0,0,0,0.00901089673243849,1
2025-06-24,257.0,260.0,254.22000122070312,255.07000732421875,35638629,248.2179977416992,238.38179931640624,248.23609823830665,59.877987470649366,4.899056999728288,5.1439328073147195,0.0016886896622723135,251.62999725341797,242.5500030517578,247.0900001525879,236.93000030517578,238.02999877929688,1,1,0,1,10.15999984741211,-17.040008544921875,267.4244894694666,248.2179977416992,229.0115060139318,0.6783774382026622,15.475502906726426,6.852009582519543,0,0,0,-0.0066104984954994395,1
2025-06-25,256.1099853515625,259.4200134277344,255.1000061035156,258.8599853515625,26412599,249.95199737548828,239.33119903564454,249.2478970109977,52.84370597153357,5.157633628627877,5.146672971577351,0.014858579678191264,251.62999725341797,242.5500030517578,247.0900001525879,236.93000030517578,228.27999877929688,1,1,0,1,10.15999984741211,-30.579986572265625,266.1984600094512,249.95199737548828,233.70553474152538,0.7741516161632699,12.999666179547903,8.907987976074224,0,0,0,0.09577417796060772,1
2025-06-26,259.4200134277344,266.25,258.95001220703125,265.17999267578125,47100081,251.79249725341796,240.4069989013672,250.76523945526282,54.00386879941349,5.8056058323629145,5.2784595437344635,0.024414771234864352,256.5500030517578,243.6750030517578,250.1125030517578,238.81999969482422,229.97000122070312,1,1,0,1,11.292503356933594,-35.209991455078125,266.0620309806217,251.79249725341796,237.52296352621423,0.9690936535943379,11.334359746900718,13.387495422363287,0,0,0,0.19494203743106797,0
2025-06-27,266.489990234375,266.489990234375,261.0,261.8599853515625,61545458,252.9699966430664,241.20259857177734,251.82188192157707,56.31286189724726,5.982271723016936,5.419221979590958,-0.012519825838738563,256.6699981689453,243.7949981689453,250.2324981689453,238.93999481201172,229.0200042724609,1,1,0,1,11.292503356933594,-32.83998107910159,266.4603219637688,252.9699966430664,239.479671322364,0.8294949712907742,10.665553622738022,8.889988708496105,0,0,0,-0.13959868230356365,1
2025-06-30,262.0,265.19000244140625,262.0,264.1499938964844,21588949,254.11749649047852,241.85359832763672,252.99598782394918,60.35705329715108,6.235189877705267,5.582415559213819,0.008745164106869652,256.8249969482422,243.7949981689453,250.30999755859375,242.4449920654297,237.5500030517578,1,1,0,1,7.8650054931640625,-26.599990844726562,267.3089233584559,254.11749649047852,240.92606962250116,0.8802658160642223,10.382147668034843,10.03249740600586,0,0,0,0.050770844773448065,0
2025-07-01,264.75,264.8500061035156,259.6000061035156,261.0,17220730,255.2824966430664,242.38879821777343,253.75827469785878,54.60726053715238,6.111007267810379,5.688133900933131,-0.011925019758731503,256.8499984741211,243.7949981689453,250.3224983215332,243.2699966430664,226.8000030517578,1,1,0,1,7.052501678466797,-34.19999694824219,266.4248372436281,255.2824966430664,244.14015604250474,0.7565665313015733,8.729419954036867,5.717503356933605,0,0,1,-0.12369928476264902,0
2025-07-02,260.5,261.8500061035156,257.6000061035156,259.75,14940247,255.98599700927736,242.83439819335936,254.32891520282462,60.66684791206104,5.844356992048773,5.71937851915626,-0.004789272030651381,257.74999237060547,244.8449935913086,251.29749298095703,243.2699966430664,224.7899932861328,1,1,0,1,8.027496337890625,-34.96000671386719,266.36492777108447,255.98599700927736,245.60706624747024,0.6813290346137391,8.108983212414515,3.764002990722645,0,0,1,-0.0752374966878342,1
2025-07-03,260.1000061035156,264.29998779296875,260.0,260.8500061035156,19402947,256.20049743652345,243.2665982055664,254.94997147908092,65.9011159408399,5.656590374088097,5.7068208901426285,0.00423486469110923,258.2699966430664,245.25999450683594,251.76499557495117,243.2699966430664,224.17999267578125,1,1,0,1,8.494998931884766,-36.670013427734375,266.79313561560207,256.20049743652345,245.6078592574448,0.7194688701902123,8.269022336073393,4.649508666992176,0,0,1,0.03813983557647327,1
2025-07-04,262.1000061035156,263.70001220703125,259.6499938964844,261.3999938964844,13076740,256.17749786376953,243.76699798583985,255.56425932835742,63.40968776323515,5.488890877699475,5.663234887653998,0.0021084446237293886,260.35499572753906,246.52499389648438,253.43999481201172,243.2699966430664,228.3699951171875,1,1,0,1,10.169998168945312,-33.029998779296875,266.7227745157508,256.17749786376953,245.63222121178825,0.747622523574743,8.232789171505662,5.222496032714844,0,0,1,0.028153653384530686,0
2025-07-07,261.3999938964844,261.54998779296875,256.20001220703125,258.54998779296875,25446186,256.26299743652345,244.36179779052733,255.84861442022518,67.41674929491606,5.067600006143579,5.544107911351914,-0.010902854514389326,260.7949981689453,251.29999542236328,256.0474967956543,243.2699966430664,238.30999755859372,1,1,0,1,12.77750015258789,-20.23999023437503,266.85599417050975,256.26299743652345,245.67000070253712,0.6079482234289656,8.267285437188571,2.286990356445301,0,0,1,-0.13967430014577742,1
2025-07-08,259.6499938964844,264.20001220703125,259.5,263.5,18312891,256.65399780273435,245.08759765625,256.57731780877515,70.82527154571531,5.074651151711748,5.450216559423881,0.019145281147701754,261.3450012207031,251.6199951171875,256.4824981689453,243.2699966430664,241.1999969482422,1,1,0,1,13.212501525878906,-22.300003051757812,267.69967193206116,256.65399780273435,245.60832367340754,0.8098951733099373,8.607443658693036,6.846002197265648,0,0,1,0.20194694988097173,1
2025-07-09,263.6499938964844,265.45001220703125,261.79998779296875,264.54998779296875,18477582,257.0279968261719,245.75639739990234,257.3366197120317,70.85744119350893,5.106104481134906,5.3813941437660855,0.003984773407851083,261.3450012207031,251.7949981689453,256.5699996948242,243.2699966430664,237.6999969482422,1,1,0,1,13.300003051757812,-26.849990844726562,268.5987416031486,257.0279968261719,245.45725204919518,0.8250435089435213,9.003489829788471,7.521990966796864,0,0,1,0.015148335633583976,0
2025-07-10,265.1000061035156,267.25,262.25,262.8500061035156,17136740,257.59249725341795,246.36299743652344,257.86170413026827,63.97535117408962,4.936947103249281,5.2925047356627255,-0.006425937508579671,261.7250061035156,255.25499725341797,258.4900016784668,243.6500015258789,245.67999267578125,1,1,0,1,14.84000015258789,-17.170013427734375,269.142685432471,257.59249725341795,246.04230907436488,0.7275940776286431,8.967798598334221,5.257508850097679,0,0,1,-0.09744943131487815,1
2025-07-11,260.0,264.95001220703125,260.0,263.3500061035156,16528109,258.30599746704104,246.94799743652345,258.38439955629184,63.09776046764883,4.7880409285155565,5.191611974233291,0.0019022255597860305,261.7250061035156,255.25499725341797,258.4900016784668,243.6500015258789,256.5599975585937,1,1,0,1,14.84000015258789,-6.790008544921932,269.4194030081349,258.30599746704104,247.19259192594717,0.7269335271633629,8.60483740220697,5.044008636474587,0,0,1,-0.0006605504652802408,1
2025-07-14,264.95001220703125,277.75,262.29998779296875,270.6000061035156,50184664,259.2284980773926,247.56199768066406,259.5477906560275,69.37859716545077,5.195159555963301,5.192321490579293,0.027529902532640316,266.9750061035156,260.50499725341797,263.7400016784668,248.9000015258789,261.8599853515625,1,1,0,1,14.84000015258789,-8.740020751953125,271.1764270567187,259.2284980773926,247.2805690980665,0.9758777879329351,9.218067510277395,11.371508026123024,0,0,1,0.2489442607695722,0
2025-07-15,271.8999938964844,272.3999938964844,265.1499938964844,266.45001220703125,35090527,260.18849868774413,248.2381979370117,260.20514508945644,59.38662902604902,5.123869399902674,5.17863107244397,-0.015336266825126454,266.9750061035156,260.50499725341797,263.7400016784668,249.4250030517578,256.8399963378906,1,1,0,1,14.314998626708984,-9.610015869140625,271.1793936574184,260.18849868774413,249.19760371806981,0.7848500298002887,8.44840953778255,6.261513519287121,0,0,1,-0.19102775813264639,0
2025-07-16,263.1499938964844,266.95001220703125,261.25,262.3500061035156,17828906,260.88549880981446,248.74719818115236,260.4094175669859,46.296797690215755,4.682557601000326,5.0794163781552415,-0.01538752454749348,266.9750061035156,260.50499725341797,263.7400016784668,249.4250030517578,255.67999267578125,1,0,0,1,14.314998626708984,-6.670013427734375,270.47947449258817,260.88549880981446,251.29152312704076,0.5763243175783076,7.35493212657842,1.4645072937011605,0,0,1,-0.20852571222198113,0
2025-07-17,263.0,263.70001220703125,258.6000061035156,259.6499938964844,17544857,261.3969985961914,249.34399810791015,260.3370915031286,47.06039948073836,4.068052424649807,4.877143587454155,-0.01029164148738726,266.9750061035156,260.50499725341797,263.7400016784668,249.4250030517578,257.07000732421875,1,0,0,1,14.314998626708984,-2.579986572265625,269.4599753892137,261.3969985961914,253.3340218031691,0.3916650298920073,6.169142596375458,-1.7470046997070199,0,0,1,-0.1846592876863003,0
2025-07-18,259.95001220703125,260.20001220703125,256.75,257.20001220703125,13584890,261.5904991149902,249.9451983642578,260.0383220463574,40.794718797469024,3.344802793596614,4.570675428682647,-0.009435708634870532,267.25,260.50499725341797,263.877498626709,249.4250030517578,251.55999755859372,1,0,0,1,14.452495574951172,-5.640014648437528,269.03156601094867,261.5904991149902,254.1494322190318,0.2049827014494619,5.689095682857714,-4.390486907958973,0,0,1,-0.1866823284425454,1
2025-07-21,257.0,277.0,256.6499938964844,271.70001220703125,67508530,262.44349975585936,250.58919860839845,261.1489592045168,60.896148194924756,3.8967319682005837,4.435886736586235,0.056376358133017224,267.1999969482422,262.3000030517578,264.75,249.4250030517578,249.0800018310547,1,1,0,1,15.324996948242188,-22.620010375976562,270.39570686345337,262.44349975585936,254.49129264826533,1.0820090149772585,6.060128839153295,9.256512451171886,1,0,1,0.8770263135277967,1
2025-07-22,293.0,311.25,289.6499938964844,299.79998779296875,269332774,264.67999877929685,251.95219848632811,264.83000954627414,76.36603919753384,6.526341402814637,4.853977669831915,0.10342279839327251,283.9499969482422,279.0500030517578,281.5,266.1750030517578,252.1499938964844,1,1,0,1,15.324996948242188,-47.64999389648435,282.328161514272,264.67999877929685,247.0318360443217,1.4950041129230718,13.335471374012698,35.1199890136719,1,0,0,0.41299509794581324,1
2025-07-23,298.0,303.54998779296875,296.29998779296875,302.04998779296875,68915203,266.83949890136716,253.25599822998046,268.3747693792927,76.71855450281052,8.691689633320664,5.621520062529664,0.007505003641140151,283.9499969482422,279.2050018310547,281.57749938964844,266.1750030517578,247.25,1,1,0,1,15.402496337890625,-54.79998779296875,290.61622258920664,266.83949890136716,243.06277521352771,1.240440301066582,17.820992608465467,35.210488891601585,1,0,0,-0.2545638118564897,1
2025-07-24,302.25,314.45001220703125,302.0,313.1499938964844,120603751,269.23799896240234,254.66719818115234,272.6390764761681,79.52083378306014,11.174607512962552,6.732137552616242,0.03674890432746447,285.5500030517578,280.8300094604492,283.1900062561035,267.77500915527344,248.41000366210935,1,1,0,1,15.414997100830078,-64.73999023437503,300.39410552777287,269.23799896240234,238.08189239703182,1.2047092813402023,23.143914815472467,43.91199493408203,1,0,0,-0.03573101972637982,0
2025-07-25,309.95001220703125,314.1499938964844,306.29998779296875,310.54998779296875,50941177,271.67249908447263,255.962998046875,276.24963945872054,79.74829621756459,12.785159695159791,7.942741981124953,-0.008302749973468249,285.5500030517578,281.7300033569336,283.6400032043457,267.77500915527344,249.4199981689453,1,1,0,1,15.864994049072266,-61.12998962402344,307.4138600014033,271.67249908447263,235.93113816754197,1.043872529068694,26.312093448823763,38.87748870849612,1,0,0,-0.16083675227150818,0
2025-07-28,310.0,312.25,306.6000061035156,307.29998779296875,24882879,273.8299987792969,257.34839782714846,279.2068154905537,75.55426648092597,13.642029243090292,9.082599433518022,-0.010465303905169199,285.5500030517578,282.25000762939453,283.9000053405762,267.77500915527344,253.3300018310547,1,1,0,1,16.124996185302734,-53.96998596191406,312.5775359131041,273.8299987792969,235.08246164548967,0.9318982765032221,28.30043260894668,33.469989013671864,0,0,0,-0.111974252565472,0
2025-07-29,305.0,307.20001220703125,300.0,306.54998779296875,23521231,276.1074981689453,258.9137976074219,281.81092713840275,74.59017447914619,14.098072002943638,10.085693947403145,-0.002440611876969201,285.5500030517578,284.3350067138672,284.9425048828125,267.77500915527344,254.63999938964844,1,1,0,1,17.167495727539062,-51.90998840332031,316.8729416539852,276.1074981689453,235.34205468390545,0.8733859737745183,29.528675429231715,30.442489624023438,0,0,0,-0.05851230272870378,0
2025-07-30,306.54998779296875,308.1499938964844,301.79998779296875,303.45001220703125,21677387,278.29249877929686,260.3833978271484,283.87179238303406,73.3871118016244,14.047417172577923,10.8780385924381,-0.010112463576514963,285.5500030517578,284.77500915527344,285.1625061035156,267.77500915527344,255.07000732421875,1,1,0,1,17.387496948242188,-48.3800048828125,319.9906226864729,278.29249877929686,236.59437487212085,0.8016624139222355,29.967120270996023,25.157513427734386,0,0,0,-0.07172355985228285,1
2025-07-31,300.0,311.1499938964844,299.29998779296875,307.79998779296875,32474675,280.6399978637695,261.9589974975586,286.15066813636116,74.51738257625108,14.194652412935113,11.541361356537504,0.014335064791395347,285.5500030517578,285.32501220703125,285.43750762939453,267.77500915527344,258.8599853515625,1,1,0,1,17.662498474121094,-48.94000244140625,323.41827273549916,280.6399978637695,237.86172299203986,0.8174507388462751,30.486228048287984,27.15998992919924,0,0,0,0.015788324924039587,0
2025-08-01,309.79998779296875,310.45001220703125,303.95001220703125,304.75,16415906,282.8074981689453,263.3029974365234,287.92203307575534,69.75131592835476,13.904941368044433,12.014077358838891,-0.009908992572865927,302.0500030517578,285.32501220703125,293.68750762939453,267.77500915527344,265.17999267578125,1,1,0,1,25.912498474121094,-39.57000732421875,325.85876366462014,282.8074981689453,239.7562326732705,0.7548415427330372,30.445632293636425,21.9425018310547,0,0,0,-0.0626091961132379,1
2025-08-04,303.0,307.0,300.45001220703125,305.25,21862121,285.1424987792969,264.87199737548826,289.5723156399691,73.42996504481076,13.55938494976209,12.323138877023533,0.001640689089417613,305.375,285.32501220703125,295.3500061035156,267.77500915527344,261.8599853515625,1,1,0,1,27.574996948242188,-43.3900146484375,327.7412119656945,285.1424987792969,242.5437855928993,0.736010664602936,29.87889449574434,20.107501220703114,0,0,0,-0.018830878130101203,0
2025-08-05,306.8999938964844,307.6000061035156,301.70001220703125,302.1499938964844,14820256,287.0749984741211,266.4191973876953,290.7701897596372,74.32764268286314,12.886833024619193,12.435877706542666,-0.010155630150747386,306.875,285.32501220703125,296.1000061035156,267.77500915527344,264.1499938964844,1,1,0,1,28.324996948242188,-38.0,329.07361240606934,287.0749984741211,245.0763845421729,0.679470154024485,29.259680679391707,15.074995422363259,0,0,0,-0.056540510578451,0
2025-08-06,302.0,302.5,295.45001220703125,298.8500061035156,22012280,288.7899993896484,267.91259765625,291.5396960781018,73.78644336464104,11.949799492665079,12.33866206376715,-0.010921687438786853,304.8000030517578,285.32501220703125,295.06250762939453,267.77500915527344,261.0,1,1,0,1,27.287498474121094,-37.850006103515625,329.7579575928717,288.7899993896484,247.82204118642514,0.6227789613527248,28.372144665541192,10.06000671386721,0,0,0,-0.05669119267176015,1
2025-08-07,291.54998779296875,303.20001220703125,288.3999938964844,301.75,391548871,290.73499908447263,269.38019775390626,292.51210597542547,76.88595880546303,11.310814905324719,12.133092632078665,0.009703844193598155,300.3249969482422,285.32501220703125,292.8250045776367,268.8250045776367,259.75,1,1,0,1,24.0,-42.0,330.2603982211888,290.73499908447263,251.2095999477565,0.6393407929598268,27.189983497812108,11.015000915527366,0,0,0,0.016561831607102007,0
2025-08-08,300.3500061035156,302.3999938964844,298.1000061035156,300.8999938964844,28458176,292.6124984741211,270.6319976806641,293.3109524440978,71.09827685737382,10.613481024873579,11.829170310637648,-0.0028169216355116156,299.7749938964844,285.32501220703125,292.5500030517578,269.24000549316406,260.8500061035156,1,1,0,1,23.30999755859375,-40.04998779296875,330.2799249441685,292.6124984741211,254.94507200407367,0.6100087821098342,25.745603257872297,8.287495422363293,0,0,0,-0.029332010849992596,1
2025-08-11,300.8999938964844,310.3999938964844,299.5,309.3999938964844,44948318,294.55249786376953,271.9959976196289,294.84324210622987,59.67743622526674,10.62424814389476,11.588185877289071,0.02824858814362141,299.7749938964844,285.32501220703125,292.5500030517578,270.5050048828125,261.3999938964844,1,1,0,1,22.044998168945312,-48.0,331.47450570173874,294.55249786376953,257.6304900258003,0.7010656638429917,25.069899665251267,14.847496032714844,0,0,0,0.09105688173315751,0
2025-08-12,309.3999938964844,310.0,304.54998779296875,305.8999938964844,20834370,296.5249969482422,273.35999755859376,295.89626608625406,53.78565414214305,10.232407588781541,11.317030219587567,-0.01131221741772559,299.7749938964844,285.5500030517578,292.6624984741211,275.2800064086914,258.54998779296875,1,1,0,1,17.382492065429688,-47.350006103515625,331.3886577637552,296.5249969482422,261.66133613272916,0.6344522739285985,23.514820790368912,9.374996948242199,0,0,0,-0.06661338991439325,1
2025-08-13,305.8999938964844,314.0,305.54998779296875,312.3500061035156,28119116,299.0249969482422,274.69339782714843,297.46328894504086,49.13421143023225,10.323332257686388,11.118290627207331,0.021085362326662693,301.1999969482422,285.5500030517578,293.375,275.6000061035156,263.5,1,1,0,1,17.774993896484375,-48.850006103515625,330.75786679268896,299.0249969482422,267.2921271037954,0.7099559419080609,21.2242255117818,13.325009155273449,0,0,0,0.0755036679794624,1
2025-08-14,313.0,319.79998779296875,310.6499938964844,318.3999938964844,45892250,301.9624969482422,275.93019775390627,299.4572608451783,57.90535419800127,10.75954483068125,11.046541467902117,0.019369257802939632,304.09999084472656,288.22499084472656,296.16249084472656,278.4499969482422,264.54998779296875,1,1,0,1,17.712493896484375,-53.850006103515625,329.1186994045556,301.9624969482422,274.8062944919287,0.8026471940376314,17.986473638789757,16.4374969482422,0,0,0,0.09269125212957052,0
2025-08-18,318.3999938964844,323.70001220703125,313.6499938964844,314.8999938964844,42357084,304.84749603271484,276.9909979248047,300.9279973262551,57.6152468227122,10.69948864336186,10.977130902994066,-0.010992462522275925,306.0500030517578,290.1750030517578,298.1125030517578,283.4800033569336,262.8500061035156,1,1,0,1,14.632499694824219,-52.04998779296875,323.2025010829559,304.84749603271484,286.4924909824738,0.7738353336393528,12.042090087084912,10.052497863769531,0,0,0,-0.028811860398278655,1
2025-08-19,316.5,321.8999938964844,311.70001220703125,321.45001220703125,36592945,307.33499603271486,278.2831982421875,302.882474933948,63.37525805730516,11.053013163615503,10.992307355118353,0.020800312599243975,306.0500030517578,290.1750030517578,298.1125030517578,283.4800033569336,263.3500061035156,1,1,0,1,14.632499694824219,-58.100006103515625,319.48131882042594,307.33499603271486,295.18867324500377,1.0810407158204751,7.904288769260853,14.115016174316395,1,0,1,0.30720538218112237,1
2025-08-20,322.3999938964844,331.3500061035156,320.3500061035156,326.54998779296875,55734714,308.67249603271483,279.7005981445312,305.13652377766425,70.01732680598631,11.610866459403326,11.116019175975348,0.01586553240711286,309.875,294.0,301.9375,287.3050003051758,270.6000061035156,1,1,0,1,14.632499694824219,-55.949981689453125,322.91558011229483,308.67249603271483,294.42941195313483,1.1275849970542717,9.228605893069552,17.877491760253918,1,0,1,0.046544281233796614,0
2025-08-21,324.6000061035156,325.8999938964844,321.0,321.79998779296875,22056606,309.65999603271484,280.99519775390627,306.7235203505504,62.04819783382883,11.536696061978944,11.200154553176068,-0.014546011874333575,314.7250061035156,294.0,304.3625030517578,287.3050003051758,266.45001220703125,1,1,0,1,17.05750274658203,-55.3499755859375,324.6486418689467,309.65999603271484,294.671350196483,0.9049729339427071,9.680711766623117,12.139991760253906,0,0,0,-0.22261206311156467,0
2025-08-22,321.79998779296875,324.0,318.25,319.1000061035156,22869858,309.9574966430664,282.3459979248047,307.9022332794043,62.42425427418064,11.13172987723732,11.186469617988319,-0.008390247954857544,315.4250030517578,294.0,304.7125015258789,287.3050003051758,262.3500061035156,1,1,0,1,17.407501220703125,-56.75,325.43949323785006,309.9574966430664,294.47550004828275,0.7952626104933262,9.989754571164347,9.142509460449219,0,0,0,-0.10971032344938081,1
2025-08-25,320.0,323.79998779296875,316.54998779296875,319.25,20880241,310.39249725341796,283.7493978881836,308.9829729670801,62.19512973168971,10.69955668290305,11.089087030971266,0.0004700529414458643,317.9499969482422,294.0,305.9749984741211,287.3050003051758,259.6499938964844,1,1,0,1,18.669998168945312,-59.600006103515625,326.3967226646039,310.39249725341796,294.38827184223203,0.7767238813192177,10.312250168933291,8.857502746582043,0,0,0,-0.018538729174108592,0
2025-08-26,317.29998779296875,321.5,315.04998779296875,317.8999938964844,438503024,310.92249755859376,285.0643978881836,309.8322130555948,64.15095270841627,10.131334386401647,10.897536502057342,-0.004228680042335564,318.4499969482422,294.0,306.2249984741211,287.3050003051758,257.20001220703125,1,1,0,1,18.919998168945312,-60.699981689453125,327.18199963998114,310.92249755859376,294.6629954772064,0.7145667285186399,10.458877829079098,6.977496337890614,0,0,0,-0.062157152800577764,0
2025-08-28,321.20001220703125,323.1000061035156,313.25,315.5,44020764,311.3699981689453,286.4293978881836,310.3720022883953,65.20548235358382,9.37923667077473,10.59387653580082,-0.007549524827187848,321.0,309.875,315.4375,289.1000061035156,271.70001220703125,1,1,0,1,26.337493896484375,-43.79998779296875,327.6161459627978,311.3699981689453,295.1238503750928,0.6271071112814041,10.435268580396476,4.130001831054699,0,0,0,-0.08745961723723583,0
2025-08-29,315.54998779296875,316.75,307.75,313.95001220703125,62441100,311.89499816894534,287.74019805908205,310.71276513778923,61.42324023751151,8.55945468592114,10.186992165824885,-0.00491279807597067,319.5500030517578,309.875,314.7125015258789,289.1000061035156,299.79998779296875,1,0,0,1,25.61249542236328,-14.1500244140625,327.75756029174437,311.89499816894534,296.0324360461463,0.5647756025217475,10.17173229190851,2.0550140380859148,0,0,0,-0.06233150875965654,1
2025-09-01,313.95001220703125,322.5,313.95001220703125,321.1000061035156,47888390,312.5599990844727,289.1737982177734,311.7020261821441,66.91794700876372,8.390001593394459,9.8275940513388,0.022774306795597,319.5500030517578,309.875,314.7125015258789,289.2550048828125,302.04998779296875,1,1,0,1,25.457496643066406,-19.050018310546875,328.7909751625857,312.5599990844727,296.32902300635965,0.7630774322487875,10.385830640936518,8.540007019042946,0,0,0,0.19830182972704002,1
2025-09-02,322.8500061035156,327.3999938964844,320.45001220703125,322.3999938964844,48878436,313.4424987792969,290.55519805908204,312.7208802501765,62.38096677474746,8.26532937511729,9.515141116094497,0.004048544902704343,319.5500030517578,309.875,314.7125015258789,289.2800064086914,313.1499938964844,1,1,0,1,25.4324951171875,-9.25,329.7977806185991,313.4424987792969,297.0872169399947,0.7738410504080203,10.435905726248313,8.957495117187477,0,0,0,0.010763618159232768,1
2025-09-03,325.1000061035156,328.75,322.0,326.1000061035156,46674039,314.48499908447263,291.98439819335937,313.99508271239927,69.16511472766945,8.368617592411226,9.285836411357844,0.011476464879274229,318.25,309.875,314.0625,290.1800003051758,310.54998779296875,1,1,0,1,23.88249969482422,-15.550018310546875,331.27091900506724,314.48499908447263,297.699079163878,0.8459746940884832,10.675180036861349,11.615007019042991,0,0,0,0.07213364368046293,1
2025-09-04,328.0,329.0,322.79998779296875,326.25,43285629,315.68999938964845,293.407998046875,315.16221769217077,64.97846337194733,8.366137873003083,9.101896703686892,0.00045996287542782177,318.375,309.875,314.125,290.7000045776367,307.29998779296875,1,1,0,1,23.42499542236328,-18.95001220703125,332.2191125948283,315.68999938964845,299.1608861844686,0.8194363932071774,10.47173698066904,10.560000610351551,0,0,0,-0.02653830088130582,1
2025-09-05,327.54998779296875,334.3999938964844,326.29998779296875,329.1499938964844,31645035,317.2049987792969,294.8137982177734,316.4943868544863,62.427763203016625,8.500193014804609,8.981555965910436,0.008888870180794983,321.0749969482422,311.3999938964844,316.2374954223633,294.30999755859375,306.54998779296875,1,1,0,1,21.92749786376953,-22.600006103515625,332.81102025808894,317.2049987792969,301.5989773005048,0.8827046865666642,9.839707153953352,11.944995117187489,0,0,0,0.0632682933594868,1
2025-09-08,331.0,332.20001220703125,328.20001220703125,329.6499938964844,17188065,318.5999984741211,296.1031982421875,317.7473018108671,68.32300915149631,8.548239715477507,8.89489271582385,0.0015190642845863689,321.0749969482422,311.3999938964844,316.2374954223633,294.75,303.45001220703125,1,1,0,1,21.48749542236328,-26.199981689453125,333.39756560666115,318.5999984741211,303.80243134158104,0.8733720321519673,9.289119399504338,11.049995422363281,0,0,1,-0.009332654414696884,0
2025-09-09,329.0,329.6499938964844,323.75,325.70001220703125,19658627,319.8399993896484,297.3799987792969,318.50470280097795,55.64410494507632,8.173369050287988,8.750587982716679,-0.011982350258114893,321.0749969482422,311.3999938964844,316.2374954223633,295.3000030517578,307.79998779296875,1,1,0,1,20.93749237060547,-17.9000244140625,332.49865613323,319.8399993896484,307.18134264606687,0.7314626636966866,7.915618288980809,5.860012817382824,0,0,1,-0.1419093684552808,0
2025-09-10,328.95001220703125,328.95001220703125,322.79998779296875,324.3999938964844,18981939,320.5899993896484,298.5849987792969,319.0661590957881,46.8242283818445,7.682817990961439,8.537033984365632,-0.00399145920117594,321.0749969482422,311.3999938964844,316.2374954223633,295.3000030517578,304.75,1,1,0,1,20.93749237060547,-19.649993896484375,332.4370056609745,320.5899993896484,308.7429931183224,0.6607998856241633,7.390752234243638,3.809994506835949,0,0,1,-0.0706627780725233,1
2025-09-11,325.0,331.3500061035156,324.70001220703125,328.1000061035156,22336999,321.7,299.9269989013672,319.92652547747645,59.603698958586286,7.506087302979211,8.330844648088348,0.011405709854026336,324.1750030517578,311.3999938964844,317.7874984741211,295.3000030517578,305.25,1,1,0,1,22.48749542236328,-22.850006103515625,331.87565428184064,321.7,311.52434571815934,0.8144763926844985,6.326176115536618,6.400006103515636,0,0,1,0.1536765070603352,0
2025-09-12,327.1000061035156,327.8999938964844,320.70001220703125,321.3999938964844,19923948,322.1524993896484,301.15999877929687,320.06685580309625,53.12498445095707,6.747609724050676,8.014197663280815,-0.02042064029988888,327.4250030517578,311.3999938964844,319.4124984741211,295.3000030517578,302.1499938964844,1,1,0,1,24.11249542236328,-19.25,331.3860491313557,322.1524993896484,312.91894964794113,0.4592515601142518,5.732409190803248,-0.7525054931640511,0,0,1,-0.3552248325702467,1
2025-09-15,322.95001220703125,325.6000061035156,321.5,323.29998779296875,16287174,322.39749908447266,302.40899841308595,320.37477313546503,55.252904118568146,6.228031536016601,7.656964437827972,0.005911617711779726,327.5500030517578,311.3999938964844,319.4749984741211,295.3000030517578,298.8500061035156,1,1,0,1,24.17499542236328,-24.449981689453125,331.4785468138171,322.39749908447266,313.3164513551282,0.5496907810306843,5.633447998283068,0.9024887084960938,0,0,1,0.09043922091643247,1
2025-09-16,323.0,327.79998779296875,322.0,327.29998779296875,19198538,323.0174987792969,303.7269982910156,321.0343173885606,61.4077646530735,6.0690682087988534,7.339385192022149,0.012372409993907763,327.5500030517578,316.25,321.9000015258789,295.3000030517578,301.75,1,1,0,1,26.599998474121094,-25.54998779296875,331.64838469413246,323.0174987792969,314.3866128644613,0.7480909292469456,5.343912294195965,4.282489013671864,0,0,1,0.1984001482162614,1
2025-09-17,327.29998779296875,330.0,325.29998779296875,328.25,14901358,323.3574981689453,305.1209985351563,321.72152525631674,66.03773584905662,5.9511455705560365,7.061737267728927,0.0029025733041951884,327.5500030517578,316.9499969482422,322.25,295.3000030517578,300.8999938964844,1,1,0,1,26.949996948242188,-27.350006103515625,332.2464916051644,323.3574981689453,314.4685047327262,0.7751999912115863,5.497935558355194,4.8925018310546875,0,0,1,0.02710906196464069,1
2025-09-18,328.79998779296875,338.5,328.29998779296875,337.8500061035156,36575258,323.92249908447263,306.6079986572266,323.2575710512881,74.99998403892968,6.556749169129944,6.96073964800913,0.029246020117336347,329.6000061035156,321.5249938964844,325.5625,297.3500061035156,309.3999938964844,1,1,0,1,28.212493896484375,-28.45001220703125,334.771713775766,323.92249908447263,313.0732843931793,1.1418670574479464,6.698648424828367,13.927507019042991,1,0,1,0.36666706623636003,0
2025-09-19,337.0,340.0,334.54998779296875,336.54998779296875,29146789,324.65999908447264,308.0479986572266,324.5235155028767,68.41473892038448,6.852798970372135,6.939151512481732,-0.0038479156047389607,330.3500061035156,322.7749938964844,326.5625,298.3249969482422,305.8999938964844,1,1,0,1,28.237503051757812,-30.649993896484375,336.76452376732993,324.65999908447264,312.55547440161536,0.9911381908839009,7.456739183756257,11.889988708496105,0,0,1,-0.1507288665640455,1
2025-09-22,340.0,343.8999938964844,336.70001220703125,341.8500061035156,28626249,325.79749908447263,309.62799865722656,326.1736574648423,71.16428857960327,7.429445728649682,7.037210355715322,0.01574808647387993,332.3000030517578,325.8249969482422,329.0625,300.2749938964844,312.3500061035156,1,1,0,1,28.787506103515625,-29.5,339.73523407518013,325.79749908447263,311.85976409376514,1.0758649819983463,8.556072425278947,16.05250701904299,1,0,1,0.08472679111444548,0
2025-09-23,340.95001220703125,341.29998779296875,336.70001220703125,338.3500061035156,15144828,326.75249938964845,311.12799865722656,327.3333097161445,63.38796028117492,7.517366171987931,7.133241518969844,-0.01023840847596813,332.3000030517578,325.8249969482422,329.0625,300.2749938964844,318.3999938964844,1,1,0,1,28.787506103515625,-19.95001220703125,341.3659004989056,326.75249938964845,312.1390982803913,0.8968106612265813,8.94463004050711,11.597506713867176,0,0,1,-0.17905432077176509,0
2025-09-24,336.20001220703125,338.0,335.3500061035156,335.79998779296875,12073297,327.64749908447266,312.43199829101565,328.13966000917543,59.916895997038885,7.29716145556273,7.166025506288421,-0.0075366285342011174,332.3000030517578,325.8249969482422,329.0625,300.2749938964844,314.8999938964844,1,1,0,1,28.787506103515625,-20.899993896484375,342.1749019062243,327.64749908447266,313.120096262721,0.7805900272927485,8.867702553716889,8.152488708496094,0,0,1,-0.11622063393383275,0
2025-09-25,334.0,335.79998779296875,331.20001220703125,332.25,16653312,328.48499908447263,313.747998046875,328.5311209606826,53.17623059744941,6.758287948319776,7.0844779946946925,-0.010571732942281753,332.6999969482422,325.8249969482422,329.2624969482422,300.2749938964844,321.45001220703125,1,1,0,1,28.987503051757812,-10.79998779296875,342.0114200404931,328.48499908447263,314.9585781284522,0.6391721035360655,8.23563997973741,3.7650009155273665,0,0,1,-0.14141792375668305,0
2025-09-26,331.0,332.8999938964844,320.0,321.0,26840537,328.8374984741211,314.9209979248047,327.8138713453795,42.73721043571664,5.361640181125722,6.739910431980899,-0.033860045146726914,331.9499969482422,325.8249969482422,328.8874969482422,300.2749938964844,326.54998779296875,1,0,0,1,28.612503051757812,5.54998779296875,341.14273777102596,328.8374984741211,316.53225917721625,0.18153815277316573,7.484085211695075,-7.837498474121105,0,0,1,-0.4576339507628997,1
2025-09-29,326.95001220703125,328.79998779296875,324.25,324.8500061035156,21653802,329.0249984741211,316.2249981689453,327.53159846520197,49.28510965519047,4.513422158890876,6.294612777362895,0.0119937884844723,331.9499969482422,325.8249969482422,328.8874969482422,300.2749938964844,321.79998779296875,1,0,0,1,28.612503051757812,-3.050018310546875,340.961687738661,329.0249984741211,317.0883092095812,0.32511933258545755,7.255794738939117,-4.17499237060548,0,0,1,0.14358117981229182,1
2025-09-30,325.1000061035156,328.04998779296875,323.5,325.5,18841393,329.17999877929685,317.5909979248047,327.3381128970875,50.935378077509355,3.8492802339661694,5.805546268683551,0.0020009046768409977,331.9499969482422,325.8249969482422,328.8874969482422,300.2749938964844,319.1000061035156,1,0,0,1,28.612503051757812,-6.399993896484375,340.8459936334674,329.17999877929685,317.5140039251263,0.34227668427346913,7.0879123260415176,-3.6799987792968523,0,0,1,0.01715735168801158,1
2025-10-01,323.1000061035156,330.25,320.79998779296875,329.0,18366563,329.3249984741211,318.73699768066405,327.49638785926965,50.76791200115405,3.564276956786216,5.357292406304085,0.010752688172043001,331.9499969482422,325.8249969482422,328.8874969482422,300.2749938964844,319.25,1,1,0,1,28.612503051757812,-9.75,340.90604096722484,329.3249984741211,317.7439559810174,0.48596851387452183,7.0331997551129,-0.3249984741211165,0,0,1,0.1436918296010527,0
2025-10-03,326.20001220703125,334.79998779296875,324.0,328.45001220703125,25648590,329.4349990844727,319.3099981689453,327.58720922572314,56.720698348677445,3.25649157999203,4.937132241041674,-0.0016716954193578548,331.9499969482422,325.8249969482422,328.8874969482422,300.2749938964844,317.8999938964844,1,0,0,1,28.612503051757812,-10.550018310546875,340.9386568401742,329.4349990844727,317.93134132877117,0.4571881005868223,6.9838710444677305,-0.984986877441429,0,0,1,-0.028780413287699536,1
2025-10-06,326.5,336.29998779296875,326.5,335.1000061035156,13705095,329.73249969482424,319.97099853515624,328.30271369027486,60.314693616015525,3.5087220192033897,4.651450196674017,0.02024659354341174,330.6499938964844,325.8249969482422,328.2374954223633,316.1499938964844,315.5,1,1,0,1,12.087501525878906,-19.600006103515625,341.49610163561596,329.73249969482424,317.9688977540325,0.7281404299340878,7.135239596751444,5.3675064086913835,0,0,1,0.2709523293472655,1
2025-10-07,335.5,341.6000061035156,333.20001220703125,337.8500061035156,19836347,330.14250030517576,320.4649987792969,329.21197963439306,59.42806993238139,3.8857262434378868,4.498305406026791,0.00820650537126677,330.8000030517578,328.9250030517578,329.8625030517578,316.1499938964844,313.95001220703125,1,1,0,1,13.712509155273438,-23.899993896484375,342.4261214828709,330.14250030517576,317.85887912748063,0.8137310116798183,7.441405554474471,7.7075057983398665,0,0,1,0.08559058174573053,1
2025-10-08,337.6499938964844,342.8999938964844,336.04998779296875,341.6499938964844,16799915,330.93999938964845,321.08699890136717,330.3965524212589,61.39454908475839,4.439951072195356,4.486634539260504,0.011247558751869446,331.4499969482422,331.9499969482422,331.6999969482422,316.1499938964844,321.1000061035156,0,1,0,1,15.550003051757812,-20.54998779296875,344.01213279351754,330.93999938964845,317.86786598577936,0.9096498320490665,7.900002071661316,10.709994506835926,0,0,1,0.09591882036924815,1
2025-10-09,345.0,347.5,342.8999938964844,345.5,23497999,331.99499969482423,321.8509991455078,331.83497600018666,57.210170835099866,5.1306980651239655,4.615447244433197,0.01126886044869102,333.75,333.75,333.75,317.9499969482422,322.3999938964844,0,1,0,1,15.800003051757812,-23.100006103515625,346.14678256262675,331.99499969482423,317.8432168270217,0.9771483717398504,8.525298803181432,13.50500030517577,0,0,1,0.0674985396907839,1
2025-10-10,342.54998779296875,349.8999938964844,341.6000061035156,348.29998779296875,15972103,333.0049987792969,322.6859991455078,333.40307236140404,60.76993824874377,5.836772962554164,4.859712388057391,0.008104161484714156,335.34999084472656,334.9499969482422,335.1499938964844,319.1499938964844,326.1000061035156,1,1,0,1,16.0,-22.199981689453125,348.6998673068044,333.0049987792969,317.3101302517894,0.9872608198936237,9.426205963898724,15.294989013671852,0,0,0,0.010112448153773324,1
2025-10-13,347.5,351.29998779296875,345.3999938964844,348.3500061035156,14458590,334.3524993896484,323.5839990234375,334.8265898606528,56.59229372154839,6.327439679472718,5.153257846340456,0.00014360698334736632,336.04998779296875,335.6499938964844,335.84999084472656,319.84999084472656,326.25,1,1,0,1,16.0,-22.100006103515625,350.4529493462861,334.3524993896484,318.2520494330107,0.9346930288149022,9.630823748007654,13.99750671386721,0,0,0,-0.05256779107872145,0
2025-10-14,352.0,352.0,343.0,347.75,25161480,335.575,324.3829992675781,336.05739082630487,60.12930510018515,6.591893860487744,5.440985049169914,-0.0017224231175622107,336.3999938964844,336.0,336.1999969482422,320.1999969482422,329.1499938964844,1,1,0,1,16.0,-18.600006103515625,351.84501720462765,335.575,319.3049827953723,0.8741544906460544,9.696799347166902,12.175000000000011,0,0,0,-0.0605385381688478,1
2025-10-15,347.75,355.8999938964844,347.3500061035156,354.3500061035156,30840496,336.92750091552733,325.37499938964845,337.7995446622297,68.38456396746807,7.250462222982321,5.8028804839323955,0.018979169240878946,339.9499969482422,337.9499969482422,338.9499969482422,322.1499938964844,329.6499938964844,1,1,0,1,16.800003051757812,-24.70001220703125,354.65322883753305,336.92750091552733,319.2017729935216,0.9914468185636262,10.521983437884945,17.422505187988293,0,0,0,0.11729232791757171,0
2025-10-16,356.0,368.4500122070313,338.0,347.8500061035156,91194459,337.9075012207031,326.22699951171876,338.7567314661617,64.60674895745883,7.16528971812221,6.075362330770359,-0.018343445429774174,347.4750061035156,344.2250061035156,345.8500061035156,328.4250030517578,325.70001220703125,1,1,0,1,17.425003051757812,-22.149993896484375,355.77255782461356,337.9075012207031,320.0424446167927,0.7782668172637139,10.573933126297739,9.9425048828125,0,0,0,-0.21318000129991221,0
2025-10-17,340.0,347.75,333.75,342.6499938964844,77995576,338.1475006103516,327.03699951171876,339.12751836428765,72.86165903458766,6.602087611267734,6.180707386869835,-0.014949007088658206,350.82501220703125,344.2250061035156,347.52500915527344,328.4250030517578,324.3999938964844,1,0,0,1,19.100006103515625,-18.25,356.13158899011285,338.1475006103516,320.1634122305903,0.6251799143513929,10.636830582689642,4.50249328613279,0,0,0,-0.15308690291232108,0
2025-10-20,345.0,346.5,336.25,338.1499938964844,25481979,338.22750091552734,327.8229992675781,339.0344207959254,63.85415395100912,5.7266205747149,6.089890024438848,-0.013132934715181843,351.1000061035156,344.2250061035156,347.6625061035156,328.4250030517578,328.1000061035156,1,0,0,1,19.237503051757812,-10.04998779296875,356.1966808205399,338.22750091552734,320.2583210105148,0.4978433345469108,10.625499024397994,-0.07750701904296875,0,0,0,-0.12733657980448204,0
2025-10-21,340.1000061035156,340.79998779296875,337.20001220703125,338.1000061035156,3818958,338.04000091552734,328.54999938964846,338.94542892045786,63.29114739026386,4.971465088806042,5.866205037312287,-0.00014782727745388247,351.1000061035156,344.2250061035156,347.6625061035156,328.4250030517578,321.3999938964844,1,0,0,1,19.237503051757812,-16.70001220703125,355.9321652249876,338.04000091552734,320.1478366060671,0.501676856610258,10.585826683825701,0.06000518798828125,0,0,0,0.003833522063347139,0
2025-10-23,343.0,343.0,327.0,328.3500061035156,54284157,337.54000091552734,329.09899963378905,337.93634103313,49.394227427370716,3.545386402252859,5.402041310300402,-0.028837621484735676,347.7250061035156,344.2250061035156,345.9750061035156,328.4250030517578,323.29998779296875,1,0,1,1,17.550003051757812,-5.050018310546875,355.9217724004733,337.54000091552734,319.1582294305814,0.25002423407509944,10.891610733594897,-9.189994812011719,0,0,0,-0.2516526225351585,0
2025-10-24,328.0,329.8500061035156,324.3500061035156,326.6000061035156,35567993,337.0800018310547,329.4429998779297,336.8566900874524,48.313577121555646,2.248083882563037,4.771249824752929,-0.005329678597442489,346.40000915527344,344.2250061035156,345.31250762939453,333.27500915527344,327.29998779296875,1,0,1,1,12.037498474121094,0.699981689453125,356.0635287546257,337.0800018310547,318.0964749074837,0.2239713207737356,11.263514192743823,-10.479995727539062,0,0,0,-0.026052913301363834,1
2025-10-27,326.20001220703125,334.8999938964844,324.6000061035156,333.70001220703125,27703118,337.1525024414062,329.99900024414063,336.5560540988409,48.73418315286764,1.7724418382710496,4.171488227456553,0.021739148716565904,346.40000915527344,344.2250061035156,345.31250762939453,333.9750061035156,328.25,1,0,1,1,11.337501525878906,-5.45001220703125,356.0726597224132,337.1525024414062,318.23234516039923,0.4087615873616241,11.22350102342493,-3.4524902343749773,0,0,0,0.1847902665878885,1
2025-10-28,332.75,336.20001220703125,332.1499938964844,334.6000061035156,28723423,337.832502746582,330.4440002441406,336.3697638135718,46.959776185446344,1.4513834324823165,3.627467268461706,0.002697014874323722,346.40000915527344,344.2250061035156,345.31250762939453,336.5,337.8500061035156,1,0,1,1,8.812507629394531,3.25,355.3037685955394,337.832502746582,320.3612368976246,0.40749105786003237,10.343152720307135,-3.2324966430663835,0,0,0,-0.0012705295015917328,0
2025-10-29,333.54998779296875,335.5,328.75,330.45001220703125,19679008,338.1125030517578,330.68500061035155,335.8059779462822,39.591098626766176,0.8522483201649607,3.072423478802357,-0.012402850629956275,346.40000915527344,344.2250061035156,345.31250762939453,337.0,336.54998779296875,1,0,1,1,8.312507629394531,6.0999755859375,354.90901218839736,338.1125030517578,321.31599391511827,0.27190228093253704,9.935455793581436,-7.6624908447265625,0,0,0,-0.13558877692749532,0
2025-10-30,328.0,332.25,325.5,329.3500061035156,19800315,338.3050033569336,330.9740008544922,335.1911234850663,34.182185990374265,0.2853784624259674,2.5150144755270794,-0.0033288124160408827,336.0500030517578,344.2250061035156,340.1375045776367,338.1000061035156,341.8500061035156,0,0,1,1,2.0374984741210938,12.5,354.5996563945013,338.3050033569336,322.01035031936584,0.22521669431156402,9.633113832712567,-8.954997253417957,0,0,0,-0.046685586620973024,0
2025-10-31,329.95001220703125,330.29998779296875,316.6499938964844,317.75,34241754,337.7425033569336,330.9000006103516,333.5300641055362,24.477887134490402,-1.0873591319510751,1.7945397540314483,-0.03522090751038187,331.5749969482422,342.5500030517578,337.0625,338.1000061035156,338.3500061035156,0,0,1,0,1.037506103515625,20.600006103515625,355.94786267008413,337.7425033569336,319.53714404378303,-0.0490829105057019,10.780614895786886,-19.992503356933582,0,1,0,-0.2742996048172659,1
2025-11-03,316.45001220703125,323.6000061035156,313.25,322.6000061035156,33549131,337.4500030517578,330.8210009765625,332.4891062005819,30.08508099310251,-1.7635791633683198,1.0829159705514948,0.015263591199105031,328.125,340.8500061035156,334.4875030517578,338.1000061035156,335.79998779296875,0,0,1,0,3.6125030517578125,13.199981689453125,356.4152831252647,337.4500030517578,318.4847229782509,0.10849518460350832,11.24034962334733,-14.849996948242165,0,0,0,0.15757809510921023,0
2025-11-04,321.04998779296875,321.95001220703125,312.29998779296875,313.5,35402202,336.37000274658203,330.6550012207031,330.68061989576455,26.589208086842604,-2.999209826857509,0.2664908110696941,-0.028208325887618346,327.6499938964844,340.375,334.0124969482422,338.1000061035156,332.25,0,0,1,0,4.0875091552734375,18.75,358.01791899120786,336.37000274658203,314.7220865019562,-0.02822642346141711,12.871490363506148,-22.87000274658203,0,1,0,-0.13672160806492542,0
2025-11-06,308.5,311.6499938964844,303.54998779296875,305.6499938964844,44725332,334.76000213623047,330.3860009765625,328.2967507529759,17.27150791241786,-4.559328812756462,-0.6986731136955372,-0.02503989187724287,319.875,336.0,327.9375,336.0,321.0,0,0,1,0,8.0625,15.350006103515625,360.18773456827637,334.76000213623047,309.33226970418457,-0.07240668859366159,15.19161923155807,-29.110008239746094,0,1,0,-0.044180265132244476,1
2025-11-07,305.95001220703125,309.1000061035156,301.45001220703125,306.1000061035156,26911856,332.98250274658204,330.1230010986328,326.18277507207495,19.458684981073304,-5.693787684763095,-1.697696027909049,0.0014723121741126999,318.82501220703125,334.95001220703125,326.88751220703125,334.95001220703125,324.8500061035156,0,0,1,0,8.0625,18.75,361.0665949972262,332.98250274658204,304.89841049593787,0.021392815492375344,16.868209001370687,-26.882496643066418,0,0,0,0.09379950408603693,0
2025-11-10,304.25,308.54998779296875,300.79998779296875,301.45001220703125,33919179,330.7800033569336,329.79400146484375,323.8272738468327,19.61654088296602,-6.888661953037513,-2.735889212934742,-0.015191093772509934,318.5,334.625,326.5625,334.625,325.5,0,0,1,0,8.0625,24.04998779296875,361.38775184852636,330.7800033569336,300.17225486534085,0.02087310247667145,18.50640799381392,-29.329991149902355,0,0,0,-0.0005197130157038946,1
2025-11-11,302.95001220703125,307.75,300.1499938964844,305.79998779296875,35824473,328.6550033569336,329.6000012207031,322.1103894607504,26.090163324318652,-7.399307136960772,-3.668572797739948,0.014430172200324831,317.8249969482422,334.3000030517578,326.0625,334.3000030517578,329.0,0,0,1,0,8.237503051757812,23.20001220703125,359.99478689658184,328.6550033569336,297.31521981728537,0.13536736724663762,19.071538981326185,-22.855015563964855,0,0,0,0.11449426476996616,1
2025-11-12,308.0,312.95001220703125,307.3500061035156,308.79998779296875,43774443,326.67750244140626,329.4970007324219,320.84273215905694,29.24928061083564,-7.475746444741503,-4.430007527140259,0.009810333942953164,316.1999969482422,334.3000030517578,325.25,334.3000030517578,328.45001220703125,0,0,1,0,9.050003051757812,19.6500244140625,357.7870780540669,326.67750244140626,295.5679268287456,0.2126686189643502,19.046047175067127,-17.87751464843751,0,0,0,0.07730125171771257,0
2025-11-13,308.6499938964844,309.3500061035156,296.6000061035156,297.75,63585986,324.17750244140626,329.0300006103516,318.6434243343848,28.720439011739714,-8.331921607316588,-5.210390343175526,-0.035783640640481784,313.4499969482422,332.52500915527344,322.9875030517578,332.52500915527344,335.1000061035156,0,0,1,0,9.537506103515625,37.350006103515625,356.13615922838625,324.17750244140626,292.2188456544263,0.08653608914857659,19.71676414698542,-26.42750244140626,0,0,0,-0.1261325298157736,1
2025-11-14,295.0,305.25,294.75,303.75,37378739,321.64750213623046,328.65700073242186,317.2250029692053,34.99671179581635,-8.429130961387557,-5.854138466817933,0.02015113350125941,309.1750030517578,331.6000061035156,320.3875045776367,331.6000061035156,337.8500061035156,0,0,1,0,11.212501525878906,34.100006103515625,351.5996759004493,321.64750213623046,291.6953283720116,0.20123199943486272,18.62422283107482,-17.897502136230457,0,0,0,0.11469591028628613,1
2025-11-17,303.1000061035156,309.8500061035156,300.54998779296875,309.54998779296875,26632684,319.7325012207031,328.32600036621096,316.4940491428971,33.86771390036385,-7.9465565748372455,-6.272622088421795,0.019094610018004055,308.3500061035156,331.6000061035156,319.9750061035156,331.6000061035156,341.6499938964844,0,0,1,0,11.625,32.100006103515625,347.5608954791229,319.7325012207031,291.9041069622833,0.31704813196949855,17.407297758078442,-10.182513427734364,0,0,0,0.11581613253463582,0
2025-11-18,312.0,313.0,304.5,306.1499938964844,24986347,317.9075012207031,327.92400024414064,315.5089010241912,31.609553208311837,-7.749136764298385,-6.567925023597113,-0.010983666711556594,303.875,331.6000061035156,317.7375030517578,331.6000061035156,345.5,0,0,1,0,13.862503051757812,39.350006103515625,344.2314757294214,317.9075012207031,291.58352671198486,0.2766768213454095,16.560775953784866,-11.75750732421875,0,0,0,-0.04037131062408905,1
2025-11-19,305.0,308.1000061035156,302.6000061035156,306.6000061035156,15532632,316.3300018310547,327.47300048828123,314.6604348412697,33.80854848607524,-7.4702554630099485,-6.748391111479681,0.0014699076139239597,303.875,331.6000061035156,317.7375030517578,331.6000061035156,348.29998779296875,0,0,1,0,13.862503051757812,41.699981689453125,341.36233699694606,316.3300018310547,291.2976666651633,0.3056514571441783,15.826722107288843,-9.729995727539062,0,0,0,0.0289746357987688,1
2025-11-20,308.5,308.6499938964844,304.6000061035156,306.8999938964844,13522453,314.77000122070314,327.01800048828125,313.92134522748063,34.5916130880867,-7.142696950447316,-6.827252279273209,0.0009784337475435834,303.875,331.6000061035156,317.7375030517578,331.6000061035156,348.3500061035156,0,0,1,0,13.862503051757812,41.45001220703125,338.0053576622333,314.77000122070314,291.534644779173,0.33064586626800874,14.763386823027341,-7.870007324218761,0,0,0,0.02499440912383044,0
2025-11-21,304.95001220703125,305.95001220703125,301.0,301.95001220703125,13729185,313.4500015258789,326.5430004882812,312.7812182731521,38.06646567461414,-7.199534866539011,-6.9017087967263695,-0.0161289729159223,303.875,331.6000061035156,317.7375030517578,331.6000061035156,347.75,0,0,1,0,13.862503051757812,45.79998779296875,336.4478124940191,313.4500015258789,290.45219055773873,0.24997643613170237,14.673990018303734,-11.499989318847668,0,0,0,-0.08066943013630637,0
2025-11-24,296.5,304.25,295.6000061035156,301.0,42517973,312.1700012207031,326.07500061035154,311.6591974852329,32.664509697787594,-7.237804465558781,-6.968927930492852,-0.003146256561102123,303.875,331.6000061035156,317.7375030517578,331.6000061035156,354.3500061035156,0,0,1,0,13.862503051757812,53.350006103515625,334.9463417898511,312.1700012207031,289.39366065155514,0.2547893792070882,14.592267341566355,-11.170001220703114,0,0,0,0.00481294307538585,1
2025-11-25,303.0,305.95001220703125,300.5,302.29998779296875,19304127,310.6,325.55900024414063,310.7678441812077,39.72474793572151,-7.081602937539003,-6.991462931902083,0.004318896322155208,303.875,321.25,312.5625,331.6000061035156,347.8500061035156,0,0,1,0,19.037506103515625,45.550018310546875,331.4728827139002,310.6,289.7271172860998,0.3011771464249181,13.440362339922856,-8.300012207031273,0,0,0,0.04638776721782989,1
2025-11-26,300.29998779296875,307.1499938964844,300.29998779296875,306.8500061035156,14488702,309.2125,325.26800048828125,310.394716745237,51.17188803852848,-6.515556371582022,-6.896281619838072,0.01505133474786291,303.875,320.625,312.25,331.6000061035156,342.6499938964844,0,0,1,0,19.350006103515625,35.79998779296875,326.9773259220071,309.2125,291.4476740779929,0.4335064158000645,11.490367253592341,-2.3624938964843523,0,0,0,0.13232926937514639,0
2025-11-27,308.0,308.70001220703125,300.54998779296875,302.75,22604916,307.82749938964844,324.85700073242185,309.6666484837859,46.94620833317105,-6.324887254128839,-6.782002746696225,-0.013361596943010978,304.3000030517578,318.875,311.5875015258789,331.6000061035156,338.1499938964844,0,0,1,0,20.01250457763672,35.399993896484375,322.8628753270091,307.82749938964844,292.7921234522878,0.33114823963158724,9.768702255108693,-5.0774993896484375,0,0,0,-0.10235817616847726,0
2025-11-28,303.0,304.79998779296875,299.6499938964844,300.1000061035156,17678706,306.36499938964846,324.3130010986328,308.75553968566487,48.72279327654036,-6.314819655226984,-6.6885661284023765,-0.008753076454118491,304.3000030517578,318.875,311.5875015258789,331.6000061035156,338.1000061035156,0,0,1,0,20.01250457763672,38.0,318.06141234514564,306.36499938964846,294.6685864341513,0.23218313554890518,7.635606533905113,-6.264993286132835,0,0,1,-0.09896510408268205,1
2025-12-01,302.29998779296875,305.45001220703125,300.25,301.5,17929620,305.55249938964846,323.7780010986328,308.06453590607777,45.69139183498234,-6.12328775374408,-6.575510453470717,0.004665091196304205,302.15000915527344,315.4750061035156,308.81250762939453,331.6000061035156,328.3500061035156,0,0,1,0,22.787498474121094,26.850006103515625,316.1814902664081,305.55249938964846,294.9235085128888,0.3093657508677858,6.9572272509578,-4.05249938964846,0,0,1,0.0771826153188806,0
2025-12-02,300.6000061035156,301.79998779296875,297.0,300.54998779296875,23517461,304.4499984741211,323.03200073242186,307.34886465721024,41.379305946370664,-5.9792305397102155,-6.456254470718617,-0.0031509525938018257,302.15000915527344,315.4750061035156,308.81250762939453,331.6000061035156,326.6000061035156,0,0,1,0,22.787498474121094,26.050018310546875,311.86585590306373,304.4499984741211,297.0341410451785,0.23704924086516274,4.871642283534436,-3.9000106811523665,0,0,1,-0.07231651000262304,0
2025-12-03,300.6000061035156,302.95001220703125,296.0,297.75,18546982,303.6624984741211,322.2560009765625,306.4346870708092,50.0,-6.021586671291288,-6.369320910833152,-0.009316213297927312,302.15000915527344,315.4750061035156,308.81250762939453,331.6000061035156,333.70001220703125,0,0,1,0,22.787498474121094,35.95001220703125,310.37903082298754,303.6624984741211,296.94596612525464,0.05985483527679683,4.423682464984297,-5.912498474121094,0,0,1,-0.1771944055883659,0
2025-12-04,297.6000061035156,298.75,292.54998779296875,295.75,31947997,303.16749877929686,321.33400085449216,305.41709782597025,38.76403723832873,-6.145693763882775,-6.324595481443078,-0.0067170445004197665,300.625,314.0249938964844,307.3249969482422,330.5,334.6000061035156,0,0,1,0,23.175003051757812,38.850006103515625,310.64166808509117,303.16749877929686,295.69332947350256,0.0037910919714855907,4.930719378488148,-7.417498779296864,0,0,1,-0.05606374330531124,0
2025-12-05,295.0,299.70001220703125,291.1499938964844,292.3999938964844,17762375,302.4824981689453,320.41500061035157,304.17737364220966,24.132734458356623,-6.440129223442852,-6.3477022298430335,-0.01132715504147297,299.9250030517578,311.6999969482422,305.8125,329.8000030517578,330.45001220703125,0,0,1,0,23.987503051757812,38.050018310546875,311.1689367893415,302.4824981689453,293.7960595485491,-0.08035891998285222,5.743432213750469,-10.082504272460938,0,1,1,-0.08415001195433781,0
2025-12-08,290.8999938964844,297.3999938964844,284.1499938964844,285.25,85127961,301.67249755859376,319.4040008544922,302.3747666286659,21.680220388226658,-7.1677903732628465,-6.511719858526996,-0.024452784014132423,296.4250030517578,307.22499084472656,301.8249969482422,326.3000030517578,329.3500061035156,0,0,1,0,24.475006103515625,44.100006103515625,313.1619886320515,301.67249755859376,290.18300648513605,-0.21467471681717754,7.617194915970829,-16.42249755859376,0,1,1,-0.13431579683432532,1
2025-12-09,284.54998779296875,292.29998779296875,280.29998779296875,291.70001220703125,27053864,300.9674987792969,318.59300109863284,301.358123350415,32.634037276978006,-7.141680153634866,-6.63771191754857,0.022611786878286688,294.5,301.9499969482422,298.2249984741211,324.375,317.75,0,0,1,0,26.150001525878906,26.04998779296875,313.07134815469317,300.9674987792969,288.8636494039006,0.11716779989414744,8.043293328674132,-9.267486572265625,0,0,1,0.331842516711325,0
2025-12-10,289.0,293.0,282.0,283.25,20644419,299.68999938964845,317.8380010986328,299.633540174185,26.836449154026738,-7.7139118082918685,-6.852951895697229,-0.028968158565018998,292.875,301.125,297.0,324.375,322.6000061035156,0,0,1,0,27.375,39.350006103515625,313.4917212644399,299.68999938964845,285.888277514857,-0.09557783944609724,9.210665623077286,-16.43999938964845,0,1,0,-0.21274563934024468,1
2025-12-11,284.0,291.8999938964844,283.04998779296875,290.95001220703125,21043741,299.35,317.1600012207031,298.80653751064654,39.776960951149235,-7.460087637353581,-6.974379044028501,0.027184509115732558,292.875,296.6499938964844,294.7624969482422,324.375,313.5,0,0,1,0,29.612503051757812,22.54998779296875,313.65209369404874,299.35,285.0479063059513,0.20633712893154546,9.555432566593433,-8.399987792968773,0,0,0,0.3019149683776427,1
2025-12-12,290.1000061035156,299.0,288.6000061035156,298.04998779296875,27289532,299.06499938964845,316.6110009765625,298.73448515658197,47.53960666693138,-6.6098274836109,-6.9014687319449814,0.024402733418293687,291.625,296.6499938964844,294.1374969482422,324.375,305.6499938964844,0,0,0,0,30.237503051757812,7.600006103515625,313.2315440985544,299.06499938964845,284.8984546807425,0.46417575289048435,9.473890116073758,-1.0150115966796989,0,0,0,0.25783862395893886,1
2025-12-15,295.0,299.54998779296875,295.0,298.45001220703125,14755897,298.51000061035154,316.0000012207031,298.70739249472,46.74007417238257,-5.836432794700784,-6.688461544496143,0.0013421386695051662,291.625,296.6499938964844,294.1374969482422,324.375,306.1000061035156,0,0,0,0,30.237503051757812,7.649993896484375,311.8346972257629,298.51000061035154,285.18530399494017,0.4977489767665364,8.927470830569757,-0.05998840332028976,0,0,1,0.03357322387605205,0
2025-12-16,298.20001220703125,298.20001220703125,282.6499938964844,284.45001220703125,58633745,297.4250015258789,315.1200012207031,297.3495467530353,33.64964677589727,-6.280793847039547,-6.606928005004823,-0.04690902806962649,290.0,296.6499938964844,293.3249969482422,324.375,301.45001220703125,0,0,1,0,31.050003051757812,17.0,311.5919137913446,297.4250015258789,283.25808926041316,0.042067139412008944,9.526376190828104,-12.974989318847634,0,0,0,-0.45568183735452744,0
2025-12-17,286.25,290.5,283.54998779296875,284.45001220703125,27154430,296.3175018310547,314.10700134277346,296.1210196534159,35.79194032962762,-6.557363972409917,-6.597015198485843,0.0,290.0,296.6499938964844,293.3249969482422,324.375,305.79998779296875,0,0,1,0,31.050003051757812,21.3499755859375,310.89930928439105,296.3175018310547,281.73569437771835,0.09307206387133653,9.842015650935235,-11.867489624023449,0,0,0,0.05100492445932758,1
2025-12-18,284.04998779296875,285.5,281.70001220703125,284.75,14159703,295.21000213623046,313.0450012207031,295.03806540070957,37.630941519878235,-6.675391523361782,-6.61269046346103,0.0010546239412723146,289.92498779296875,296.6499938964844,293.28749084472656,324.375,308.79998779296875,0,0,1,0,31.087509155273438,24.04998779296875,309.7731912914036,295.21000213623046,280.64681298105734,0.1408752909552484,9.866325022722402,-10.460002136230457,0,0,0,0.04780322708391187,1
2025-12-19,286.8999938964844,288.3500061035156,285.25,286.04998779296875,17783844,294.41500091552734,311.9330010986328,294.1820580094962,37.53025894861915,-6.58808768351895,-6.607769907472615,0.004565365383560227,289.92498779296875,296.6499938964844,293.28749084472656,324.375,297.75,0,0,1,0,31.087509155273438,11.70001220703125,309.1545394431927,294.41500091552734,279.675462387862,0.21623897495644426,10.012763263984878,-8.365013122558594,0,0,0,0.07536368400119586,1
2025-12-22,286.0,287.8999938964844,285.20001220703125,286.70001220703125,14987454,293.7000015258789,310.75700134277344,293.46948221878523,38.76725863649594,-6.392755517465957,-6.564767029471284,0.002272415458143495,290.625,296.6499938964844,293.6374969482422,324.375,303.75,0,0,1,0,30.737503051757812,17.04998779296875,308.47974668828573,293.7000015258789,278.9202563634721,0.263189782979054,10.064518274171352,-6.999989318847668,0,0,0,0.04695080802260973,0
2025-12-23,287.04998779296875,288.0,284.0,284.3500061035156,12762620,292.80250244140626,309.4780017089844,292.60096068399764,39.05230021098003,-6.354330455255138,-6.5226797146280555,-0.008196742251334932,290.625,296.6499938964844,293.6374969482422,324.375,309.54998779296875,0,0,1,0,30.737503051757812,25.199981689453125,307.56432410270503,292.80250244140626,278.0406807801075,0.21370415752783953,10.08312534094739,-8.452496337890636,0,0,0,-0.04948562545121446,1
2025-12-24,283.5,286.0,283.1000061035156,284.8500061035156,12973814,291.70250244140624,308.2080017089844,291.86277453347554,40.87103342055799,-6.2119252873662845,-6.4605288291757015,0.0017583963047920204,290.625,294.5,292.5625,324.375,306.1499938964844,0,0,1,0,31.8125,21.29998779296875,305.3499691123101,291.70250244140624,278.0550357705024,0.2489462145930711,9.35711319353195,-6.852496337890614,0,0,0,0.03524205706523156,0
2025-12-26,281.79998779296875,284.6499938964844,279.70001220703125,281.75,15744495,290.6525024414062,306.88800170898435,290.899653149335,41.04290475801811,-6.276857049701164,-6.423794473280795,-0.010882942029459053,289.625,294.20001220703125,291.9125061035156,324.07501220703125,306.6000061035156,0,0,1,0,32.162506103515625,24.850006103515625,303.96581784521334,290.6525024414062,277.3391870375991,0.16565419013281826,9.160984537878521,-8.902502441406227,0,0,1,-0.08329202446025283,1
2025-12-29,281.5,286.04998779296875,281.5,282.8500061035156,13175259,289.7900024414063,305.4580017089844,290.1330200973522,47.75281701530392,-6.16844860396003,-6.372725299416642,0.003904192026674691,288.95001220703125,294.20001220703125,291.57501220703125,324.07501220703125,306.8999938964844,0,0,1,0,32.5,24.04998779296875,302.7743571336001,289.7900024414063,276.8056477492124,0.23275543904916,8.961216455228957,-6.939996337890648,0,0,1,0.06710124891634173,0
2025-12-30,282.5,282.5,275.3500061035156,277.1000061035156,37816382,288.570002746582,304.0430017089844,288.8917806693678,36.14801302931597,-6.4719069601005685,-6.392561631553427,-0.02032879574305424,282.9250030517578,292.02500915527344,287.4750061035156,321.90000915527344,301.95001220703125,0,0,1,0,34.42500305175781,24.850006103515625,301.50917824573565,288.570002746582,275.6308272474284,0.056772506725151856,8.9677897050974,-11.469996643066395,0,0,1,-0.17598293232400813,1
