Date,Open,High,Low,Close,Volume,SMA_20,SMA_50,EMA_20,RSI,MACD,MACD_signal,Daily_Return,Tenkan_sen,Kijun_sen,Senkou_Span_A,Senkou_Span_B,Chikou_Span,tk_cross,price_above_cloud,price_below_cloud,cloud_bullish,cloud_thickness,chikou_vs_price,bb_upper,bb_middle,bb_lower,bb_pct_b,bb_bandwidth,bb_price_vs_middle,bb_above_upper,bb_below_lower,bb_squeeze,bb_pct_b_delta,Target
2022-03-15,1099.6620420875429,1099.6620420875429,1060.2128731362302,1070.4488525390625,15925769,1070.386572265625,1086.1048559570313,1069.6793716594548,48.11536889450137,-2.560375979651326,-6.4347561762508425,-0.02290335674850108,1043.511522106305,1049.9543242781315,1046.732923192218,1075.0685889349747,1055.887451171875,0,0,0,0,28.335665742756646,-14.5614013671875,1126.0211936993317,1070.386572265625,1014.7519508319185,0.5005597258670271,10.395239042647555,0.06228027343740905,0,0,0,-0.22968411990055515,1
2022-03-16,1078.850581492875,1090.581191192119,1076.6312801930274,1088.5203857421875,11149828,1070.0559509277343,1086.10033203125,1071.4737539530483,52.08452056717245,-0.8071395536351247,-5.3092328517277,0.016882201480491243,1043.511522106305,1049.9543242781315,1046.732923192218,1075.0685889349747,1049.4561767578125,0,1,0,0,28.335665742756646,-39.064208984375,1125.1746012857452,1070.0559509277343,1014.9373005697236,0.6674971601673981,10.302012770495445,18.46443481445317,0,0,0,0.166937434300371,1
2022-03-17,1101.8362205198275,1131.1173411560007,1093.8421832317183,1124.006591796875,21422098,1071.6128662109375,1086.3141162109375,1076.476881366746,67.04386277001274,3.4064853606105316,-3.5660892092600536,0.03260040557760613,1059.2391716405339,1059.2391716405339,1059.2391716405339,1075.0685889349747,1067.09716796875,0,1,0,0,15.829417294440873,-56.909423828125,1130.827927462521,1071.6128662109375,1012.3978049593538,0.9424020213652684,11.05157713549282,52.393725585937545,0,0,0,0.2749048611978703,0
2022-03-21,1106.9315283978274,1125.0482148088292,1104.6669425964524,1117.52978515625,11999466,1072.1541076660155,1086.294189453125,1080.3866817276512,64.13438480406612,6.152269759578303,-1.6224174154923823,-0.0057622496948802615,1059.2391716405339,1059.2391716405339,1059.2391716405339,1075.0685889349747,1079.5299072265625,0,1,0,0,15.829417294440873,-37.9998779296875,1132.8223320091074,1072.1541076660155,1011.4858833229237,0.8739657619911969,11.31707166149113,45.375677490234466,0,0,0,-0.0684362593740715,1
2022-03-22,1114.2233926126817,1148.1243719419283,1111.2795389519592,1146.4033203125,22557065,1074.5715576171874,1087.332734375,1086.673980640494,63.46730483840674,10.53671595630999,0.8094092588680921,0.02583692671082849,1080.0054742024927,1067.7426870334975,1073.874080617995,1075.0685889349747,1078.4202880859375,1,1,0,0,1.1945083169796362,-67.9830322265625,1142.5839248047712,1074.5715576171874,1006.5591904296035,1.0280786838163902,12.658508724797834,71.83176269531259,1,0,0,0.15411292182519332,1
2022-03-23,1142.7120228084564,1161.666592238369,1142.7120228084564,1150.0491943359375,15462187,1077.7261291503905,1088.2675561523438,1092.7097152781553,61.601929034269006,14.14258579372381,3.4760445658392363,0.0031802716887139315,1110.9397326872995,1074.513797181718,1092.7267649345088,1075.0685889349747,1076.3140869140625,1,1,0,1,17.658175999534024,-73.735107421875,1153.1884900534928,1077.7261291503905,1002.2637682472883,0.979199592485674,14.003995794848528,72.32306518554697,0,0,0,-0.04887909133071622,1
2022-03-24,1136.824010448648,1170.4078760728964,1136.824010448648,1167.916748046875,13168266,1082.0209228515625,1089.5416137695313,1099.872289827557,66.01901786841788,18.23186034078958,6.427207720829305,0.01553633861832715,1115.3103746045633,1078.8844390989816,1097.0974068517726,1078.8844390989816,1059.1712646484375,1,1,0,1,18.212967752790973,-108.7454833984375,1167.132423143878,1082.0209228515625,996.909422559247,1.0046076317554222,15.7319509253134,85.89582519531245,1,0,0,0.025408039269748217,1
2022-03-25,1169.660588741769,1184.833300668766,1167.169460657995,1175.70703125,14222488,1087.0437805175782,1090.8125048828124,1107.094646153504,72.91452558310209,21.84938452531219,9.511643081725882,0.006670238453342581,1122.523086902498,1086.0971513969166,1104.3101191497074,1086.0971513969166,1095.1328125,1,1,0,1,18.212967752790746,-80.57421875,1181.326859895474,1087.0437805175782,992.7607011396824,0.9701970455220861,17.346694046306844,88.66325073242183,0,0,0,-0.03441058623333615,1
2022-03-28,1182.115739135411,1191.0608703717303,1171.472198621402,1187.5281982421875,9891424,1095.3367126464843,1091.7260400390626,1114.7549844476644,86.08223826758869,25.377630361277397,12.684840537636186,0.010054517560909249,1125.6368717539804,1089.2109362483986,1107.4239040011894,1089.2109362483986,1092.8682861328125,1,1,0,1,18.212967752790746,-94.659912109375,1194.2249017787117,1095.3367126464843,996.4485235142569,0.9661400234179142,18.05621741524575,92.19148559570317,0,0,0,-0.0040570221041719146,1
2022-03-29,1194.7974641560254,1194.7974641560254,1180.9382429362058,1187.7999267578125,8684065,1103.0046142578126,1092.5163842773438,1121.7116456200595,86.76038888234721,27.874398115929125,15.722752053294775,0.00022881857965750818,1135.7143721745265,1091.0792331405462,1113.3968026575362,1091.0792331405462,1106.7049560546875,1,1,0,1,22.317569516990034,-81.094970703125,1205.5323690731266,1103.0046142578126,1000.4768594424986,0.9135236973283185,18.59063026391828,84.79531249999991,0,0,0,-0.052616326089595655,1
2022-03-30,1195.6581430818142,1217.4434746814534,1185.331593767139,1210.6270751953125,15811550,1110.1018493652343,1093.7297534179688,1130.1797817700835,84.78997463309743,31.333867336201365,18.844975109876096,0.01921800795173345,1155.6428289565858,1102.40223840326,1129.022533679923,1102.40223840326,1098.0543212890625,1,1,0,1,26.620295276663,-112.57275390625,1221.418393931123,1110.1018493652343,998.7853047993457,0.9515286843573232,20.055194868748387,100.52522583007817,0,0,0,0.03800498702900468,0
2022-03-31,1207.003765404827,1209.1551399202813,1190.540203605835,1193.3255615234375,13223718,1115.4508178710937,1094.4770727539062,1136.1936655561174,76.4564811101166,32.30701885590952,21.53738385908278,-0.014291365215901575,1161.055208638953,1102.40223840326,1131.7287235211065,1102.40223840326,1086.957763671875,1,1,0,1,29.32648511784646,-106.3677978515625,1231.8522707565635,1115.4508178710937,999.0493649856239,0.8345093283713849,20.870745894046514,77.8747436523438,0,0,0,-0.11701935598593827,1
2022-04-01,1193.8916640782966,1207.094259791017,1187.55087204633,1202.882080078125,7922880,1121.7361877441406,1095.69134765625,1142.544943129642,77.16401453637773,33.46363171068833,23.92263342940389,0.008008307927710234,1164.3615068167064,1102.40223840326,1133.3818726099832,1102.40223840326,1082.0208740234375,1,1,0,1,30.979634206723176,-120.8612060546875,1242.6787664842689,1121.7361877441406,1000.7936090040124,0.8354728052737498,21.563462079858354,81.14589233398442,0,0,0,0.0009634769023648682,1
2022-04-04,1202.7009276541294,1211.555489970758,1196.45070474843,1206.4375,7929162,1129.393896484375,1096.9785424804688,1148.6299485458667,76.57658501023607,34.272081186568585,25.99252298083683,0.0029557510089801564,1177.1337425650509,1102.40223840326,1139.7679904841555,1102.40223840326,1075.2498779296875,1,1,0,1,37.36575208089539,-131.1876220703125,1251.419504129075,1129.393896484375,1007.3682888396751,0.8156862112907957,21.609043226556548,77.04360351562491,0,0,0,-0.019786593982954126,0
2022-04-05,1200.7307025551163,1209.2456310104756,1186.9620503043643,1189.3851318359375,13149870,1138.146533203125,1098.3246118164063,1152.5113945734925,79.64548078982727,33.154613871830406,27.424941159035548,-0.014134481201108606,1177.1337425650509,1102.40223840326,1139.7679904841555,1102.40223840326,1021.6695556640624,1,1,0,1,37.36575208089539,-167.7155761718751,1250.6444188509624,1138.146533203125,1025.6486475552877,0.7277313850733578,19.76861192578265,51.238598632812455,0,0,0,-0.08795482621743789,0
2022-04-06,1171.7439190700502,1193.212136245702,1171.7439190700502,1186.214599609375,12257215,1146.8323669433594,1099.6036499023437,1155.7212236245289,76.30478554482664,31.648354984696425,28.269623924167725,-0.0026656901466965977,1192.306467669724,1102.40223840326,1147.354353036492,1102.40223840326,1034.44189453125,1,1,0,1,44.952114633231986,-151.772705078125,1245.110506360507,1146.8323669433594,1048.5542275262117,0.7003611021717417,17.139059247008774,39.382232666015625,0,0,0,-0.027370282901616028,0
2022-04-07,1175.3671581453982,1180.304009486112,1162.6401712692125,1165.289794921875,15496499,1151.786151123047,1101.3695776367188,1156.632516129038,62.06157182190394,28.43835742016472,28.303370623367126,-0.017639982423408584,1190.041822975333,1102.40223840326,1146.2220306892964,1102.40223840326,1068.682373046875,1,1,0,1,43.81979228603632,-96.607421875,1243.0479036721208,1151.786151123047,1060.524398573973,0.5739830401107343,15.846995982733302,13.50364379882808,0,0,0,-0.12637806206100743,1
2022-04-08,1159.470012714583,1188.9097490958125,1159.470012714583,1184.6749267578125,15152495,1156.8452575683593,1103.5653271484375,1159.303221903207,68.24164198755045,27.145710501302574,28.071838598954216,0.016635460055013374,1188.4567436980183,1102.40223840326,1145.4294910506392,1102.40223840326,1086.34619140625,1,1,0,1,43.0272526473791,-98.3287353515625,1243.504747173171,1156.8452575683593,1070.1857679635477,0.6605690808725233,14.982036540818994,27.82966918945317,0,0,0,0.086586040761789,0
2022-04-11,1177.5865608022991,1195.0466201854251,1169.8869936426172,1182.2064208984375,9254209,1161.6246765136718,1106.0301098632813,1161.4844789503718,61.356073952182754,25.626682271231857,27.582807333409747,-0.0020836989148835805,1188.4567436980183,1102.40223840326,1145.4294910506392,1102.40223840326,1077.1746826171875,1,1,0,1,43.0272526473791,-105.03173828125,1242.623201909643,1161.6246765136718,1080.6261511177006,0.6270501177901036,13.945730842954921,20.58174438476567,0,0,0,-0.03351896308241975,0
2022-04-12,1171.698565177911,1178.7641486995603,1157.3863798447203,1159.9454345703125,13217742,1164.8449279785157,1108.0700512695312,1161.337903295128,52.80738570646941,22.368713298178136,26.539988526363423,-0.018830033346636244,1184.470934907739,1102.40223840326,1143.4365866554995,1102.40223840326,1053.2833251953125,1,1,0,1,41.0343482522394,-106.662109375,1239.987584492408,1164.8449279785157,1089.7022714646234,0.46739872107597524,12.90174420801155,-4.8994934082031705,0,0,0,-0.1596513967141283,0
2022-04-13,1166.0371790472568,1174.2349955581562,1152.9025109003892,1155.68798828125,10354235,1169.106884765625,1109.5651318359376,1160.799816150949,46.24062576930236,19.22163404781827,25.076317630654394,-0.0036703849699961655,1182.2290004355737,1102.40223840326,1142.3156194194169,1102.40223840326,1014.3323974609376,1,1,0,1,39.91338101615679,-141.3555908203124,1230.8191835608711,1169.106884765625,1107.3945859703788,0.39127858833376794,10.55716968215748,-13.418896484374955,0,0,0,-0.0761201327422073,0
2022-04-18,1147.2410619855225,1159.3792305452218,1142.1683569783831,1152.1551513671875,9974224,1172.288623046875,1111.0611157226563,1159.9765147429716,42.56504243933907,16.255101957693114,23.31207449606214,-0.0030569123759056627,1176.8619234745706,1114.6650255722552,1145.763474523413,1102.40223840326,1012.4979248046876,1,1,0,1,43.36123612015285,-139.6572265624999,1222.5534166573507,1172.288623046875,1122.0238294363994,0.29972590919490466,8.57549798271236,-20.133471679687545,0,0,0,-0.09155267913886328,1
2022-04-19,1158.5639783200388,1208.3849780863477,1155.416224906424,1196.0655517578125,26141820,1175.8915710449219,1113.391376953125,1163.4135658872422,52.241065283066746,17.248476539808053,22.099354904811324,0.03811153414409452,1175.7069939944295,1138.8281739088418,1157.2675839516355,1102.40223840326,1066.214111328125,1,1,0,1,54.865345548375444,-129.8514404296875,1221.9509034223784,1175.8915710449219,1129.8322386674654,0.7189999254392654,7.833942093236912,20.173980712890625,0,0,0,0.4192740162443607,1
2022-04-20,1203.4481327307994,1238.2775602010167,1199.824772027751,1231.234619140625,25072240,1181.5768127441406,1116.7040161132813,1169.8727138161357,59.63619287280779,20.635707282375506,21.80662538032416,0.02940396312821303,1190.2229585896998,1149.2452166686235,1169.7340876291616,1112.819281163042,1083.4927978515625,1,1,0,1,56.91480646611967,-147.7418212890625,1225.4348244458188,1181.5768127441406,1137.7188010424625,1.0661201279968684,7.423641227322424,49.657806396484375,1,0,0,0.347120202557603,1
2022-04-21,1245.9318196263494,1263.1879773228495,1237.371607658606,1260.0628662109375,21708633,1187.2597900390624,1120.7875244140625,1178.4622521394504,60.683101422697106,25.354045011849166,22.516109306629165,0.02341409721766441,1202.6781671506164,1161.7004252295399,1182.189296190078,1125.2744897239581,1086.6180419921875,1,1,0,1,56.9148064661199,-173.44482421875,1239.9752286740302,1187.2597900390624,1134.5443514040946,1.1905289802860768,8.880185967257152,72.80307617187509,1,0,0,0.1244088522892084,0
2022-04-22,1249.5551722154648,1269.075915209395,1242.8972695502075,1249.5098876953125,15054154,1192.2328247070313,1124.7885986328124,1185.2286936209612,62.50623597245846,27.919980331280158,23.596883511559362,-0.008374961915478263,1205.622136093889,1164.6443941728126,1185.1332651333507,1128.218458667231,1095.5404052734375,1,1,0,1,56.91480646611967,-153.969482421875,1248.6073084773334,1192.2328247070313,1135.8583409367293,1.00800521049254,9.45695884260778,57.27706298828116,1,0,0,-0.18252376979353668,0
2022-04-25,1242.0821076628993,1249.3287095526507,1206.414795351199,1220.61376953125,17063215,1194.86767578125,1127.8589306640624,1188.5987008505126,53.63406652790008,27.307048658700978,24.338916540987686,-0.02312596198607164,1205.622136093889,1172.8535977012111,1189.23786689755,1128.218458667231,1070.4488525390625,1,1,0,1,61.01940823031896,-150.1649169921875,1251.3756747604157,1194.86767578125,1138.3596768020843,0.7278092855446227,9.458453036185551,25.74609375,0,0,0,-0.28019592494791745,1
2022-04-26,1227.4074011312523,1265.9054714118893,1226.36573740708,1257.1414794921875,12227666,1198.9393981933595,1131.411162109375,1195.126584530672,59.15442049942058,29.429531491498892,25.35703953108993,0.029925690560548945,1205.622136093889,1181.4590492205566,1193.5405926572228,1128.218458667231,1088.5203857421875,1,1,0,1,65.3221339899917,-168.62109375,1260.8184537855338,1198.9393981933595,1137.060342601185,0.9702890238210797,10.322299139625873,58.202081298828034,0,0,0,0.24247973827645708,1
2022-04-27,1248.1738072854712,1280.8518611647926,1247.8114113086813,1258.364501953125,19338945,1202.4812133789062,1135.0100463867188,1201.1492433328106,63.20898365821332,30.854629160900004,26.456557457051947,0.0009728598418623502,1211.510109071588,1192.7594018806226,1202.1347554761053,1134.1064316449297,1124.006591796875,1,1,0,1,68.02832383117561,-134.35791015625,1269.2574456494663,1202.4812133789062,1135.7049811083461,0.9184369698173007,11.10640757254286,55.883288574218795,0,0,0,-0.05185205400377901,1
2022-04-28,1272.676879438306,1291.269173560739,1261.874722290275,1277.1607666015625,25614076,1206.9492553710938,1139.0269799804687,1208.3884360250727,66.43208362060713,33.11895609137832,27.789037183917223,0.014937058872261266,1216.7187652695611,1201.2743562563492,1208.9965607629551,1139.315087842903,1117.52978515625,1,1,0,1,69.6814729200521,-159.6309814453125,1280.7836016999738,1206.9492553710938,1133.1149090422139,0.9754664646025704,12.234871681689476,70.21151123046866,0,0,0,0.05702949478526964,0
2022-04-29,1293.6014412995023,1293.6014412995023,1257.888846605604,1263.754150390625,18214862,1209.6056091308594,1143.1186376953126,1213.6613612027443,68.28728600370361,33.44610374838612,28.920450496811007,-0.010497203297758384,1224.5088331029633,1215.2127258740752,1219.8607794885193,1140.4812217122847,1146.4033203125,1,1,0,1,79.3795577762346,-117.350830078125,1287.4897524755033,1209.6056091308594,1131.7214657862155,0.8476223717333174,12.877609488039027,54.14854125976558,0,0,0,-0.1278440928692529,0
2022-05-02,1250.9593611931234,1270.6612443033114,1249.1702630612974,1259.315673828125,9467006,1212.9051147460937,1146.402294921875,1218.00939097659,64.67753480728709,32.967197329393684,29.729799863327546,-0.0035121360916029465,1246.7131066636266,1215.2127258740752,1230.962916268851,1140.4812217122847,1150.0491943359375,1,1,0,1,90.48169455656625,-109.2664794921875,1293.3016504409263,1212.9051147460937,1132.508579051261,0.7886353166894869,13.256854920867022,46.41055908203134,0,0,0,-0.058987055043830505,0
2022-05-04,1261.3764403153348,1263.6410258882418,1212.1442565160846,1220.0023193359375,19247660,1213.7611267089844,1148.9449755859375,1218.1991936774803,56.4916081083461,29.08018314044284,29.599876518750605,-0.031218030005678354,1250.0081183253506,1217.8848991389427,1233.9465087321466,1140.4812217122847,1167.916748046875,1,0,0,1,93.46528701986199,-52.0855712890625,1294.077088656875,1213.7611267089844,1133.4451647610938,0.5388539991029578,13.23422874246449,6.2411926269530795,0,0,0,-0.2497813175865291,0
2022-05-05,1233.5218443509425,1236.4658174286478,1192.079918457506,1196.11083984375,17210669,1213.2447937011718,1150.7330932617188,1216.0955409314106,56.17696741542158,23.79753054698267,28.439407324397017,-0.01958314268221384,1242.840679878504,1217.8848991389427,1230.3627895087234,1140.4812217122847,1175.70703125,1,0,0,1,89.88156779643873,-20.40380859375,1293.8746068484543,1213.2447937011718,1132.6149805538894,0.3937492647656017,13.291598458264964,-17.13395385742183,0,0,0,-0.14510473433735616,0
2022-05-06,1183.112189870724,1204.3087009820067,1174.6651887519583,1186.9393310546875,19649948,1213.1225036621095,1152.5107934570312,1213.3187590383893,55.24953709684365,18.655872907429284,26.48270044100347,-0.007667774995050336,1234.1333150257303,1217.8848991389427,1226.0091070823364,1140.4812217122847,1187.5281982421875,1,0,0,1,85.52788537005176,0.5888671875,1293.9039726317656,1213.1225036621095,1132.3410346924534,0.33793824907258657,13.317940888211584,-26.183172607421966,0,0,0,-0.05581101569301511,0
2022-05-09,1166.2408838499182,1176.2730823033007,1135.465140485421,1140.5831298828125,18083752,1210.8409301757813,1153.58330078125,1206.3915562616678,48.30063845714794,10.716975541846978,23.329555461172173,-0.039055240616792,1214.5332908924615,1214.5332908924615,1214.5332908924615,1140.4812217122847,1187.7999267578125,0,0,0,1,74.05206918017689,47.216796875,1296.936275625798,1210.8409301757813,1124.7455847257645,0.09197677919907173,14.22075242162785,-70.2578002929688,0,0,0,-0.24596146987351486,0
2022-05-10,1130.0301899582084,1144.3423749690376,1113.272161583261,1120.813232421875,19511677,1208.6171020507813,1154.3591479492188,1198.241239705497,38.10582045290984,2.7978250956680313,19.223209388071346,-0.01733314910853423,1203.4368014413817,1203.4368014413817,1203.4368014413817,1140.4812217122847,1210.6270751953125,0,0,1,1,62.95557972909705,89.8138427734375,1301.3459699939917,1208.6171020507813,1115.888234107571,0.02655590661001193,15.344622839750993,-87.80386962890634,0,0,0,-0.06542087258905979,0
2022-05-11,1119.9073998813726,1125.4783543216397,1096.9444341111473,1109.331787109375,16643899,1204.8499450683594,1155.0407861328124,1189.7736727915806,29.17282607607524,-4.354420322656324,14.507683445925814,-0.010243852392508468,1195.2729377053247,1195.2729377053247,1195.2729377053247,1140.4812217122847,1193.3255615234375,0,0,1,1,54.79171599304004,83.9937744140625,1306.8241882092598,1204.8499450683594,1102.875701927459,0.03165546996507484,16.927293487176065,-95.51815795898438,0,0,0,0.0050995633550629076,0
2022-05-12,1099.4581878859078,1102.7870793042052,1073.4153958980503,1086.731201171875,20490321,1200.0761840820312,1156.3420190429688,1179.9601040658945,19.74229446909925,-11.711304126071127,9.263885931526426,-0.02037315273944429,1183.5084185987762,1183.5084185987762,1183.5084185987762,1140.4812217122847,1202.882080078125,0,0,1,1,43.02719688649154,116.15087890625,1314.0737839818141,1200.0761840820312,1086.0785841822483,0.002862415481555962,18.998393837301684,-113.3449829101562,0,0,0,-0.028793054483518876,1
2022-05-13,1098.7788299822744,1122.3304948076038,1093.9551898739935,1099.050537109375,19308778,1197.0314392089845,1157.6341918945313,1172.2544310224164,23.895989146369416,-16.35904322346346,4.139300100528449,0.011336138986545619,1172.0383201006807,1183.5084185987762,1177.7733693497285,1140.4812217122847,1206.4375,0,0,1,1,37.292147637443804,107.386962890625,1318.1822202857793,1197.0314392089845,1075.8806581321896,0.09562414196280948,20.241871200451175,-97.98090209960947,0,0,0,0.09276172648125353,1
2022-05-16,1102.6058723181322,1123.6891694506164,1094.5439104656627,1099.322265625,13437911,1194.213153076172,1158.2469897460937,1165.3085105083767,26.635856842010213,-19.792330062356996,-0.6470259320486402,0.0002472393274468576,1168.528210893146,1183.5084185987762,1176.018314745961,1140.4812217122847,1189.3851318359375,0,0,1,1,35.537093033676456,90.0628662109375,1321.544614790008,1194.213153076172,1066.881691362336,0.12738632630940358,21.324746153706826,-94.89088745117192,0,0,0,0.0317621843465941,1
2022-05-17,1102.9003909379085,1150.366239393939,1101.496331090796,1145.497314453125,16551828,1193.8802612304687,1159.4300122070313,1163.421729931686,29.26486651682295,-18.573193860814854,-4.232259517801883,0.0420031962164189,1154.9406066633492,1183.5084185987762,1169.2245126310627,1140.4812217122847,1186.214599609375,0,0,0,1,28.74329091877803,40.71728515625,1321.6837406794143,1193.8802612304687,1066.076781781523,0.31071349940565773,21.409765049172584,-48.382946777343705,0,0,0,0.18332717309625415,1
2022-05-18,1150.2530031709175,1163.9990123371506,1136.0313867118257,1149.6641845703125,17276788,1191.5601928710937,1160.8798022460937,1162.111487516317,30.029983965194376,-17.07396994586179,-6.800601603413865,0.0036376079320419308,1138.8620484400285,1183.5084185987762,1161.1852335194023,1140.4812217122847,1165.289794921875,0,0,0,1,20.704011807117695,15.6256103515625,1320.7973998921136,1191.5601928710937,1062.3229858500738,0.33791042352854705,21.69209877842926,-41.896008300781205,0,0,0,0.02719692412288932,0
2022-05-19,1125.0480019185666,1137.9561265637965,1116.918112875952,1123.1683349609375,14699118,1186.1568786621094,1162.2775024414063,1158.4026158443762,22.487437843496465,-17.818418187078123,-9.004164920146717,-0.02304659914171181,1124.8442391006756,1183.5084185987762,1154.176328849726,1140.4812217122847,1184.6749267578125,0,0,1,1,13.695107137441255,61.506591796875,1317.329092513013,1186.1568786621094,1054.984664811206,0.2599013470460762,22.11717795690825,-62.98854370117192,0,0,0,-0.07800907648247085,1
2022-05-20,1137.956229855782,1197.6961004424857,1133.2006360812218,1188.660400390625,21793091,1182.5867553710937,1165.7640625,1161.2843096106858,38.688787195452925,-12.974178191507917,-9.798167574418958,0.05831010667867975,1135.555748170268,1183.5084185987762,1159.5320833845221,1140.4812217122847,1182.2064208984375,0,1,0,1,19.050861672237488,-6.4539794921875,1309.3305958146848,1182.5867553710937,1055.8429149275025,0.5239603163288811,21.435017746976058,6.073645019531341,0,0,0,0.26405896928280487,0
2022-05-23,1191.8534622113486,1201.84037705705,1174.4161648907582,1180.7117919921875,15252755,1179.1468505859375,1169.12833984375,1163.1345460279717,38.2839544853621,-9.665056606346752,-9.771545380804518,-0.006687030539442085,1137.6278864775502,1183.5084185987762,1160.5681525381633,1140.4812217122847,1159.9454345703125,0,1,0,1,20.086930825878653,-20.766357421875,1302.1168927920949,1179.1468505859375,1056.1768083797801,0.506363100224144,20.857460145027996,1.56494140625,0,0,0,-0.01759721610473708,1
2022-05-24,1180.7571013596234,1194.7974606402702,1176.5449216952304,1184.765380859375,13527818,1177.3544311523438,1171.499365234375,1165.1946255357243,44.13097640646863,-6.63893367009041,-9.145023038661696,0.003433173865696748,1137.6278864775502,1183.5084185987762,1160.5681525381633,1140.4812217122847,1155.68798828125,0,1,0,1,20.086930825878653,-29.077392578125,1298.8912268711865,1177.3544311523438,1055.817635433501,0.5304885021165745,20.645744816178727,7.41094970703125,0,0,0,0.02412540189243051,0
2022-05-25,1193.438723782862,1203.2670225299605,1178.2658929997126,1183.0216064453125,12714544,1173.6484375,1173.48994140625,1166.8924332413994,47.64621511425494,-4.331486779614579,-8.182315786852273,-0.0014718309989760758,1148.611106201977,1183.5084185987762,1166.0597624003767,1152.7440088812798,1152.1551513671875,0,1,0,1,13.315753519096916,-30.866455078125,1289.6203475317063,1173.6484375,1057.6765274682937,0.5404113760942193,19.762631862525925,9.3731689453125,0,0,0,0.009922873977644797,0
2022-05-26,1188.6376579513867,1193.393371125466,1154.0347740615534,1171.743896484375,17882023,1169.3174072265624,1175.1924584960936,1167.3544773597782,47.28800864135291,-3.373942725218285,-7.2206411745254755,-0.009532970403494323,1148.9054664978116,1183.5084185987762,1166.206942548294,1176.9071572178664,1196.0655517578125,0,0,0,0,10.70021466957246,24.3216552734375,1278.5868712295273,1169.3174072265624,1060.0479432235975,0.5111032358397345,18.68944451312582,2.426489257812591,0,0,0,-0.029308140254484805,0
2022-05-27,1174.4387272800036,1179.918992967975,1150.4567396045152,1166.308837890625,16521973,1163.7748107910156,1176.6078271484375,1167.25489264843,55.37673775439653,-3.018846584948051,-6.380282256609991,-0.004638435591648449,1152.3816768103784,1183.5084185987762,1167.9450477045773,1176.9071572178664,1231.234619140625,0,0,1,0,8.962109513289079,64.92578125,1261.2053323340035,1163.7748107910156,1066.3442892480277,0.5130042776097187,16.743878736602753,2.534027099609375,0,0,0,0.0019010417699841797,1
2022-05-30,1184.3801432114667,1211.1023215122134,1174.959525909724,1206.935546875,13853398,1160.9338806152343,1179.3375610351563,1171.03400257477,66.55635573094332,0.5346425218231161,-4.99729730092337,0.03483357723487046,1164.0102171940825,1183.5084185987762,1173.7593178964294,1176.9071572178664,1260.0628662109375,0,1,0,0,3.1478393214370044,53.1273193359375,1249.4427454231811,1160.9338806152343,1072.4250158072875,0.7598703890259103,15.247873506980728,46.00166625976567,0,0,0,0.24686611141619164,0
2022-05-31,1196.337262181718,1213.2764285050257,1184.6973432373502,1192.374267578125,70620653,1157.5868103027344,1181.414638671875,1173.066408765566,65.77745267116724,2.151038857897902,-3.567630069159116,-0.012064670176114234,1165.0972706904888,1183.5084185987762,1174.3028446446324,1176.9071572178664,1249.5098876953125,0,1,0,0,2.604312573233983,57.1356201171875,1235.3744170932932,1157.5868103027344,1079.7992035121756,0.7236053962236872,13.439615257920162,34.78745727539058,0,0,0,-0.03626499280222306,1
2022-06-01,1193.121675611818,1202.587698682473,1184.9238588339676,1192.7593994140625,9776989,1156.2246643066405,1182.7896948242187,1174.9419316844705,72.00186434366744,3.423655747912562,-2.1693729057447806,0.00032299576266425767,1173.2385322931236,1183.5084185987762,1178.37347544595,1183.5084185987762,1220.61376953125,0,1,0,0,5.134943152826281,27.8543701171875,1230.4659806657137,1156.2246643066405,1081.9833479475674,0.746053928588222,12.842022601826065,36.534735107421966,0,0,0,0.0224485323645347,1
2022-06-02,1192.985882501402,1237.575687367432,1192.985882501402,1233.8843994140625,22126569,1158.1133422851562,1185.116787109375,1180.5555000396696,74.99159449395233,7.662331023588649,-0.20303211987809466,0.03447887312412079,1194.0162134859736,1183.5084185987762,1188.762316042375,1183.5084185987762,1257.1414794921875,1,1,0,1,5.253897443598817,23.257080078125,1238.0228544116699,1158.1133422851562,1078.2038301586426,0.9741053668863895,13.799946725220943,75.77105712890625,0,0,0,0.22805143829816754,1
2022-06-03,1242.8068535360608,1276.0283243723425,1241.9009234208313,1258.8853759765625,23939791,1161.71064453125,1187.3664282226562,1188.0154882241357,77.09164527410596,12.890290341157424,2.415632372329009,0.020262008802746978,1213.2425319884287,1183.5084185987762,1198.3754752936024,1183.5084185987762,1258.364501953125,1,1,0,1,14.86705669482626,-0.5208740234375,1252.2566594830446,1161.71064453125,1071.1646295794553,1.0366041315956696,15.588393784293839,97.17473144531255,1,0,0,0.062498764709280064,0
2022-06-06,1259.1117816339226,1274.5109147154303,1246.3393903599856,1253.472900390625,11093152,1167.3551330566406,1189.43490234375,1194.249527478087,71.27806569687219,16.4076075336377,5.214027404590748,-0.004299418905981733,1213.2425319884287,1183.5084185987762,1198.3754752936024,1183.5084185987762,1277.1607666015625,1,1,0,1,14.86705669482626,23.6878662109375,1265.670583347192,1167.3551330566406,1069.0396827660893,0.9379666017878209,16.844137230650446,86.11776733398438,0,0,0,-0.09863752980784868,1
2022-06-07,1254.537398429056,1264.1392757142603,1246.452912224144,1255.8282470703125,12358255,1174.1058837890625,1191.1931323242188,1200.1141674392513,71.07152479362071,19.164249997537354,8.00407192318007,0.0018790567222901622,1213.2425319884287,1174.7218601351965,1193.9821960618126,1183.5084185987762,1263.754150390625,1,1,0,1,10.473777463036413,7.9259033203125,1277.1394021301571,1174.1058837890625,1071.072365447968,0.8965814455190514,17.550975557431986,81.72236328124995,0,0,0,-0.041385156268769485,0
2022-06-08,1255.8280315270272,1259.564603425916,1230.2608467946975,1233.77099609375,12479250,1180.3278442382812,1192.3544116210937,1203.3195796920606,72.3462313454002,19.346063815880598,10.272470301720176,-0.017563907348014607,1213.2425319884287,1174.7218601351965,1193.9821960618126,1183.5084185987762,1259.315673828125,1,1,0,1,10.473777463036413,25.544677734375,1281.983651448447,1180.3278442382812,1078.6720370281153,0.7628632506206904,17.225012136482974,53.44315185546884,0,0,0,-0.133718194898361,1
2022-06-09,1227.407402469765,1269.5287134718806,1227.407402469765,1267.6038818359375,17278305,1189.3714782714844,1193.9559252929687,1209.4418941819536,68.28955130848327,21.966962236285553,12.611368688633252,0.0274223383831409,1225.4939251410333,1174.7218601351965,1200.107892638115,1183.5084185987762,1220.0023193359375,1,1,0,1,16.599474039338702,-47.6015625,1288.255799083906,1189.3714782714844,1090.487157459063,0.8955753698953748,16.627995982572283,78.23240356445308,0,0,0,0.1327121192746844,0
2022-06-10,1255.443365625697,1263.5958986630922,1223.5579057416696,1229.3326416015625,18093057,1195.8855834960937,1194.7865795898438,1211.3362510790591,59.876728728812125,20.71706049868908,14.232507050644418,-0.03019179791319726,1230.3628338048463,1174.7218601351965,1202.5423469700213,1183.5084185987762,1196.11083984375,1,1,0,1,19.03392837124511,-33.2218017578125,1286.9689467820504,1195.8855834960937,1104.802220210137,0.6836068459640737,15.232788912745383,33.44705810546884,0,0,0,-0.21196852393130106,0
2022-06-13,1200.232652493234,1210.5590824670344,1184.9692504760867,1206.0751953125,17620803,1201.2232299804687,1194.6955419921876,1210.8351981489106,54.01553307656495,17.64640603735711,14.915286847986957,-0.01891875762670947,1230.476091603155,1174.7218601351965,1202.5989758691758,1183.5084185987762,1186.9393310546875,1,1,0,1,19.090557270399586,-19.1358642578125,1280.8353393210205,1201.2232299804687,1121.6111206399169,0.5304725334639507,13.25517311912895,4.851965332031341,0,0,0,-0.153134312500123,0
2022-06-14,1200.2551062805885,1210.1286894158018,1183.6782159302647,1190.3134765625,14714312,1203.4640380859375,1194.6353002929689,1208.8807484740146,51.30510168366529,13.782178897710992,14.688665257931763,-0.013068603691759106,1229.8532701513036,1174.7218601351965,1202.28756514325,1183.5084185987762,1140.5831298828125,1,0,0,1,18.77914654447386,-49.7303466796875,1279.099559380141,1203.4640380859375,1127.828516791734,0.413066233309313,12.569635469041323,-13.150561523437545,0,0,0,-0.11740630015463771,0
2022-06-15,1185.5352852287417,1194.480416204564,1170.5210697144337,1175.9107666015625,11195535,1204.7763671875,1194.0958740234375,1205.7407502004478,50.7375376979317,9.448654516230135,13.640663109591438,-0.012099930181863505,1223.2746970433882,1174.7218601351965,1198.9982785892923,1183.5084185987762,1120.813232421875,1,0,1,1,15.489859990516152,-55.0975341796875,1277.486716911597,1204.7763671875,1132.066017463403,0.3015028074031449,12.070347942471042,-28.8656005859375,0,0,0,-0.11156342590616813,0
2022-06-16,1188.0035257051024,1204.3312302745603,1156.7521762440374,1159.4697265625,17111475,1206.5914367675782,1193.1565185546874,1201.3339860444528,48.83486948275575,4.63423017416244,11.83937652250564,-0.013981537125115295,1215.6315454797339,1174.7218601351965,1195.176702807465,1183.5084185987762,1109.331787109375,1,0,1,1,11.668284208688874,-50.137939453125,1272.5625001123858,1206.5914367675782,1140.6203734227706,0.14286076488725383,10.935112140616887,-47.121710205078216,0,0,0,-0.15864204251589106,1
2022-06-17,1159.469980153735,1188.8416691150956,1157.7036439406018,1173.0574951171875,24457187,1205.8112915039062,1192.8299658203125,1198.6409869085228,43.64275416132752,1.893358107968652,9.850172839598242,0.011718950692202634,1213.140444857959,1184.991757123168,1199.0661009905634,1183.5084185987762,1086.731201171875,1,0,1,1,15.557682391787239,-86.3262939453125,1272.9704109719794,1205.8112915039062,1138.652172035833,0.2561478124926165,11.139242092236723,-32.753796386718705,0,0,0,0.11328704760536265,0
2022-06-20,1179.851164692969,1185.331550638825,1141.8513382748356,1151.79296875,12066797,1204.3653503417968,1192.141533203125,1194.1792708934254,42.57175926960392,-1.9719410057534787,7.4857500705278985,-0.018127437449315442,1205.690025873358,1185.2861174190025,1195.4880716461803,1183.5084185987762,1099.050537109375,1,0,1,1,11.9796530474041,-52.742431640625,1274.7896587007085,1204.3653503417968,1133.941041982885,0.12674548876031597,11.694841326832499,-52.572381591796784,0,0,0,-0.1294023237323005,1
2022-06-21,1159.4697654774316,1174.597191210546,1145.1122963870148,1170.3851318359375,11720049,1203.646337890625,1192.2434399414062,1191.91316241176,46.160407768926476,-3.494701478244451,5.289659760773429,0.01614193139771891,1205.690025873358,1188.7623277315693,1197.2261768024637,1183.5084185987762,1099.322265625,1,0,1,1,13.717758203687481,-71.0628662109375,1275.1418942659002,1203.646337890625,1132.15078151535,0.26738969705961946,11.879827840554919,-33.26120605468759,0,0,0,0.1406442082993035,0
2022-06-22,1158.6093864513275,1158.6999555030718,1132.7477291666964,1134.8311767578125,10617206,1201.23681640625,1191.2465649414062,1186.4767828256697,32.67036960469912,-7.484134715308755,2.734900865556992,-0.03037799619203374,1198.1718139148943,1196.4732186241472,1197.3225162695207,1183.5084185987762,1145.497314453125,1,0,1,1,13.814097670744559,10.6661376953125,1278.375786954114,1201.23681640625,1124.097845858386,0.06957139059022363,12.843257798015411,-66.4056396484375,0,0,0,-0.19781830646939583,0
2022-06-23,1139.111305663959,1143.6178348788872,1107.3843432520748,1116.4200439453125,19446323,1198.4706237792968,1189.9308374023437,1179.804712456112,24.48701917611774,-11.99316411724999,-0.21071213100440422,-0.01622367554714188,1158.9717128595546,1191.7063338122086,1175.3390233358816,1183.5084185987762,1149.6641845703125,0,0,1,0,8.169395262894568,33.244140625,1283.2327851699847,1198.4706237792968,1113.708462388609,0.015995236035837145,14.145054490096065,-82.05057983398433,0,0,0,-0.05357615455438648,1
2022-06-24,1123.2365200121849,1137.2768791745684,1117.8014186070498,1132.3175048828125,14240234,1196.7710571289062,1189.3782788085937,1175.282121258655,29.088543192001396,-14.121031703617064,-2.992776045526936,0.014239677103359716,1158.7565163339382,1191.7063338122086,1175.2314250730733,1183.5084185987762,1123.1683349609375,0,0,1,0,8.276993525702892,-9.149169921875,1285.3229674982556,1196.7710571289062,1108.219146759557,0.13606910355034424,14.798471243411976,-64.45355224609375,0,0,0,0.12007386751450709,0
2022-06-27,1152.6533352328772,1152.6533352328772,1123.9382780429507,1128.9656982421875,15474529,1192.8725646972657,1188.8438330078125,1170.8710333523247,28.178547971759684,-15.894621576477675,-5.5731451517170845,-0.002960129668729161,1155.8577867633176,1191.7063338122086,1173.7820602877632,1183.5084185987762,1188.660400390625,0,0,1,0,9.726358311012973,59.6947021484375,1286.036387211666,1192.8725646972657,1099.7087421828655,0.15701886885759633,15.620079675156893,-63.906866455078216,0,0,0,0.020949765307252094,1
2022-06-28,1124.187598454475,1147.67133814574,1124.187598454475,1144.840576171875,13572847,1190.4958801269531,1188.6975415039062,1168.391942192282,34.37079244667751,-15.836678974481856,-7.625851916270039,0.014061435129875788,1155.8577867633176,1191.7063338122086,1173.7820602877632,1183.5084185987762,1180.7117919921875,0,0,1,0,9.726358311012973,35.8712158203125,1285.9855027654603,1190.4958801269531,1095.006257488446,0.2609410180208045,16.0419912798563,-45.655303955078125,0,0,0,0.10392214916320816,1
2022-06-29,1135.5557396776303,1176.2278290145132,1132.7476201425022,1168.5960693359375,19205146,1189.2877136230468,1188.1481518554688,1168.4113828726302,31.96075221656207,-13.715782279209634,-8.84383798885796,0.02075004472980524,1148.1130061835852,1191.7063338122086,1169.9096699978968,1183.5084185987762,1184.765380859375,0,0,1,0,13.59874860087939,16.1693115234375,1285.2425207202614,1189.2877136230468,1093.3329065258322,0.3921802621824565,16.136517008974693,-20.691644287109284,0,0,0,0.131239244161652,1
2022-06-30,1168.5282289340553,1184.7880089664673,1162.187437050855,1175.616455078125,23112959,1186.37431640625,1187.0357885742187,1169.0975802255343,38.955126554351274,-11.337775096594441,-9.342625410405256,0.006007538384222855,1146.3579469454498,1191.7063338122086,1169.0321403788294,1183.5084185987762,1183.0216064453125,0,0,0,0,14.476278219946835,7.4051513671875,1280.2517964375345,1186.37431640625,1092.4968363749656,0.4427026517726082,15.825946117184483,-10.757861328125045,0,0,0,0.050522389590151706,0
2022-07-01,1166.2183382001654,1173.9631898181497,1071.150907551117,1090.943359375,81997149,1177.9772155761718,1183.6533984375,1161.654321096912,31.100406943610608,-16.100007586856464,-10.694101845695497,-0.07202442202758896,1127.9694582587922,1173.5896159617296,1150.779537110261,1182.3761744253097,1171.743896484375,0,0,1,0,31.596637315048838,80.800537109375,1274.4177610308736,1177.9772155761718,1081.53667012147,0.048769369818362884,16.373923736297538,-87.03385620117183,0,0,0,-0.3939332819542453,1
2022-07-04,1077.4691189892487,1106.025565464495,1071.6490989100685,1093.2080078125,41857728,1169.9639709472656,1180.5273608398438,1155.1356245936347,33.32043119694643,-19.466969832510586,-12.448675443058516,0.0020758625258028296,1127.9694582587922,1173.5896159617296,1150.779537110261,1182.3761744253097,1166.308837890625,0,0,1,0,31.596637315048838,73.100830078125,1266.6137225326943,1169.9639709472656,1073.3142193618369,0.10291691455139958,16.521833831716354,-76.75596313476558,0,0,0,0.05414754473303669,1
2022-07-05,1097.42011751126,1116.3973279805082,1094.7478514073186,1102.0625,17647327,1162.27568359375,1178.1563354492187,1150.0810412990027,37.068794147660256,-21.176716148678224,-14.194283584182458,0.008099549330248479,1127.9694582587922,1173.5896159617296,1150.779537110261,1182.3761744253097,1206.935546875,0,0,1,0,31.596637315048838,104.873046875,1254.7544519697274,1162.27568359375,1069.7969152177727,0.1744486077661082,15.913396396633454,-60.213183593750045,0,0,0,0.07153169321470863,0
2022-07-06,1096.1066896148457,1106.0029160314311,1081.568080443144,1092.3701171875,23943726,1155.2056396484375,1174.860908203125,1144.5847628121928,37.96610332757998,-23.048112419622157,-15.965049351270398,-0.00879476691430836,1127.9694582587922,1173.5896159617296,1150.779537110261,1182.3761744253097,1192.374267578125,0,0,1,0,31.596637315048838,100.004150390625,1246.3507010385329,1155.2056396484375,1064.060578258342,0.15529935740563508,15.77988511514426,-62.835522460937455,0,0,0,-0.01914925036047313,0
2022-07-07,1098.7335863010785,1102.0624779330788,1075.6800503518657,1081.61328125,23301033,1145.9061096191406,1171.3258837890626,1138.5874788538888,33.43181354727382,-25.109744701904674,-17.793988421397255,-0.009847244782926978,1127.9694582587922,1173.5896159617296,1150.779537110261,1182.3761744253097,1192.7593994140625,0,0,1,0,31.596637315048838,111.1461181640625,1226.640187023307,1145.9061096191406,1065.1720322149743,0.10182347754293708,14.090871272341769,-64.29282836914058,0,0,0,-0.053475879862698,1
2022-07-08,1095.155633472675,1095.155633472675,1079.0996326989614,1083.1080322265625,19010108,1138.5948791503906,1167.4448291015624,1133.3037220322385,36.59510457956381,-26.319593338589357,-19.499109404835675,0.0013819643327928066,1127.9694582587922,1173.5896159617296,1150.779537110261,1182.3761744253097,1233.8843994140625,0,0,1,0,31.596637315048838,150.7763671875,1214.0991660985585,1138.5948791503906,1063.0905922022228,0.13255830121328943,13.262713249599104,-55.486846923828125,0,0,0,0.03073482367035235,1
2022-07-11,1076.3594210782474,1100.046939975301,1073.4154479368833,1097.8277587890625,13847467,1133.1825073242187,1164.1263012695313,1129.9250588662217,35.6220132035874,-25.793318859911096,-20.75795129585076,0.013590266274953633,1127.9694582587922,1172.8309111332737,1150.400184696033,1182.3761744253097,1258.8853759765625,0,0,1,0,31.975989729276762,161.0576171875,1203.9313255408904,1133.1825073242187,1062.433689107547,0.25013894630097866,12.486747326117962,-35.354748535156205,0,0,0,0.11758064508768923,0
2022-07-12,1088.8145132177926,1104.9837222205626,1088.8145132177926,1096.2650146484375,10778989,1128.4800842285156,1160.8652880859374,1126.7193403692897,41.16791292202993,-25.211717944986276,-21.648704625677862,-0.001423487544483959,1127.9694582587922,1170.3398105114989,1149.1546343851455,1182.3761744253097,1253.472900390625,0,0,1,0,33.2215400401642,157.2078857421875,1195.8353725958282,1128.4800842285156,1061.124795861203,0.26085716236268097,11.937346402238012,-32.21506958007808,0,0,0,0.010718216061702313,0
2022-07-13,1099.3677256155834,1102.4022679488555,1074.7742754785731,1076.8349609375,14224132,1123.5262939453125,1158.0019409179688,1121.9684470900718,40.97667934587527,-26.01871048208568,-22.52270579695943,-0.017723865535532513,1122.5570486846332,1170.3398105114989,1146.448429598066,1173.5896159617296,1255.8282470703125,0,0,1,0,27.141186363663564,178.9932861328125,1190.7727402769835,1123.5262939453125,1056.2798476136416,0.15283419753125027,11.970604817005592,-46.691333007812545,0,0,0,-0.1080229648314307,1
2022-07-14,1081.568146854285,1102.3797424093775,1076.5633677805536,1085.7122802734375,16970315,1119.8384216308593,1155.7939697265624,1118.5154788218208,39.02521334992147,-25.646297844956734,-23.14742420655889,0.008243899629901463,1094.0232134452883,1170.3398105114989,1132.1815119783937,1173.5896159617296,1233.77099609375,0,0,1,0,41.40810398333588,148.0587158203125,1186.8852469974756,1119.8384216308593,1052.791596264243,0.2455051661967743,11.974374886865142,-34.12614135742183,0,0,0,0.09267096866552402,1
2022-07-15,1093.796752824721,1093.796752824721,1079.3487135847497,1087.8182373046875,9603210,1115.5764587402343,1153.8115478515624,1115.5919320106652,40.25323995628011,-24.89425948750568,-23.49679126274825,0.0019397008484784983,1094.9063879586956,1167.3734031071044,1131.1398955329,1173.5896159617296,1267.6038818359375,0,0,1,0,42.44972042882955,179.78564453125,1179.3041918344302,1115.5764587402343,1051.8487256460385,0.2822123894277124,11.425076711668952,-27.75822143554683,0,0,0,0.036707223230938085,1
2022-07-18,1096.5142680086967,1098.3258884954794,1083.5154537448525,1097.0804443359375,15160908,1112.8408325195312,1152.941494140625,1113.8289331845006,38.320998149871734,-23.28249486322079,-23.453931982842757,0.00851448037330127,1089.709181984157,1140.8549950090755,1115.2820884966163,1173.5896159617296,1229.3326416015625,0,0,1,0,58.30752746511325,132.252197265625,1174.7874446331796,1112.8408325195312,1050.8942204058828,0.37279055588480436,11.133058799324953,-15.760388183593705,0,0,0,0.09057816645709199,1
2022-07-19,1087.1389350761635,1108.2902834767383,1087.1389350761635,1103.806396484375,16439888,1109.511895751953,1152.601357421875,1112.8744058797267,32.71727429204441,-21.217845543313615,-23.006714694936928,0.006130773894624131,1090.852865706811,1140.6397984834593,1115.7463320951351,1173.5896159617296,1206.0751953125,0,0,1,0,57.84328386659445,102.268798828125,1165.6110080664996,1109.511895751953,1053.4127834374065,0.44914804323830104,10.11239492417093,-5.705499267578034,0,0,0,0.07635748735349668,1
2022-07-20,1150.4115948025603,1151.5438277746334,1126.0672081991272,1133.653564453125,23924246,1109.4530151367187,1153.08779296875,1114.8533733629074,40.021538336497315,-16.977473326012387,-21.80086642115202,0.02704022015437957,1112.4796378557585,1137.7410689128387,1125.1103533842986,1173.5896159617296,1190.3134765625,0,0,0,0,48.47926257743097,56.659912109375,1165.4480807244774,1109.4530151367187,1053.45794954896,0.7160953743189905,10.094175205942982,24.200549316406295,0,0,0,0.26694733108068947,0
2022-07-21,1129.577351299841,1132.2949020971544,1117.484465892399,1126.08984375,16523230,1109.936505126953,1153.8749658203126,1115.9235133997734,63.19729013686826,-14.065142632638072,-20.25372166344923,-0.006671985993158103,1112.4796378557585,1137.7410689128387,1125.1103533842986,1173.5896159617296,1175.9107666015625,0,0,0,0,48.47926257743097,49.8209228515625,1166.329423432999,1109.936505126953,1053.5435868209072,0.6432213397379287,10.161467443508535,16.15333862304692,0,0,0,-0.07287403458106179,1
2022-07-22,1132.2947927493988,1139.6773678755285,1130.030207237111,1133.6988525390625,10969995,1110.0055725097657,1154.5679321289062,1117.6164028416106,64.6173886909258,-11.016129079070197,-18.406203146573425,0.006757017507345253,1113.1590516266033,1129.9962883331063,1121.5776699798548,1173.5896159617296,1159.4697265625,0,0,0,0,52.01194598187476,25.7708740234375,1166.511237312078,1110.0055725097657,1053.4999077074533,0.7096540241778311,10.181149753068512,23.69328002929683,0,0,0,0.06643268443990236,0
2022-07-25,1117.5523977830069,1117.5523977830069,1088.3618480432954,1096.2425537109375,23110452,1108.3694152832031,1154.506337890625,1115.580798162499,48.25858689752556,-11.489727721919508,-17.022908061642642,-0.033039019792810764,1113.1590516266033,1128.241229094971,1120.7001403607871,1173.5896159617296,1173.0574951171875,0,0,1,0,52.88947560094243,76.81494140625,1164.4779616607798,1108.3694152832031,1052.2608689056265,0.39193391777912795,10.124520868927114,-12.126861572265625,0,0,0,-0.31772010639870313,1
2022-07-26,1096.5595845623452,1106.886133119494,1092.143624721455,1096.74072265625,11303288,1105.964422607422,1153.5312060546876,1113.786505257142,51.38389205920231,-11.690103748777346,-15.956347199069583,0.0004544331394782386,1114.0535977775935,1127.9694582587922,1121.0115280181928,1173.5896159617296,1151.79296875,0,0,1,0,52.57808794353673,55.05224609375,1159.6863846029726,1105.964422607422,1052.2424606118714,0.41415335917984625,9.714953012484017,-9.223699951171966,0,0,0,0.0222194414007183,0
2022-07-27,1096.0387306174955,1099.2317688342157,1087.908840568981,1095.6990966796875,8655086,1102.3195739746093,1152.451904296875,1112.063894916432,54.752469293935555,-11.796965628363068,-15.124470884928282,-0.0009497467861316888,1115.4462706796917,1127.9694582587922,1121.707864469242,1173.5896159617296,1170.3851318359375,0,0,1,0,51.88175149248764,74.68603515625,1147.8106748991015,1102.3195739746093,1056.828473050117,0.4272332702399235,8.253704642196631,-6.620477294921784,0,0,0,0.013079911060077276,1
2022-07-28,1103.3080323769393,1117.7787135139506,1096.5142758027298,1112.8646240234375,12496073,1099.181982421875,1152.245830078125,1112.140154831385,59.07957919704169,-10.376921151860415,-14.17496093831471,0.015666278630480646,1117.529640759743,1127.9694582587922,1122.7495495092676,1173.5896159617296,1134.8311767578125,0,0,1,0,50.840066452462,21.966552734375,1130.4520224045973,1099.181982421875,1067.9119424391529,0.718781965247287,5.689692968551683,13.682641601562409,0,0,1,0.29154869500736347,1
2022-07-29,1120.8359411287292,1140.0396942059217,1115.989778235377,1136.5748291015625,15130683,1101.463555908203,1151.2041186523438,1114.46726666664,61.20790714360369,-7.254682810455279,-12.790905312742826,0.02130556095170255,1119.3413814253986,1127.9694582587922,1123.6554198420954,1173.5896159617296,1116.4200439453125,0,0,0,0,49.93419611963418,-20.15478515625,1136.4358750312954,1101.463555908203,1066.4912367851107,1.001986629336448,6.350154562173635,35.111273193359466,1,0,1,0.2832046640891611,1
2022-08-01,1140.9680065399384,1172.038217949441,1135.7368060332587,1166.195556640625,15700044,1105.1129333496094,1150.9137939453126,1119.3937704736861,67.40310847585528,-2.3629031915893393,-10.70530488851213,0.02606139673397223,1129.973529259211,1127.9694582587922,1128.9714937590015,1173.5896159617296,1132.3175048828125,1,0,0,0,44.618122202728046,-33.8780517578125,1149.76947655327,1105.1129333496094,1060.456390145949,1.1839157143494334,8.081806276270065,61.08262329101558,1,0,0,0.18192908501298533,1
2022-08-02,1165.1312476689257,1181.119198519279,1160.1717542868648,1170.6341552734375,13917913,1108.5415161132812,1150.6311694335936,1124.2738071212814,75.22534973609345,1.850691593804413,-8.194105592048821,0.0038060500295493682,1134.51401954413,1127.9694582587922,1131.241738901461,1173.5896159617296,1128.9656982421875,1,0,0,0,42.3478770602685,-41.66845703125,1161.4936757253804,1108.5415161132812,1055.589356501182,1.0863088457110686,9.553482452828234,62.092639160156295,1,0,0,-0.09760686863836487,1
2022-08-03,1177.586478112168,1182.11564904104,1162.8440902328596,1180.4625244140625,14250977,1112.9461364746094,1150.5799877929687,1129.6251135301177,75.35143461095274,5.914880014162463,-5.372308470806565,0.008395764890636759,1135.0122448050106,1127.9694582587922,1131.4908515319014,1173.5896159617296,1144.840576171875,1,1,0,0,42.09876442982818,-35.6219482421875,1173.8440177500067,1112.9461364746094,1052.048255199212,1.0543410257092936,10.943545115004168,67.51638793945312,1,0,0,-0.031967820001775005,0
2022-08-04,1182.1157790494954,1185.6259288355277,1148.146993347087,1164.859619140625,14467127,1117.1084533691405,1150.4423022460937,1132.9807807311183,69.22473323646688,7.7869909767991885,-2.7404485812854142,-0.013217620170688726,1136.7673847022543,1128.3884181933222,1132.5779014477882,1173.5896159617296,1168.5960693359375,1,0,0,0,41.01171451394134,3.7364501953125,1180.2107892158274,1117.1084533691405,1054.0061175224537,0.8783629015532839,11.297441292539416,47.751165771484466,0,0,0,-0.17597812415600966,0
2022-08-05,1166.7167086831898,1167.9847952886944,1144.5010533182249,1147.694091796875,13942438,1120.3377563476563,1150.0700073242188,1134.3820484516666,62.15074737175877,7.7956741254968165,-0.6332240399289684,-0.01473613391836337,1136.7673847022543,1128.3884181933222,1132.5779014477882,1173.5896159617296,1175.616455078125,1,0,0,0,41.01171451394134,27.92236328125,1182.7563571524784,1120.3377563476563,1057.9191555428342,0.7191360836071907,11.142818395821823,27.356335449218705,0,0,0,-0.15922681794609317,1
2022-08-08,1146.3352600049257,1170.1361123075012,1146.3352600049257,1162.708251953125,10165178,1123.5817810058593,1149.1854614257813,1137.0797821184722,63.59930465211186,8.911348352747154,1.2756904386062562,0.013082022695388495,1136.7673847022543,1128.637513872798,1132.7024492875262,1173.5896159617296,1090.943359375,1,0,0,0,40.8871666742034,-71.764892578125,1187.7043099956975,1123.5817810058593,1059.459252016021,0.8050914519721007,11.41394958049855,39.126470947265716,0,0,0,0.08595536836491002,1
2022-08-10,1167.1241099957583,1173.0120563323646,1158.1336946618562,1169.6605224609375,10724688,1127.2515563964844,1148.7311865234376,1140.1827097701355,59.29609504065815,10.238495342210399,3.0682514193270847,0.005979376594372754,1141.0701023191286,1129.5206883862056,1135.2953953526671,1173.5896159617296,1093.2080078125,1,0,0,0,38.29422060906245,-76.4525146484375,1193.0788961297114,1127.2515563964844,1061.4242166632573,0.8221227398549021,11.679263489980729,42.408966064453125,0,0,0,0.017031287882801394,1
2022-08-11,1178.990645714219,1182.0704726435374,1168.618812190309,1173.5556640625,8198226,1132.0875915527345,1148.3471118164061,1143.3610863694082,62.49110164809042,11.47232840653328,4.749066816768323,0.003330147104022352,1150.8078535354523,1129.5206883862056,1140.164270960829,1173.5896159617296,1102.0625,1,0,0,0,33.425345000900506,-71.4931640625,1196.5867168959358,1132.0875915527345,1067.5884662095332,0.8214622856442858,11.39472348685253,41.468072509765534,0,0,0,-0.0006604542106163347,1
2022-08-12,1173.1933504665235,1196.3148161235515,1169.5248244491684,1192.532958984375,12650587,1137.4286254882813,1147.5200830078124,1148.044121856548,64.60868927380446,13.822126232388428,6.563678699892344,0.016170766758673683,1166.0258110784052,1134.8651320302174,1150.4454715543113,1173.5896159617296,1092.3701171875,1,1,0,0,23.144144407418253,-100.162841796875,1203.3575659133649,1137.4286254882813,1071.4996850631978,0.9179070158021871,11.592629013848,55.10433349609366,0,0,0,0.09644473015790134,1
2022-08-16,1198.511296976361,1203.5387175050762,1189.9512045412775,1200.8211669921875,6607378,1143.0787719726563,1146.358798828125,1153.0705071075613,80.36567487941747,16.166786407315385,8.484300241376953,0.00695008716142409,1174.0198854116506,1138.4770827209798,1156.248484066315,1173.5896159617296,1081.61328125,1,1,0,0,17.34113189541449,-119.2078857421875,1210.387116959843,1143.0787719726563,1075.7704269854696,0.9289393464549113,11.776676575146269,57.74239501953116,0,0,0,0.011032330652724132,1
2022-08-17,1207.0261894301318,1212.4158859762824,1202.7460834374597,1207.0941162109375,6595965,1148.5794555664063,1145.4312231445313,1158.2156127364544,81.00275796507309,18.319940198200356,10.451428232741634,0.005223882948751202,1178.4584696472537,1142.9156669565828,1160.6870683019183,1173.5896159617296,1083.1080322265625,1,1,0,0,12.902547659811262,-123.986083984375,1217.9033825716915,1148.5794555664063,1079.255528561121,0.9220379829324302,12.07124621101621,58.514660644531205,0,0,0,-0.006901363522481052,1
2022-08-18,1208.6925853891362,1212.7820913718715,1199.6955520359063,1209.2833251953125,7410035,1153.8533020019531,1144.5003247070313,1163.0792043992028,81.70598898702431,19.972747557924095,12.355692097778128,0.0018136191329032325,1178.6415723450482,1143.7781834252223,1161.2098778851353,1172.8309111332737,1097.8277587890625,1,1,0,0,11.621033248138474,-111.45556640625,1224.7801630928207,1153.8533020019531,1082.9264409110856,0.8907548024883374,12.29391309411835,55.430023193359375,0,0,0,-0.03128318044409284,0
2022-08-19,1204.148456169832,1209.4648732471103,1183.677852607992,1187.7220458984375,9460724,1156.5567260742187,1143.579345703125,1165.4261416848442,70.39524534878306,19.32008434817999,13.7485705478585,-0.017829799557843584,1178.6415723450482,1143.7781834252223,1161.2098778851353,1170.3398105114989,1096.2650146484375,1,1,0,0,9.129932626363598,-91.45703125,1228.3146392306228,1156.5567260742187,1084.7988129178145,0.7171559794129649,12.408887785379456,31.16531982421884,0,0,0,-0.17359882307537244,0
2022-08-22,1189.1535324408326,1195.651309470641,1175.0672431781986,1184.427734375,9471680,1159.4736206054688,1141.9158227539062,1167.2358171791448,64.66971977879282,18.32577254553439,14.66401094739368,-0.0027736384407561765,1179.5586756883986,1144.6727295762125,1162.1157026323056,1170.3398105114989,1076.8349609375,1,1,0,0,8.224107879193298,-107.5927734375,1230.7819472073822,1159.4736206054688,1088.1652940035553,0.6749733513509599,12.30012056068628,24.954113769531205,0,0,0,-0.04218262806200501,1
2022-08-23,1178.7023711633794,1205.602604315162,1177.498175517267,1202.6944580078125,9678484,1162.9234008789062,1141.3830590820312,1170.6128305913987,62.02623900842322,18.79508714897929,15.490226187710803,0.01542240451035326,1185.4578930168639,1146.0654024783107,1165.7616477475872,1170.3398105114989,1085.7122802734375,1,1,0,0,4.578162763911678,-116.982177734375,1235.5733419002295,1162.9234008789062,1090.273459857583,0.7737170641145682,12.49436393943339,39.77105712890625,0,0,0,0.09874371276360827,0
2022-08-24,1199.65009995872,1213.2365143204822,1197.491706212183,1199.490966796875,10369622,1168.0858215332032,1141.2513745117187,1173.3631292776347,59.586226361382415,18.6930455918432,16.130790068537284,-0.002663595221220061,1190.9276632553956,1148.3759840326675,1169.6518236440315,1167.3734031071044,1087.8182373046875,1,1,0,1,2.278420536927115,-111.6727294921875,1235.5364099811884,1168.0858215332032,1100.635233085218,0.7328011214304676,11.54890971272146,31.405145263671784,0,0,0,-0.04091594268410059,0
2022-08-25,1203.6713213411974,1210.010084840808,1191.6979945608696,1195.9920654296875,7871946,1173.048388671875,1141.3649462890626,1175.5182660540208,55.38538126660469,18.120957703350086,16.528823595499844,-0.0029169885093265346,1191.3806693848253,1150.1877246983229,1170.784197041574,1142.1937109357996,1097.0804443359375,1,1,0,1,28.590486105774517,-98.91162109375,1232.9549880953587,1173.048388671875,1113.1417892483914,0.6914954026652567,10.213832609464617,22.943676757812455,0,0,0,-0.04130571876521094,0
2022-08-26,1196.4237108559755,1204.1485194816453,1184.6095168359632,1189.6077880859375,10742038,1177.7438232421875,1141.63888671875,1176.8601252951557,59.16845072868419,16.956946974649327,16.614448271329742,-0.005338059948964857,1194.1518787493405,1150.5726774447317,1172.362278097036,1142.1937109357996,1103.806396484375,1,1,0,1,30.168567161236524,-85.8013916015625,1226.3120472031453,1177.7438232421875,1129.1755992812298,0.6221371081356296,8.247672032319434,11.863964843749955,0,0,0,-0.06935829452962705,0
2022-08-29,1174.6128173581192,1206.4205794013706,1171.4547933496003,1180.3609619140625,19838975,1181.1186401367188,1142.0567114257813,1177.1935383064801,62.8564126166343,15.114092641019852,16.314377145267763,-0.007773004064434597,1192.3456538350413,1150.5726774447317,1171.4591656398866,1142.1937109357996,1133.653564453125,1,1,0,1,29.265454704087006,-46.7073974609375,1219.496011166371,1181.1186401367188,1142.7412691070665,0.490128580953723,6.4984785991033,-0.7576782226562955,0,0,1,-0.1320085271819066,1
2022-08-30,1187.790382333822,1201.9902529871206,1170.795945790086,1198.673095703125,23139054,1184.2235534667968,1142.5690234375,1179.239210439494,63.79622952508499,14.95881752358855,16.04326522093192,0.015514011713304798,1192.0162300552843,1150.5726774447317,1171.294453750008,1142.1937109357996,1126.08984375,1,1,0,1,29.100742814208388,-72.583251953125,1217.3756608166752,1184.2235534667968,1151.0714461169184,0.7179279598100898,5.598960982126408,14.44954223632817,0,0,1,0.2277993788563668,0
2022-09-01,1173.5450568236956,1183.6780172121637,1159.0270403092493,1163.4346923828125,19909939,1184.0855102539062,1142.8018579101563,1177.7340182436194,48.03761475655834,11.855651653626637,15.205742507470864,-0.02939784287027991,1186.1317773148658,1150.5726774447317,1168.3522273797987,1142.1937109357996,1133.6988525390625,1,0,0,1,26.158516443999133,-29.73583984375,1217.5581798986225,1184.0855102539062,1150.61284060919,0.19152717589776191,5.653758846781025,-20.65081787109375,0,0,1,-0.5264007839123279,0
2022-09-02,1163.4345573963135,1170.2277638288456,1147.6670348863252,1149.84814453125,12999345,1183.046209716797,1142.3911181640624,1175.0782207472032,42.957627991372725,8.205462022008987,13.80568641037849,-0.011677963482192633,1180.4517746034037,1150.5726774447317,1165.5122260240678,1142.1937109357996,1096.2425537109375,1,0,0,1,23.318515088268214,-53.6055908203125,1219.3001844351893,1183.046209716797,1146.7922349984046,0.04214585513150702,6.128919465803618,-33.198065185546966,0,0,1,-0.14938132076625488,1
2022-09-05,1150.0754462865928,1173.022472536249,1150.0754462865928,1167.7060546875,11327815,1182.4083862304688,1143.0486157226562,1174.3761096938983,42.575738549417686,6.676679935376569,12.379885115378107,0.015530668324494235,1180.4517746034037,1150.5726774447317,1165.5122260240678,1142.1937109357996,1096.74072265625,1,1,0,1,23.318515088268214,-70.96533203125,1219.2655753934914,1182.4083862304688,1145.551197067446,0.30055001647115553,6.234257062489856,-14.70233154296875,0,0,1,0.2584041613396485,1
2022-09-06,1169.1601553219334,1184.1552111927028,1168.7057123414318,1179.9974365234375,10899618,1183.1652770996093,1144.3201635742187,1174.9114741538544,43.91845738984361,6.383337763983036,11.180575645099093,0.010526092407071586,1180.4517746034037,1154.875395061606,1167.663584832505,1142.1937109357996,1095.6990966796875,1,1,0,1,25.469873896705394,-84.29833984375,1219.1615484102733,1183.1652770996093,1147.1690057889452,0.45599765669016257,6.08474099221449,-3.167840576171784,0,0,1,0.15544764021900703,0
2022-09-07,1170.0688269822715,1179.1112920563703,1167.7968526449283,1173.135986328125,7488501,1184.4373718261718,1145.136533203125,1174.7423800752135,40.11654718484048,5.533414534188296,10.051143422916933,-0.005814800933405473,1178.8385598635666,1164.6131462779294,1171.7258530707481,1142.1937109357996,1112.8646240234375,1,1,0,1,29.53214213494857,-60.2713623046875,1216.9602097345887,1184.4373718261718,1151.9145339177549,0.32625462252293214,5.49169397758415,-11.301385498046784,0,0,1,-0.12974303416723043,1
2022-09-08,1176.0896159479148,1180.519984126391,1168.2513462113554,1174.7945556640625,7057077,1185.0416870117188,1146.0531103515625,1174.7473491789135,39.93100400575917,4.936768936114049,9.028268525556356,0.001413791201758885,1177.043807143848,1174.4866601768704,1175.7652336603592,1142.1937109357996,1136.5748291015625,1,0,0,1,33.5715227245596,-38.2197265625,1216.3536663304878,1185.0416870117188,1153.7297076929497,0.3363704312120267,5.284536343650069,-10.24713134765625,0,0,1,0.010115808689094563,0
2022-09-09,1185.972579330713,1185.972579330713,1165.0703685493695,1167.478759765625,8314850,1184.932598876953,1146.5058740234374,1174.055102568124,43.55378023931007,3.829455829643848,7.9885059863738554,-0.006227298094944045,1177.043807143848,1178.8687838193537,1177.9562954816008,1142.1937109357996,1166.195556640625,0,0,0,1,35.762584545801246,-1.283203125,1216.4725368299219,1184.932598876953,1153.3926609239843,0.22330574750409127,5.323499072075742,-17.45383911132808,0,0,1,-0.11306468370793543,1
2022-09-12,1168.046804859231,1186.881609136413,1168.046804859231,1180.542724609375,7435419,1185.2819519042969,1146.7448071289064,1174.6729713339575,48.83533360559871,3.9604019493790474,7.182885178974894,0.011189895091858082,1174.828643936723,1178.8687838193537,1176.8487138780383,1142.1937109357996,1170.6341552734375,0,1,0,1,34.65500294223875,-9.9085693359375,1216.4628237007817,1185.2819519042969,1154.101080107812,0.42400425289814764,5.261342543247029,-4.739227294921875,0,0,1,0.20069850539405637,1
2022-09-13,1189.607769133953,1194.9241864060612,1181.8830808225475,1190.4029541015625,8888657,1185.1754516601563,1147.040537109375,1176.1710649308725,46.11961327159162,4.804433291005807,6.707194801381077,0.008352285170746487,1171.2956106461932,1178.8687838193537,1175.0821972327735,1142.1937109357996,1180.4625244140625,0,1,0,1,32.88848629697395,-9.9404296875,1216.270964338783,1185.1754516601563,1154.0799389815297,0.5840555757261925,5.24741085972866,5.227502441406159,0,0,1,0.16005132282804485,0
2022-09-14,1170.0688394223357,1185.9726599528265,1169.046493026583,1176.135009765625,8678219,1183.941143798828,1148.7443701171876,1176.167631105611,43.108073839698925,4.272776437379207,6.220311128580704,-0.011985810591931823,1171.2956106461932,1178.8687838193537,1175.0821972327735,1142.1937109357996,1164.859619140625,0,1,0,1,32.88848629697395,-11.275390625,1214.407930328424,1183.941143798828,1153.474357269232,0.3718910833339765,5.146672482694431,-7.8061340332030795,0,0,1,-0.21216449239221596,0
2022-09-15,1173.7039298739198,1183.0417041001508,1161.7760353689523,1164.479736328125,10365600,1181.8104248046875,1150.1698046875,1175.05449826966,41.12832109312979,2.8777781560490894,5.551804534074382,-0.009909809112665258,1172.499816346327,1179.785887162704,1176.1428517545155,1142.1937109357996,1147.694091796875,0,0,0,1,33.94914081871593,-16.78564453125,1211.4516541576843,1181.8104248046875,1152.1691954516907,0.20765908069851474,5.016240969086977,-17.3306884765625,0,0,1,-0.16423200263546178,0
2022-09-16,1155.8690579820689,1160.0722649582217,1131.899684568862,1135.625732421875,20217708,1178.1275451660156,1150.8410693359374,1171.299377712728,36.509237164401945,-0.5497083093782749,4.3315019653838505,-0.0247784508446951,1163.4119354874615,1172.568099444672,1167.9900174660668,1142.4428066152755,1162.708251953125,0,0,1,1,25.547210850791316,27.08251953125,1211.2938108398828,1178.1275451660156,1144.9612794921484,-0.14073859206930803,5.630335324889392,-42.50181274414058,0,1,1,-0.34839767276782274,1
2022-09-19,1135.6256276709717,1146.3038949822844,1127.5146444730449,1137.1024169921875,7580254,1175.5965637207032,1151.7357153320313,1168.0425243107718,38.75234554923304,-3.110998271732342,2.843001917960612,0.0013003267961912979,1161.219415439553,1170.3755793967634,1165.7974974181582,1143.3259811286828,1169.6605224609375,0,0,1,1,22.471516289475403,32.55810546875,1212.9138392096559,1175.5965637207032,1138.2792882317506,-0.01576845072614518,6.348653380007402,-38.494146728515716,0,1,0,0.12497014134316285,1
2022-09-20,1146.1903481529216,1153.119972213298,1133.5808482063046,1137.2841796875,8411448,1173.2393859863282,1152.8491333007812,1165.1131581561744,32.37671712924026,-5.067754371708588,1.260850660026772,0.00015984725086881646,1161.219415439553,1170.3755793967634,1165.7974974181582,1143.3259811286828,1173.5556640625,0,0,1,1,22.471516289475403,36.271484375,1213.838939450241,1173.2393859863282,1132.6398325224154,0.05719702273588727,6.920932581850078,-35.955206298828216,0,0,0,0.07296547346203244,1
2022-09-21,1134.512519912323,1150.9843653188254,1133.7173348356014,1140.419677734375,9207309,1170.1256469726563,1153.9953662109374,1162.761398116003,41.89994440687636,-6.292948003315814,-0.24990907264174544,0.002757004891896564,1161.219415439553,1170.3755793967634,1165.7974974181582,1143.3259811286828,1192.532958984375,0,0,1,1,22.471516289475403,52.11328125,1210.7636667974282,1170.1256469726563,1129.4876271478845,0.1345052076064324,6.945924128731019,-29.70596923828134,0,0,0,0.07730818487054512,0
2022-09-22,1129.6276634257686,1137.352352488463,1123.3116153435435,1129.673095703125,10308170,1166.6347534179688,1154.6322729492188,1159.6101312195383,42.754623216208344,-8.03842023566267,-1.8076113052459306,-0.009423357243887431,1159.1179008748022,1168.2740648320128,1163.6959828534075,1143.3259811286828,1200.8211669921875,0,0,1,1,20.370001724724716,71.1480712890625,1208.557547733293,1166.6347534179688,1124.7119591026446,0.059169917958771426,7.186961333442212,-36.961657714843795,0,0,0,-0.07533528964766097,0
2022-09-23,1129.1733426023927,1134.1488981287762,1106.9533532004175,1108.498291015625,9528051,1162.2600646972655,1154.8769384765626,1154.7423369144037,29.231750762169014,-11.003507740513669,-3.6467905922994786,-0.01874418782570053,1150.9387698032392,1160.0949337604497,1155.5168517818445,1143.3259811286828,1207.0941162109375,0,0,1,1,12.19087065316171,98.5958251953125,1208.999431145838,1162.2600646972655,1115.5206982486932,-0.07512304687307841,8.042841334438618,-53.761773681640534,0,1,0,-0.13429296483184983,0
2022-09-26,1087.845960638479,1098.637929447728,1079.257938059937,1080.257568359375,12479523,1156.7925537109375,1154.945390625,1147.6485494329725,18.534986371446806,-15.454007077399638,-6.008233889319511,-0.02547655949056571,1132.6152990063817,1146.2472261902096,1139.4312625982957,1144.0053948995278,1209.2833251953125,0,0,1,0,4.574132301232112,129.0257568359375,1213.8915550742881,1156.7925537109375,1099.6935523475868,-0.17019548086778688,9.87195174799141,-76.53498535156245,0,1,0,-0.09507243399470847,1
2022-09-27,1087.8231145473603,1102.363845481466,1072.4191704410875,1088.8455810546875,16154822,1152.2167846679688,1155.008056640625,1142.0482667302786,23.695392302294593,-18.079667857642562,-8.422520682984121,0.007949967625179744,1127.7304372706192,1142.827842380785,1135.279139825702,1142.827842380785,1187.7220458984375,0,0,1,0,7.548702555082855,98.87646484375,1215.3738076577959,1152.2167846679688,1089.0597616781417,-0.0016956200064143219,10.962697962784294,-63.371203613281295,0,1,0,0.16849986086137256,0
2022-09-28,1072.532873252523,1080.5529923156532,1057.4242371952328,1059.855224609375,16997059,1145.2758911132812,1154.4487963867186,1134.220357956859,19.357950251981393,-22.243394420620007,-11.1866954305113,-0.026624855672584546,1108.7482510767272,1135.3303757578574,1122.0393134172923,1135.3303757578574,1184.427734375,0,0,1,0,13.291062340565077,124.572509765625,1216.4840319953455,1145.2758911132812,1074.067750231217,-0.09979565149285982,12.435106935298435,-85.4206665039062,0,1,0,-0.0981000314864455,0
2022-09-29,1072.373723430393,1075.7816245647894,1051.017070236145,1056.606201171875,14671827,1139.9344665527344,1153.6393115234375,1126.8285335011462,19.787001333237527,-25.511268732261897,-14.05161009086142,-0.0030655351429695887,1102.0685212247215,1132.1267922783136,1117.0976567515177,1132.1267922783136,1202.6944580078125,0,0,1,0,15.029135526795926,146.0882568359375,1220.3271927951475,1139.9344665527344,1059.5417403103213,-0.018257492161632825,14.10479788114979,-83.32826538085942,0,1,0,0.08153815933122699,1
2022-09-30,1050.108360317172,1091.458340177691,1050.108360317172,1080.4393310546875,18613024,1136.4640258789063,1153.1719702148437,1122.4105142205312,24.233895065068253,-25.879624071446415,-16.41721288697842,0.0225563032437055,1101.6141662652349,1130.05922257899,1115.8366944221125,1131.6724373188272,1199.490966796875,0,0,1,0,15.835742896714692,119.0516357421875,1220.7438729728538,1136.4640258789063,1052.184178784959,0.16762697871433208,14.83194279357289,-56.02469482421884,0,0,0,0.1858844708759649,0
2022-10-03,1086.687337582096,1098.2516553264609,1073.7370949613044,1076.690673828125,11852723,1131.9132568359375,1152.0327124023438,1118.0562437069686,19.780271115312573,-26.172335251884306,-18.368237359959597,-0.0034695675349981636,1100.5463628179987,1128.2644698592712,1114.405416338635,1131.6724373188272,1195.9920654296875,0,0,1,0,17.26702098019223,119.3013916015625,1218.744198791621,1131.9132568359375,1045.082314880254,0.18201091820472917,15.342331478368587,-55.222583007812545,0,0,0,0.014383939490397096,1
2022-10-04,1089.5499554327275,1098.7287171700252,1086.0737854797874,1096.547607421875,8948850,1127.7407653808593,1151.4418676757812,1116.0078021560073,29.45934842550446,-24.51937825184973,-19.598465538337624,0.0184425611518948,1093.7303564028175,1128.2644698592712,1110.9974131310444,1131.6724373188272,1189.6077880859375,0,0,1,0,20.67502418778281,93.0601806640625,1212.9329123522332,1127.7407653808593,1042.5486184094855,0.31692468691119025,15.108462793326952,-31.19315795898433,0,0,0,0.13491376870646107,1
2022-10-06,1103.7271026820092,1113.269322563035,1098.7968595905177,1100.5916748046875,13352162,1124.1135498046874,1150.7797241210938,1114.5395995511196,32.836884967964124,-22.622299691349326,-20.203232368939965,0.003687999823665411,1092.128629222974,1126.0493066521462,1109.08896793756,1131.6724373188272,1180.3609619140625,0,0,1,0,22.58346938126715,79.769287109375,1207.422280086096,1124.1135498046874,1040.8048195232789,0.3588270705810461,14.822120113378809,-23.52187499999991,0,0,0,0.04190238366985588,1
2022-10-07,1097.2064333500286,1110.49753632006,1097.2064333500286,1105.249267578125,7714340,1120.6362854003905,1150.9598583984375,1113.654806029882,40.62013750678487,-20.50663473249074,-20.26391284165012,0.004231898968583447,1081.6888414401035,1122.5162733616166,1102.10255740086,1131.6724373188272,1198.673095703125,0,0,0,0,29.569879917967228,93.423828125,1200.9446811504738,1120.6362854003905,1040.3278896503073,0.4042004408222189,14.332642409734214,-15.387017822265534,0,0,0,0.04537337024117277,0
2022-10-10,1092.8216022630288,1098.547030597458,1085.0969133921378,1093.1851806640625,6329527,1116.9216064453126,1150.8887475585936,1111.705317899804,37.27119497994639,-19.577745931857407,-20.12667945969158,-0.010915263432382027,1081.6888414401035,1122.5162733616166,1102.10255740086,1131.6724373188272,1163.4346923828125,0,0,1,0,29.569879917967228,70.24951171875,1195.063222875434,1116.9216064453126,1038.7799900151913,0.3481191785783152,13.992318884189714,-23.73642578125009,0,0,0,-0.056081262243903696,0
2022-10-11,1096.911150105876,1096.911150105876,1068.329679997323,1071.4195556640625,9215177,1111.4654479980468,1150.4031567382813,1107.868578639257,33.03289818348996,-20.36316500906105,-20.173976569565475,-0.019910281793957707,1081.6888414401035,1122.5162733616166,1102.10255740086,1131.6724373188272,1149.84814453125,0,0,1,0,29.569879917967228,78.4285888671875,1186.2423932958875,1111.4654479980468,1036.688502700206,0.23223102271375703,13.455559132769752,-40.045892333984284,0,0,0,-0.11588815586455817,1
2022-10-12,1068.7386577474497,1082.2342073300697,1064.6944639855951,1079.3033447265625,7417103,1105.910467529297,1149.7319311523438,1105.1480801713815,34.632042604785354,-20.117556725427676,-20.162692600737916,0.007358265042692436,1081.6888414401035,1122.5162733616166,1102.10255740086,1131.6724373188272,1167.7060546875,0,0,1,0,29.569879917967228,88.4027099609375,1172.4598065150756,1105.910467529297,1039.3611285435184,0.30009476271116436,12.03521278435058,-26.607122802734466,0,0,0,0.06786373999740733,1
2022-10-13,1077.5538882747444,1087.8231445652352,1072.419200033899,1082.7340087890625,7328492,1101.2404174804688,1148.6551147460937,1103.0134067063987,37.74612123827193,-19.42219747001218,-20.01459357459277,0.0031785911525819,1081.6888414401035,1122.5162733616166,1102.10255740086,1131.6724373188272,1179.9974365234375,0,0,1,0,29.569879917967228,97.263427734375,1160.0852085081972,1101.2404174804688,1042.3956264527403,0.3427523628838635,10.687001692574926,-18.50640869140625,0,0,0,0.04265760017269915,0
2022-10-14,1097.3654596284905,1097.9789154976827,1076.508681223135,1077.2357177734375,9106089,1096.8782165527343,1146.87591796875,1100.5583887127832,41.11105943407163,-19.094674858383314,-19.830609831350877,-0.0050781549032290485,1088.981893274315,1122.5162733616166,1105.7490833179659,1131.6724373188272,1173.135986328125,0,0,1,0,25.92335400086131,95.9002685546875,1148.8589540937037,1096.8782165527343,1044.897479011765,0.31105982996282694,9.477941444463045,-19.64249877929683,0,0,0,-0.031692532921036576,1
2022-10-17,1070.1018190034106,1096.911067683068,1064.9216983657,1094.5255126953125,16729355,1094.8232055664062,1145.3537451171876,1099.9838290920718,54.32624081974386,-17.2412227915911,-19.312732423398923,0.016050150061503343,1088.981893274315,1122.5162733616166,1105.7490833179659,1131.6724373188272,1174.7945556640625,0,0,1,0,25.92335400086131,80.26904296875,1143.669268259009,1094.8232055664062,1045.9771428738034,0.49695274445181903,8.923095974629495,-0.29769287109365905,0,0,0,0.1858929144889921,1
2022-10-18,1100.5462980220425,1119.176536172448,1099.7056807153497,1113.83740234375,12415820,1093.6599548339843,1144.0212426757812,1101.303217020803,57.11515377306491,-14.052057208427414,-18.260597380404622,0.017644074463720072,1091.9355000790215,1122.5162733616166,1107.225886720319,1131.6724373188272,1167.478759765625,0,0,0,0,24.44655059850811,53.641357421875,1139.4346948503307,1093.6599548339843,1047.885214817638,0.7203993676704684,8.370927327826488,20.17744750976567,0,0,0,0.2234466232186494,1
2022-10-19,1115.3142054707246,1148.6441893082867,1109.497912475689,1133.2174072265625,19247142,1093.4566162109375,1143.3883984375,1104.3426637070659,72.09523942578694,-9.847302504944537,-16.577938405312608,0.017399312361061625,1106.669326646941,1122.5162733616166,1114.5928000042788,1131.6724373188272,1180.542724609375,0,1,0,0,17.079637314548336,47.3253173828125,1138.4844436771366,1093.4566162109375,1048.4287887447383,0.9415135401044179,8.235869041102015,39.760791015625045,0,0,0,0.22111417243394949,1
2022-10-20,1129.1734452455337,1144.6228248019718,1129.1734452455337,1136.261962890625,8717053,1093.24873046875,1143.159755859375,1107.382596962643,74.0203252870483,-6.197888510439498,-14.501928426337987,0.002686647455860891,1106.669326646941,1118.0405101349993,1112.3549183909702,1131.6724373188272,1190.4029541015625,0,1,0,0,19.31751892785701,54.1409912109375,1137.437938333809,1093.24873046875,1049.059522603691,0.9866938614652813,8.084017229292742,43.013232421875045,0,0,0,0.04518032136086336,0
2022-10-21,1139.4880471639096,1143.6231056125362,1120.9942254138175,1123.0843505859375,8243452,1092.9192932128906,1142.3672778320313,1108.8780020696233,63.74284235156386,-4.31923535374608,-12.465389811819605,-0.01159733647262462,1106.669326646941,1116.5750322086615,1111.6221794278013,1131.6724373188272,1176.135009765625,0,0,0,0,20.05025789102592,53.0506591796875,1136.1042205038934,1092.9192932128906,1049.7343659218877,0.8492544652186031,7.902674526689103,30.16505737304692,0,0,0,-0.1374393962466781,1
2022-10-24,1117.8133802746593,1137.1252236758137,1115.6778227953112,1126.8331298828125,3370033,1093.83603515625,1141.5107299804688,1110.588014242308,66.15896379204402,-2.4990861234948625,-10.472129074154658,0.0033379320929181056,1106.669326646941,1105.0903126376968,1105.879819642319,1131.6724373188272,1164.479736328125,1,0,0,0,25.792617676508144,37.6466064453125,1139.0363107194992,1093.83603515625,1048.635759593001,0.8650098845126434,8.264543150983759,32.99709472656241,0,0,0,0.01575541929404023,0
2022-10-25,1135.5348605120162,1135.5348605120162,1107.8167232856267,1109.4298095703125,12233241,1095.2946472167969,1140.228212890625,1110.4777090354512,54.21813882433635,-2.4328627216057157,-8.86427580364487,-0.015444452111831208,1106.7829438369934,1101.6141662652349,1104.198555051114,1131.6724373188272,1135.625732421875,1,0,0,0,27.47388226771318,26.1959228515625,1140.5308376223288,1095.2946472167969,1050.058456811265,0.6562373204595389,8.260095221040212,14.135162353515625,0,0,0,-0.20877256405310451,1
2022-10-27,1116.904583955269,1121.6530982836084,1105.453847178534,1113.7919921875,12513059,1096.5419677734376,1138.6533935546875,1110.793355049932,54.31331644761772,-2.0052729789072146,-7.49247523869734,0.003931914015251614,1106.7829438369934,1101.6141662652349,1104.198555051114,1131.6724373188272,1137.1024169921875,1,0,0,0,27.47388226771318,23.3104248046875,1142.3699281409017,1096.5419677734376,1050.7140074059735,0.6882041473779965,8.358633178540211,17.25002441406241,0,0,0,0.03196682691845765,1
2022-10-28,1120.0854189154577,1151.8931840194225,1117.5635667319068,1147.871826171875,17609592,1100.9427978515625,1137.5944067382814,1114.3246380139265,61.68122621360783,1.0712045787004172,-5.779739275217789,0.030598023889040427,1108.4074411925612,1101.0007721682973,1104.7041066804293,1131.6724373188272,1137.2841796875,1,1,0,0,26.9683306383979,-10.587646484375,1148.6973806450421,1100.9427978515625,1053.188215058083,0.9913562801214562,8.675215985184767,46.929028320312455,0,0,0,0.30315213274345965,1
2022-10-31,1154.6193234067157,1163.6845036279556,1150.6205624722445,1158.527099609375,12419943,1106.0388427734374,1136.62306640625,1118.534396261112,68.04710147126353,4.319336106555966,-3.759924198863038,0.00928263347401348,1131.6950921716525,1106.8964319725637,1119.2957620721081,1131.6724373188272,1140.419677734375,1,1,0,0,12.37667524671906,-18.107421875,1155.5026182374654,1106.0388427734374,1056.5750673094094,1.0305726902519714,8.944310733246144,52.48825683593759,1,0,0,0.039216410130515245,0
2022-11-01,1181.428769564145,1181.428769564145,1139.6244632866772,1149.552978515625,13963166,1109.4945251464844,1135.4284594726562,1121.4885469520182,73.22080679251471,6.0990609929062884,-1.7881271605091729,-0.007746146893565009,1143.4413083713393,1115.7685649406585,1129.604936655999,1131.6724373188272,1129.673095703125,1,1,0,0,2.0675006628282517,-19.8798828125,1160.938933222897,1109.4945251464844,1058.0501170700718,0.8893372950237858,9.273485701900245,40.05845336914058,0,0,0,-0.14123539522818562,1
2022-11-02,1150.666129478395,1158.7998289194838,1142.8051438822936,1156.7322998046875,8981896,1113.4966064453124,1134.8086645507813,1124.8450948427485,73.1082034198646,7.996636764611367,0.16882562451493488,0.00624531572118836,1143.4413083713393,1115.7685649406585,1129.604936655999,1131.6724373188272,1108.498291015625,1,1,0,0,2.0675006628282517,-48.2340087890625,1166.5392632614185,1113.4966064453124,1060.4539496292064,0.9075558800652578,9.527223793781927,43.23569335937509,0,0,0,0.018218585041472002,1
2022-11-03,1149.5530246719463,1163.04857522189,1147.371914666693,1161.0491943359375,6693449,1116.7216857910157,1134.34109375,1128.2931043182903,73.24970718526765,9.736579320267765,2.082376363665501,0.0037319737090240057,1143.4413083713393,1115.7685649406585,1129.604936655999,1131.6724373188272,1080.257568359375,1,1,0,0,2.0675006628282517,-80.7916259765625,1172.995257780065,1116.7216857910157,1060.4481138019664,0.8938572493101008,10.078352145402928,44.327508544921784,0,0,0,-0.013698630755156982,1
2022-11-04,1160.4810755593053,1181.428720196316,1159.2088516372305,1178.1343994140625,12575815,1120.5988220214845,1133.849892578125,1133.0398943274115,78.02604310770417,12.35174635078647,4.1362503610896955,0.014715315390143147,1143.4413083713393,1115.7685649406585,1129.604936655999,1131.6724373188272,1088.8455810546875,1,1,0,0,2.0675006628282517,-89.288818359375,1182.314743719485,1120.5988220214845,1058.882900323484,0.9661323675446465,11.014811096565175,57.535577392578034,0,0,0,0.07227511823454569,1
2022-11-07,1177.3392175630618,1186.1090891689405,1169.6145286927683,1184.427734375,11789748,1124.5577453613282,1133.5486279296874,1137.9339743319438,76.59635014723206,14.761938165304173,6.261387921932592,0.005341780160283527,1145.7814681737373,1118.1087247430562,1131.9450964583966,1131.6724373188272,1059.855224609375,1,1,0,1,0.2726591395694413,-124.572509765625,1191.7430632597748,1124.5577453613282,1057.3724274628817,0.9455585750458738,11.948753752411255,59.869989013671784,0,0,0,-0.02057379249877267,0
2022-11-09,1186.109051967832,1191.4027533204437,1176.9074538352093,1183.246337890625,11254205,1129.0608032226562,1133.2937133789062,1142.2494375280087,73.00109059371016,16.38779541535746,8.286669420617566,-0.000997440747196321,1148.428300249489,1120.7555568188077,1134.5919285341483,1131.6724373188272,1056.606201171875,1,1,0,1,2.919491215321159,-126.64013671875,1199.2375759910203,1129.0608032226562,1058.884030454292,0.8860645946688203,12.430999742097134,54.185534667968795,0,0,0,-0.05949398037705356,0
2022-11-10,1176.8848340514855,1179.8611290593667,1164.616195791804,1168.9329833984375,5966242,1133.936474609375,1132.8802172851563,1144.7907276109067,62.246864425651175,16.33305363849672,9.895946264193398,-0.012096681843701274,1154.4831600261753,1128.0486086530195,1141.2658843395975,1130.05922257899,1080.4393310546875,1,1,0,1,11.206661760607403,-88.49365234375,1200.8927754082492,1133.936474609375,1066.9801738105007,0.761338427985936,11.809532949707748,34.996508789062545,0,0,0,-0.12472616668288428,1
2022-11-11,1181.428793587036,1197.787058206641,1175.9760787775724,1195.878662109375,12310132,1139.7652404785156,1133.1905712890625,1149.6562451821897,67.56363301580359,18.25354594822784,11.567466201000286,0.023051517147371747,1168.705760746659,1131.2407610961181,1149.9732609213886,1128.2644698592712,1076.690673828125,1,1,0,1,21.70879106211737,-119.18798828125,1206.978775668527,1139.7652404785156,1072.551705288504,0.9174265010181933,11.794277067406052,56.11342163085942,0,0,0,0.15608807303225736,0
2022-11-14,1195.4013783558953,1200.5133505404451,1183.7687931045675,1190.0849609375,9043112,1145.1327880859376,1133.01880859375,1153.5065990636476,70.63685727542003,19.088011955551565,13.071575351910543,-0.004844723261184125,1170.068906913561,1132.6039072630201,1151.3364070882906,1128.2644698592712,1096.547607421875,1,1,0,1,23.07193722901934,-93.537353515625,1210.3885895083247,1145.1327880859376,1079.8769866635505,0.8444304710978602,11.397071518921509,44.95217285156241,0,0,0,-0.07299602992033316,0
2022-11-15,1191.5617725862496,1193.4247362453084,1176.8847439241663,1184.745849609375,7086433,1150.5082946777343,1133.4450317382812,1156.4817657822884,67.6646398903828,19.09835664787147,14.276931611102729,-0.004486327870170781,1171.6592472113693,1132.6039072630201,1152.1315772371947,1126.0493066521462,1100.5916748046875,1,1,0,1,26.08227058504849,-84.1541748046875,1209.9605598326639,1150.5082946777343,1091.0560295228047,0.7879415514482029,10.33495637188476,34.237554931640716,0,0,0,-0.0564889196496573,0
2022-11-16,1185.9727580356148,1188.6764594316192,1172.954366703904,1177.9527587890625,9716161,1154.6796569824219,1134.0071240234374,1158.5266222591242,72.34747630452507,18.346917390970702,15.090928767076324,-0.005733795836931788,1173.942632603569,1132.6039072630201,1153.2732699332946,1125.3108554288085,1105.249267578125,1,1,0,1,27.962414504486105,-72.7034912109375,1209.3495401404964,1154.6796569824219,1100.0097738243473,0.7128512122419204,9.469272767989327,23.273101806640625,0,0,0,-0.0750903392062825,1
2022-11-17,1174.5900378958909,1187.3358341262497,1172.340779737592,1180.9970703125,6661451,1158.0376403808593,1134.2729443359376,1160.6666649308743,72.10771479512344,17.791952312465128,15.631133476154087,0.0025844088404420873,1179.8611010888378,1132.6039072630201,1156.232504175929,1125.3108554288085,1093.1851806640625,1,1,0,1,30.92164874712057,-87.8118896484375,1210.46468693685,1158.0376403808593,1105.6105938248686,0.7189655095974231,9.054463296849029,22.95942993164067,0,0,0,0.006114297355502729,0
2022-11-18,1184.495900066872,1185.518366679259,1168.2967693410817,1180.3609619140625,5303197,1160.3948181152343,1134.28021484375,1162.5423122626064,63.70260994739329,17.10364963156735,15.925636707236741,-0.0005386197937554682,1182.5647731661247,1132.6039072630201,1157.5843402145724,1125.3108554288085,1071.4195556640625,1,1,0,1,32.27348478576391,-108.94140625,1212.3835419424886,1160.3948181152343,1108.40609428798,0.6920237921704979,8.960523265985744,19.96614379882817,0,0,0,-0.026941717426925194,0
2022-11-21,1175.9760614312995,1175.9760614312995,1155.5737233322704,1159.1180419921875,6390268,1161.5376220703124,1133.9998559570313,1162.2161912844713,50.22880169542954,14.674875860667953,15.675484537922983,-0.01799696923848415,1178.0435369363577,1132.7175244530727,1155.3805306947152,1125.3108554288085,1079.3033447265625,1,1,0,1,30.069675265906653,-79.814697265625,1212.3455987360176,1161.5376220703124,1110.7296454046073,0.47618897428208257,8.74839965581925,-2.419580078124909,0,0,0,-0.21583481788841535,1
2022-11-22,1156.4369938334312,1167.1152613187112,1152.5746494360667,1165.547607421875,6611488,1163.6607849121094,1133.8149169921876,1162.5334690118432,56.317293728991054,13.117655181440796,15.163918666626547,0.005546946209755266,1176.543999988256,1132.7175244530727,1154.6307622206643,1125.3108554288085,1082.7340087890625,1,1,0,1,29.31990679185583,-82.8135986328125,1211.3147919837654,1163.6607849121094,1116.0067778404534,0.5197971023394572,8.190360574066311,1.8868225097655795,0,0,0,0.04360812805737463,0
2022-11-23,1170.0687686238546,1171.3865449235016,1159.731243837616,1161.912353515625,6413408,1165.41474609375,1133.7035888671876,1162.4743151550604,52.10485851045362,11.458129777200838,14.422760888741406,-0.0031189235712910657,1176.543999988256,1132.7175244530727,1154.6307622206643,1125.3108554288085,1077.2357177734375,1,1,0,1,29.31990679185583,-84.6766357421875,1210.0012355065408,1165.41474609375,1120.8282566809592,0.46072361129736983,7.6516089335983235,-3.5023925781249545,0,0,0,-0.05907349104208737,1
2022-11-24,1165.9794167577484,1178.7024981272689,1157.8911489931052,1171.9320068359375,9389439,1168.5398559570312,1133.5313745117187,1163.3750476960963,54.226246797795106,10.826643417354717,13.703537394464067,0.008623415776582322,1176.543999988256,1150.1095156278975,1163.3267578080768,1125.3108554288085,1094.5255126953125,1,1,0,1,38.015902379268255,-77.406494140625,1205.0161784900977,1168.5398559570312,1132.0635334239648,0.5464979833949983,6.243060062883761,3.39215087890625,0,0,1,0.0857743720976285,1
2022-11-25,1176.430472976704,1192.7431844497548,1173.295044904841,1189.4261474609375,7349922,1172.3215637207031,1133.5118383789063,1165.8561048165573,54.37116999277946,11.604052576536787,13.283640430878613,0.014927607167442902,1172.9996928406877,1152.9835988594896,1162.9916458500886,1125.3108554288085,1113.83740234375,1,1,0,1,37.68079042128011,-75.5887451171875,1199.9095786581508,1172.3215637207031,1144.7335487832554,0.8100002624149801,4.706561030898236,17.104583740234375,0,0,1,0.2635022790199818,1
2022-11-28,1185.473037803947,1236.4335137804842,1136.8981171457085,1230.2991943359375,31527484,1176.4429321289062,1134.5951220703125,1171.9935419136411,64.00729404064057,15.341421867046392,13.69519671811217,0.03436366937304314,1186.6658154630964,1170.943680479509,1178.8047479713027,1143.270937048828,1133.2174072265625,1,1,0,1,35.533810922474686,-97.081787109375,1211.7399441139783,1176.4429321289062,1141.1459201438342,1.262901151941819,6.000633098487502,53.85626220703125,1,0,1,0.4529008895268388,1
2022-11-29,1228.6632233258863,1241.2500078770877,1224.1419904117938,1232.4119873046875,11058913,1180.1371765136719,1135.9537670898437,1177.7476795699313,64.92829127375187,18.263271070883775,14.60881158866649,0.0017173001319328307,1189.074062511398,1173.3519275278109,1181.2129950196045,1145.6791840971298,1136.261962890625,1,1,0,1,35.533810922474686,-96.1500244140625,1222.0131947730192,1180.1371765136719,1138.2611582543245,1.124161667750576,7.096805200740529,52.274810791015625,1,0,0,-0.13873948419124305,1
2022-11-30,1232.54834119291,1247.5206802015884,1226.0504438987869,1241.1136474609375,26164986,1184.7152099609375,1138.063525390625,1183.782533654789,72.68961219559364,21.038490247940217,15.894747320521237,0.007060674714208792,1192.2093986736486,1176.4872636900614,1184.348331181855,1148.81452025938,1123.0843505859375,1,1,0,1,35.53381092247491,-118.029296875,1231.8990494897412,1184.7152099609375,1137.5313704321338,1.0976456988580934,7.96543154541916,56.3984375,1,0,0,-0.026515968892482533,0
2022-12-01,1245.862104269674,1251.8601266305575,1234.1387734132652,1237.455810546875,9485801,1188.7513854980468,1140.0705932617188,1188.8942743111782,65.31125084737839,22.681259134279117,17.252049683272816,-0.0029472215711636718,1194.3791218881329,1178.6569869045456,1186.5180543963393,1150.9842434738648,1126.8331298828125,1,1,0,1,35.53381092247446,-110.6226806640625,1239.3563002661303,1188.7513854980468,1138.1464707299633,0.9812222811957586,8.51396101580681,48.70442504882817,0,0,0,-0.11642341766233477,0
2022-12-02,1240.50026242272,1248.6793948058917,1227.1410088571656,1236.9332275390625,11589592,1192.545587158203,1142.06357421875,1193.469412713834,67.94924200686015,23.66816535361636,18.535272817341525,-0.0004223043791612424,1194.3791218881329,1178.6569869045456,1186.5180543963393,1150.9842434738648,1109.4298095703125,1,1,0,1,35.53381092247446,-127.50341796875,1245.593577084212,1192.545587158203,1139.497597232194,0.9183725004733551,8.896597412669248,44.387640380859466,0,0,0,-0.06284978072240355,0
2022-12-05,1232.3210781772725,1234.479471928364,1216.871700030192,1218.8936767578125,14828536,1194.5835510253905,1143.6330541992188,1195.890771194213,61.92291463326272,22.73260731096184,19.37473971606559,-0.014584094257974245,1194.3791218881329,1184.7118466812321,1189.5454842846825,1150.9842434738648,1113.7919921875,1,1,0,1,38.56124081081771,-105.1016845703125,1248.3867474635626,1194.5835510253905,1140.7803545872184,0.7259171140543473,9.007858243483973,24.310125732421966,0,0,0,-0.19245538641900772,1
2022-12-06,1211.009978665276,1225.5051588426245,1209.146894711336,1222.415283203125,8594245,1196.482928466797,1145.4878979492187,1198.4169151950616,65.88729973872802,22.021485058810413,19.904088784614558,0.002889182635420484,1194.3791218881329,1194.3791218881329,1194.3791218881329,1150.9842434738648,1147.871826171875,0,1,0,1,43.39487841426808,-74.54345703125,1251.3887236904363,1196.482928466797,1141.5771332431575,0.7361531658971677,9.177865210997547,25.93235473632808,0,0,0,0.010236051842820393,0
2022-12-07,1220.0523915216042,1224.5963402295367,1200.5815364526634,1204.375732421875,8462111,1197.5393981933594,1147.4054467773437,1198.9844215976152,57.54509295941555,19.774328416497383,19.878136710991125,-0.014757301409043633,1194.3791218881329,1194.3791218881329,1194.3791218881329,1150.9842434738648,1158.527099609375,0,1,0,1,43.39487841426808,-45.8486328125,1252.1983374516917,1197.5393981933594,1142.880458935027,0.5625362870307942,9.128541297395694,6.836334228515625,0,0,0,-0.17361687886637356,0
2022-12-08,1208.6925503476532,1210.9645247591304,1199.6500849785011,1203.8077392578125,7757008,1199.283135986328,1149.8764501953126,1199.4437851843009,57.57040449377975,17.74307713759208,19.451124796311316,-0.00047160794490630487,1194.3791218881329,1194.3791218881329,1194.3791218881329,1150.9842434738648,1149.552978515625,0,1,0,1,43.39487841426808,-54.2547607421875,1252.3833260174363,1199.283135986328,1146.1829459552198,0.5426043981088746,8.855321723078676,4.524603271484466,0,0,0,-0.01993188892191955,0
2022-12-09,1202.3311215679532,1208.6927229432208,1182.269523352392,1185.56396484375,12655763,1198.767401123047,1151.8108178710938,1198.12189753282,58.7073934771617,14.494096813252781,18.45971919969961,-0.015155056591769744,1217.0648249914748,1194.3791218881329,1205.7219734398038,1150.9842434738648,1156.7322998046875,1,0,0,1,54.737729965939025,-28.8316650390625,1252.1892252629534,1198.767401123047,1145.3455769831405,0.3764228244554278,8.912792271437983,-13.203436279296966,0,0,0,-0.16618157365344682,1
2022-12-12,1174.839995212842,1191.8797417479038,1174.612713657261,1187.3812255859375,9479842,1198.6322143554687,1154.361337890625,1197.0989763950217,57.41395819257282,11.928391184577322,17.153453596675153,0.0015328238678602446,1213.2364201439093,1194.3791218881329,1203.807771016021,1150.9842434738648,1161.0491943359375,1,0,0,1,52.82352754215617,-26.33203125,1252.1548286203179,1198.6322143554687,1145.1096000906196,0.39489499976722675,8.930615016655373,-11.250988769531205,0,0,0,0.018472175311798955,1
2022-12-13,1187.381293975718,1196.4237590933476,1184.473147579326,1192.7886962890625,8333348,1199.034356689453,1157.0849877929688,1196.6884735277874,60.35987329235896,10.213652059401966,15.765493289220517,0.004554115044607121,1213.2364201439093,1194.3791218881329,1203.807771016021,1150.9842434738648,1178.1343994140625,1,0,0,1,52.82352754215617,-14.654296875,1252.2535870429904,1199.034356689453,1145.8151263359157,0.44132139492716843,8.87701508411756,-6.245660400390534,0,0,0,0.04642639515994168,0
2022-12-14,1198.5367354613884,1199.127475241392,1186.4271108317469,1188.471923828125,7268947,1199.5603149414062,1159.2456396484374,1195.9059449849624,55.7704346937298,8.409442667472831,14.294283164870981,-0.003619058827743382,1211.6460542315763,1194.3791218881329,1203.0125880598546,1150.9842434738648,1184.427734375,1,0,0,1,52.02834458598977,-4.044189453125,1252.1398375207805,1199.5603149414062,1146.980792362032,0.3945559928150534,8.766465833265345,-11.088391113281205,0,0,0,-0.04676540211211505,0
2022-12-15,1182.5648851623062,1188.2447615787812,1168.251433132731,1171.5911865234375,8688551,1199.090020751953,1161.1436499023437,1193.5902537029124,43.751005115395806,5.553442673223117,12.54611506654141,-0.014203732512513945,1201.3654525305476,1194.3791218881329,1197.8722872093404,1150.9842434738648,1183.246337890625,1,0,0,1,46.88804373547555,11.6551513671875,1252.4871845983414,1199.090020751953,1145.6928569055647,0.24250660290101272,8.906281083534136,-27.498834228515534,0,0,0,-0.15204938991404066,0
2022-12-16,1168.2513090093971,1189.9714223850988,1162.412300039899,1165.7974853515625,15837349,1198.3618469238281,1162.5286474609375,1190.9433233837362,20.03357341348608,2.7903731520721067,10.594966683647549,-0.004945155988299255,1193.9587294412618,1194.3791218881329,1194.1689256646973,1158.2772953080762,1168.9329833984375,0,0,0,1,35.891630356621135,3.135498046875,1253.1401200987723,1198.3618469238281,1143.583573748884,0.20276206527845864,9.142192454734593,-32.564361572265625,0,0,0,-0.03974453762255409,1
2022-12-19,1172.7952889779006,1183.2463953663826,1166.297391645052,1181.1107177734375,7729933,1199.4614807128905,1164.1390283203125,1190.006884754184,28.770201295630983,1.8153443682763282,8.839042220573305,0.013135413838413879,1193.504320134718,1194.3791218881329,1193.9417210114254,1158.2772953080762,1195.878662109375,0,0,0,1,35.66442570334925,14.7679443359375,1251.8764354532962,1199.4614807128905,1147.046525972485,0.3249472595145942,8.739747892404715,-18.350762939453034,0,0,0,0.12218519423613555,1
2022-12-20,1174.1129983269077,1193.242990634255,1165.9792991040035,1191.3345947265625,7467588,1200.750830078125,1165.8607348632813,1190.133333322982,29.656435768035777,1.8463251707566997,7.440498810609984,0.008656154583372544,1186.6884123995146,1194.3791218881329,1190.5337671438238,1158.2772953080762,1190.0849609375,0,1,0,1,32.25647183574756,-1.2496337890625,1250.9888325079928,1200.750830078125,1150.5128276482574,0.40628374043426924,8.36776476375187,-9.416235351562591,0,0,0,0.08133648091967505,0
2022-12-21,1190.9710448813423,1196.4237592798247,1170.5687080191292,1174.3856201171875,8527550,1201.374493408203,1167.4847436523437,1188.6335511129064,26.750388565247007,0.4975021819716403,6.051899484882315,-0.014226880243719542,1185.55251149156,1194.3791218881329,1189.9658166898464,1158.2772953080762,1184.745849609375,0,0,0,1,31.688521381770215,10.3602294921875,1249.9506240822693,1201.374493408203,1152.7983627341368,0.22220025641704347,8.086759114763566,-26.98887329101558,0,0,0,-0.18408348401722577,0
2022-12-22,1180.519948544436,1183.541675654874,1166.3200787009305,1171.3411865234375,7451122,1201.344952392578,1169.4831762695312,1186.9866592472429,26.26210684238707,-0.8077983059733924,4.679959926711175,-0.0025923627994067777,1180.7698876406455,1194.3791218881329,1187.574504764389,1158.2772953080762,1177.9527587890625,0,0,0,1,29.297209456312885,6.611572265625,1249.9933324473427,1201.344952392578,1152.6965723378134,0.19162625933931784,8.098986050239333,-30.00376586914058,0,0,0,-0.030573997077725623,0
2022-12-23,1164.7523350248805,1177.1119563604352,1132.467537283046,1136.98876953125,10257115,1198.7230834960938,1170.636884765625,1182.2249554647674,23.488718881205088,-4.561627698401253,2.831642401688689,-0.02932742175159575,1165.797506262219,1192.163831956802,1178.9806691095105,1158.2772953080762,1180.9970703125,0,0,1,1,20.70337380143428,44.00830078125,1254.7507567318069,1198.7230834960938,1142.6954102603806,-0.050926983038563155,9.347892604571785,-61.73431396484375,0,1,0,-0.242553242377881,1
2022-12-26,1142.6914342154514,1155.073650986399,1132.535639081501,1146.917236328125,5990242,1194.5539855957031,1171.9205493164063,1178.862315546992,26.535717700190744,-6.658663316098,0.9335812581313514,0.008732247022077644,1165.797506262219,1192.163831956802,1178.9806691095105,1158.2772953080762,1180.3609619140625,0,0,1,1,20.70337380143428,33.4437255859375,1252.9229299411327,1194.5539855957031,1136.1850412502736,0.09193412008908286,9.772508408872286,-47.636749267578125,0,0,0,0.14286110312764602,1
2022-12-27,1149.6210331376262,1158.1636228081527,1142.9186909584178,1156.3006591796875,5763271,1190.7484191894532,1173.5018481445313,1176.7135863691535,34.20894990966369,-7.477222580367425,-0.7485795095684039,0.00818142979662917,1164.4456482814353,1192.163831956802,1178.3047401191186,1158.3909124981287,1159.1180419921875,0,0,1,1,19.913827620989878,2.8173828125,1248.6709714382007,1190.7484191894532,1132.8258669407057,0.20263948434255488,9.728764080690624,-34.447760009765716,0,0,0,0.11070536425347202,0
2022-12-28,1153.2563929529824,1158.618243480646,1145.7588646322624,1156.187255859375,7459393,1186.502099609375,1174.7350830078126,1174.7586977491746,34.31141582407223,-8.042379846240237,-2.2073395769027706,-9.80742503363663e-05,1164.4456482814353,1192.163831956802,1178.3047401191186,1158.3909124981287,1165.547607421875,0,0,1,1,19.913827620989878,9.3603515625,1241.40620416889,1186.502099609375,1131.5979950498597,0.22392916710681354,9.254784222900398,-30.31484374999991,0,0,0,0.02128968276425866,0
2022-12-29,1148.2578877514563,1158.209118855438,1147.5762834083114,1155.66455078125,6930648,1182.4125366210938,1175.5716259765625,1172.9402075617531,38.847403543536544,-8.435213096717689,-3.4529142808657545,-0.00045209378971788894,1164.4456482814353,1192.163831956802,1178.3047401191186,1158.3909124981287,1161.912353515625,0,0,1,1,19.913827620989878,6.247802734375,1233.5837917124693,1182.4125366210938,1131.2412815297182,0.23864246839284695,8.6553979269544,-26.74798583984375,0,0,0,0.014713301286033403,1
2022-12-30,1156.4824475075625,1170.97762738263,1154.6649160603042,1157.4366455078125,7289476,1178.4377075195312,1176.0560107421875,1171.46367784233,38.82679172337398,-8.505496968941543,-4.463430818480912,0.0015333988789087982,1164.4456482814353,1192.163831956802,1178.3047401191186,1175.7829036729536,1171.9320068359375,0,0,1,1,2.5218364461650253,14.495361328125,1224.1056192500457,1178.4377075195312,1132.7697957890166,0.27006763375074483,7.7505856167213105,-21.00106201171866,0,0,0,0.03142516535789788,1
2023-01-02,1158.708901395193,1171.88642405352,1157.8910002870923,1170.477783203125,5316175,1176.016912841797,1176.7403271484375,1171.3697831147867,42.12382043253464,-7.4233152638621505,-5.05540770755716,0.01126725833843878,1164.4456482814353,1192.163831956802,1178.3047401191186,1178.6569869045456,1189.4261474609375,0,0,1,0,0.3522467854270417,18.9483642578125,1217.8194506111945,1176.016912841797,1134.2143750723994,0.43374649083234595,7.109172889084291,-5.539129638671966,0,0,0,0.16367885708160113,0
2023-01-03,1165.5475363123066,1169.160002972484,1157.7092673063355,1161.912353515625,7658932,1172.991766357422,1177.5168872070312,1170.469075533914,40.89702631283879,-7.174138059581992,-5.479153777962127,-0.007317891727991466,1158.00460646896,1192.163831956802,1175.084219212881,1178.6569869045456,1230.2991943359375,0,0,1,0,3.572767691664694,68.3868408203125,1209.324562606457,1172.991766357422,1136.658970108387,0.34752876208789973,6.194893654174905,-11.079412841796966,0,0,1,-0.08621772874444622,0
2023-01-04,1161.8898109401732,1163.7301788455284,1142.350805656606,1144.4183349609375,9264891,1169.993896484375,1177.8685913085938,1167.988052622202,40.725819219302295,-8.292691438829479,-6.041861310135597,-0.015056229070768978,1154.7897468217407,1192.163831956802,1173.4767893892713,1178.6569869045456,1232.4119873046875,0,0,1,0,5.180197515274358,87.99365234375,1205.3551849130786,1169.993896484375,1134.6326080556714,0.13836779342749816,6.044696221913293,-25.5755615234375,0,0,1,-0.20916096866040157,0
2023-01-05,1146.6676067944138,1152.5293324862785,1137.806869836127,1142.37353515625,13637099,1166.922186279297,1178.5274658203125,1165.5485747683017,41.795372820988625,-9.237665250991768,-6.681022098306832,-0.0017867590392610655,1152.2110315675104,1192.163831956802,1172.1874317621562,1178.6569869045456,1241.1136474609375,0,0,1,0,6.469555142389481,98.7401123046875,1200.6354000738897,1166.922186279297,1133.2089724847042,0.13591944582002002,5.7781425687151495,-24.548651123046966,0,0,1,-0.0024483476074781407,1
2023-01-06,1148.0986967891931,1157.7773327318898,1144.304501308931,1152.7562255859375,6349597,1165.2817993164062,1179.3067504882813,1164.3302557985528,39.71305681822208,-9.044508001161148,-7.153719278877696,0.009088700070653655,1154.8466469448235,1190.573466044469,1172.7100564946463,1178.6569869045456,1237.455810546875,0,0,1,0,5.946930409899323,84.6995849609375,1198.3944708134595,1165.2817993164062,1132.169127819353,0.3108643434042552,5.683204099897258,-12.52557373046875,0,0,1,0.17494489758423515,1
2023-01-09,1156.57338165,1182.3376907366148,1155.687332011369,1179.9747314453125,10722753,1164.911474609375,1179.94880859375,1165.8202058601491,46.33108977593863,-6.618825836572569,-7.046740590416671,0.02361167543947995,1160.0722802863709,1183.473504605705,1171.772892446038,1178.6569869045456,1236.9332275390625,0,1,0,0,6.884094458507661,56.95849609375,1197.182203989692,1164.911474609375,1132.6407452290582,0.7333888499763047,5.540460384105684,15.063256835937409,0,0,1,0.42252450657204954,0
2023-01-10,1184.155127696438,1184.155127696438,1156.891435377878,1162.52587890625,8047142,1163.3983337402344,1180.0287841796876,1165.5064604359684,46.181971659623095,-6.034865644223828,-6.844365601178103,-0.014787479828224814,1160.9809987662825,1178.9863480628353,1169.9836734145588,1184.7118466812321,1218.8936767578125,0,0,1,0,14.728173266673366,56.3677978515625,1193.028587016814,1163.3983337402344,1133.7680804636548,0.4852776345541058,5.093741742146167,-0.8724548339844205,0,0,1,-0.24811121542219894,0
2023-01-11,1159.8451553432185,1162.3442913861395,1145.5770152034006,1147.871826171875,11509553,1161.3683288574218,1179.9951611328124,1163.8269714584355,42.96996178949486,-6.677557841060434,-6.811004049154569,-0.012605356147565638,1160.9809987662825,1178.5319387562913,1169.756468761287,1192.163831956802,1222.415283203125,0,0,1,0,22.407363195515018,74.54345703125,1189.367359794442,1161.3683288574218,1133.3692979204016,0.2589826820095089,4.821731442352368,-13.49650268554683,0,0,1,-0.22629495254459686,0
2023-01-12,1147.2810049505638,1150.757054985232,1120.0853394706564,1123.0843505859375,17688773,1158.9429870605468,1179.3222021484376,1159.946721851531,45.58188894465695,-9.082342568046442,-7.265271752932945,-0.02159428868343527,1152.1202335835474,1165.5249321148935,1158.8225828492205,1185.972733050607,1204.375732421875,0,0,1,0,27.150150201386623,81.2913818359375,1191.0778254259703,1158.9429870605468,1126.8081486951232,-0.057940202885732726,5.545542571844343,-35.858636474609284,0,1,1,-0.3169228848952416,0
2023-01-13,1117.0862332620186,1123.6749947373953,1106.2716693328798,1121.2667236328125,20618583,1156.7164489746094,1178.526552734375,1156.2629124973673,41.40664553726612,-11.007926569005349,-8.013802716147426,-0.0016184242547558902,1145.2133985146588,1157.4821961380503,1151.3477973263546,1179.0658979817185,1203.8077392578125,0,0,1,0,27.71810065536397,82.541015625,1192.5957087940408,1156.7164489746094,1120.837189155178,0.0059858324808836775,6.203639595725837,-35.44972534179692,0,0,0,0.06392603536661641,0
2023-01-16,1123.5840516608462,1126.7420752597088,1102.818138463134,1110.58837890625,13623855,1153.19033203125,1177.1756323242187,1151.9129569172608,34.81734595165716,-13.24296231353901,-9.059634635625743,-0.009523465292865851,1143.4866330797859,1150.972806852263,1147.2297199660243,1177.3391325468456,1185.56396484375,0,0,1,0,30.1094125808213,74.9755859375,1192.485764106717,1153.19033203125,1113.8948999557829,-0.042072588019679856,6.815081775139645,-42.60195312499991,0,1,0,-0.04805842050056353,1
2023-01-17,1116.9046027544262,1128.2644751675343,1113.5421334042796,1126.3560791015625,10751000,1149.94140625,1176.01419921875,1149.478968553861,41.025271893015876,-13.585319507339364,-9.964771609968468,0.014197609568759484,1143.4866330797859,1150.972806852263,1147.2297199660243,1177.3391325468456,1187.3812255859375,0,0,1,0,30.1094125808213,61.025146484375,1186.750744437672,1149.94140625,1113.132068062328,0.17962848138985843,6.401950218960903,-23.5853271484375,0,0,0,0.2217010694095383,0
2023-01-18,1123.947732620178,1131.9450149571076,1117.9724269094495,1124.492919921875,13448286,1147.4467712402343,1174.839130859375,1147.0993448746242,40.69702882573842,-13.847357704766637,-10.741288828928102,-0.0016541475775349035,1143.4866330797859,1150.972806852263,1147.2297199660243,1177.3391325468456,1192.7886962890625,0,0,1,0,30.1094125808213,68.2957763671875,1184.0535429559727,1147.4467712402343,1110.8399995244959,0.18648080337973805,6.380561196084325,-22.953851318359284,0,0,0,0.006852321989879617,0
2023-01-19,1123.6751148013898,1127.423878776926,1116.2911675478767,1123.2889404296875,11940054,1145.0441589355469,1173.92625,1144.8316873084398,39.774162889311306,-13.990897588683083,-11.391210580879099,-0.0010706865920251385,1143.4866330797859,1149.6209488714794,1146.5537909756326,1177.3391325468456,1188.471923828125,0,0,1,0,30.78534157121294,65.1829833984375,1181.3690415017793,1145.0441589355469,1108.7192763693145,0.20054660925341836,6.344712958494224,-21.755218505859375,0,0,0,0.01406580587368031,0
2023-01-20,1124.6293134044963,1124.6293134044963,1107.475983857866,1109.9296875,14930286,1143.6912048339843,1172.2072705078126,1141.5076873266835,31.902808364820345,-15.009612573735922,-12.114890979450463,-0.011892980023979649,1143.4866330797859,1149.6209488714794,1146.5537909756326,1177.3391325468456,1171.5911865234375,0,0,1,0,30.78534157121294,61.6614990234375,1183.0078999569905,1143.6912048339843,1104.3745097109781,0.0706465506783051,6.875403947643946,-33.76151733398433,0,0,0,-0.12990005857511328,0
2023-01-23,1112.8150268033935,1120.6305800710877,1101.9094778576764,1104.3177490234375,10954118,1141.56123046875,1170.4919262695312,1137.96578844066,32.47618686818039,-16.084377382677303,-12.908788260095832,-0.005056120707252032,1132.126884621908,1149.1666185687504,1140.646751595329,1176.884802244117,1165.7974853515625,0,0,1,0,36.238050648787976,61.479736328125,1184.4054564608477,1141.56123046875,1098.7170044766522,0.06536171931100283,7.506251061890919,-37.243481445312455,0,0,0,-0.005284831367302262,0
2023-01-24,1108.7253859560433,1110.3839043654414,1084.8014472016189,1097.7972412109375,16488755,1138.6360595703125,1168.7529541015624,1134.1402125140196,34.800002547129864,-17.263286304837038,-13.779687869044075,-0.00590455764952269,1117.7792510934255,1140.612603240722,1129.1959271670737,1168.330786916088,1181.1107177734375,0,0,1,0,39.13485974901437,83.3134765625,1184.9070915571644,1138.6360595703125,1092.3650275834605,0.05869994026738602,8.127448906600291,-40.838818359374955,0,0,0,-0.006661779043616811,0
2023-01-25,1096.207019001925,1097.229365511981,1081.4618400458698,1082.6204833984375,12385018,1134.9577209472657,1166.84630859375,1129.233571645869,32.055153886705185,-19.20088182371046,-14.863926659977352,-0.013824736702525375,1106.7034275014887,1138.9427996628474,1122.823113582168,1166.6609833382136,1191.3345947265625,0,0,1,0,43.83786975604562,108.714111328125,1186.4633299385496,1134.9577209472657,1083.4521119559818,-0.008073184395169434,9.076216327828664,-52.33723754882817,0,1,0,-0.06677312466255546,0
2023-01-27,1083.4610350495243,1084.8014072954272,1050.403647808396,1062.0816650390625,25830975,1130.2785766601562,1164.4680004882812,1122.8381519690302,24.334527452297436,-22.138551779430827,-16.318851683868047,-0.018971392721946256,1091.174331382752,1117.279387752417,1104.2268595675846,1151.1318872194768,1174.3856201171875,0,0,1,0,46.90502765189217,112.303955078125,1189.7905883646602,1130.2785766601562,1070.7665649556523,-0.07296762172746776,10.530503352608015,-68.1969116210937,0,1,0,-0.06489443733229833,1
2023-01-30,1059.5144571522903,1077.781116815708,1045.564464693845,1072.26025390625,21772103,1126.019757080078,1162.305986328125,1118.0212092963845,16.25635467965226,-23.375886658132004,-17.730258678720837,0.009583621676411358,1088.7547398254762,1114.8597961951414,1101.8072680103087,1148.712295662201,1171.3411865234375,0,0,1,0,46.9050276518924,99.0809326171875,1189.2245225221143,1126.019757080078,1062.8149916380419,0.07471954212748548,11.226226723753895,-53.75950317382808,0,0,0,0.14768716385495323,0
2023-01-31,1082.3703285922786,1084.9377325667872,1063.740093440895,1069.5791015625,22691594,1120.9748229980469,1160.5152075195313,1113.4076752264907,17.91383907952978,-24.292797799542996,-19.04276650288527,-0.0025004678985186546,1088.7547398254762,1114.8597961951414,1101.8072680103087,1148.712295662201,1136.98876953125,0,0,1,0,46.9050276518924,67.40966796875,1185.2775697256468,1120.9748229980469,1056.672076270447,0.10036138383582545,11.472647807668373,-51.395721435546875,0,0,0,0.02564184170833997,0
2023-02-01,1081.438989315294,1081.438989315294,1047.3819702702858,1063.240478515625,19347800,1116.0412292480469,1158.4690649414063,1108.629846968313,19.004939181190338,-25.23997961721375,-20.282209125750967,-0.005926277951406433,1086.4941717353854,1114.8597961951414,1100.6769839652634,1148.712295662201,1146.917236328125,0,0,1,0,48.0353116969377,83.6767578125,1182.1393114678897,1116.0412292480469,1049.943147028204,0.10058787668902322,11.845096845459302,-52.800750732421875,0,0,0,0.00022649285319777113,0
2023-02-02,1053.2890475640809,1066.920892525141,1050.1083077780725,1057.35595703125,13662663,1111.6881103515625,1156.3779370117188,1103.7466193552593,22.059237134308404,-26.16385905582638,-21.45853911176605,-0.005534516041554638,1085.0968890491706,1114.8597961951414,1099.978342622156,1148.712295662201,1156.3006591796875,0,0,1,0,48.73395304004498,98.9447021484375,1181.120797941322,1111.6881103515625,1042.255422761803,0.10874225666351846,12.491396992237691,-54.3321533203125,0,0,0,0.008154379974495238,1
2023-02-03,1067.3753725425988,1067.3753725425988,1041.929212987467,1058.2874755859375,24699575,1107.4838073730468,1154.1050463867186,1099.4171770915143,23.02466192334559,-26.515223414413185,-22.469875972295476,0.0008809886098366526,1081.2798965292773,1113.0421703419524,1097.1610334356149,1146.8946698090122,1156.187255859375,0,0,1,0,49.7336363733973,97.8997802734375,1179.1231816820257,1107.4838073730468,1035.844433064068,0.15663901826580198,12.93732221311796,-49.19633178710933,0,0,0,0.047896761602283525,0
2023-02-06,1051.9259524136774,1054.6523697762398,1047.7455820077842,1050.3128662109375,14837879,1102.361639404297,1151.3227807617188,1094.7405760552688,23.570588228997067,-27.124492267557798,-23.400799231347943,-0.007535390486015814,1076.156558676454,1113.0421703419524,1094.5993645092033,1146.8946698090122,1155.66455078125,0,0,1,0,52.29530529980889,105.3516845703125,1174.9635571825847,1102.361639404297,1029.7597216260092,0.14154684348486246,13.172068980470145,-52.048773193359466,0,0,0,-0.015092174780939521,0
2023-02-07,1050.5628652677376,1057.560517598404,1041.929290402716,1047.791015625,15135435,1095.7524536132812,1147.6726171875,1090.2691893476242,11.023541936913858,-27.493901902745165,-24.219419765627386,-0.002401047028049108,1069.579289249724,1113.0421703419524,1091.3107297958381,1146.8946698090122,1157.4366455078125,0,0,1,0,55.583940013174015,109.6456298828125,1162.738611157235,1095.7524536132812,1028.7662960693274,0.14200485781849262,12.226512899526654,-47.961437988281205,0,0,0,0.00045801433363015787,1
2023-02-08,1051.017186057536,1072.3284093286718,1048.290888887822,1068.7159423828125,21160332,1091.0619567871095,1144.3986962890624,1088.2164991604993,26.72993225618184,-25.800779660143235,-24.535691744530556,0.019970515537710565,1063.433472777127,1113.0421703419524,1088.2378215595397,1146.8946698090122,1170.477783203125,0,0,1,0,58.65684824947243,101.7618408203125,1151.5069630608284,1091.0619567871095,1030.6169505133905,0.3151541725125699,11.080031871281369,-22.346014404296966,0,0,0,0.17314931469407727,1
2023-02-09,1069.3974980927496,1077.3039157739506,1060.559478401166,1070.578857421875,13172763,1087.1973083496093,1140.9880004882812,1086.5367237568207,28.12968187320513,-24.03162479846287,-24.43487835531702,0.0017431339471822849,1063.433472777127,1113.0421703419524,1088.2378215595397,1146.8946698090122,1161.912353515625,0,0,1,0,58.65684824947243,91.33349609375,1142.263595434053,1087.1973083496093,1032.1310212651656,0.3491050349713059,10.129952799098744,-16.61845092773433,0,0,0,0.03395086245873602,0
2023-02-10,1070.0562610401787,1070.0562610401787,1054.788494567728,1061.7635498046875,10790445,1084.1312683105468,1137.4741552734374,1084.1773738566176,29.231936890040757,-23.074885559503628,-24.162879796154343,-0.008234150670989537,1063.433472777127,1113.0421703419524,1088.2378215595397,1146.8946698090122,1144.4183349609375,0,0,1,0,58.65684824947243,82.65478515625,1137.6709061672946,1084.1312683105468,1030.591630453799,0.29111066677638847,9.87696590288021,-22.36771850585933,0,0,0,-0.057994368194917434,0
2023-02-13,1063.3767549774948,1067.8298390073717,1051.267130813873,1055.72021484375,10352493,1080.8539428710938,1133.8498950195312,1081.4671682363444,29.12359267746554,-22.54443127447348,-23.839190091818175,-0.00569178981709173,1061.6841011513807,1113.0421703419524,1087.3631357466666,1146.8946698090122,1142.37353515625,0,0,1,0,59.5315340623456,86.6533203125,1132.9035207474565,1080.8539428710938,1028.804364994731,0.2585597323474382,9.631195448684286,-25.13372802734375,0,0,0,-0.032550934428950296,1
2023-02-14,1058.7193818882065,1082.325177803188,1055.8566674193971,1080.5985107421875,14321920,1079.3544494628907,1131.0839916992188,1081.3844389511867,43.61833964137471,-19.88732318718735,-23.048816710892012,0.02356523589170778,1062.1271953953274,1113.0421703419524,1087.58468286864,1145.3043038966794,1152.7562255859375,0,0,1,0,57.719621028039455,72.15771484375,1129.587410226032,1079.3544494628907,1029.1214886997493,0.512382918111903,9.307963808948642,1.2440612792968295,0,0,0,0.2538231857644648,1
2023-02-15,1079.6440602664363,1107.4531801088635,1078.2809718116707,1105.0675048828125,33503591,1078.290020751953,1128.7370361328126,1083.639969039913,57.79175324829407,-15.62696463251541,-21.564446295216694,0.022643927321183366,1074.6911965481654,1113.0421703419524,1093.866683445059,1138.2043424579156,1179.9747314453125,0,0,0,0,44.33765901285665,74.9072265625,1125.292360259429,1078.290020751953,1031.2876812444772,0.7848526734142709,8.71794018360635,26.77748413085942,0,0,0,0.27246975530236794,0
2023-02-16,1113.019527781497,1119.5401413378129,1101.9322491792432,1104.2042236328125,17264487,1077.2755859375,1126.7336059570312,1085.598469477332,66.93465590652734,-12.179857549709368,-19.68752854611523,-0.0007812022760469439,1080.7347158702646,1102.1367521868033,1091.435734028534,1133.7171859150458,1162.52587890625,0,0,0,0,42.28145188651183,58.3216552734375,1121.0073959966983,1077.2755859375,1033.5437758783016,0.8078838682741479,8.118964289187094,26.928637695312545,0,0,0,0.023031194859877036,1
2023-02-17,1099.6375221146495,1112.1334412904273,1095.3661670147735,1108.8162841796875,11809520,1076.551953125,1124.8337768554688,1087.8096899251752,65.38535440562832,-8.972417169985874,-17.54450627088936,0.00417681842558193,1080.7347158702646,1096.3431339863496,1088.538924928307,1133.262776608502,1147.871826171875,0,0,0,0,44.72385168019491,39.0555419921875,1117.6115927247417,1076.551953125,1035.4923135252582,0.8928959358777524,7.627990359509253,32.264331054687545,0,0,0,0.08501206760360447,0
2023-02-20,1110.9973346913089,1113.1557282640592,1095.1389471665602,1097.0928955078125,8836937,1075.9101135253907,1123.06435546875,1088.6938047425692,60.760721668679786,-7.292414633543103,-15.49408794342011,-0.010572886454808916,1083.9155151128175,1086.9371139722873,1085.4263145425525,1126.4468688732986,1123.0843505859375,0,0,0,0,41.02055433074611,25.991455078125,1115.227000535521,1075.9101135253907,1036.5932265152603,0.7693852895444633,7.3085821047452235,21.18278198242183,0,0,0,-0.12351064633328912,1
2023-02-21,1101.4551746278107,1111.8152960708703,1096.161352929149,1106.0445556640625,13311592,1075.9964538574218,1121.4376220703125,1090.3462572112828,66.40547730375474,-5.178976341717089,-13.431065623079506,0.008159436810596166,1085.403636075843,1086.9371139722873,1086.1703750240652,1125.310967965344,1121.2667236328125,0,0,0,0,39.14059294127878,15.22216796875,1115.5692469764251,1075.9964538574218,1036.4236607384184,0.8796560646639225,7.355561995977926,30.048101806640716,0,0,0,0.11027077511945926,0
2023-02-22,1102.34116225432,1104.181409716533,1079.2124090771258,1080.9617919921875,11024335,1075.1546813964844,1119.201083984375,1089.452498618988,57.88675607048442,-5.465033171328059,-11.837859132729218,-0.022677896241544704,1085.403636075843,1086.9371139722873,1086.1703750240652,1120.5283441144295,1110.58837890625,0,0,1,0,34.35796909036435,29.6265869140625,1113.5349847101286,1075.1546813964844,1036.7743780828403,0.5756522238535652,7.139494247245095,5.8071105957030795,0,0,0,-0.30400384081035736,0
2023-02-23,1080.5530912531344,1088.1642003254076,1072.9874144624137,1075.7818603515625,9851910,1074.8127502441407,1116.9472827148438,1088.1505330697094,55.68356313889224,-6.040086109775984,-10.678304528138572,-0.004791965524589492,1085.403636075843,1086.9371139722873,1086.1703750240652,1120.5283441144295,1126.3560791015625,0,0,1,0,34.35796909036435,50.57421875,1113.042464414893,1074.8127502441407,1036.5830360733885,0.5126748280551259,7.113744075341209,0.969110107421784,0,0,0,-0.0629773957984393,1
2023-02-24,1077.8266482510571,1088.8003468562931,1076.009116649248,1083.14306640625,9434053,1075.8658203125,1115.1783203125,1087.6736314827133,60.70853218512269,-5.83457455451321,-9.7095585334135,0.006842656793154989,1087.6984043786051,1084.6765458821965,1086.1874751304008,1120.5283441144295,1124.492919921875,1,0,1,0,34.3408689840287,41.349853515625,1113.7938830981773,1075.8658203125,1037.937757526823,0.5959348508632245,7.050705035812078,7.277246093749909,0,0,0,0.08326002280809863,0
2023-02-27,1082.3705449963545,1085.8467152410444,1068.6024012348664,1075.9407958984375,11199715,1076.0498474121093,1113.3811865234375,1086.556218569925,58.909831055418735,-6.181610447115645,-9.00396891615393,-0.006649417543435732,1094.0712712863397,1083.2792631959817,1088.6752672411608,1119.176486133646,1123.2889404296875,1,0,1,0,30.501218892485213,47.34814453125,1113.9418463726608,1076.0498474121093,1038.1578484515578,0.498561021895607,7.042796214632892,-0.10905151367182953,0,0,0,-0.09737382896761748,0
2023-02-28,1070.6016220746749,1075.55458156191,1051.3126158801915,1055.356689453125,21994038,1075.3387268066406,1110.8661059570313,1083.5848348445156,45.76245197672735,-8.025095943257838,-8.808194321574712,-0.019131263099029794,1085.4263786090023,1081.2798965292773,1083.3531375691398,1119.176486133646,1109.9296875,1,0,1,0,35.823348564506205,54.572998046875,1114.2109284687203,1075.3387268066406,1036.4665251445608,0.24297780291400028,7.229759459610623,-19.98203735351558,0,0,0,-0.25558321898160674,1
2023-03-01,1065.1034156724895,1065.7850199744744,1055.6746563210354,1065.0579833984375,11551145,1075.4296020507813,1108.3405737304688,1081.8203728020321,48.33173861113837,-8.604075707353104,-8.767370598730391,0.009192431376295662,1082.2341720721254,1080.7346771626399,1081.4844246173825,1119.176486133646,1104.3177490234375,1,0,1,0,37.69206151626349,39.259765625,1114.1966014636873,1075.4296020507813,1036.6626026378754,0.36623134612668773,7.209583842397417,-10.371618652343841,0,0,0,0.12325354321268744,0
2023-03-02,1061.9226969308686,1068.5796069332716,1054.9249246750653,1056.947021484375,9333535,1075.4091552734376,1105.9918017578125,1079.4514822003505,48.53835137503954,-9.606668487668003,-8.935230176517914,-0.007615512057082219,1082.2341720721254,1080.7346771626399,1081.4844246173825,1119.176486133646,1097.7972412109375,1,0,1,0,37.69206151626349,40.8502197265625,1114.2146754892235,1075.4091552734376,1036.6036350576517,0.2621197488604692,7.216884852708749,-18.46213378906259,0,0,0,-0.10411159726621855,1
2023-03-03,1067.443561368033,1087.5733043694927,1063.9902277008234,1083.9154052734375,14643807,1076.6905517578125,1104.2432861328125,1079.8766177311206,57.59206290458406,-8.131373885223866,-8.774458918259105,0.025515360033077306,1081.563955975531,1080.7346771626399,1081.1493165690854,1119.176486133646,1082.6204833984375,1,0,0,0,38.02716956456061,-1.294921875,1114.8368669948748,1076.6905517578125,1038.5442365207502,0.5946992320323179,7.08584563592284,7.224853515625,0,0,0,0.3325794831718487,1
2023-03-06,1090.5495987349282,1101.727741256493,1090.5495987349282,1094.5028076171875,10171916,1078.900048828125,1103.3935668945312,1081.2695881964603,54.05615024677905,-6.038271956910648,-8.227221525989414,0.009767738600485298,1077.7470127983622,1080.7346771626399,1079.2408449805012,1113.0421703419524,1062.0816650390625,0,0,0,0,33.80132536145129,-32.421142578125,1115.7770428724946,1078.900048828125,1042.0230547837552,0.7115513912317482,6.836035290650801,15.602758789062591,0,0,0,0.11685215919943026,1
2023-03-08,1094.5027369272827,1099.1831022898905,1083.7336057675889,1098.433349609375,15782657,1081.4321655273438,1102.4238891601562,1082.9042321405475,47.80121035183385,-4.016017558348949,-7.3849807324613215,0.0035911666601793346,1076.520178568342,1080.7346771626399,1078.627427865491,1113.0421703419524,1072.26025390625,0,0,0,0,34.41474247646147,-26.173095703125,1116.3180051811373,1081.4321655273438,1046.5463258735504,0.7436688388576946,6.4517850986579335,17.00118408203116,0,0,0,0.03211744762594648,0
2023-03-09,1097.8201071650074,1098.2289976932168,1070.1474010143947,1072.0330810546875,16235128,1081.5980224609375,1100.7385375976562,1081.8688844180847,40.8810010532595,-4.491867956336137,-6.806358177236285,-0.024034474703518383,1076.520178568342,1080.7346771626399,1078.627427865491,1113.0421703419524,1069.5791015625,0,0,1,0,34.41474247646147,-2.4539794921875,1116.27135321864,1081.5980224609375,1046.924691703235,0.36207062896423314,6.411500398051927,-9.56494140625,0,0,0,-0.3815982098934615,0
2023-03-10,1063.967514713159,1065.1034417835135,1051.9486346812796,1055.4248046875,13334091,1080.8403198242188,1098.7232885742187,1079.3504006342196,35.82971935015041,-6.138372588536413,-6.6727610594963105,-0.015492317038246606,1076.520178568342,1080.7346771626399,1078.627427865491,1113.0421703419524,1063.240478515625,0,0,1,0,34.41474247646147,7.815673828125,1117.0710592423122,1080.8403198242188,1044.6095804061254,0.1492548103499866,6.704179841104703,-25.415515136718795,0,0,0,-0.21281581861424653,0
2023-03-13,1058.287501818403,1065.10342470485,1033.750107312473,1038.06689453125,12771592,1079.6554870605469,1096.3713354492188,1075.4186381482225,34.789228352361704,-8.743092724935195,-7.0868273925840874,-0.016446373137297576,1067.738924284483,1076.645124325143,1072.192024304813,1108.9526175044555,1057.35595703125,0,0,1,0,36.76059319964247,19.2890625,1119.6577334406356,1079.6554870605469,1039.653240680458,-0.019828213322511307,7.410187204994114,-41.588592529296875,0,1,0,-0.16908302367249792,0
2023-03-14,1036.0221323528851,1047.359288248378,1031.0465769110588,1034.181884765625,16027522,1078.5785705566407,1093.906240234375,1071.4913283022609,30.984719919016158,-10.994106799144447,-7.868283273896159,-0.0037425427841808467,1066.3871590837757,1075.293359124436,1070.8402591041058,1107.6008523037485,1058.2874755859375,0,0,1,0,36.7605931996427,24.1055908203125,1122.104780691968,1078.5785705566407,1035.0523604213133,-0.00999944232431365,8.071031879089537,-44.39668579101567,0,1,0,0.009828770998197657,0
2023-03-15,1037.8851690827282,1044.3375136051593,1012.120862693993,1016.5057983398438,21728555,1075.3739349365235,1090.8268005371094,1066.254611162983,32.24877503508904,-14.0424910245938,-9.103124824035689,-0.017091854620705504,1056.924301975243,1065.830502015903,1061.377401995573,1098.1379951952156,1050.3128662109375,0,0,1,0,36.76059319964247,33.80706787109375,1126.5915294659308,1075.3739349365235,1024.1563404071162,-0.07468665931665135,9.5255413703942,-58.86813659667973,0,1,0,-0.0646872169923377,0
2023-03-16,1019.20944966423,1024.2077207730244,1000.6700777539616,1011.439208984375,18363159,1070.6925201416016,1087.8173376464845,1061.0340966697825,32.268920227212945,-16.674970226455343,-10.61749390451962,-0.004984319188088726,1051.1989095052272,1060.1051095458872,1055.6520095255573,1092.4126027251998,1047.791015625,0,0,1,0,36.76059319964247,36.351806640625,1127.0553414756557,1070.6925201416016,1014.3296988075474,-0.025641812765554207,10.528292721536907,-59.25331115722656,0,1,0,0.04904484655109714,0
2023-03-17,1020.0047033408912,1023.2763079373278,1005.4413153341552,1010.1670532226562,34014213,1065.9906616210938,1085.1323120117188,1056.1896163414847,29.19147706803622,-18.648908291794896,-12.223776781974674,-0.0012577678919488688,1051.1989095052272,1060.1051095458872,1055.6520095255573,1092.4126027251998,1068.7159423828125,0,0,1,0,36.76059319964247,58.54888916015625,1125.9606316854656,1065.9906616210938,1006.0206915567218,0.03457031628900067,11.251500078466586,-55.8236083984375,0,0,0,0.06021212905455488,0
2023-03-20,1006.4864237654998,1008.758398079038,990.5825434751304,1000.2384643554688,19524589,1060.5617706298829,1082.2896105957032,1050.8609351999594,28.74456363964775,-20.774941975790625,-13.934009820737867,-0.009828660354258334,1044.8828228825105,1055.0613424064716,1049.972082644491,1087.3688355857842,1070.578857421875,0,0,1,0,37.396752941293244,70.34039306640625,1123.620230645087,1060.5617706298829,997.5033106146786,0.02168744479432759,11.891520468016283,-60.32330627441411,0,0,0,-0.012882871494673077,1
2023-03-21,1008.2813118906954,1033.295867476511,1007.3952622768678,1031.3419189453125,21400360,1057.274221801758,1079.8613244628907,1049.0019812709454,43.63330800408547,-19.72269914581898,-15.09174768575409,0.031096039292876076,1044.4057705841735,1055.0613424064716,1049.7335564953225,1087.3688355857842,1061.7635498046875,0,0,1,0,37.63527909046161,30.421630859375,1119.2176863466486,1057.274221801758,995.3307572568672,0.2906776522190478,11.717577761298207,-25.932302856445403,0,0,0,0.2689902074247202,1
2023-03-22,1038.2942074878824,1041.2250703817986,1031.4782836063534,1034.477294921875,10920094,1053.6958587646484,1076.9513757324219,1047.6186778091292,41.60014297229476,-18.423416803456803,-15.758081509294634,0.0030400936090806407,1027.842992629322,1055.0613424064716,1041.4521675178967,1087.3688355857842,1055.72021484375,0,0,1,0,45.916668067887485,21.242919921875,1112.1253457874514,1053.6958587646484,995.2663717418454,0.3355405393575245,11.09038942058776,-19.218563842773392,0,0,0,0.04486288713847669,0
2023-03-23,1030.569386905087,1031.4327203269945,1019.2322313496288,1021.390625,16249370,1050.717300415039,1074.128670654297,1045.1207680177836,40.49328343643662,-18.239457961431526,-16.254356799722014,-0.012650514405793012,1027.8429840899903,1055.0613424064716,1041.452163248231,1087.3688355857842,1080.5985107421875,0,0,1,0,45.91667233755311,59.2078857421875,1109.3565118451372,1050.717300415039,992.0780889849409,0.24993971866420467,11.161748532537791,-29.326675415039062,0,0,0,-0.08560082069331981,0
2023-03-24,1020.231887763167,1022.3902814688944,998.7617116838696,1001.1699829101562,12375945,1046.9867065429687,1071.1946337890624,1040.9349789599144,27.04818202164786,-19.500516266596378,-16.90358869309689,-0.019797168286955547,1018.9709158617543,1055.0613424064716,1037.0161291341128,1087.3688355857842,1105.0675048828125,0,0,1,0,50.35270645167134,103.89752197265625,1108.209485767813,1046.9867065429687,985.7639273181245,0.12581963598428048,11.695044233559551,-45.816723632812455,0,0,0,-0.12412008267992419,1
2023-03-27,1007.6224783212152,1024.2078438429432,999.7614322476102,1016.7330322265624,14054323,1043.6662048339845,1069.067607421875,1038.6300316519762,29.00776438242775,-19.024799993076613,-17.327830953092835,0.015544862093416212,1017.4600285401448,1051.8691358695949,1034.66458220487,1076.463417430635,1104.2042236328125,0,0,1,0,41.79883522576506,87.47119140625011,1103.8802086855183,1043.6662048339845,983.4522009824507,0.27635457796636764,11.53893909233403,-26.93317260742208,0,0,0,0.15053494198208717,1
2023-03-28,1020.1183586375284,1025.3439120336418,1016.4831753805086,1021.4815673828124,12576424,1040.9432434082032,1067.071904296875,1036.9968445787226,29.31988665105567,-18.056480450155732,-17.473560852505415,0.0046703854460703464,1015.9038069284645,1051.8691358695949,1033.8864713990297,1070.669799230181,1108.8162841796875,0,0,1,0,36.78332783115138,87.33471679687511,1099.9870404255003,1040.9432434082032,981.8994463909062,0.33519288216093657,11.344287479878124,-19.46167602539083,0,0,0,0.058838304194568924,0
2023-03-29,1017.3918775634876,1020.0274303318192,1004.7142894261992,1015.4380493164062,18804065,1038.9473114013672,1065.168897705078,1034.9436259823115,32.922014129420575,-17.574157685926593,-17.493680219189653,-0.0059164240054674355,1015.9038069284645,1051.1989197730004,1033.5513633507326,1061.263779216119,1097.0928955078125,0,0,1,0,27.712415865386447,81.65484619140625,1098.6028936017797,1038.9473114013672,979.2917292009547,0.302958405418107,11.483851307136456,-23.509262084960938,0,0,0,-0.03223447674282959,1
2023-03-31,1024.6622202928695,1064.8535577563764,1024.5259234682055,1059.218994140625,28171201,1038.6553619384765,1063.8261560058593,1037.2555658069127,50.98362066837597,-13.503497156055118,-16.695643606562747,0.04311532826024411,1027.7180506157533,1047.3819765958317,1037.5500136057926,1061.263779216119,1106.0445556640625,0,0,0,0,23.71376561032639,46.8255615234375,1097.8523410463933,1038.6553619384765,979.4583828305597,0.6736881890937435,11.398772158155632,20.563632202148483,0,0,0,0.3707297836756365,1
2023-04-03,1065.5579119993613,1067.3754434349298,1051.9259454677697,1059.4007568359375,10293043,1038.7780487060547,1062.5243127441406,1039.3646316192007,56.07136802494596,-10.145847612443731,-15.385684407738946,0.00017160067589228056,1033.0685775593997,1046.1551423658116,1039.6118599626056,1061.263779216119,1080.9617919921875,0,0,0,0,21.65191925351337,21.56103515625,1098.1361100577624,1038.7780487060547,979.419987354347,0.6737144682648022,11.428439679803896,20.622708129882767,0,0,0,2.6279171058685158e-05,0
2023-04-05,1066.9210129823457,1066.9210129823457,1048.995215362799,1056.856201171875,16262928,1037.4250885009765,1061.1956579589844,1041.030495386122,56.502456432197654,-7.602572808030118,-13.829062087797181,-0.0024018820523238338,1033.0685775593997,1046.1551423658116,1039.6118599626056,1061.263779216119,1075.7818603515625,0,0,0,0,21.65191925351337,18.9256591796875,1093.762865967826,1037.4250885009765,981.0873110341269,0.6724518923588377,10.861078663184177,19.43111267089853,0,0,0,-0.0012625759059644581,1
2023-04-06,1053.357178265841,1069.6472916141736,1053.357178265841,1063.944580078125,18435046,1035.8971771240235,1060.275955810547,1043.2127891663129,64.48386631498563,-4.957884854124359,-12.054826641062617,0.006707041978265549,1034.2045016490215,1046.1551423658116,1040.1798220074165,1059.0032111260282,1083.14306640625,0,1,0,0,18.823389118611658,19.198486328125,1087.4111616330986,1035.8971771240235,984.3831926149484,0.7722309604022232,9.945771770919219,28.04740295410147,0,0,0,0.09977906804338543,0
2023-04-10,1067.829873819937,1068.0116029231133,1054.902227914822,1056.4017333984375,12961408,1033.7955963134766,1059.317635498047,1044.4688790931818,63.52333824334984,-3.4310443421320542,-10.330070181276504,-0.007089510883295902,1034.2045016490215,1046.1551423658116,1040.1798220074165,1057.6059284398134,1075.9407958984375,0,0,0,0,17.426106432396864,19.5390625,1077.8178273356177,1033.7955963134766,989.7733652913355,0.7567581942131814,8.516621889109365,22.606137084960892,0,0,0,-0.015472766189041809,1
2023-04-11,1060.559540630498,1063.7402807994256,1056.0383079017138,1061.6273193359375,10542367,1033.275308227539,1058.594237060547,1046.1030162591585,65.11812805433257,-1.7788456970711195,-8.619825284435429,0.0049465897037950235,1034.704361930892,1046.1551423658116,1040.4297521483518,1055.606561773109,1055.356689453125,0,1,0,0,15.176809624757198,-6.2706298828125,1075.694336255185,1033.275308227539,990.856280199893,0.834189777874219,8.210595509227979,28.35201110839853,0,0,0,0.07743158366103764,1
2023-04-12,1061.6272515959452,1075.9179854968688,1058.7646577412916,1066.3076171875,18179087,1033.8194488525392,1058.267979736328,1048.0272639666196,70.0275562827918,-0.09075922976694528,-6.914012073501732,0.004408607207367465,1040.316137461534,1046.1551423658116,1043.235639913673,1055.0613424064716,1065.0579833984375,0,1,0,0,11.825702492798655,-1.2496337890625,1077.617807624192,1033.8194488525392,990.0210900808863,0.8708833989001871,8.473115652886134,32.48816833496085,0,0,0,0.03669362102596807,1
2023-04-13,1069.1930541875877,1075.0093475188144,1064.1947822733791,1070.3291015625,12378208,1035.4325592041016,1058.432928466797,1050.1512484995606,64.13976176288034,1.5536521033604913,-5.220479238129288,0.00377141109205148,1040.316137461534,1046.1551423658116,1043.235639913673,1055.0613424064716,1056.947021484375,0,1,0,0,11.825702492798655,-13.382080078125,1082.025160766011,1035.4325592041016,988.8399576421923,0.8744858753168148,8.999640034059446,34.89654235839839,0,0,0,0.003602476416627698,1
2023-04-17,1101.8866740573628,1101.8866740573628,1067.3980510351955,1075.7589111328125,17929479,1037.511410522461,1058.502901611328,1052.5900735122511,64.72680558277268,3.257450326053913,-3.5248933252926484,0.005073028064345619,1063.2062987627842,1046.2346087662465,1054.7204537645152,1055.0613424064716,1083.9154052734375,1,1,0,0,0.34088864195632596,8.156494140625,1087.2960881226716,1037.511410522461,987.7267329222502,0.8841292386936113,9.596940736322225,38.24750061035161,0,0,0,0.009643363376796499,0
2023-04-18,1080.098395721067,1080.098395721067,1056.9242116194696,1063.44482421875,10405576,1039.8583618164062,1058.3802160644532,1053.6238592938225,65.08557195979145,3.572892708796644,-2.10533611847479,-0.011446883485348391,1075.4409447100809,1046.2346087662465,1060.8377767381637,1055.0613424064716,1094.5028076171875,1,1,0,1,5.776434331692144,31.0579833984375,1089.8857807265158,1039.8583618164062,989.8309429062965,0.735735351894973,9.621967903921576,23.58646240234384,0,0,0,-0.1483938867986383,1
2023-04-19,1062.8542061722762,1071.4195123263064,1059.741614492453,1068.7386474609375,12273475,1042.7233337402345,1058.4901794433595,1055.0633629287859,77.14501912824635,4.201616740706413,-0.8439455466385493,0.004977995211060016,1075.4409447100809,1046.2346087662465,1060.8377767381637,1055.0613424064716,1098.433349609375,1,1,0,1,5.776434331692144,29.6947021484375,1092.4746645420753,1042.7233337402345,992.9720029383935,0.7614534455803993,9.542575521616751,26.015313720703034,0,0,0,0.025718093685426324,0
2023-04-20,1069.692811176778,1071.9193532094926,1059.6961482625013,1066.034912109375,7007330,1045.5167266845704,1058.6637585449218,1056.1082723745562,72.08878149946082,4.430642529790703,0.21097206864730111,-0.0025298377278542006,1077.621926161602,1046.2346087662465,1061.9282674639244,1055.0613424064716,1072.0330810546875,1,1,0,1,6.866925057452818,5.9981689453125,1093.897367409685,1045.5167266845704,997.1360859594556,0.7120495421028343,9.254876462576396,20.518185424804642,0,0,0,-0.04940390347756496,1
2023-04-21,1068.1252410633845,1072.8282030082607,1061.6500596936005,1067.37548828125,7647317,1048.8735778808593,1058.8455187988282,1057.181340556146,71.20959625591226,4.666527585892027,1.1020831720962463,0.0012575349612353737,1078.3944509860926,1046.2346087662465,1062.3145298761697,1055.0613424064716,1055.4248046875,1,1,0,1,7.253187469698105,-11.95068359375,1093.3836832610543,1048.8735778808593,1004.3634725006643,0.7078394360376328,8.48722025587165,18.50191040039067,0,0,0,-0.004210106065201558,1
2023-04-24,1079.1897769115358,1081.8706418346944,1066.9210188410907,1071.465087890625,12936186,1050.879736328125,1059.268563232422,1058.541697445144,76.36877044918549,5.124393879757463,1.9065453136284898,0.0038314535552623763,1078.9624909795384,1046.2346087662465,1062.5985498728924,1055.0613424064716,1038.06689453125,1,1,0,1,7.537207466420796,-33.398193359375,1095.664267653034,1050.879736328125,1006.0952050032164,0.7298265824549387,8.523245767663237,20.58535156249991,0,0,0,0.021987146417305925,1
2023-04-25,1075.1000833366595,1081.7342770992536,1068.0569991057368,1079.666748046875,9236126,1053.139208984375,1059.9060778808594,1060.5536070262613,64.46948337341405,6.078986870267499,2.741033624956292,0.007654621927436267,1079.405442838416,1046.2346087662465,1062.8200258023312,1055.0613424064716,1034.181884765625,1,1,0,1,7.758683395859634,-45.48486328125,1098.9340096846333,1053.139208984375,1007.3444082841168,0.7896348347067961,8.696818105257295,26.527539062499955,0,0,0,0.059808252251857374,0
2023-04-26,1081.0073822687018,1084.2336751201349,1069.6702254865136,1073.328125,8617834,1055.736083984375,1059.9983215332031,1061.770227785665,59.06551887984312,6.251966014417576,3.443220102848549,-0.0058709069797153735,1079.405442838416,1046.2346087662465,1062.8200258023312,1055.0613424064716,1016.5057983398438,1,1,0,1,7.758683395859634,-56.82232666015625,1099.8961641596702,1055.736083984375,1011.5760038090798,0.6991848853737662,8.365742318598022,17.592041015625,0,0,0,-0.09044994933302986,1
2023-04-27,1079.1898559504257,1083.2793621459462,1074.191463763707,1080.121337890625,9167125,1059.6836517333984,1060.189171142578,1063.5179525575659,64.34990678749656,6.858152229577399,4.126206528194319,0.006329111044793612,1079.405442838416,1046.2346087662465,1062.8200258023312,1055.0613424064716,1011.439208984375,1,1,0,1,7.758683395859634,-68.68212890625,1097.249803531022,1059.6836517333984,1022.1174999357747,0.7720226211527933,7.090069142082939,20.437686157226608,0,0,0,0.07283773577902708,1
2023-04-28,1082.3706745336378,1101.4099263842236,1082.2570938243375,1099.8648681640625,15565210,1063.8402435302735,1060.9511975097657,1066.9795635677083,69.16384997622909,8.829911340423223,5.0669474906401,0.018278992906477276,1079.1670690018466,1046.2346087662465,1062.7008388840466,1055.0613424064716,1010.1670532226562,1,1,0,1,7.639496477574994,-89.69781494140625,1099.8410994504334,1063.8402435302735,1027.8393876101136,1.0003301131740012,6.768094389942192,36.02462463378902,1,0,0,0.22830749202120793,1
2023-05-02,1106.9986888116582,1111.3609082117491,1103.3180737047812,1109.2025146484375,12981805,1068.2262908935547,1062.0208435058594,1071.0007970039683,77.64043105739934,11.018994564592504,6.257356905430581,0.008489812480293013,1085.528528237125,1055.0613099478094,1070.2949190924674,1055.0613424064716,1000.2384643554688,1,1,0,1,15.233576685995786,-108.96405029296875,1103.888702762339,1068.2262908935547,1032.5638790247704,1.0745015775384168,6.6769395535010325,40.97622375488277,1,0,0,0.07417146436441557,0
2023-05-03,1110.9975466381402,1110.9975466381402,1096.4796487993451,1099.68310546875,7061872,1072.438543701172,1062.4025354003907,1073.7324454291856,69.06459333947308,11.849132602646478,7.37571204487376,-0.00858221024021455,1085.528528237125,1055.0613099478094,1070.2949190924674,1055.0613424064716,1031.3419189453125,1,1,0,1,15.233576685995786,-68.3411865234375,1101.4458164499138,1072.438543701172,1043.4312709524302,0.969616051180816,5.409591611400436,27.244561767578034,0,0,1,-0.10488552635760084,1
2023-05-04,1100.1602273210067,1114.564543965556,1097.1839321641876,1112.3607177734375,8635233,1075.0956298828125,1062.5483996582032,1077.4113285095907,71.35948329647609,13.375812302320128,8.575732096363033,0.011528423271796706,1088.1073018295783,1056.6631278247128,1072.3852148271455,1055.0613424064716,1034.477294921875,1,1,0,1,17.32387242067398,-77.8834228515625,1108.2164110153244,1075.0956298828125,1041.9748487503007,1.0625635419275328,6.16145768095478,37.265087890624955,1,0,1,0.09294749074671682,0
2023-05-05,1109.1798878043744,1118.4267984938415,1106.9079133744922,1109.5206298828125,8746585,1077.6016235351562,1062.654727783203,1080.4693572118024,68.37848141698694,14.192938248939754,9.699173326878377,-0.0025532076468053333,1092.673908667466,1058.5942550888556,1075.634081878161,1055.0613424064716,1021.390625,1,1,0,1,20.572739471689374,-88.1300048828125,1113.0926990766768,1077.6016235351562,1042.1105479936357,0.9496765153019188,6.58704938195793,31.91900634765625,0,0,0,-0.112887026625614,1
2023-05-08,1113.2692311404735,1128.5597141757223,1110.6110827431748,1123.2205810546875,9153782,1080.9198425292968,1062.942813720703,1084.5409023396962,70.65462682000152,15.76426735189466,10.912192131881634,0.012347630862277859,1098.3083566407295,1064.1605732116664,1081.234464926198,1059.5711288254263,1001.1699829101562,1,1,0,1,21.66333610077163,-122.05059814453125,1120.2354562361845,1080.9198425292968,1041.6042288224091,1.0379636044951273,7.274473491927242,42.30073852539067,1,0,0,0.08828708919320849,1
2023-05-09,1124.6293700397016,1129.9913407668837,1119.2902356444074,1126.6968994140625,6464721,1084.0574584960937,1063.534893798828,1088.5557592039215,79.82019062878032,17.093029027015746,12.148359510908458,0.0030949560736421855,1099.8307831266986,1067.3528150965415,1083.59179911162,1060.286942121007,1016.7330322265624,1,1,0,1,23.30485699061296,-109.96386718750011,1127.2756818015214,1084.0574584960937,1040.839235190666,0.9933039544063558,7.9734192992655775,42.63944091796884,0,0,0,-0.044659650088771485,1
2023-05-10,1131.4452030936898,1135.9210031175069,1127.4464419348942,1134.4442138671875,10872255,1087.9595825195313,1064.1028869628906,1092.9260882194706,80.2764740558078,18.557308654473673,13.430149339621503,0.006876130090669452,1105.0562334406068,1070.317646271853,1087.6869398562299,1063.2517732963186,1021.4815673828124,1,1,0,1,24.435166559911295,-112.96264648437511,1134.4537298429368,1087.9595825195313,1041.4654351961258,0.999897664799796,8.547035766849516,46.484631347656205,0,0,0,0.006593710393440255,0
2023-05-11,1135.512161983066,1140.3059886325332,1125.333648666361,1127.0377197265625,10557860,1091.2301025390625,1065.024405517578,1096.1748150296698,76.94183838616914,18.902225540500694,14.524564579797342,-0.0065287424891322665,1111.2815412284353,1082.4159560503695,1096.8487486394024,1065.4442660538318,1015.4380493164062,1,1,0,1,31.404482585570577,-111.59967041015625,1139.0387113368326,1091.2301025390625,1043.4214937412924,0.8744892194935623,8.762333202966008,35.8076171875,0,0,0,-0.12540844530623374,1
2023-05-12,1122.2664514997994,1130.2638545526538,1116.2229969798393,1128.8779296875,6955341,1094.3586181640626,1066.0863269042968,1099.2893973780347,77.04315284812233,19.103846966146648,15.440421057067205,0.0016327847140591434,1118.392818715939,1094.650601997666,1106.5217103568025,1065.4442660538318,1059.218994140625,1,1,0,1,41.07744430297066,-69.658935546875,1143.4071488015313,1094.3586181640626,1045.3100875265939,0.8518893540214201,8.963886211222862,34.51931152343741,0,0,0,-0.02259986547214221,1
2023-05-15,1131.3999221918086,1138.0567125858795,1123.7886933664054,1131.1044921875,6833343,1097.3973876953125,1067.0455554199218,1102.3194064075076,76.66076589279945,19.221722334203832,16.196681312494533,0.0019723678189158544,1118.392818715939,1094.650601997666,1106.5217103568025,1065.4442660538318,1059.4007568359375,1,1,0,1,41.07744430297066,-71.7037353515625,1147.630745084271,1097.3973876953125,1047.164030306354,0.8355051926072978,9.154998536028137,33.707104492187455,0,0,0,-0.016384161414122245,0
2023-05-16,1133.2627523170945,1135.8073202110538,1113.337455190809,1114.99609375,8717229,1099.3592468261718,1067.826661376953,1103.5267099639354,64.75063096563224,17.810023418616538,16.519349733718936,-0.014241300029095627,1118.7449603983605,1096.831583449187,1107.7882719237737,1065.4442660538318,1056.856201171875,1,1,0,1,42.34400586994184,-58.139892578125,1149.1216099828807,1099.3592468261718,1049.5968836694628,0.6571151964245097,9.052975776639327,15.636846923828216,0,0,0,-0.17838999618278817,0
2023-05-17,1119.1764803056624,1120.0852459817609,1103.7271032383842,1108.4073486328125,8798967,1101.607373046875,1068.8876745605469,1103.9915326943046,64.61567412787298,15.975430373766812,16.410565861728514,-0.005909209148014072,1122.0165459354587,1097.6041082736776,1109.8103271045682,1065.4442660538318,1063.944580078125,1,0,0,1,44.366061050736334,-44.4627685546875,1148.665645220204,1101.607373046875,1054.549100873546,0.572250587111351,8.543565216556805,6.7999755859375455,0,0,0,-0.08486460931315865,0
2023-05-18,1113.0649351771951,1116.4502407386783,1102.8864225456616,1106.0218505859375,10525531,1103.471533203125,1069.7069519042968,1104.1848963030316,61.20285920354983,14.165718823507177,15.961596454084248,-0.002152185340360102,1121.5962055890973,1098.1721482671235,1109.8841769281103,1065.4442660538318,1056.4017333984375,1,0,0,1,44.43991087427844,-49.6201171875,1148.0630963697865,1103.471533203125,1058.8799700364636,0.528596411537319,8.082050478859632,2.550317382812409,0,0,0,-0.04365417557403206,1
2023-05-19,1106.021941356128,1111.4292240517473,1099.1150328365684,1109.611572265625,8050447,1105.6503662109376,1070.760242919922,1104.7017225851832,54.900600875227866,12.872780519848448,15.343833267237088,0.003245615516353384,1119.7105107345508,1098.6151001260014,1109.162805430276,1065.4442660538318,1061.6273193359375,1,1,0,1,43.71853937644414,-47.9842529296875,1146.8408766313855,1105.6503662109376,1064.4598557904897,0.5480839641734686,7.450910645760063,3.961206054687409,0,0,0,0.019487552636149652,1
2023-05-22,1106.4534840047638,1120.5397737195674,1105.2494084549478,1115.5413818359375,7434906,1108.058660888672,1071.3927624511718,1105.734071085255,53.30025116685818,12.18612955797721,14.712292525385113,0.00534404085044371,1119.7105107345508,1098.6151001260014,1109.162805430276,1065.4442660538318,1066.3076171875,1,1,0,1,43.71853937644414,-49.2337646484375,1145.47565966717,1108.058660888672,1070.641662110174,0.5999909291437551,6.753613341822412,7.482720947265534,0,0,0,0.05190696497028646,0
2023-05-23,1118.1086413363598,1121.4483940779485,1113.9281511842048,1115.3367919921875,6092034,1110.25224609375,1071.8094421386718,1106.6486159335343,59.0252821918271,11.492961328998717,14.068426286107835,-0.00018339960048208148,1119.7105107345508,1098.6151001260014,1109.162805430276,1065.4442660538318,1070.3291015625,1,1,0,1,43.71853937644414,-45.0076904296875,1143.771805382346,1110.25224609375,1076.7326868051541,0.5758444622535256,6.038188061592181,5.0845458984374545,0,0,1,-0.02414646689022948,0
2023-05-24,1111.4063935962215,1119.630957590089,1105.749113749558,1108.8389892578125,8112254,1111.7108581542968,1072.0175549316407,1106.857222916799,47.81371817955853,10.300563651370112,13.314853759160291,-0.005825866035288563,1118.585872711224,1098.6151001260014,1108.6004864186127,1065.4442660538318,1075.7589111328125,1,1,0,1,43.15622036478089,-33.080078125,1142.179786247533,1111.7108581542968,1081.2419300610607,0.4528721704994627,5.481448322601041,-2.8718688964843295,0,0,1,-0.12297229175406288,0
2023-05-25,1105.9536236071287,1112.8149786046415,1097.842640709934,1108.70263671875,11487863,1113.4795837402344,1072.7509460449219,1107.032976612223,49.474552534552814,9.238086480295806,12.499500303387395,-0.00012296874513206824,1117.9496766479067,1100.0010684475174,1108.9753725477121,1065.4442660538318,1063.44482421875,1,0,0,1,43.531106493880316,-45.2578125,1138.4396529853238,1113.4795837402344,1088.519514495145,0.4043082177661793,4.483255842239574,-4.776947021484375,0,0,1,-0.0485639527332834,1
2023-05-26,1116.904610291511,1140.0787982471202,1113.6102893364032,1138.94287109375,12626260,1116.4206604003907,1074.4213073730468,1110.0720141818922,58.32942074255153,10.712710396345301,12.142142321978977,0.02727533368595325,1118.9607194785272,1100.0010684475174,1109.4808939630223,1065.4442660538318,1068.7386474609375,1,1,0,1,44.03662790919043,-70.2042236328125,1138.681087538542,1116.4206604003907,1094.1602332622394,1.0058800209354328,3.987820707325112,22.522210693359284,1,0,1,0.6015718031692535,1
2023-05-29,1145.5313384612557,1149.6209640491695,1139.260723455887,1145.349609375,10010304,1118.6948974609375,1076.566961669922,1113.4317851526644,59.584319658383414,12.257039191795911,12.165121695942364,0.005625162107645965,1123.7318023795517,1105.635511871385,1114.6836571254685,1070.1017537621499,1066.034912109375,1,1,0,1,44.58190336331859,-79.314697265625,1142.931150595102,1118.6948974609375,1094.4586443267729,1.049893413113613,4.332951404207308,26.654711914062545,1,0,1,0.04401339217818023,0
2023-05-30,1145.3496310598186,1153.1198717474913,1142.50963326853,1145.0543212890625,11342504,1120.4874877929688,1078.7844104003907,1116.4434552608927,55.90392118504994,13.303746301697856,12.392846617093463,-0.0002578148047727158,1125.4812562287125,1110.020445294291,1117.7508507615016,1071.8512076113109,1067.37548828125,1,1,0,1,45.89964315019074,-77.6788330078125,1146.8595416418382,1120.4874877929688,1094.1154339440993,0.9657739900896444,4.7072464683768365,24.56683349609375,0,0,1,-0.08411942302396869,0
2023-05-31,1135.9891655098563,1140.4649655887667,1118.267694287889,1122.311767578125,27107927,1121.6189208984374,1080.9005297851563,1117.002342148248,47.753664981311005,12.15798552138449,12.34587439795167,-0.019861550048852483,1125.4812562287125,1110.588435426614,1118.0348458276633,1071.8512076113109,1071.465087890625,1,1,0,1,46.18363821635239,-50.8466796875,1146.2048069977327,1121.6189208984374,1097.0330347991421,0.5140903337160472,4.383999884666986,0.692846679687591,0,0,1,-0.4516836563735972,0
2023-06-01,1126.969538270473,1129.1279320638168,1116.9046059479208,1119.2901611328125,14592692,1121.9653930664062,1083.057548828125,1117.2202296705875,45.4933642409185,10.880717324402895,12.052842983241916,-0.0026923057679711926,1125.4812562287125,1111.3950486170024,1118.4381524228575,1071.8512076113109,1079.666748046875,1,1,0,1,46.58694481154657,-39.6234130859375,1146.21260698519,1121.9653930664062,1097.7181791476225,0.4448342406976227,4.322274834612224,-2.67523193359375,0,0,1,-0.0692560930184245,0
2023-06-02,1122.811826505655,1128.196393125224,1113.723928040502,1115.63232421875,15800644,1122.270977783203,1085.1668542480468,1117.0690005799363,42.824014312566526,9.464218586336528,11.53511810386084,-0.0032679970226491273,1125.4812562287125,1113.655667755599,1119.5684619921558,1071.8512076113109,1073.328125,1,0,0,1,47.717254380844906,-42.30419921875,1146.0323115170947,1122.270977783203,1098.5096440493114,0.36030553590129233,4.234509170116276,-6.6386535644530795,0,0,1,-0.08452870479633035,1
2023-06-05,1121.085068396339,1128.6053121788443,1117.1090229973545,1125.6517333984375,10908682,1122.3925354003907,1087.6751196289063,1117.8864037055077,55.23792722310831,9.045840893224522,11.037262661733578,0.008980924057308881,1125.4812562287125,1117.6884827859144,1121.5848695073134,1071.8512076113109,1080.121337890625,1,1,0,1,49.73366189600256,-45.5303955078125,1146.1968927373898,1122.3925354003907,1098.5881780633915,0.5684580127895545,4.241716972664546,3.2591979980468295,0,0,1,0.20815247688826222,1
2023-06-06,1128.4689187387337,1130.40003073524,1118.7221336360576,1126.6058349609375,7493309,1122.3879821777343,1089.5803979492186,1118.7168257298345,59.470334137974845,8.691076262373372,10.568025381861537,0.0008475992477881,1125.4812562287125,1124.799760273418,1125.1405082510653,1071.8512076113109,1099.8648681640625,1,1,0,1,53.2893006397544,-26.740966796875,1146.189079085758,1122.3879821777343,1098.5868852697106,0.5886062688518625,4.241153199420973,4.2178527832031705,0,0,1,0.020148256062307968,1
2023-06-07,1130.0820196952836,1135.989176828128,1123.5386905370435,1135.1485595703125,10312545,1122.4231994628906,1091.5938232421875,1120.281752762261,64.24445399622705,8.995554070148273,10.253531119518884,0.007582709359632567,1133.3650805419472,1124.799760273418,1129.0824204076825,1075.9407917156805,1109.2025146484375,1,1,0,1,53.14162869200209,-25.946044921875,1146.297519883897,1122.4231994628906,1098.5488790418842,0.7665072739876865,4.254067526834951,12.72536010742192,0,0,1,0.17790100513582396,1
2023-06-08,1138.7155083681228,1143.6457515710592,1131.899585359948,1135.830078125,12071109,1122.8628173828124,1093.8826123046874,1121.7625456539504,63.19760211179331,9.185957774959434,10.040016450606995,0.000600378293168502,1133.4218998939966,1125.1519019558395,1129.286900924918,1075.9407917156805,1099.68310546875,1,1,0,1,53.34610920923751,-36.14697265625,1147.3760839856575,1122.8628173828124,1098.3495507799673,0.7644947520107862,4.36620862733366,12.967260742187591,0,0,1,-0.0020125219769002722,0
2023-06-09,1139.1699412328312,1139.874261684162,1125.9924180855612,1127.787353515625,5877018,1122.8082885742188,1096.4149597167968,1122.3363368788716,56.035859330345055,8.58886631815244,9.749786424116085,-0.007080922370581777,1133.4218998939966,1125.4812562287125,1129.4515780613547,1075.9407917156805,1112.3607177734375,1,0,0,1,53.510786345674205,-15.4266357421875,1147.2725940414778,1122.8082885742188,1098.3439831069597,0.6017618290466046,4.357699478389964,4.97906494140625,0,0,1,-0.16273292296418163,1
2023-06-12,1124.856372916788,1131.0815554468195,1120.0851432204013,1128.786865234375,6391969,1122.6924072265624,1098.6560363769531,1122.950672912729,56.57779895097172,8.102913931344574,9.420411925561783,0.0008862590235954038,1128.6848398057805,1125.4812562287125,1127.0830480172465,1075.9407917156805,1109.5206298828125,1,1,0,1,51.14225630156602,-19.2662353515625,1147.0200007151525,1122.6924072265624,1098.3648137379723,0.6252581355955114,4.333794961469033,6.094458007812591,0,0,1,0.023496306548906776,1
2023-06-13,1133.7173319025069,1146.6448585440896,1129.741286337972,1145.46337890625,11248016,1124.215771484375,1101.1356726074218,1125.0947401502071,66.28950800340095,8.960161283809157,9.328361797211258,0.014773837458156747,1130.1843932922957,1125.4812562287125,1127.832824760504,1076.4406519975507,1123.2205810546875,1,1,0,1,51.39217276295335,-22.2427978515625,1150.1851001687999,1124.215771484375,1098.24644279995,0.9090904250947828,4.619990102102183,21.247607421875045,0,0,1,0.2838322894992714,1
2023-06-14,1145.5315407318087,1160.981039806578,1143.7140091659376,1159.5496826171875,13277380,1126.7728881835938,1104.0179052734375,1128.3761632423004,70.11878875462592,10.653377468135886,9.593364931396184,0.012297471896821177,1137.3524839235401,1129.411840258256,1133.382162090898,1082.8476646163886,1126.6968994140625,1,1,0,1,50.53449747450941,-32.852783203125,1155.8927518103958,1126.7728881835938,1097.6530245567917,1.0627910015935969,5.16871925694707,32.77679443359375,1,0,1,0.15370057649881408,1
2023-06-15,1159.5268135380984,1164.4116242878065,1152.120151030348,1159.86767578125,11813494,1129.4651794433594,1106.03087890625,1131.3753549126766,60.84807031222313,11.88393230976294,10.051478407069535,0.00027423849864272043,1140.7603236425805,1131.1271324988702,1135.9437280707252,1084.562956857003,1134.4442138671875,1,1,0,1,51.380771213722255,-25.4234619140625,1160.318130836781,1129.4651794433594,1098.6122280499378,0.9926999681523664,5.463285093680709,30.402496337890625,0,0,1,-0.07009103344123047,1
2023-06-16,1163.3438717544047,1173.431520437393,1163.3438717544047,1171.1595458984375,24171579,1132.542578125,1108.2660546875,1135.164325482749,62.73559050470127,13.61338876414925,10.76386047848548,0.0097354813423709,1146.0768270367253,1135.6370805736633,1140.8569538051943,1098.9787219527993,1127.0377197265625,1,1,0,1,41.87823185239495,-44.121826171875,1166.9355130728393,1132.542578125,1098.149643177161,1.06140843798304,6.0735791505126455,38.61696777343741,1,0,0,0.06870846983067358,0
2023-06-19,1174.1584519189826,1174.1584519189826,1155.3692013285906,1159.52685546875,6798554,1134.7418518066406,1110.3194677734375,1137.4845664337968,56.422682836188784,13.88527377232117,11.38814313725262,-0.009932626575454018,1147.1217975696918,1136.0005463144582,1141.561171942075,1111.5768336408908,1128.8779296875,1,1,0,1,29.984338301184152,-30.64892578125,1170.116261556067,1134.7418518066406,1099.3674420572142,0.8503239183024288,6.234794229737136,24.785003662109375,0,0,0,-0.21108451968061115,1
2023-06-20,1157.5957972211602,1165.070488566,1151.893084884151,1161.9351806640625,6921096,1137.0717712402343,1112.2792797851562,1139.8131963604887,71.45676916629318,14.13216946356556,11.936948402515208,0.002076989578942534,1147.1217975696918,1136.0005463144582,1141.561171942075,1111.5768336408908,1131.1044921875,1,1,0,1,29.984338301184152,-30.8306884765625,1173.1580418211802,1137.0717712402343,1100.9855006592884,0.8444995703844841,6.347228291770121,24.863409423828216,0,0,0,-0.005824347917944728,1
2023-06-21,1161.889751966922,1167.728761153971,1157.800246036839,1165.2069091796875,6961603,1139.8901672363281,1114.4553833007812,1142.2316452004125,74.79754549457968,14.425548482583736,12.434668418528915,0.0028157582024113115,1147.1217975696918,1136.0005463144582,1141.561171942075,1113.7578150924119,1114.99609375,1,1,0,1,27.803356849663032,-50.2108154296875,1175.5180313620244,1139.8901672363281,1104.2623031106318,0.8552941295335732,6.251104737937396,25.316741943359375,0,0,0,0.010794559149089111,0
2023-06-22,1161.4354185434336,1169.296404389101,1150.52986917785,1152.1202392578125,7619166,1142.0610473632812,1116.2652416992187,1143.1734160630222,67.88411395230008,13.44705924750474,12.63714658432408,-0.011231198355224348,1147.1217975696918,1136.0005463144582,1141.561171942075,1114.5303399169024,1108.4073486328125,1,1,0,1,27.030832025172458,-43.712890625,1175.013685200484,1142.0610473632812,1109.1084095260785,0.6526310570981775,5.770731418128949,10.059191894531295,0,0,0,-0.20266307243539572,0
2023-06-23,1149.1211566554268,1151.165969570004,1141.441900396204,1142.6915283203125,6628570,1142.2484802246095,1117.792919921875,1143.1275219922877,58.400493955544,11.775045905947309,12.464726448648728,-0.008183790733139018,1151.9498691284773,1136.0005463144582,1143.9752077214678,1115.0983799103483,1106.0218505859375,1,0,0,1,28.876827811119483,-36.669677734375,1175.1706720215977,1142.2484802246095,1109.3262884276212,0.5067287150630044,5.764453596036217,0.44304809570303405,0,0,0,-0.14590234203517305,0
2023-06-26,1139.1700001634836,1142.9869124040958,1130.8545713330911,1133.9671630859375,12641159,1141.6793579101563,1119.0656811523438,1142.2551068583496,53.37082922488367,9.634914626418322,11.898764084202647,-0.007634925977966556,1152.5065116260369,1136.0005463144582,1144.2535289702475,1115.541331769226,1109.611572265625,1,0,0,1,28.71219720102158,-24.3555908203125,1174.7605875455738,1141.6793579101563,1108.5981282747389,0.3834354872957624,5.795187485209969,-7.712194824218841,0,0,0,-0.12329322776724205,1
2023-06-27,1134.4215309070005,1140.3058517527372,1129.9230146151945,1134.3760986328125,9689466,1141.1454467773438,1120.2380249023438,1141.5047251225842,49.61781254454223,7.880995637633077,11.095210394888733,0.0003606237995130712,1152.0407332670884,1136.0005463144582,1144.0206397907732,1115.541331769226,1115.5413818359375,1,0,0,1,28.47930802154724,-18.834716796875,1174.3360622198584,1141.1454467773438,1107.9548313348291,0.39802316024757656,5.817070126555158,-6.76934814453125,0,0,0,0.014587672951814179,1
2023-06-28,1141.896393407388,1153.1881169201986,1135.0122016455275,1149.3939208984375,11354006,1142.4995544433593,1121.9570068359376,1142.256077101237,55.87717878492641,7.61503358341929,10.399175032594844,0.01323883876231613,1152.0407332670884,1136.0005463144582,1144.0206397907732,1115.541331769226,1115.3367919921875,1,1,0,1,28.47930802154724,-34.05712890625,1174.7012390855903,1142.4995544433593,1110.2978698011284,0.6070497790981492,5.6370585908753394,6.8943664550781705,0,0,0,0.2090266188505726,1
2023-06-30,1157.0732487107562,1161.7307784588777,1151.1888070463274,1158.8226318359375,11151555,1144.4761779785156,1123.7586865234375,1143.8338442188274,63.28790807212153,8.0720256261759,9.933745151311056,0.008203202371324547,1152.0407332670884,1136.0005463144582,1144.0206397907732,1115.541331769226,1108.8389892578125,1,1,0,1,28.47930802154724,-49.983642578125,1175.5707709963192,1144.4761779785156,1113.381584960712,0.7306904909353158,5.433855875047726,14.34645385742192,0,0,1,0.12364071183716663,1
2023-07-03,1162.3669506539804,1191.425580555085,1161.1400387375704,1188.5628662109375,12154387,1148.122705078125,1126.2092456054688,1148.093751075219,70.53863453532276,10.710519277894718,10.08909997662779,0.025664181521793505,1160.6742975851398,1152.517934945744,1156.5961162654419,1125.5608644087931,1108.70263671875,1,1,0,1,31.035251856648756,-79.8602294921875,1181.8275817476472,1148.122705078125,1114.4178284086026,1.0999155779344645,5.871302173617199,40.44016113281259,1,0,0,0.3692250869991487,0
2023-07-04,1192.7887391966194,1192.7887391966194,1169.2736896643748,1176.31689453125,8061643,1150.6559631347657,1128.3880737304687,1150.781669499603,60.93395811775617,11.678771329404299,10.407034247183091,-0.010303175395952602,1161.3558769059068,1153.2563336185608,1157.3061052622338,1126.2424437295604,1138.94287109375,1,1,0,1,31.06366153267345,-37.3740234375,1184.8369911462146,1150.6559631347657,1116.4749351233168,0.8753680460969344,5.9411377695081935,25.66093139648433,0,0,0,-0.22454753183753007,0
2023-07-05,1185.5183304828597,1185.5183304828597,1170.432411192628,1174.3856201171875,10248062,1153.0449523925781,1130.446484375,1153.0296647965156,55.75324879430583,12.150220176280982,10.75567143300267,-0.0016417977358321734,1161.3558769059068,1153.2563336185608,1157.3061052622338,1127.21939944511,1145.349609375,1,1,0,1,30.086705817123857,-29.0360107421875,1186.8451178994044,1153.0449523925781,1119.2447868857519,0.8156888051376469,5.862766310487831,21.340667724609375,0,0,0,-0.05967924095928756,1
2023-07-06,1170.546016490242,1201.6266214253385,1170.546016490242,1199.03662109375,19117987,1156.23935546875,1132.8338818359375,1157.4112796819663,62.77790078482033,14.34758649972764,11.474054446347663,0.02099055076483536,1165.7748180202666,1157.6752747329201,1161.7250463765934,1134.2738201332145,1145.0543212890625,1,1,0,1,27.45122624337887,-53.9822998046875,1194.4574779633274,1156.23935546875,1118.0212329741728,1.0599080073997922,6.610763128553658,42.79726562499991,1,0,0,0.24421920226214533,0
2023-07-07,1197.332705283274,1210.9418359205672,1194.1518448825288,1196.696533203125,13375267,1159.2826782226562,1135.30125,1161.1527323982673,58.847561537791364,15.718990864432726,12.323041729964675,-0.0019516400495678266,1170.4324252678807,1162.3328819805347,1166.3826536242077,1139.499417513152,1122.311767578125,1,1,0,1,26.883236111055794,-74.384765625,1200.1192618111506,1159.2826782226562,1118.4460946341617,0.9580923732196102,7.045146857728042,37.41385498046884,0,0,0,-0.10181563418018202,1
2023-07-10,1221.8245601360636,1252.3145466417045,1215.5085119378623,1242.794921875,33240016,1165.033056640625,1138.5547216796874,1168.928179015099,73.28756834705281,20.291683513004273,13.916770086572596,0.03852136894596514,1191.1187806284495,1183.0192373411032,1187.0690089847762,1160.992386064109,1119.2901611328125,1,1,0,1,26.076622920667205,-123.5047607421875,1217.2999393070913,1165.033056640625,1112.7661739741588,1.2438923202154728,8.97260079764224,77.76186523437491,1,0,0,0.28579994699586264,1
2023-07-11,1250.9058502676546,1258.6759714064597,1243.9536302912918,1256.2677001953125,20069348,1171.4070983886718,1141.6827783203125,1177.2462286513098,74.8443954054207,24.71778475879887,16.07697302101785,0.010840709181516583,1196.8440865259936,1187.8924972019072,1192.3682918639504,1166.4337175850833,1115.63232421875,1,1,0,1,25.934574278867103,-140.6353759765625,1234.4254143727192,1171.4070983886718,1108.3887824046244,1.1733010909726829,10.759421907333868,84.86060180664072,1,0,0,-0.07059122924278993,1
2023-07-12,1256.9946762890331,1273.2166423107678,1254.8817149747802,1257.653564453125,18733835,1177.0166076660157,1144.6517993164061,1184.9040701562446,74.59200207822572,28.01439701742288,18.464457820298858,0.001103159985405222,1212.2027246785476,1195.9693879734127,1204.0860563259803,1177.7368680675527,1125.6517333984375,1,1,0,1,26.349188258427603,-132.0018310546875,1249.1173499488777,1177.0166076660157,1104.9158653831537,1.0591964398283058,12.251440092393493,80.63695678710928,1,0,0,-0.11410465114437707,0
2023-07-13,1264.992154591986,1271.85351009776,1243.794632147719,1246.4073486328125,14682934,1181.3594909667968,1147.5862841796875,1190.7615252492512,75.3296062564521,29.380826476349284,20.647731551508944,-0.008942220765861486,1217.178340524169,1196.6508927655846,1206.9146166448768,1184.8481455550564,1126.6058349609375,1,1,0,1,22.066471089820425,-119.801513671875,1258.9808204357953,1181.3594909667968,1103.7381614977983,0.9190076240062046,13.141017626306967,65.04785766601572,0,0,0,-0.1401888158221012,0
2023-07-14,1249.5879849572364,1254.5409440468316,1238.2735461254954,1245.3621826171875,15124144,1185.6342163085938,1150.2463134765626,1195.9615878557213,78.8827763354899,30.033191567123822,22.524823554631922,-0.0008385428862974775,1221.2451659875715,1196.6508927655846,1208.948029376578,1184.8481455550564,1135.1485595703125,1,1,0,1,24.099883821521644,-110.213623046875,1267.3585515169555,1185.6342163085938,1103.909881100232,0.8654233843341355,13.785758555923916,59.72796630859375,0,0,0,-0.053584239672069156,1
2023-07-17,1248.225023984058,1279.1466167196916,1239.5914489485467,1270.8084716796875,22220040,1190.6166625976562,1153.4720703125,1203.0898625056227,85.18517821025156,32.23194862537025,24.46624856877959,0.02043284228289588,1224.7895139561597,1199.6158799700465,1212.202696963103,1188.1652744419396,1135.830078125,1,1,0,1,24.037422521163535,-134.9783935546875,1279.9956054201277,1190.6166625976562,1101.2377197751846,0.9486057148903175,15.013890806377084,80.19180908203134,0,0,0,0.08318233055618207,1
2023-07-18,1280.0326878114854,1289.3250310279557,1269.127138140066,1281.600341796875,25867313,1196.7203369140625,1156.6396655273438,1210.5670510095515,85.93610609375214,34.44819580428066,26.462638015879804,0.008492129504710899,1229.935523759099,1204.7050871241786,1217.3203054416388,1193.5838358689448,1127.787353515625,1,1,0,1,23.736469572693977,-153.81298828125,1293.1665230184512,1196.7203369140625,1100.2741508096738,0.9400381617524121,16.118416831302603,84.8800048828125,0,0,0,-0.00856755313790547,1
2023-07-19,1285.939653232601,1297.7539668955087,1270.9445997962002,1291.32421875,39122156,1203.1897888183594,1159.9322119140625,1218.258209841975,85.56299493177626,36.56769365519449,28.483649143742745,0.007587292727693651,1245.952905889019,1213.7476266167405,1229.8502662528797,1197.7983038027214,1128.786865234375,1,1,0,1,32.05196245015827,-162.537353515625,1306.5456258810652,1203.1897888183594,1099.8339517556535,0.9263640662992724,17.18030489008897,88.13442993164062,0,0,0,-0.01367409545313969,0
2023-07-20,1270.1422890108254,1295.2251136644825,1270.1422890108254,1289.7606201171875,38717624,1209.4174743652343,1163.0385400390626,1225.067963201519,84.15489369940342,37.686811526025394,30.324281620199276,-0.0012108489952477042,1256.6312394166855,1213.8384907553516,1235.2348650860185,1197.7983038027214,1145.46337890625,1,1,0,1,37.436561283297124,-144.2972412109375,1317.7579318272299,1209.4174743652343,1101.0770169032387,0.8707901352555049,17.91613892776906,80.34314575195322,0,0,0,-0.05557393104376751,0
2023-07-21,1284.4188902576473,1287.3234307026405,1242.3762502436682,1249.8345947265625,30249238,1214.3031921386719,1165.4944775390625,1227.426690013428,65.17615585841739,34.949151860603706,31.249255668280163,-0.030956151682625666,1268.013756510502,1213.8384907553516,1240.9261236329266,1197.7983038027214,1159.5496826171875,1,1,0,1,43.127819830205226,-90.284912109375,1320.6624318120407,1214.3031921386719,1107.943952465303,0.6670348655039666,17.51774027474067,35.531402587890625,0,0,0,-0.20375526975153824,0
2023-07-24,1221.4042392370138,1238.1179088392782,1215.6443158350814,1224.554931640625,23727866,1218.3963623046875,1167.408017578125,1227.1531892160183,61.2232586831531,30.389369576160334,31.077278449856202,-0.020226406912242756,1256.699141365295,1213.8384907553516,1235.2688160603234,1197.7983038027214,1159.86767578125,1,0,0,1,37.47051225760197,-64.687255859375,1319.5924355954123,1218.3963623046875,1117.2002890139627,0.5304288947963655,16.611355125733454,6.1585693359375,0,0,0,-0.13660597070760117,0
2023-07-25,1227.8041962368873,1233.3179681079685,1220.9119513502328,1223.767333984375,12026020,1222.8863708496094,1169.2612744140624,1226.8307268130047,61.55082293563679,26.40774467330698,30.14337169454636,-0.0006431705396791054,1256.699141365295,1213.8384907553516,1235.2688160603234,1197.7983038027214,1171.1595458984375,1,0,0,1,37.47051225760197,-52.6077880859375,1316.374958782794,1222.8863708496094,1129.3977829164248,0.5047116078777187,15.289824167102736,0.8809631347655795,0,0,0,-0.02571728691864672,1
2023-07-26,1223.3733833366434,1253.8961800235134,1223.3733833366434,1243.65625,12911012,1228.3503784179688,1171.8344775390624,1228.4331575927185,60.674739413281245,24.573875218775584,29.02947239939221,0.016252203718226443,1256.699141365295,1213.8384907553516,1235.2688160603234,1197.7983038027214,1159.52685546875,1,1,0,1,37.47051225760197,-84.12939453125,1312.8498368619053,1228.3503784179688,1143.8509199740324,0.5905678679123505,13.758201231275057,15.305871582031159,0,0,0,0.08585626003463176,0
2023-07-27,1247.5209111436616,1249.2931304965796,1226.0072859774648,1232.087158203125,17226898,1232.485040283203,1174.3080737304688,1228.7811576508525,58.10873400600324,21.934148235346584,27.610407566583085,-0.009302483541473006,1256.699141365295,1213.8384907553516,1235.2688160603234,1197.7983038027214,1161.9351806640625,1,0,0,1,37.47051225760197,-70.1519775390625,1308.8247090680825,1232.485040283203,1156.1453714983236,0.49739400179217935,12.387926228676651,-0.39788208007803405,0,0,0,-0.09317386612017114,1
2023-07-28,1236.690213733138,1251.853175548335,1231.0287272255082,1244.4686279296875,20827852,1236.7673400878907,1177.0770092773437,1230.2752024393128,50.453558170629975,20.60371985631332,26.209070024529133,0.010049183326137134,1256.699141365295,1213.8384907553516,1235.2688160603234,1197.7983038027214,1165.2069091796875,1,1,0,1,37.47051225760197,-79.26171875,1305.30845077806,1236.7673400878907,1168.2262293977215,0.5561800630617835,11.083913436022396,7.701287841796784,0,0,0,0.05878606126960412,1
2023-07-31,1244.468666067682,1257.2930680054526,1239.594792375287,1255.00390625,8551174,1240.0893920898438,1179.9848559570312,1232.6303170879496,49.65198338878696,20.166982275997952,25.000652474822896,0.008465684135275486,1256.699141365295,1213.8384907553516,1235.2688160603234,1197.7983038027214,1152.1202392578125,1,1,0,1,37.47051225760197,-102.8836669921875,1305.3237384524277,1240.0893920898438,1174.85504572726,0.6143148892552605,10.520910311578199,14.914514160156159,0,0,0,0.058134826193476985,0
2023-08-01,1257.8346449464532,1259.803857697837,1233.36720054875,1237.25634765625,9536632,1243.1363647460937,1182.4191552734376,1233.0708914277877,44.84743417060139,18.179226138346394,23.6363672075276,-0.014141436935268481,1255.434714749782,1213.8384907553516,1234.636602752567,1197.7983038027214,1142.6915283203125,1,1,0,1,36.838298949845466,-94.5648193359375,1301.5024740481726,1243.1363647460937,1184.7702554440148,0.4496281561324299,9.390137873410213,-5.8800170898437045,0,0,0,-0.16468673312283055,0
2023-08-02,1235.2872649193357,1236.665738028631,1212.838309305523,1224.0382080078125,12748214,1245.618994140625,1184.59318359375,1232.2106358639805,44.405044399853935,15.360258182324287,21.981145402486938,-0.010683428437022635,1250.0808700040816,1213.8384907553516,1231.9596803797167,1197.7983038027214,1133.9671630859375,1,0,0,1,34.16137657699528,-90.071044921875,1295.714541457468,1245.618994140625,1195.5234468237823,0.2846037493480302,8.043478391465065,-21.58078613281259,0,0,0,-0.16502440678439972,0
2023-08-03,1218.5981228148664,1231.201012494138,1210.1058926997707,1218.8934326171875,10168350,1246.611834716797,1186.7942724609375,1230.9423307928573,43.51269325910333,12.566209944224966,20.098158310834542,-0.00420311666495965,1234.9548751988038,1216.383084270518,1225.668979734661,1197.7983038027214,1134.3760986328125,1,0,0,1,27.87067593193956,-84.517333984375,1293.6701874647229,1246.611834716797,1199.553481968871,0.2054890313725326,7.54980041700255,-27.71840209960942,0,0,0,-0.07911471797549757,1
2023-08-04,1230.1672134573323,1238.6348041373592,1216.776590964359,1235.45947265625,22885610,1248.549981689453,1189.3294091796874,1231.3725347798472,40.94190953139125,11.555443607585175,18.389615370184668,0.013591048729741928,1234.9548751988038,1224.471386970918,1229.7131310848608,1197.7983038027214,1149.3939208984375,1,1,0,1,31.914827282139413,-86.0655517578125,1290.095504666827,1248.549981689453,1207.004458712079,0.3424558400632939,6.65500357801575,-13.090509033203034,0,0,0,0.13696680869076128,1
2023-08-07,1241.0962775533026,1244.739272893678,1233.219426922262,1242.4993896484375,5982870,1248.535205078125,1191.4005395507813,1232.4322352435224,39.78404293116304,11.193435512926953,16.950379398733126,0.005698217665571548,1234.9548751988038,1229.4470028165397,1232.2009390076719,1197.7983038027214,1158.8226318359375,1,1,0,1,34.40263520495046,-83.6767578125,1290.089114595598,1248.535205078125,1206.9812955606521,0.42737367554851174,6.656425761718547,-6.0358154296875455,0,0,0,0.08491783548521786,0
2023-08-08,1244.5424722858313,1247.7178038434138,1230.536470478926,1235.016357421875,9844072,1247.472637939453,1193.1938745117188,1232.6783421176513,35.11406630600209,10.18531337496006,15.597366193978512,-0.006022564106594741,1234.9548751988038,1233.5138282799417,1234.2343517393729,1205.682128115956,1188.5628662109375,1,1,0,1,28.55222362341692,-46.4534912109375,1289.2674313081575,1247.472637939453,1205.6778445707487,0.35098286755850744,6.700715045380089,-12.45628051757808,0,0,0,-0.0763908079900043,1
2023-08-09,1233.145764124846,1245.034838767312,1221.453562693164,1243.1640625,11486586,1246.7481628417968,1195.1560693359374,1233.6769821540654,38.095826168418995,9.929361525235663,14.463765260229943,0.006597244667377211,1234.9548751988038,1234.0931890440684,1234.524032121436,1205.7389474680053,1176.31689453125,1,1,0,1,28.78508465343066,-66.84716796875,1288.313626962775,1246.7481628417968,1205.1826987208185,0.45688607817098964,6.6678203922491175,-3.584100341796784,0,0,0,0.1059032106124822,1
2023-08-10,1243.041027453777,1255.3732475116944,1234.9180240875248,1248.7025146484375,15470598,1246.8629211425782,1197.6838842773439,1235.1079852487676,49.64913634726497,10.057488178742915,13.582509843932538,0.0044551256873526235,1234.9548751988038,1234.1499916928753,1234.5524334458396,1205.7389474680053,1174.3856201171875,1,1,0,1,28.81348597783426,-74.31689453125,1288.4366604145484,1246.8629211425782,1205.289181870608,0.522124465324431,6.668534057276099,1.839593505859284,0,0,0,0.06523838715344138,1
2023-08-11,1246.733259512152,1259.7301365729732,1236.8380369520155,1253.9700927734375,22179330,1247.2933166503906,1200.3774829101562,1236.9043764415933,60.40761641833462,10.463462721476844,12.958700419441401,0.004218441192523015,1234.9548751988038,1245.952905889019,1240.4538905439113,1205.7389474680053,1199.03662109375,0,1,0,1,34.71494307590592,-54.9334716796875,1288.9740888406338,1247.2933166503906,1205.6125444601473,0.580094198981873,6.683395418517447,6.6767761230469205,0,0,0,0.05796973365744196,1
2023-08-14,1249.9577340453427,1271.274485095857,1243.065489745762,1268.788330078125,9575812,1247.1923095703125,1203.4406030273437,1239.9409434545962,64.49053745257726,11.844373812351705,12.735835098023463,0.011817057990524793,1240.6901888978139,1253.9299297976397,1247.3100593477268,1205.7389474680053,1196.696533203125,0,1,0,1,41.57111187972146,-72.091796875,1288.6538649909112,1247.1923095703125,1205.730754149714,0.7604342780768334,6.648783046919707,21.596020507812455,0,0,0,0.18034007909496041,0
2023-08-16,1255.865563518659,1271.5208305674453,1255.865563518659,1267.754638671875,10203112,1246.5000244140624,1206.2826611328126,1242.5898668086227,58.82783280000429,12.708845878922148,12.730437254203201,-0.0008147075298102768,1240.813361633608,1253.9299297976397,1247.3716457156238,1205.7389474680053,1242.794921875,0,1,0,1,41.632698247618464,-24.959716796875,1286.059130599876,1246.5000244140624,1206.9409182282488,0.7686437625508686,6.3472291072611835,21.25461425781259,0,0,0,0.008209484474035245,0
2023-08-17,1263.791524524126,1269.2068594315797,1246.930140835009,1249.4654541015625,13673744,1244.4070861816406,1208.739853515625,1243.2446846460457,56.06737215358192,11.782342365595923,12.540818276481746,-0.014426438691222288,1244.1487107659023,1253.9299297976397,1249.0393202817709,1207.4314949464315,1256.2677001953125,0,1,0,1,41.607825335339385,6.80224609375,1278.279174920227,1244.4070861816406,1210.5349974430542,0.5746686742432794,5.443891973087373,5.0583679199219205,0,0,1,-0.19397508830758925,1
2023-08-18,1246.1423337524884,1268.9606325625684,1234.9670764174216,1258.720703125,18639978,1242.8550903320313,1211.2112963867187,1244.718591167851,55.08694420843953,11.66048805513742,12.364752232212881,0.007407366880817445,1246.4871966303047,1253.9299297976397,1250.2085632139722,1208.2380502657832,1257.653564453125,0,1,0,1,41.970512948189025,-1.067138671875,1270.5547464482636,1242.8550903320313,1215.155434215799,0.7863864577667318,4.457423287992854,15.865612792968705,0,0,1,0.21171778352345239,0
2023-08-21,1254.8424457661688,1262.5000997685252,1242.8371963360953,1244.986328125,9221746,1242.6126770019532,1213.3944213867187,1244.7440899256746,46.50429125680919,10.336515440902076,11.95910487395072,-0.010911376102658799,1246.4871966303047,1253.9299297976397,1250.2085632139722,1208.919555057955,1246.4073486328125,0,0,0,1,41.28900815601719,1.4210205078125,1270.1481383319276,1242.6126770019532,1215.0772156719788,0.5431017133615788,4.431865510403306,2.373651123046784,0,0,1,-0.24328474440515302,0
2023-08-22,1243.4548358358238,1253.8544488619668,1234.6115281978846,1244.68994140625,7713044,1243.6194274902343,1215.7324731445312,1244.7389329238247,52.95375923292285,9.157776526932594,11.398839204547096,-0.00023806423577066305,1246.4871966303047,1253.9299297976397,1250.2085632139722,1208.919555057955,1245.3621826171875,0,0,0,1,41.28900815601719,0.6722412109375,1269.8833574407588,1243.6194274902343,1217.3554975397099,0.5203799263482709,4.2237889453895185,1.0705139160156705,0,0,1,-0.022721787013307848,1
2023-08-23,1247.061326610869,1256.2752862282496,1243.4795205761563,1246.0732421875,9517952,1244.7347229003906,1218.0782006835936,1244.8660099965557,59.664664605711074,8.240249787404537,10.767121321118585,0.001111361741774175,1253.0661793826648,1253.9299297976397,1253.4980545901522,1208.919555057955,1270.8084716796875,0,0,0,1,44.578499532197156,24.7352294921875,1269.3761838765383,1244.7347229003906,1220.0932619242428,0.5271599011196022,3.9593112528796515,1.3385192871094205,0,0,1,0.0067799747713312986,0
2023-08-24,1254.8177179260883,1254.8177179260883,1220.7782590700383,1225.1258544921875,14140020,1243.808203125,1219.6714501953124,1242.985995186616,52.400768908124135,5.756467143562304,9.76499048560733,-0.016810719455414236,1246.1495448187418,1253.9299297976397,1250.0397373081908,1208.919555057955,1281.600341796875,0,0,0,1,41.12018225023576,56.4744873046875,1269.893386021674,1243.808203125,1217.7230202283263,0.14189730417426316,4.194405991395814,-18.68234863281259,0,0,1,-0.38526259694533904,0
2023-08-25,1213.3676467766436,1237.5757146480018,1206.747529523438,1219.4691162109375,22222400,1243.1773010253905,1220.8698388671876,1240.7462924270276,43.27521646232842,3.293633048104084,8.470718998106681,-0.004617271164842673,1239.1341800454416,1250.9863215939604,1245.060250819701,1213.7476266167405,1291.32421875,0,0,0,1,31.312624202960478,71.8551025390625,1270.9234046881697,1243.1773010253905,1215.4311973626113,0.07276551146428087,4.46374039163904,-23.708184814453034,0,0,1,-0.06913179270998229,0
2023-08-28,1221.272366528133,1227.2008731617648,1201.0660879981488,1207.315673828125,12580826,1241.3196533203125,1221.818798828125,1237.562423989037,35.81356247545152,0.35702252057649275,6.847979702600644,-0.009966174806111505,1236.293459282797,1244.1947593503946,1240.2441093165958,1213.8384907553516,1289.7606201171875,0,0,1,1,26.405618561244182,82.4449462890625,1273.146066949456,1241.3196533203125,1209.4932396911688,-0.03421004151485355,5.127835291097433,-34.003979492187455,0,1,1,-0.10697555297913441,0
2023-08-29,1211.4162410930337,1212.107851949824,1189.7277154191993,1195.755126953125,16876644,1238.3572143554688,1222.3107104492187,1233.5807766522832,34.673433404812954,-2.870018213475987,4.904380119385317,-0.009575413560518165,1229.4672874253895,1230.6242729933224,1230.045780209356,1213.8384907553516,1249.8345947265625,0,0,1,1,16.207289454004467,54.0794677734375,1275.1755505886033,1238.3572143554688,1201.5388781223344,-0.07854443955026308,5.94631917290479,-42.60208740234384,0,1,0,-0.04433439803540953,0
2023-08-30,1201.5106390304122,1206.9451032694478,1193.1119215700844,1194.6187744140625,12168946,1236.2253356933593,1223.012548828125,1229.8701097724527,29.951714688151895,-5.456268926023768,2.8322503103035004,-0.0009503221131553774,1229.344173990884,1230.6242729933224,1229.9842234921032,1213.8384907553516,1224.554931640625,0,0,1,1,16.145732736751597,29.9361572265625,1277.6955430796268,1236.2253356933593,1194.7551283070918,-0.0016439982052568827,6.7091663936831,-41.606561279296784,0,1,0,0.07690044134500619,0
2023-08-31,1197.0642209023324,1198.0523052778192,1185.6517981191516,1189.1595458984375,21638600,1234.4814025878907,1223.5570361328125,1225.9929132130226,25.393779435088433,-7.855848039083412,0.694630640426118,-0.004569849924133895,1224.0759489438383,1228.5863143432985,1226.3311316435684,1213.8384907553516,1223.767333984375,0,0,1,1,12.492640888216783,34.6077880859375,1280.5351254288707,1234.4814025878907,1188.4276797469106,0.007945787076258507,7.46122586284992,-45.32185668945317,0,0,0,0.00958978528151539,1
2023-09-01,1188.9373425267036,1198.3734766692594,1186.5164632510111,1191.950927734375,18112842,1233.13427734375,1224.0919165039063,1222.7508193579133,23.834999006055327,-9.423660496430557,-1.3290275869452168,0.0023473568753371588,1220.9635421737007,1228.5863143432985,1224.7749282584996,1213.8384907553516,1243.65625,0,0,1,1,10.936437503148,51.705322265625,1282.3974248123377,1233.13427734375,1183.8711298751623,0.0820065127219564,7.98990805359878,-41.183349609375,0,0,0,0.07406072564569789,0
2023-09-04,1191.950907028467,1197.3853714174263,1188.3197691016735,1190.987548828125,9347626,1230.9106811523438,1224.8692626953125,1219.725745974124,12.831883178987141,-10.621462186344388,-3.1875145068250514,-0.0008082370539206352,1220.9635421737007,1228.5863143432985,1224.7749282584996,1213.8384907553516,1232.087158203125,0,0,1,1,10.936437503148,41.099609375,1283.4584519584187,1230.9106811523438,1178.362910346269,0.12012534773783878,8.538031493378721,-39.92313232421884,0,0,0,0.03811883501588238,1
2023-09-05,1195.5822395056102,1202.4741047382813,1191.852196412095,1197.36083984375,8675876,1228.6537536621095,1225.9626489257812,1217.5957549140885,18.002889730802266,-10.93045782037143,-4.736103169534328,0.005351265864950383,1220.23475802262,1228.5863143432985,1224.4105361829593,1213.8384907553516,1244.4686279296875,0,0,1,1,10.57204542760769,47.1077880859375,1282.8677008283871,1228.6537536621095,1174.4398064958318,0.2113942495057398,8.824934934628777,-31.292913818359466,0,0,0,0.091268901767901,1
2023-09-06,1196.1256007292052,1203.5608392350891,1194.2234900414203,1199.8802490234375,8200370,1226.8969482421876,1227.2809106445313,1215.9085638768838,23.689399121170666,-10.84700628488622,-5.958283792604707,0.0021041352747233066,1211.6137563835769,1228.5863143432985,1220.1000353634377,1213.8384907553516,1255.00390625,0,0,1,1,6.261544608086069,55.1236572265625,1282.433359494011,1226.8969482421876,1171.3605369903642,0.2567658891727268,9.053150116868762,-27.01669921875009,0,0,0,0.04537163966698701,1
2023-09-07,1196.421961377583,1204.5983838407617,1191.1357340059783,1201.5106201171875,13652572,1224.814276123047,1228.6236010742186,1214.5373311378653,16.97090657431643,-10.527953327555679,-6.872217699594902,0.0013587781739694549,1206.426335640458,1228.5863143432985,1217.5063249918783,1213.8384907553516,1237.25634765625,0,0,1,1,3.667834236526687,35.7457275390625,1280.875958331013,1224.814276123047,1168.752593915081,0.2921605712845683,9.154315605370023,-23.303656005859466,0,0,0,0.03539468211184149,1
2023-09-08,1205.463038004146,1213.3677136631895,1197.039593881822,1209.51416015625,23109288,1222.8548583984375,1229.826005859375,1214.058933901521,28.069690849868536,-9.519547351288566,-7.401683629933635,0.006661231207662377,1199.5097558911707,1228.5863143432985,1214.0480351172346,1213.8384907553516,1224.0382080078125,0,0,1,1,0.20954436188299042,14.5240478515625,1278.174331122418,1222.8548583984375,1167.535385674457,0.3794213177993249,9.047594216771051,-13.3406982421875,0,0,0,0.08726074651475663,1
2023-09-11,1211.391482722607,1223.668479723262,1211.391482722607,1222.556884765625,13271074,1221.284197998047,1231.1006909179687,1214.8682625552453,38.17944986856928,-7.580555550886174,-7.437458014124143,0.010783441020392859,1204.660138921207,1228.5863143432985,1216.6232266322527,1216.383084270518,1218.8934326171875,0,1,0,1,0.24014236173456993,-3.6634521484375,1274.7328870530716,1221.284197998047,1167.8355089430222,0.5119056873992538,8.752866718924041,1.2726867675780795,0,0,0,0.13248436959992888,0
2023-09-12,1226.7068128830886,1226.7068128830886,1203.462102676104,1204.8948974609375,16255666,1218.0895263671875,1231.4273315429687,1213.9184182605495,31.26550179440386,-7.383947793670131,-7.426755970033341,-0.014446761148519838,1206.17930550112,1228.5863143432985,1217.3828099222092,1224.471386970918,1235.45947265625,0,0,1,0,7.088577048708885,30.5645751953125,1267.2660652436425,1218.0895263671875,1168.9129874907326,0.36584427038065254,8.07437184409891,-13.194628906250045,0,0,0,-0.14606141701860126,1
2023-09-13,1205.4630504045967,1216.653058753229,1198.6699696902265,1210.9222412109375,12803338,1215.2479064941406,1232.1194384765624,1213.6330680653484,42.52281916630038,-6.664949077404799,-7.274394591507632,0.00500238133857267,1206.6116380670499,1228.5863143432985,1217.598976205174,1229.4470028165397,1242.4993896484375,0,0,1,0,11.84802661136564,31.5771484375,1258.8710893343539,1215.2479064941406,1171.6247236539273,0.4504201091991901,7.179305984745367,-4.3256652832030795,0,0,0,0.08457583881853759,1
2023-09-14,1215.343994661209,1218.2094639750317,1207.9333605474212,1212.033935546875,9209636,1213.3763305664063,1232.8724047851563,1213.4807697302558,45.8891988969293,-5.936994989972163,-7.006914671200539,0.0009180559230836938,1207.513290992381,1228.5863143432985,1218.0498026678397,1233.5138282799417,1235.016357421875,0,0,1,0,15.464025612101977,22.982421875,1254.0809826874392,1213.3763305664063,1172.6716784453733,0.4835105454833546,6.709320281867035,-1.3423950195312955,0,0,0,0.03309043628416447,1
2023-09-15,1219.296218648912,1219.296218648912,1210.156437431325,1214.28173828125,25468592,1211.1543823242187,1233.1773071289062,1213.5570524493983,54.32518713221585,-5.119690629384195,-6.62946986283727,0.0018545707908423914,1208.9212734445334,1228.5863143432985,1218.7537938939158,1234.0931890440684,1243.1640625,0,0,1,0,15.33939515015254,28.88232421875,1246.1695507003667,1211.1543823242187,1176.1392139480706,0.5446571600546931,5.782114796786441,3.127355957031341,0,0,0,0.06114661457133852,0
2023-09-18,1205.4877066299114,1210.897444652389,1201.5353689892672,1203.7091064453125,7516300,1209.0905212402345,1233.31755859375,1212.6191528299614,54.99991559251751,-5.264409232595199,-6.356457736788856,-0.008706901786155852,1208.9212734445334,1228.5863143432985,1218.7537938939158,1234.1499916928753,1248.7025146484375,0,0,1,0,15.39619779895952,44.993408203125,1240.5736951806628,1209.0905212402345,1177.6073472998062,0.4145350655384277,5.207744728349067,-5.381414794921966,0,0,1,-0.13012209451626539,0
2023-09-20,1197.089090701199,1199.3370070481767,1163.4694916701224,1176.8826904296875,57081884,1205.7001586914062,1231.9993139648439,1209.2156802204115,41.57280170383758,-7.457798484418845,-6.576725886314854,-0.022286460966342903,1195.0881522766053,1217.495161118784,1206.2916566976946,1230.6117292828155,1253.9700927734375,0,0,1,0,24.320072585120897,77.08740234375,1235.6871081592355,1205.7001586914062,1175.7132092235768,0.019499836209838126,4.974196818614573,-28.81746826171866,0,0,1,-0.3950352293285896,0
2023-09-21,1173.3255153106452,1180.8103271156433,1165.9396084396587,1168.31103515625,12226182,1201.8120483398438,1230.2401806640626,1205.3199997381105,40.37852472702976,-9.775055458692577,-7.216391800790399,-0.0072833557185788544,1195.0881522766053,1217.495161118784,1206.2916566976946,1230.6117292828155,1268.788330078125,0,0,1,0,24.320072585120897,100.477294921875,1229.9605770316136,1201.8120483398438,1173.663519648074,-0.09507574179870062,4.684347894606905,-33.50101318359384,0,1,1,-0.11457557800853875,0
2023-09-22,1173.8443150051187,1177.0308632017377,1160.9992172819989,1163.4447021484375,19176786,1198.7279907226562,1228.3560034179689,1201.3318761581415,37.09174406251071,-11.867371043619187,-8.146587649356157,-0.004165271799526971,1193.8530150825436,1215.1030383567893,1204.4780267196666,1229.3765920887538,1267.754638671875,0,0,1,0,24.898565369087237,104.3099365234375,1229.3873769079553,1198.7279907226562,1168.068604537357,-0.07540761515859452,5.115319976271855,-35.28328857421866,0,1,1,0.0196681266401061,0
2023-09-25,1161.1968240581607,1166.2854832156668,1153.638074334712,1156.2811279296875,14254884,1195.5685913085938,1226.5534790039062,1197.0413287078127,35.11971118166184,-13.942862154175828,-9.305842550320092,-0.0061572107428239375,1190.1724436089003,1211.2993534486402,1200.7358985287701,1225.6960206151102,1249.4654541015625,0,0,1,0,24.960122086340107,93.184326171875,1229.8378066120977,1195.5685913085938,1161.29937600509,-0.07321801843080622,5.732705852701425,-39.287463378906295,0,1,0,0.002189596727788304,1
2023-09-26,1155.342502590839,1161.0980464311394,1153.8851021083722,1157.2939453125,10087782,1193.0675048828125,1224.7921142578125,1193.255863622545,31.993750466301236,-15.329271613057927,-10.51052836286766,0.0008759265877027467,1186.467146491812,1208.0690870516187,1197.2681167717153,1225.6960206151102,1258.720703125,0,0,1,0,28.427903843394915,101.4267578125,1230.680644873541,1193.0675048828125,1155.454364892084,0.024453959718192753,6.305282783545938,-35.7735595703125,0,0,0,0.09767197814899897,1
2023-09-27,1157.7880446735417,1171.769464855697,1155.3178333556975,1170.336669921875,11722778,1191.79658203125,1222.7826782226562,1191.0730832701001,37.87026317240273,-15.200352028094585,-11.448493095913047,0.011270018876538002,1186.467146491812,1204.9566802814807,1195.7119133866463,1225.6960206151102,1244.986328125,0,0,1,0,29.984107228463927,74.649658203125,1230.657627173003,1191.79658203125,1152.935536889497,0.22388915389311004,6.521422485625834,-21.459912109374955,0,0,0,0.19943519417491729,0
2023-09-28,1177.3025356797164,1177.3025356797164,1148.648088734931,1153.1439208984375,14518346,1189.7228393554688,1220.2135498046875,1187.4607820918466,32.39213169771811,-16.297624616923486,-12.418319400115136,-0.014690430083323935,1183.9721536919214,1202.4616874815902,1193.2169205867558,1223.2010278152197,1244.68994140625,0,0,1,0,29.984107228463927,91.5460205078125,1232.0334985718937,1189.7228393554688,1147.4121801390438,0.06773400445116008,7.112691765982521,-36.57891845703125,0,0,0,-0.15615514944194997,1
2023-09-29,1156.9480197858836,1170.4353956391562,1153.1439190620806,1158.5289306640625,12342014,1188.19130859375,1217.5576440429688,1184.705367670153,31.07810207933342,-16.542009773683503,-13.24305747482881,0.004669850543399079,1179.7727666936598,1201.7329033305095,1190.7528350120847,1223.2010278152197,1246.0732421875,0,0,1,0,32.44819280313504,87.5443115234375,1232.6363090484456,1188.19130859375,1143.7463081390542,0.1663024229246741,7.481118593149329,-29.66237792968741,0,0,0,0.09856841847351401,0
2023-10-03,1151.0935156022144,1153.8849261975774,1144.201651539282,1145.2637939453125,8859056,1185.856951904297,1214.6677075195312,1180.9490273154063,21.3618720335633,-17.603154238467596,-14.115076827556567,-0.011449983136067599,1171.7693292937292,1190.888683093642,1181.3290061936855,1220.9778092173954,1225.1258544921875,0,0,1,0,39.64880302370989,79.862060546875,1234.0159441732949,1185.856951904297,1137.697959635299,0.07855058789180686,8.122226241818174,-40.59315795898442,0,0,0,-0.08775183503286724,0
2023-10-04,1140.743572417399,1145.683994991749,1133.8764332853668,1143.287841796875,10286386,1183.4719665527343,1212.5367724609375,1177.3622477422127,24.171514023130158,-18.391555295499074,-14.97037252114507,-0.0017253249067016307,1157.3433802005052,1180.5386532235657,1168.9410167120354,1214.5507734749247,1219.4691162109375,0,0,1,0,45.60975676288922,76.1812744140625,1234.9860145199184,1183.4719665527343,1131.9579185855503,0.1099692574978987,8.70557975568045,-40.18412475585933,0,0,0,0.03141866960609184,0
2023-10-05,1145.8074528562056,1150.8219332922222,1140.743519950406,1143.26318359375,10953682,1180.7670837402343,1210.9109375,1174.1147178233114,20.1308660417603,-18.801625093758958,-15.736623035667847,-2.1567799659449882e-05,1155.5894844825416,1180.2916230842277,1167.9405537833845,1210.5999319940038,1207.315673828125,0,0,1,0,42.65937821061925,64.052490234375,1234.7040901365638,1180.7670837402343,1126.8300773439048,0.15233609860635036,9.135926490341676,-37.503900146484284,0,0,0,0.04236684110845167,1
2023-10-06,1144.7206253894865,1148.5494528467332,1142.2504141267464,1145.18994140625,5431026,1178.032568359375,1209.3393896484374,1171.3599772121627,20.70153323288703,-18.754939838478094,-16.340286396229896,0.0016853143179538232,1155.5894844825416,1180.2916230842277,1167.9405537833845,1202.698631926406,1195.755126953125,0,0,1,0,34.75807814302152,50.565185546875,1233.344179757227,1178.032568359375,1122.7209569615231,0.2031127269381945,9.390506321040586,-32.84262695312509,0,0,0,0.050776628331844126,0
2023-10-09,1140.2989816654238,1142.200971985465,1133.8269798521974,1135.4326171875,7576878,1174.7286682128906,1207.1749169921875,1167.9383238764806,17.574150564148695,-19.282993609329424,-16.928827838849802,-0.008520267132951176,1155.564757765957,1180.2668963676429,1167.9158270668,1202.6739052098214,1194.6187744140625,0,0,1,0,34.75807814302152,59.1861572265625,1231.8987540604385,1174.7286682128906,1117.5585823653428,0.15632331626911386,9.733326068311662,-39.296051025390625,0,0,0,-0.04678941066908063,1
2023-10-10,1139.5331157395624,1145.1404226117538,1138.1497733893898,1140.447021484375,10236032,1171.2753112792968,1205.3421142578125,1165.320104601042,22.737855885598975,-19.076952276663405,-17.358452726412523,0.004416294037153712,1155.564757765957,1180.2668963676429,1167.9158270668,1202.6739052098214,1189.1595458984375,0,0,1,0,34.75807814302152,48.7125244140625,1227.9653120722783,1171.2753112792968,1114.5853104863154,0.2280976418795662,9.680047081512061,-30.82828979492183,0,0,0,0.07177432561045233,1
2023-10-11,1143.4358505583396,1160.850836659799,1142.7195135510772,1158.5535888671875,9814118,1168.075146484375,1203.6238134765624,1164.6756745311511,41.45939698400998,-17.25372417891822,-17.337507016913662,0.01587672819667274,1155.564757765957,1180.2668963676429,1167.9158270668,1202.6739052098214,1191.950927734375,0,0,1,0,34.75807814302152,33.3973388671875,1219.836140093743,1168.075146484375,1116.3141528750068,0.4080238133656677,8.86261363665793,-9.521557617187455,0,0,0,0.1799261714861015,1
2023-10-12,1157.9607991424273,1165.618452848462,1155.1446622546923,1160.70263671875,12554450,1165.8655334472655,1201.7377880859376,1164.2972899775891,46.22909996442547,-15.457211462567102,-16.96144790604435,0.0018549403948278087,1152.131187745677,1180.2668963676429,1166.19904205666,1202.6739052098214,1190.987548828125,0,0,1,0,36.47486315316155,30.284912109375,1214.8492334707187,1165.8655334472655,1116.8818334238124,0.44729984948009677,8.402975921008093,-5.162896728515534,0,0,0,0.03927603611442909,0
2023-10-13,1156.058825491677,1164.7045645712087,1150.6984190160554,1160.6534423828125,10150316,1163.3520935058593,1200.2057299804687,1163.9502568733246,48.54721641938976,-13.877461031112261,-16.34465053105793,-4.238323786065479e-05,1149.7227163503298,1180.2668963676429,1164.9948063589864,1202.6739052098214,1197.36083984375,0,0,1,0,37.67909885083509,36.7073974609375,1207.7766941499176,1163.3520935058593,1118.927492861801,0.4696266135888408,7.6373439979260285,-2.6986511230468295,0,0,0,0.022326764108744013,0
2023-10-16,1158.5290083696575,1163.2471357038708,1154.0826283801794,1158.0596923828125,5929036,1160.6533813476562,1198.8861596679687,1163.3892507313712,50.97193463689536,-12.688525951982683,-15.613425615242882,-0.002234732526769645,1149.7227163503298,1180.2668963676429,1164.9948063589864,1202.6739052098214,1199.8802490234375,0,0,1,0,37.67909885083509,41.820556640625,1199.0725237920278,1160.6533813476562,1122.2342389032847,0.46624483525889154,6.620261149760731,-2.59368896484375,0,0,0,-0.0033817783299492366,1
2023-10-17,1163.963549268257,1165.7914814830851,1156.7011522648252,1163.593017578125,7928180,1158.1189453125,1197.7801513671875,1163.4086570977288,53.28019955045209,-11.171020664127127,-14.724944625019731,0.0047781001546882695,1149.8092306676413,1180.2668963676429,1165.038063517642,1202.6739052098214,1201.5106201171875,0,0,1,0,37.63584169217938,37.9176025390625,1187.7308550930231,1158.1189453125,1128.507035531977,0.5924302469208769,5.113794209200643,5.4740722656249545,0,0,1,0.12618541166198532,0
2023-10-18,1163.5929949263082,1169.3979912920374,1146.672048073012,1148.1541748046875,8918320,1155.3411987304687,1196.0340454101563,1161.9558492602962,38.729863792596596,-11.086375538313632,-13.997230807678513,-0.013268249757609873,1151.6124855721173,1180.2668963676429,1165.93969096988,1202.6739052098214,1209.51416015625,0,0,1,0,36.734214239941366,61.3599853515625,1176.5583726324148,1155.3411987304687,1134.1240248285226,0.33063192206946135,3.6728844994466283,-7.1870239257812045,0,0,1,-0.2617983248514155,0
2023-10-19,1142.2256445327594,1147.0672825471008,1136.7911799610206,1139.33544921875,12032556,1153.4638366699219,1193.9707666015624,1159.8015254468155,42.33192380120852,-11.597205751003685,-13.517225796343547,-0.0076807851937111815,1151.6124855721173,1180.2668963676429,1165.93969096988,1202.6739052098214,1222.556884765625,0,0,1,0,36.734214239941366,83.221435546875,1173.3258644042894,1153.4638366699219,1133.6018089355543,0.14433673036501357,3.4438925786715058,-14.128387451171875,0,0,1,-0.18629519170444778,0
2023-10-20,1136.297006705027,1143.559402581249,1134.4690747739153,1135.8524169921875,8913312,1151.8409057617187,1191.9874877929688,1157.5206579749463,37.13560364313257,-12.143115687840236,-13.242403774642886,-0.0030570735150484696,1151.9335330329764,1176.5615992505545,1164.2475661417654,1202.6739052098214,1204.8948974609375,0,0,1,0,38.426339068055995,69.04248046875,1171.8885761207446,1151.8409057617187,1131.7932354026927,0.10123823658311551,3.4809790586084945,-15.988488769531159,0,0,1,-0.04309849378189806,0
2023-10-23,1131.3565651682993,1139.3847504014805,1114.1885998234964,1118.1162109375,7853962,1149.574481201172,1189.4865307617188,1153.7678534951895,35.342710603010914,-13.847293862797187,-13.363381792273747,-0.015614886044486465,1141.793295557767,1166.7424092362041,1154.2678523969855,1192.8547151954708,1210.9222412109375,0,0,1,0,38.5868627984853,92.8060302734375,1173.6971625560716,1149.574481201172,1125.4517998462723,-0.15204754398669462,4.196801816563337,-31.45827026367192,0,1,1,-0.2532857805698101,0
2023-10-25,1111.6196977984057,1127.0090643806484,1108.1366760976812,1115.5225830078125,11620688,1147.536553955078,1186.8229321289064,1150.1254467821059,35.108543504477524,-15.231571369045469,-13.737019707628091,-0.002319640753185026,1138.7673336948592,1163.7164473732964,1151.2418905340778,1189.8287533325633,1212.033935546875,0,0,1,0,38.58686279848553,96.5113525390625,1175.6114840165137,1147.536553955078,1119.4616238936424,-0.07015228314389649,4.893078127171313,-32.013970947265534,0,1,1,0.08189526084279813,0
2023-10-26,1112.089019549233,1115.5473150342816,1096.9219477593886,1099.9849853515625,15222534,1144.6711059570312,1183.7432299804686,1145.3501647411017,30.099855745213503,-17.382006591601566,-14.466017084422788,-0.013928537075740377,1133.159969525713,1153.9096962058888,1143.534832865801,1184.221389163417,1214.28173828125,0,0,1,0,40.68655629761588,114.2967529296875,1179.146423608172,1144.6711059570312,1110.1957883058903,-0.14808859859758194,6.02361979292154,-44.68612060546866,0,1,0,-0.07793631545368546,1
2023-10-27,1106.654444909806,1123.2048573671625,1104.6535500268835,1119.4007568359375,11771084,1142.1243103027343,1180.755478515625,1142.8787925596575,39.78463427960795,-17.319898495515872,-15.036793366641405,0.017650942279152648,1133.159969525713,1148.1294774037826,1140.6447234647478,1184.221389163417,1203.7091064453125,0,0,1,0,43.5766656986691,84.308349609375,1176.1621822829534,1142.1243103027343,1108.0864383225153,0.16620190768678908,5.9604496066101404,-22.72355346679683,0,0,0,0.31429050628437105,1
2023-10-30,1123.4520304054054,1148.6481841216216,1121.4511352518443,1142.47265625,16813304,1141.5907470703125,1178.2498388671875,1142.8401129111187,52.52255215513922,-15.233367145090597,-15.076108122331243,0.020610937837202137,1133.159969525713,1138.866137437516,1136.0130534816144,1184.221389163417,1176.8826904296875,0,0,0,0,48.20833568180251,34.4100341796875,1175.253424852887,1141.5907470703125,1107.928069287738,0.5130992131015788,5.897503613963888,0.8819091796874545,0,0,0,0.3468973054147897,0
2023-10-31,1150.1303563093795,1150.1303563093795,1127.8490026208185,1130.3192138671875,12808438,1140.1802612304687,1175.8669140625,1141.6476463355061,46.54767641108478,-14.394526110251263,-14.939791719915249,-0.010637840928906295,1133.159969525713,1137.1122417195525,1135.1361056226328,1184.221389163417,1168.31103515625,0,0,1,0,49.085283540784076,37.9918212890625,1173.244548214079,1140.1802612304687,1107.1159742468583,0.35088068936479444,5.799835009935674,-9.861047363281159,0,0,0,-0.16221852373678436,1
2023-11-01,1130.9368464684328,1144.942993469817,1124.0449807279865,1135.0126953125,10309190,1139.667706298828,1173.39275390625,1141.0157462380769,41.167833468134546,-13.198865513412102,-14.59160647861462,0.0041523504048512905,1123.526152034384,1137.1122417195525,1130.3191968769684,1183.0644035954842,1163.4447021484375,0,0,0,0,52.745206718515874,28.4320068359375,1172.7187049226743,1139.667706298828,1106.6167076749819,0.4295783610155504,5.80011146076645,-4.6550109863280795,0,0,0,0.07869767165075597,1
2023-11-02,1143.1889695269997,1148.302354744411,1140.2247162104195,1146.2767333984375,10562104,1139.8171508789062,1171.4185620117187,1141.5167926343017,44.934117854837226,-11.213124223979776,-13.915910027687652,0.009924151626194977,1123.526152034384,1137.1122417195525,1130.3191968769684,1182.9412901609785,1156.2811279296875,0,0,0,0,52.622093284010134,10.00439453125,1172.9591777773815,1139.8171508789062,1106.675123980431,0.597453039600129,5.8153234267302665,6.4595825195312955,0,0,0,0.16787467858457855,0
2023-11-03,1149.7349795725816,1153.5638066087804,1144.078220526126,1146.0296630859375,8850156,1139.9554748535156,1169.4453564453124,1141.946589820172,44.871757552511845,-9.549268432698682,-13.042581708689859,-0.00021554159244552284,1125.2428771840846,1137.1122417195525,1131.1775594518185,1179.7110237639567,1157.2939453125,0,0,0,0,48.53346431213822,11.2642822265625,1173.1768752776638,1139.9554748535156,1106.7340744293674,0.5914198100451934,5.828543510160722,6.074188232421875,0,0,0,-0.006033229554935571,1
2023-11-06,1152.2546386732256,1156.0587394619763,1148.9445800808262,1155.564697265625,10647304,1140.4742126464844,1167.635185546875,1143.2435524340247,49.165676777819954,-7.376224633939728,-11.909310293739834,0.008320058796743801,1126.4903436106824,1137.1122417195525,1131.8012926651174,1176.5986169938192,1170.336669921875,0,0,0,0,44.797324328701734,14.77197265625,1174.324393257435,1140.4742126464844,1106.6240320355337,0.7229010945699176,5.936158877700697,15.090484619140625,0,0,0,0.13148128452472418,0
2023-11-07,1153.1193530516352,1155.6142905704305,1145.9557403314866,1148.055419921875,6960204,1141.1053527832032,1166.0937768554688,1143.7018255281057,44.87201387187851,-6.188668572488268,-10.765181949489522,-0.006498361676779307,1126.4903436106824,1133.6786716992724,1130.0845076549774,1176.5986169938192,1153.1439208984375,0,0,0,0,46.51410933884176,5.0885009765625,1175.0266260449978,1141.1053527832032,1107.1840795214086,0.6024440781605275,5.945335928721949,6.950067138671784,0,0,0,-0.1204570164093901,1
2023-11-08,1152.1064866637696,1156.552866758098,1147.042553778562,1154.033203125,7884494,1141.7846618652343,1164.78505859375,1144.6857662516195,52.06954133281539,-4.710860820702692,-9.554317723732156,0.005206876862731802,1130.6032083924906,1133.159969525713,1131.881588959102,1175.8698328427386,1158.5289306640625,0,0,0,0,43.98824388363664,4.4957275390625,1176.167013722805,1141.7846618652343,1107.4023100076636,0.6781225046864949,6.022563274129687,12.248541259765716,0,0,0,0.07567842652596746,0
2023-11-09,1154.0085696526105,1154.0331752710283,1138.3720609954937,1141.50927734375,14513610,1140.9324462890625,1163.4689306640626,1144.383243498489,50.745778611632275,-4.49840881742989,-8.543135942471704,-0.010852309749265876,1139.0020010049711,1133.159969525713,1136.080985265342,1167.2488312036953,1145.2637939453125,1,0,0,0,31.167845938353366,3.7545166015625,1174.4438893864924,1140.9324462890625,1107.4210031916325,0.5086064788826087,5.874395667583567,0.5768310546875455,0,0,0,-0.16951602580388625,1
2023-11-10,1139.039102652828,1144.3747829309668,1135.3337858785344,1143.6583251953125,7734954,1140.0802307128906,1162.4269946289062,1144.3142036600914,52.70272326440077,-4.109259882918423,-7.656360730561048,0.001882637219176475,1140.2989237430422,1133.159969525713,1136.7294466343776,1162.0614104605766,1143.287841796875,1,0,0,0,25.331963826198944,-0.3704833984375,1172.382331730569,1140.0802307128906,1107.7781296952123,0.5553848568621536,5.666636460748001,3.578094482421875,0,0,0,0.04677837797954487,0
2023-11-13,1147.610585630105,1148.4505538682092,1142.077337077115,1143.5101318359375,3854810,1139.2230651855468,1161.4048217773438,1144.2376253911243,60.011781567429736,-3.7693636365941074,-6.878961311767661,-0.0001295783505529391,1140.2989237430422,1133.159969525713,1136.7294466343776,1161.8143803212386,1143.26318359375,1,0,0,0,25.08493368686095,-0.2469482421875,1170.1776809294215,1139.2230651855468,1108.2684494416721,0.5692476153776679,5.434337960640406,4.2870666503906705,0,0,1,0.013862758515514328,1
2023-11-15,1156.0586992213753,1166.902900930662,1149.6361508923676,1164.1856689453125,12220648,1139.529364013672,1160.9053442382813,1146.1374390629517,66.79171180703565,-1.8107768521269918,-5.865324419839528,0.018080764248393555,1151.1183434045984,1133.159969525713,1142.1391564651558,1161.8143803212386,1145.18994140625,1,1,0,0,19.675223856082766,-18.9957275390625,1171.333067766885,1139.529364013672,1107.7256602604589,0.8876326028403145,5.581901574031138,24.656304931640534,0,0,0,0.31838498746264665,1
2023-11-16,1161.542667627995,1172.9302438744137,1159.492320123304,1166.285400390625,13134910,1139.6639831542968,1160.3920336914061,1148.05629252273,75.216141807225,-0.08813595866331525,-4.709886727604285,0.0018036053022494336,1154.132014876474,1134.9260958169011,1144.5290553466875,1161.8143803212386,1135.4326171875,1,1,0,0,17.28532497455103,-30.852783203125,1171.8939117163804,1139.6639831542968,1107.4340545922132,0.9129921849663438,5.65604055905662,26.62141723632817,0,0,0,0.02535958212602929,0
2023-11-17,1162.4319266451018,1172.4857343750468,1162.012063114762,1163.7412109375,7758634,1140.4433349609376,1159.8471069335938,1149.5500942765177,69.34698847288342,1.0595605793700997,-3.5559972662094084,-0.0021814467130196746,1154.132014876474,1134.9260958169011,1144.5290553466875,1161.8143803212386,1140.447021484375,1,1,0,0,17.28532497455103,-23.294189453125,1174.1755843205005,1140.4433349609376,1106.7110856013746,0.845335345535704,5.915637949818586,23.29787597656241,0,0,0,-0.06765683943063983,0
2023-11-20,1160.2828426994563,1165.1490860409533,1154.2801575494675,1160.6781005859375,4490186,1141.5104675292969,1159.1134521484375,1150.6099044012244,59.62396961401905,1.7023275759454464,-2.5043322977784377,-0.002632123295775446,1154.132014876474,1134.9260958169011,1144.5290553466875,1161.8143803212386,1158.5535888671875,1,0,0,0,17.28532497455103,-2.12451171875,1176.3666466801749,1141.5104675292969,1106.6542883784189,0.7749531578557687,6.1070275117706565,19.167633056640625,0,0,0,-0.07038218767993532,1
2023-11-21,1168.9038812090423,1179.7728099438689,1166.0384122376151,1175.2769775390625,8214450,1143.4816955566407,1158.62138671875,1152.9591494619708,73.16710783228326,3.351102984611998,-1.3332452413003506,0.01257788610447208,1157.5532979112018,1138.3473788516287,1147.9503383814153,1161.8143803212386,1160.70263671875,1,1,0,0,13.86404193982321,-14.5743408203125,1181.1784195220835,1143.4816955566407,1105.784971591198,0.9217247367645142,6.593323550683018,31.795281982421784,0,0,0,0.14677157890874548,1
2023-11-22,1173.3502489811203,1182.9593458443585,1171.9669066696931,1179.87158203125,8534814,1146.5694641113282,1158.1886059570313,1155.5222382780926,73.1397360884776,4.971210537962406,-0.0723540854477992,0.00390938015463238,1159.1465658614466,1139.9406468018735,1149.5436063316602,1161.8143803212386,1160.6534423828125,1,1,0,0,12.270773989578402,-19.2181396484375,1185.5446991288586,1146.5694641113282,1107.5942290937978,0.9272215152127121,6.798582421299513,33.302117919921784,0,0,0,0.005496778448197959,1
2023-11-23,1179.8716170501546,1185.7013394254852,1179.8716170501546,1183.4781494140625,8531542,1149.9672424316407,1157.6678857421875,1158.1847060053278,70.83577183300426,6.471576981661201,1.236432127974001,0.003056745698208463,1160.51756265201,1141.311643592437,1150.9146031222235,1161.8143803212386,1158.0596923828125,1,1,0,0,10.899777199015034,-25.41845703125,1189.369752497877,1149.9672424316407,1110.5647323654043,0.925238226271491,6.852805647388449,33.51090698242183,0,0,0,-0.0019832889412211285,0
2023-11-24,1181.5514214570694,1186.9858858764198,1181.2796741129466,1182.6876220703125,6749486,1154.1023742675782,1156.8705004882813,1160.518317059136,70.40716196233637,7.510265581278418,2.491198818634884,-0.0006679695304399047,1164.5316114767675,1141.9539168179042,1153.242764147336,1161.8143803212386,1163.593017578125,1,1,0,0,8.571616173902612,-19.0946044921875,1188.7237546920132,1154.1023742675782,1119.480993843143,0.9128265172026393,5.999706992441924,28.58524780273433,0,0,0,-0.012411709068851695,1
2023-11-28,1182.6876712625676,1185.5531403805655,1173.4738317237427,1182.9346923828125,13792174,1157.279071044922,1156.4312963867187,1162.653209947105,66.99399262379697,8.258175186177368,3.6445940921433815,0.00020890580732335629,1168.3110183843937,1141.9539168179042,1155.132467601149,1161.8143803212386,1148.1541748046875,1,1,0,0,6.6819127200894854,-34.780517578125,1190.198585560448,1157.279071044922,1124.3595565293958,0.8896719273577138,5.689122933123234,25.65562133789058,0,0,0,-0.023154589844925466,1
2023-11-29,1189.6536514263266,1191.605094048659,1184.7379555197092,1186.047119140625,12531306,1159.4577941894531,1155.9337939453126,1164.8812012988687,74.95133644395273,8.998318746921768,4.715339023099059,0.0026311061615269526,1172.9426257990633,1144.2635209040238,1158.6030733515436,1161.8143803212386,1139.33544921875,1,1,0,0,3.211306969694988,-46.711669921875,1193.9016794553074,1159.4577941894531,1125.0139089235988,0.8859803379604654,5.941378019703276,26.589324951171875,0,0,0,-0.0036915893972484515,0
2023-11-30,1183.083020320613,1186.0472739919132,1170.830747689414,1174.560791015625,28439984,1161.669873046875,1155.1843310546874,1165.803066986179,62.571995047817275,8.559370076599862,5.48414523379922,-0.009684546203630351,1172.9426257990633,1144.2635209040238,1158.6030733515436,1158.1090832041502,1135.8524169921875,1,1,0,1,0.49399014739333325,-38.7083740234375,1193.959450168732,1161.669873046875,1129.380295925018,0.6996142272179849,5.55916579590149,12.890917968750045,0,0,0,-0.18636611074248044,1
2023-12-01,1174.8323419889748,1183.9226701483003,1174.6347733568996,1182.88525390625,14342842,1164.0635009765624,1154.5564013671874,1167.4299419309477,76.71462844856667,8.781981462048634,6.143712479449103,0.007087298464498293,1172.9426257990633,1144.2635209040238,1158.6030733515436,1158.1090832041502,1118.1162109375,1,1,0,1,0.49399014739333325,-64.76904296875,1195.169712962185,1164.0635009765624,1132.9572889909398,0.8025400993600098,5.344418403210277,18.82175292968759,0,0,1,0.10292587214202487,1
2023-12-04,1210.4035134582498,1210.4035134582498,1185.0097900344597,1195.6810302734375,15590990,1166.5337158203124,1154.39583984375,1170.1205217730894,79.52902667915723,9.87705822396174,6.890381628351631,0.010817428254289219,1188.2209628479325,1153.6627306088192,1170.9418467283758,1158.1090832041502,1115.5225830078125,1,1,0,1,12.832763524225584,-80.158447265625,1199.3947625198539,1166.5337158203124,1133.672669120771,0.9434933969028412,5.633964325914647,29.14731445312509,0,0,0,0.14095329754283137,1
2023-12-05,1204.9689932142376,1205.8830195816831,1196.3973123183705,1204.3514404296875,12693624,1169.4498046875,1154.94521484375,1173.3806092641942,81.48822505199476,11.314121930529382,7.775129688787182,0.007251440757797489,1190.617130573832,1157.5285317425667,1174.0728311581993,1153.9096962058888,1099.9849853515625,1,1,0,1,20.16313495231043,-104.366455078125,1204.7738321515847,1169.4498046875,1134.1257772234155,0.9940211839897557,6.041136151803256,34.90163574218741,0,0,0,0.05052778708691452,1
2023-12-06,1208.9708595498532,1221.7417795681863,1202.992899973077,1215.887451171875,16422442,1172.4659423828125,1155.8967431640624,1177.4288799220685,79.55397701502326,13.231342250658145,8.866372201161376,0.009578608332192262,1196.2862636288,1171.5964574100153,1183.9413605194077,1159.3318636637873,1119.4007568359375,1,1,0,1,24.609496855620364,-96.4866943359375,1212.5175382370753,1172.4659423828125,1132.4143465285497,1.0420696462016383,6.832027167094614,43.4215087890625,1,0,0,0.04804846221188264,0
2023-12-07,1215.3438750518303,1215.813191043024,1206.4511149904754,1213.886474609375,8142096,1175.7574951171875,1156.9055786132812,1180.90103179705,77.24066917593672,14.423031354028126,9.977704031734726,-0.0016456922559496823,1196.2862636288,1172.8933801480864,1184.589821888443,1159.3318636637873,1142.47265625,1,1,0,1,25.257958224655795,-71.413818359375,1218.0038018135565,1175.7574951171875,1133.5111884208186,0.9512699745119332,7.186227920606751,38.128979492187455,0,0,0,-0.09079967168970515,0
2023-12-08,1217.2459307176134,1223.5943006598802,1207.9331869400896,1213.244140625,10204894,1178.7180419921874,1158.0448388671875,1183.9813278759025,78.95941819511373,15.141085560432884,11.01038033747436,-0.0005291549068306978,1197.2125241746471,1173.8196406939333,1185.5160824342902,1160.2581242096344,1130.3192138671875,1,1,0,1,25.257958224655795,-82.9249267578125,1222.722039811257,1178.7180419921874,1134.7140441731178,0.8923063851467872,7.466416267744079,34.52609863281259,0,0,0,-0.05896358936514601,1
2023-12-11,1213.3677374036308,1219.0986756148789,1211.589137099235,1215.0228271484375,7066138,1182.3937194824218,1159.1994165039061,1186.9376611399534,82.27694288647476,15.673005182016368,11.94290530638276,0.0014660582020378232,1197.2125241746471,1179.4640432692072,1188.3382837219272,1160.2581242096344,1135.0126953125,1,1,0,1,28.080159512292767,-80.0101318359375,1225.6258655745087,1182.3937194824218,1139.161573390335,0.8773708989199134,7.312648127226384,32.62910766601567,0,0,0,-0.014935486226873795,0
2023-12-12,1215.3438006129377,1217.7892853568703,1195.6561708810905,1197.5830078125,9197124,1185.0899536132813,1159.7443432617188,1187.9515036801959,62.815727497029805,14.519930919341732,12.458310428974555,-0.014353491100136284,1197.2125241746471,1179.4640432692072,1188.3382837219272,1160.2581242096344,1146.2767333984375,1,1,0,1,28.080159512292767,-51.3062744140625,1224.91452496883,1185.0899536132813,1145.2653822577327,0.6568510818067862,6.720936454507183,12.493054199218705,0,0,0,-0.22051981711312718,1
2023-12-13,1196.570097334269,1204.6477348008102,1188.813659637376,1202.473876953125,10031182,1188.0381408691405,1160.7309423828126,1189.3345868490462,62.941885302735464,13.841210663001675,12.734890475779979,0.004083950013251014,1199.11453700839,1179.4640432692072,1189.2892901387986,1160.2581242096344,1146.0296630859375,1,1,0,1,29.031165929164217,-56.4442138671875,1223.617532286093,1188.0381408691405,1152.4587494521882,0.7028665402790775,5.989604237945313,14.435736083984466,0,0,0,0.04601545847229127,1
2023-12-14,1212.379562868232,1222.7297228698085,1206.7721356331074,1217.39404296875,16972354,1190.6985595703125,1161.9082446289062,1192.0069160033038,67.19247548033786,14.341927857565452,13.056297952137076,0.0124078920146109,1204.30204534717,1179.4640432692072,1191.8830443081886,1160.2581242096344,1155.564697265625,1,1,0,1,31.624920098554185,-61.829345703125,1226.7006080839665,1190.6985595703125,1154.6965110566584,0.8707495059387121,6.047214590844232,26.695483398437545,0,0,0,0.16788296565963468,1
2023-12-15,1224.236571728094,1235.1055001292314,1220.308960360837,1232.9317626953125,15932152,1194.0308776855468,1163.6616040039062,1195.9045204501617,72.15681165848795,15.810263098074074,13.607090981324477,0.012763098206618473,1211.9595798833038,1185.219643003883,1198.5896114435934,1166.01372394431,1148.055419921875,1,1,0,1,32.57588749928345,-84.8763427734375,1232.621787782459,1194.0308776855468,1155.4399675886345,1.0040161648439367,6.463971881818507,38.900885009765716,1,0,0,0.1332666589052246,1
2023-12-18,1232.9317234441762,1252.3474847954778,1230.634354917611,1245.4803466796875,14165188,1198.1178344726563,1165.7054541015625,1200.6260277101167,74.88199392390113,17.781520905225534,14.44197696610469,0.010177841437828183,1220.5805722164268,1193.840635337006,1207.2106037767164,1174.6347162774332,1154.033203125,1,1,0,1,32.575887499283226,-91.4471435546875,1240.1697341753263,1198.1178344726563,1156.0659347699864,1.0631435504924882,7.019660085634037,47.36251220703116,1,0,0,0.05912738564855147,1
2023-12-19,1262.2778691174958,1271.615218807123,1247.5553868731267,1263.8094482421875,16820604,1203.2744018554688,1168.1163793945314,1206.6434963322185,77.59462098325945,20.58546579723611,15.670674732330975,0.014716492003557846,1230.2144392222494,1203.4745023428286,1216.844470782539,1184.2685832832558,1141.50927734375,1,1,0,1,32.575887499283226,-122.3001708984375,1250.6530089385908,1203.2744018554688,1155.8957947723468,1.1388436692589419,7.874946397939393,60.535046386718705,1,0,0,0.07570011876645366,0
2023-12-20,1270.207325538083,1283.9417239360823,1244.9864450577063,1248.518798828125,17736722,1206.9364929199219,1170.1829565429687,1210.6316203794477,75.5546519906734,21.327929610683896,16.80212570800156,-0.012098856702907224,1236.3776917867292,1213.0095305065988,1224.693611146664,1190.4318358477353,1143.6583251953125,1,1,0,1,34.26177529892857,-104.8604736328125,1256.370577346487,1206.9364929199219,1157.5024084933568,0.9205833524637658,8.191662894701274,41.582305908203125,0,0,0,-0.2182603167951761,1
2023-12-21,1248.44470925444,1271.4176728398502,1244.121839762562,1266.0079345703125,13765454,1211.243310546875,1172.794462890625,1215.905555064292,77.01064255992638,23.06172343130129,18.05404525266151,0.014007907416855092,1236.3776917867292,1216.788937414225,1226.583314600477,1190.4318358477353,1143.5101318359375,1,1,0,1,36.151478752741696,-122.497802734375,1265.2888390784212,1211.243310546875,1157.1977820153286,1.0066526825755024,8.923975564768211,54.76462402343759,1,0,0,0.08606933011173667,1
2023-12-22,1264.5504141598008,1275.07341611771,1258.6465136069178,1267.242919921875,16541784,1215.4315490722656,1175.330380859375,1220.7948279078712,75.14305639308319,24.25581459024238,19.294399120177687,0.0009754957436201028,1236.3776917867292,1219.1109407427748,1227.744316264752,1190.4318358477353,1164.1856689453125,1,1,0,1,37.31248041701656,-103.0572509765625,1273.083645321719,1215.4315490722656,1157.7794528228123,0.9493450734681717,9.486687472191898,51.811370849609375,0,0,0,-0.05730760910733079,1
2023-12-26,1268.7003790735205,1280.5326657287192,1266.0819312708138,1273.66552734375,7465664,1219.9804443359376,1177.6326196289062,1225.8301326160502,74.74413557785748,25.427281308647707,20.520975557871694,0.005068173844893886,1236.3776917867292,1219.1109407427748,1227.744316264752,1190.4318358477353,1166.285400390625,1,1,0,1,37.31248041701656,-107.380126953125,1280.8475183861965,1219.9804443359376,1159.1133702856787,0.941002659036015,9.978368806295121,53.68508300781241,0,0,0,-0.008342414432156664,1
2023-12-27,1275.6170305456778,1284.460338165659,1271.2201029702012,1278.01318359375,9204156,1224.7343688964843,1179.9788305664063,1230.7999469948788,73.37781052422696,26.402149107299692,21.697210267757296,0.003413499193204217,1245.6162368993832,1219.3702478575633,1232.4932423784733,1190.6911429625238,1163.7412109375,1,1,0,1,41.80209941594944,-114.27197265625,1288.0864306319065,1224.7343688964843,1161.382307161062,0.9204978751897175,10.34543707506208,53.278814697265716,0,0,0,-0.020504783846297503,1
2023-12-28,1279.470665481518,1290.4383794995902,1278.0132649417642,1287.2518310546875,12302636,1229.7946044921875,1182.5107983398439,1236.1763169053368,76.1811622170974,27.602041349768115,22.87817648415946,0.007228914051542468,1255.3736699302135,1228.2383958686028,1241.8060328994081,1193.6801636294895,1160.6781005859375,1,1,0,1,48.12586926991867,-126.57373046875,1296.0773755959872,1229.7946044921875,1163.511833388388,0.933425048513144,10.779486405564354,57.457226562499955,0,0,0,0.012927173323426522,0
2023-12-29,1289.9937398232034,1291.4264140714613,1274.2831724837226,1277.074462890625,10864584,1234.9202880859375,1184.89109375,1240.0713784277452,71.32710661554776,27.415704861694167,23.785682159666404,-0.007906275927161754,1261.030384494536,1231.1285808804378,1246.079482687487,1194.174180915425,1175.2769775390625,1,1,0,1,51.905301772061875,-101.7974853515625,1299.1482990141008,1234.9202880859375,1170.6922771577742,0.828160363333028,10.40196870159342,42.1541748046875,0,0,0,-0.105264685180116,1
2024-01-01,1274.9006856426909,1287.8940202608817,1271.2447008145452,1279.69287109375,4030540,1239.7606689453125,1187.2130908203126,1243.8448539197457,71.48710352788294,27.166160918732203,24.461777911479565,0.002050317565037041,1267.7741269170117,1231.1285808804378,1249.4513538987248,1194.174180915425,1179.87158203125,1,1,0,1,55.277172983299806,-99.8212890625,1302.1378131710228,1239.7606689453125,1177.3835247196023,0.8200868093924251,10.062771918514828,39.932202148437455,0,0,0,-0.00807355394060294,1
2024-01-02,1277.099135940161,1291.920402508132,1271.1706293129728,1290.2900390625,7448800,1244.4911193847656,1190.0558081054687,1248.2682048857223,82.26992905728106,27.506421531653814,25.070706635514416,0.008281024461512132,1268.0211211353471,1231.375575098773,1249.69834811706,1194.4211751337602,1183.4781494140625,1,1,0,1,55.277172983299806,-106.8118896484375,1307.1284885513733,1244.4911193847656,1181.853750218158,0.8655878294945221,10.066342489864201,45.798919677734375,0,0,0,0.045501020102097,0
2024-01-03,1289.450180352941,1301.3071935056118,1273.2455715878027,1276.25927734375,9037536,1248.0865112304687,1192.7942846679687,1250.9340213102964,74.14713030861347,26.340280945619043,25.324621497535343,-0.010874114574227378,1272.714516634087,1236.0689705975128,1254.3917436158,1199.1145706325,1182.6876220703125,1,1,0,1,55.277172983299806,-93.5716552734375,1309.3346708168212,1248.0865112304687,1186.838351644116,0.7299886747908001,9.814729834067192,28.17276611328134,0,0,0,-0.13559915470372197,1
2024-01-04,1278.581319191514,1289.376190399316,1274.1843914947026,1282.854736328125,9612778,1251.4348754882812,1195.7343310546876,1253.9740894072324,72.65730495638844,25.652597374737297,25.390216672975736,0.005167804929185005,1279.9768535562648,1236.0689705975128,1258.0229120768888,1199.1145706325,1182.9346923828125,1,1,0,1,58.908341444388725,-99.9200439453125,1312.5977799440066,1251.4348754882812,1190.271971032556,0.7568538979585903,9.774844165480197,31.41986083984375,0,0,0,0.026865223167790164,1
2024-01-05,1285.9424160498672,1294.3165279752034,1283.521657474919,1288.3138427734375,8086406,1255.1562438964843,1199.1382836914063,1257.2445421087757,70.60657426433318,25.256960933077153,25.36356552499602,0.004255436169599225,1283.694562388213,1236.0689705975128,1259.8817664928629,1199.1145706325,1186.047119140625,1,1,0,1,60.76719586036279,-102.2667236328125,1315.7824899787975,1255.1562438964843,1194.529997814171,0.7734591123449623,9.660350474631931,33.157598876953216,0,0,0,0.01660521438637208,0
2024-01-08,1289.450262535967,1300.2944657165135,1269.1698042070248,1278.26025390625,7734652,1258.407049560547,1202.393037109375,1259.2460384704398,62.42749206543138,23.857165054244888,25.062285430845794,-0.00780367992130282,1285.2384988563183,1237.9709834312557,1261.6047411437871,1199.1145706325,1174.560791015625,1,1,0,1,62.49017051128703,-103.699462890625,1316.6196335931215,1258.407049560547,1200.1944655279724,0.6705233041587159,9.25178924464913,19.853204345703034,0,0,0,-0.10293580818624648,0
2024-01-09,1284.5098000629723,1287.8693113555237,1273.245613077726,1274.8759765625,5403074,1261.39970703125,1205.8908569335938,1260.734604003017,54.731719436183354,22.21861151429971,24.49355064753658,-0.0026475651835438097,1285.2384988563183,1243.1584917700357,1264.1984953131769,1199.1145706325,1182.88525390625,1,1,0,1,65.08392468067677,-91.99072265625,1316.4513909769767,1261.39970703125,1206.3480230855234,0.6223965241874863,8.728666042787141,13.476269531249955,0,0,0,-0.048126779971229605,1
2024-01-10,1273.1469362430112,1313.6584025883456,1272.183577934786,1309.261474609375,11102740,1266.9836303710938,1209.6880712890625,1265.3562107274322,72.32617489653589,23.424643639001715,24.27976924582961,0.026971641696151405,1291.4141033976853,1251.236031112861,1271.325067255273,1205.290175173867,1195.6810302734375,1,1,0,1,66.03489208140604,-113.5804443359375,1317.4772205098864,1266.9836303710938,1216.4900402323012,0.9186456550432579,7.970677588628865,42.277844238281205,0,0,0,0.29624913085577165,1
2024-01-11,1313.6582540274271,1346.265040325212,1312.6701695941608,1343.696044921875,23725852,1274.0447387695312,1213.7125390625,1272.817147317379,75.39157349947695,26.849510386828115,24.79371747402931,0.026300758847864092,1307.7174222661183,1267.539349981294,1287.6283861237062,1225.4592951760478,1204.3514404296875,1,1,0,1,62.16909094765833,-139.3446044921875,1325.956422328044,1274.0447387695312,1222.1330552110185,1.1708634875406765,8.149114701992167,69.65130615234375,1,0,0,0.2522178324974186,1
2024-01-12,1343.6961234746648,1356.961085397271,1329.7147038034357,1354.39208984375,15012164,1280.8946411132813,1218.1939965820313,1280.5861894627478,76.82484192744067,30.080078967789404,25.85098977278133,0.007960167005252261,1313.0654448021478,1272.8873725173235,1292.9764086597356,1239.2061103245578,1215.887451171875,1,1,0,1,53.77029833517781,-138.504638671875,1337.076643030174,1280.8946411132813,1224.7126391963886,1.1541013689685706,8.77230649791187,73.4974487304687,1,0,0,-0.016762118572105855,1
2024-01-15,1358.6159487812977,1379.810309335981,1349.72318984382,1377.5130615234375,8610594,1288.1237060546875,1223.04400390625,1289.8173201351944,78.98509789705153,34.11276629236022,27.50334507669711,0.017071106552575044,1324.4900567715029,1284.3119844866785,1304.4010206290907,1251.9276450319837,1213.886474609375,1,1,0,1,52.47337559710695,-163.6265869140625,1354.1109480864989,1288.1237060546875,1222.1364640228762,1.177323015149329,10.245482125923987,89.38935546874995,1,0,0,0.023221646180758393,0
2024-01-16,1373.4126778584214,1379.6623844587446,1354.1697570573224,1358.24560546875,9069024,1293.7619689941407,1227.2833813476564,1296.334299690771,70.67213760289457,35.34652463867428,29.071980989092545,-0.013987131296874233,1324.4900567715029,1284.3119844866785,1304.4010206290907,1251.9276450319837,1213.244140625,1,1,0,1,52.47337559710695,-145.00146484375,1363.3815137412682,1293.7619689941407,1224.1424242470132,0.9631144652613508,10.762342133345367,64.48363647460928,0,0,0,-0.21420854988797822,0
2024-01-17,1343.30084717423,1369.7568331827044,1338.8791932605309,1345.35107421875,12197382,1297.8390502929688,1231.2698095703124,1301.002563931531,64.69265899561827,34.88171145258252,30.233927081790544,-0.009493519580024645,1324.4900567715029,1284.3119844866785,1304.4010206290907,1257.5720476072577,1215.0228271484375,1,1,0,1,46.82897302183301,-130.3282470703125,1369.485732692255,1297.8390502929688,1226.1923678936826,0.8315716955392104,11.040919501245238,47.51202392578125,0,0,0,-0.1315427697221404,1
2024-01-18,1335.2972997496222,1354.663730119792,1335.1490629645289,1351.6500244140625,10279438,1302.9956115722657,1235.1915161132813,1305.826131596534,69.23668895800836,34.62250955367426,31.11164357616729,0.004682012239050959,1324.4900567715029,1284.3119844866785,1304.4010206290907,1257.5720476072577,1197.5830078125,1,1,0,1,46.82897302183301,-154.0670166015625,1374.546386188455,1302.9956115722657,1231.4448369560764,0.8399992040812098,10.982504312482254,48.654412841796784,0,0,0,0.008427508541999362,0
2024-01-19,1359.6041759840746,1359.6041759840746,1342.8067406703178,1351.156005859375,10422704,1307.2530151367187,1239.2535278320313,1310.1432624787094,68.6381094524829,33.985463741862986,31.686407609306432,-0.00036549294992371806,1325.9969436353836,1293.291222484544,1309.6440830599638,1257.5720476072577,1202.473876953125,1,1,0,1,52.07203545270613,-148.68212890625,1379.6220587486946,1307.2530151367187,1234.8839715247427,0.8033271446701217,11.071926057773481,43.90299072265634,0,0,0,-0.03667205941108809,0
2024-01-23,1355.4048574857818,1355.4048574857818,1306.791150318716,1312.7442626953125,20055420,1309.5280822753907,1242.4277490234374,1310.3909767850525,55.114228757788325,30.034870403374953,31.356100168120136,-0.02842879948539434,1325.9969436353836,1300.0596348484091,1313.0282892418963,1257.5720476072577,1217.39404296875,1,0,0,1,55.45624163463867,-95.3502197265625,1379.5455370099066,1309.5280822753907,1239.5106275408748,0.5229669903891574,10.693540013720975,3.216180419921784,0,0,0,-0.2803601542809643,1
2024-01-24,1319.314984194113,1333.4199132911328,1308.1497027138623,1327.8619384765625,21919128,1312.2379028320313,1246.1548022460938,1312.0548778985299,61.69524293284508,27.803366905304756,30.64555351555706,0.011516085966515988,1343.3007298273485,1305.2223321267961,1324.2615309770722,1257.5720476072577,1232.9317626953125,1,1,0,1,66.68948336981452,-94.93017578125,1380.6708842452306,1312.2379028320313,1243.804921418832,0.6141557427565012,10.429965673984777,15.624035644531205,0,0,0,0.0911887523673438,1
2024-01-25,1326.9480369708251,1347.895500834099,1319.2903820615336,1336.952392578125,11808872,1315.18486328125,1250.02068359375,1314.426069772777,62.12359961219188,26.463354897478894,29.809113791941428,0.006845933178860397,1343.3007298273485,1311.9660745492715,1327.63340218831,1257.5720476072577,1245.4803466796875,1,1,0,1,70.06135458105223,-91.4720458984375,1382.5364004636808,1315.18486328125,1247.8333260988193,0.6615963807768385,10.24213995504718,21.767529296874955,0,0,0,0.04744063802033727,1
2024-01-29,1348.241154971167,1435.1925816017736,1343.9677382154596,1430.795654296875,23893438,1322.3620544433593,1255.7663940429688,1325.5088873465006,72.87078558997331,32.5979834056925,30.366887714691646,0.0701919247384617,1370.991865960245,1339.6572106821677,1355.3245383212063,1285.263183740154,1263.8094482421875,1,1,0,1,70.06135458105223,-166.9862060546875,1405.110476850703,1322.3620544433593,1239.6136320360156,1.1552004056327032,12.51524453976807,108.43359985351572,1,0,0,0.49360402485586474,0
2024-01-30,1442.5538891928095,1442.5786154279806,1387.6905949006082,1390.8524169921875,14093978,1328.0509521484375,1260.2997290039064,1331.7320806460898,66.49060808329521,33.84647417949509,31.062805007652337,-0.027916800826681687,1374.6848828733482,1343.3502275952715,1359.0175552343098,1292.3279762525478,1248.518798828125,1,1,0,1,66.689578981762,-142.3336181640625,1413.1734517897974,1328.0509521484375,1242.9284525070777,0.8688887492046558,12.819161720211708,62.801464843749955,0,0,0,-0.28631165642804746,1
2024-01-31,1387.2705659116798,1417.160120483495,1385.788439238697,1409.6259765625,15130226,1334.547607421875,1265.1665405273438,1339.150546923843,68.88461122615028,35.93652755284711,32.03754951669129,0.013497880394033102,1374.6848828733482,1350.6125645174493,1362.6487236953988,1296.107383160174,1266.0079345703125,1,1,0,1,66.54134053522466,-143.6180419921875,1423.655463120452,1334.547607421875,1245.439751723298,0.9212780598973834,13.354016777373504,75.078369140625,0,0,0,0.052389310692727675,1
2024-02-01,1417.9011153905622,1426.1515960154993,1401.1531330404457,1409.650634765625,13349362,1340.5156372070312,1270.0847290039062,1345.8648410040128,65.56850088899255,37.16646771566161,33.063333156485356,1.7492727528489738e-05,1374.6848828733482,1354.3302733493972,1364.5075781113728,1298.429386488724,1267.242919921875,1,1,0,1,66.07819162264877,-142.40771484375,1432.8957589917238,1340.5156372070312,1248.1355154223386,0.8741876294541184,13.782774213237364,69.1349975585938,0,0,0,-0.047090430443265,1
2024-02-02,1416.0980132616144,1457.3258137867138,1416.0980132616144,1440.3306884765625,19652588,1348.7192077636719,1275.6777807617189,1354.8615883823509,65.16281769130433,40.153958250754386,34.481458175339164,0.021764296027886765,1382.058482052715,1363.2478089968693,1372.653145524792,1305.8029856680905,1273.66552734375,1,1,0,1,66.85015985670157,-166.6651611328125,1445.8362791613176,1348.7192077636719,1251.6021363660261,0.9716548769154473,14.401377371747643,91.61148071289062,0,0,0,0.09746724746132884,0
2024-02-05,1443.344407147716,1452.978230847658,1414.4676622830975,1421.8782958984375,8814432,1355.6703857421876,1280.6098071289061,1361.2441319553116,60.337549902299,40.565004039814085,35.69816734823415,-0.012811219482966152,1382.058482052715,1363.2478089968693,1372.653145524792,1305.8029856680905,1278.01318359375,1,1,0,1,66.85015985670157,-143.8651123046875,1452.836608121905,1355.6703857421876,1258.50416336247,0.84069406288903,14.334785712165868,66.20791015624991,0,0,0,-0.13096081402641724,0
2024-02-06,1424.6695010773788,1424.6695010773788,1402.9069175392074,1410.7869873046875,9047984,1361.79404296875,1285.228115234375,1365.9624991314427,55.29193594229774,39.53999245920795,36.466532370428915,-0.007800462687801102,1382.7377582502882,1363.2478089968693,1372.9927836235788,1311.6821130121643,1287.2518310546875,1,1,0,1,61.31067061141448,-123.53515625,1456.6173799573346,1361.79404296875,1266.9707059801656,0.7583380098816577,13.926237594910743,48.99294433593741,0,0,0,-0.08235605300737237,1
2024-02-07,1418.8152626559165,1432.2284612961826,1412.2197504708995,1424.966064453125,9296568,1369.1293334960938,1290.0578735351562,1371.5818863049362,60.78589628628622,39.41741697673706,37.056709291690545,0.01005047344215071,1388.3080979241236,1363.2478089968693,1375.7779534604965,1314.0782807380638,1277.074462890625,1,1,0,1,61.69967272243275,-147.8916015625,1459.5660592540805,1369.1293334960938,1278.692607738107,0.8087060621060804,13.210837507520951,55.83673095703125,0,0,0,0.050368052224422755,1
2024-02-08,1432.7224367107362,1442.0845126481563,1410.515263064875,1432.845947265625,14694634,1377.02783203125,1295.0610400390624,1377.4165587773828,64.37734889259042,39.50077536181857,37.54552250571615,0.005529874015297365,1400.6467760010867,1363.2478089968693,1381.947292498978,1314.0782807380638,1279.69287109375,1,1,0,1,67.86901176091419,-153.153076171875,1460.4812835164144,1377.02783203125,1293.5743805460856,0.834426642883056,12.120808242788005,55.818115234375,0,0,0,0.025720580776975588,1
2024-02-09,1436.6749118202338,1454.4357071881138,1433.6612057465102,1443.344482421875,12556798,1383.731982421875,1300.2692358398438,1383.6954086482867,64.86230875556524,39.95342333567919,38.02710267170876,0.0073270508782083965,1421.5571265127055,1363.2478089968693,1392.4024677547873,1314.0782807380638,1290.2900390625,1,1,0,1,78.3241870167235,-153.054443359375,1465.8649223370323,1383.731982421875,1301.5990425067178,0.8629025094047481,11.87122086625536,59.612499999999955,0,0,0,0.028475866521692095,0
2024-02-12,1443.344244359664,1443.591265452315,1425.1634678173984,1435.0443115234375,6674430,1388.2993957519532,1305.2491796875,1388.5857803506822,63.2614631717686,39.19063049896317,38.259808237159646,-0.005750651351443259,1421.5571265127055,1363.2478089968693,1392.4024677547873,1314.0782807380638,1276.25927734375,1,1,0,1,78.3241870167235,-158.7850341796875,1471.175149300626,1388.2993957519532,1305.4236422032805,0.7820180436973714,11.939175915838272,46.74491577148433,0,0,0,-0.08088446570737673,1
2024-02-13,1438.1569910396506,1461.376976810473,1436.6748642883215,1447.642578125,7715594,1392.9619201660157,1310.7108154296875,1394.2102372815698,73.22049411842822,39.151373840134056,38.438121357754525,0.00877900877373472,1431.2650549254595,1365.273390508749,1398.2692227171042,1316.1038622499436,1282.854736328125,1,1,0,1,82.16536046716055,-164.787841796875,1478.1429953567826,1392.9619201660157,1307.7808449752488,0.820967173967483,12.230208731135292,54.680657958984284,0,0,0,0.0389491302701116,1
2024-02-14,1440.1331160740654,1465.9715491065435,1440.1331160740654,1463.7236328125,7117888,1397.2724487304688,1316.3275830078126,1400.830560665468,73.30901722051584,39.9572668735002,38.74195046090367,0.011108442740284996,1434.4392333228755,1367.5706766567841,1401.00495498983,1318.401148397979,1288.3138427734375,1,1,0,1,82.60380659185103,-175.4097900390625,1487.4678116561552,1397.2724487304688,1307.0770858047824,0.8683736165947997,12.910204163495232,66.4511840820312,0,0,0,0.04740644262731675,0
2024-02-15,1465.674980481667,1467.0335965408117,1449.0505085860837,1453.076904296875,10006782,1402.014013671875,1321.4755004882813,1405.8064029160782,69.81699797349546,39.28399940411032,38.850360249545,-0.0072737286445034854,1434.9702570400095,1369.608587237799,1402.2894221389042,1320.8341849488556,1278.26025390625,1,1,0,1,81.45523719004859,-174.816650390625,1493.4660901608188,1402.014013671875,1310.5619371829314,0.7791784100778361,13.045814891597365,51.06289062499991,0,0,0,-0.08919520651696367,0
2024-02-16,1458.8819534815811,1459.4007219371786,1441.170612214809,1443.17138671875,9767498,1406.905029296875,1326.2518994140626,1409.3649728020469,52.95993049059486,37.51864600272529,38.58401740018106,-0.006816925896236836,1434.9702570400095,1369.608587237799,1402.2894221389042,1326.0216932876356,1274.8759765625,1,1,0,1,76.26772885126866,-168.29541015625,1496.1487533815066,1406.905029296875,1317.6613052122434,0.7031871585025009,12.686531390001878,36.266357421875,0,0,0,-0.07599125157533515,1
2024-02-19,1444.628841067812,1461.8708655513933,1436.2053974591388,1456.4364013671875,6729828,1412.1443481445312,1331.0628784179687,1413.847965998727,67.98040997947828,36.76614925276658,38.22044377069817,0.009191572650700364,1438.7744298028433,1386.9123734297639,1412.8434016163037,1327.9236280890939,1309.261474609375,1,1,0,1,84.91977352720983,-147.1749267578125,1500.0914270696314,1412.1443481445312,1324.197269219431,0.7518108262605141,12.455819979119997,44.29205322265625,0,0,0,0.04862366775801319,0
2024-02-20,1457.4491636292228,1457.918479579129,1444.3817720340203,1453.496826171875,7117496,1417.2613891601563,1335.8550854492187,1417.6240479199791,63.17108818058013,35.523102789181394,37.680975574394814,-0.002018334060143734,1438.7744298028433,1386.9123734297639,1412.8434016163037,1327.9236280890939,1343.696044921875,1,1,0,1,84.91977352720983,-109.80078125,1502.2792823668076,1417.2613891601563,1332.243495953505,0.713104769155135,11.997489504322322,36.23543701171866,0,0,0,-0.03870605710537911,0
2024-02-21,1456.4365283424868,1470.7884795851646,1440.18258683898,1450.2115478515625,12720292,1424.1347534179688,1340.59443359375,1420.7276193420348,61.94353084955339,33.88231081877825,36.9212426232715,-0.0022602583377943075,1447.9759737012814,1388.7898149519403,1418.3828943266108,1329.8010696112703,1354.39208984375,1,1,0,1,88.58182471534042,-95.8194580078125,1495.3488409785025,1424.1347534179688,1352.920665857435,0.6830873309401584,10.001032190193747,26.076794433593705,0,0,0,-0.0300174382149766,1
2024-02-22,1450.6561919754165,1467.2559381666686,1440.6271108051608,1464.0941162109375,18493728,1430.9463623046875,1345.575859375,1424.857761900978,57.76555344577236,33.31810819463726,36.20061573754465,0.009572788452789194,1447.9759737012814,1388.7898149519403,1418.3828943266108,1329.8010696112703,1377.5130615234375,1,1,0,1,88.58182471534042,-86.5810546875,1488.83861878336,1430.9463623046875,1373.0541058260148,0.7862883218108938,8.091464223079772,33.147753906250045,0,0,0,0.10320099087073542,1
2024-02-23,1471.7517883622584,1479.7059164315408,1465.6750448712426,1475.82763671875,14438584,1437.8901245117188,1351.140751953125,1429.7120356931466,68.43961718287787,33.43238289492615,35.646969169020956,0.008014184592298523,1457.9556569453398,1393.2485333751283,1425.602095160234,1334.2597880344583,1358.24560546875,1,1,0,1,91.34230712577573,-117.58203125,1480.2521654853979,1437.8901245117188,1395.5280835380397,0.9477772002369175,5.8922500755145615,37.937512207031205,0,0,0,0.16148887842602366,0
2024-02-26,1475.753583346703,1476.7169415654328,1464.8352018923576,1469.6026611328125,7513106,1439.8304748535156,1356.4833276367187,1433.5111428778766,70.79465591266053,32.64433928977951,35.046443193172664,-0.004217955695542952,1457.9556569453398,1393.2485333751283,1425.602095160234,1334.2597880344583,1345.35107421875,1,1,0,1,91.34230712577573,-124.2515869140625,1484.2213902746128,1439.8304748535156,1395.4395594324185,0.8353409813345211,6.166130832258339,29.772186279296875,0,0,0,-0.11243621890239641,0
2024-02-27,1465.3540321072526,1482.0772898132236,1460.4383358684995,1467.94775390625,10826044,1443.6852416992188,1361.4944018554688,1436.790820118674,66.67301186836832,31.522895554969864,34.341733665532104,-0.001126091609882418,1459.1413436361813,1394.4342200659698,1426.7877818510756,1335.4454747252998,1351.6500244140625,1,1,0,1,91.34230712577573,-116.2977294921875,1483.5533079688084,1443.6852416992188,1403.817175429629,0.8042850390957895,5.5230967413180645,24.26251220703125,0,0,1,-0.031055942238731538,0
2024-02-28,1465.3292067243185,1473.5056294891751,1432.8953836215212,1438.2803955078125,8647950,1445.1179626464843,1365.6013745117189,1436.932684441449,51.80326620484948,27.918409388448936,33.05706881011547,-0.020210091482814607,1457.4863367173725,1394.4342200659698,1425.9602783916712,1344.4247127231656,1351.156005859375,1,1,0,1,81.53556566850557,-87.1243896484375,1481.9294787109625,1445.1179626464843,1408.3064465820062,0.4071273358220928,5.094603626276185,-6.8375671386718295,0,0,1,-0.3971577032736967,1
2024-02-29,1447.5437052316252,1461.352161163495,1437.1935448412644,1443.393798828125,23628976,1446.8051208496095,1369.5596435546875,1437.5480286687516,50.01697073975623,25.184130071131904,31.482481062318758,0.0035552200643791387,1457.4863367173725,1395.1134962635429,1426.2999164904577,1351.1931250870302,1312.7442626953125,1,1,0,1,75.10679140342745,-130.6495361328125,1479.8612849121362,1446.8051208496095,1413.7489567870828,0.4484011209674563,4.5695392677508755,-3.411322021484466,0,0,1,0.041273785145363506,1
2024-03-01,1446.061542580972,1482.1266237591103,1445.0734581651325,1474.345458984375,12132926,1448.505859375,1373.7703637695313,1441.052545841668,61.70026420127267,25.22396811052886,30.23077847196078,0.021443669898941753,1457.5110036903156,1400.7085029103218,1429.1097533003187,1356.3804893383608,1327.8619384765625,1,1,0,1,72.72926396195794,-146.4835205078125,1483.4980060140174,1448.505859375,1413.5137127359826,0.8692199834999976,4.831481545282222,25.839599609375,0,0,1,0.4208188625325413,1
2024-03-04,1472.7150995331629,1494.4282305064353,1469.503825173054,1489.4384765625,10024420,1451.8838684082032,1378.5887573242187,1445.6607297198425,62.26084702087401,26.171729023860962,29.418968582340817,0.010237097069856427,1463.6618070639784,1419.1979843609474,1441.429895712463,1369.2750351344987,1336.952392578125,1,1,0,1,72.1548605779642,-152.486083984375,1488.9256954273567,1451.8838684082032,1414.8420413890497,1.006921650150763,5.102588137405912,37.55460815429683,1,0,1,0.13770166665076533,0
2024-03-05,1487.832861835706,1489.4384990399917,1468.3429205099196,1482.32421875,7107668,1455.4607299804688,1382.9150830078124,1449.1524905798576,55.75948764236566,26.04850428403438,28.74487572267953,-0.004776469739736444,1463.6618070639784,1440.108334872566,1451.8850709682722,1369.2750351344987,1430.795654296875,1,1,0,1,82.61003583377351,-51.528564453125,1489.6433783943532,1455.4607299804688,1421.2780815665844,0.8929404246895578,4.697158461203293,26.86348876953116,0,0,1,-0.11398122546120515,1
2024-03-06,1475.654687549837,1491.0194491388315,1460.882873129067,1485.0909423828125,7805676,1458.466973876953,1387.2720434570313,1452.5752002753773,60.42138709167248,25.875818931129288,28.171064364369485,0.0018664767112457348,1463.6618070639784,1440.108334872566,1451.8850709682722,1369.2750351344987,1390.8524169921875,1,1,0,1,82.61003583377351,-94.238525390625,1491.961875211385,1458.466973876953,1424.9720725425211,0.8974331531839846,4.593165554567818,26.623968505859466,0,0,1,0.004492728494426834,0
2024-03-07,1485.0660912540775,1485.1896018011073,1457.9679496051947,1461.302734375,8315726,1459.8898132324218,1391.0247875976563,1453.4063939991509,55.41297376093294,23.548008184713126,27.246453128438215,-0.01601801433765704,1463.6618070639784,1447.7906817734406,1455.7262444187095,1376.5373720566765,1409.6259765625,1,1,0,1,79.18887236203295,-51.6767578125,1491.260682437374,1459.8898132324218,1428.5189440274696,0.5225196365033317,4.297703692512554,1.4129211425781705,0,0,1,-0.374913516680653,0
2024-03-11,1471.257625711574,1471.257625711574,1446.0614742974403,1449.12451171875,11277130,1460.1788146972656,1394.4470141601562,1452.9985956867317,47.80283428105263,20.484389317538216,25.894040366258217,-0.008333812268857876,1463.6618070639784,1448.6675740228213,1456.1646905434,1380.2550808886244,1409.650634765625,1,0,0,1,75.90960965477552,-39.473876953125,1491.0369756323805,1460.1788146972656,1429.3206537621506,0.3208852594657322,4.2266276738870046,-11.05430297851558,0,0,1,-0.20163437703759945,1
2024-03-12,1449.1245651727334,1470.269595576354,1447.568380480176,1457.844482421875,9432678,1461.3188232421876,1397.8588671875,1453.4601087091262,51.26257577368924,18.546287989744314,24.42448989095544,0.006017406118389745,1463.6618070639784,1448.6675740228213,1456.1646905434,1381.79901735673,1440.3306884765625,1,1,0,1,74.36567318666994,-17.5137939453125,1489.9853331421182,1461.3188232421876,1432.652313342257,0.439400700810094,3.923375165500024,-3.474340820312591,0,0,1,0.11851544134436182,0
2024-03-13,1462.142657909758,1465.4279903850718,1410.7622676768488,1415.10986328125,13522134,1459.6921875,1400.6195751953126,1449.807704382662,41.70656874434348,13.40744937709519,22.22108178818339,-0.029313565099640226,1452.595249091642,1448.6675740228213,1450.6314115572318,1381.79901735673,1421.8782958984375,1,0,0,1,68.83239420050177,6.7684326171875,1494.3451913311978,1459.6921875,1425.0391836688023,-0.14326781649175493,4.74798784674564,-44.582324218750045,0,1,1,-0.582668517301849,0
2024-03-14,1422.545060878272,1431.264978068201,1408.514310659922,1414.4180908203125,18571102,1457.2269104003906,1403.3140795898437,1446.4372649957716,37.482898201235265,9.173318195063302,19.611529069559374,-0.0004888471763835334,1451.4712705831787,1451.4712705831787,1451.4712705831787,1381.79901735673,1410.7869873046875,0,0,0,1,69.67225322644867,-3.631103515625,1497.0165895343619,1457.2269104003906,1417.4372312664193,-0.0379387382836313,5.461013497621806,-42.80881958007808,0,1,0,0.10532907820812364,0
2024-03-15,1408.9589780840722,1416.1473166057365,1396.0645483366263,1401.3260498046875,19223818,1454.6393676757812,1405.5347998046875,1442.140958787097,31.355132221210013,4.707060370913723,16.630635329830245,-0.00925613232791167,1445.2463894215307,1445.2463894215307,1445.2463894215307,1381.79901735673,1424.966064453125,0,0,0,1,63.447372064800675,23.6400146484375,1501.3081344166528,1454.6393676757812,1407.9706009349095,-0.07118841566047664,6.416541141113057,-53.31331787109366,0,1,0,-0.03324967737684534,1
2024-03-18,1403.0798345242215,1424.5459437848976,1399.6462653903534,1422.32275390625,9169392,1453.5969360351562,1408.4560693359374,1440.2535107032068,38.982271708637256,2.8291645638450973,13.870341176633216,0.014983453782571932,1443.541998737729,1445.2463894215307,1444.3941940796299,1381.79901735673,1432.845947265625,0,0,0,1,62.59517672289985,10.523193359375,1502.1376088969123,1453.5969360351562,1405.0562631734,0.1778559063450241,6.67869774053818,-31.274182128906205,0,0,0,0.24904432200550075,0
2024-03-19,1411.7256294896863,1420.4701525728194,1400.3626585436627,1408.267333984375,8275764,1451.1884826660157,1410.9643212890626,1437.207208158556,36.852412003760584,0.20440740426761295,11.137154422160096,-0.009882018608837861,1443.541998737729,1445.2463894215307,1444.3941940796299,1381.79901735673,1443.344482421875,0,0,0,1,62.59517672289985,35.0771484375,1503.5558043761127,1451.1884826660157,1398.8211609559187,0.0901914850710704,7.2171633575663,-42.921148681640716,0,0,0,-0.0876644212739537,1
2024-03-20,1410.9352137218616,1427.7821026954816,1407.0570544283007,1426.5469970703125,8488806,1449.8409912109375,1413.728984375,1436.1919499596756,47.278589532479124,-0.3961489549765247,8.830493746732772,0.012980250727125275,1440.6270750688668,1445.2463894215307,1442.9367322451988,1381.79901735673,1435.0443115234375,0,0,0,1,61.137714888468736,8.497314453125,1503.2773863244481,1449.8409912109375,1396.404596097427,0.2820399926759326,7.371345607890335,-23.293994140625045,0,0,0,0.19184850760486222,1
2024-03-21,1435.2173701383908,1440.5283239841642,1427.460931435626,1433.685791015625,13006936,1449.0147033691405,1416.8374951171875,1435.9532681554804,47.76931068760701,-0.29267936096903213,7.005859125192412,0.005004247290817165,1433.6610870241002,1445.2463894215307,1439.4537382228154,1381.79901735673,1447.642578125,0,0,0,1,57.65472086608543,13.956787109375,1502.9117158333074,1449.0147033691405,1395.1176909049736,0.3577944151940994,7.439125681588957,-15.328912353515534,0,0,0,0.07575442251816678,1
2024-03-22,1432.6977472783171,1442.6033181580033,1430.1040255590262,1437.6876220703125,19527608,1447.6943786621093,1420.0937280273438,1436.1184447187977,40.38615328960216,0.11095632372371256,5.626878564898673,0.002791288774545597,1433.1670719564902,1445.2463894215307,1439.2067306890103,1381.79901735673,1463.7236328125,0,0,0,1,57.40771333228031,26.0360107421875,1501.3422839246073,1447.6943786621093,1394.0464733996114,0.4067367444932472,7.411495969484498,-10.00675659179683,0,0,0,0.048942329299147824,0
2024-03-26,1427.7820647176966,1435.0939139473653,1421.853557874578,1424.3978271484375,11415906,1445.1228881835937,1422.396455078125,1435.0021954263825,32.7796318525083,-0.634223932165014,4.374658065485936,-0.00924386822134371,1430.746269360849,1445.2463894215307,1437.9963293911899,1383.3059042206105,1453.076904296875,0,0,0,1,54.690425170579374,28.6790771484375,1498.055839231491,1445.1228881835937,1392.1899371356963,0.3042328962879598,7.3257369986617515,-20.72506103515616,0,0,0,-0.1025038482052874,1
2024-03-27,1430.74620650665,1482.1265951381042,1429.7581221098912,1475.061767578125,16326644,1445.3958435058594,1425.02376953125,1438.8173927741677,48.43749507564337,2.830740903705191,4.065874633129788,0.03556867292553645,1439.0955717373654,1445.2463894215307,1442.170980579448,1383.3059042206105,1443.17138671875,0,1,0,1,58.86507635883754,-31.890380859375,1498.884297693266,1445.3958435058594,1391.9073893184527,0.777311473316518,7.401218763389895,29.665924072265625,0,0,0,0.47307857702855816,0
2024-03-28,1475.086458445527,1488.0056133770977,1461.0309823617722,1468.1451416015625,21854364,1445.405712890625,1427.2988305664062,1441.61051171011,46.41809930653246,4.961444148451164,4.244988536194064,-0.0046890415903863,1442.035080856862,1445.2463894215307,1443.6407351391963,1400.6096904125757,1456.4364013671875,0,1,0,1,43.03104472662062,-11.708740234375,1498.910878267131,1445.405712890625,1391.900547514119,0.7124975088939951,7.403480545196217,22.739428710937545,0,0,0,-0.06481396442252285,0
2024-04-01,1474.691331987126,1476.1734586788064,1464.8352136106084,1467.0831298828125,5013880,1446.845849609375,1429.0902319335937,1444.0364753456054,51.351687718547055,6.489538984879346,4.69389862593112,-0.0007233697055262223,1443.8259393837257,1445.2463894215307,1444.5361644026282,1400.6096904125757,1453.496826171875,0,1,0,1,43.9264739900525,-13.5863037109375,1501.052258813656,1446.845849609375,1392.6394404050939,0.6866687036690794,7.4930455402579215,20.23728027343759,0,0,0,-0.025828805224915707,1
2024-04-02,1466.317376747934,1476.198221604726,1457.4246163768214,1469.232177734375,8910166,1448.1377685546875,1431.3099633789063,1446.4360660492976,54.93337390518885,7.784243440497448,5.311967588844386,0.0014648439531399493,1444.1841359603802,1445.2463894215307,1444.7152626909556,1400.6096904125757,1450.2115478515625,0,1,0,1,44.105572278379896,-19.0206298828125,1503.1787059289882,1448.1377685546875,1393.0968311803867,0.6916247268486454,7.601616167947096,21.094409179687545,0,0,0,0.004956023179566005,0
2024-04-03,1464.4152240453116,1466.7619246317818,1451.397283687729,1454.0650634765625,7008292,1447.1237487792969,1433.4842431640625,1447.1626372328467,49.10116293450372,7.4999914527888905,5.749572361633287,-0.010323156875859385,1447.5313339026993,1445.2463894215307,1446.388861662115,1400.6096904125757,1464.0941162109375,1,1,0,1,45.77917124953933,10.029052734375,1500.929415768088,1447.1237487792969,1393.3180817905059,0.5645035651979898,7.436221958789373,6.941314697265625,0,0,0,-0.12712116165065557,0
2024-04-04,1462.1180033355356,1462.1180033355356,1432.7224901750476,1445.4935302734375,14490272,1444.9265014648438,1435.36111328125,1447.0036746652838,58.62798344722782,6.508047885499991,5.901267466406628,-0.005894875971114488,1454.9295856258377,1445.2463894215307,1450.0879875236842,1400.6096904125757,1475.82763671875,1,0,0,1,49.47829711110853,30.3341064453125,1495.107797801898,1444.9265014648438,1394.7452051277896,0.5056498023166354,6.9458614380982215,0.5670288085937045,0,0,0,-0.058853762881354466,0
2024-04-05,1443.467938045031,1453.2747249138113,1438.651026127194,1442.7021484375,7442298,1442.9453979492187,1437.1920361328125,1446.594005500733,57.937116380529964,5.434043999594451,5.807822773044192,-0.0019310925835893666,1454.9295856258377,1445.2463894215307,1450.0879875236842,1400.6096904125757,1469.6026611328125,1,0,0,1,49.47829711110853,26.9005126953125,1490.1018939509227,1442.9453979492187,1395.7889019475147,0.49742082711457325,6.536144204586676,-0.24324951171865905,0,0,0,-0.008228975202062117,1
2024-04-08,1445.542855977216,1473.2092211870183,1443.5914132686094,1468.268798828125,8357118,1442.1042907714843,1440.3025268554688,1448.6582715319132,67.55640414416871,6.570166410748698,5.960291500585093,0.01772136432895355,1454.9295856258377,1445.2463894215307,1450.0879875236842,1400.6096904125757,1467.94775390625,1,1,0,1,49.47829711110853,-0.321044921875,1486.757519247317,1442.1042907714843,1397.4510622956516,0.7929744270428447,6.192787686935534,26.16450805664067,0,0,0,0.29555359992827146,0
2024-04-09,1471.2577557160955,1472.0482715276005,1445.0735176190665,1446.2098388671875,7071414,1441.3496459960938,1442.6694848632812,1448.4250874686059,56.229914976717765,5.625728001968355,5.893378800861745,-0.01502378854508346,1458.8818677434945,1445.2463894215307,1452.0641285825127,1400.6096904125757,1438.2803955078125,1,0,0,1,51.45443816993702,-7.929443359375,1485.1821443967165,1441.3496459960938,1397.5171475954712,0.5554405184330609,6.0821464829695335,4.860192871093659,0,0,0,-0.23753390860978385,1
2024-04-10,1448.877554057703,1469.281521297736,1448.877554057703,1461.9449462890625,9138330,1441.9906677246095,1445.1693359375,1449.7126930705542,63.87789715269673,6.076894763763448,5.930081993442085,0.010880238122429331,1460.3640517760728,1445.2463894215307,1452.8052205988017,1401.2889666101487,1443.393798828125,1,1,0,1,51.516253988653034,-18.5511474609375,1486.626839738407,1441.9906677246095,1397.354495710812,0.7235213915553171,6.190909970898933,19.954278564453034,0,0,0,0.16808087312225628,0
2024-04-12,1458.2891033204971,1468.7627741208264,1445.6415744118667,1449.6680908203125,15551012,1441.5818481445312,1445.5467846679687,1449.708445237198,56.169255864128374,5.381770340155526,5.820419662784774,-0.008397618186589795,1454.4603558898868,1445.2463894215307,1449.8533726557089,1406.8593062839846,1474.345458984375,1,0,0,1,42.99406637172433,24.6773681640625,1485.7773139214198,1441.5818481445312,1397.3863823676427,0.5914827181209372,6.131523622300436,8.08624267578125,0,0,0,-0.13203867343437992,0
2024-04-15,1443.591352839028,1464.4646364315845,1429.0911655763507,1447.3707275390625,12902062,1443.194891357422,1446.6771508789063,1449.4858054564231,53.74830734869787,4.592561024691804,5.57484793516618,-0.0015847512239508532,1452.6446935905383,1443.541998737729,1448.0933461641337,1419.1979843609474,1489.4384765625,1,0,0,1,28.895361803186233,42.0677490234375,1485.731705883407,1443.194891357422,1400.658076831437,0.5490849659074681,5.894812236478498,4.175836181640534,0,0,0,-0.042397752213469087,1
2024-04-16,1436.0325186728678,1453.6451964542034,1433.6364862387566,1448.2847900390625,9366184,1444.8882263183593,1447.4503271484375,1449.371423035722,52.95250792441537,3.9948144268248598,5.258841233497916,0.0006315330845154676,1451.1501933816844,1443.541998737729,1447.3460960597067,1440.108334872566,1482.32421875,1,1,0,1,7.237761187140677,34.0394287109375,1485.3539108021992,1444.8882263183593,1404.4225418345195,0.5419684451656762,5.601220045504588,3.3965637207031705,0,0,0,-0.007116520741791921,0
2024-04-18,1446.0615875622616,1468.2934876101954,1441.9610129858208,1446.876708984375,19005692,1447.1657592773438,1448.1948486328124,1449.1338312213081,56.7069612945757,3.368643937787965,4.880801774355926,-0.0009722404490967174,1451.1501933816844,1442.035080856862,1446.5926371192731,1440.108334872566,1485.0909423828125,1,1,0,1,6.484302246707102,38.2142333984375,1482.3507157697081,1447.1657592773438,1411.9808027849795,0.49589241650715804,4.862602126508892,-0.2890502929687955,0,0,1,-0.046076028658518176,1
2024-04-19,1439.4167626045175,1456.4364932961696,1425.8306012864564,1452.607666015625,15741778,1448.6800048828125,1448.4403881835938,1449.4646726302906,40.8459521814168,3.2968357800632475,4.5640085754973905,0.003960915947892163,1449.5199112367372,1442.035080856862,1445.7774960467996,1445.2463894215307,1461.302734375,1,1,0,1,0.5311066252688761,8.695068359375,1482.016130797064,1448.6800048828125,1415.3438789685608,0.5589099816654673,4.602275975631799,3.9276611328125455,0,0,1,0.06301756515830931,1
2024-04-22,1454.9048261235944,1465.156201770705,1450.3103301575063,1462.2166748046875,10350362,1451.3774719238281,1449.2471557617187,1450.6791490278522,47.63501076190383,3.9695356649615405,4.445113993390221,0.006615006249704791,1449.5199112367372,1442.035080856862,1445.7774960467996,1445.2463894215307,1449.12451171875,1,1,0,1,0.5311066252688761,-13.0921630859375,1479.523581244781,1451.3774719238281,1423.2313626028752,0.6925524191862333,3.8785374398356587,10.839202880859375,0,0,1,0.133642437520766,0
2024-04-23,1461.3768889290402,1475.7041133303053,1438.20635702296,1441.936279296875,14605554,1452.1469360351562,1449.8701416015624,1449.846494767759,41.30206965505186,2.833533532392721,4.122797901190721,-0.013869624014868687,1450.7673573083807,1442.035080856862,1446.4012190826213,1445.2463894215307,1457.844482421875,1,0,1,1,1.1548296610906164,15.908203125,1478.3070563939423,1452.1469360351562,1425.98681567637,0.30484308561577744,3.6029577599374267,-10.210656738281159,0,0,1,-0.3877093335704559,0
2024-04-24,1446.0614393265091,1451.0513135165108,1432.2282584925008,1432.895263671875,10462776,1452.1074096679688,1450.0287255859375,1448.2320918062462,38.00354003414295,1.189991771464065,3.5362366752453904,-0.006270052120062264,1450.7673573083807,1442.035080856862,1446.4012190826213,1445.2463894215307,1415.10986328125,1,0,1,1,1.1548296610906164,-17.785400390625,1478.3811275343378,1452.1074096679688,1425.8336918015998,0.13438470920238865,3.618701714686052,-19.212145996093795,0,0,1,-0.1704583764133888,1
2024-04-25,1425.31186113177,1450.4832891142164,1424.3237766526493,1442.57861328125,15943926,1452.3519592285156,1450.22337890625,1447.6936652800562,46.06533343703455,0.6612163803565636,2.9612326162676252,0.006757890722983495,1450.0139449914773,1442.035080856862,1446.0245129241696,1445.2463894215307,1414.4180908203125,1,0,1,1,0.7781235026388913,-28.1605224609375,1478.1713815654873,1452.3519592285156,1426.532536891544,0.31073654902668274,3.5555324138767124,-9.773345947265625,0,0,1,0.1763518398242941,0
2024-04-26,1446.5062542977878,1447.5437912682185,1432.722523780831,1435.2421875,9413848,1452.8941772460937,1450.0613330078124,1446.5078102533842,46.45845018450185,-0.34584350554359844,2.2998173919053806,-0.005085633263730904,1450.0139449914773,1443.8259393837257,1446.9199421876015,1445.2463894215307,1401.3260498046875,1,0,1,1,1.6735527660707703,-33.9161376953125,1476.7212359389086,1452.8941772460937,1429.0671185532788,0.12958101598547986,3.2799441371536417,-17.651989746093705,0,0,1,-0.18115553304120288,1
2024-04-29,1432.7223672737166,1450.4091019997668,1432.7223672737166,1447.568359375,7247974,1451.5195068359376,1450.3118139648439,1446.6088149316333,51.57723065138709,-0.14762493602916038,1.8103289263184725,0.008588217363141082,1450.0139449914773,1444.1841359603802,1447.0990404759286,1445.2463894215307,1422.32275390625,1,1,0,1,1.8526510543979384,-25.24560546875,1473.1426959156752,1451.5195068359376,1429.8963177562,0.40863633836879115,2.9793866328220986,-3.951147460937591,0,0,1,0.2790553223833113,1
2024-04-30,1450.5079819172845,1465.403306850403,1445.4440490785064,1449.5198974609375,11474262,1450.5882446289063,1450.3493603515626,1446.8860608868051,42.824721404418845,0.16503510034385727,1.4812701611235497,0.001348149172575308,1450.0139449914773,1447.5313339026993,1448.7726394470883,1445.2463894215307,1408.267333984375,1,1,0,1,3.5262500255576015,-41.2525634765625,1470.827084764735,1450.5882446289063,1430.3494044930776,0.4736065120135638,2.7904321175587983,-1.0683471679687955,0,0,1,0.06497017364477264,0
2024-05-02,1454.460329459568,1459.7218309784546,1446.6791643138515,1449.0753173828125,14512646,1449.6878540039063,1450.0563940429688,1447.0945615054725,51.31401881296083,0.3726508479610402,1.259546298491048,-0.0003067085032111283,1450.0139449914773,1454.9295856258377,1452.4717653086575,1445.2463894215307,1426.5469970703125,0,0,0,1,7.225375887126802,-22.5283203125,1468.4604238545094,1449.6878540039063,1430.9152841533032,0.4836853284880941,2.589877510355756,-0.6125366210937955,0,0,1,0.010078816474530294,0
2024-05-03,1453.4720849711523,1457.374969923783,1399.275682268563,1416.9129638671875,17226958,1447.0718933105468,1449.333115234375,1444.2201236351596,32.05355978773791,-2.034591805128912,0.600718677767056,-0.022195087536038938,1437.4898977994342,1443.6406478228305,1440.5652728111322,1445.2463894215307,1433.685791015625,0,0,1,0,4.681116610398476,16.7728271484375,1468.6004544347254,1447.0718933105468,1425.5433321863682,-0.20043997063714436,2.9754653136032565,-30.158929443359284,0,1,1,-0.6841252991252385,0
2024-05-06,1418.3952205864964,1422.841600588335,1401.1037428015688,1402.610595703125,7394208,1444.499169921875,1448.5218994140625,1440.2573114511563,31.544295701081694,-5.03835155149045,-0.5270953680844453,-0.01009403437528511,1437.4898977994342,1443.6406478228305,1440.5652728111322,1445.2463894215307,1437.6876220703125,0,0,1,0,4.681116610398476,35.0770263671875,1473.179892240743,1444.499169921875,1415.818447603007,-0.23025661196811903,3.971026486698386,-41.88857421874991,0,1,1,-0.02981664133097467,0
2024-05-07,1399.1028593353728,1403.8209867220144,1375.4135586957902,1384.775634765625,14517472,1441.4632751464844,1447.0886840820312,1434.9733422430104,28.117470637888204,-8.75703938708466,-2.173084171884488,-0.012715546989404691,1420.4084327730966,1431.7095860364439,1426.0590094047702,1434.9208946011126,1424.3978271484375,0,0,1,0,8.861885196342428,39.6221923828125,1480.1788996951502,1441.4632751464844,1402.7476505978186,-0.23210287889844933,5.371711540098924,-56.68764038085942,0,1,0,-0.001846266930330298,1
2024-05-08,1380.8481115524094,1415.8756594095175,1380.8481115524094,1401.6473388671875,9439002,1439.4105346679687,1446.0516943359376,1431.7994371595987,35.33255834666781,-10.224855006447115,-3.783438338797014,0.01218370953242398,1420.4084327730966,1431.7095860364439,1426.0590094047702,1434.9208946011126,1475.061767578125,0,0,1,0,8.861885196342428,73.4144287109375,1481.8227900342881,1439.4105346679687,1396.9982793016493,0.05480797384368928,5.8930033294639905,-37.763195800781205,0,0,0,0.2869108527421386,0
2024-05-09,1396.1631531839807,1406.7850596926346,1373.4372136770935,1377.5130615234375,11009612,1434.8727478027345,1444.597724609375,1426.6293061466308,30.913546707189028,-13.183571932156383,-5.663465057468888,-0.01721850901757882,1419.4202602637483,1424.81771764091,1422.1189889523291,1433.9327220917644,1468.1451416015625,0,0,1,0,11.813733139435271,90.632080078125,1482.9989664469292,1434.8727478027345,1386.7465291585397,-0.09592970209613598,6.7080817749019115,-57.359686279296966,0,1,0,-0.15073767593982526,1
2024-05-10,1380.1068144144483,1393.1989320382118,1371.535134440886,1390.6546630859375,10505096,1432.094989013672,1443.128935546875,1423.20314966466,33.62069466309595,-14.30308196945407,-7.391388439865924,0.009540092162876768,1418.4692206456443,1423.866678022806,1421.167949334225,1432.9816824736606,1467.0831298828125,0,0,1,0,11.813733139435499,76.428466796875,1483.5790741456,1432.094989013672,1380.6109038817438,0.09754236846645498,7.190037745664742,-41.44032592773442,0,0,0,0.19347207056259097,0
2024-05-13,1383.2193979190515,1390.210046915121,1367.5088315833425,1385.9859619140625,8456620,1428.2970397949218,1441.3321020507813,1419.6586555931744,29.305314561657696,-15.389624890227651,-8.99103572993827,-0.0033571966468762815,1416.4560692168727,1421.606472456824,1419.0312708368483,1430.968531044889,1469.232177734375,0,0,1,0,11.937260208040698,83.2462158203125,1481.5879192673494,1428.2970397949218,1375.0061603224942,0.10301764298381641,7.4621563985148684,-42.31107788085933,0,0,0,0.005475274517361434,1
2024-05-14,1384.281662845081,1410.0706442572628,1383.3430308132884,1403.154052734375,7188300,1425.971337890625,1440.0031298828126,1418.0867886542412,39.29065018452075,-14.69599030527911,-10.13202664500644,0.01238691537438319,1413.6153312808985,1421.606472456824,1417.6109018688612,1430.968531044889,1454.0650634765625,0,0,1,0,13.357629176027785,50.9110107421875,1479.3883002980251,1425.971337890625,1372.5543754832247,0.28642285027153774,7.4920106720262005,-22.81728515624991,0,0,0,0.18340520728772133,0
2024-05-15,1403.5738021267657,1412.935877106148,1396.18789582338,1399.399169921875,5046534,1423.5727600097657,1438.632158203125,1416.307015441635,40.472208989179144,-14.284603543649382,-10.96254202473503,-0.0026760303369275373,1412.4419007535628,1421.606472456824,1417.0241866051933,1430.968531044889,1445.4935302734375,0,0,1,0,13.94434443969567,46.0943603515625,1477.238283542833,1423.5727600097657,1369.9072364766985,0.27477541914786685,7.539554709195068,-24.173590087890716,0,0,0,-0.011647431123670893,1
2024-05-16,1401.6471872524828,1410.4904944706304,1381.3667306256436,1408.3660888671875,14711774,1421.5768249511718,1438.0338720703126,1415.550736720259,40.2285986825453,-13.084194700083799,-11.386872559804782,0.006407692056736858,1395.1752160858387,1421.606472456824,1408.3908442713314,1430.968531044889,1442.7021484375,0,0,1,0,22.577686773557616,34.3360595703125,1474.3799032029142,1421.5768249511718,1368.7737466994295,0.3749056255678767,7.428804032952076,-13.21073608398433,0,0,0,0.10013020642000986,1
2024-05-17,1406.0936018418706,1420.0749000882806,1396.4103261437938,1418.5927734375,10916476,1420.1626281738281,1437.5378515625,1415.8404545028534,45.32201129642765,-11.178791911623648,-11.345256430168558,0.007261382286290585,1393.7918658358117,1421.606472456824,1407.6991691463177,1430.968531044889,1468.268798828125,0,0,0,0,23.269361898571333,49.676025390625,1471.6789299532452,1420.1626281738281,1368.646326394411,0.4847635148282776,7.254986261068047,-1.569854736328125,0,0,0,0.10985788926040091,1
2024-05-21,1408.6132041549797,1424.6448506468714,1408.6132041549797,1419.0128173828125,11176128,1418.4828857421876,1436.4311987304689,1416.1425843009447,41.40145603339335,-9.52505354996606,-10.981215854128058,0.0002960990307985245,1396.076841115107,1421.606472456824,1408.8416567859654,1430.968531044889,1446.2098388671875,0,0,0,0,22.126874258923635,27.197021484375,1467.801964477919,1418.4828857421876,1369.1638070064562,0.5053724811392409,6.953778467327276,0.529931640624909,0,0,0,0.020608966310963317,1
2024-05-22,1419.1609264752628,1451.2736690394956,1419.1609264752628,1443.2454833984375,10281604,1417.534326171875,1435.5073388671874,1418.7238127864202,48.33419540341639,-6.187751806110782,-10.022523044524604,0.017077129761462695,1409.391250311419,1421.606472456824,1415.4988613841215,1430.968531044889,1461.9449462890625,0,1,0,0,15.469669660767522,18.699462890625,1464.1055710950243,1417.534326171875,1370.9630812487255,0.7760411201052329,6.570739637595577,25.71115722656259,0,0,0,0.2706686389659919,1
2024-05-23,1441.1706938631594,1474.444366988288,1437.6629456463684,1468.343017578125,14608260,1418.8546630859375,1435.22771484375,1423.4494513380112,54.52329983292783,-1.5004585188860347,-8.318110139396891,0.017389650248958333,1420.9765992858152,1421.606472456824,1421.2915358713194,1430.968531044889,1449.6680908203125,0,1,0,0,9.676995173569594,-18.6749267578125,1469.4424210580555,1418.8546630859375,1368.2669051138196,0.9891337002863769,7.1307878513916485,49.488354492187455,0,0,0,0.21309258018114408,0
2024-05-24,1465.9467233388211,1470.7636348065282,1458.5113640783345,1462.6119384765625,7094776,1420.3404968261718,1434.778134765625,1427.1792120178732,62.24835266942804,1.7318414048138493,-6.308119830554744,-0.0039030928284150557,1420.9765992858152,1421.606472456824,1421.2915358713194,1429.264140361087,1447.3707275390625,0,1,0,0,7.972604489767491,-15.2412109375,1474.1345725779731,1420.3404968261718,1366.5464210743705,0.8929005290975299,7.574814049449001,42.27144165039067,0,0,0,-0.096233171188847,0
2024-05-27,1462.587264504762,1467.2066075031105,1444.134859977049,1448.77880859375,6629010,1420.6505065917968,1434.52765625,1429.236316453671,62.40532253641794,3.141036495068647,-4.418288565430066,-0.009457826453420637,1427.9055488069657,1421.606472456824,1424.7560106318947,1429.264140361087,1448.2847900390625,1,1,0,0,4.508129729192206,-0.4940185546875,1475.0219964768044,1420.6505065917968,1366.2790167067892,0.7586677508878539,7.654449793629706,28.128302001953216,0,0,0,-0.13423277820967605,0
2024-05-28,1450.5079553599196,1460.8828419616084,1435.4396676765143,1438.8485107421875,7820162,1420.8308227539062,1434.3221362304687,1430.1517635287678,65.1738692861415,3.4171509224077,-2.8512006678625132,-0.006854253936252164,1427.9055488069657,1421.606472456824,1424.7560106318947,1427.7572224802202,1446.876708984375,1,1,0,0,3.001211848325511,8.0281982421875,1475.4181738282014,1420.8308227539062,1366.243471679611,0.6650353757206375,7.683863581800958,18.017687988281295,0,0,0,-0.09363237516721634,0
2024-05-29,1429.264181324664,1440.6271526936466,1421.310053120064,1423.607421875,7383556,1419.6327758789062,1433.6373950195311,1429.5284928950755,56.21933065195852,2.3787246419158237,-1.805215605906846,-0.01059255978193685,1427.9055488069657,1421.606472456824,1424.7560106318947,1427.7572224802202,1452.607666015625,1,0,1,0,3.001211848325511,29.000244140625,1472.8549550871326,1419.6327758789062,1366.4105966706798,0.5373401282625373,7.498020630761519,3.974645996093841,0,0,0,-0.12769524745810024,0
2024-05-30,1418.395193572925,1423.2368313836507,1403.178669288835,1407.8720703125,13206858,1417.5503845214844,1433.4926391601562,1427.4659764586397,59.02746268700058,0.2827931050130701,-1.3876138637228628,-0.011053153643843294,1435.4273465660408,1421.606472456824,1428.5169095114325,1427.7572224802202,1462.2166748046875,1,0,1,1,0.7596870312122519,54.3446044921875,1469.1669494633984,1417.5503845214844,1365.9338195795704,0.406247982407627,7.282501631762171,-9.678314208984375,0,0,0,-0.1310921458549103,1
2024-05-31,1414.2453792660226,1425.0648561889025,1405.303166382157,1413.3560791015625,31069832,1415.764422607422,1433.4713989257812,1426.1221767103466,57.072511785618126,-0.9250704248288457,-1.2951051759440593,0.0038952465246684387,1438.8115181385615,1420.9765992858152,1429.8940587121883,1427.7572224802202,1441.936279296875,1,0,1,1,2.1368362319681182,28.5802001953125,1465.325145945341,1415.764422607422,1366.2036992695027,0.4757031037517487,7.001266954659433,-2.4083435058594205,0,0,0,0.06945512134412168,1
2024-06-03,1465.3292536675044,1496.453914146619,1441.6152266357983,1492.32861328125,21527942,1419.535205078125,1435.2914501953126,1432.427551621861,72.64591733019311,4.438943159284918,-0.14829550889826382,0.05587589380157376,1449.816291717727,1431.9813728649806,1440.8988322913538,1431.9813728649806,1432.895263671875,1,1,0,1,8.91745942637317,-59.433349609375,1479.2975789040943,1419.535205078125,1359.7728312521558,1.1090237346921885,8.419991784942054,72.79340820312495,1,0,0,0.6333206309404398,0
2024-06-04,1480.199967601411,1480.199967601411,1343.1032493273078,1380.625732421875,36709098,1418.4359619140625,1434.457509765625,1427.4940450313861,46.57966450495651,-0.3198394648413796,-0.182604300086887,-0.07485139657931561,1419.7785817369634,1419.7785817369634,1419.7785817369634,1419.7785817369634,1442.57861328125,0,0,1,0,0.0,61.952880859375,1480.1790499090614,1418.4359619140625,1356.6928739190637,0.19381002214166757,8.705798450242568,-37.810229492187545,0,0,0,-0.915213712550521,1
2024-06-05,1405.0561505394378,1414.097147783154,1367.6077240917773,1403.821044921875,17464890,1419.388232421875,1434.368583984375,1425.2394735923851,50.63392507140057,-2.194247196395054,-0.5849328793485203,0.016800579588873044,1419.7785817369634,1419.7785817369634,1419.7785817369634,1419.7785817369634,1435.2421875,0,0,1,0,0.0,31.421142578125,1479.5936912579948,1419.388232421875,1359.1827735857553,0.37071614600285513,8.483296882543874,-15.567187500000045,0,0,0,0.17690612386118756,1
2024-06-06,1417.9012594747103,1426.497546390369,1404.41388190777,1414.541748046875,17855722,1420.0329528808593,1434.1284790039062,1424.2206425880509,50.88091988575954,-2.7825818114711183,-1.02446266577304,0.0076368018301054,1419.7785817369634,1419.7785817369634,1419.7785817369634,1419.7785817369634,1447.568359375,0,0,1,0,0.0,33.026611328125,1479.7387686538848,1420.0329528808593,1360.3271371078338,0.45401448951925083,8.409074684062606,-5.491204833984284,0,0,0,0.0832983435163957,1
2024-06-07,1411.4786400821138,1454.460313756298,1409.5024711775536,1452.4346923828125,18558696,1423.779034423828,1434.50345703125,1426.9076949494568,54.47420039643282,-0.1890184225644589,-0.8573738171313238,0.026788141380951203,1419.7785817369634,1419.7785817369634,1419.7785817369634,1419.7785817369634,1449.5198974609375,0,1,0,0,0.0,-2.914794921875,1481.7189881842278,1423.779034423828,1365.8390806634284,0.747287545978072,8.138896887724819,28.65565795898442,0,0,0,0.2932730564588212,1
2024-06-10,1452.4346368701142,1475.5558362929214,1450.5819785928986,1453.867431640625,9251760,1426.9396728515626,1434.8270532226563,1429.4752889200442,54.59578132419099,1.9594223320177662,-0.29401458730150587,0.000986439710732867,1419.7785817369634,1419.7785817369634,1419.7785817369634,1419.7785817369634,1449.0753173828125,0,1,0,0,0.0,-4.7921142578125,1484.1995823413865,1426.9396728515626,1369.6797633617387,0.7351362325664166,8.025554349525805,26.92775878906241,0,0,0,-0.012151313411655429,0
2024-06-11,1451.4959629037996,1456.1153056542432,1437.3417023219272,1439.31787109375,11774902,1429.606268310547,1435.1254541015626,1430.4126776984924,49.46855093371513,2.4596953316458894,0.25672739648797316,-0.01000748777380378,1419.7785817369634,1419.7785817369634,1419.7785817369634,1419.7785817369634,1416.9129638671875,0,1,0,0,0.0,-22.4049072265625,1483.8783327622466,1429.606268310547,1375.3342038588473,0.5894714700953199,7.592589044231913,9.711602783203034,0,0,0,-0.14566476247109672,1
2024-06-12,1440.1331280315808,1458.4126908916728,1437.835879864395,1445.888671875,10081742,1431.7429992675782,1434.5419921875,1431.8865819057787,46.801306284843825,3.3477828400398266,0.8749384851983439,0.0045652186450355625,1419.7785817369634,1419.7785817369634,1419.7785817369634,1419.7785817369634,1402.610595703125,0,1,0,0,0.0,-43.278076171875,1485.0372193529493,1431.7429992675782,1378.448779182207,0.632713008885036,7.444662919620944,14.14567260742183,0,0,0,0.04324153878971615,1
2024-06-13,1454.4603416652449,1454.7073627830548,1442.7021123343332,1447.790771484375,9181160,1434.162579345703,1434.1349047851563,1433.4012666275498,47.865390653816526,4.157160966850597,1.5313829815287945,0.0013155228658845441,1419.7785817369634,1419.7785817369634,1419.7785817369634,1419.7785817369634,1384.775634765625,0,1,0,0,0.0,-63.01513671875,1485.7294094088918,1434.162579345703,1382.5957492825144,0.6321410693848378,7.1912112065725005,13.62819213867192,0,0,0,-0.000571939500198182,1
2024-06-14,1452.4840066456875,1462.0437710581823,1439.8612048457326,1459.944091796875,8157998,1436.7414794921874,1433.9921240234376,1435.9291547389141,51.6158917278696,5.71340971259292,2.3677883277416196,0.008394389957355308,1411.6516084643595,1419.7785817369634,1415.7150951006615,1419.7785817369634,1401.6473388671875,0,1,0,0,4.063486636301832,-58.2967529296875,1488.0482095727139,1436.7414794921874,1385.434749411661,0.7261166543674762,7.142096307912079,23.20261230468759,0,0,0,0.09397558498263836,1
2024-06-18,1469.6272709721836,1469.676723437239,1453.8179209728387,1463.377685546875,7196766,1438.9807250976562,1433.8750341796874,1438.5433005301486,53.61801179050198,7.14148775028184,3.322528212249664,0.002351866601805197,1421.5817801923495,1419.7785817369634,1420.6801809646563,1419.7785817369634,1377.5130615234375,1,1,0,1,0.901599227692941,-85.8646240234375,1490.82998793075,1438.9807250976562,1387.1314622645625,0.7352681515237186,7.206387400300299,24.396960449218795,0,0,0,0.009151497156242416,0
2024-06-19,1469.7756214798555,1469.7756214798555,1438.650961260282,1441.2694091796875,8725874,1440.0935546875,1433.61912109375,1438.8029299253428,52.55338681515171,6.41534464795177,3.941091499390086,-0.015107703626713098,1439.9848591003456,1419.7785817369634,1429.8817204186544,1419.7785817369634,1390.6546630859375,1,1,0,1,10.103138681691007,-50.61474609375,1491.1297834354675,1440.0935546875,1389.0573259395326,0.5115198019233963,7.087904613119711,1.1758544921874545,0,0,0,-0.2237483496003223,1
2024-06-20,1441.6151005379977,1465.1808887163045,1432.8211254931246,1456.139892578125,16113776,1440.7382751464843,1433.8320483398438,1440.4540692256078,56.99555437924075,6.959569159130069,4.544787031338083,0.010317629239700032,1442.5291537352375,1419.7785817369634,1431.1538677361004,1419.7785817369634,1385.9859619140625,1,1,0,1,11.375285999137077,-70.1539306640625,1492.2411299018684,1440.7382751464843,1389.2354203911002,0.6495219780028858,7.1495087822453565,15.401617431640716,0,0,0,0.1380021760794895,0
2024-06-21,1456.0659025463858,1457.128045050937,1423.4096642387256,1436.872314453125,31170360,1439.1647399902345,1433.7154516601563,1440.1129497234665,53.27731555626326,5.769629775761359,4.789755580222738,-0.013231955407036033,1449.4827502658236,1419.7785817369634,1434.6306660013934,1419.7785817369634,1403.154052734375,1,1,0,1,14.852084264430005,-33.71826171875,1489.096941682884,1439.1647399902345,1389.2325382975848,0.4770446179078968,6.939052952754868,-2.292425537109466,0,0,0,-0.17247736009498899,0
2024-06-24,1428.3007403004744,1432.2283517054532,1420.3713387903338,1424.2989501953125,8878386,1437.249090576172,1432.8360546875,1438.606854530309,38.36597254840562,3.7685869018348512,4.585521844545161,-0.00875050909627828,1445.0734801350945,1419.7785817369634,1432.4260309360288,1419.7785817369634,1399.399169921875,1,0,0,1,12.647449199065477,-24.8997802734375,1486.369249707011,1437.249090576172,1388.128931445333,0.36817896552040086,6.83530216897163,-12.950140380859466,0,0,0,-0.10886565238749596,1
2024-06-25,1425.8058325289194,1438.576872033328,1423.8296636688654,1436.822998046875,7045386,1436.651300048828,1432.6483178710937,1438.4369634366487,64.54419543904788,3.1569407534204856,4.299805626320226,0.008793131420791411,1445.0734801350945,1419.7785817369634,1432.4260309360288,1419.7785817369634,1408.3660888671875,1,1,0,1,12.647449199065477,-28.4569091796875,1485.485817046914,1436.651300048828,1387.816783050742,0.5017579573691053,6.798381346458422,0.17169799804696595,0,0,0,0.13357899184870448,1
2024-06-26,1428.819484586685,1500.875466568816,1427.905458276952,1495.9844970703125,22014882,1439.5080993652343,1433.3291088867188,1443.917680925569,70.10888585495985,7.361190094812628,4.912082520018707,0.04117521720062789,1460.6234026795748,1421.9893579480618,1441.3063803138184,1421.9893579480618,1418.5927734375,1,1,0,1,19.317022365756657,-77.3917236328125,1494.7827314118733,1439.5080993652343,1384.2334673185953,1.0108708607723083,7.679655581099253,56.47639770507817,1,0,0,0.5091129034032029,1
2024-06-27,1495.7127559544515,1519.1797603831344,1488.0551018777237,1512.3126220703125,28383030,1443.943359375,1434.5819995117188,1450.4314848441159,70.82283229765866,11.873757925307018,6.30441760107637,0.010914635166324516,1469.775549586734,1431.1415048552212,1450.4585272209777,1431.1415048552212,1419.0128173828125,1,1,0,1,19.31702236575643,-93.2998046875,1507.0791829524871,1443.943359375,1380.8075357975129,1.041445876693145,8.744916920399843,68.3692626953125,1,0,0,0.030575015920836668,1
2024-06-28,1512.781913849386,1562.161406676686,1512.781913849386,1546.747314453125,28957336,1450.8871215820313,1436.56953125,1459.604420997355,70.3866128588791,18.020859088849875,8.647705898631072,0.02276955960049598,1491.2663727335098,1452.632328001997,1471.9493503677534,1452.632328001997,1443.2454833984375,1,1,0,1,19.31702236575643,-103.5018310546875,1526.0321276800507,1450.8871215820313,1375.742115484012,1.1378347534236228,10.358491019767563,95.86019287109366,1,0,0,0.09638887673047791,0
2024-07-01,1543.9066370278445,1560.5805616644209,1537.138282854078,1541.5599365234375,7724306,1457.297314453125,1438.4350341796876,1467.409708190315,68.65283480755339,22.217790147504047,11.361722748405668,-0.003353733270596626,1491.2663727335098,1452.632328001997,1471.9493503677534,1452.632328001997,1468.343017578125,1,1,0,1,19.31702236575643,-73.2169189453125,1540.0318640369503,1457.297314453125,1374.5627648692996,1.0092347906296328,11.354518911588453,84.26262207031255,1,0,0,-0.12859996279399,1
2024-07-02,1550.798563537394,1554.7509013864856,1538.4475077589818,1546.525146484375,7749246,1460.0071411132812,1440.4280029296874,1474.9445118373685,73.77307355820037,25.64887493225092,14.219153185174719,0.0032208997154759,1491.2663727335098,1452.632328001997,1471.9493503677534,1452.632328001997,1462.6119384765625,1,1,0,1,19.31702236575643,-83.9132080078125,1550.353783967393,1460.0071411132812,1369.6604982591696,0.9788114014972296,12.376191911667057,86.51800537109375,0,0,0,-0.030423389132403278,0
2024-07-03,1547.661278880494,1556.2329594590622,1524.391963189475,1533.927001953125,9049620,1467.6722045898437,1442.0543896484376,1480.561891848393,69.01411644112983,27.03977171060251,16.78327689026028,-0.008146097436494082,1491.2663727335098,1452.632328001997,1471.9493503677534,1452.632328001997,1448.77880859375,1,1,0,1,19.31702236575643,-85.148193359375,1555.763354195008,1467.6722045898437,1379.5810549846792,0.8760581946100353,12.004199484009774,66.25479736328134,0,0,0,-0.10275320688719425,1
2024-07-04,1538.447461634288,1548.822348177101,1532.321386398175,1535.5079345703125,6837176,1474.2565490722657,1443.52021484375,1485.7948482980996,68.97107051604615,27.947474390048455,19.016116390217917,0.0010306439714371507,1491.2663727335098,1452.632328001997,1471.9493503677534,1452.632328001997,1438.8485107421875,1,1,0,1,19.31702236575643,-96.659423828125,1561.9581990220495,1474.2565490722657,1386.5548991224819,0.8492031537212705,11.897746020524522,61.25138549804683,0,0,0,-0.02685504088876478,1
2024-07-05,1535.3102911811948,1579.453012774842,1529.5547474353805,1569.6956787109375,12269710,1482.0142456054687,1446.0754028320312,1493.7854035755129,71.67110090836474,31.06737517416491,21.426368147007317,0.02226477856019149,1501.6413382218536,1461.278131051075,1481.4597346364644,1461.278131051075,1423.607421875,1,1,0,1,20.18160358538944,-146.0882568359375,1574.5313033994044,1482.0142456054687,1389.497187811533,0.9738663074476639,12.485312886602971,87.68143310546884,0,0,0,0.12466315372639336,1
2024-07-08,1570.0662334946016,1589.6303543798022,1563.6684106310508,1581.824462890625,9500806,1488.4837341308594,1449.0539868164062,1502.1700758912377,72.61157391483479,34.12523606295872,23.9661417301976,0.0077268379751467275,1508.7679063283772,1466.366801853555,1487.567354090966,1466.366801853555,1407.8720703125,1,1,0,1,21.200552237411102,-173.952392578125,1589.5253827558568,1488.4837341308594,1387.442085505862,0.9618923485016921,13.576453179583666,93.34072875976562,0,0,0,-0.011973958945971752,0
2024-07-09,1578.563597646217,1581.4290665009253,1561.6673786971023,1571.325927734375,6960002,1494.3566589355469,1451.6289331054688,1508.756347495346,75.97945097587869,35.29461445552715,26.23183627526351,-0.00663697862976842,1538.842728128763,1466.366801853555,1502.6047649911588,1466.366801853555,1413.3560791015625,1,1,0,1,36.237963137603856,-157.9698486328125,1600.2072985292725,1494.3566589355469,1388.5060193418212,0.8635748876636478,14.166717023113435,76.96926879882812,0,0,0,-0.09831746083804438,0
2024-07-10,1575.9946562525065,1578.4648673124634,1544.5241914718106,1565.3480224609375,7134578,1500.6581665039062,1454.2310498046875,1514.1460308254025,72.6184390363778,35.331706342928555,28.051810288796524,-0.003804370034202087,1551.206134114594,1466.366801853555,1508.7864679840745,1466.366801853555,1492.32861328125,1,1,0,1,42.419666130519545,-73.0194091796875,1607.6517318126876,1500.6581665039062,1393.6646011951248,0.8023072264688893,14.25955193487469,64.68985595703134,0,0,0,-0.06126766119475846,0
2024-07-11,1568.5840280306456,1585.1344421846698,1551.786592769845,1561.815673828125,11940946,1506.4545166015625,1456.51599609375,1518.6859968256617,77.68168934853631,34.67634361342698,29.376716953722617,-0.00225658996090794,1557.0111587846386,1478.6190392357898,1517.8150990102142,1466.366801853555,1380.625732421875,1,1,0,1,51.44829715665924,-181.18994140625,1613.5121690683868,1506.4545166015625,1399.3968641347383,0.7585576834113663,14.21319413059181,55.361157226562455,0,0,0,-0.04374954305752299,1
2024-07-12,1565.619788574804,1586.023756297877,1555.7389442164904,1577.6990966796875,12924784,1512.949932861328,1459.079580078125,1524.3062920498546,83.49512441120842,35.03476445324782,30.50832645362766,0.010169844699170483,1557.0111587846386,1497.022118143786,1527.0166384642123,1466.366801853555,1403.821044921875,1,1,0,1,60.6498366106573,-173.8780517578125,1620.7434867596185,1512.949932861328,1405.1563789630377,0.8003387562462877,14.249454202946236,64.74916381835942,0,0,0,0.041781072834921384,1
2024-07-15,1585.332001053062,1586.7153433656392,1566.6078495211154,1578.193115234375,5329688,1518.8623840332032,1461.6619360351563,1529.4383704483805,82.57995438090705,34.9557308141284,31.39780732572781,0.000313125966622696,1557.0111587846386,1499.5664127786779,1528.2887857816581,1466.366801853555,1414.541748046875,1,1,0,1,61.921983928103145,-163.6513671875,1627.3475566533682,1518.8623840332032,1410.3772114130381,0.7734508770562787,14.285056205301808,59.33073120117183,0,0,0,-0.026887879190009012,0
2024-07-16,1574.5125966882065,1580.9351457176842,1550.4280378276635,1557.4681396484375,9386838,1523.5669067382812,1464.4730395507813,1532.1078722769573,67.22016555734402,32.84217955936879,31.686681772456005,-0.013132090988028255,1559.5925509075914,1505.0008465850678,1532.2966987463296,1466.366801853555,1452.4346923828125,1,1,0,1,65.92989689277465,-105.033447265625,1630.1636846586177,1523.5669067382812,1416.9701288179447,0.6590162178048752,13.99305504062747,33.901232910156295,0,0,0,-0.1144346592514035,1
2024-07-18,1557.2210712967385,1574.9078068261192,1539.2625884242743,1567.7689208984375,12298374,1529.8918823242188,1467.7762060546875,1535.5041626218601,66.07476728107011,31.633708225191185,31.676087063003042,0.006613799016347954,1559.5925509075914,1505.0008465850678,1532.2966987463296,1466.366801853555,1453.867431640625,1,1,0,1,65.92989689277465,-113.9014892578125,1631.0800228774888,1529.8918823242188,1428.703741770949,0.6871614517626129,13.228142684114964,37.87703857421866,0,0,0,0.028145233957737714,0
2024-07-19,1567.1020115011324,1571.029623251694,1534.2976544625544,1536.61962890625,13140390,1533.915869140625,1470.8130859375,1535.6103975060878,47.00735266534119,27.84155829476117,30.909181309354672,-0.01986854795816262,1561.9640044211783,1505.0008465850678,1533.482425503123,1466.366801853555,1439.31787109375,1,1,0,1,67.11562364956808,-97.3017578125,1629.2859442456954,1533.915869140625,1438.5457940355548,0.5141750950843131,12.434850831617164,2.703759765624909,0,0,0,-0.17298635667829976,0
2024-07-22,1518.9327171487766,1519.179738244426,1481.4102368427714,1482.7935791015625,19674376,1536.211932373047,1472.4360107421876,1530.5802243247044,36.512082178086885,20.259402002514662,28.77922544798667,-0.03502887038023872,1534.0627901042053,1505.0008465850678,1519.5318183446366,1466.366801853555,1445.888671875,1,0,0,1,53.16501649108159,-36.9049072265625,1624.0388701915094,1536.211932373047,1448.3849945545844,0.1958885588047048,11.434221537752645,-53.41835327148442,0,0,0,-0.31828653627960835,0
2024-07-23,1483.1147807956386,1487.808182000688,1445.5675711552426,1470.1708984375,18052044,1538.5055297851563,1474.2891674804687,1524.8269551925898,33.0704330871057,13.081152296042774,25.63961081759789,-0.00851276997821282,1516.1414572604408,1505.0008465850678,1510.5711519227543,1466.366801853555,1447.790771484375,1,0,0,1,44.204350069199336,-22.380126953125,1616.35094819167,1538.5055297851563,1460.6601113786426,0.0610876481464297,10.119615028928033,-68.33463134765634,0,0,0,-0.1348009106582751,1
2024-07-24,1467.3054738461674,1491.5135439533938,1458.8079713194404,1477.8779296875,11913362,1540.5582763671875,1476.0336328125,1520.3556194302002,37.29705622943727,7.922900434322173,22.096268740942747,0.005242268948590256,1516.1414572604408,1505.0008465850678,1510.5711519227543,1466.366801853555,1459.944091796875,1,0,0,1,44.204350069199336,-17.933837890625,1609.1901044015915,1540.5582763671875,1471.9264483327836,0.04335802735527481,8.909994394531525,-62.680346679687545,0,0,0,-0.017729620791154893,0
2024-07-25,1463.3530011800513,1482.595920809754,1459.474721651074,1474.6171875,12519876,1539.4899108886718,1477.8062573242187,1515.9995782939907,36.304024908911686,3.5311293660586216,18.383240865965924,-0.002206367739850834,1516.1414572604408,1505.0008465850678,1510.5711519227543,1466.366801853555,1463.377685546875,1,0,0,1,44.204350069199336,-11.239501953125,1611.4485328890826,1539.4899108886718,1467.531288888261,0.049235924860390363,9.348372014841274,-64.87272338867183,0,0,0,0.0058778975051155535,1
2024-07-26,1474.6172851615388,1494.4037007697482,1472.59166375446,1491.044189453125,9859940,1538.4264892578126,1479.5640600585937,1513.6228745948606,30.77296320766034,1.360458407229089,14.978684374218558,0.011139841643223125,1516.1414572604408,1505.0008465850678,1510.5711519227543,1466.366801853555,1441.2694091796875,1,0,0,1,44.204350069199336,-49.7747802734375,1612.5560811730315,1538.4264892578126,1464.2968973425936,0.18040900684521433,9.637066500458074,-47.38229980468759,0,0,0,0.13117308198482397,1
2024-07-29,1493.934270042657,1509.2990318372968,1493.761427629427,1501.9871826171875,7538550,1536.1884826660157,1481.6158203125,1512.5147134541298,30.369276484624734,0.5172318012080268,12.086393859616452,0.007339147452146255,1513.2513584364633,1505.0008465850678,1509.1261025107656,1466.366801853555,1456.139892578125,1,0,0,1,42.75930065721059,-45.8472900390625,1611.8646287808972,1536.1884826660157,1460.5123365511342,0.27402852943311656,9.852455863169533,-34.201300048828216,0,0,0,0.09361952258790224,0
2024-07-30,1498.9488223237445,1506.8287716127938,1492.0075050067665,1495.1199951171875,8228208,1533.8664855957031,1483.3508984375,1510.8580736125161,30.92146641019953,-0.6971200331522596,9.52969108106271,-0.004572067977327232,1510.237688990681,1505.0008465850678,1507.6192677878744,1466.366801853555,1436.872314453125,1,0,0,1,41.25246593431939,-58.2476806640625,1611.5637573613442,1533.8664855957031,1456.169213830062,0.2506573294144292,10.130904155646377,-38.746490478515625,0,0,0,-0.023371200018687366,0
2024-07-31,1486.0788700242824,1492.4519658681731,1483.262853735488,1487.4869384765625,10057346,1530.9145751953124,1484.7287817382812,1508.6322512186157,30.667310849181277,-2.2494957033914034,7.173853724171887,-0.005105313731040506,1508.2985972034683,1506.7300090243339,1507.514303113901,1466.366801853555,1424.2989501953125,1,0,0,1,41.14750126034596,-63.18798828125,1610.9156694307824,1530.9145751953124,1450.9134809598424,0.22858098296175888,10.451411924831078,-43.42763671874991,0,0,0,-0.022076346452670315,1
2024-08-01,1493.9836579008804,1499.9121644798522,1486.37545603751,1497.244384765625,10764222,1529.0804443359375,1486.2934130859376,1507.5476925088071,34.44789936917569,-2.6617373854669495,5.20673550224412,0.006559685357006018,1482.3736546998343,1508.7679063283772,1495.5707805141058,1466.366801853555,1436.822998046875,0,1,0,1,29.203978660550774,-60.42138671875,1610.392438141005,1529.0804443359375,1447.76845053087,0.30423515596829187,10.635410858371202,-31.8360595703125,0,0,0,0.07565417300653299,0
2024-08-02,1487.067144475012,1491.3405616106625,1475.4818780540024,1481.459716796875,10268248,1526.3780334472656,1487.0576977539063,1505.063123393385,26.80955605377737,-4.213561363113513,3.322676129172594,-0.010542479323588094,1477.4333014962697,1517.5989627675224,1497.516132131896,1466.366801853555,1495.9844970703125,0,0,0,1,31.14933027834104,14.5247802734375,1610.2094860783504,1526.3780334472656,1442.5465808161807,0.2320915047955713,10.984363086221146,-44.91831665039058,0,0,0,-0.07214365117272056,0
2024-08-05,1462.3650548737628,1466.2186085334113,1416.1721046606897,1430.079345703125,17046704,1519.397216796875,1486.2924243164061,1497.921811232408,21.338470929056967,-9.480079138114661,0.7621250757151432,-0.0346822600109854,1462.7355682489933,1502.901229520246,1482.8183988846197,1466.366801853555,1512.3126220703125,0,0,1,1,16.451597031064694,82.2332763671875,1610.5684239832622,1519.397216796875,1428.2260096104878,0.010164042738011959,12.000970671591753,-89.31787109375,0,0,0,-0.22192746205755934,1
2024-08-06,1437.8111393077952,1459.8948030686215,1434.0316438440889,1438.700439453125,10236186,1512.241015625,1485.8141943359376,1492.281680586762,25.887707190330346,-12.810510609832136,-1.952402061394313,0.006028402393128296,1462.7355682489933,1502.901229520246,1482.8183988846197,1466.366801853555,1546.747314453125,0,0,1,1,16.451597031064694,108.046875,1605.1404554658147,1512.241015625,1419.3415757841854,0.1041925747997593,12.286327229713436,-73.54057617187505,0,0,0,0.09402853206174734,1
2024-08-07,1451.4960282823629,1454.954323788822,1444.0853950542364,1447.3707275390625,8174568,1506.0432556152343,1485.7860327148437,1488.0044469631714,25.393778577886536,-14.582187378711524,-4.4783591248577554,0.006026472118986215,1462.7355682489933,1502.901229520246,1482.8183988846197,1466.366801853555,1541.5599365234375,0,0,1,1,16.451597031064694,94.189208984375,1598.88765498137,1506.0432556152343,1413.1988562490988,0.18402763937976277,12.329579382261192,-58.67252807617183,0,0,0,0.07983506458000347,0
2024-08-08,1440.1577210643811,1447.5436277380477,1428.6959662921352,1431.8577880859375,12387192,1499.3687438964844,1485.6462182617188,1482.6571461177207,27.127588976796815,-17.04157389328293,-6.991002078542791,-0.010718013814954852,1462.7355682489933,1502.901229520246,1482.8183988846197,1466.366801853555,1546.525146484375,0,0,1,1,16.451597031064694,114.6673583984375,1593.3856131876225,1499.3687438964844,1405.3518746053462,0.1409636040874299,12.540860235196291,-67.51095581054688,0,0,0,-0.04306403529233288,1
2024-08-09,1442.6033755756382,1458.9067698886504,1438.6510375603625,1456.7330322265625,6249776,1494.1146118164063,1486.30873046875,1480.1881828899914,43.48690657349928,-16.789887739426604,-8.950779210719555,0.017372705828472945,1461.5004381367416,1502.901229520246,1482.2008338284938,1466.366801853555,1533.927001953125,0,0,1,1,15.834031974938853,77.1939697265625,1585.286894150403,1494.1146118164063,1402.9423294824096,0.2949948239043655,12.204188569330416,-37.381579589843795,0,0,0,0.1540312198169356,0
2024-08-12,1452.484116756258,1455.4483700557605,1440.3800824499558,1443.2208251953125,8184584,1487.3906982421875,1487.0157055664063,1476.6674821571646,43.29440937042317,-17.479256838021456,-10.656474736179936,-0.009275692067335806,1458.042134570271,1502.901229520246,1480.4716820452586,1466.366801853555,1535.5079345703125,0,0,1,1,14.104880191703614,92.287109375,1572.551154396029,1487.3906982421875,1402.230242088346,0.24066676576342838,11.450986785716086,-44.169873046874955,0,0,0,-0.05432805814093711,1
2024-08-13,1443.344315887485,1452.5581548536695,1440.6270837336665,1446.18505859375,6265064,1480.7902954101562,1487.67228515625,1473.7643941987442,41.92371533731339,-17.583703959404147,-12.04192058082478,0.002053901486653187,1458.042134570271,1502.901229520246,1480.4716820452586,1466.366801853555,1569.6956787109375,0,0,1,1,14.104880191703614,123.5106201171875,1556.7416428872928,1480.7902954101562,1404.8389479330197,0.2721881311794808,10.25821788710456,-34.605236816406205,0,0,0,0.03152136541605244,0
2024-08-14,1446.1109681889411,1454.460233101401,1436.3782403810735,1444.43115234375,6267466,1475.138446044922,1486.7143359375,1470.9707521173164,42.248169910545684,-17.60506440824338,-13.154549346308501,-0.0012127813377531549,1453.756333135676,1501.4437240131645,1477.6000285744203,1466.366801853555,1581.824462890625,0,0,1,1,11.233226720865332,137.393310546875,1543.908589829141,1475.138446044922,1406.3683022607029,0.2767396430235584,9.323890102464974,-30.70729370117192,0,0,0,0.004551511844077594,1
2024-08-16,1451.1501701128775,1462.760161748311,1440.676499654279,1460.5863037109375,9416902,1469.779315185547,1488.3135473632813,1469.9817570309947,42.1674220559438,-16.132442264415886,-13.75012792992998,0.011184438483602399,1441.1953565970505,1501.4437240131645,1471.3195403051075,1466.366801853555,1571.325927734375,0,0,1,1,4.952738451552477,110.7396240234375,1524.0077536363697,1469.779315185547,1415.5508767347242,0.41523809520214994,7.379126633575855,-9.19301147460942,0,0,0,0.13849845217859152,1
2024-08-19,1469.8067419652286,1485.47150978375,1467.823866090739,1475.65625,13797742,1466.7311462402345,1489.7502514648438,1470.5221849328045,43.369451949944214,-13.59267202309411,-13.718636748562806,0.010317737644652603,1457.0837380379426,1501.4437240131645,1479.2637310255536,1466.366801853555,1565.3480224609375,0,0,0,1,12.896929171998636,89.6917724609375,1511.6415054688605,1466.7311462402345,1421.8207870116084,0.5993657578458718,6.123870668969921,8.925103759765534,0,0,0,0.18412766264372182,1
2024-08-20,1484.4057091952604,1491.0484162933285,1477.2674041310693,1483.1416015625,8411808,1466.7485473632812,1491.1222485351564,1471.7240341356328,46.993011364576574,-10.850799236182638,-13.145069246086774,0.005072557760318563,1459.8721912927317,1501.4437240131645,1480.657957652948,1478.6190392357898,1561.815673828125,0,1,0,1,2.038918417158129,78.674072265625,1511.6840501838772,1466.7485473632812,1421.8130445426852,0.6824064845192421,6.127226497189968,16.393054199218795,0,0,0,0.08304072667337037,1
2024-08-21,1480.464784262564,1494.964564922092,1477.2426107826689,1485.8433837890625,7769996,1467.5321716308595,1491.7904223632813,1473.068734102626,49.5769369025145,-8.36342568721102,-12.188740534311624,0.001821661683359288,1461.8302656071137,1501.4437240131645,1481.6369948101392,1497.022118143786,1577.6990966796875,0,0,0,0,15.385123333646789,91.855712890625,1513.2194040270033,1467.5321716308595,1421.8449392347156,0.7003974764703472,6.226402838633771,18.311212158203034,0,0,0,0.017990991951105095,0
2024-08-22,1490.1312336221058,1493.6012664349316,1477.8869991875908,1485.2979736328125,10445782,1467.903173828125,1492.419033203125,1474.2334235816913,46.77180896788269,-6.362827555185049,-11.02355793848631,-0.0003670710938989963,1465.6714026515829,1498.553625189187,1482.112513920385,1499.5664127786779,1578.193115234375,0,0,0,0,17.45389885829286,92.8951416015625,1514.0387396716148,1467.903173828125,1421.7676079846353,0.6885183316456712,6.285914039299121,17.39479980468741,0,0,0,-0.011879144824676002,1
2024-08-23,1490.8749048344312,1498.3849993365056,1485.5955458508122,1487.1322021484375,9249654,1468.5289245605468,1493.3753198242186,1475.4618786832862,51.65782498100256,-4.576576287477565,-9.73416160828456,0.001234922923336823,1467.3816198587897,1495.5399557434043,1481.460787801097,1502.901229520246,1557.4681396484375,0,0,0,0,21.44044171914902,70.3359375,1515.346225741776,1468.5289245605468,1421.7116233793176,0.6986795171712021,6.376081587257682,18.603277587890716,0,0,0,0.010161185525530914,1
2024-08-26,1494.0722092753902,1509.9600269352031,1490.131267553257,1499.6490478515625,8816114,1468.9591674804688,1494.45052734375,1477.7654186040745,76.3085857256944,-2.126442146574391,-8.212617715942528,0.008416767308946804,1473.1691336581384,1493.600863956192,1483.3849988071652,1502.901229520246,1567.7689208984375,0,0,0,0,19.51623071308086,68.119873046875,1516.7443559608585,1468.9591674804688,1421.173979000079,0.821123357959427,6.505992751636517,30.68988037109375,0,0,0,0.1224438407882249,0
2024-08-27,1497.5671500638723,1500.516654009415,1486.6117113802566,1487.6031494140625,6251156,1468.2399658203126,1495.2467749023438,1478.702345347883,68.02619891629791,-1.1435147930567382,-6.798797131365371,-0.008032478302011592,1473.1691336581384,1467.6759214525578,1470.422527555348,1502.901229520246,1536.61962890625,1,0,0,0,32.47870196489794,49.0164794921875,1514.4211837523706,1468.2399658203126,1422.0587478882546,0.7096434921036201,6.290690759974825,19.36318359374991,0,0,0,-0.11147986585580694,0
2024-08-28,1492.1141436005682,1494.567928369235,1480.2168879705305,1485.4715576171875,9610286,1467.7575439453126,1495.75732421875,1479.347032230674,64.75578323528354,-0.5304250179081009,-5.545122708673917,-0.0014329035251872124,1475.318263294741,1463.0660657979465,1469.1921645463437,1502.901229520246,1482.7935791015625,1,0,0,0,33.70906497390229,-2.677978515625,1512.9974856163292,1467.7575439453126,1422.517602274296,0.6957784760277836,6.16449792510175,17.71401367187491,0,0,0,-0.013865016075836456,1
2024-08-29,1490.2303777286736,1523.8401488737277,1481.2083164719252,1507.90283203125,38335358,1468.778338623047,1496.6478271484375,1482.0666322116813,77.95299474737975,1.7453501155139293,-4.087028143836348,0.015100440192906905,1495.8320074822334,1470.0061267672086,1482.919067124721,1502.901229520246,1470.1708984375,1,1,0,0,19.982162395524938,-37.73193359375,1516.6005433472883,1468.778338623047,1420.9561338988055,0.909061999899501,6.511834150423789,39.12449340820308,0,0,0,0.21328352387171734,0
2024-08-30,1520.865886117465,1526.5418444404818,1490.4534771750382,1496.6995849609375,41620730,1468.7510986328125,1497.7564306640625,1483.4602467592294,66.33273471016662,2.6147684723807743,-2.746668820592924,-0.00742968766443719,1501.8922276115754,1471.3569745505856,1486.6246010810805,1502.901229520246,1477.8779296875,1,0,0,0,16.276628439165506,-18.8216552734375,1516.5089915870974,1468.7510986328125,1420.9932056785276,0.7926059400786172,6.503197580412413,27.948486328125,0,0,0,-0.1164560598208838,1
2024-09-02,1497.9388431759776,1513.727541260943,1493.725231802768,1503.267822265625,11240852,1469.84150390625,1498.6989892578124,1485.3466825217433,76.01529487050661,3.7901007196176124,-1.4393149125508167,0.004388480741684075,1501.8922276115754,1471.3569745505856,1486.6246010810805,1502.901229520246,1474.6171875,1,1,0,0,16.276628439165506,-28.650634765625,1519.6615746783032,1469.84150390625,1420.0214331341967,0.8354704022030984,6.778971833310112,33.426318359375045,0,0,0,0.04286446212448125,0
2024-09-03,1508.2250430567562,1509.9600595401412,1494.5927706873033,1496.203857421875,10923800,1473.1477294921874,1499.8856201171875,1486.3806991788988,70.92717058222676,4.104245874850449,-0.3306027550705636,-0.004699072739482779,1502.2144218140363,1471.3569745505856,1486.785698182311,1502.901229520246,1491.044189453125,1,0,0,0,16.115531337934954,-5.15966796875,1520.6987950198331,1473.1477294921874,1425.5966639645417,0.7424354499089298,6.455709033884495,23.05612792968759,0,0,0,-0.09303495229416858,1
2024-09-04,1487.850885016148,1504.50709100704,1486.661207884716,1501.5823974609375,11983304,1476.2918273925782,1501.4312890625,1487.8284799676644,73.20740800223655,4.7326562887628825,0.6820490536961257,0.0035947909186186955,1503.3793662055061,1471.3569745505856,1487.3681703780458,1502.901229520246,1501.9871826171875,1,0,0,0,15.533059142200273,0.40478515625,1522.6161766775608,1476.2918273925782,1429.9674781075955,0.7729727503863502,6.275771283893179,25.29057006835933,0,0,0,0.030537300477420315,0
2024-09-05,1506.0439573959177,1512.7113538076746,1474.3179410781215,1480.192138671875,16264168,1477.9328979492188,1502.298671875,1487.1012093680654,57.636658776944,3.4647217946805995,1.2385836018930205,-0.014245144871990911,1500.4298927593018,1471.3569745505856,1485.8934336549437,1502.901229520246,1495.1199951171875,1,0,1,0,17.00779586530234,14.9278564453125,1522.328048232299,1477.9328979492188,1433.5377476661388,0.5254446792977431,6.007735580510158,2.259240722656159,0,0,0,-0.24752807108860708,0
2024-09-06,1479.721175380084,1484.182646260627,1449.110527949692,1452.2830810546875,19394228,1478.9541625976562,1501.4246435546875,1483.7851971477437,41.72371552538692,0.20547824387563196,1.031962530289543,-0.01885502353919355,1487.8261861950868,1471.3569745505856,1479.5915803728362,1502.901229520246,1487.4869384765625,1,0,1,0,23.3096491474098,35.203857421875,1519.865736929263,1478.9541625976562,1438.0425882660495,0.1740399021706227,5.5325006502904825,-26.67108154296875,0,0,0,-0.35140477712712037,0
2024-09-09,1453.943716732093,1457.339440034618,1443.1370191466497,1449.9283447265625,9010298,1478.6139282226563,1500.1769580078126,1480.560735012393,37.79598054052697,-2.5382439972481734,0.3179212247819997,-0.0016214031264586426,1484.8394317935658,1471.3569745505856,1478.0982031720757,1502.901229520246,1497.244384765625,1,0,1,0,24.803026348170306,47.3160400390625,1520.363632056267,1478.6139282226563,1436.8642243890456,0.15645764086833575,5.647140614155486,-28.68558349609384,0,0,0,-0.01758226130228696,0
2024-09-10,1447.9951044503912,1459.4462610127246,1445.0951000796938,1449.0113525390625,10768260,1478.9034545898437,1498.2222387695313,1477.5560319196948,36.28641240025961,-4.732108446165512,-0.6920847094075027,-0.0006324396587149561,1484.8394317935658,1471.3569745505856,1478.0982031720757,1502.901229520246,1481.459716796875,1,0,1,0,24.803026348170306,32.4483642578125,1519.737639008842,1478.9034545898437,1438.0692701708454,0.13398188948676876,5.522224495759694,-29.892102050781205,0,0,0,-0.02247575138156699,0
2024-09-11,1450.5232999620257,1456.1744477064742,1435.1560121734635,1439.0721435546875,9760202,1478.5478088378907,1496.1724829101563,1473.890899694456,33.9140740489015,-7.189892324314087,-1.9916462323888195,-0.0068593037362743026,1480.8489283069725,1477.6189053663084,1479.2339168366404,1502.901229520246,1430.079345703125,1,0,1,0,23.667312683605587,-8.9927978515625,1520.6207533747977,1478.5478088378907,1436.4748643009837,0.030866383162527093,5.691117228055752,-39.47566528320317,0,0,0,-0.10311550632424166,1
2024-09-12,1444.5250498204912,1473.2767495080643,1433.495302957586,1467.1298828125,22349376,1479.6827453613282,1494.5845776367187,1473.246993324746,44.11376530929683,-6.795346164698003,-2.9523862188506564,0.01949710400793836,1473.6114221092646,1477.6189053663084,1475.6151637377866,1502.901229520246,1438.700439453125,0,0,1,0,27.286065782459445,-28.429443359375,1519.1576094552445,1479.6827453613282,1440.207881267412,0.3410018268971973,5.335584836366634,-12.552862548828216,0,0,1,0.3101354437346702,0
2024-09-13,1463.7590600068495,1470.451266381587,1456.918113729867,1460.016357421875,8711328,1479.654248046875,1493.1063647460937,1471.9869327625677,37.953902401197965,-6.97624967576462,-3.7571589102334495,-0.004848599618861527,1473.1033283826305,1477.6189053663084,1475.3611168744694,1502.901229520246,1447.3707275390625,0,0,1,0,27.540112645776617,-12.6456298828125,1519.1849980147301,1479.654248046875,1440.1234980790198,0.25161247078579707,5.343241506593214,-19.637890624999955,0,0,1,-0.08938935611140025,0
2024-09-16,1464.8991851443227,1468.2204780575375,1452.2087310287416,1458.752197265625,5481774,1478.8090454101562,1491.57125,1470.7264817628588,40.61590016636293,-7.139326459853464,-4.433592420157453,-0.0008658534199453838,1473.1033283826305,1480.0185736990338,1476.5609510408322,1502.901229520246,1431.8577880859375,0,0,1,0,26.340278479413882,-26.8944091796875,1519.3553778056819,1478.8090454101562,1438.2627130146304,0.25266754155618243,5.483646792852821,-20.05684814453116,0,0,0,0.001055070770385358,1
2024-09-17,1461.3796100548857,1464.824832895271,1454.0677548146175,1459.6942138671875,5935328,1477.6366760253907,1489.371220703125,1469.6757895823189,41.55023808571085,-7.1105867018516165,-4.968991276496285,0.0006457687627332565,1473.1033283826305,1480.0185736990338,1476.5609510408322,1502.901229520246,1456.7330322265625,0,0,1,0,26.340278479413882,-2.961181640625,1518.9625567692015,1477.6366760253907,1436.3107952815799,0.28291494536519535,5.593510423004778,-17.94246215820317,0,0,0,0.030247403809012918,0
2024-09-18,1457.413889315684,1469.3111455549956,1448.0448484372855,1450.919921875,8574714,1475.8905029296875,1486.7531298828126,1467.889516467336,29.484245019654168,-7.706980991091768,-5.5165892194153825,-0.006011048005007624,1458.8389746091066,1480.0185736990338,1469.4287741540702,1502.901229520246,1443.2208251953125,0,0,1,0,33.472455366175836,-7.6990966796875,1518.609572644908,1475.8905029296875,1433.171433214467,0.20773496214747078,5.788921282496477,-24.9705810546875,0,0,0,-0.07517998321772457,1
2024-09-19,1453.6959512825115,1463.858190669141,1443.0876132109174,1457.0916748046875,16955902,1474.4801879882812,1484.4684448242188,1466.8611505947028,35.20375683795217,-7.59407906387105,-5.932087188306516,0.0042536826716885745,1453.3860262328253,1480.0185736990338,1466.7022999659296,1502.901229520246,1446.18505859375,0,0,1,0,36.198929554316464,-10.9066162109375,1517.7230145745102,1474.4801879882812,1431.237361402052,0.29894337909526086,5.865501203543162,-17.38851318359366,0,0,0,0.09120841694779008,1
2024-09-20,1461.3795684407844,1482.1997658201983,1458.7770437683578,1473.2025146484375,30897320,1473.7837036132812,1482.6255346679689,1467.4650900283918,39.516033600453596,-6.133885725220807,-5.972446895689375,0.011056847089535138,1457.8475343888922,1480.0185736990338,1468.933054043963,1501.4437240131645,1444.43115234375,0,0,0,0,32.510669969201444,-28.7713623046875,1516.635932103747,1473.7837036132812,1430.9314751228153,0.4932186844731656,5.815266973763508,-0.5811889648437045,0,0,0,0.19427530537790472,1
2024-09-23,1478.2340798324108,1488.64417898616,1476.2015834923338,1480.5887451171875,8832314,1472.8306884765625,1481.00099609375,1468.7149619416107,44.56712028792109,-4.330742807401066,-5.644106078031713,0.005013723772059109,1461.069740971873,1480.0185736990338,1470.5441573354533,1501.4437240131645,1460.5863037109375,0,0,0,0,30.899566677711164,-20.00244140625,1514.160327316708,1472.8306884765625,1431.501049636417,0.5938558484702899,5.612272905977424,7.758056640625,0,0,0,0.10063716399712436,0
2024-09-24,1475.7554165819738,1487.6526722077606,1475.1357678514642,1476.6229248046875,17137444,1472.2816772460938,1478.97947265625,1469.4681012619035,41.22977385145672,-3.185032537087409,-5.152291369842852,-0.0026785427929117978,1461.069740971873,1480.0185736990338,1470.5441573354533,1501.4437240131645,1475.65625,0,0,0,0,30.899566677711164,-0.9666748046875,1513.100355374811,1472.2816772460938,1431.4629991173765,0.5531772188323211,5.544954985117885,4.34124755859375,0,0,0,-0.040678629637968866,1
2024-09-25,1471.1948125268714,1483.6869066134093,1467.5264194610884,1481.15869140625,7069002,1472.0660339355468,1477.0387841796876,1470.5814907994604,50.38525839267746,-1.8892720831606766,-4.4996875125064175,0.0030717162285438526,1465.8658960985385,1480.0185736990338,1472.9422348987862,1501.4437240131645,1483.1416015625,0,0,0,0,28.501489114378273,1.98291015625,1512.6485937767575,1472.0660339355468,1431.483474094336,0.6120266625156284,5.5136874169583034,9.092657470703216,0,0,0,0.058849443683307356,1
2024-09-26,1477.8870868947113,1491.122760061236,1475.309372285805,1485.12451171875,18818998,1470.9271179199218,1475.5919116210937,1471.9665404108214,66.17821977464254,-0.5361832458031586,-3.706986659165766,0.00267751209611089,1467.1051866360767,1480.0185736990338,1473.5618801675553,1501.4437240131645,1485.8433837890625,0,0,0,0,27.881843845609183,0.7188720703125,1508.59680325648,1470.9271179199218,1433.2574325833637,0.6884458772615464,5.121896914896486,14.197393798828216,0,0,1,0.07641921474591795,1
2024-09-27,1486.1655345930462,1520.345334807694,1479.225468721031,1513.10791015625,20597478,1471.7475341796876,1474.49869140625,1475.8847661008622,74.84888552172063,2.762333333987499,-2.4131226605351133,0.01884245948180774,1481.7164740093058,1480.0185736990338,1480.8675238541698,1498.553625189187,1485.2979736328125,1,1,0,0,17.686101335017156,-27.8099365234375,1512.2359608873155,1471.7475341796876,1431.2591074720597,1.0107678828227995,5.502088607907209,41.36037597656241,1,0,0,0.3223220055612531,0
2024-09-30,1506.3908994638518,1511.9181178232873,1461.7761901136828,1463.9324951171875,27008814,1469.7807678222657,1473.0449487304688,1474.7464545786074,54.253801255879544,1.3923364821719133,-1.652030831993708,-0.03249960872518631,1481.7164740093058,1480.0185736990338,1480.8675238541698,1495.5399557434043,1487.1322021484375,1,0,1,0,14.672431889234531,23.19970703125,1507.6931572556132,1469.7807678222657,1431.8683783889182,0.4228712197715753,5.158917610484349,-5.848272705078216,0,0,1,-0.5878966630512241,0
2024-10-01,1467.9726595996829,1475.2100841908111,1450.3002051077794,1452.2830810546875,16431642,1467.5847290039062,1472.4347387695314,1472.6070856715676,53.72987623141334,-0.6261879449732533,-1.4468622545896173,-0.007957616967555259,1481.7164740093058,1480.0185736990338,1480.8675238541698,1493.600863956192,1499.6490478515625,1,0,1,0,12.733340102022112,47.365966796875,1504.1860514147738,1467.5847290039062,1430.9834065930386,0.29096864619466106,4.987967193650214,-15.301647949218705,0,0,1,-0.13190257357691426,0
2024-10-03,1424.275007622252,1436.9902726871703,1390.070396353704,1394.928466796875,37757294,1462.2520324707032,1470.9298901367188,1465.2091219692159,32.50875931231414,-6.775813770909963,-2.5126525578536865,-0.03949272356471989,1455.207865580699,1458.3061203970929,1456.756992988896,1458.3061203970929,1487.6031494140625,0,0,1,0,1.5491274081969095,92.6746826171875,1507.5347486926776,1462.2520324707032,1416.9693162487288,-0.24336933923983545,6.193558321880007,-67.32356567382817,0,1,0,-0.5343379854344965,0
2024-10-04,1391.9046094477658,1405.2145916660445,1369.9442340651565,1374.653564453125,37072876,1456.9751037597657,1468.8654028320314,1456.5847831581596,30.559994217692747,-13.13405055915473,-4.636932158113895,-0.01453472549048096,1445.1447844364252,1448.243039252819,1446.693911844622,1448.243039252819,1485.4715576171875,0,0,1,0,1.5491274081969095,110.8179931640625,1515.3657649964914,1456.9751037597657,1398.58444252304,-0.20492042360074642,8.015327246985473,-82.32153930664072,0,1,0,0.03844891563908903,0
2024-10-07,1381.5689173076198,1384.5432314460647,1349.7189700751069,1358.9888916015625,22181340,1452.3103942871094,1466.5528369140625,1447.2899363432455,28.678950139286087,-19.215502850819803,-7.552646296655077,-0.011395360443265057,1435.0321524414003,1438.1304072577943,1436.5812798495972,1438.1304072577943,1507.90283203125,0,0,1,0,1.549127408197137,148.9139404296875,1524.686411039998,1452.3103942871094,1379.9343775342209,-0.14469907900687576,9.967017662008194,-93.32150268554688,0,1,0,0.06022134459387066,1
2024-10-08,1361.2195630224155,1389.004637160655,1353.4119887771335,1385.3858642578125,17020808,1449.083270263672,1464.4396704101562,1441.394310430347,35.677426701789955,-21.655451951758778,-10.373207427675817,0.01942397970975418,1435.0321524414003,1435.0321524414003,1435.0321524414003,1438.1304072577943,1496.6995849609375,0,0,1,0,3.0982548163940464,111.313720703125,1527.129885789718,1449.083270263672,1371.036654737626,0.09192717341726324,10.771860682905384,-63.69740600585942,0,0,0,0.23662625242413898,0
2024-10-09,1385.5594536683957,1388.979866453412,1360.74869282372,1362.8306884765625,14310610,1444.774237060547,1461.6565405273439,1433.912060720463,33.87770841460086,-25.119580489725422,-13.322482040085738,-0.016280789607546198,1435.0321524414003,1435.0321524414003,1435.0321524414003,1438.1304072577943,1503.267822265625,0,0,1,0,3.0982548163940464,140.4371337890625,1531.4050841361961,1444.774237060547,1358.1433899848978,0.02705328788700166,11.992302306262495,-81.94354858398447,0,0,0,-0.06487388553026158,0
2024-10-10,1368.209166456891,1374.132983939481,1357.699948504806,1359.31103515625,22358646,1440.786181640625,1458.940361328125,1426.807201142919,31.92852982037701,-27.82814834998362,-16.223615302065316,-0.0025826049780599547,1435.0321524414003,1435.0321524414003,1435.0321524414003,1438.1304072577943,1496.203857421875,0,0,1,0,3.0982548163940464,136.892822265625,1535.102534002196,1440.786181640625,1346.469829279054,0.06807518291190885,13.092345493510063,-81.47514648437505,0,0,0,0.04102189502490719,1
2024-10-11,1358.2700551936466,1371.4314188021033,1357.1050671377104,1360.35205078125,7980122,1435.4472900390624,1456.3976635742188,1420.4781392037125,27.91306961340328,-29.550071799189027,-18.88890660149006,0.0007658406340240731,1430.8185439491972,1435.0321524414003,1432.9253481952987,1438.1304072577943,1501.5823974609375,0,0,1,0,5.205059062495593,141.2303466796875,1535.1302426026432,1435.4472900390624,1335.7643374754816,0.12332957979994419,13.88876530058699,-75.09523925781241,0,0,0,0.05525439688803534,1
2024-10-14,1367.6390728953818,1368.2587216327886,1356.5350159311083,1360.7734375,12221432,1430.4851440429688,1453.6682446289062,1414.7919771366924,25.89268302267719,-30.528789272721042,-21.216883135736257,0.0003097629900348231,1412.4645271329591,1435.0321524414003,1423.7483397871797,1438.1304072577943,1480.192138671875,0,0,1,0,14.38206747061463,119.418701171875,1534.565442353647,1430.4851440429688,1326.4048457322906,0.16510613596206092,14.551748229487643,-69.71170654296884,0,0,0,0.04177655616211673,0
2024-10-15,1346.8933067731043,1359.9554295521657,1329.2208521541709,1332.5174560546875,33762794,1424.173406982422,1450.6893994140626,1406.9563084622157,23.587144755742315,-33.20172268753345,-23.613851046095697,-0.020764648005787145,1383.1055624206706,1424.7830934809324,1403.9443279508014,1427.8813482973264,1452.2830810546875,0,0,1,0,23.93702034652506,119.765625,1535.6771500403534,1424.173406982422,1312.6696639244906,0.08900056440206258,15.658731234729148,-91.65595092773447,0,0,0,-0.07610557155999834,1
2024-10-16,1328.5268821992931,1352.3213935222657,1326.1722170162907,1342.4813232421875,20034438,1418.312762451172,1448.9374389648438,1400.815833679356,25.077955086813475,-34.122695670648454,-25.715619971006248,0.007477475917652132,1365.6934043411675,1423.2587759119924,1394.47609012658,1426.3570307283862,1449.9283447265625,0,0,1,0,31.880940601806287,107.447021484375,1533.9763689289998,1418.312762451172,1302.649155973344,0.17218971672165131,16.310028301223838,-75.83143920898442,0,0,0,0.08318915231958873,1
2024-10-17,1354.0067695283683,1356.7332239102464,1340.4737382347969,1344.811279296875,15543660,1413.0073303222657,1447.0596557617187,1395.4820665953102,24.634830320117075,-34.26952763116901,-27.426401503038804,0.0017355593812362624,1357.5884270884728,1423.2587759119924,1390.4236015002325,1426.3570307283862,1449.0113525390625,0,0,1,0,35.93342922815373,104.2000732421875,1531.8910031255493,1413.0073303222657,1294.123657518982,0.21318159416964483,16.827042613596312,-68.19605102539072,0,0,0,0.04099187744799351,1
2024-10-18,1340.5976258716714,1356.70849216764,1329.840427555484,1347.66162109375,12082452,1407.5358276367188,1445.0654736328124,1390.9277384523045,17.101993974482326,-33.766653295858305,-28.694451861602708,0.0021195106263276475,1357.5884270884728,1423.2587759119924,1390.4236015002325,1426.3570307283862,1439.0721435546875,0,0,1,0,35.93342922815373,91.4105224609375,1527.8641482843243,1407.5358276367188,1287.2075069891132,0.2512048442929873,17.0977275725392,-59.87420654296875,0,0,0,0.038023250123342456,1
2024-10-21,1355.41962128335,1362.2357572594483,1346.1000802528206,1357.476806640625,14067408,1401.7495422363281,1443.5778540039062,1387.7419354226208,24.903552125018777,-32.20488050182303,-29.396537589646773,0.007283123146972992,1357.5760417348513,1423.2587759119924,1390.4174088234217,1426.3570307283862,1467.1298828125,0,0,1,0,35.9396219049645,109.653076171875,1520.002401461517,1401.7495422363281,1283.4966830111393,0.3128047986078941,16.872180894245933,-44.272735595703125,0,0,0,0.061599954314906835,0
2024-10-22,1357.4769157261562,1364.2187428070656,1328.7500227270916,1331.8482666015625,15831960,1394.312518310547,1441.0801586914063,1382.4187288682344,23.36364677016647,-32.6587040936372,-30.04897089044486,-0.018879541745163153,1350.1526004778857,1423.2587759119924,1386.705688194939,1426.3570307283862,1460.016357421875,0,0,1,0,39.65134253344718,128.1680908203125,1510.4874514946782,1394.312518310547,1278.1375851264156,0.23116295401701764,16.664116782785186,-62.46425170898442,0,0,0,-0.08164184459087648,0
2024-10-23,1326.0483270387208,1345.8522769141389,1323.56973203491,1327.0645751953125,17214742,1386.8346008300782,1438.7570336914061,1377.1469047089086,30.442833894899337,-33.02368993622804,-30.643914699601495,-0.0035917690672500058,1347.5005754185067,1421.9575334213018,1384.7290544199043,1425.0557882376959,1458.752197265625,0,0,1,0,40.32673381779159,131.6876220703125,1500.070613953812,1386.8346008300782,1273.5985877063445,0.23608208207818743,16.330139593569022,-59.770025634765716,0,0,0,0.004919128061169786,1
2024-10-24,1323.8424540123256,1332.1952468902052,1311.796457612685,1328.3287353515625,22155934,1379.1931030273438,1436.3999072265624,1372.4975552463043,35.007233797439454,-32.83246447352849,-31.081624654386893,0.0009525988259191376,1340.0275896227367,1416.0708962101894,1378.049242916463,1419.1691510265832,1459.6942138671875,0,0,1,0,41.11990811012015,131.365478515625,1486.40320124554,1379.1931030273438,1271.9830048091476,0.26278182502798814,15.546785723169421,-50.864367675781295,0,0,0,0.02669974294980071,0
2024-10-25,1331.996862815434,1332.8395608533488,1310.6809472586556,1316.4808349609375,18597496,1370.760919189453,1433.8409008789063,1367.1626295048409,35.89401451811524,-33.253616470112775,-31.51602301753207,-0.008919403815719762,1337.4498450328606,1415.5131410331746,1376.4814930330176,1418.6113958495687,1450.919921875,0,0,1,0,42.129902816551066,134.4390869140625,1469.512482754739,1370.760919189453,1272.009355624167,0.22516848205329817,14.408284068045793,-54.280084228515534,0,0,0,-0.03761334297468996,1
2024-10-28,1325.552505604476,1341.4155124030335,1310.7800563182918,1322.9251708984375,10824350,1361.2517822265625,1431.0876782226562,1362.949538208993,26.109193663458043,-32.690542187862775,-31.750926851598216,0.004895123245520772,1337.4498450328606,1415.5131410331746,1376.4814930330176,1418.6113958495687,1457.0916748046875,0,0,1,0,42.129902816551066,134.16650390625,1437.3786182236317,1361.2517822265625,1285.1249462294932,0.24827134987193977,11.184828110571978,-38.326611328124955,0,0,0,0.023102867818641598,1
2024-10-29,1316.728719636798,1331.6994085045892,1308.995576227512,1328.52685546875,12008361,1354.4815002441405,1428.1450903320313,1359.6711874718271,34.923738042994245,-31.429987303706184,-31.686738942019808,0.004234317022260736,1336.607159517289,1414.670455517603,1375.638807517446,1417.7687103339968,1473.2025146484375,0,0,1,0,42.12990281655084,144.6756591796875,1415.4525318309038,1354.4815002441405,1293.5104686573773,0.2871559320883686,9.00285926028129,-25.954644775390534,0,0,0,0.03888458221642882,1
2024-10-30,1323.569732267355,1338.4413022928309,1314.0023313459362,1332.3935546875,11984423,1348.4870239257812,1425.1301293945312,1357.0733176828435,38.205958743212655,-29.775741946205017,-31.30453954285685,0.0029105164135998507,1336.607159517289,1414.670455517603,1375.638807517446,1417.7687103339968,1480.5887451171875,0,0,1,0,42.12990281655084,148.1951904296875,1390.4188415992712,1348.4870239257812,1306.555206252291,0.30809955147191603,6.219091015264812,-16.09346923828116,0,0,0,0.02094361938354744,0
2024-10-31,1328.526903121052,1331.501217083263,1314.7955112005386,1320.64501953125,9331650,1344.7728515625,1421.826162109375,1353.6039559541202,34.09457196951915,-29.077561157821265,-30.859143865849735,-0.008817616322833066,1336.607159517289,1414.670455517603,1375.638807517446,1417.7687103339968,1476.6229248046875,0,0,1,0,42.12990281655084,155.9779052734375,1382.5454732159853,1344.7728515625,1307.0002299090145,0.18061745551326408,5.617695450885581,-24.12783203124991,0,0,0,-0.12748209595865195,1
2024-11-01,1321.636448077728,1330.4601492824747,1321.5868277686543,1327.1884765625,2127335,1342.3995971679688,1418.6639721679687,1351.0881960120612,37.175863431950894,-27.677200023029854,-30.22275509728576,0.004954743276563756,1336.607159517289,1414.670455517603,1375.638807517446,1417.7687103339968,1481.15869140625,0,0,1,0,42.12990281655084,153.97021484375,1378.2815180913312,1342.3995971679688,1306.5176762446063,0.28803921008079464,5.345937379460154,-15.21112060546875,0,0,0,0.10742175456753056,0
2024-11-04,1326.3952636738204,1328.52687951389,1274.0969107675833,1291.0009765625,19796890,1339.0002014160157,1414.74134765625,1345.3656036835314,35.052664610419,-29.151393435680347,-30.00848276496468,-0.027266285564600312,1309.974593840861,1397.2211227876387,1353.5978583142498,1400.3193776040325,1485.12451171875,0,0,1,0,46.72151928978269,194.12353515625,1380.4080676409847,1339.0002014160157,1297.5923351910467,-0.07959065788050787,6.18489320332879,-47.99922485351567,0,1,0,-0.3676298679613025,1
2024-11-05,1281.9292880644173,1298.337634786513,1275.1379622128013,1294.1240234375,16267479,1334.437109375,1410.6308471679688,1340.4854531839094,31.6877012585623,-29.7250467184042,-29.951795555652584,0.0024190894752966763,1307.7562115853084,1393.0075142954352,1350.3818629403718,1400.3193776040325,1513.10791015625,0,0,1,0,49.93751466366075,218.98388671875,1374.484237560965,1334.437109375,1294.389981189035,-0.00332055959543568,6.0021004968486755,-40.31308593750009,0,1,0,0.0762700982850722,1
2024-11-06,1298.783649697479,1316.9270116872765,1289.0675098622075,1314.002197265625,21625209,1331.9956848144532,1407.158828125,1337.963238334549,39.701693996830386,-28.250019934039756,-29.61144043133002,0.015360331365554813,1307.7562115853084,1374.653497479197,1341.2048545322527,1400.3193776040325,1463.9324951171875,0,0,1,0,59.114523071779786,149.9302978515625,1370.7540170818247,1331.9956848144532,1293.2373525470816,0.2678758798920784,5.819588262820923,-17.99348754882817,0,0,0,0.2711964394875141,0
2024-11-07,1312.6638089321268,1312.6638089321268,1291.447013193,1294.470947265625,9611974,1328.753680419922,1403.3388159179688,1333.821115375604,34.0041672907324,-28.330483052454156,-29.35524895555485,-0.014863940136967457,1307.7562115853084,1355.5435917273767,1331.6499016563425,1400.3193776040325,1452.2830810546875,0,0,1,0,68.66947594768999,157.8121337890625,1368.6605903846637,1328.753680419922,1288.8467704551801,0.07046620266282053,6.006667835099447,-34.28273315429692,0,0,0,-0.19740967722925787,0
2024-11-08,1286.5395574614042,1290.5053095001092,1264.083462337208,1272.758544921875,19814406,1324.374005126953,1398.6359301757811,1328.0056324752488,26.224290817801744,-29.802712941283744,-29.44474175270063,-0.0167731862886642,1301.2623823150193,1334.649027001626,1317.9557046583227,1395.3126533888449,1394.928466796875,0,0,1,0,77.35694873052216,122.169921875,1368.4561429861496,1324.374005126953,1280.2918672677565,-0.08544642696259215,6.65705271902719,-51.61546020507808,0,1,0,-0.1559126296254127,0
2024-11-11,1267.9994654475693,1274.9891511168566,1256.151830843746,1261.802978515625,9056552,1319.4254821777345,1393.937998046875,1321.7006178124275,28.577903183535838,-31.490485667887697,-29.853890535738042,-0.008607733532774997,1297.2965665682884,1322.5782340022006,1309.9374002852446,1391.3468376421138,1374.653564453125,0,0,1,0,81.40943735686915,112.8505859375,1368.039536725206,1319.4254821777345,1270.8114276302629,-0.09265272356414053,7.3689731180927724,-57.622503662109466,0,1,0,-0.0072062966015483815,1
2024-11-12,1264.6287615317467,1278.2610337323058,1256.6476373969983,1263.33984375,10671091,1315.9666015625,1389.1394384765624,1316.142448854101,30.116043357997526,-32.33134985758011,-30.349382400106457,0.0012179914460044294,1293.8265239635045,1322.5782340022006,1308.2023789828527,1391.3468376421138,1358.9888916015625,0,0,1,0,83.14445865926109,95.6490478515625,1369.9138970523863,1315.9666015625,1262.0193060726137,0.01223914623888626,8.198885203595975,-52.626757812500045,0,0,0,0.1048918698030268,0
2024-11-13,1259.374078659472,1264.5295076822267,1238.8017408266169,1241.3299560546875,14633633,1310.909033203125,1384.0419604492188,1309.0174495398712,25.965502263517706,-34.37747267297573,-31.155000454680312,-0.017421984911027644,1284.630945054546,1313.8908036400144,1299.2608743472802,1379.5735378171553,1385.3858642578125,0,0,1,0,80.31266346987513,144.055908203125,1372.4030522392525,1310.909033203125,1249.4150141669977,-0.06573857294609645,9.381889586323249,-69.57907714843759,0,1,0,-0.07797771918498271,1
2024-11-14,1242.866693712679,1261.7040163358736,1240.38809863068,1256.746826171875,12612633,1306.505810546875,1379.1452490234376,1304.0392949333955,33.81685776365266,-34.3589584856843,-31.795792060881112,0.012419639147505102,1283.6643101702534,1306.467362383049,1295.0658362766512,1379.5735378171553,1362.8306884765625,0,0,1,0,84.50770154050406,106.0838623046875,1370.2301965716338,1306.505810546875,1242.7814245221161,0.10957658850045952,9.75493342782535,-49.758984374999955,0,0,0,0.17531516144655596,0
2024-11-18,1256.7467703539512,1262.0014401044657,1233.24973843027,1249.9554443359375,13620611,1301.6205017089844,1374.5405151367188,1298.888452019352,30.26814055064672,-34.49466063941168,-32.33556577658723,-0.0054039379248916886,1275.0883750587732,1302.3405786161866,1288.7144768374799,1376.7975366189821,1359.31103515625,0,0,1,0,88.08305978150224,109.3555908203125,1366.9363576693129,1301.6205017089844,1236.304645748656,0.10449835179051135,10.036082848198982,-51.66505737304692,0,0,0,-0.0050782367099481696,0
2024-11-19,1249.9553610165642,1270.5276979121372,1224.5745744010292,1231.0189208984375,14183746,1295.297607421875,1370.1152319335938,1292.4246871506934,25.406366016058215,-35.71848430313639,-33.01214948189706,-0.015149758756049403,1270.750793044153,1296.4166480169088,1283.5837205305309,1372.4599546043614,1360.35205078125,0,0,1,0,88.87623407383057,129.3331298828125,1362.224256476141,1295.297607421875,1228.370958367609,0.01978257217600548,10.333787180766107,-64.2786865234375,0,0,0,-0.08471577961450588,0
2024-11-21,1231.0189056876295,1233.299140266532,1206.8277964681656,1212.528564453125,19433843,1289.3316223144532,1365.367236328125,1284.815532608068,21.844412431957537,-37.745286442112274,-33.9587768739401,-0.015020367381370248,1259.7458027001462,1285.5232696376156,1272.634536168881,1363.5865656379297,1360.7734375,0,0,1,0,90.95202946904874,148.244873046875,1363.0863319805046,1289.3316223144532,1215.5769126484017,-0.020665447732620218,11.440766423405616,-76.80305786132817,0,1,0,-0.0404480199086257,1
2024-11-22,1218.87390570229,1257.9860865301257,1211.9833389629089,1254.565673828125,20471957,1285.7066772460937,1361.4783227539062,1281.934593676645,36.41183640847277,-35.54970347900644,-34.27696219495337,0.03466896418556509,1248.6665529841375,1285.5232696376156,1267.0949113108766,1363.5865656379297,1332.5174560546875,0,0,1,0,96.49165432705308,77.9517822265625,1358.810544306175,1285.7066772460937,1212.6028101860124,0.28700850809728634,11.371779948543994,-31.141003417968705,0,0,0,0.30767395582990653,1
2024-11-25,1278.9549045518283,1293.2811339485756,1271.4694999174592,1275.9805908203125,28923341,1283.0892700195313,1358.2164916992188,1281.3675457855657,40.07683155013803,-31.716080104216417,-33.76478577680598,0.017069586263143144,1250.0544652083706,1285.5232696376156,1267.788867422993,1363.5865656379297,1342.4813232421875,0,0,0,0,95.79769821493664,66.500732421875,1353.604257651825,1283.0892700195313,1212.5742823872376,0.44959455118756,10.991439065065256,-7.108679199218841,0,0,0,0.16258604309027364,1
2024-11-26,1283.8625006531302,1286.7376948587628,1273.2045428922677,1284.6060791015625,9247557,1281.4955322265625,1354.566015625,1281.6759775299463,48.61257877025966,-27.663019077552235,-32.54443243695523,0.006759889878657832,1250.0544652083706,1285.5232696376156,1267.788867422993,1363.5865656379297,1344.811279296875,0,0,0,0,95.79769821493664,60.2052001953125,1350.3407521062506,1281.4955322265625,1212.6503123468744,0.522590870364245,10.74451188449662,3.1105468749999545,0,0,0,0.07299631917668503,0
2024-11-27,1282.4250432843671,1292.6864023015985,1274.9892583407009,1282.1275634765625,9572746,1279.4556518554687,1351.0082397460938,1281.7189857153382,47.38997804686699,-24.37001217970942,-30.90954838550607,-0.0019293973968529388,1250.0544652083706,1285.5232696376156,1267.788867422993,1363.5865656379297,1347.66162109375,0,0,0,0,95.79769821493664,65.5340576171875,1345.6358358471507,1279.4556518554687,1213.2754678637866,0.5201866439463939,10.345053210044043,2.671911621093841,0,0,0,-0.0024042264178510964,0
2024-11-28,1278.905374093644,1285.4984608667178,1258.184417128475,1259.91943359375,15027412,1276.0252807617187,1347.0315844726563,1279.6428378942346,38.351525502515074,-23.283888792510197,-29.3844164669069,-0.01732131069906484,1250.0544652083706,1285.5232696376156,1267.788867422993,1363.5865656379297,1357.476806640625,0,0,1,0,95.79769821493664,97.557373046875,1338.6949155922505,1276.0252807617187,1213.355645931187,0.3715019864762148,9.822632164955442,-16.105847167968705,0,0,0,-0.14868465747017912,1
2024-11-29,1269.040613461441,1288.3736540571424,1264.3312830599236,1281.1361083984375,13202307,1273.4624084472657,1343.4604223632812,1279.78505413273,47.14861232414237,-20.475095683732434,-27.602552310272007,0.016839707555085237,1250.0544652083706,1276.3400366911524,1263.1972509497614,1363.5865656379297,1331.8482666015625,0,0,0,0,100.38931468816827,50.712158203125,1330.6546939632642,1273.4624084472657,1216.2701229312672,0.5670868446848938,8.982170990933783,7.673699951171784,0,0,0,0.195584858208679,1
2024-12-02,1276.9721028104004,1300.1221551586505,1266.115905470633,1297.9410400390625,11024152,1272.3272094726562,1340.4008447265626,1281.5141956476189,55.500205562834246,-16.700575531064715,-25.422156954430548,0.013117210209329766,1253.474975813408,1274.1216544355996,1263.798315124504,1363.5865656379297,1327.0645751953125,0,0,0,0,99.78825051342574,29.12353515625,1326.552699224954,1272.3272094726562,1218.1017197203585,0.7361788771610023,8.523827730568259,25.61383056640625,0,0,0,0.1690920324761085,1
2024-12-03,1305.7238628126408,1315.4400037478051,1295.8094826849822,1311.969970703125,16869482,1271.5662841796875,1337.4984106445313,1284.4147456529051,60.812011053840116,-12.433893472085629,-22.824504257961564,0.01080860395911376,1261.1339001079855,1274.1216544355996,1267.6277772717926,1363.5865656379297,1328.3287353515625,0,0,0,0,95.95878836613701,16.3587646484375,1323.0487636064322,1271.5662841796875,1220.0838047529428,0.8924022985424448,8.097490483550697,40.4036865234375,0,0,0,0.15622342138144252,0
2024-12-04,1314.6467414933138,1317.0262168141671,1292.884726573221,1297.74267578125,19608540,1271.903369140625,1333.9892138671876,1285.684072331795,57.029966934001706,-10.084295516828888,-20.27646250973503,-0.010844222992581254,1264.504777888538,1274.1216544355996,1269.3132161620688,1363.5865656379297,1316.4808349609375,0,0,0,0,94.27334947586087,18.7381591796875,1323.975342645519,1271.903369140625,1219.831395635731,0.7481114590192788,8.188039243905294,25.839306640624955,0,0,0,-0.14429083952316601,1
2024-12-05,1303.096445986659,1318.5628538088615,1294.966703202915,1310.7305908203125,16858723,1272.7336975097655,1330.59205078125,1288.0694550449873,64.7244230713448,-7.092448676781714,-17.639659743144367,0.010008081942164404,1288.3736354686682,1272.6345493804984,1280.5040924245832,1363.5865656379297,1322.9251708984375,1,0,0,0,83.08247321334647,12.194580078125,1326.6919385586402,1272.7336975097655,1218.7754564608908,0.8520953664531972,8.479109361911224,37.996893310546966,0,0,0,0.10398390743391839,0
2024-12-06,1312.564791729292,1312.564791729292,1298.7837793313574,1300.320556640625,9037514,1272.0496154785155,1327.0660034179687,1289.2362266255243,59.445519361203075,-5.498013580801853,-15.211330510675866,-0.007942161610169252,1288.3736354686682,1272.6345493804984,1280.5040924245832,1363.5865656379297,1328.52685546875,1,0,0,0,83.08247321334647,28.206298828125,1324.2148246615318,1272.0496154785155,1219.8844062954993,0.7709750579444988,8.201756998824754,28.270941162109466,0,0,0,-0.08112030850869834,0
2024-12-09,1291.8436769577456,1303.7409326166044,1282.0284168341586,1284.0609130859375,14650002,1271.5291137695312,1323.1240478515624,1288.743339621754,57.10156391387188,-5.483222452065547,-13.265708898953802,-0.012504334774722237,1288.3736354686682,1269.1645067757145,1278.7690711221912,1363.5865656379297,1332.3935546875,1,0,0,0,84.81749451573842,48.3326416015625,1322.9920751224588,1271.5291137695312,1220.0661524166037,0.6217555207371812,8.094657180182407,12.53179931640625,0,0,0,-0.14921953720731762,0
2024-12-10,1278.2113501165884,1283.812998621138,1269.238788448007,1273.8489990234375,16043729,1271.5836364746094,1318.8985375976563,1287.3248309933429,59.25448027161218,-6.223772718559303,-11.857321662874902,-0.007952826815636138,1288.3736354686682,1268.6439728753203,1278.5088041719941,1363.5865656379297,1320.64501953125,1,0,1,0,85.07776146593551,46.7960205078125,1323.0540024499744,1271.5836364746094,1220.1132704992444,0.5220064740739588,8.095474729143817,2.2653625488280795,0,0,0,-0.09974904666322237,0
2024-12-11,1273.9978081396894,1278.9549980546296,1265.1244866020038,1267.2559814453125,11724373,1271.8562866210937,1313.9814990234374,1285.4135119887687,62.466125490148094,-7.258988458157546,-10.93765502193143,-0.005175666490439101,1291.4470684343926,1267.6773379910278,1279.5622032127103,1363.5865656379297,1327.1884765625,1,0,1,0,84.02436242521935,59.9324951171875,1323.1740680113378,1271.8562866210937,1220.5385052308495,0.4551782535102374,8.069745289631536,-4.600305175781159,0,0,0,-0.06682822056372145,0
2024-12-12,1259.1262215126185,1267.25596445406,1249.8066803924569,1252.0870361328125,20906813,1271.2936462402345,1309.74458984375,1282.239561907249,49.356653699407566,-9.197389721140098,-10.589601961773166,-0.011969914156727657,1284.1847671006592,1262.6953251385135,1273.4400461195864,1363.5865656379297,1291.0009765625,1,0,1,0,90.14651951834321,38.9139404296875,1323.215771804993,1271.2936462402345,1219.371520675476,0.3150440693778318,8.168392207152882,-19.206610107421966,0,0,0,-0.14013418413240558,1
2024-12-13,1249.211828655226,1264.281637225772,1228.9864700814942,1261.9517822265625,28630222,1272.3247375488281,1305.9379638671876,1280.3073924138503,46.1264828529018,-9.824335298948426,-10.43654862920822,0.007878642465797059,1273.7746619451777,1262.6953251385135,1268.2349935418456,1359.3729571457266,1294.1240234375,1,0,1,0,91.13796360388096,32.1722412109375,1322.6193104643908,1272.3247375488281,1222.0301646332655,0.3968779858248292,7.905933356676951,-10.372955322265625,0,0,0,0.08183391644699739,0
2024-12-16,1264.0833817296273,1270.032009408355,1255.7057794921418,1257.4407958984375,9486781,1272.3594360351562,1303.1882104492188,1278.1296213171445,42.324963166113925,-10.563424500911196,-10.461923803548816,-0.003574610687712587,1273.7746619451777,1262.6953251385135,1268.2349935418456,1341.0189403294885,1314.002197265625,1,0,1,0,72.78394678764289,56.5614013671875,1322.6119118752165,1272.3594360351562,1222.106960195096,0.3515631330862119,7.899100586962084,-14.91864013671875,0,0,0,-0.045314852738617295,0
2024-12-17,1250.2529662315403,1253.0785403896136,1232.1592223274588,1234.6378173828125,17462791,1271.5935546875,1300.3878955078126,1273.9875447519698,37.96485692188709,-12.841143107673815,-10.937767664373816,-0.01813443510820112,1273.7746619451777,1262.6953251385135,1268.2349935418456,1321.909034577668,1294.470947265625,1,0,1,0,53.67404103582248,59.8331298828125,1323.6239435486254,1271.5935546875,1219.5631658263746,0.14486391401641927,8.183493643755076,-36.955737304687545,0,0,0,-0.20669921906979263,1
2024-12-18,1230.027558928225,1249.162239402372,1230.027558928225,1242.5196533203125,12670179,1272.1685913085937,1298.0585107421875,1270.9906027108595,45.24517826203274,-13.850592219295095,-11.520332575358072,0.006383925574390714,1270.775630905393,1262.6953251385135,1266.7354780219532,1306.0211940671052,1272.758544921875,1,0,1,0,39.28571604515196,30.2388916015625,1322.622896013901,1272.1685913085937,1221.7142866032864,0.20618029361960058,7.932015465561588,-29.648937988281205,0,0,0,0.061316379603181315,0
2024-12-19,1228.3916379278016,1234.2411461229626,1218.4772582835096,1219.914794921875,14244653,1272.5379028320312,1294.7490893554686,1266.1262400642895,33.396081869292786,-16.286866213525627,-12.473639302991582,-0.01819275722362368,1261.1090954500569,1262.6953251385135,1261.9022102942852,1297.9162168144103,1261.802978515625,0,0,1,0,36.01400652012512,41.88818359375,1321.321061667754,1272.5379028320312,1223.7547439963084,-0.039357322958159136,7.6670657474572605,-52.62310791015625,0,1,0,-0.24553761657775972,0
2024-12-20,1213.5201900622435,1228.8874800507767,1191.2128336272758,1194.9803466796875,20312896,1269.5586364746093,1291.3920825195312,1259.3504406943273,23.255232874488385,-19.999095371190606,-13.978730516631389,-0.020439499828989516,1237.5129161242069,1254.8878437180688,1246.200379921138,1290.1087353939654,1263.33984375,0,0,1,0,43.90835547282745,68.3594970703125,1328.5732717278115,1269.5586364746093,1210.5440012214071,-0.13186266825969364,9.296874292797968,-74.57828979492183,0,1,0,-0.09250534530153451,1
2024-12-23,1204.5971709809228,1216.6926661807136,1202.8125341694108,1211.834716796875,10052824,1266.3513427734374,1288.4425561523437,1254.8251336564747,24.365439086402276,-21.335118942677582,-15.450008201840628,0.014104307375446101,1235.0839158409526,1254.8878437180688,1244.9858797795107,1290.0963500403439,1241.3299560546875,0,0,1,0,45.110470260833154,29.4952392578125,1330.3805714396865,1266.3513427734374,1202.3221141071883,0.07428328349284748,10.112395589365997,-54.51662597656241,0,0,0,0.20614595175254113,1
2024-12-24,1211.8347850736238,1222.988463211123,1210.545867189896,1212.2808837890625,6734917,1262.7350830078126,1285.4811328125,1250.7733003357687,26.460938640005537,-22.103134129592036,-16.78063338739091,0.00036817478984829677,1230.6224215178154,1254.8878437180688,1242.755132617942,1282.6729087833783,1256.746826171875,0,0,1,0,39.91777616543618,44.4659423828125,1330.3036305140245,1262.7350830078126,1195.1665355016007,0.1266443405927024,10.701935570723954,-50.45419921875009,0,0,0,0.05236105709985493,0
2024-12-26,1213.767935093776,1217.1883476811242,1203.8535553911518,1206.1339111328125,10016178,1258.935400390625,1282.3883422851563,1246.5219299354872,20.062359021374235,-22.943324654543858,-18.0131716408215,-0.005070584497742225,1230.6224215178154,1254.8878437180688,1242.755132617942,1281.3221262146894,1249.9554443359375,0,0,1,0,38.56699359674735,43.821533203125,1330.1623835635228,1258.935400390625,1187.7084172177274,0.12934349521977306,11.315430982526543,-52.80148925781259,0,0,0,0.0026991546270706546,1
2024-12-27,1207.86900439277,1217.3867853075249,1206.5800865394056,1210.595458984375,7000397,1256.4692016601562,1279.94990234375,1243.1003612734767,23.41359349160625,-22.984224244002007,-19.007382161457603,0.003699048513918557,1230.6224215178154,1254.8878437180688,1242.755132617942,1279.7357776300323,1231.0189208984375,0,0,1,0,36.980645012090235,20.4234619140625,1330.7397268364502,1256.4692016601562,1182.198676483862,0.19117127846550294,11.822100387046723,-45.87374267578116,0,0,0,0.06182778324572988,0
2024-12-30,1205.9851311625014,1212.726836521202,1197.7561478726802,1200.3338623046875,8818766,1252.4290893554687,1277.106953125,1239.0273613716872,24.276516236849332,-23.57292850940439,-19.920491431046962,-0.0084764870077213,1222.1456870084448,1254.8878437180688,1238.5167653632568,1277.7157882171707,1212.528564453125,0,0,1,0,39.1990228539139,12.1947021484375,1329.6260121408252,1252.4290893554687,1175.2321665701122,0.1625822301516456,12.327551865644379,-52.095227050781205,0,0,0,-0.028589048313857335,1
2024-12-31,1197.6570485426987,1208.6619856280877,1195.8229125326573,1205.043212890625,6405475,1247.784197998047,1274.311591796875,1235.7907758020624,28.12102862688016,-23.389851992429612,-20.614363543323492,0.003923367267915978,1220.187536514824,1254.8878437180688,1237.5376901164464,1277.7157882171707,1254.565673828125,0,0,1,0,40.178098100724355,49.5224609375,1324.6469428833448,1247.784197998047,1170.921453112749,0.22196552978166323,12.31987790975666,-42.74098510742192,0,0,0,0.05938329963001762,1
2025-01-01,1204.4483521073844,1215.800389087432,1201.2261788160188,1210.7935791015625,5892590,1242.7253784179688,1271.5742309570312,1233.410090402015,31.94926406196585,-22.521146282902237,-20.995720091239242,0.004771917014613658,1212.7269898751192,1254.8878437180688,1233.807416796594,1277.7157882171707,1275.9805908203125,0,0,1,0,43.908371420576714,65.18701171875,1315.2182292575285,1242.7253784179688,1170.2325275784092,0.2797589765984136,11.666753105476205,-31.93179931640634,0,0,0,0.05779344681675036,1
2025-01-02,1210.793625832193,1233.7949384205442,1209.554328364606,1231.167724609375,15486276,1239.396630859375,1269.0480493164061,1233.1965317550969,43.527615772931185,-19.958597196092114,-20.78829551220982,0.016827100720942623,1212.5038860239101,1254.8878437180688,1233.6958648709895,1277.7157882171707,1284.6060791015625,0,0,1,0,44.01992334618126,53.4383544921875,1307.45709259812,1239.396630859375,1171.3361691206298,0.43954708769397455,10.982837946163075,-8.228906249999909,0,0,0,0.15978811109556096,1
2025-01-03,1233.2496968938565,1251.2443199889096,1224.9215938636924,1240.4376220703125,15521102,1235.881982421875,1267.2198364257813,1233.886159404165,43.31897891568549,-16.983974641780378,-20.027431338123932,0.0075293538610903266,1223.5336162607834,1254.8878437180688,1239.210729989426,1277.7157882171707,1282.1275634765625,0,0,0,0,38.50505822774471,41.68994140625,1295.592328270252,1235.881982421875,1176.1716365734978,0.5381478250017657,9.662790897131895,4.555639648437591,0,0,0,0.09860073730779118,0
2025-01-06,1243.2136823453243,1251.1948069805778,1204.597219081935,1207.571533203125,14816766,1231.24453125,1264.8299755859375,1231.3800045278756,36.832476511256864,-17.0816765998386,-19.43828039046687,-0.02649555953674909,1223.5336162607834,1254.8878437180688,1239.210729989426,1277.7157882171707,1259.91943359375,0,0,1,0,38.50505822774471,52.347900390625,1284.24577581436,1231.24453125,1178.2432866856398,0.2766750739397406,8.609377458196958,-23.67299804687491,0,0,0,-0.2614727510620251,1
2025-01-07,1211.5371275851955,1233.844480589015,1210.7935491517349,1230.2257080078125,10070505,1228.5527709960938,1262.8679150390626,1231.2700715259648,48.83410663872789,-15.15639009709048,-18.58190233179159,0.018760110007393527,1223.5336162607834,1254.8878437180688,1239.210729989426,1268.5325552707072,1281.1361083984375,0,0,1,0,29.321825281281235,50.910400390625,1275.69556678108,1228.5527709960938,1181.4099752111076,0.5177432944298506,7.6745251645582115,1.672937011718659,0,0,0,0.24106822049010995,1
2025-01-08,1238.3060678446636,1260.167324257905,1234.6872949225542,1254.664794921875,19346579,1227.5935607910155,1261.6315942382812,1233.4981404208133,52.951100823222255,-11.525695560800386,-17.17066097759335,0.019865530979382928,1227.9951183952812,1254.8878437180688,1241.441481056675,1266.3141730151547,1297.9410400390625,0,0,0,0,24.872691958479663,43.2762451171875,1271.6932292881131,1227.5935607910155,1183.493892293918,0.8069323994197503,7.184734411392872,27.071234130859466,0,0,0,0.2891891049898997,0
2025-01-09,1256.1519514905858,1258.878406002503,1237.3642497185242,1244.0068359375,12794704,1226.431103515625,1260.0532275390624,1234.4989685652597,56.214857566077846,-9.399994910770602,-15.6165277642288,-0.008494666485831082,1227.9951183952812,1254.8878437180688,1241.441481056675,1266.3141730151547,1311.969970703125,0,0,0,0,24.872691958479663,67.963134765625,1267.402229100122,1226.431103515625,1185.459977931128,0.7144892551905565,6.681357879305456,17.575732421875045,0,0,0,-0.09244314422919375,0
2025-01-10,1243.114481097643,1245.9896754309789,1225.4173374439545,1231.266845703125,8120332,1225.3900939941407,1258.10802734375,1234.1911473402945,59.98903171997013,-8.643732996699782,-14.221968810722998,-0.01024109342998425,1227.9951183952812,1254.8878437180688,1241.441481056675,1266.3141730151547,1297.74267578125,0,0,1,0,24.872691958479663,66.475830078125,1264.7262075944266,1225.3900939941407,1186.0539803938548,0.5746991907830673,6.420178160910445,5.8767517089843295,0,0,0,-0.1397900644074892,0
2025-01-13,1219.4687349455062,1234.5881643828388,1215.899582365329,1229.234375,13764861,1223.7542236328125,1256.04484375,1233.7190737840758,55.21541800767798,-8.114850436390043,-13.00054513585641,-0.0016507150421680716,1230.696751536962,1251.888812678284,1241.292782107623,1264.8270679600532,1310.7305908203125,0,0,1,0,23.53428585243023,81.4962158203125,1259.4225546258342,1223.7542236328125,1188.0858926397907,0.5768209671523417,5.829329174797445,5.4801513671875455,0,0,0,0.002121776369274353,0
2025-01-14,1233.4479678208604,1242.6187691440975,1216.742262047884,1228.143798828125,13095266,1222.289373779297,1254.1948193359376,1233.1880952168424,54.73649296354749,-7.695004359415179,-11.939436980568164,-0.0008871995398558319,1232.38227166992,1247.47688312194,1239.9295773959302,1264.8270679600532,1300.320556640625,0,0,1,0,24.897490564123018,72.1767578125,1254.5468277912303,1222.289373779297,1190.0319197673637,0.59074530566892,5.278202478713176,5.854425048828034,0,0,1,0.013924338516578372,1
2025-01-15,1234.2905907014622,1246.2374660533972,1231.2171573529768,1241.478515625,9578856,1222.6314086914062,1252.4806201171875,1233.9776590652384,60.119161202432146,-6.214634675887055,-10.794476519631944,0.010857618472363662,1232.38227166992,1237.5129161242069,1234.9475938970636,1261.3570253552693,1284.0609130859375,0,0,0,0,26.409431458205745,42.5823974609375,1255.5437651685206,1222.6314086914062,1189.7190522142919,0.7863226604071801,5.383855877273883,18.84710693359375,0,0,1,0.1955773547382601,1
2025-01-16,1248.1212833322295,1264.0834104275011,1240.586378973141,1255.6065673828125,14117603,1223.2857543945313,1251.7727319335938,1236.0375550954836,62.210808322653506,-3.856954758814254,-9.406972167468405,0.011380021144143493,1234.340314754718,1235.0839158409526,1234.7121152978352,1260.8364914548752,1273.8489990234375,0,0,0,0,26.124376157039933,18.242431640625,1258.2124533358956,1223.2857543945313,1188.359055453167,0.9626949292079119,5.710309110670771,32.320812988281205,0,0,0,0.17637226880073176,1
2025-01-17,1310.9288585996749,1314.6467509950228,1273.997794139219,1291.19921875,29366277,1226.8499755859375,1251.7142358398437,1241.2910468721043,71.67180922889517,0.8734840859476662,-7.350880916785192,0.028346977701285025,1262.7201500733788,1252.9297923111494,1257.824971192264,1259.869856570583,1267.2559814453125,1,1,0,0,2.044885378318895,-23.9432373046875,1272.5581221545162,1226.8499755859375,1181.1418290173588,1.203914378452377,7.451301704065121,64.3492431640625,1,0,0,0.24121944924446503,1
2025-01-20,1304.7324245206253,1304.7324245206253,1289.1172758229052,1294.272705078125,14040244,1231.8145935058594,1251.3196459960936,1246.3369190822016,71.44901952269001,4.814892527979737,-4.9177262278322065,0.0023803347179069956,1265.273166680176,1252.9297923111494,1259.1014794956627,1254.8878437180688,1252.0870361328125,1,1,0,1,4.213635777593936,-42.1856689453125,1283.7441147773134,1231.8145935058594,1179.8850722344055,1.1013738432689855,8.431385948052082,62.45811157226558,1,0,0,-0.10254053518339146,0
2025-01-21,1299.2795231523412,1301.7581181984158,1259.324522599558,1262.7945556640625,14562976,1234.3625854492188,1250.6861181640625,1247.9043130423788,61.12408655433043,5.336942578843491,-2.866792466497067,-0.024321110451110406,1265.273166680176,1252.9297923111494,1259.1014794956627,1254.8878437180688,1261.9517822265625,1,1,0,1,4.213635777593936,-0.8427734375,1287.1150132996238,1234.3625854492188,1181.6101575988139,0.7694849448016959,8.54731477966936,28.43197021484366,0,0,0,-0.33188889846728953,1
2025-01-22,1267.355325635656,1271.9159165250771,1257.8374234010246,1266.16552734375,10273590,1237.056817626953,1250.5542578125,1249.643476309176,58.07412030158192,5.954045714750691,-1.1026248302475155,0.0026694537639297966,1265.273166680176,1252.9297923111494,1259.1014794956627,1254.8878437180688,1257.4407958984375,1,1,0,1,4.213635777593936,-8.7247314453125,1290.5222102561088,1237.056817626953,1183.5914249977973,0.7722201061787715,8.64396717552852,29.108709716796966,0,0,0,0.0027351613770755234,0
2025-01-23,1259.1262957502838,1266.4133410521551,1250.798192108795,1252.8306884765625,8720682,1239.3916564941405,1250.3748120117189,1249.9470203251176,52.806487175035855,5.305930874962087,0.17908631079440496,-0.01053167108029096,1265.273166680176,1252.9297923111494,1259.1014794956627,1254.8878437180688,1234.6378173828125,1,0,1,1,4.213635777593936,-18.19287109375,1291.3075508806753,1239.3916564941405,1187.4757621076058,0.6294308047778485,8.37764142020916,13.439031982421966,0,0,0,-0.14278930140092294,0
2025-01-24,1255.1605533566642,1262.100619607451,1232.8531975505623,1235.6292724609375,14235970,1240.6433471679688,1249.8206005859374,1248.5834252904338,56.839062778019446,3.3654894137678184,0.8163669313890878,-0.013730040438697966,1265.6945065214534,1252.9297923111494,1259.3121494163015,1254.8878437180688,1242.5196533203125,1,0,1,1,4.424305698232729,6.890380859375,1290.902476490913,1240.6433471679688,1190.3842178450248,0.45011777188963026,8.102107577922567,-5.014074707031341,0,0,0,-0.17931303288821826,0
2025-01-27,1228.4907387555406,1229.8291557820492,1209.5542981292017,1218.82421875,9536019,1241.5678649902343,1249.3704858398437,1245.749215143726,47.139320929839386,0.4662732787542154,0.7463482008621134,-0.013600401095603454,1262.1005245621122,1252.9297923111494,1257.5151584366308,1254.8878437180688,1219.914794921875,1,0,1,1,2.6273147185620473,1.090576171875,1289.4511095177413,1241.5678649902343,1193.6846204627273,0.2625093447127527,7.713351138946184,-22.743646240234284,0,0,0,-0.18760842717687753,1
2025-01-28,1227.4002071753887,1234.0924134746083,1208.0671667554209,1223.8310546875,10568025,1242.507257080078,1248.7121704101562,1243.661771290752,41.42779378106954,-1.4111002938775528,0.31485850191418024,0.004107922914950768,1261.3569588752218,1255.23483176384,1258.295895319531,1254.8878437180688,1194.9803466796875,1,0,1,1,3.408051601462148,-28.8507080078125,1288.1732632797746,1242.507257080078,1196.8412508803815,0.29551307474856275,7.3506220490032,-18.676202392578034,0,0,0,0.03300373003581003,1
2025-01-29,1225.4173498520336,1232.109556252925,1217.53546627882,1224.921630859375,5928156,1243.2136596679688,1248.211494140625,1241.8769960115733,44.395927543421465,-2.7788985801616946,-0.3038929145009947,0.0008911166028169326,1261.3569588752218,1255.23483176384,1258.295895319531,1254.8878437180688,1211.834716796875,1,0,1,1,3.408051601462148,-13.0869140625,1287.305467064535,1243.2136596679688,1199.1218522714028,0.2925688479486277,7.093198671633305,-18.29202880859384,0,0,0,-0.002944226799935057,1
2025-01-30,1224.971246456504,1246.237542749693,1221.8481926097395,1242.3214111328125,9269259,1243.7713439941406,1248.4375439453124,1241.9193212612151,53.15953820550483,-2.4308503942679636,-0.7292844104543885,0.01420481101409754,1256.399795638023,1255.23483176384,1255.8173137009317,1254.8878437180688,1212.2808837890625,1,0,1,1,0.9294699828628836,-30.04052734375,1287.5204210526085,1243.7713439941406,1200.0222669356726,0.4834289891488415,7.034906740651528,-1.4499328613280795,0,0,0,0.19086014120021383,1
2025-01-31,1245.09738698474,1256.1519448799122,1238.306060895825,1254.2681884765625,6584612,1244.462872314453,1249.2723364257813,1243.095403853153,56.77124365145349,-1.1774417950575753,-0.818915887375026,0.0096164947627011,1254.9126424769183,1255.23483176384,1255.073737120379,1254.8878437180688,1206.1339111328125,0,0,1,1,0.18589340231028473,-48.13427734375,1288.4160622583142,1244.462872314453,1200.509682370592,0.6115427136759946,7.063800925152067,9.80531616210942,0,0,0,0.12811372452715303,0
2025-02-01,1254.2681799336815,1259.6715896071485,1230.374548522757,1253.7724609375,7118453,1246.7729187011719,1249.2564721679687,1244.1122664326147,56.954519858226504,-0.22155358745226295,-0.6994434273904734,-0.00039523248984307813,1239.9915416402491,1255.23483176384,1247.6131867020445,1254.8878437180688,1210.595458984375,0,0,0,0,7.274657016024321,-43.177001953125,1287.4629316869975,1246.7729187011719,1206.0829057153462,0.5860105677376708,6.527253259272676,6.999542236328125,0,0,0,-0.025532145938323758,0
2025-02-03,1240.2889757645512,1245.2461659154887,1226.9541826685895,1235.232666015625,9252345,1247.0232666015625,1248.441513671875,1243.266590202425,48.351706408777844,-0.9490714973421746,-0.7493690413808136,-0.014787208604033264,1237.240253903788,1255.23483176384,1246.2375428338141,1254.8878437180688,1200.3338623046875,0,0,1,0,8.650300884254648,-34.8988037109375,1287.3630721361076,1247.0232666015625,1206.6834610670173,0.35385898085402845,6.469775923985887,-11.790600585937455,0,0,0,-0.23215158688364235,1
2025-02-04,1237.3642207434832,1277.7653184740125,1235.9265630557768,1274.196044921875,16691069,1247.9998291015625,1248.2333129882813,1246.2122525566585,54.337266973542626,1.5999412381129332,-0.27950698548206426,0.03154335209732628,1242.9162426147168,1257.9364649055208,1250.4263537601187,1254.8878437180688,1205.043212890625,0,1,0,0,4.461489957950107,-69.15283203125,1289.9459683591178,1247.9998291015625,1206.053689844007,0.8122601541403367,6.7221386220465265,26.196215820312545,0,0,0,0.45840117328630825,0
2025-02-05,1271.667953084696,1279.4507170461238,1265.7688244708304,1267.2559814453125,10112028,1249.162286376953,1247.9358813476563,1248.216417212721,43.55140223787315,3.025174742255331,0.3814293600654148,-0.005446621423933262,1243.7589419007722,1259.621985038479,1251.6904634696257,1254.8878437180688,1210.7935791015625,0,1,0,0,3.197380248443096,-56.46240234375,1291.8828253796542,1249.162286376953,1206.441747374252,0.7117681037125426,6.8398701223372615,18.093695068359466,0,0,0,-0.10049205042779408,1
2025-02-06,1262.7945076095025,1276.9721191435924,1259.473214579181,1270.577392578125,9956001,1251.1278137207032,1248.1490405273437,1250.346033914188,43.62668680434711,4.372291626554215,1.179601813363175,0.0026209472919784815,1243.7589419007722,1259.621985038479,1251.6904634696257,1254.8878437180688,1231.167724609375,0,1,0,0,3.197380248443096,-39.40966796875,1293.9911227047817,1251.1278137207032,1208.2645047366248,0.7268791108106739,6.85194726134465,19.449578857421784,0,0,0,0.01511100709813129,0
2025-02-07,1265.2236540965398,1272.7089385364054,1251.1947819010977,1255.8544921875,8764283,1252.4588195800782,1247.643408203125,1250.8706489878368,47.94842056566476,4.203422013273439,1.7843658533452278,-0.01158756678390982,1248.493091662472,1259.621985038479,1254.0575383504754,1254.8878437180688,1240.4376220703125,0,1,0,0,0.8303053675933825,-15.4168701171875,1294.1575092086036,1252.4588195800782,1210.7601299515527,0.5407167783648877,6.6586923221166066,3.3956726074218295,0,0,0,-0.18616233244578617,0
2025-02-10,1253.673337746878,1255.656213725916,1234.8856362555491,1242.916259765625,6970972,1253.197442626953,1246.5429125976561,1250.113088109531,43.495135815995724,2.9911048066699095,2.025713644010164,-0.010302333990412138,1250.6494548279315,1261.3569588752218,1256.0032068515766,1254.8878437180688,1207.571533203125,0,0,1,1,1.115363133507799,-35.3447265625,1293.6519418012538,1253.197442626953,1212.7429434526523,0.37292905522039815,6.456205191338404,-10.281182861328034,0,0,0,-0.1677877231444896,0
2025-02-11,1253.7230036544372,1253.7230036544372,1219.567891058193,1224.2772216796875,8859714,1252.3373779296876,1244.7890576171876,1247.6525294019268,42.24136901642411,0.5203221358751762,1.7246353423831666,-0.014996213895739241,1249.5093040521583,1261.3569588752218,1255.4331314636902,1254.8878437180688,1230.2257080078125,0,0,1,1,0.5452877456214082,5.948486328125,1294.4493340018278,1252.3373779296876,1210.2254218575474,0.16683860277196044,6.7253372476605175,-28.06015625000009,0,0,0,-0.2060904524484377,0
2025-02-12,1209.0089844264594,1216.39526992,1183.1324776076383,1206.1339111328125,21131654,1249.8637451171876,1242.9568823242187,1243.6983752810588,42.02624982344796,-2.8687354661890367,0.805961180668726,-0.014819609664862288,1231.291597326881,1248.8896143013305,1240.0906058141059,1250.84766570825,1254.664794921875,0,0,1,0,10.75705989414405,48.5308837890625,1296.487300922504,1249.8637451171876,1203.2401893118713,0.031032830625621757,7.460582161449104,-43.72983398437509,0,0,0,-0.13580577214633868,0
2025-02-13,1206.6295607029597,1217.4857574427408,1201.622750831109,1205.6876220703125,8511216,1245.5881652832031,1240.8560229492186,1240.078303546702,46.10407617569181,-5.526889290841382,-0.4606089136332956,-0.0003700161801112323,1231.291597326881,1248.8896143013305,1240.0906058141059,1250.84766570825,1244.0068359375,0,0,1,0,10.75705989414405,38.3192138671875,1291.9477955412744,1245.5881652832031,1199.2285350251318,0.06966284037668907,7.443813541296897,-39.900543212890625,0,0,0,0.03863000975106731,1
2025-02-14,1208.56289732395,1213.5200872227356,1195.1288642881832,1206.827880859375,10298145,1241.2159240722656,1238.9861694335937,1236.9115966240995,44.839000835897345,-7.455543132785124,-1.8595957574636612,0.0009457331801288049,1231.291597326881,1248.8896143013305,1240.0906058141059,1250.84766570825,1231.266845703125,0,0,1,0,10.75705989414405,24.43896484375,1284.7955568329157,1241.2159240722656,1197.6362913116154,0.10545740022916211,7.022087279974806,-34.38804321289058,0,0,0,0.03579455985247304,1
2025-02-17,1200.7305822668588,1216.9901902768092,1194.1871154284454,1214.4124755859375,8166683,1238.7968200683595,1237.5932006835938,1234.7688231918937,46.93112379665019,-8.276594362584774,-3.142995478487884,0.0062847360811397746,1231.291597326881,1248.8896143013305,1240.0906058141059,1248.8896143013305,1229.234375,0,0,1,0,8.799008487224683,14.8218994140625,1282.6868375746583,1238.7968200683595,1194.9068025620606,0.2222108138949537,7.085910586027638,-24.384344482421966,0,0,0,0.11675341366579159,1
2025-02-18,1214.362863790828,1219.3696743222742,1205.6877809072391,1214.908203125,6673250,1236.233953857422,1236.414384765625,1232.8773355664753,41.11792015149874,-8.786002737658237,-4.271596930321955,0.00040820359558924046,1230.0522983756155,1248.8896143013305,1239.4709563384731,1248.8896143013305,1228.143798828125,0,0,1,0,9.418657962857424,13.235595703125,1279.412472592444,1236.233953857422,1193.0554351224,0.2530513857678411,6.985493093809951,-21.325750732421966,0,0,0,0.030840571872887385,1
2025-02-19,1209.0585466128707,1222.1950990873445,1207.125291073852,1216.9404296875,6217338,1234.4394409179688,1235.4080737304687,1231.359535006573,37.075140179331484,-8.922871536645516,-5.201851851586667,0.0016727408352932294,1227.9207080720219,1248.8896143013305,1238.4051611866762,1248.8896143013305,1241.478515625,0,0,1,0,10.484453114654343,24.5380859375,1277.6928924376639,1234.4394409179688,1191.1859893982737,0.29771543523525784,7.00778832658335,-17.499011230468795,0,0,0,0.044664049467416755,1
2025-02-20,1213.4704313005311,1228.738599945727,1211.5371757068,1222.4429931640625,7795582,1233.780126953125,1234.8151928710938,1230.5103405453815,39.51559072359095,-8.489468847845501,-5.8593752508384345,0.004521637495415787,1219.394345666777,1248.8896143013305,1234.1419799840537,1248.8896143013305,1255.6065673828125,0,0,1,0,14.747634317276834,33.16357421875,1277.3418314729436,1233.780126953125,1190.2184224333066,0.3698727022503821,7.061502056674563,-11.337133789062591,0,0,0,0.07215726701512426,0
2025-02-21,1218.1797397323817,1229.3830367840983,1211.6858938870323,1217.634521484375,6904025,1233.7206420898438,1233.92884765625,1229.2840720633808,43.5147614257772,-8.436744039355062,-6.37484900854176,-0.003933493591583903,1218.4277406310378,1243.9324510641318,1231.1800958475847,1248.8896143013305,1291.19921875,0,0,1,0,17.709518453745886,73.564697265625,1277.367041987551,1233.7206420898438,1190.0742421921366,0.3157222515125035,7.075572606740691,-16.08612060546875,0,0,0,-0.05415045073787861,0
2025-02-24,1206.13399913207,1212.7765856074127,1200.1357505642943,1204.151123046875,7172498,1232.7366455078125,1232.8630541992188,1226.8904578713327,18.21874591524083,-9.374888933251668,-6.974856993483742,-0.011073436404433479,1206.2577571958682,1242.445297903027,1224.3515275494476,1248.8896143013305,1294.272705078125,0,0,1,0,24.53808675188293,90.12158203125,1278.0846965180328,1232.7366455078125,1187.388594497592,0.18482082664925392,7.357297469085905,-28.585522460937455,0,0,0,-0.13090142486324957,0
2025-02-25,1200.631472565407,1210.5458530159883,1191.2128111373545,1193.69140625,11552182,1231.1751342773437,1232.0441259765626,1223.7286434312057,17.65486340932975,-10.837459760604816,-7.747377546907957,-0.008686382129851511,1210.2979239607264,1231.291597326881,1220.7947606438038,1248.8896143013305,1262.7945556640625,0,0,1,0,28.094853657526755,69.1031494140625,1279.5423102553034,1231.1751342773437,1182.807958299384,0.11250861488766176,7.857074859841051,-37.48372802734366,0,0,0,-0.07231221176159217,1
2025-02-27,1202.416039651657,1204.597154814102,1190.370043898487,1196.7647705078125,11509215,1228.8973022460937,1231.1290283203125,1221.1606555337396,17.474856032024206,-11.614676111775907,-8.520837259881548,0.0025746723497552804,1209.8765403412926,1231.291597326881,1220.5840688340868,1248.8896143013305,1266.16552734375,0,0,1,0,28.305545467243746,69.4007568359375,1279.202335457842,1228.8973022460937,1178.5922690343452,0.18062309388579423,8.187019878683818,-32.13253173828116,0,0,0,0.06811447899813247,0
2025-02-28,1191.7084634163882,1206.9270123506617,1183.0830013175257,1189.82470703125,23007298,1225.6751281738282,1230.5272265625,1218.1762794858835,18.761708959447432,-12.644868617384645,-9.345643531382168,-0.005799020532345489,1206.233019050812,1231.2668591818247,1218.7499391163183,1248.8648761562742,1252.8306884765625,0,0,1,0,30.114937039955976,63.0059814453125,1277.3051960526125,1225.6751281738282,1174.0450602950439,0.15281450697734086,8.42475574350759,-35.85042114257817,0,0,0,-0.027808586908453364,0
2025-03-03,1193.6912720117396,1196.1202465389174,1146.1022512006402,1161.2216796875,17944938,1221.047589111328,1229.8520532226562,1212.7520318860375,16.33984363997763,-15.589621409971187,-10.594439107099973,-0.024039698599903736,1187.7426439923693,1212.776484123382,1200.2595640578757,1230.3745010978314,1235.6292724609375,0,0,1,0,30.11493703995575,74.4075927734375,1278.0823576366536,1221.047589111328,1164.0128205860026,-0.02446876677743702,9.341940319760198,-59.82590942382808,0,1,0,-0.17728327375477787,0
2025-03-04,1152.2491409974891,1163.948157257321,1149.6219272411693,1151.9517822265625,11377373,1216.883544921875,1228.65439453125,1206.9615319184684,17.70692985554261,-18.458583407770675,-12.167267967234114,-0.007982883563999676,1187.7426439923693,1212.776484123382,1200.2595640578757,1230.3745010978314,1218.82421875,0,0,1,0,30.11493703995575,66.8724365234375,1280.9008128200426,1216.883544921875,1152.8662770237074,-0.007142563461155627,10.521510980293112,-64.9317626953125,0,1,0,0.017326203316281395,1
2025-03-05,1151.0594540375048,1172.8710888254675,1147.093702257875,1165.534423828125,8664095,1211.4504638671874,1227.7194653320312,1203.0160930527213,31.10284851301644,-19.412475860534414,-13.616309545894175,0.011790981021192692,1187.7426439923693,1212.776484123382,1200.2595640578757,1230.3745010978314,1223.8310546875,0,0,1,0,30.11493703995575,58.296630859375,1273.503175543057,1211.4504638671874,1149.3977521913177,0.1300239038794681,10.244366323949432,-45.91604003906241,0,0,0,0.13716646734062374,1
2025-03-06,1186.7511925218207,1203.5560168880777,1175.0026773522586,1199.2432861328125,14468014,1208.0498291015624,1227.5816528320313,1202.6567781079682,47.70965474754662,-17.24957664838803,-14.342962966392946,0.02892137856724375,1187.7426439923693,1212.776484123382,1200.2595640578757,1230.3745010978314,1224.921630859375,0,0,1,0,30.11493703995575,25.6783447265625,1264.7175768802338,1208.0498291015624,1151.382081322891,0.42229669155772837,9.381690459045993,-8.806542968749909,0,0,0,0.29227278767826026,1
2025-03-07,1205.5885908312289,1244.0564330934674,1201.622838887705,1239.0992431640625,16474965,1206.4759216308594,1228.151728515625,1206.1274890656916,58.99422242998158,-12.17902853782175,-13.910176080678708,0.03323425487731768,1195.079342147054,1212.776484123382,1203.927913135218,1230.3745010978314,1242.3214111328125,0,1,0,0,26.44658796261342,3.22216796875,1257.5855966764275,1206.4759216308594,1155.3662465852913,0.8191501560528118,8.472556166140535,32.623321533203125,0,0,0,0.39685346449508346,0
2025-03-10,1234.340341763354,1247.2290360950196,1224.8225609234617,1227.796875,11931051,1205.0730407714843,1228.7009887695312,1208.1912401070545,53.65457751290742,-8.969197951031902,-12.921980454749347,-0.0091214390020945,1196.66564364783,1212.776484123382,1204.7210638856059,1230.3745010978314,1254.2681884765625,0,0,0,0,25.653437212225526,26.4713134765625,1252.0580867852061,1205.0730407714843,1158.0879947577625,0.7418198571294287,7.797875219852582,22.72383422851567,0,0,0,-0.07733029892338317,1
2025-03-11,1229.3830600118497,1238.801720552263,1219.2208210077197,1236.62060546875,10089838,1204.7582580566407,1229.3325366210938,1210.8987987129303,55.67062502231676,-5.648273004318526,-11.467238964663185,0.007186637014978459,1196.66564364783,1212.776484123382,1204.7210638856059,1230.3745010978314,1253.7724609375,0,1,0,0,25.653437212225526,17.15185546875,1250.7998275257544,1204.7582580566407,1158.716688587527,0.846017172953712,7.643287632388922,31.86234741210933,0,0,0,0.10419731582428338,1
2025-03-12,1247.2290491693625,1252.186239348891,1233.3489166666827,1246.2872314453125,11977555,1205.8587585449218,1230.0424096679687,1214.2691256398239,57.37057973387194,-2.2109140877737445,-9.615973989285296,0.007816969840073407,1199.1442452747656,1212.776484123382,1205.9603646990738,1230.3745010978314,1235.232666015625,0,1,0,0,24.41413639875759,-11.0545654296875,1254.682060889604,1205.8587585449218,1157.0354562002397,0.9140284552545657,8.097681755630475,40.428472900390716,0,0,0,0.06801128230085363,0
2025-03-13,1249.2614495168184,1253.326320946517,1233.2000819547634,1237.2154541015625,9505270,1207.4128356933593,1230.1633642578124,1216.4544902552275,53.64482310789418,-0.21630556134664403,-7.736040303697566,-0.007279042194173413,1199.7142860735785,1212.776484123382,1206.2453850984803,1230.3745010978314,1274.196044921875,0,1,0,0,24.129115999351143,36.9805908203125,1258.1147839612918,1207.4128356933593,1156.7108874254268,0.7939001303333791,8.398444470538827,29.802618408203216,0,0,0,-0.12012832492118652,0
2025-03-17,1231.514713672869,1246.6341428999226,1222.5421515247892,1228.242919921875,16640917,1208.5406005859375,1229.9194702148438,1217.5771978425273,52.56472004816376,0.6331292249255966,-6.062206397972934,-0.007252200212939597,1200.2100116021961,1211.5371851721163,1205.873598387156,1230.3745010978314,1267.2559814453125,0,0,0,0,24.50090271067529,39.0130615234375,1260.0360698326272,1208.5406005859375,1157.0451313392477,0.6913014836465838,8.52192623429004,19.702319335937545,0,0,0,-0.1025986466867953,0
2025-03-18,1228.242919921875,1228.242919921875,1228.242919921875,1228.242919921875,0,1209.6113525390624,1230.3328979492187,1218.5929808977035,56.230726295079315,1.291425661749372,-4.591479986028474,0.0,1200.2100116021961,1209.4055948685227,1204.8078032353594,1230.3745010978314,1270.577392578125,0,0,0,0,25.566697862471983,42.33447265625,1261.8056712876294,1209.6113525390624,1157.4170337904955,0.6784827144939423,8.629932025523285,18.63156738281259,0,0,0,-0.012818769152641574,1
2025-03-19,1230.4241762433128,1242.5196714129374,1228.1934407470596,1236.471923828125,16162399,1210.7143249511719,1230.457822265625,1220.2957373672675,61.19323662239938,2.448912632845122,-3.1834014622537548,0.006699817904729732,1214.1644991493877,1200.8792324632782,1207.521865806333,1230.3745010978314,1255.8544921875,1,1,0,0,22.852635291498473,19.382568359375,1264.1845841477777,1210.7143249511719,1157.244065754566,0.7408591174230565,8.83284489076518,25.757598876953125,0,0,0,0.06237640292911428,1
2025-03-20,1241.1315230182402,1262.1004590128364,1239.3470073959113,1258.283447265625,15971477,1212.8830871582031,1230.5301953125,1223.9136145004443,64.65861117526366,5.06781839572227,-1.53315749065855,0.017640128350000284,1231.8616489502706,1204.1013551067383,1217.9815020285046,1230.3745010978314,1242.916259765625,1,1,0,0,12.392999069326834,-15.3671875,1270.235515679023,1212.8830871582031,1155.5306586373833,0.8958015491091268,9.457206408112604,45.400360107421875,0,0,0,0.15494243168607025,1
2025-03-21,1264.0834578966685,1270.0320859338292,1259.225387461291,1265.421875,21780769,1215.3071594238281,1230.95849609375,1227.8667821670685,67.99620833909677,7.631361950624978,0.2997463975981558,0.005673147612239138,1244.6264534707743,1208.0671685672346,1226.3468110190045,1230.3745010978314,1224.2772216796875,1,1,0,0,4.027690078826936,-41.1446533203125,1277.0693565328763,1215.3071594238281,1153.54496231478,0.9057070337676673,10.164047274818886,50.114715576171875,0,0,0,0.009905484658540464,1
2025-03-24,1279.946478246575,1294.818048481818,1273.2542716407156,1290.951416015625,20299319,1218.7325805664063,1232.1521875,1233.8748425335978,81.34130373236445,11.589413740463442,2.5576798661712132,0.020174727116697655,1257.019434744769,1220.4601498412292,1238.739792292999,1230.3745010978314,1206.1339111328125,1,1,0,1,8.365291195167629,-84.8175048828125,1288.745876719011,1218.7325805664063,1148.7192844138017,1.0157508603209218,11.489525638194714,72.21883544921866,1,0,0,0.11004382655325451,0
2025-03-25,1296.50346593687,1296.50346593687,1271.6183955406093,1274.4439697265625,13713899,1221.5730529785155,1233.0563793945312,1237.7385689329276,78.59288893447994,13.241545054280778,4.694452903793127,-0.012787039143588252,1259.5228087308296,1221.3028585687553,1240.4128336497924,1230.3745010978314,1205.6876220703125,1,1,0,1,10.038332551961048,-68.75634765625,1295.6682561548203,1221.5730529785155,1147.4778498022108,0.8567769199731058,12.13111291144499,52.870916748046966,0,0,0,-0.15897394034781598,0
2025-03-26,1279.9464094999762,1282.722484204843,1257.8869148358597,1262.150146484375,12074747,1224.4730041503906,1233.7365063476564,1240.0634810806846,72.6891613900464,13.404345283059683,6.4364313796464385,-0.009646421132837424,1259.5228087308296,1221.3028585687553,1240.4128336497924,1230.3745010978314,1206.827880859375,1,1,0,1,10.038332551961048,-55.322265625,1300.1371015910454,1224.4730041503906,1148.8089067097358,0.7489763547601656,12.358638726078718,37.67714233398442,0,0,0,-0.10780056521294024,1
2025-03-27,1267.2064821612498,1273.9978081396894,1260.4151561828105,1267.2559814453125,15028056,1228.1512329101563,1234.2520556640625,1242.6532430201728,68.45076616578004,13.78644232205761,7.906433568128673,0.004045346724523613,1259.5228087308296,1221.3028585687553,1240.4128336497924,1230.3745010978314,1214.4124755859375,1,1,0,1,10.038332551961048,-52.843505859375,1304.6202687982563,1228.1512329101563,1151.6821970220562,0.7556900847578334,12.452706774051505,39.104748535156205,0,0,0,0.006713729997667839,0
2025-03-28,1269.0405652360091,1284.655712816062,1258.1347478785124,1264.1824951171875,18147129,1231.522119140625,1234.42357421875,1244.7036479817934,58.50129164756638,13.68351724869217,9.061850304241373,-0.002425308203808707,1262.3484533419648,1221.3028585687553,1241.8256559553602,1230.3745010978314,1214.908203125,1,1,0,1,11.451154857528763,-49.2742919921875,1308.1033852607416,1231.522119140625,1154.9408530205083,0.7132399843411784,12.436847853541801,32.66037597656259,0,0,0,-0.04245010041665498,0
2025-04-01,1253.7723771839194,1266.9585500115554,1238.603449529153,1241.8751220703125,12099648,1234.1246398925782,1233.4370922851563,1244.4342645616525,54.440215386771406,11.667434885493321,9.582967220491764,-0.017645690501992828,1262.3484533419648,1221.3028585687553,1241.8256559553602,1230.3745010978314,1216.9404296875,1,1,0,1,11.451154857528763,-24.9346923828125,1308.362770001784,1234.1246398925782,1159.8865097833725,0.5522001440926191,12.03089667112839,7.750482177734284,0,0,0,-0.16103984024855933,0
2025-04-02,1236.868469635997,1244.799973278983,1233.2496968938565,1240.4376220703125,10142590,1238.0854370117188,1232.360390625,1244.0536319434298,51.26270111187477,9.840248590844794,9.63442349456237,-0.0011575237916060521,1264.8765814153633,1221.3028585687553,1243.0897199920591,1230.3745010978314,1222.4429931640625,1,0,0,1,12.715218894227746,-17.99462890625,1304.369301822833,1238.0854370117188,1171.8015722006046,0.5177432702913191,10.707478309590488,2.3521850585937045,0,0,0,-0.034456873801300025,0
2025-04-03,1222.4926375090713,1241.0820994494682,1222.4926375090713,1238.008544921875,7434366,1242.3882751464844,1231.8646704101564,1243.4779093699483,47.123605360640404,8.102780255950165,9.328094846839928,-0.001958242079422967,1259.4980517229706,1221.3028585687553,1240.400455145863,1225.4173378606329,1217.634521484375,1,0,0,1,14.983117285230037,-20.3740234375,1295.6395000656457,1242.3882751464844,1189.137050227323,0.45887671850499145,8.572396566263917,-4.379730224609375,0,0,0,-0.0588665517863276,0
2025-04-04,1230.473619610667,1234.7863505024063,1182.9342181609516,1194.38525390625,17908652,1243.8308166503907,1230.4290649414063,1238.8024183734055,37.99997947925181,3.1692558640490915,8.096327050281761,-0.035236663910407695,1239.7188420489108,1221.3028585687553,1230.5108503088331,1223.9301846995281,1204.151123046875,1,0,1,1,6.580665609305015,9.765869140625,1289.7320624785198,1243.8308166503907,1197.9295708222617,-0.038608068823261114,7.3806252769552865,-49.445562744140716,0,1,0,-0.4974847873282526,0
2025-04-07,1122.506064991245,1161.2217676393543,1105.3046397460778,1155.71923828125,22156106,1241.6546142578125,1228.4868359375,1230.8897345551052,32.579182070673895,-3.8166263830421485,5.71373636361698,-0.032373152212439305,1200.904052841474,1200.904052841474,1200.904052841474,1200.904052841474,1193.69140625,0,0,1,0,0.0,37.97216796875,1298.6028487710046,1241.6546142578125,1184.7063797446203,-0.2545043029969211,9.172959027294784,-85.93537597656245,0,1,0,-0.21589623417366,1
2025-04-08,1161.9653833278503,1186.3547349162204,1153.3399207865864,1172.0780029296875,19555040,1238.3035522460937,1227.215810546875,1225.2886172574463,37.49172871827077,-7.941428953588229,2.982703300175938,0.014154618272830488,1194.9801762810698,1200.904052841474,1197.9421145612719,1200.904052841474,1196.7647705078125,0,0,1,0,2.961938280202048,24.686767578125,1302.8408122765568,1238.3035522460937,1173.7662922156305,-0.01307995788127754,10.423495905087632,-66.22554931640616,0,1,0,0.2414243451156436,1
2025-04-09,1159.4867811653644,1179.613021672609,1157.9996241138483,1175.2010498046875,10223104,1235.673760986328,1226.3433471679687,1220.518372738136,36.03704752563055,-10.833479319929438,0.2194667761548632,0.0026645384242292014,1194.9801762810698,1200.904052841474,1197.9421145612719,1200.904052841474,1189.82470703125,0,0,1,0,2.961938280202048,14.6236572265625,1305.7572956680394,1235.673760986328,1165.5902263046166,0.0685669147804759,11.343371833965298,-60.472711181640534,0,0,0,0.08164687266175344,1
2025-04-11,1184.917153801556,1212.1816988912135,1184.917153801556,1208.5133056640625,11224242,1234.2683959960937,1226.0369921875,1219.3750330167954,39.22285114938245,-10.318484360959701,-1.8881234512680496,0.02834600587270697,1194.9801762810698,1200.904052841474,1197.9421145612719,1200.904052841474,1161.2216796875,0,1,0,0,2.961938280202048,-47.2916259765625,1305.3399120501874,1234.2683959960937,1163.196879942,0.318808632755009,11.51637946570556,-25.75509033203116,0,0,0,0.2502417179745331,1
2025-04-15,1240.288998738938,1240.288998738938,1226.5079856590305,1229.4822998046875,13378535,1233.4281494140625,1226.1282055664062,1220.3376298537376,42.65749438495352,-8.124668443301744,-3.1354324496747887,0.01735106601006997,1186.1315948788165,1200.904052841474,1193.5178238601452,1200.904052841474,1151.9517822265625,0,1,0,0,7.386228981328713,-77.530517578125,1304.3085218678839,1233.4281494140625,1162.5477769602412,0.4721654283635024,11.49323087647917,-3.9458496093750455,0,0,0,0.1533567956084934,0
2025-04-16,1223.5336585713449,1230.2754856402491,1218.477348782242,1228.689208984375,8248464,1233.0018371582032,1225.8555615234375,1221.1330183423697,35.849498401988626,-6.376544488428635,-3.7836548574255584,-0.0006450607873236258,1175.0523065125303,1200.904052841474,1187.9781796770021,1200.904052841474,1165.534423828125,0,1,0,0,12.925873164471795,-63.15478515625,1303.8885284800197,1233.0018371582032,1162.1151458363868,0.46958083320429334,11.498229635276878,-4.312628173828216,0,0,0,-0.0025845951592090577,1
2025-04-17,1229.5813957339365,1269.238916912585,1217.0893007676923,1263.5877685546875,15398401,1234.7690795898438,1226.041953125,1225.1763278864,47.72302729274413,-2.1503338516411077,-3.4569906562686685,0.028403081361119353,1187.2717783293315,1200.904052841474,1194.0879155854027,1200.904052841474,1199.2432861328125,0,1,0,0,6.816137256071215,-64.344482421875,1306.8454335801184,1234.7690795898438,1162.6927255995693,0.6999177772555769,11.674466939877755,28.81868896484366,0,0,0,0.23033694405128358,1
2025-04-21,1259.126289394177,1289.761748514388,1256.151975324742,1284.407958984375,10429964,1237.5773315429688,1226.6546630859375,1230.8174356100167,54.507135836990074,2.846174959055361,-2.1963575332038627,0.016477043342625786,1197.533194130233,1200.904052841474,1199.2186234858534,1200.904052841474,1239.0992431640625,0,1,0,0,1.6854293556204993,-45.3087158203125,1312.7287866580168,1237.5773315429688,1162.4258764279207,0.8115749879341262,12.144930777190597,46.83062744140625,0,0,0,0.11165721067854928,0
2025-04-22,1288.869355831382,1292.7359881039044,1275.286704106908,1280.1446533203125,13051707,1239.760968017578,1227.5529028320314,1235.51526586814,52.61885084475699,6.388290812364858,-0.4794278640901186,-0.0033192768965972785,1199.0203139249911,1200.904052841474,1199.9621833832325,1200.904052841474,1227.796875,0,1,0,0,0.9418694582413991,-52.3477783203125,1317.1613499566363,1239.760968017578,1162.3605860785199,0.7608752327251488,12.486339534115865,40.38368530273442,0,0,0,-0.050699755208977404,1
2025-04-23,1285.8950708007812,1294.8180126953123,1274.3944143417475,1288.869384765625,10480888,1241.290264892578,1227.8463696289064,1240.5966105250434,54.90352017636039,9.786641743645077,1.5737860574569207,0.006815426227561927,1224.0789667409495,1200.904052841474,1212.4915097912117,1200.904052841474,1236.62060546875,1,1,0,1,11.58745694973777,-52.248779296875,1321.260102957849,1241.290264892578,1161.320426827307,0.7974816569855566,12.88495371744362,47.57911987304692,0,0,0,0.03660642426040783,1
2025-04-24,1281.3345072026398,1293.3308829080645,1279.2525115884996,1290.4556884765625,10468940,1242.5419555664062,1228.3103637695312,1245.345094139474,60.51504073675989,12.464181467388016,3.75186513944314,0.0012307715038371025,1226.4088184045804,1200.904052841474,1213.6564356230272,1200.904052841474,1246.2872314453125,1,1,0,1,12.752382781553251,-44.16845703125,1324.736170301855,1242.5419555664062,1160.3477408309573,0.7914665774493493,13.230010361779874,47.91373291015634,0,0,0,-0.0060150795362072795,0
2025-04-25,1292.3394247863746,1313.85358083958,1277.071255478384,1289.2659912109375,14431012,1242.4576843261718,1228.6841357421874,1249.5280367177088,60.580025857453904,14.32502242101259,5.866496595757031,-0.0009219202768825374,1249.385367320568,1209.5791102928288,1229.4822388066984,1209.5791102928288,1237.2154541015625,1,1,0,1,19.90312851386966,-52.050537109375,1324.456418820033,1242.4576843261718,1160.4589498323107,0.7854209102963047,13.199440999607463,46.80830688476567,0,0,0,-0.006045667153044665,1
2025-04-28,1328.5268607294431,1362.830589793996,1308.8963407951755,1357.080322265625,31104496,1246.589501953125,1230.70865234375,1259.7711115317961,70.1037922506183,21.029388352904334,8.899074947186492,0.052599177762373994,1289.9599452808443,1234.067614770037,1262.0137800254406,1234.067614770037,1228.242919921875,1,1,0,1,27.946165255403685,-128.83740234375,1341.8709278759243,1246.589501953125,1151.3080760303255,1.0798130078470065,15.286736455507583,110.49082031250009,1,0,0,0.29439209755070184,1
2025-04-29,1359.2614765022709,1398.8198762816546,1358.2700385179512,1387.7156982421875,32538970,1252.8677795410156,1233.6046411132813,1271.956310266119,84.13866510777922,28.486293211030898,12.816518599955373,0.0225744751242265,1307.9545885246735,1252.062258013866,1280.0084232692698,1252.062258013866,1228.242919921875,1,1,0,1,27.946165255403685,-159.4727783203125,1366.251098297161,1252.8677795410156,1139.4844607848702,1.094655017071738,18.099805998312615,134.84791870117192,1,0,0,0.014842009224731445,1
2025-04-30,1389.9960230274132,1400.3070020394923,1357.2785702742715,1392.9703369140625,25480745,1259.153497314453,1236.9785034179688,1283.4814556611614,97.498994328649,34.42314092029869,17.13784306402404,0.0037865383223170124,1308.6981514035924,1252.805820892785,1280.7519861481887,1252.805820892785,1236.471923828125,1,1,0,1,27.946165255403685,-156.4984130859375,1387.9249119457068,1259.153497314453,1130.3820826831993,1.0195906249178193,20.453648408379102,133.81683959960947,1,0,0,-0.07506439215391869,1
2025-05-02,1401.8932881277126,1414.4845019236116,1397.0352178747166,1407.6436767578125,13007841,1266.3265563964844,1241.0086987304687,1295.3064290989375,97.48200128931298,39.85275366101814,21.68082518342286,0.010533849468939094,1335.3182386241767,1259.8945708348447,1297.6064047295108,1259.8945708348447,1258.283447265625,1,1,0,1,37.71183389466614,-149.3602294921875,1410.4829805828567,1266.3265563964844,1122.1701322101121,0.9901520038351762,22.76765396069562,141.31712036132808,0,0,0,-0.029438621082643057,1
2025-05-05,1418.747808269532,1427.1750314493302,1414.6829365878357,1419.0452880859375,12685649,1275.1850646972657,1245.2758520507812,1307.0910823357947,97.5633218217179,44.56209157053763,26.257078460845815,0.008099785134819015,1350.7847228955388,1266.2398355977039,1308.5122792466213,1266.2398355977039,1265.421875,1,1,0,1,42.27244364891749,-153.6234130859375,1433.3375532347113,1275.1850646972657,1117.03257615982,0.9548149217222407,24.804633133778378,143.86022338867178,0,0,0,-0.035337082112935514,0
2025-05-06,1418.7477523435757,1419.7391903256466,1398.5223933042987,1408.7342529296875,14084117,1283.5998962402343,1249.3139794921874,1316.771384297118,92.90414453288076,46.921380956465555,30.389938959969765,-0.007266177649733696,1350.7847228955388,1266.2398355977039,1308.5122792466213,1266.2398355977039,1290.951416015625,1,1,0,1,42.27244364891749,-117.7828369140625,1451.0948879644222,1283.5998962402343,1116.1049045160464,0.8735465622026194,26.09769480580265,125.13435668945317,0,0,0,-0.0812683595196213,0
2025-05-07,1408.7342420156256,1412.20427492599,1390.6899982666434,1393.9617919921875,13440169,1291.39755859375,1252.9049658203126,1324.1228516966485,86.20684466228127,47.05668053211889,33.723287274399596,-0.010486336160832499,1352.123143463857,1266.2398355977039,1309.1814895307805,1266.2398355977039,1274.4439697265625,1,1,0,1,42.94165393307662,-119.517822265625,1464.115807322002,1291.39755859375,1118.6793098654982,0.7969119770308926,26.749043712972643,102.56423339843741,0,0,0,-0.07663458517172683,1
2025-05-08,1392.0780527042998,1408.635139694706,1386.030305191398,1394.9532470703125,16106175,1301.425958251953,1256.5058666992188,1330.8686036369975,86.56774120799315,46.70551643913768,36.31973310734722,0.0007112498232164643,1352.123143463857,1266.2398355977039,1309.1814895307805,1266.2398355977039,1262.150146484375,1,1,0,1,42.94165393307662,-132.8031005859375,1473.739036443803,1301.425958251953,1129.1128800601032,0.7713876677260333,26.480657942814823,93.52728881835947,0,0,0,-0.025524309304859272,0
2025-05-09,1373.6374315703338,1382.8578539346386,1362.731612914777,1365.408447265625,13668904,1311.910418701172,1259.4752270507813,1334.1581125540094,72.93431297556705,43.54128115179424,37.764042716236624,-0.021179777793082,1368.0356861222529,1266.2398355977039,1317.1377608599782,1266.2398355977039,1267.2559814453125,1,1,0,1,50.897925262274384,-98.1524658203125,1472.6112693630723,1311.910418701172,1151.2095680392715,0.6664522258099552,24.498753629992322,53.49802856445308,0,0,0,-0.10493544191607806,1
2025-05-12,1388.0131966802994,1426.679278587822,1388.0131966802994,1424.20068359375,10674081,1324.516552734375,1263.510380859375,1342.7335955101753,76.88783660804093,45.255961461084325,39.26242646520617,0.043058351107950754,1392.2268008618007,1266.2398355977039,1329.2333182297523,1266.2398355977039,1264.1824951171875,1,1,0,1,62.993482632048426,-160.0181884765625,1478.7900266702313,1324.516552734375,1170.2430787985186,0.8230760555143186,23.295061676257532,99.68413085937505,0,0,0,0.1566238297043634,0
2025-05-13,1421.2263802516663,1435.3047515134413,1400.307062549957,1403.5787353515625,11407896,1335.9354370117187,1267.2292651367188,1348.5283707331644,72.33583852720753,44.43857880703672,40.29765693357228,-0.014479664614505894,1396.2916608938563,1270.3046956297594,1333.2981782618078,1270.3046956297594,1241.8751220703125,1,1,0,1,62.993482632048426,-161.70361328125,1477.603651331973,1335.9354370117187,1194.2672226914644,0.7387384448389029,21.208841444784817,67.6432983398438,0,0,0,-0.08433761067541568,1
2025-05-14,1407.8418724989149,1417.6571322938998,1403.380401776207,1412.2042236328125,5570160,1346.1199829101563,1271.3903271484376,1354.592737675988,72.32589887265544,43.979829880494435,41.034091522956714,0.0061453540610170165,1399.0181822141092,1270.3046956297594,1334.6614389219344,1270.3046956297594,1240.4376220703125,1,1,0,1,64.356743292175,-171.7666015625,1478.6759661744168,1346.1199829101563,1213.5639996458958,0.7492691732779508,19.694527225974273,66.0842407226562,0,0,0,0.010530728439047898,1
2025-05-15,1412.7992032271827,1448.8875719918406,1400.6044669576877,1441.7491455078125,20177211,1356.7333251953125,1276.3514819335937,1362.8933479456855,74.86961170051384,45.476076428012675,41.922488503967905,0.02092113971943621,1405.8095924533088,1277.096105868959,1341.452849161134,1277.096105868959,1238.008544921875,1,1,0,1,64.356743292175,-203.7406005859375,1484.1249814569799,1356.7333251953125,1229.3416689336452,0.8336789190411114,18.779174049303798,85.01582031249995,0,0,0,0.08440974576316052,1
2025-05-16,1440.757623701411,1448.4908883531898,1434.9082364412498,1443.9302978515625,9036695,1367.495379638672,1281.2947924804687,1370.611152698626,75.34111228004208,46.30409853764354,42.798810510703035,0.0015128514905287105,1405.8095924533088,1277.096105868959,1341.452849161134,1277.096105868959,1194.38525390625,1,1,0,1,64.356743292175,-249.5450439453125,1485.8463411495884,1367.495379638672,1249.1444181277554,0.8229163381399329,17.309157057947484,76.43491821289058,0,0,0,-0.010762580901178431,0
2025-05-19,1439.667043567546,1442.1456384779733,1425.886031660542,1428.4638671875,6195791,1375.7391845703125,1286.0675756835938,1376.1209350308998,64.11763740200746,45.19136243338198,43.27732089523883,-0.010711341598050206,1405.8095924533088,1301.1137463892135,1353.4616694212611,1277.096105868959,1155.71923828125,1,1,0,1,76.36556355230209,-272.74462890625,1486.7309940794692,1375.7391845703125,1264.747375061156,0.7375160962342802,16.135588889811686,52.724682617187455,0,0,0,-0.08540024190565276,0
2025-05-20,1425.8861208416397,1432.6279478297215,1409.6266340324114,1412.402587890625,11270560,1382.138916015625,1291.0911938476563,1379.5763305413498,55.18103587412927,42.52331770768956,43.126520257728984,-0.011243742082533759,1405.8095924533088,1303.4435980528444,1354.6265952530766,1277.096105868959,1172.0780029296875,1,1,0,1,77.53048938411757,-240.3245849609375,1485.8496580003784,1382.138916015625,1278.4281740308716,0.6459042298600519,15.00728194293619,30.263671875,0,0,0,-0.09161186637422825,1
2025-05-21,1411.7085860045363,1423.9032007341596,1405.9581972205492,1416.963134765625,6136364,1388.9798400878906,1296.3914208984374,1383.1369785627094,55.05007967629994,40.31217737180327,42.56365168054384,0.003228928433082867,1405.8095924533088,1316.9023628966984,1361.3559776750035,1277.096105868959,1175.2010498046875,1,1,0,1,84.25987180604443,-241.7620849609375,1482.4180782569379,1388.9798400878906,1295.5416019188433,0.6497421999069984,13.454225248241872,27.98329467773442,0,0,0,0.003837970046946526,0
2025-05-22,1409.031659643212,1411.6094953044076,1384.9397884743898,1397.332763671875,12134466,1394.403009033203,1301.0273876953124,1384.4889580969157,47.87408883588954,36.554448903196544,41.36181112507438,-0.013853833322909237,1416.9136802331152,1332.9884363797664,1374.9510583064407,1277.096105868959,1208.5133056640625,1,1,0,1,97.85495243748164,-188.8194580078125,1475.782336383653,1394.403009033203,1313.023681682753,0.5180006073658937,11.672282234513197,2.929754638671966,0,0,0,-0.13174159254110474,1
2025-05-23,1394.5567410207764,1421.5239286750705,1394.5567410207764,1414.5838623046875,6474883,1400.6094177246093,1305.33419921875,1387.3551394500366,49.10180553111634,34.569940747182955,40.0034370494961,0.012345734016484755,1416.9136802331152,1332.9884363797664,1374.9510583064407,1277.096105868959,1229.4822998046875,1,1,0,1,97.85495243748164,-185.1015625,1466.8586529066451,1400.6094177246093,1334.3601825425735,0.6054687238402073,9.460058506483907,13.97444458007817,0,0,0,0.08746811647431363,1
2025-05-26,1419.7391840414937,1428.6621258406371,1412.898237790455,1422.5152587890625,4842944,1407.2718811035156,1309.00251953125,1390.7037222442295,52.80129546329785,33.2538712191772,38.65352388343232,0.0056068761250060994,1416.9136802331152,1332.9884363797664,1374.9510583064407,1277.096105868959,1228.689208984375,1,1,0,1,97.85495243748164,-193.8260498046875,1450.0259328190052,1407.2718811035156,1364.517829388026,0.6782682234070493,6.076160874040047,15.243377685546875,0,0,0,0.07279949956684195,0
2025-05-27,1413.8897021801247,1424.696400543767,1401.794207036506,1409.9239501953125,12640414,1409.9140625,1312.6450610351562,1392.5342201443327,53.27369209539126,30.839366245663314,37.090692355878524,-0.008851440092437768,1416.9136802331152,1352.5197736582913,1384.7167269457032,1277.096105868959,1263.5877685546875,1,1,0,1,107.6206210767441,-146.336181640625,1445.9356203000327,1409.9140625,1373.8925046999673,0.5001372469142977,5.109752254851735,0.0098876953125,0,0,1,-0.17813097649275156,0
2025-05-28,1407.9410393609537,1410.419634290124,1398.6214982222443,1400.802734375,5944611,1410.5684143066405,1315.9287036132812,1393.3216976901108,51.16096179648535,27.868595944615663,35.24627307362596,-0.006469296318463824,1416.7153384137898,1361.640993166794,1389.178165790292,1277.096105868959,1284.407958984375,1,1,0,1,112.08205992133298,-116.394775390625,1445.4093343015181,1410.5684143066405,1375.727494311763,0.359853299897415,4.939983008481516,-9.765679931640534,0,0,1,-0.14028394701688274,1
2025-05-29,1400.0096192804465,1407.842003929875,1396.5395861721686,1405.660888671875,13771917,1411.2029418945312,1319.1161767578126,1394.496858735993,58.85690802726789,25.611023590615332,33.31922317702384,0.003468121654575773,1413.5427134761817,1361.640993166794,1387.5918533214879,1277.096105868959,1280.1446533203125,1,1,0,1,110.4957474525288,-125.5162353515625,1445.1905499456786,1411.2029418945312,1377.2153338433839,0.418469501967951,4.816827834204942,-5.54205322265625,0,0,1,0.05861620207053603,1
2025-05-30,1405.8590585766528,1418.3511529457182,1397.630074915406,1408.7342529296875,13788484,1411.257470703125,1322.546552734375,1395.8528010401546,45.4913275462411,23.7955754638524,31.41449363438955,0.0021864194149390226,1408.7838681520557,1362.9794137351123,1385.881640943584,1277.096105868959,1288.869384765625,1,1,0,1,108.78553507462493,-119.8648681640625,1445.2255560017238,1411.257470703125,1377.289385404526,0.4628589932099958,4.813875002082382,-2.523217773437409,0,0,1,0.044389491242044776,0
2025-06-02,1400.0095486308933,1405.3633379328091,1383.650821945961,1401.5958251953125,8098668,1410.3849975585938,1326.0136108398438,1396.3997557215982,49.37263637936575,21.532593944542896,29.43811369642022,-0.0050672635520357945,1406.156473893299,1362.9794137351123,1384.5679438142056,1277.096105868959,1290.4556884765625,1,1,0,1,107.47183794524653,-111.14013671875,1444.4044837417696,1410.3849975585938,1376.365511375418,0.3708215004195456,4.824141811216687,-8.789172363281295,0,0,1,-0.0920374927904502,0
2025-06-03,1410.1223942601396,1414.2863856817387,1391.384190812638,1393.4661865234375,11252626,1409.6215942382812,1329.318076171875,1396.1203681789161,44.05290098422238,18.865698855081973,27.323630728152573,-0.005800273178426574,1406.156473893299,1378.891956393508,1392.5242151434036,1277.096105868959,1289.2659912109375,1,1,0,1,115.42810927444452,-104.2001953125,1444.431054783543,1409.6215942382812,1374.8121336930194,0.2679451582733196,4.9388375841492165,-16.155407714843705,0,0,1,-0.10287634214622599,1
2025-06-04,1402.5873087929724,1413.4931269376204,1394.0609660849138,1411.31201171875,8126827,1410.4891052246094,1332.8148779296876,1397.567191373186,39.564903329056186,17.984856007351482,25.455875783992354,0.012806787396711927,1406.156473893299,1403.083071133056,1404.6197725131774,1277.096105868959,1357.080322265625,1,1,0,1,127.52366664421834,-54.231689453125,1444.5510174313665,1410.4891052246094,1376.4271930178522,0.5120795698307474,4.829801532048424,0.822906494140625,0,0,1,0.24413441155742782,1
2025-06-05,1415.7734397380668,1442.244785474372,1411.4110884077943,1430.0501708984375,13716817,1412.2439514160155,1336.2502124023438,1400.6608084708291,45.726488659443554,18.58456327195563,24.08161328158501,0.013277120171936607,1412.9478037101667,1403.083071133056,1408.0154374216113,1277.096105868959,1387.7156982421875,1,1,0,1,130.91933155265224,-42.33447265625,1446.539000663683,1412.2439514160155,1377.948902168348,0.7596033519857536,4.856816587995421,17.806219482421966,0,0,1,0.24752378215500614,1
2025-06-06,1428.6621520805822,1439.0722510374496,1424.6964000970136,1431.1407470703125,8182161,1415.53056640625,1339.56458984375,1403.563659766018,50.90422079662475,18.929627025490618,23.05121603036613,0.0007626139236709406,1412.9478037101667,1405.8095924533088,1409.3786980817376,1277.096105868959,1392.9703369140625,1,1,0,1,132.28259221277858,-38.17041015625,1443.2009104214515,1415.53056640625,1387.8602223910486,0.782074206513056,3.9095367732610535,15.610180664062455,0,0,1,0.022470854527302464,1
2025-06-09,1444.5251287223314,1445.0208477095389,1432.9253528317358,1436.3953857421875,7885125,1416.1403015136718,1342.4734692382813,1406.6904908113675,58.742792886163855,19.403427330141994,22.321658290321306,0.0036716435351531462,1414.33583482775,1405.8095924533088,1410.0727136405294,1277.096105868959,1407.6436767578125,1,1,0,1,132.97660777157034,-28.751708984375,1445.0573342295293,1416.1403015136718,1387.2232687978144,0.8502275705039447,4.0839220075791705,20.25508422851567,0,0,1,0.06815336399088867,0
2025-06-10,1437.5850079496329,1441.4516401070769,1423.704876838395,1426.1834716796875,7913181,1417.2705383300781,1345.5082592773438,1408.546965179779,53.22691584377102,18.738891092844597,21.605104850825967,-0.007109403277025583,1414.33583482775,1405.8095924533088,1410.0727136405294,1277.096105868959,1419.0452880859375,1,1,0,1,132.97660777157034,-7.13818359375,1445.9009330977551,1417.2705383300781,1388.6401435624011,0.6556550900176874,4.040215892924891,8.912933349609375,0,0,1,-0.1945724804862573,1
2025-06-11,1433.4210733170682,1456.0257865422643,1430.7441181682643,1436.4945068359375,8195700,1418.4850524902345,1348.995146484375,1411.208635813699,64.66218470496293,18.827227146254472,21.04952930991167,0.007229809741173154,1419.8383042441128,1409.3786997285206,1414.6085019863167,1280.665213144171,1408.7342529296875,1,1,0,1,133.94328884214565,-27.76025390625,1448.1932670120239,1418.4850524902345,1388.776837968445,0.8031056331657708,4.188724367540547,18.009454345703034,0,0,1,0.14745054314808337,0
2025-06-12,1441.0552171722854,1444.5252503749707,1422.1187744712338,1429.257080078125,8828114,1417.86044921875,1352.2351684570312,1412.9275352674538,55.93898316473696,18.10453642512607,20.460530732954552,-0.005038255784043266,1419.8383042441128,1409.3786997285206,1414.6085019863167,1280.665213144171,1393.9617919921875,1,1,0,1,133.94328884214565,-35.2952880859375,1446.0735880723128,1417.86044921875,1389.6473103651874,0.7019738200440568,3.9796778123133745,11.396630859374909,0,0,1,-0.10113181312171393,0
2025-06-13,1411.8076840776937,1423.2092208521976,1402.1907840779525,1415.67431640625,9757276,1416.4476501464844,1355.2650048828125,1413.1891334711488,47.35225776945399,16.24848093560081,19.618120773483803,-0.0095033733687242,1423.7049886774512,1409.3786997285206,1416.5418442029859,1280.665213144171,1394.9532470703125,1,0,0,1,135.87663105881484,-20.7210693359375,1442.002016366042,1416.4476501464844,1390.8932839269269,0.4848688530642845,3.6082330634548763,-0.7733337402344205,0,0,1,-0.21710496697977233,1
2025-06-16,1414.6829254727506,1430.050214679878,1412.204330439343,1425.4896240234375,8458093,1416.2989379882813,1358.937294921875,1414.360608761843,56.15689622206041,15.392126035086449,18.77292182580433,0.006933309097606699,1425.043376313589,1419.8383042441128,1422.4408402788508,1280.665213144171,1365.408447265625,1,1,0,1,141.77562713467978,-60.0811767578125,1441.6052758423093,1416.2989379882813,1390.9926001342533,0.6815886219525303,3.5735870691216185,9.190686035156205,0,0,1,0.19671976888824583,0
2025-06-17,1435.6022520574631,1435.6022520574631,1413.59237643736,1418.946044921875,10366599,1416.6261108398437,1362.5074633789063,1414.7973169675604,57.32584663976136,14.023788950683183,17.823095250780103,-0.004590408089462872,1429.1082853101084,1419.8383042441128,1424.4732947771106,1280.665213144171,1424.20068359375,1,0,0,1,143.80808163293955,5.254638671875,1441.8916544415533,1416.6261108398437,1391.360567238134,0.5459110264675705,3.5670023880515656,2.3199340820312955,0,0,1,-0.13567759548495983,0
2025-06-18,1417.7563491543892,1430.4468040463896,1413.4931173168031,1417.85546875,6681735,1416.6707275390625,1366.1044018554687,1415.088569518269,55.0783990369658,12.704917193343817,16.799459639292845,-0.0007685818469123085,1429.1082853101084,1419.8383042441128,1424.4732947771106,1280.665213144171,1403.5787353515625,1,0,0,1,143.80808163293955,-14.2767333984375,1441.9416451725683,1416.6707275390625,1391.3998099055566,0.5234408031421609,3.5676487333658207,1.1847412109375455,0,0,1,-0.0224702233254096,1
2025-06-19,1417.8555238832446,1427.5716651338516,1413.493172280418,1421.0281982421875,10007230,1417.8554992675781,1370.6372607421874,1415.6542484443564,55.11554574896483,11.779922958983661,15.795552303231009,0.002237695986731625,1429.1082853101084,1419.8383042441128,1424.4732947771106,1280.665213144171,1412.2042236328125,1,0,0,1,143.80808163293955,-8.823974609375,1441.562263760538,1417.8554992675781,1394.1487347746183,0.5669154783975597,3.3440311096872706,3.172698974609375,0,0,1,0.04347467525539883,1
2025-06-20,1418.7477927518771,1458.4053131642288,1415.8725983169522,1453.6463623046875,29010635,1419.8086242675781,1376.5958032226563,1419.2725450024832,67.86930203788108,13.522987025835391,15.341039247751887,0.022953917524542122,1430.2980486210906,1421.0280675550948,1425.6630580880928,1281.8549764551533,1441.7491455078125,1,1,0,1,143.80808163293955,-11.897216796875,1448.1071816047815,1419.8086242675781,1391.5100669303747,1.0978703725759145,3.9862495344119355,33.837738037109375,1,0,1,0.5309548941783547,0
2025-06-23,1440.5593915455418,1451.266970188698,1429.6535737155343,1444.326904296875,5989078,1420.8992065429688,1382.04078125,1421.658674459092,67.31933933519502,13.991094849374122,15.071050368076335,-0.006411090241396078,1430.2980486210906,1421.0280675550948,1425.6630580880928,1281.8549764551533,1443.9302978515625,1,1,0,1,143.80808163293955,-0.3966064453125,1451.1451137967088,1420.8992065429688,1390.653299289229,0.8872870725511022,4.257291032954808,23.42769775390616,0,0,1,-0.2105833000248123,0
2025-06-24,1452.4566670598808,1462.371047039812,1430.744150698803,1438.3782958984375,16402744,1422.321923828125,1387.304326171875,1423.2510193580774,60.029383374329534,13.723870453133259,14.80161438508772,-0.00411860249971141,1432.2809155588823,1423.0109344928865,1427.6459250258845,1307.8554839131994,1428.4638671875,1,1,0,1,119.79044111268513,-9.9144287109375,1453.0421267940535,1422.321923828125,1391.6017208621963,0.7613324542178402,4.319725717683707,16.05637207031259,0,0,1,-0.12595461833326194,1
2025-06-25,1451.4652666586912,1459.7933702625824,1447.9952335758323,1454.737060546875,7525851,1425.0186401367187,1392.2288012695312,1426.2496899474868,59.311904005451716,14.663081904351202,14.773907888940418,0.01137306138106009,1432.2809155588823,1423.0109344928865,1427.6459250258845,1310.1853355768303,1412.402587890625,1,1,0,1,117.46058944905417,-42.33447265625,1457.1461185567075,1425.0186401367187,1392.8911617167298,0.9625078261925832,4.509060796131969,29.71842041015634,0,0,1,0.201175371974743,1
2025-06-26,1456.5215658062507,1485.967347510806,1452.5558137403293,1482.497314453125,14657893,1428.8604614257813,1397.2891015625,1431.6066065670714,66.12702041517265,17.446323872563426,15.30839108566502,0.01908266081831589,1449.0858389750745,1434.8090847283834,1441.9474618517288,1335.442250656181,1416.963134765625,1,1,0,1,106.50521119554787,-65.5341796875,1468.3440225397162,1428.8604614257813,1389.3769003118464,1.1792301848428468,5.526580401635082,53.636853027343705,1,0,0,0.21672235865026357,1
2025-06-27,1486.5621628826696,1508.9686374999123,1484.083567880206,1502.4251708984375,11117052,1433.5450073242187,1402.7638208007813,1438.3512317414873,68.98515768902466,21.01779460258308,16.45027178904863,0.0134420860335005,1461.2308774083576,1446.3097297229367,1453.7703035656473,1363.0289691338023,1397.332763671875,1,1,0,1,90.74133443184496,-105.0924072265625,1483.2693691543436,1433.5450073242187,1383.8206454940937,1.1926198852942196,6.937258554991294,68.88016357421884,1,0,0,0.013389700451372777,0
2025-06-30,1500.838885203447,1511.7447031481738,1483.191240482831,1487.7518310546875,8409527,1437.8528076171874,1407.2471020507812,1443.056050723697,67.25958919297746,22.40591356759728,17.64140014475836,-0.009766436377643628,1462.6189102324884,1447.6977625470674,1455.158336389778,1364.417001957933,1414.5838623046875,1,1,0,1,90.74133443184496,-73.16796875,1490.5956695608172,1437.8528076171874,1385.1099456735576,0.9730405366590731,7.336336746601398,49.89902343750009,0,0,0,-0.2195793486351465,1
2025-07-01,1487.751818338647,1518.2881567329412,1487.256099345396,1515.3138427734375,10368523,1443.9451904296875,1411.8652197265626,1449.9377452046247,70.1469754949315,25.43681211242233,19.200482538291155,0.018525947099128137,1465.8906645066795,1450.9694893394512,1458.4300769230654,1367.6887287503168,1422.5152587890625,1,1,0,1,90.74134817274853,-92.798583984375,1502.5911531188626,1443.9451904296875,1385.2992277405124,1.1084702942127953,8.123017837224602,71.36865234375,1,0,0,0.13542975755372222,0
2025-07-02,1515.3138007089854,1516.900077238324,1495.7824003020085,1505.7960205078125,6361002,1448.6693908691407,1416.3782470703125,1455.2575809477855,69.33863829131005,26.76231304672342,20.712848639977608,-0.006281089763032099,1467.0803775249467,1450.9694893394512,1459.0249334321988,1387.2200660288415,1409.9239501953125,1,1,0,1,71.80486740335732,-95.8720703125,1511.1369570638167,1448.6693908691407,1386.2018246744647,0.9572503229967412,8.624130058715204,57.12662963867183,0,0,0,-0.15121997121605413,0
2025-07-03,1507.7790015843786,1518.7839394915495,1500.0457365549344,1504.8046875,11283291,1452.4071166992187,1420.696953125,1459.9763530003775,74.05031436597153,27.416746609478878,22.053628233877863,-0.000658344818495471,1474.2187566035418,1451.2173807187553,1462.7180686611487,1396.5891769166485,1400.802734375,1,1,0,1,66.12889174450015,-104.001953125,1518.7939654259533,1452.4071166992187,1386.0202679724841,0.8946381836594115,9.141630877932792,52.397570800781295,0,0,0,-0.06261213933732968,1
2025-07-04,1510.9515946827762,1516.900223008299,1504.2097675037892,1514.223388671875,6603501,1456.5612487792969,1425.1723071289061,1465.1427373500437,73.99465382210788,28.36838728222051,23.316580043546395,0.006259085481400639,1474.7640450951762,1451.2173807187553,1462.9907129069657,1396.5891769166485,1405.660888671875,1,1,0,1,66.40153599031714,-108.5625,1527.356623142261,1456.5612487792969,1385.7658744163327,0.9072451089597139,9.720892193485959,57.662139892578125,0,0,0,0.012606925300302385,1
2025-07-07,1513.5291857359532,1531.5734294639212,1511.942909183805,1528.3016357421875,7251074,1461.156561279297,1429.9530200195313,1471.157870530248,78.41322058218111,29.91373928747339,24.636011892331798,0.009297338276263556,1489.7843315198768,1457.6121257049413,1473.698228612409,1404.3223424711528,1408.7342529296875,1,1,0,1,69.37588614125616,-119.5673828125,1537.8085127300747,1461.156561279297,1384.5046098285193,0.9379867256609115,10.491955959006344,67.14507446289053,0,0,0,0.03074161670119757,0
2025-07-08,1522.8486600409224,1531.672481820406,1517.0982716385254,1524.4349365234375,7171261,1466.0691345214843,1433.3001123046874,1476.2318768153136,77.2981122353587,30.475133208184616,25.803836155502363,-0.002530062867381666,1492.1141477803676,1461.528336316522,1476.8212420484447,1404.3718686493949,1401.5958251953125,1,1,0,1,72.44937339904982,-122.839111328125,1545.6630747006973,1466.0691345214843,1386.4751943422714,0.8666472715795781,10.858142812643266,58.36580200195317,0,0,0,-0.07133945408133335,0
2025-07-09,1523.5426661942138,1537.7202774459709,1497.170440637757,1505.9942626953125,8870660,1469.544122314453,1435.66568359375,1479.0663897562658,70.1836953420234,29.09662588104925,26.462394100611743,-0.01209672737504952,1510.455758964401,1465.8906217654423,1488.1731903649215,1423.308309120573,1393.4661865234375,1,1,0,1,64.86488124434845,-112.528076171875,1549.7361705736078,1469.544122314453,1389.3520740552983,0.7272677975693077,10.913867374442157,36.450140380859466,0,0,0,-0.1393794740102704,0
2025-07-10,1506.688189577499,1511.6453792793734,1494.5926951149827,1504.2095947265625,10047129,1473.291748046875,1437.89046875,1481.460980705818,64.07282833224613,27.542646617198898,26.678444603929176,-0.001185043006442732,1510.455758964401,1469.9555307619617,1490.2056448631813,1447.4994238601212,1411.31201171875,1,1,0,1,42.706221003060136,-92.8975830078125,1552.603258249102,1473.291748046875,1393.980237844648,0.6949139954645532,10.766572243056322,30.9178466796875,0,0,0,-0.03235380210475447,0
2025-07-11,1499.0542783474266,1502.0285923917668,1477.540121836759,1482.3980712890625,7234991,1476.6279357910157,1439.385556640625,1481.5502274280316,59.90711651413741,24.27131459361567,26.197018601866475,-0.01450032197239437,1507.630199641365,1469.9555307619617,1488.7928652016633,1447.4994238601212,1430.0501708984375,1,0,0,1,41.29344134154212,-52.347900390625,1551.450568695286,1476.6279357910157,1401.8053028867455,0.538558757384475,10.134256719745512,5.770135498046784,0,0,0,-0.15635523808007823,0
2025-07-14,1479.4236826617216,1487.156947197204,1466.4358695278945,1470.9964599609375,10311846,1478.9032775878907,1440.424580078125,1480.54510671688,58.253855287560405,20.52217874732719,25.06205063095862,-0.007691329035668826,1502.0780734869327,1469.9555307619617,1486.0168021244472,1450.2259451803739,1431.1407470703125,1,0,0,1,35.79085694407331,-39.855712890625,1550.0442291662475,1478.9032775878907,1407.7623260095338,0.44442850811290907,9.620771372471177,-7.9068176269531705,0,0,0,-0.09413024927156594,1
2025-07-15,1473.4750846086956,1483.6869442622558,1469.7076928815193,1472.6820068359375,8132454,1481.5900756835938,1441.70353515625,1479.796240061552,54.90512738549587,17.485410199695707,23.54672254470604,0.0011458537942672375,1502.0780734869327,1469.9555307619617,1486.0168021244472,1450.2259451803739,1436.3953857421875,1,0,0,1,35.79085694407331,-36.28662109375,1547.3238291714808,1481.5900756835938,1415.8563221957068,0.4322412887216473,8.873406290543356,-8.908068847656295,0,0,0,-0.012187219391261772,1
2025-07-16,1460.388154594461,1478.234038357326,1458.9009976142222,1472.8802490234375,10409983,1484.3413146972657,1443.281904296875,1479.1375742483983,46.90487508790401,14.922725840301155,21.821923203825065,0.0001346130302264381,1498.3106375300965,1469.9555307619617,1484.133084146029,1450.2259451803739,1426.1834716796875,1,0,0,1,33.90713896565512,-46.69677734375,1543.446316812645,1484.3413146972657,1425.2363125818865,0.4030448755296971,7.963802062254634,-11.461065673828216,0,0,0,-0.02919641319195021,0
2025-07-17,1474.664973779095,1476.8460890701654,1461.2805601585153,1463.7591552734375,11854613,1486.4778625488282,1444.6580224609374,1477.6729629174497,36.625523786361036,12.017256532054262,19.860989869470906,-0.006192692010126066,1498.3106375300965,1469.9555307619617,1484.133084146029,1450.2259451803739,1436.4945068359375,1,0,0,1,33.90713896565512,-27.2646484375,1538.996019813051,1486.4778625488282,1433.9597052846054,0.2837061650783826,7.066120335511907,-22.71870727539067,0,0,0,-0.1193387104513145,0
2025-07-18,1472.0872520008463,1472.0872520008463,1456.5216021387355,1463.362548828125,10296318,1486.963671875,1446.6171044921875,1476.3100663375142,40.63929251104046,9.572304776028659,17.803252850782457,-0.00027095061635218354,1497.120939792353,1469.9555307619617,1483.5382352771574,1450.2259451803739,1429.257080078125,1,0,0,1,33.3122900967835,-34.10546875,1538.4272013269251,1486.963671875,1435.500142423075,0.2707005009351121,6.921961904695584,-23.601123046875045,0,0,0,-0.013005664143270479,0
2025-07-21,1452.456653118394,1463.362470991638,1410.9153771961903,1416.3682861328125,22442744,1485.565740966797,1446.4604565429688,1470.6013253656379,16.953604044357476,3.7988281165419266,15.002367903934353,-0.03211388916092317,1474.3178273210806,1474.3178273210806,1474.3178273210806,1450.2259451803739,1415.67431640625,0,0,1,1,24.09188214070673,-0.6939697265625,1542.7832289234361,1485.565740966797,1428.3482530101578,-0.10468798356215868,7.703124322105379,-69.19745483398447,0,1,0,-0.3753884844972708,0
2025-07-22,1415.178583447059,1419.640054314783,1398.6214967228643,1400.70361328125,20396320,1483.6820068359375,1446.4029541015625,1463.94440040522,16.284956784974412,-2.017446053454705,11.598405112456541,-0.011059745551301958,1455.133438001119,1468.1708870844177,1461.6521625427683,1460.685549695966,1425.4896240234375,0,0,1,1,0.9666128468022634,24.7860107421875,1548.9095490218333,1483.6820068359375,1418.4544646500417,-0.1360686818323041,8.792657979993757,-82.9783935546875,0,1,0,-0.03138069827014543,1
2025-07-23,1413.7906253323065,1413.7906253323065,1402.2899684336514,1412.402587890625,8354596,1481.565283203125,1446.4069213867188,1459.035656356211,22.26187125862606,-5.618113641696027,8.155101361626029,0.008352212772528844,1450.3250445573156,1468.1708870844177,1459.2479658208667,1460.685549695966,1418.946044921875,0,0,1,0,1.4375838750993353,6.54345703125,1552.8765678203786,1481.565283203125,1410.2539985858716,0.015064861867833635,9.626478890363764,-69.16269531250009,0,0,0,0.15113354370013773,0
2025-07-24,1407.0487949065318,1410.81630780687,1384.0474811654185,1390.888427734375,14740507,1476.9848388671876,1445.38970703125,1452.5454441065122,15.48274820676734,-10.091354714558065,4.50581014638921,-0.015232314313711859,1435.6022141813114,1460.8838793056948,1448.243046743503,1460.685549695966,1417.85546875,0,0,1,0,12.442502952462974,26.967041015625,1558.5057694285738,1476.9848388671876,1395.4639083058014,-0.02806322584836668,11.03883105853826,-86.09641113281259,0,1,0,-0.04312808771620032,0
2025-07-25,1386.9226057137396,1389.0046012536309,1372.2492752918663,1379.7841796875,11854722,1470.8527893066407,1444.1067846679687,1445.61579987613,7.7314054037152715,-14.366838536470595,0.7312804098172494,-0.007983564911071106,1427.968109777061,1454.9847763689186,1441.4764430729897,1454.9847763689186,1421.0281982421875,0,0,1,0,13.508333295928878,41.2440185546875,1561.7120514793187,1470.8527893066407,1379.9935271339627,-0.0011520424085377156,12.354637096688512,-91.06860961914072,0,1,0,0.026911183439828963,0
2025-07-28,1380.3790691362324,1395.7463569486692,1373.1415238854815,1375.71923828125,7748361,1465.2511596679688,1443.0518920898437,1438.9589844861416,7.72269105279706,-17.87712074802357,-2.990399821750915,-0.00294607045514228,1425.2416568245962,1454.9847763689186,1440.1132165967574,1454.9847763689186,1453.6463623046875,0,0,1,0,14.871559772161163,77.9271240234375,1564.6637116313284,1465.2511596679688,1365.838607704609,0.04969508568838766,13.56935311839465,-89.53192138671875,0,0,0,0.050847128096925376,1
2025-07-29,1371.1586653944223,1408.04010820105,1371.1586653944223,1404.9666748046875,10750072,1459.7338012695313,1442.903173828125,1435.7216216593365,22.942129587248942,-18.090485142692387,-6.010416885939209,0.02125974232938521,1424.0023772322938,1454.4394714201967,1439.2209243262453,1454.4394714201967,1444.326904296875,0,0,1,0,15.218547093951429,39.3602294921875,1559.6671785174908,1459.7338012695313,1359.8004240215719,0.22598180921598882,13.692000166201174,-54.76712646484384,0,0,0,0.17628672352760116,0
2025-07-30,1405.9581148273558,1411.113664716939,1389.3020300940543,1398.026611328125,7209849,1454.3453308105468,1442.524443359375,1432.1316206754118,22.325607143379827,-18.60511490140152,-8.529356489031672,-0.004939664122301846,1421.6229586976342,1454.4394714201967,1438.0312150589154,1454.4394714201967,1438.3782958984375,0,0,1,0,16.408256361281246,40.3516845703125,1555.3787276775997,1454.3453308105468,1353.3119339434938,0.22128661794609344,13.894003676656938,-56.318719482421784,0,0,0,-0.004695191269895371,0
2025-07-31,1376.215001569177,1390.5908519212596,1370.365493427784,1378.2969970703125,17065827,1448.0199462890625,1442.1437280273437,1427.0045136654023,22.570545619693732,-20.370163115812147,-10.897517814387768,-0.014112474038723288,1416.8639822097111,1454.0428854368774,1435.4534338232943,1454.0428854368774,1454.737060546875,0,0,1,0,18.58945161358315,76.4400634765625,1551.4372843061833,1448.0199462890625,1344.6026082719418,0.1629049318248387,14.283965947037577,-69.72294921875005,0,0,0,-0.058381686121254744,1
2025-08-01,1375.025384070285,1393.8627060383,1372.4476694796913,1381.76708984375,10321171,1441.3971313476563,1441.487392578125,1422.6961875871498,25.463512159033144,-21.24408051992441,-12.966830355495098,0.002517666933043783,1395.0027738712834,1454.0428854368774,1424.5228296540804,1454.0428854368774,1482.497314453125,0,0,1,0,29.520055782797044,100.730224609375,1543.969096973361,1441.3971313476563,1338.8251657219516,0.20932583216011338,14.232297733214367,-59.63004150390634,0,0,0,0.046420900335274684,1
2025-08-04,1383.155066191865,1403.975263237478,1379.7841529413568,1399.4146728515625,6312820,1434.952783203125,1441.025380859375,1420.4789004694749,31.478690523800353,-20.27889145961808,-14.429242576319695,0.012771749405182442,1392.0780593800453,1454.0428854368774,1423.0604724084615,1454.0428854368774,1502.4251708984375,0,0,1,0,30.982413028415976,103.010498046875,1530.85333809074,1434.952783203125,1339.0522283155099,0.3147137397004158,13.366370797726775,-35.53811035156241,0,0,0,0.10538790754030239,0
2025-08-05,1398.918980991344,1398.918980991344,1376.2150271869518,1379.7841796875,9315972,1427.7202453613281,1440.4225854492188,1416.6032127759534,28.57143659936129,-20.85755599286881,-15.71490525962952,-0.014027645661354837,1390.7395790723615,1454.0428854368774,1422.3912322546194,1454.0428854368774,1487.7518310546875,0,0,1,0,31.651653182258087,107.9676513671875,1517.1349076009476,1427.7202453613281,1338.3055831217087,0.2319451616035533,12.52551576965141,-47.936065673828125,0,0,0,-0.08276857809686247,1
2025-08-06,1379.982437544135,1383.9481891450812,1371.4560958071288,1380.874755859375,5834312,1421.4642700195313,1440.0240258789063,1413.2005025934222,30.189558940664,-20.986235166258894,-16.769171240955394,0.0007903961995867625,1390.7395790723615,1454.0428854368774,1422.3912322546194,1454.0428854368774,1515.3138427734375,0,0,1,0,31.651653182258087,134.4390869140625,1505.4402697631003,1421.4642700195313,1337.4882702759623,0.25832669879429004,11.81542181744957,-40.58951416015634,0,0,0,0.026381537190736742,0
2025-08-07,1375.818511047819,1381.7671392504185,1354.3043541251443,1377.5040283203125,9976705,1415.1289916992187,1439.460888671875,1409.8008383769356,29.766368502237242,-21.116782753469806,-17.638693543458277,-0.002441008878437123,1382.7090094210416,1446.0123157855576,1414.3606626032997,1446.0123157855576,1505.7960205078125,0,0,1,0,31.65165318225786,128.2919921875,1491.9962041192416,1415.1289916992187,1338.2617792791957,0.25525999841575286,10.863633332495649,-37.62496337890616,0,0,0,-0.0030667003785371794,0
2025-08-08,1373.1415514013454,1385.2370458989403,1353.312792536344,1356.0888671875,8793606,1408.8135314941405,1438.4079809570312,1404.6854125493703,33.846984203829166,-22.68674847195416,-18.648304529157457,-0.01554635100336188,1382.2132286266415,1445.5165349911574,1413.8648818088996,1445.5165349911574,1504.8046875,0,0,1,0,31.65165318225786,148.7158203125,1483.2524302065485,1408.8135314941405,1334.3746327817325,0.14585273816086144,10.567601325274124,-52.724664306640534,0,0,0,-0.10940726025489142,1
2025-08-11,1358.2700517359046,1376.1159356273254,1349.5453489789295,1374.331298828125,9997486,1403.9802734375,1437.8626904296875,1401.7945445759183,43.029338199802275,-22.203003437076177,-19.359244310741204,0.01345223906930193,1380.3295068479342,1443.6328132124502,1411.9811600301923,1443.6328132124502,1514.223388671875,0,0,1,0,31.65165318225786,139.89208984375,1474.0671456970972,1403.9802734375,1333.893401177903,0.2884841079827532,9.984025215396612,-29.648974609375045,0,0,0,0.14263136982189176,0
2025-08-12,1370.0682117041065,1389.8969719255274,1363.4255044148415,1368.5810546875,12244664,1398.7752258300782,1437.3649877929688,1398.6313550627356,38.041134770673985,-22.029684170972814,-19.893332282787526,-0.004184030550368867,1376.7603061082036,1443.6328132124502,1410.1965596603268,1443.6328132124502,1528.3016357421875,0,0,1,0,33.43625355212339,159.7205810546875,1462.8878991792924,1398.7752258300782,1334.662552480864,0.26452260087397966,9.166972958241765,-30.19417114257817,0,0,0,-0.02396150710877354,1
2025-08-13,1376.115874093997,1379.8833867126675,1365.7057756228248,1370.7620849609375,7457021,1393.6693176269532,1436.5539892578124,1395.9771388625643,43.85960077256371,-21.46885687035001,-20.208437200300022,0.00159364347911084,1376.7603061082036,1443.6328132124502,1410.1965596603268,1443.6328132124502,1524.4349365234375,0,0,1,0,33.43625355212339,153.6728515625,1449.0298632297674,1393.6693176269532,1338.308772024139,0.29310868040965227,7.944574068270148,-22.907232666015716,0,0,0,0.028586079535672604,0
2025-08-14,1370.961308962897,1374.3455639562076,1363.794372575189,1367.4774169921875,7126128,1388.8552307128907,1435.3025341796874,1393.262879636814,46.05716922764053,-21.046827719274006,-20.37611530409482,-0.002396234915443829,1376.7603061082036,1430.5953641291514,1403.6778351186776,1443.6328132124502,1505.9942626953125,0,0,1,0,39.954978093772525,138.516845703125,1434.9721944213447,1388.8552307128907,1342.7382670044367,0.2682217995112252,6.641003711349018,-21.377813720703216,0,0,0,-0.024886880898427055,1
2025-08-18,1383.602791829514,1388.4802648218374,1370.662621833986,1375.3409423828125,11785109,1384.454150390625,1434.1865380859374,1391.5560284697663,49.881681700484805,-19.84903843619577,-20.27069993051501,0.005750387752597064,1374.2321649851367,1425.786970685348,1400.0095678352423,1443.6328132124502,1504.2095947265625,0,0,1,0,43.62324537720792,128.86865234375,1415.6880329053472,1384.454150390625,1353.220267875903,0.3541134294861195,4.5120862263166295,-9.113208007812545,0,0,1,0.0858916299748943,1
2025-08-19,1383.6027633741608,1414.460091190419,1382.7068811681168,1413.564208984375,14384719,1384.313946533203,1433.7299145507814,1393.6520456616338,52.546067514837695,-15.635250198489075,-19.343609984109825,0.0277918481328272,1382.0027200846744,1418.3511480880668,1400.1769340863707,1443.6328132124502,1482.3980712890625,0,0,0,0,43.45587912607948,68.8338623046875,1414.9938011399165,1384.313946533203,1353.6340919264896,0.9767014515898539,4.432499532861937,29.25026245117192,0,0,1,0.6225880221037343,0
2025-08-20,1406.4969482421875,1418.342205158243,1403.510755146132,1406.4969482421875,8725641,1384.60361328125,1433.3361840820312,1394.8753697169248,52.50651109866888,-12.71943975580507,-18.018775938448876,-0.004999603624136206,1383.9437770685863,1416.6161466205926,1400.2799618445895,1443.6328132124502,1470.9964599609375,0,0,0,0,43.352851367860694,64.49951171875,1415.9980511505787,1384.60361328125,1353.2091754119215,0.8486817482138534,4.534790689290446,21.89333496093741,0,0,1,-0.12801970337600044,1
2025-08-21,1418.441706715632,1425.3099750709036,1413.7633861810953,1418.24267578125,11021323,1384.8956176757813,1432.9711474609376,1397.1008274373366,62.40681664974435,-9.353040890121065,-16.285628928783314,0.008351050852788644,1387.4276620249166,1413.8896936681276,1400.658677846522,1443.6328132124502,1472.6820068359375,0,0,0,0,42.97413536592808,54.4393310546875,1417.4076211541071,1384.8956176757813,1352.3836141974555,1.0128422511350241,4.695228010453165,33.347058105468705,1,0,1,0.16416050292117068,0
2025-08-22,1413.464698965694,1416.84907536351,1401.4204113959267,1402.71435546875,5818868,1385.4869140625,1432.44029296875,1397.635449154614,56.05268801426685,-7.847687947461509,-14.598040732518955,-0.010948986783200665,1387.4276620249166,1413.1957190245475,1400.311690524732,1443.6328132124502,1472.8802490234375,0,0,0,0,43.321122687718116,70.1658935546875,1418.8328369517249,1385.4869140625,1352.1409911732753,0.75831405931513,4.813603441615835,17.22744140624991,0,0,1,-0.25452819181989417,1
2025-08-25,1408.189065733516,1412.9670232567023,1399.230486508923,1406.0987548828125,5979407,1386.8026428222656,1432.2487817382812,1398.441478271585,52.104853664312046,-6.308867449982927,-12.94020607601175,0.002412750251587381,1394.3677397428726,1410.816300489888,1402.5920201163804,1443.6328132124502,1463.7591552734375,0,0,0,0,41.04079309606982,57.660400390625,1421.2045521469972,1386.8026428222656,1352.400733497534,0.7804511790087602,4.961327338505886,19.296112060546875,0,0,1,0.02213711969363019,0
2025-08-26,1401.519906786198,1403.5107021083377,1375.241384232256,1378.5262451171875,12145259,1386.9429931640625,1431.3095141601561,1396.5447893997375,49.62274000947452,-7.230859378276364,-11.798336736464673,-0.019609227068779322,1394.5521738230464,1406.4539099852836,1400.503041904165,1443.6328132124502,1463.362548828125,0,0,1,0,43.12977130828517,84.8363037109375,1421.185422296118,1386.9429931640625,1352.700564032007,0.3771005991657908,4.937827913739641,-8.416748046875,0,0,1,-0.40335057984296935,1
2025-08-28,1383.50331940736,1385.7926612650012,1360.2109883890075,1379.521728515625,13161813,1385.6707458496094,1430.5210278320312,1394.9235455060125,49.593989699558236,-7.791402989704466,-10.996949987112632,0.0007221359781603987,1392.7604817299557,1387.4276620249166,1390.0940718774361,1443.6328132124502,1416.3682861328125,1,0,1,0,53.53874133501404,36.8465576171875,1419.0191178303705,1385.6707458496094,1352.3223738688482,0.4078063340313618,4.813318326975859,-6.149017333984375,0,0,1,0.03070573486557099,0
2025-08-29,1374.7437651325777,1397.0406983353937,1343.7869203796088,1350.9537353515625,18758842,1383.3171020507812,1429.1829931640625,1390.735944538922,43.07944605022509,-10.42071264719084,-10.881702519128273,-0.02070862138199292,1384.5484477252562,1384.5484477252562,1384.5484477252562,1440.7535989127898,1400.70361328125,0,0,1,0,56.2051511875336,49.7498779296875,1419.379215667149,1383.3171020507812,1347.2549884344132,0.051283002384398126,5.213860735605088,-32.36336669921866,0,0,0,-0.35652333164696365,0
2025-09-01,1349.759256141992,1356.9260708455383,1334.430107544873,1347.6689453125,11232238,1381.7856994628905,1427.7158081054688,1386.634325564977,47.576186922035696,-12.623993064039041,-11.230160628110427,-0.0024314600515965568,1379.8700413078882,1379.8700413078882,1379.8700413078882,1436.075192495422,1412.402587890625,0,0,1,0,56.20515118753383,64.733642578125,1421.0312493749436,1381.7856994628905,1342.5401495508374,0.06534238624705069,5.680410490180656,-34.116754150390534,0,0,0,0.014059383862652562,1
2025-09-02,1348.5648331807902,1378.128095842481,1348.2661652716797,1360.2109375,11517006,1380.7078918457032,1425.847099609375,1384.1178124159317,45.79729164123402,-13.205845944742805,-11.625297691436904,0.009306434069823899,1379.8700413078882,1379.8700413078882,1379.8700413078882,1436.075192495422,1390.888427734375,0,0,1,0,56.20515118753383,30.677490234375,1421.0645581147135,1380.7078918457032,1340.351225576693,0.24605243395137968,5.845793524807372,-20.496954345703216,0,0,0,0.180710047704329,1
2025-09-03,1363.396159328429,1370.1649121838109,1354.2385492379765,1366.2828369140625,7847563,1379.0513000488281,1424.2862182617187,1382.4192433205155,49.31727804737242,-13.026851571012912,-11.905608467352106,0.004463939560155561,1379.8700413078882,1379.8700413078882,1379.8700413078882,1436.075192495422,1379.7841796875,0,0,1,0,56.20515118753383,13.5013427734375,1418.9174641188552,1379.0513000488281,1339.185135978801,0.33985839329390777,5.781679632746872,-12.768463134765625,0,0,0,0.09380595934252808,0
2025-09-04,1365.4865379446771,1367.676364160165,1350.8541196588233,1353.0440673828125,13223177,1377.7142944335938,1422.5795336914061,1379.6216075169248,45.061058769405825,-13.794243843990898,-12.283335542679865,-0.009689625876550978,1375.6395914541915,1379.8700413078882,1377.7548163810397,1436.075192495422,1375.71923828125,0,0,1,0,58.32037611438227,22.6751708984375,1419.1549569436638,1377.7142944335938,1336.2736319235237,0.2023427527879605,6.01585723215671,-24.67022705078125,0,0,0,-0.13751564050594728,1
2025-09-05,1356.7271022727273,1374.6442613636364,1353.0441792852228,1368.671875,5777575,1377.104150390625,1420.8582299804686,1378.578775848646,50.31152122323894,-12.991615030349067,-12.424991440213706,0.011550109855192225,1373.6985654007876,1379.8700413078882,1376.784303354338,1436.075192495422,1404.9666748046875,0,0,1,0,59.29088914108411,36.2947998046875,1418.6997604092157,1377.104150390625,1335.508540372034,0.3986398397949186,6.041026019243636,-8.432275390624909,0,0,0,0.19629708700695814,1
2025-09-08,1373.6488583038629,1379.6212446443146,1366.08385990766,1372.15576171875,6986720,1376.836737060547,1418.6513989257812,1377.9670602172273,49.14986632052708,-11.936805309557258,-12.327354214082417,0.0025454506535760313,1368.9704048266053,1379.8700413078882,1374.4202230672468,1436.075192495422,1398.026611328125,0,0,1,0,61.654969428175264,25.870849609375,1418.4873560581098,1376.836737060547,1335.1861180629842,0.44380665336485303,6.050189957377813,-4.680975341796966,0,0,0,0.045166813569934405,0
2025-09-09,1370.264394303157,1374.843199236951,1362.4007284883237,1369.8662109375,9754452,1377.5256042480469,1416.0002197265626,1377.195550762015,35.56873008501361,-11.156997695366499,-12.093282910339234,-0.001668579358936717,1365.7354029401333,1379.8700413078882,1372.8027221240109,1436.075192495422,1378.2969970703125,0,0,1,0,63.272470371411146,8.4307861328125,1418.225711580887,1377.5256042480469,1336.8254969152067,0.40590450723005034,5.909161645682401,-7.659393310546875,0,0,0,-0.037902146134802694,1
2025-09-10,1377.5308659113482,1382.1096709119122,1367.7759200987732,1370.66259765625,7790815,1377.3421691894532,1413.6584350585938,1376.573364751942,37.65435473601249,-10.355362616138791,-11.745698851499146,0.0005813609478000359,1365.7354029401333,1379.8700413078882,1372.8027221240109,1436.075192495422,1381.76708984375,0,0,1,0,63.272470371411146,11.1044921875,1418.1311823877948,1377.3421691894532,1336.5531559911117,0.4181204568406327,5.922858402330817,-6.679571533203216,0,0,0,0.012215949610582366,1
2025-09-11,1369.667263854887,1379.1235422027223,1368.6718661340626,1376.9337158203125,9766072,1377.7598022460938,1410.8908325195312,1376.6076839013106,35.2103442760082,-9.109030975552287,-11.218365276309775,0.004575245705825681,1358.2698892283925,1379.8700413078882,1369.0699652681403,1436.075192495422,1399.4146728515625,0,0,0,0,67.0052272272817,22.48095703125,1418.3520166422336,1377.7598022460938,1337.167587849954,0.48982457057257883,5.89249509674535,-0.826086425781341,0,0,0,0.07170411373194613,1
2025-09-12,1376.9337291414593,1389.873899637371,1374.146566892781,1388.579833984375,7403368,1378.6506896972655,1408.5465087890625,1377.7478886711262,44.79478534502135,-7.099718628950541,-10.39463594683793,0.008458009292861446,1369.0700324545255,1379.8700413078882,1374.4700368812069,1436.075192495422,1379.7841796875,0,0,0,0,61.605155614215164,-8.795654296875,1419.3713743145759,1378.6506896972655,1337.9300050799552,0.6219176983444993,5.907324447246616,9.929144287109466,0,0,0,0.13209312777192045,1
2025-09-15,1386.5889315301856,1394.3530818320328,1382.209157552439,1392.8599853515625,5396697,1379.9198181152344,1406.3076147460938,1379.1871359740248,45.15661118197051,-5.103126013245401,-9.336333960119426,0.0030823948774383325,1372.6036007454281,1379.8700413078882,1376.2368210266582,1436.075192495422,1380.874755859375,0,0,0,0,59.83837146876385,-11.9852294921875,1420.7504906537451,1379.9198181152344,1339.0891455767237,0.6584613530933535,5.917832616431201,12.94016723632808,0,0,0,0.03654365474885424,1
2025-09-16,1398.2350616507645,1401.5199225726965,1391.7649767809332,1398.8323974609375,8686961,1381.0943908691406,1403.999794921875,1381.0581132584928,58.82351693117202,-3.0042570319506012,-8.069918574485662,0.004287876866437168,1376.1870211157598,1379.8700413078882,1378.028531211824,1436.075192495422,1377.5040283203125,0,0,0,0,58.04666128359804,-21.328369140625,1422.675266836791,1381.0943908691406,1339.5135149014902,0.7132952490659036,6.021438685517072,17.738006591796875,0,0,0,0.05483389597255006,1
2025-09-17,1400.5245819104894,1409.6821922648512,1400.4250664409112,1407.2933349609375,7519417,1380.7808471679687,1401.57962890625,1383.5567058015827,61.332221554756586,-0.6506608838483317,-6.586067036358196,0.0060485713051525725,1381.363185775037,1379.8700413078882,1380.6166135414626,1436.075192495422,1356.0888671875,1,0,0,0,55.45857895395943,-51.2044677734375,1421.4624784558694,1380.7808471679687,1340.099215880068,0.8258533022599568,5.892554400843579,26.51248779296884,0,0,0,0.11255805319405321,1
2025-09-18,1413.8628424954393,1415.4554544293835,1404.2074124117412,1408.4876708984375,9332642,1380.8803833007812,1399.26068359375,1385.9310834298544,80.23005521119822,1.2960143027999038,-5.009650768526576,0.0008486758999204369,1388.9280914588535,1379.8700413078882,1384.3990663833708,1436.075192495422,1374.331298828125,1,0,0,0,51.67612611205118,-34.1563720703125,1421.822116774489,1380.8803833007812,1339.9386498270735,0.8371533793920252,5.929801591625599,27.607287597656295,0,0,0,0.011300077132068376,0
2025-09-19,1408.3882121473878,1410.4785229891424,1397.1401696768169,1400.9227294921875,13461373,1380.014385986328,1397.1592529296875,1387.3588592453148,76.77675957354087,2.2029466667372617,-3.567131281473809,-0.005370967430211482,1388.9280914588535,1379.8700413078882,1384.3990663833708,1436.075192495422,1368.5810546875,1,0,0,0,51.67612611205118,-32.3416748046875,1418.411998968512,1380.014385986328,1341.616773004144,0.7722609803317803,5.564813435584636,20.90834350585942,0,0,0,-0.06489239906024491,0
2025-09-22,1397.438788552637,1404.2074196840813,1381.6119415772491,1384.199951171875,7757970,1379.0886657714843,1394.7590600585938,1387.0580108573681,61.57535247106721,1.5543905996350986,-2.542826905252028,-0.01193697408733907,1391.6156872640784,1379.8700413078882,1385.7428642859832,1436.075192495422,1370.7620849609375,1,0,1,0,50.332328209438856,-13.4378662109375,1416.1210154045932,1379.0886657714843,1342.0563161383755,0.5690110869419546,5.370553837797281,5.1112854003906705,0,0,0,-0.2032498933898257,0
2025-09-23,1384.5982372618869,1388.5798281670254,1370.4636381520502,1383.40380859375,14014702,1377.9539184570312,1392.7791748046875,1386.7099915941662,58.704516257160414,0.9650388245950126,-1.84125375928262,-0.0005751644315916682,1392.063660281723,1379.8700413078882,1385.9668507948056,1423.0377434121233,1367.4774169921875,1,0,1,0,37.07089261731767,-15.9263916015625,1412.9404790515382,1377.9539184570312,1342.9673578625243,0.5778854800830924,5.078045082042117,5.44989013671875,0,0,1,0.008874393141137804,0
2025-09-24,1378.9244730635044,1389.5751797778832,1374.0470000648747,1376.635009765625,5922759,1377.859356689453,1390.8919458007813,1385.7504695152577,62.838556925394904,-0.047662772618650706,-1.4825355619498262,-0.004892858315176718,1392.9595462907168,1379.8700413078882,1386.4147937993025,1418.2293499683199,1375.3409423828125,1,0,1,0,31.81455616901735,-1.2940673828125,1412.8494416705964,1377.859356689453,1342.8692717083097,0.4825043733890915,5.0789051598434725,-1.2243469238280795,0,0,1,-0.09538110669400085,0
2025-09-25,1374.942926360271,1378.128150477363,1362.6994857374575,1366.0838623046875,11411143,1377.1874633789062,1388.7599829101562,1383.8774593047272,48.509187053040904,-1.6822337613637046,-1.522475201832602,-0.007664448009885971,1389.0774700834204,1379.8700413078882,1384.4737556956543,1410.7935273710386,1413.564208984375,1,0,1,0,26.319771675384345,47.4803466796875,1412.5382772604569,1377.1874633789062,1341.8366494973554,0.34295126681632737,5.133769341004324,-11.103601074218659,0,0,1,-0.13955310657276415,1
2025-09-26,1365.685684712474,1376.3363918134596,1359.7132983361803,1371.2598876953125,9879109,1378.2027709960937,1386.7275756835938,1382.6757858181163,49.49380411826457,-2.530807481939064,-1.7241416578538944,0.0037889514205171615,1387.584376382782,1379.8700413078882,1383.727208845335,1409.0585259035643,1406.4969482421875,1,0,1,0,25.33131705822916,35.237060546875,1411.5935208725548,1378.2027709960937,1344.8120211196326,0.396035828388574,4.845549664992761,-6.9428833007812045,0,0,1,0.053084561572246614,0
2025-09-29,1375.2413599514075,1382.6073268149732,1361.703976301572,1366.48193359375,14231999,1379.1434204101563,1384.78203125,1381.1335141777004,48.14008281206813,-3.5479506673357264,-2.088903459750261,-0.0034843534361621575,1387.584376382782,1375.6395914541915,1381.6119839184867,1406.3320729510995,1418.24267578125,1,0,1,0,24.720089032612805,51.7607421875,1410.0046516840198,1379.1434204101563,1348.2821891362928,0.2948641986437955,4.475420150963761,-12.661486816406295,0,0,1,-0.1011716297447785,0
2025-09-30,1370.762097190836,1370.762097190836,1356.5279835173724,1357.722412109375,14604684,1379.018994140625,1382.669228515625,1378.9038854092885,43.460746962503826,-5.003190481800857,-2.6717608641603805,-0.006410272444172027,1385.9917189733778,1374.9427809871281,1380.467249980253,1405.6380983075192,1402.71435546875,1,0,1,0,25.170848327266185,44.991943359375,1410.2029291977733,1379.018994140625,1347.8350590834766,0.1585327991444732,4.52262589415333,-21.296582031249955,0,0,1,-0.13633139949932227,1
2025-10-01,1360.7086293823172,1372.255218175594,1356.4283707523282,1362.4007568359375,12045916,1378.8248901367188,1381.5898779296874,1377.3321588784931,42.53568705736011,-5.713117931108172,-3.280032277549939,0.003445729911237372,1383.4534468707352,1374.9427809871281,1379.1981139289317,1403.2586797728595,1406.0987548828125,1,0,1,0,24.06056584392786,43.697998046875,1410.369752194337,1378.8248901367188,1347.2800280791005,0.23967023106993232,4.575615407477945,-16.42413330078125,0,0,1,0.08113743192545911,0
2025-10-03,1356.926091696157,1365.287456651113,1350.6551591113212,1357.125244140625,12842347,1379.0289489746094,1380.718310546875,1375.40769080822,32.71326982423186,-6.625060758184873,-3.949037973676926,-0.0038722179717254335,1377.4312893977012,1374.9427809871281,1376.1870351924147,1398.8962892682555,1378.5262451171875,1,0,1,0,22.709254075840818,21.4010009765625,1409.9507297301604,1379.0289489746094,1348.1071682190584,0.14582077262719897,4.48457311625593,-21.90370483398442,0,0,1,-0.09384945844273335,1
2025-10-06,1353.740909090909,1371.0608538471567,1352.7455113636363,1368.671875,12396580,1379.0289489746094,1379.8436962890626,1374.7661845407704,37.68996318463471,-6.342947853201622,-4.427819949581865,0.008508154209957652,1370.115169444602,1374.9427809871281,1372.528975215865,1379.8700413078882,1379.521728515625,0,0,1,0,7.341066092023084,10.849853515625,1409.9507297301604,1379.0289489746094,1348.1071682190584,0.332527853804957,4.48457311625593,-10.35707397460942,0,0,1,0.186707081177758,1
2025-10-07,1369.667209612737,1389.47564777439,1369.5676941462978,1378.4267578125,11244040,1379.3424987792969,1379.594462890625,1375.1148105666496,39.999976071202525,-5.27146762803568,-4.596549485272629,0.00712726183001311,1370.115169444602,1374.9427809871281,1372.528975215865,1379.8700413078882,1350.9537353515625,0,0,0,0,7.341066092023084,-27.4730224609375,1410.1059130469398,1379.3424987792969,1348.579084511654,0.48511639574804843,4.460591085226217,-0.915740966796875,0,0,1,0.15258854194309146,0
2025-10-08,1378.426755451918,1382.6073771032557,1358.2201339506064,1361.1068115234375,8525081,1378.9045288085938,1379.2209155273438,1373.7807154196769,29.174051559579297,-5.753563251001424,-4.827952238418388,-0.012565010212474692,1370.0654034428555,1381.8608098505315,1375.9631066466936,1379.8700413078882,1347.6689453125,0,0,1,0,3.906934661194555,-13.4378662109375,1410.4349655056687,1378.9045288085938,1347.3740921115188,0.21776925489256901,4.57325884980855,-17.797717285156295,0,0,1,-0.2673471408554794,1
2025-10-09,1367.676424553763,1373.6488106871857,1362.7989515764332,1371.458984375,8826633,1378.9443481445312,1379.1357104492188,1373.5595981773267,34.57713845844091,-5.23989146600934,-4.910340083936578,0.007605702038898432,1370.0654034428555,1383.0553067703522,1376.5603551066038,1379.8700413078882,1360.2109375,0,0,1,0,3.3096862012844213,-11.248046875,1410.4350362371836,1378.9443481445312,1347.4536600518788,0.38114956796898725,4.567361711881317,-7.4853637695312045,0,0,1,0.16338031307641823,1
2025-10-10,1371.45898859096,1381.6119964455866,1368.7713419175536,1375.3409423828125,6373084,1378.8647094726562,1378.5431958007812,1373.7292500064207,39.007653928303164,-4.468056335081883,-4.82188333416564,0.0028305316105254885,1370.0654034428555,1383.0553067703522,1376.5603551066038,1379.8700413078882,1366.2828369140625,0,0,1,0,3.3096862012844213,-9.05810546875,1410.383377677778,1378.8647094726562,1347.3460412675342,0.44410031751799983,4.5716839351376475,-3.523767089843659,0,0,1,0.06295074954901259,0
2025-10-13,1370.5631549835205,1371.3594002602315,1361.505059967041,1368.671875,7600682,1377.8693115234375,1377.9561010742189,1373.2475952439042,42.696664048613115,-4.344429555518673,-4.726392578436246,-0.0048490284679943985,1370.0654034428555,1383.0553067703522,1376.5603551066038,1379.8700413078882,1353.0440673828125,0,0,1,0,3.3096862012844213,-15.6278076171875,1409.3552643147552,1377.8693115234375,1346.3833587321199,0.3539438113180784,4.570237906889054,-9.197436523437545,0,0,1,-0.09015650619992144,1
2025-10-14,1373.6488553790207,1381.612037149334,1363.7943936365562,1369.5677490234375,9768174,1376.7046997070313,1377.7815161132812,1372.8971336990978,43.49857117127245,-4.126596064754494,-4.606433275699896,0.0006545571950453688,1370.0654034428555,1383.0553067703522,1376.5603551066038,1379.8700413078882,1368.671875,0,0,1,0,3.3096862012844213,-0.8958740234375,1407.6041991863021,1376.7046997070313,1345.8052002277605,0.38451349044696226,4.4889073867251845,-7.1369506835937955,0,0,1,0.030569679128883864,0
2025-10-15,1376.6350089791804,1377.6304066718624,1366.382364141153,1367.97509765625,10882743,1375.1618347167969,1377.5056762695312,1372.4283683616836,45.72272666980187,-4.035951176042545,-4.492336855768426,-0.001162886150263942,1370.0654034428555,1383.0553067703522,1376.5603551066038,1379.8700413078882,1372.15576171875,0,0,1,0,3.3096862012844213,4.1806640625,1404.531402765586,1375.1618347167969,1345.7922666680076,0.37764993600504876,4.271434431546401,-7.186737060546875,0,0,1,-0.0068635544419135,1
2025-10-16,1368.7713249510273,1394.0544503152107,1368.671809484766,1391.8646240234375,12315932,1374.390399169922,1377.3546752929688,1374.2794403294697,61.25108943720047,-2.013222152164417,-3.9965139150476245,0.017463421964418302,1373.3999808394235,1383.0553067703522,1378.227643804888,1379.8700413078882,1369.8662109375,0,1,0,0,1.6423975030002111,-21.9984130859375,1401.026860059032,1374.390399169922,1347.7539382808118,0.8280132620895522,3.876112770461365,17.47422485351558,0,0,1,0.4503633260845034,1
2025-10-17,1394.5522084059296,1416.7496262080865,1392.6609284325848,1410.279541015625,19335561,1374.4799926757812,1377.9645825195312,1377.7080213471986,65.26483484891753,1.0634759844635937,-2.984515935145381,0.013230393728203227,1387.4848800793466,1383.702392659704,1385.5936363695253,1379.8700413078882,1370.66259765625,1,1,0,1,5.72359506163707,-39.616943359375,1401.5825802520712,1374.4799926757812,1347.3774050994912,1.1604452109798191,3.9436860079029348,35.799548339843795,1,0,1,0.33243194889026695,1
2025-10-20,1433.3726108781725,1467.0170999313525,1426.7034952504036,1460.04931640625,24721978,1377.4363220214843,1379.5480737304688,1385.5500494480607,77.07377308587833,7.432113575837548,-0.9011900329487956,0.035290716445324666,1412.6186169409793,1408.8361295213367,1410.727373231158,1400.7236037381126,1376.9337158203125,1,1,0,1,10.00376949304541,-83.1156005859375,1422.4270864870834,1377.4363220214843,1332.4455575558852,1.418110587428819,6.5325363860845505,82.61299438476567,1,0,0,0.2576653764489998,0
2025-10-21,1461.2438272093502,1467.2162134241023,1453.2806455896807,1458.4566650390625,2066169,1381.1491577148438,1381.1671264648437,1392.4935366472037,80.40870442554315,12.210041339493728,1.7210562415397093,-0.0010908202546936474,1414.3606366955717,1408.9356862677118,1411.6481614816416,1400.8231604844877,1388.579833984375,1,1,0,1,10.825000997153893,-69.8768310546875,1438.3570081580817,1381.1491577148438,1323.9413072716059,1.1756721911874997,8.284094462018885,77.3075073242187,1,0,0,-0.24243839624131924,0
2025-10-23,1468.2115624957596,1476.0752283864208,1437.9514490416038,1441.7340087890625,18707090,1384.0656677246093,1382.880029296875,1397.1831054226186,72.32497904557759,14.480285198888168,4.272902033009402,-0.0114659946029676,1418.7901441767308,1413.365193748871,1416.077668962801,1405.2526679656469,1392.8599853515625,1,1,0,1,10.82500099715412,-48.8740234375,1447.0879032895868,1384.0656677246093,1321.0434321596317,0.9575237656001242,9.106827375985059,57.668341064453216,0,0,0,-0.21814842558737546,1
2025-10-24,1443.3266994671071,1453.0816457634617,1434.3681199531734,1444.9193115234375,9700837,1387.4798828125,1384.2917895507812,1401.7294107655537,75.00001738021729,16.348047013989117,6.687931029205345,0.002209355342217556,1418.7901441767308,1413.365193748871,1416.077668962801,1405.2526679656469,1398.8323974609375,1,1,0,1,10.82500099715412,-46.0869140625,1455.7057208368162,1387.4798828125,1319.2540447881836,0.920950701187911,9.834497619672684,57.43942871093759,0,0,0,-0.036573064412213196,1
2025-10-27,1456.266786847925,1478.16553552233,1451.289798512833,1477.2696533203125,14113867,1393.0391723632813,1386.4655615234376,1408.9237195802928,77.6482573479915,20.205744681821898,9.391493759728656,0.022389029988648,1420.979964579443,1414.4103473168257,1417.6951559481345,1406.2978215336016,1407.2933349609375,1,1,0,1,11.397334414532907,-69.976318359375,1470.8339331877578,1393.0391723632813,1315.2444115388048,1.0413634547130701,11.169070097648184,84.2304809570312,1,0,0,0.12041275352515912,1
2025-10-28,1477.26972256393,1485.1333888036677,1470.79963742504,1480.056884765625,17631577,1398.479022216797,1388.6514575195313,1415.6983067408005,76.82608544351518,23.22023573707952,12.15724215519883,0.0018867452120525652,1425.7578764724103,1417.8942739574945,1421.8260752149524,1409.7817481742704,1408.4876708984375,1,1,0,1,12.044327040681992,-71.5692138671875,1484.2298586689276,1398.479022216797,1312.7281857646663,0.9756680279985834,12.26344265303356,81.57786254882808,0,0,0,-0.0656954267144867,1
2025-10-29,1483.1425015536738,1501.3583271895798,1481.2512217130793,1497.277099609375,11884745,1405.018780517578,1391.247451171875,1423.4677155854267,85.96217145030933,26.691090759508597,15.064011876060786,0.01163483310742941,1435.015068337173,1426.0067431504503,1430.5109057438117,1417.8942173672262,1400.9227294921875,1,1,0,1,12.616688376585444,-96.3543701171875,1499.5152433134585,1405.018780517578,1310.5223177216976,0.9881575265472206,13.451273976717953,92.25831909179692,0,0,0,0.012489498548637123,0
2025-10-30,1493.0964871305005,1496.1821955688697,1477.1701246011085,1481.6494140625,9318663,1411.2151306152343,1393.3736206054687,1429.0088297261002,78.3120536055934,27.859596664971377,17.623128833842905,-0.010437403705000348,1447.0096278110823,1426.0067431504503,1436.5081854807663,1417.8942173672262,1384.199951171875,1,1,0,1,18.613968113540068,-97.449462890625,1508.6987906274674,1411.2151306152343,1313.7314706030013,0.8612619973358971,13.815563325165595,70.43428344726567,0,0,0,-0.1268955292113234,0
2025-10-31,1483.540795005222,1490.6080945575152,1475.4780977270138,1479.5592041015625,8758053,1417.0730529785155,1394.6935205078125,1433.8231510951919,77.02642128695194,28.290864067923167,19.75667588065896,-0.0014107318108448341,1464.0309112199916,1426.0067431504503,1445.018827185221,1417.8942173672262,1383.40380859375,1,1,0,1,27.124609817994724,-96.1553955078125,1516.1862045295163,1417.0730529785155,1317.9599014275148,0.8152263354822966,13.988432190235637,62.486151123046966,0,0,0,-0.04603566185360053,0
2025-11-03,1479.1610089962214,1488.1195884585134,1472.4918928888085,1477.866943359375,8452085,1423.1101379394531,1396.1209204101563,1438.017797977495,79.06732505195897,28.171353466096207,21.43961139774641,-0.0011437600722541408,1467.8632235713767,1426.0067431504503,1446.9349833609135,1417.8942173672262,1376.635009765625,1,1,0,1,29.040765993687273,-101.23193359375,1521.5888802938541,1423.1101379394531,1324.6313955850521,0.7780133260783605,13.839932655808376,54.756805419921875,0,0,0,-0.037213009403936126,0
2025-11-04,1477.07065615293,1485.9297198935935,1463.334119430687,1466.3203125,10007806,1427.9925598144532,1397.0824731445311,1440.713275551067,74.3731261128007,26.83557998054289,22.518805114305707,-0.0078130381840249,1467.8632235713767,1426.0067431504503,1446.9349833609135,1417.8942173672262,1366.0838623046875,1,1,0,1,29.040765993687273,-100.2364501953125,1524.8606632591896,1427.9925598144532,1331.1244563697169,0.6978347429265658,13.56703195390919,38.327752685546784,0,0,0,-0.08017858315179471,1
2025-11-06,1477.1701896475463,1494.689164899616,1469.406038969176,1489.2144775390625,16772678,1433.5319458007812,1398.8124755859376,1445.332437645162,77.58153856749388,27.309530386937467,23.476950168832058,0.015613345081491259,1467.8632235713767,1426.0067431504503,1446.9349833609135,1417.8942173672262,1371.2598876953125,1,1,0,1,29.040765993687273,-117.95458984375,1531.0971095269513,1433.5319458007812,1335.966782074611,0.785360725138339,13.611857623677793,55.68253173828134,0,0,0,0.08752598221177321,0
2025-11-07,1487.7213309001131,1491.5038906434634,1469.1074431042953,1471.19775390625,7821765,1439.0364929199218,1400.1144555664061,1447.7958010985988,68.54351025504506,25.932407818538195,23.968041698773284,-0.012098138921255441,1476.3240628512062,1426.0067431504503,1451.1654030008283,1417.8942173672262,1366.48193359375,1,1,0,1,33.271185633602045,-104.7158203125,1531.9473298658688,1439.0364929199218,1346.1256559739747,0.6730759405656778,12.912922973540915,32.161260986328216,0,0,0,-0.11228478457266122,1
2025-11-10,1471.0982430243505,1494.0919049344996,1468.7092643110286,1482.44580078125,7068438,1444.5858337402344,1402.1928466796876,1451.095801068375,67.45305689618728,25.45521971288599,24.265477301595826,0.007645503023053557,1482.3462233101334,1426.0067431504503,1454.176483230292,1417.8942173672262,1357.722412109375,1,1,0,1,36.28226586306573,-124.723388671875,1533.8762170824987,1444.5858337402344,1355.2954503979702,0.7120047289745207,12.362073787070026,37.85996704101558,0,0,0,0.03892878840884295,1
2025-11-11,1490.1103850249956,1491.9021495222175,1473.3876547459602,1486.5269775390625,7127506,1450.1451354980468,1404.3329516601561,1454.470198827488,58.22005282844398,25.116830371897095,24.43574791565608,0.0027530023395538894,1482.3462233101334,1426.0067431504503,1454.176483230292,1417.8942173672262,1362.4007568359375,1,1,0,1,36.28226586306573,-124.126220703125,1535.2450187299373,1450.1451354980468,1365.0452522661562,0.7137596472481521,11.736740157758529,36.381842041015716,0,0,0,0.0017549182736313895,1
2025-11-12,1498.0734942427068,1517.6827797499902,1493.0965058897411,1504.5435791015625,12384459,1456.938720703125,1407.4047485351562,1459.2390921869237,62.98374727459059,26.002700609761405,24.749138454477148,0.01211992909292925,1490.5084495903386,1435.2141455568133,1462.861297573576,1426.0564436474315,1357.125244140625,1,1,0,1,36.80485392614446,-147.4183349609375,1536.44745371018,1456.938720703125,1377.42998769607,0.7993687397472009,10.914492404825896,47.6048583984375,0,0,0,0.0856090924990488,0
2025-11-13,1508.0275174062697,1515.0948167835015,1499.865304859355,1503.9464111328125,7196443,1463.6576538085938,1410.5302978515624,1463.496932086532,69.27826238264198,26.35279408511383,25.069869580604486,-0.00039690971869799085,1490.5084495903386,1437.9514568502982,1464.2299532203183,1426.0564436474315,1368.671875,1,1,0,1,38.173509572886815,-135.2745361328125,1534.7651051026755,1463.6576538085938,1392.550202514512,0.783294905041632,9.716404803958438,40.28875732421875,0,0,0,-0.01607383470556889,1
2025-11-14,1498.5711928131457,1513.900341239272,1498.5711928131457,1511.9095458984375,7682823,1470.8543762207032,1413.5642700195312,1468.1076572114755,70.16179874352474,26.962002925054094,25.44829624949441,0.005294826136542197,1490.5084495903386,1437.9514568502982,1464.2299532203183,1426.0564436474315,1378.4267578125,1,1,0,1,38.173509572886815,-133.4827880859375,1529.8773978589848,1470.8543762207032,1411.8313545824217,0.8477894602663518,8.025678488979805,41.055169677734284,0,0,0,0.06449455522471981,0
2025-11-17,1513.900387650411,1516.6874283079178,1504.5436249599409,1511.3123779296875,5871416,1476.8267639160156,1416.4648608398438,1472.222392517972,62.66673812802726,27.084406674792717,25.77551833455407,-0.0003949759893837612,1490.5084495903386,1439.5939198585156,1465.051184724427,1432.9744725108349,1361.1068115234375,1,1,0,1,32.076712213592145,-150.20556640625,1526.0256786825048,1476.8267639160156,1427.6278491495264,0.8504712876020697,6.6627875345421455,34.48561401367192,0,0,0,0.002681827335717868,1
2025-11-18,1514.696568271851,1520.7685911952462,1503.5481631005248,1512.4072265625,11045042,1481.9331481933593,1419.6521240234374,1476.0495195698318,62.190560128946316,26.958991193874454,26.01221290641815,0.0007244356949636099,1494.7389277531374,1441.1368255811435,1467.9378766671405,1435.7118751532837,1371.458984375,1,1,0,1,32.22600151385677,-140.9482421875,1522.9663038351737,1481.9331481933593,1440.899992551545,0.8713348131832008,5.537787678457468,30.47407836914067,0,0,0,0.020863525581131137,0
2025-11-19,1510.4164493928115,1515.2939222795571,1505.0412776708577,1511.9095458984375,5692366,1484.5261596679688,1422.5168774414062,1479.4647601725562,56.30907404736766,26.51380520919747,26.112531366974018,-0.0003290652512906167,1494.7389277531374,1441.1368255811435,1467.9378766671405,1435.7118751532837,1375.3409423828125,1,1,0,1,32.22600151385677,-136.568603515625,1526.2485935978443,1484.5261596679688,1442.8037257380934,0.8281614188243785,5.620976586792809,27.38338623046866,0,0,0,-0.04317339435882228,1
2025-11-20,1522.9585089376258,1543.7623455509597,1519.673647863964,1541.9705810546875,18171724,1488.70185546875,1425.913173828125,1485.4176954946638,73.12984045286933,28.260892439259806,26.542203581431178,0.019882826481121718,1506.2358049309942,1453.7783695937578,1480.007087262376,1447.2087523311404,1368.671875,1,1,0,1,32.79833493123556,-173.2987060546875,1535.5533693290279,1488.70185546875,1441.850341608472,1.068484571755752,6.294277620219088,53.268725585937545,1,0,0,0.24032315293137352,0
2025-11-21,1533.9078528560988,1550.6305827884978,1533.0119706260582,1539.4820556640625,9615271,1493.5892578125,1429.3054907226563,1490.5666821774637,72.90713540412554,29.109116677358543,27.055586200616652,-0.001613860485537244,1512.009118767229,1458.5064734648254,1485.2577961160273,1450.6428709499096,1369.5677490234375,1,1,0,1,34.6149251661177,-169.914306640625,1540.215940799293,1493.5892578125,1446.9625748257067,0.992130202190895,6.243575031475827,45.89279785156259,0,0,0,-0.07635436956485708,0
2025-11-24,1542.8663816107544,1542.8663816107544,1524.7501927010492,1528.831298828125,18433951,1497.7848571777345,1432.4688647460937,1494.2109313822887,68.2336386394168,28.59231897753375,27.362932756000074,-0.006918402716518335,1521.8635443391195,1459.6511961366318,1490.7573702378756,1450.6428709499096,1367.97509765625,1,1,0,1,40.114499287966055,-160.856201171875,1541.1240185315264,1497.7848571777345,1454.4456958239425,0.858180000265212,5.787101017359146,31.046441650390534,0,0,0,-0.13395020192568297,1
2025-11-25,1528.8313312270848,1552.4222077972818,1518.0809876078647,1532.61376953125,15033482,1500.5520629882812,1435.5824658203126,1497.8683445393326,75.11315523214626,28.163317656523986,27.523009736104857,0.0024740929270772316,1525.4967003052138,1472.5415681149334,1499.0191342100736,1451.5386834543015,1391.8646240234375,1,1,0,1,47.480450755772154,-140.7491455078125,1545.341449053975,1500.5520629882812,1455.7626769225874,0.857916343125835,5.969721034070332,32.06170654296875,0,0,0,-0.00026365713937703816,1
2025-11-26,1535.2018536795324,1564.366932099549,1533.4100892950655,1562.6748046875,14054299,1504.682958984375,1439.064365234375,1504.0403883629676,76.39488442229569,29.904287315985812,27.999265252081052,0.019614227507197768,1531.4690624563473,1495.5352136749764,1513.5021380656617,1457.5110456054351,1410.279541015625,1,1,0,1,55.99109246022658,-152.395263671875,1555.9242356896784,1504.682958984375,1453.4416822790718,1.0658704215806836,6.810906762696371,57.99184570312491,1,0,0,0.2079540784548486,0
2025-11-27,1567.7513003642512,1568.2489991897637,1548.8387449947777,1556.2047119140625,9794643,1507.6293395996095,1442.331259765625,1509.0084191773576,83.30739377775907,30.41137252804242,28.48168670727333,-0.004140396168178739,1535.8985811451444,1501.3085595714685,1518.6035703583066,1459.4520791505424,1460.04931640625,1,1,0,1,59.15149120776414,-96.1553955078125,1563.404537114663,1507.6293395996095,1451.8541420845559,0.9354567485067412,7.399059709181061,48.575372314453034,0,0,0,-0.13041367307394236,1
2025-11-28,1560.7835875199362,1574.0224254817672,1555.806599039324,1560.285888671875,8959508,1511.5611633300782,1445.5603295898438,1513.891987700645,82.31411173768684,30.787657121837583,28.94288079018618,0.002622519213936192,1538.7852942911459,1504.1952727174703,1521.490283504308,1462.3387922965442,1458.4566650390625,1,1,0,1,59.15149120776391,-101.8292236328125,1570.455873044199,1511.5611633300782,1452.6664536159574,0.9136596103309628,7.792567200439517,48.724725341796784,0,0,0,-0.02179713817577844,0
2025-12-01,1567.7513979315313,1570.2398922139623,1556.403839701944,1558.892333984375,8920233,1515.5278198242188,1448.5923095703124,1518.1777349657623,80.727019409092,30.620443741656118,29.27839338048017,-0.0008931406081523763,1539.5318515763124,1504.1952727174703,1521.8635621468914,1462.3387922965442,1441.7340087890625,1,1,0,1,59.524769850347184,-117.1583251953125,1575.9337155757846,1515.5278198242188,1455.121924072653,0.8589427291874248,7.971598404385887,43.364514160156205,0,0,0,-0.05471688114353801,0
2025-12-02,1553.9152843475838,1560.2858537619331,1534.9032130787248,1539.1834716796875,11389150,1518.5936462402344,1451.2062255859375,1520.1782813194695,64.5000480320159,28.56826824579366,29.13636835354287,-0.012642863060538412,1546.051706544816,1512.6561119973,1529.353909271058,1462.3387922965442,1444.9193115234375,1,1,0,1,67.01511697451383,-94.26416015625,1577.2411076074397,1518.5936462402344,1459.946184873029,0.6755389317752001,7.723917653995975,20.58982543945308,0,0,0,-0.18340379741222468,0
2025-12-03,1538.0884656023031,1545.255401892265,1525.9446623591427,1531.718017578125,6090883,1521.8635314941407,1453.8221313476563,1521.2773038202938,60.992926992140355,26.039339330724943,28.516962548979286,-0.004850269145247221,1546.051706544816,1518.6782724562272,1532.3649895005215,1462.3387922965442,1477.2696533203125,1,0,0,1,70.02619720397729,-54.4483642578125,1575.572987524363,1521.8635314941407,1468.1540754639184,0.5917388371838952,7.058380060857528,9.854486083984284,0,0,0,-0.08380009459130489,0
2025-12-04,1528.9308982335338,1553.3181423785347,1510.6155558800758,1528.53271484375,11867930,1523.829443359375,1456.7087866210939,1521.9682953463373,56.83867345493698,23.507141936054495,27.51499842639433,-0.002079562098127874,1542.3189906809216,1518.6782724562272,1530.4986315685744,1462.3387922965442,1480.056884765625,1,0,0,1,68.15983927203024,-48.475830078125,1575.4525959722553,1523.829443359375,1472.206290746495,0.5455538963267561,6.7754502103691845,4.703271484374909,0,0,0,-0.04618494085713909,1
2025-12-05,1523.356635808528,1538.685784402705,1513.6016899280953,1533.5096435546875,10183266,1526.9450378417969,1459.7109033203126,1523.0674713661801,58.81419422637317,21.65235889510768,26.342470520137002,0.003256017134998901,1542.3189906809216,1518.6782724562272,1530.4986315685744,1462.3387922965442,1497.277099609375,1,1,0,1,68.15983927203024,-36.2325439453125,1572.670790738861,1526.9450378417969,1481.2192849447329,0.571782368763491,5.989181242789638,6.564605712890625,0,0,0,0.026228472436734873,1
2025-12-08,1532.1161217020071,1543.861863398969,1527.9354998822807,1535.898681640625,11301491,1529.6176818847657,1462.8961767578126,1524.2894913923178,59.23319771235558,20.143009306975273,25.102578277504655,0.001557889183141814,1542.3189906809216,1518.6782724562272,1530.4986315685744,1462.3387922965442,1481.6494140625,1,1,0,1,68.15983927203024,-54.249267578125,1570.6331606817125,1529.6176818847657,1488.602203087819,0.5765686509104807,5.362840568946394,6.280999755859284,0,0,0,0.004786282146989729,0
2025-12-09,1533.211064854301,1535.4008911036892,1513.1039592099478,1522.3612060546875,11503971,1531.4093933105469,1466.0217236328126,1524.1058451696863,53.72603664936959,17.651007909907776,23.61226420398528,-0.008814042063944538,1542.3189906809216,1518.6782724562272,1530.4986315685744,1462.3387922965442,1479.5592041015625,1,0,0,1,68.15983927203024,-42.802001953125,1567.5839438910646,1531.4093933105469,1495.2348427300292,0.37493711586381945,4.724347485203395,-9.048187255859375,0,0,1,-0.20163153504666126,1
2025-12-10,1526.9401045329791,1540.3779737710463,1524.3520947592017,1529.8267822265625,7991629,1532.6735534667969,1469.1930615234376,1524.6506963179602,44.83928867861886,16.09297861355276,22.10840708589878,0.004903945359473916,1542.3189906809216,1518.6782724562272,1530.4986315685744,1462.3387922965442,1477.866943359375,1,0,0,1,68.15983927203024,-51.9598388671875,1566.7081276972194,1532.6735534667969,1498.6389792363743,0.4581782451432913,4.441203301699674,-2.846771240234375,0,0,1,0.08324112927947186,1
2025-12-11,1529.826707449835,1542.866392660295,1516.98605317051,1537.889404296875,4706197,1534.370703125,1472.6212109375,1525.9115256492853,49.353790924841235,15.332076753201818,20.75314101935939,0.005270284298839245,1540.4277240470192,1521.365844896398,1530.8967844717085,1462.3387922965442,1466.3203125,1,1,0,1,68.55799217516437,-71.569091796875,1565.790796279504,1534.370703125,1502.950609970496,0.5559944420688407,4.095502226484353,3.518701171874909,0,0,1,0.09781619692554944,1
2025-12-12,1543.6628294631555,1552.62140892391,1538.9843872841,1549.3365478515625,5106655,1536.2420532226563,1476.4534936523437,1528.1424801447404,58.266463391228775,15.474366499418466,19.697386115371206,0.007443411420030577,1535.4507048210044,1521.365844896398,1528.4082748587011,1462.3387922965442,1489.2144775390625,1,1,0,1,66.06948256215696,-60.1220703125,1566.525861338056,1536.2420532226563,1505.9582451072565,0.7161963016508391,3.942582882934604,13.094494628906205,0,0,1,0.1602018595819984,0
2025-12-15,1544.060853330096,1551.4268205626304,1539.3825327747268,1549.037841796875,5774543,1538.1283264160156,1480.1862353515626,1530.1325145878009,56.81253848148028,15.385672609619633,18.83504341422089,-0.00019279610688960336,1531.9668491293053,1521.365844896398,1526.6663470128515,1462.3387922965442,1471.19775390625,1,1,0,1,64.3275547163073,-77.840087890625,1566.6121047246436,1538.1283264160156,1509.6445481073877,0.6915040073450297,3.7036933550268665,10.909515380859375,0,0,1,-0.024692294305809437,0
2025-12-16,1537.8894294536826,1544.5585453663573,1531.7180123854912,1535.201904296875,11731856,1539.2680603027343,1483.7477685546876,1530.6153136077128,36.832121810684185,14.037126284454189,17.87545998826755,-0.008931955777110256,1531.9668491293053,1523.7050401138636,1527.8359446215845,1462.3387922965442,1482.44580078125,1,1,0,1,65.49715232504036,-52.756103515625,1565.258971159299,1539.2680603027343,1513.2771494461695,0.42177734692910446,3.3770480304064883,-4.066156005859284,0,0,1,-0.26972666041592525,1
2025-12-17,1542.8664391614582,1542.8664391614582,1532.2157323461342,1537.292236328125,7116649,1540.5371948242187,1487.12017578125,1531.2512110096568,40.537906150412915,12.987355778233905,16.89783914626082,0.0013616007284771303,1532.862684066929,1533.5594656857543,1533.2110748763416,1462.3387922965442,1486.5269775390625,0,1,0,1,70.87228257979746,-50.7652587890625,1563.3443812226571,1540.5371948242187,1517.7300084257802,0.42886105196395846,2.960939401536602,-3.244958496093659,0,0,1,0.007083705034854004,0
2025-12-18,1528.1345045583196,1544.3595357154854,1528.1345045583196,1537.292236328125,6580829,1540.3032775878905,1490.2974853515625,1531.8265467542728,38.006265440745736,12.01688195395036,15.92164770779873,0.0,1532.862684066929,1536.2968091474563,1534.5797466071926,1463.3839684227019,1504.5435791015625,0,1,0,1,71.19577818449079,-32.7486572265625,1563.1428028506984,1540.3032775878905,1517.4637523250826,0.43408266535494194,2.965588088415228,-3.011041259765534,0,0,1,0.005221613390983482,1
2025-12-19,1547.2461442463334,1566.9549449740823,1543.8617679066683,1557.8968505859375,13937275,1541.2240173339844,1494.2332861328125,1534.309432833479,49.56743688185378,12.763267622682406,15.289971690775467,0.013403186310904314,1540.0294520920152,1536.2968091474563,1538.1631306197357,1466.1212797161868,1503.9464111328125,1,1,0,1,72.04185090354895,-53.950439453125,1565.3077203006835,1541.2240173339844,1517.1403143672853,0.8461434745937297,3.125269616335097,16.67283325195308,0,0,1,0.4120608092387878,1
2025-12-22,1566.2582562309594,1570.2398469681211,1558.0960438231807,1568.1495361328125,10184852,1543.1899291992188,1498.1670971679687,1537.532299814368,63.71345813318045,14.020470425312169,15.036071437682809,0.00658110679344337,1543.6129500693155,1538.7852942911459,1541.1991221802307,1466.1212797161868,1511.9095458984375,1,1,0,1,75.0778424640439,-56.239990234375,1569.244608795499,1543.1899291992188,1517.1352496029385,0.9789851059453654,3.3767301228825897,24.959606933593705,0,0,1,0.13284163135163563,0
2025-12-23,1573.6241984599117,1573.6241984599117,1560.8830596994949,1563.4710693359375,7506564,1544.7327941894532,1501.9296997070312,1540.0026588164221,65.44036203865181,14.472469908815128,14.923351131909273,-0.002983431547231463,1545.3051258152109,1538.7852942911459,1542.0452100531784,1467.763742724404,1511.3123779296875,1,1,0,1,74.2814673287744,-52.15869140625,1571.7368401406998,1544.7327941894532,1517.7287482382067,0.8469531043665568,3.4962740550110514,18.738275146484284,0,0,1,-0.13203200157880857,0
2025-12-24,1565.4619535362338,1568.448146711295,1546.4498812900458,1551.0286865234375,8815745,1544.15048828125,1505.5768359375,1541.0527566932808,60.03550521414763,13.669117372000073,14.672504379927435,-0.00795817911602592,1550.8793515091156,1539.5318515763124,1545.205601542714,1467.763742724404,1512.4072265625,1,1,0,1,77.44185881831004,-38.6214599609375,1570.0620046584895,1544.15048828125,1518.2389719040107,0.6327247340921582,3.356086932444103,6.878198242187409,0,0,1,-0.21422837027439856,1
2025-12-26,1547.5447581940157,1553.8158123179846,1547.1466963201517,1552.0240478515625,2311495,1543.941455078125,1509.2259619140625,1542.0976415654982,58.563527177214816,12.963338739736173,14.330671251889184,0.0006417426942348925,1550.8793515091156,1542.3189906809216,1546.5991710950186,1467.763742724404,1511.9095458984375,1,1,0,1,78.83542837061464,-40.114501953125,1569.5260134685172,1543.941455078125,1518.3568966877328,0.6579584187091679,3.31418763402497,8.082592773437455,0,0,1,0.0252336846170097,0
2025-12-29,1547.7439417510202,1550.9291658570105,1536.495898892566,1538.4866943359375,5972105,1542.851495361328,1512.6361938476562,1541.7537418293496,51.085132845729035,11.182745072303305,13.70108601597201,-0.008722386443924313,1550.8793515091156,1542.3189906809216,1546.5991710950186,1468.9084095591616,1541.9705810546875,1,0,0,1,77.69076153585706,3.48388671875,1567.3941187000264,1542.851495361328,1518.3088720226297,0.41107712967040094,3.181462819005872,-4.364801025390534,0,0,1,-0.246881289038767,0
2025-12-30,1539.8801935176689,1546.449793829553,1530.7225835687998,1532.71337890625,8815884,1541.542547607422,1515.4531689453124,1540.8927548842923,54.64287552242957,9.199704984370328,12.800809809651675,-0.0037525936694431383,1550.8793515091156,1542.3189906809216,1546.5991710950186,1470.2023948114602,1539.4820556640625,1,0,0,1,76.39677628355844,6.7686767578125,1565.3034727527233,1541.542547607422,1517.7816224621206,0.31420822953693156,3.0827465881081166,-8.829168701171966,0,0,1,-0.09686890013346938,1
2025-12-31,1533.9078900841737,1569.7422080874378,1533.9078900841737,1563.172607421875,5771830,1542.7420043945312,1518.5110302734374,1543.0146456021573,62.39823173526862,9.97099716191542,12.234847280104425,0.019872749161595316,1550.8793515091156,1542.3189906809216,1546.5991710950186,1471.3471174832666,1528.831298828125,1,1,0,1,75.25205361175199,-34.34130859375,1568.2623027292461,1542.7420043945312,1517.2217060598164,0.9002814300872084,3.3084337189264055,20.43060302734375,0,0,1,0.5860732005502769,1
2026-01-01,1566.457230908256,1585.1707553042595,1563.8692213237453,1568.3485107421875,6408128,1544.5735290527343,1520.6770141601562,1545.4273946631124,61.57336244906062,10.874548880280145,11.96278760013957,0.0033111527772029525,1557.9466694365296,1547.8931555921677,1552.9199125143487,1488.9158418684221,1532.61376953125,1,1,0,1,64.0040706459265,-35.7347412109375,1571.862733387036,1544.5735290527343,1517.2843247184326,0.9356114857399614,3.5335584640036983,23.77498168945317,0,0,1,0.035330055652753045,1
2026-01-02,1572.7283614795997,1587.2611435561273,1570.9365970213464,1584.9718017578125,6602230,1547.3954833984376,1523.2073168945312,1549.1935286721314,63.02766868975366,12.784607784743457,12.127151637060347,0.010599232824698213,1558.9918635624635,1548.9383497181016,1553.9651066402826,1506.9823194032656,1562.6748046875,1,1,0,1,46.982787237016964,-22.2969970703125,1578.8246022422054,1547.3954833984376,1515.9663645546698,1.0977946525666922,4.062196016591985,37.57631835937491,1,0,1,0.16218316682673073,0
2026-01-05,1585.6684856930358,1604.3820104615531,1568.049995566515,1570.8370361328125,8704973,1549.2618530273437,1525.7893774414063,1551.254815096958,57.237273504654524,13.007839494397558,12.30328920852779,-0.008917991859113128,1567.5522970151765,1557.4987831708145,1562.5255400929955,1519.3750652073631,1556.2047119140625,1,1,0,1,43.15047488563232,-14.63232421875,1581.5913154140787,1549.2618530273437,1516.9323906406087,0.833676799932207,4.173531068819834,21.575183105468795,0,0,1,-0.2641178526344852,0
2026-01-06,1561.77894010158,1561.77894010158,1489.4135782872731,1500.6614990234375,27417125,1547.4999938964843,1526.9042211914064,1546.436404042337,41.65461850232322,7.436450101562286,11.32992138713469,-0.04467397667305939,1546.897794374413,1546.897794374413,1546.897794374413,1519.3750652073631,1560.285888671875,0,0,1,1,27.522729167049874,59.6243896484375,1585.8335504727554,1547.4999938964843,1509.1664373202132,-0.11093333173839015,4.95425611986598,-46.838494873046784,0,1,0,-0.9446101316705972,0
2026-01-07,1503.0504545946628,1513.004431115157,1491.1056827700695,1497.277099609375,11199340,1546.2457885742188,1527.3043701171875,1541.754565524912,40.39193847163927,2.716674981819324,9.607272106071616,-0.0022552717026890212,1546.897794374413,1546.897794374413,1546.897794374413,1519.3750652073631,1558.892333984375,0,0,1,1,27.522729167049874,61.615234375,1589.1555255474098,1546.2457885742188,1503.3360516010277,-0.07060113180649696,5.550183197298502,-48.96868896484375,0,1,0,0.04033219993189319,0
2026-01-08,1493.0965028672745,1496.9785780764305,1462.040144211037,1463.831787109375,16518684,1542.9460388183593,1526.9798681640625,1534.3333485329563,34.802289450184446,-3.680115923755011,6.94979450010629,-0.022337423385908717,1533.2110773362951,1533.2110773362951,1533.2110773362951,1527.8359044871931,1539.1834716796875,0,0,1,1,5.375172849102,75.3516845703125,1598.643335942222,1542.9460388183593,1487.2487416944966,-0.21021625639252964,7.219604020179156,-79.11425170898428,0,1,0,-0.13961512458603267,1
2026-01-09,1458.2576091430024,1473.0890589574892,1458.2576091430024,1468.51025390625,8335311,1539.4770812988281,1526.40453125,1528.064482378032,30.20287153055834,-8.276697020693518,3.9044961959463294,0.003196041265173921,1531.3198098022776,1531.3198098022776,1531.3198098022776,1531.3198098022776,1531.718017578125,0,0,1,0,0.0,63.207763671875,1603.9524839449084,1539.4770812988281,1475.0016786527478,-0.05034031956442913,8.376273142265111,-70.96682739257812,0,1,0,0.1598759368281005,1
2026-01-12,1468.510234890672,1478.464211615997,1444.322022844729,1476.373779296875,8883745,1535.8289428710937,1526.2990185546876,1523.1415582750644,29.45631412840025,-11.156395888607449,0.8923177790355741,0.0053547636931428055,1524.3520166531412,1524.3520166531412,1524.3520166531412,1524.3520166531412,1528.53271484375,0,0,1,0,0.0,52.158935546875,1605.6917041892063,1535.8289428710937,1465.966181552981,0.07448601764038595,9.097726884546214,-59.45516357421866,0,0,0,0.12482633720481509,0
2026-01-13,1478.165525590484,1478.9618923221497,1438.050951275772,1446.11376953125,13499760,1530.6827392578125,1525.6301098632812,1515.8055783947011,26.429435482882383,-15.699335713563187,-2.426012919484178,-0.020496171220296455,1521.2164808686625,1521.2164808686625,1521.2164808686625,1521.2164808686625,1533.5096435546875,0,0,1,0,0.0,87.3958740234375,1610.3679903133718,1530.6827392578125,1450.9974882022532,-0.03064380551175074,10.41172661216479,-84.5689697265625,0,1,0,-0.10512982315213669,1
2026-01-14,1437.3542473990606,1460.2483939989072,1433.5716876182923,1452.086181640625,8321764,1526.526953125,1525.1144946289062,1509.7370644181224,29.597706791274803,-18.60327750828128,-5.661465837243599,0.004129973889475558,1518.9768490399229,1518.9768490399229,1518.9768490399229,1518.9768490399229,1535.898681640625,0,0,1,0,0.0,83.8125,1613.199072088281,1526.526953125,1439.8548341617193,0.07056102715157804,11.355465265235134,-74.44077148437509,0,0,0,0.10120483266332878,0
2026-01-15,1452.086181640625,1452.086181640625,1452.086181640625,1452.086181640625,0,1522.266650390625,1524.8298120117188,1504.2465041535988,29.3075183762479,-20.666442418578754,-8.66246115351063,0.0,1518.9768490399229,1518.9768490399229,1518.9768490399229,1518.9768490399229,1522.3612060546875,0,0,1,0,0.0,70.2750244140625,1614.595209977462,1522.266650390625,1429.938090803788,0.11994171108023274,12.130405611020217,-70.18046875000005,0,0,0,0.0493806839286547,0
2026-01-16,1452.0861898343726,1473.1885721290346,1448.4031454989463,1451.1903076171875,17167161,1517.9615539550782,1524.0693286132812,1499.193533054893,30.926497086960183,-22.118832883859795,-11.353735499580464,-0.0006169565104086061,1497.675313859936,1518.9768490399229,1508.3260814499295,1518.9768490399229,1529.8267822265625,0,0,1,0,10.650767589993393,78.636474609375,1614.9957909436744,1517.9615539550782,1420.927316966482,0.1559397568832435,12.784808249691379,-66.77124633789072,0,0,0,0.03599804580301075,0
2026-01-19,1443.9238298491432,1443.9238298491432,1396.8415931572963,1407.0941162109375,20392765,1510.4214172363281,1522.787255859375,1490.4221600221354,26.490314651046432,-26.522324068452008,-14.387453213354773,-0.030386222382269512,1454.9230121362266,1500.6118018094248,1477.7674069728257,1500.6118018094248,1537.889404296875,0,0,1,0,22.844394836599122,130.7952880859375,1616.8525248505991,1510.4214172363281,1403.990309622057,0.014581294221465984,14.092902338343666,-103.32730102539062,0,0,0,-0.1413584626617775,0
2026-01-20,1404.207443054835,1409.4830993039366,1383.6027599099375,1387.5843505859375,13189498,1501.3931579589844,1520.8900268554687,1480.6280829329737,15.73425723837579,-31.226438646768656,-17.75525030003755,-0.013865288327362557,1440.290668993184,1493.9923851857452,1467.1415270894645,1493.9923851857452,1549.3365478515625,0,0,1,0,26.850858096280717,161.752197265625,1616.9475808603772,1501.3931579589844,1385.8387350575915,0.007553218148281446,15.392959837179385,-113.80880737304688,0,0,0,-0.007028076073184539,1
2026-01-21,1383.105138772638,1406.397469837406,1366.681076311502,1398.1356201171875,17352720,1493.1263854980468,1519.1221997070313,1472.7716579028988,17.465813513321805,-33.714444936155815,-20.947089227261202,0.007604056306050433,1422.8214843168257,1485.5315433865276,1454.1765138516766,1485.5315433865276,1549.037841796875,0,0,1,0,31.355029534850928,150.9022216796875,1613.2977504417609,1493.1263854980468,1372.9550205543328,0.10476954961212602,16.09660992008117,-94.99076538085933,0,0,0,0.09721633146384458,0
2026-01-22,1403.610286379211,1412.9670491536458,1388.5798052619484,1396.0452880859375,15721693,1485.377215576172,1516.9522338867187,1465.4643845869978,11.764723321036925,-35.44627754787052,-23.846926891383067,-0.0014950853130218933,1422.8214843168257,1485.5315433865276,1454.1765138516766,1485.5315433865276,1535.201904296875,0,0,1,0,31.355029534850928,139.1566162109375,1609.5358681810703,1485.377215576172,1361.2185629712735,0.14025089828209836,16.71745753239358,-89.33192749023442,0,0,0,0.03548134866997234,0
2026-01-23,1395.348519642108,1400.5245389866304,1374.6441992470054,1379.720703125,9837802,1476.7620483398437,1514.4677197265626,1457.298319685855,11.661361803121395,-37.70142637105073,-26.6178267873166,-0.011693449417618407,1422.8214843168257,1485.5315433865276,1454.1765138516766,1485.5315433865276,1537.292236328125,0,0,1,0,31.355029534850928,157.571533203125,1605.06943809127,1476.7620483398437,1348.4546585884173,0.121840388917409,17.37685362319107,-97.04134521484366,0,0,0,-0.018410509364689354,0
2026-01-27,1373.6487855396597,1385.195374217857,1361.7040134914885,1374.146484375,26302396,1468.5450378417968,1511.7124584960939,1449.3790972752975,15.741265338422068,-39.48330200036821,-29.19092182992692,-0.00404010662257559,1417.4462928102616,1483.0430119765208,1450.2446523933913,1483.0430119765208,1537.292236328125,0,0,1,0,32.79835958312947,163.145751953125,1600.9712951611832,1468.5450378417968,1336.1187805224104,0.14358067887123852,18.03502839981029,-94.39855346679678,0,0,0,0.02174028995382951,1
2026-01-28,1378.6257466723232,1403.4111724845943,1378.526231208921,1390.2718505859375,11121657,1461.4229614257813,1509.2916479492187,1443.7498356858346,22.894600299196597,-39.1430522458229,-31.181347913106116,0.011734823320726173,1417.4462928102616,1483.0430119765208,1450.2446523933913,1483.0430119765208,1557.8968505859375,0,0,1,0,32.79835958312947,167.625,1594.598187753216,1461.4229614257813,1328.2477350983465,0.23286656684590026,18.22541862863677,-71.1511108398438,0,0,0,0.08928588797466175,0
2026-01-29,1396.4434009824272,1396.4434009824272,1377.6303609139109,1384.59814453125,20846683,1452.49423828125,1506.7354663085937,1438.1163412901599,26.643190460974225,-38.88300346533288,-32.72167902355147,-0.00408100477061113,1417.4462928102616,1483.0430119765208,1450.2446523933913,1483.0430119765208,1568.1495361328125,0,0,1,0,32.79835958312947,183.5513916015625,1581.0499263137378,1452.49423828125,1323.9385502487623,0.23592730594370187,17.70136977405279,-67.89609375000009,0,0,0,0.003060739097801607,1
2026-01-30,1376.236766748553,1391.5659148620384,1372.1556606847782,1388.9779052734375,11239835,1443.5257080078125,1504.2768334960938,1433.4364902409484,26.5137756886042,-37.8867677693861,-33.75469677271839,0.0031631999215702145,1402.8139216703157,1483.0430119765208,1442.9284668234181,1483.0430119765208,1563.4710693359375,0,0,1,0,40.114545153102654,174.4931640625,1563.222195870679,1443.5257080078125,1323.829220144946,0.27214117260955417,16.583908024479552,-54.547802734374955,0,0,0,0.0362138666658523,0
2026-02-02,1333.8329085367304,1386.4894707948447,1329.35361891851,1384.0009765625,15711165,1433.4771667480468,1501.11744140625,1428.728346081096,22.248822427493664,-37.07150314386854,-34.418058046948424,-0.0035831590207748842,1371.160334036078,1466.8678146900315,1419.0140743630548,1466.8678146900315,1551.0286865234375,0,0,1,0,47.85374032697678,167.0277099609375,1536.581947065009,1433.4771667480468,1330.3723864310846,0.2600683982185487,14.385269986666524,-49.476190185546784,0,0,0,-0.012072774391005459,1
2026-02-03,1467.1166446366906,1482.6448239290096,1423.617693715007,1430.4859619140625,25456171,1426.4596130371094,1498.93751953125,1428.8957380651882,45.722051469177906,-32.302091820687565,-33.99486480169625,0.033587393461975035,1405.9992214237598,1466.8678146900315,1436.4335180568955,1466.8678146900315,1552.0240478515625,0,0,1,0,30.434296633136,121.5380859375,1508.0797956003535,1426.4596130371094,1344.8394304738654,0.5246651548091873,11.443742510096666,4.0263488769530795,0,0,0,0.2645967565906386,1
2026-02-04,1437.3543194605445,1457.2622740237098,1433.6713964697635,1450.095458984375,8333387,1423.9313110351563,1497.362802734375,1430.9147591051108,49.49291927752502,-26.632968176453005,-32.5224854766476,0.013708276482541581,1405.9992214237598,1466.8678146900315,1436.4335180568955,1466.8678146900315,1538.4866943359375,0,0,0,0,30.434296633136,88.3912353515625,1499.0767142448533,1423.9313110351563,1348.7859078254594,0.6740901427876188,10.554638784516712,26.16414794921866,0,0,0,0.1494249879784315,0
2026-02-05,1450.2944646433757,1454.7737543419996,1432.8750047042822,1436.757080078125,11763658,1420.9053100585938,1495.4456689453125,1431.4711706263502,46.343786976735515,-22.951867704956385,-30.60836192230936,-0.009198276446980902,1405.9992214237598,1466.8678146900315,1436.4335180568955,1466.8678146900315,1532.71337890625,0,0,0,0,30.434296633136,95.956298828125,1488.4862543099227,1420.9053100585938,1353.324365807265,0.6172798796697743,9.512378308803992,15.851770019531159,0,0,0,-0.05681026311784454,1
2026-02-06,1434.865799564727,1446.113842295832,1426.9026178813986,1444.123046875,8277304,1419.919873046875,1493.0746337890625,1432.6761112214595,48.364824247203444,-19.218656392153434,-28.330420816278178,0.0051268004167235315,1405.9992214237598,1466.8678146900315,1436.4335180568955,1466.8678146900315,1563.172607421875,0,0,0,0,30.434296633136,119.049560546875,1485.5138960646918,1419.919873046875,1354.325850029058,0.6844922198288622,9.239116130836978,24.203173828125045,0,0,0,0.06721234015908795,1
2026-02-09,1451.2898835062008,1459.153549837875,1446.3128948796364,1454.873291015625,5775864,1419.2380249023438,1491.0480053710937,1434.7901283447134,63.07191965421818,-15.217190373557969,-25.70777472773414,0.007444133077086468,1405.9992214237598,1466.8678146900315,1436.4335180568955,1466.8678146900315,1568.3485107421875,0,0,0,0,30.434296633136,113.4752197265625,1483.0569833020302,1419.2380249023438,1355.4190665026574,0.7791902830041827,8.993411574366137,35.635266113281205,0,0,0,0.09469806317532048,0
2026-02-10,1464.2299462371711,1464.2299462371711,1445.5164217743147,1451.7874755859375,10259630,1418.0087097167968,1488.878037109375,1436.408923320068,69.29980096639913,-12.154885289293588,-22.997196840046033,-0.002121020056346845,1405.9992214237598,1466.8678146900315,1436.4335180568955,1466.8678146900315,1584.9718017578125,0,0,0,0,30.434296633136,133.184326171875,1478.22340102908,1418.0087097167968,1357.7940184045137,0.7804860834871555,8.49285211009869,33.77876586914067,0,0,0,0.001295800482972842,1
2026-02-11,1452.882456999606,1463.234617369774,1446.91007080626,1461.9405517578125,7106877,1418.800048828125,1486.9390014648438,1438.8405069808055,69.22612890838226,-8.807194200569029,-20.15919631215063,0.0069935003177907795,1405.9992214237598,1445.566279510045,1425.7827504669024,1466.8678146900315,1570.8370361328125,0,0,0,0,41.085064223129166,108.896484375,1480.859106596235,1418.800048828125,1356.740991060015,0.8475761998424658,8.748104825534575,43.1405029296875,0,0,0,0.06709011635531026,0
2026-02-12,1463.2345557130195,1466.2207486838624,1438.8473131178023,1442.231689453125,11135399,1418.30732421875,1484.9999658203126,1439.163476740074,62.581326941787765,-7.656209352505584,-17.65859892022162,-0.01348130215075427,1405.9992214237598,1421.1790250168335,1413.5891232202966,1466.8678146900315,1500.6614990234375,0,0,0,0,53.278691469734895,58.4298095703125,1479.4511756664338,1418.30732421875,1357.1634727710662,0.6956399921490497,8.622087808982279,23.924365234375045,0,0,0,-0.1519362076934161,0
2026-02-13,1438.8473526451965,1444.0233720001163,1409.7817888672505,1413.0665283203125,10755693,1416.3563415527344,1482.6269360351562,1436.6780530810493,58.48961023543006,-8.99375590832119,-15.925630317841536,-0.02022224400288386,1446.21330639813,1413.16609849747,1429.6897024478,1466.8678146900315,1497.277099609375,1,0,1,0,37.178112242231464,84.2105712890625,1475.5225158670198,1416.3563415527344,1357.190167238449,0.472198530067647,8.354701790570902,-3.2898132324219205,0,0,0,-0.2234414620814027,1
2026-02-16,1413.564201587246,1432.9744560797708,1402.8139796964888,1430.4859619140625,5896514,1415.3211242675782,1480.6660009765626,1436.0883301127649,63.52771796827325,-8.549613853024994,-14.450427024878229,0.012327398069824858,1434.5173641901756,1405.9992214237598,1420.2582928069678,1466.8678146900315,1463.831787109375,1,0,0,0,46.609521883063735,33.3458251953125,1472.7109986326054,1415.3211242675782,1357.931249902551,0.6321211957185048,8.1098025573138,15.16483764648433,0,0,0,0.15992266565085778,0
2026-02-17,1424.5136248062845,1425.2104761017015,1412.071153550712,1416.450927734375,10731630,1415.78896484375,1478.3248266601563,1434.2181013148231,56.34961850594077,-9.22381167756248,-13.405103955415079,-0.009811374982602317,1434.5173641901756,1405.9992214237598,1420.2582928069678,1466.8678146900315,1468.51025390625,1,0,1,0,46.609521883063735,52.059326171875,1473.0553663308058,1415.78896484375,1358.522563356694,0.505779679475536,8.089680440951302,0.661962890625091,0,0,0,-0.12634151624296874,1
2026-02-18,1420.4325123887006,1435.4629932986809,1412.6683617554224,1434.666748046875,5521096,1418.143084716797,1476.3001879882813,1434.2608295750185,61.44744627407201,-8.193800812284962,-12.362843326789058,0.012860184532927255,1434.5173641901756,1405.9992214237598,1420.2582928069678,1466.8678146900315,1476.373779296875,1,0,0,0,46.609521883063735,41.70703125,1474.4409292973526,1418.143084716797,1361.8452401362413,0.6467521843259438,7.939656468698055,16.52366333007808,0,0,0,0.1409725048504078,0
2026-02-19,1436.3588845536149,1436.3588845536149,1393.5567833507007,1403.0130615234375,11884664,1418.3869567871093,1473.9132250976563,1431.2848516653441,52.853104428545336,-9.818516001617581,-11.853977861754764,-0.022063441957186347,1429.8887660172816,1405.9992214237598,1417.9439937205207,1466.8678146900315,1446.11376953125,1,0,1,0,48.92382096951087,43.1007080078125,1474.3774309992027,1418.3869567871093,1362.3964825750159,0.3627097244663882,7.894950520261622,-15.373895263671784,0,0,0,-0.2840424598595556,1
2026-02-20,1403.013091941889,1420.8307355027323,1399.628715378674,1412.8675537109375,8177670,1419.2280700683593,1471.5740405273436,1429.530823288734,55.75397163344907,-10.19343575036396,-11.521869439476605,0.007023806447532088,1429.8887660172816,1405.9992214237598,1417.9439937205207,1466.8678146900315,1452.086181640625,1,0,1,0,48.92382096951087,39.2186279296875,1474.3494456524318,1419.2280700683593,1364.106694484287,0.4423044482287945,7.767796698301977,-6.3605163574218295,0,0,0,0.07959472376240628,1
2026-02-23,1418.4416634695872,1428.2961245911818,1411.772547760535,1421.4278564453125,7758856,1421.313427734375,1469.2448095703126,1428.759112160789,47.87284300134273,-9.688138631678157,-11.155123277916918,0.006058814721798367,1429.8887660172816,1405.9992214237598,1417.9439937205207,1466.8678146900315,1452.086181640625,1,0,0,0,48.92382096951087,30.6583251953125,1473.3689037514177,1421.313427734375,1369.2579517173322,0.5010991034920138,7.324981949973005,0.11442871093754547,0,0,0,0.05879465526321931,1
2026-02-24,1418.7403513100855,1426.7035326906043,1408.4877066792656,1422.2242431640625,12529409,1423.7173156738281,1466.7025634765625,1428.1367436849105,42.82049621121837,-9.118315012617586,-10.747761624857052,0.0005602723452611258,1429.8887660172816,1405.9992214237598,1417.9439937205207,1466.8678146900315,1451.1903076171875,1,0,0,0,48.92382096951087,28.966064453125,1471.065807542474,1423.7173156738281,1376.3688238051823,0.4842331566345586,6.651389478428362,-1.493072509765625,0,0,0,-0.016865946857455183,0
2026-02-25,1428.395737725409,1433.8704252219177,1387.0867320699354,1392.063720703125,10728792,1423.8069091796874,1463.5630810546875,1424.7012176866451,39.40538087940478,-10.973927188156267,-10.792994737516896,-0.02120658722132207,1415.5550520350257,1405.9992214237598,1410.7771367293926,1466.8678146900315,1407.0941162109375,1,0,1,0,56.090677960638914,15.0303955078125,1470.9080531379275,1423.8069091796874,1376.7057652214473,0.16303166113432452,6.616226351279184,-31.74318847656241,0,0,0,-0.32120149550023414,1
2026-02-26,1392.0637118415314,1406.397463315574,1385.4941111892442,1400.3255615234375,16683858,1424.593280029297,1460.8655541992186,1422.3797266234824,39.66165965993079,-11.643631166936302,-10.963122023400778,0.0059349587935093595,1410.9264978714295,1405.9992214237598,1408.4628596475945,1466.8678146900315,1387.5843505859375,1,0,1,0,58.404955042436995,-12.7412109375,1469.524934107706,1424.593280029297,1379.6616259508878,0.22994852956547707,6.307997476653138,-24.26771850585942,0,0,0,0.06691686843115255,0
2026-02-27,1391.5659695052796,1403.9089251530934,1381.711508080472,1387.48486328125,12031440,1424.5186279296875,1457.8694067382812,1419.0564063051745,34.24849916683786,-13.059966267443542,-11.382490872209333,-0.009169794935556141,1409.0351963170433,1405.9992214237598,1407.5172088704016,1466.8678146900315,1398.1356201171875,1,0,1,0,59.35060581962989,10.6507568359375,1469.6910440858685,1424.5186279296875,1379.3462117735064,0.09008430586936801,6.342130635642443,-37.033764648437455,0,0,0,-0.13986422369610907,0
2026-03-02,1369.1694587628867,1372.2551671563265,1335.3259388807069,1351.75,23728722,1422.9060791015625,1454.1585620117187,1412.6462723713482,29.713375591203373,-16.871443359878413,-12.48028136974315,-0.025755137390645833,1385.8424117171608,1405.9992214237598,1395.9208165704604,1466.8678146900315,1396.0452880859375,0,0,1,0,70.94699811957116,44.2952880859375,1475.4500088573973,1422.9060791015625,1370.3621493457276,-0.17711036681321704,7.38543893058797,-71.15607910156245,0,1,0,-0.26719467268258507,0
2026-03-04,1323.8789706886037,1346.5740873609554,1300.9848230751916,1338.8099365234375,32495007,1418.3222778320312,1449.7768237304688,1405.6142403858328,25.30940169935947,-20.697631976185676,-14.123751491031657,-0.009572822989874274,1368.6718538144032,1391.8148235021006,1380.243338658252,1452.6834167683724,1379.720703125,0,0,1,0,72.44007811012034,40.9107666015625,1482.1952841217442,1418.3222778320312,1354.4492715423182,-0.12242523036996547,9.006839600284037,-79.5123413085937,0,1,0,0.05468513644325157,1
2026-03-05,1346.872629427245,1392.5614090361375,1346.872629427245,1383.005615234375,25957532,1414.9677856445312,1446.0739453125,1403.461037990456,39.18576991933126,-19.93390644249189,-15.285782481323704,0.03301116723536035,1367.4276241485545,1391.8148235021006,1379.6212238253274,1452.6834167683724,1374.146484375,0,0,0,0,73.06219294304492,-8.859130859375,1478.8606395833021,1414.9677856445312,1351.0749317057603,0.24987679810964603,9.030997678815302,-31.962170410156205,0,0,0,0.37230202847961147,1
2026-03-06,1390.0728674061677,1417.7449716586152,1383.9014503612218,1398.334716796875,19311971,1413.0466674804688,1442.7712182617188,1402.9728169244006,47.16693671026333,-17.88554464395702,-15.805734913850367,0.011083904066363504,1367.4276241485545,1391.8148235021006,1379.6212238253274,1452.6834167683724,1390.2718505859375,0,0,0,0,73.06219294304492,-8.0628662109375,1476.5124939535824,1413.0466674804688,1349.5808410073553,0.3840954927938553,8.982835165136652,-14.711950683593841,0,0,0,0.13421869468420927,1
2026-03-09,1368.6718029922313,1422.8214608086796,1363.6948146177142,1417.4462890625,24870822,1411.7128295898438,1440.0995703125,1404.3512428423148,47.508565537733844,-14.55230904107816,-15.555049739295928,0.013667380231682458,1367.4276241485545,1391.8148235021006,1379.6212238253274,1452.6834167683724,1384.59814453125,0,0,0,0,73.06219294304492,-32.84814453125,1473.612084016694,1411.7128295898438,1349.8135751629934,0.5463128314367,8.769383280994115,5.73345947265625,0,0,0,0.16221733864284466,0
2026-03-10,1424.015880450879,1424.9117626543534,1394.1539503917586,1402.3162841796875,18071259,1409.084979248047,1437.1054150390626,1404.157437255398,47.3106072043238,-12.981913342396865,-15.040422459916117,-0.010674129241834973,1367.4276241485545,1391.8148235021006,1379.6212238253274,1452.6834167683724,1388.9779052734375,0,0,0,0,73.06219294304492,-13.33837890625,1467.813075045171,1409.084979248047,1350.3568834509229,0.4423725988686757,8.335635772437813,-6.7686950683594205,0,0,0,-0.10394023256802426,0
2026-03-11,1418.34212900751,1427.4002232775151,1377.2321576556008,1383.8017578125,21848087,1405.685693359375,1434.0117163085938,1402.2188011179792,40.33292779913715,-13.080546583918931,-14.648447284716681,-0.01320281777802923,1364.1925231763535,1391.8148235021006,1378.0036733392271,1452.6834167683724,1384.0009765625,0,0,0,0,74.67974342914522,0.19921875,1461.9521689578942,1405.685693359375,1349.4192177608556,0.3055330877392753,8.005555703430538,-21.88393554687491,0,0,0,-0.1368395111294004,1
2026-03-12,1383.6027762448114,1404.4066120742225,1374.7437125844203,1385.7926025390625,20939959,1401.8782958984375,1431.07330078125,1400.6544012533204,46.31128594319375,-12.84994345781979,-14.288746519337304,0.0014386776973818183,1364.1925231763535,1383.602785879527,1373.8976545279402,1452.6834167683724,1430.4859619140625,0,0,0,0,78.78576224043218,44.693359375,1452.4169580133762,1401.8782958984375,1351.3396337834988,0.34085754661657097,7.2101354679365235,-16.085693359375,0,0,0,0.035324458877295684,0
2026-03-13,1378.8248707870416,1394.3531723993444,1372.0562392077015,1374.3455810546875,17265090,1398.4839904785156,1427.2967602539063,1398.1487993296412,41.80430390135204,-13.43598610184813,-14.11819443583947,-0.008260270305528894,1364.1925231763535,1383.602785879527,1373.8976545279402,1452.6834167683724,1450.095458984375,0,0,0,0,78.78576224043218,75.7498779296875,1446.795499814187,1398.4839904785156,1350.1724811428442,0.2501795146151108,6.9091258340598944,-24.13840942382808,0,0,0,-0.09067803200146018,1
2026-03-16,1373.6488401657623,1390.8692691567512,1357.224777946389,1388.6793212890625,22837802,1397.264630126953,1423.7033764648438,1397.2469442781576,43.19968405993128,-12.59858740138634,-13.814273028948845,0.010429502180503425,1364.1925231763535,1383.602785879527,1373.8976545279402,1452.6834167683724,1436.757080078125,0,0,0,0,78.78576224043218,48.0777587890625,1445.2724503360007,1397.264630126953,1349.2568099179055,0.4105842673078439,6.871686175107104,-8.58530883789058,0,0,0,0.16040475269273313,1
2026-03-17,1392.5613056143347,1399.429573667814,1381.810962442932,1391.167724609375,19007744,1395.2987182617187,1419.827294921875,1396.6679709763687,43.596036421905694,-11.600427044687422,-13.371503832096561,0.0017919207711702967,1387.13642635238,1383.602785879527,1385.3696061159535,1452.6834167683724,1444.123046875,1,0,0,0,67.31381065241885,52.955322265625,1440.8618024155926,1395.2987182617187,1349.7356341078448,0.45466731753284445,6.530943310925845,-4.1309936523437045,0,0,0,0.04408305022500053,1
2026-03-18,1390.7696473738065,1406.3974645008152,1390.7696473738065,1401.6195068359375,9559327,1394.557147216797,1416.4429443359375,1397.139545820137,52.14476367077586,-9.852433572850487,-12.667689780247347,0.007512956232144763,1392.3125006119521,1383.602785879527,1387.9576432457395,1452.6834167683724,1454.873291015625,1,0,0,0,64.72577352263284,53.2537841796875,1439.1923598597239,1394.557147216797,1349.92193457387,0.5791119746156257,6.401345793825398,7.0623596191405795,0,0,0,0.12444465708278124,0
2026-03-19,1381.6119817895922,1409.1844489610974,1369.7667250791762,1378.4267578125,16498373,1391.7451477050781,1413.9982495117188,1395.3573755336956,45.39362494845287,-10.220778397949516,-12.178307503787781,-0.016547107763784985,1392.3125006119521,1383.602785879527,1387.9576432457395,1452.6834167683724,1451.7874755859375,1,0,1,0,64.72577352263284,73.3607177734375,1432.8663675238151,1391.7451477050781,1350.623927886341,0.3380594015536772,5.909303134491823,-13.318389892578125,0,0,0,-0.2410525730619485,1
2026-03-20,1391.5659566755692,1423.4186824363833,1389.6746767818197,1407.8905029296875,22994918,1391.9890197753907,1412.210517578125,1396.5510067142661,54.01173933473903,-8.04250731541174,-11.351147466112574,0.0213749079885428,1392.3125006119521,1383.602785879527,1387.9576432457395,1431.3818815883858,1461.9405517578125,1,0,0,0,43.42423834264628,54.050048828125,1433.4312464015788,1391.9890197753907,1350.5467931492026,0.6918512161246705,5.954389874838982,15.901483154296784,0,0,0,0.3537918145709933,0
2026-03-23,1393.5567722314413,1409.084951963176,1384.598192981382,1401.3209228515625,18979554,1391.411688232422,1410.9603002929687,1397.0052844416277,61.00799077907792,-6.76830123344007,-10.434578219578073,-0.004666257826481779,1392.3125006119521,1372.504097537654,1382.408299074803,1406.9946270951743,1442.231689453125,1,0,0,0,24.58632802037141,40.9107666015625,1431.9870397162892,1391.411688232422,1350.8363367485547,0.6221090422726274,5.832256811844397,9.909234619140534,0,0,0,-0.06974217385204307,1
2026-03-24,1413.4647025895886,1415.8536813182018,1400.1263494042955,1405.302490234375,18620893,1390.605419921875,1409.6961450195313,1397.7954945171275,65.37753378807564,-5.375242076190261,-9.422710990900512,0.0028412958929566745,1390.321730191386,1368.6718538144032,1379.4967920028946,1398.981700575811,1413.0665283203125,1,1,0,0,19.48490857291631,7.7640380859375,1429.3630730874058,1390.605419921875,1351.847766756344,0.6896021703085325,5.574212873082044,14.697070312500045,0,0,0,0.06749312803590513,1
2026-03-25,1413.464703831985,1423.9163794589117,1401.9181150601291,1406.596435546875,19041331,1389.8240295410155,1408.3005981445312,1398.6336793771034,56.80640884943036,-4.11933693288961,-8.362036179298332,0.0009207592824262978,1390.5705787026504,1368.6718538144032,1379.6212162585268,1391.8148235021006,1430.4859619140625,1,1,0,0,12.193607243573751,23.8895263671875,1426.5787015527483,1389.8240295410155,1353.0693575292828,0.7281669933077545,5.289111604131761,16.772406005859466,0,0,0,0.038564822999221926,0
2026-03-27,1394.552193095842,1398.235116023098,1338.809921280448,1341.8956298828125,23266517,1387.315625,1406.2162353515625,1393.2300556157422,37.32675845547019,-8.24973948689103,-8.339576840816873,-0.04599812997457742,1381.3631503696797,1368.6718538144032,1375.0175020920415,1391.8148235021006,1416.450927734375,1,0,1,0,16.797321410059112,74.5552978515625,1429.554950240627,1387.315625,1345.076299759373,-0.03765057631059317,6.089360557822171,-45.419995117187455,0,1,0,-0.7658175696183477,0
2026-03-30,1328.855902170806,1358.7178325566667,1327.960019957529,1337.7149658203125,24393861,1384.1850952148438,1403.9288110351563,1387.9429042066536,30.809771530278795,-11.725296005844939,-9.016720673822487,-0.003115491227037581,1375.9381997082205,1368.6718538144032,1372.3050267613119,1391.8148235021006,1434.666748046875,1,0,1,0,19.509796740788715,96.9517822265625,1431.1228531330019,1384.1850952148438,1337.2473372966858,0.004981368352127538,6.78200597310617,-46.47012939453134,0,0,0,0.0426319446627207,1
2026-04-01,1377.8294025098971,1378.028554948465,1356.627505100946,1362.8984375,14404619,1382.9557739257812,1402.1450561523438,1385.557716901258,40.95061034358485,-12.305750853872496,-9.674526709832488,0.01882573816032962,1375.9381997082205,1367.4276241485545,1371.6829119283875,1391.8148235021006,1403.0130615234375,1,0,1,0,20.13191157371307,40.1146240234375,1430.7632509616174,1382.9557739257812,1335.148296889945,0.29022803890334664,6.913811408462564,-20.05733642578116,0,0,0,0.2852466705512191,0
2026-04-02,1350.7546307176451,1351.9490593116357,1321.8880984473344,1344.2845458984375,21280051,1382.582501220703,1400.0069409179687,1381.626938710513,40.93193566513331,-14.105155539444695,-10.56065247575493,-0.013657577915861752,1372.902238953123,1367.4276241485545,1370.164931550839,1391.8148235021006,1412.8675537109375,1,0,1,0,21.64989195126168,68.5830078125,1431.4632769986072,1382.582501220703,1333.701725442799,0.10825135533571396,7.070938006917708,-38.29795532226558,0,0,0,-0.1819766835676327,0
2026-04-06,1352.7454554606609,1352.7454554606609,1284.0630151171836,1298.6953125,29274881,1380.5767700195313,1397.83896484375,1373.7286885952262,33.345999847815094,-18.990950985401696,-12.246712177684284,-0.03391338056926663,1353.9896972880476,1358.9667201695506,1356.478208728799,1383.3539195230965,1421.4278564453125,0,0,1,0,26.875710794297447,122.7325439453125,1438.86435885542,1380.5767700195313,1322.2891811836425,-0.20239187410953047,8.44394750102367,-81.8814575195313,0,1,0,-0.3106432294452444,0
2026-04-07,1289.040031502862,1302.2788696189978,1285.058440671965,1298.5958251953125,28388922,1376.3562805175782,1396.0591943359375,1366.5731777952344,34.858713665812346,-22.610368615680045,-14.319443465283438,-7.660557771316245e-05,1353.9896972880476,1358.9667201695506,1356.478208728799,1383.3539195230965,1422.2242431640625,0,0,1,0,26.875710794297447,123.62841796875,1444.687738066763,1376.3562805175782,1308.0248229683934,-0.06899456056746615,9.929326950648086,-77.76045532226567,0,1,0,0.1333973135420643,1
2026-04-08,1342.7914745147666,1344.3840865060406,1320.0963587364663,1341.5970458984375,21817543,1373.5193969726563,1394.9284228515626,1364.1944985669682,41.556582791013724,-21.758129852649517,-15.807180742756655,0.03311362925154748,1353.9896972880476,1355.7316191973493,1354.8606582426985,1383.3539195230965,1392.063720703125,0,0,1,0,28.493261280397974,50.4666748046875,1442.6715987005211,1373.5193969726563,1304.3671952447914,0.2691877461845463,10.069344762117185,-31.922351074218795,0,0,0,0.33818230675201244,0
2026-04-09,1339.8052690319548,1343.7868597274437,1320.195983460075,1323.87890625,20725390,1368.8410278320312,1393.4850952148438,1360.3549183463047,38.55789117967699,-22.255878373767246,-17.096920268958776,-0.013206752133664734,1353.9896972880476,1355.7316191973493,1354.8606582426985,1383.3539195230965,1400.3255615234375,0,0,1,0,28.493261280397974,76.4466552734375,1438.1331611997532,1368.8410278320312,1299.5488944643091,0.17556113950609287,10.124204631339381,-44.96212158203116,0,0,0,-0.0936266066784534,1
2026-04-10,1330.8467605257397,1346.0763943468285,1325.3720730291864,1343.9859619140625,19364461,1365.92451171875,1392.770400390625,1358.7959701146624,40.51129599007023,-20.788242394333338,-17.83518469403369,0.015187987035020889,1341.149065570141,1355.7316191973493,1348.4403423837452,1383.3539195230965,1387.48486328125,0,0,1,0,34.91357713935122,43.4989013671875,1434.2385789709865,1365.92451171875,1297.6104444665134,0.3394287539366996,10.00261239419104,-21.938549804687455,0,0,0,0.1638676144306067,0
2026-04-13,1315.119386993808,1321.4899565481755,1303.970981405046,1309.0474853515625,28753269,1362.1867980957031,1391.4684204101563,1354.0580191848433,39.00282303862668,-22.188597037718637,-18.70586716277068,-0.02599616182950437,1331.0457850328244,1355.7316191973493,1343.3887021150867,1383.3539195230965,1351.75,0,0,1,0,39.96521740800972,42.7025146484375,1434.2562771567239,1362.1867980957031,1290.1173190346824,0.13133275391689778,10.581438487257655,-53.139312744140625,0,0,0,-0.2080960000198018,1
2026-04-15,1330.8467629297493,1340.8007402141902,1328.059600686701,1337.9140625,15313779,1359.79287109375,1390.4212646484375,1352.5204995005724,38.8871290860006,-20.730132589353616,-19.11072024808727,0.02205158901526394,1331.0457850328244,1355.7316191973493,1343.3887021150867,1383.3539195230965,1338.8099365234375,0,0,1,0,39.96521740800972,0.8958740234375,1431.7475276778816,1359.79287109375,1287.8382145096182,0.34796808412136265,10.583178969934586,-21.87880859374991,0,0,0,0.21663533020446488,0
2026-04-16,1345.7777093601655,1347.5694738488123,1323.8789596516422,1337.1177978515625,30211012,1357.9314819335937,1389.4716577148438,1351.053575534,39.613524662033534,-19.41473987282484,-19.171524173034783,-0.0005951538075245066,1318.4042352889223,1355.7316191973493,1337.0679272431357,1383.3539195230965,1383.005615234375,0,0,0,0,46.28599227996074,45.8878173828125,1430.2093419018054,1357.9314819335937,1285.653621965382,0.35601618468515006,10.645288209283343,-20.81368408203116,0,0,0,0.008048100563787408,1
2026-04-17,1333.832952366644,1362.1022720767137,1333.832952366644,1358.7178955078125,13869105,1356.4334106445312,1388.8664575195312,1351.783510769601,42.870199559904776,-16.439826223503587,-18.625184583128544,0.016154221932395352,1323.0826435969486,1355.7316191973493,1339.407131397149,1383.3539195230965,1398.334716796875,0,0,0,0,43.94678812594748,39.6168212890625,1427.3287555939141,1356.4334106445312,1285.5380656951484,0.5161116704130032,10.453199455724969,2.28448486328125,0,0,0,0.16009548572785315,0
2026-04-20,1356.9261198573818,1366.6810660920328,1346.5740808024586,1357.0257568359375,13614733,1354.7263122558593,1388.326953125,1352.2827722997283,42.422413725540686,-14.05669039545569,-17.711485745593976,-0.0012453936740434157,1325.8697533819989,1355.7316191973493,1340.800686289674,1383.3539195230965,1417.4462890625,0,0,0,0,42.55323323342236,60.4205322265625,1423.8151598170828,1354.7263122558593,1285.6374646946358,0.5166412138951989,10.199676043226518,2.299444580078216,0,0,0,0.0005295434821956935,0
2026-04-21,1352.7454957201878,1363.4958396538184,1343.8864317482064,1347.07177734375,27293629,1351.99892578125,1386.6586694335938,1351.7864870658257,50.95030737130857,-12.823420627609948,-16.73387272199717,-0.00733514411354752,1335.3260237485392,1355.7316191973493,1345.5288214729444,1383.3539195230965,1402.3162841796875,0,0,0,0,37.825098050152064,55.2445068359375,1417.6909218749108,1351.99892578125,1286.306929687589,0.46249810684337417,9.717758622581881,-4.927148437499909,0,0,0,-0.054143107051824735,1
2026-04-22,1344.085556855853,1359.7132520720183,1342.8910067161314,1355.8311767578125,9525953,1350.8691467285157,1384.7733837890626,1352.1716956079197,53.2710255655219,-11.012292273587946,-15.589556632315325,0.006502548387833373,1335.3260237485392,1353.9896972880476,1344.6578605182935,1383.3539195230965,1383.8017578125,0,0,0,0,38.69605900480292,27.9705810546875,1415.4724277308972,1350.8691467285157,1286.2658657261343,0.538403854667334,9.56469857333484,4.962030029296784,0,0,0,0.07590574782395981,0
2026-04-23,1339.8052948565,1349.261572940554,1334.529638479888,1337.21728515625,16385079,1347.3354858398438,1382.782587890625,1350.747466041094,45.25038537846559,-10.95268970490838,-14.662183246833937,-0.013728767947403075,1335.3260237485392,1353.9896972880476,1344.6578605182935,1375.141881900523,1385.7926025390625,0,0,1,0,30.484021382229457,48.5753173828125,1406.5860093096126,1347.3354858398438,1288.0849623700751,0.41461509459273865,8.795214568676737,-10.118200683593841,0,0,0,-0.12378876007459533,0
2026-04-24,1333.8328899956955,1339.7057606040942,1318.9019248091768,1321.6890869140625,11744802,1343.3538940429687,1380.3339086914064,1347.9800013623292,45.77282285601536,-12.019892227913033,-14.133725043049758,-0.011612322406057696,1335.3260237485392,1353.9896972880476,1344.6578605182935,1375.141881900523,1374.3455810546875,0,0,1,0,30.484021382229457,52.656494140625,1398.0884746314473,1343.3538940429687,1288.61931345449,0.3020921427004909,8.1489443446282,-21.664807128906205,0,0,0,-0.11252295189224776,1
2026-04-27,1306.9571155871215,1365.2873936261717,1304.9663202853897,1359.51416015625,24673098,1341.0644775390624,1378.4267260742188,1349.078492676036,61.71846775650289,-9.701655971882928,-13.247311228816393,0.02861873765675349,1335.8236931887113,1353.9896972880476,1344.9066952383796,1375.141881900523,1388.6793212890625,0,0,0,0,30.235186662143406,29.1651611328125,1388.5998720008363,1341.0644775390624,1293.5290830772885,0.6940625803791752,7.089203428757476,18.44968261718759,0,0,0,0.39197043767868434,1
2026-04-28,1351.7500009887617,1388.7787447541257,1350.75460334444,1382.5078125,41027699,1339.8600463867188,1377.0411328125,1352.2622374211755,64.85724524320116,-5.940562353874839,-11.785961453828083,0.016913139279922884,1346.8725325197577,1353.9896972880476,1350.4311149039027,1375.141881900523,1391.167724609375,0,1,0,0,24.71076699662035,8.659912109375,1381.5545736955019,1339.8600463867188,1298.1655190779356,1.0114312221054649,6.2237138007396,42.64776611328125,1,0,0,0.31736864172628965,1
2026-04-29,1385.5935377241706,1427.2012083655534,1384.896807968084,1418.83984375,30542143,1343.707257080078,1376.1791186523437,1358.6029618334446,64.00721818678474,-0.027856173339841916,-9.434340397730436,0.026279801764230504,1366.0837643254715,1355.6321117413686,1360.85793803342,1375.141881900523,1401.6195068359375,1,1,0,0,14.283943867103062,-17.2203369140625,1397.7994232901824,1343.707257080078,1289.6150908699738,1.1944867615219232,8.051183161375262,75.13258666992192,1,0,0,0.18305553941645836,1
2026-04-30,1402.515369272921,1430.386505071105,1386.6885214286783,1424.215087890625,30957881,1348.0322631835938,1375.8187866210938,1364.8517357436522,69.04764773876474,5.033717787566047,-6.54072876067114,0.0037884784278527928,1367.6764126782473,1357.2247600941441,1362.4505863861957,1375.141881900523,1378.4267578125,1,1,0,0,12.691295514327294,-45.788330078125,1412.3771183592435,1348.0322631835938,1283.6874080079442,1.0919884697779336,9.546485931084314,76.18282470703116,1,0,0,-0.10249829174398961,0
2026-05-01,1424.215087890625,1424.215087890625,1424.215087890625,1424.215087890625,0,1351.098095703125,1376.0417578125,1370.505388329078,66.4893881255993,8.941974106935731,-3.4441881871497664,0.0,1367.6764126782473,1357.2247600941441,1362.4505863861957,1375.141881900523,1407.8905029296875,1,1,0,0,12.691295514327294,-16.3245849609375,1423.342313462966,1351.098095703125,1278.8538779432838,1.0060404448599625,10.694148410037473,73.11699218750005,1,0,0,-0.08594802491797116,1
2026-05-04,1426.803070277682,1460.6465916696056,1426.803070277682,1456.3663330078125,24035700,1356.7021850585938,1376.559365234375,1378.682621155624,80.6291736968523,14.466867140212798,0.13802287832274684,0.022574711776720546,1382.8064559774975,1372.3548033933946,1377.5806296854462,1372.3548033933946,1401.3209228515625,1,1,0,1,5.225826292051579,-55.04541015625,1442.145728960834,1356.7021850585938,1271.2586411563536,1.0832163753837791,12.595770072936094,99.66414794921866,1,0,0,0.07717593052381666,1
2026-05-05,1453.280606341501,1466.6189594959255,1443.3266295857377,1456.864013671875,23543341,1364.6106201171874,1377.367626953125,1386.1284680619337,78.038508860675,18.670323476919748,3.844482998042147,0.0003417276634201105,1385.7926398906575,1375.3409873065546,1380.5668135986061,1375.3409873065546,1405.302490234375,1,1,0,1,5.225826292051579,-51.5615234375,1456.1745035194085,1364.6106201171874,1273.0467367149663,1.0037651862658425,13.419781738816889,92.25339355468759,1,0,0,-0.07945118911793658,0
2026-05-06,1456.2668061036345,1466.519450812893,1420.9301884572374,1431.2823486328125,14221786,1371.2449462890625,1377.2999389648437,1390.4288376401125,69.87396430190857,19.710159880318315,7.017618374497381,-0.017559404857963812,1385.7926398906575,1375.3409873065546,1380.5668135986061,1375.3409873065546,1406.596435546875,1,1,0,1,5.225826292051579,-24.6859130859375,1461.9385009421526,1371.2449462890625,1280.5513916359723,0.8309904577750743,13.22791451644434,60.037402343750045,0,0,0,-0.17277472849076825,0
2026-05-07,1432.1782190445704,1442.828925531327,1423.717338832762,1429.590087890625,19816903,1375.644598388672,1377.8314794921876,1394.1584805211137,66.33026464937964,20.165234155623466,9.6471415307226,-0.0011823388612344221,1385.7926398906575,1375.3409873065546,1380.5668135986061,1375.3409873065546,1341.8956298828125,1,1,0,1,5.225826292051579,-87.6944580078125,1468.6656960569399,1375.644598388672,1282.623500720404,0.7899637332507814,13.524001442992747,53.945489501953034,0,0,0,-0.0410267245242929,0
2026-05-08,1419.4371163507371,1436.1598462687914,1410.9762359236815,1428.5947265625,8663105,1380.880389404297,1378.1460229492188,1397.4381230012457,66.54393775815821,20.212568548497984,11.760226934277679,-0.0006962564559982454,1408.6867814201828,1375.3409873065546,1392.0138843633686,1375.3409873065546,1337.7149658203125,1,1,0,1,16.67289705681401,-90.8797607421875,1473.4442939210037,1380.880389404297,1288.3164848875901,0.7577372757087573,13.406505766460807,47.71433715820308,0,0,0,-0.032226457542024134,0
2026-05-11,1413.4647305422184,1421.427912122738,1375.6396180347506,1381.81103515625,15261787,1382.7716430664063,1377.3536865234375,1395.94982892077,56.86195648609496,16.287278874627418,12.665637322347628,-0.0327480499097329,1421.129288765338,1375.3409873065546,1398.2351380359464,1375.3409873065546,1362.8984375,1,0,0,1,22.894150729391868,-18.91259765625,1473.7755029958453,1382.7716430664063,1291.7677831369674,0.49472215842876793,13.162529096652664,-0.960607910156341,0,0,0,-0.26301511727998933,0
2026-05-12,1385.593546668805,1387.0866431630602,1354.0394893602804,1357.722412109375,24357500,1385.205389404297,1376.0636499023437,1392.30912255778,50.35223964209015,11.104699897062119,12.353449837290528,-0.017432646312707356,1410.3292244281029,1375.3409873065546,1392.8351058673288,1375.3409873065546,1344.2845458984375,1,0,1,1,17.494118560774268,-13.4378662109375,1470.624664426175,1385.205389404297,1299.7861143824189,0.3391289478406199,12.333084418421498,-27.482977294921966,0,0,0,-0.155593210588148,0
2026-05-13,1355.1343963286624,1366.0837705701026,1346.1758174038478,1352.54638671875,13797989,1385.9370056152343,1375.2733032226563,1388.5221953350153,53.00546160363405,6.5048231752498396,11.183724504882392,-0.00381228544543466,1406.3973884498866,1375.8387000839452,1391.118044266916,1375.3409873065546,1298.6953125,1,0,1,1,15.777056960361506,-53.85107421875,1469.9628329979619,1385.9370056152343,1301.9111782325067,0.3013074078735696,12.12549012578353,-33.390618896484284,0,0,0,-0.037821539967050344,1
2026-05-14,1358.9168476375537,1371.6579863902991,1352.148216400817,1355.5325927734375,17303059,1386.8577453613282,1374.3774438476562,1385.3803284243888,56.978653695706676,3.065017985311897,9.559983200968293,0.0022078400297471656,1406.3973884498866,1385.2949704504858,1395.8461794501864,1375.3409873065546,1298.5958251953125,1,0,1,1,20.505192143631803,-56.936767578125,1469.108406606987,1386.8577453613282,1304.6070841156693,0.3095750714129123,11.86144166851511,-31.32515258789067,0,0,0,0.008267663539342718,0
2026-05-15,1350.5556491178086,1358.518830724615,1323.082575367519,1330.24951171875,19976192,1385.434326171875,1373.2327368164063,1380.1297744524231,43.63637039310018,-1.681799019547043,7.311626756865227,-0.01865176919350786,1394.8507674317223,1385.2949704504858,1390.072868941104,1375.3409873065546,1341.5970458984375,1,0,1,1,14.731881634549381,11.3475341796875,1470.5201356812368,1385.434326171875,1300.3485166625132,0.1757108219846391,12.282907663254495,-55.184814453125,0,0,0,-0.13386424942827319,0
2026-05-18,1327.860551095503,1335.8237328112184,1312.630917460794,1329.7518310546875,13022473,1384.0706298828125,1372.7927734375,1375.3318750812102,37.28408719778975,-5.4213504122869836,4.765031323034785,-0.0003741258009706261,1389.5751841368435,1385.2949704504858,1387.4350772936646,1375.3409873065546,1323.87890625,1,0,1,1,12.09408998711001,-5.8729248046875,1471.7681498006548,1384.0706298828125,1296.3731099649701,0.19030595803044123,12.672405298459019,-54.318798828124955,0,0,0,0.01459513604580212,0
2026-05-19,1332.5387892026445,1337.8144453658963,1312.3322897558653,1316.6124267578125,21665501,1382.5476623535155,1372.3488232421876,1369.739546669458,22.258227157055202,-9.33757420620941,1.9445102171859459,-0.009881095096107906,1377.580607643596,1385.2949704504858,1381.437789047041,1375.3409873065546,1343.9859619140625,0,0,1,1,6.096801740486399,27.37353515625,1473.7502724877024,1382.5476623535155,1291.3450522193286,0.1385233081668816,13.193412801253071,-65.93523559570303,0,0,0,-0.05178264986355963,1
2026-05-20,1312.6308349443716,1356.6274840630256,1306.558933569541,1353.442138671875,13248515,1382.4282104492188,1371.7575537109376,1368.18741257445,33.59478810844827,-9.36144689256298,-0.31668120476383943,0.027973085446836077,1371.3593899191662,1385.7926398906575,1378.576014904912,1375.3409873065546,1309.0474853515625,0,0,1,1,3.2350275983574193,-44.3946533203125,1473.7766160264273,1382.4282104492188,1291.0798048720103,0.34134330755863873,13.215645468855836,-28.986071777343795,0,0,0,0.20281999939175713,0
2026-05-21,1360.9076465750106,1364.590690861155,1339.0088978228712,1343.388671875,17150630,1382.7367797851562,1370.6586328125,1365.825627745931,32.09873071935996,-10.075453364043142,-2.2684356366197003,-0.007428072844503308,1363.9934228461395,1385.7926398906575,1374.8930313683986,1375.3409873065546,1337.9140625,0,0,1,0,0.4479559381559284,-5.474609375,1473.5121173092114,1382.7367797851562,1291.961442261101,0.28326652930522556,13.129807328645656,-39.34810791015616,0,0,0,-0.058076778253413175,1
2026-05-22,1343.7868238683554,1361.106767233248,1342.8909416840763,1348.26611328125,7105813,1384.0656311035157,1369.275029296875,1364.1532930350088,22.76829726556565,-10.130956517393315,-3.8409398127744234,0.0036307001155833074,1346.8227883663008,1385.7926398906575,1366.3077141284791,1375.3409873065546,1337.1177978515625,0,0,1,0,9.033273178075433,-11.1483154296875,1471.9597704312828,1384.0656311035157,1296.1714917757486,0.29634866388096,12.700862929121229,-35.79951782226567,0,0,0,0.013082134575734428,1
2026-05-25,1360.5095872329855,1364.7897243191817,1350.7546414401118,1360.7086181640625,6750071,1384.1253540039063,1368.4428759765624,1363.8252287615853,27.15232863775141,-9.066424905948452,-4.886036831409229,0.009228523034322533,1339.10845997992,1385.7926398906575,1362.4505499352888,1375.3409873065546,1358.7178955078125,0,0,1,0,12.890437371265762,-1.99072265625,1471.9542816213234,1384.1253540039063,1296.2964263864892,0.3666912116822881,12.690892102128087,-23.416735839843795,0,0,0,0.07034254780132809,0
2026-05-26,1353.8404218493883,1362.2017870434288,1346.1759079681497,1350.0579833984375,13769747,1382.502862548828,1367.7680004882814,1362.5140625365236,29.226089975423093,-8.978692372234264,-5.704567939574236,-0.00782727074955647,1339.10845997992,1385.7926398906575,1362.4505499352888,1375.3409873065546,1357.0257568359375,0,0,1,0,12.890437371265762,6.9677734375,1471.581392353877,1382.502862548828,1293.4243327437791,0.317886087582512,12.88655990785014,-32.444879150390534,0,0,0,-0.048805124099776054,0
2026-05-27,1346.7730400596713,1354.736221375619,1342.393266034199,1344.2845458984375,13215138,1378.77509765625,1366.9378393554687,1360.7779180948012,28.6284425638419,-9.268193892860381,-6.4172931302314655,-0.004276436694568342,1335.6743289443614,1385.7926398906575,1360.7334844175093,1375.3409873065546,1347.07177734375,0,0,1,0,14.607502889045236,2.7872314453125,1467.6989541448588,1378.77509765625,1289.851241167641,0.30606693681672087,12.898964688261138,-34.490551757812455,0,0,0,-0.011819150765791153,0
2026-05-28,1344.2845458984375,1344.2845458984375,1344.2845458984375,1344.2845458984375,0,1374.7785705566407,1366.3366186523438,1359.2071207427666,28.77193823638433,-9.3893908803268,-7.011712680250533,0.0,1335.6743289443614,1385.7926398906575,1360.7334844175093,1375.3409873065546,1355.8311767578125,0,0,1,0,14.607502889045236,11.546630859375,1462.3486820501562,1374.7785705566407,1287.2084590631252,0.3258879420265367,12.73952233021188,-30.494024658203216,0,0,0,0.019821005209815834,0
2026-05-29,1357.7224546740497,1362.6994431442622,1310.938763054049,1315.119384765625,42634247,1369.3237854003905,1364.865419921875,1355.0082887449437,31.573163920315793,-11.70390974001566,-7.95015209220356,-0.021695675384946322,1335.6743289443614,1385.7926398906575,1360.7334844175093,1375.3409873065546,1337.21728515625,0,0,1,0,14.607502889045236,22.097900390625,1457.48588351069,1369.3237854003905,1281.161687290091,0.192586713584388,12.87673507906252,-54.204400634765534,0,0,0,-0.1333012284421487,0
2026-06-01,1326.3673976551404,1329.353590670499,1312.431830250133,1313.9249267578125,10700603,1362.2017150878905,1363.3205639648438,1351.0955876033122,36.14610515227781,-13.479185727688218,-9.055958819300491,-0.0009082506285353897,1335.6743289443614,1385.7926398906575,1360.7334844175093,1375.3409873065546,1321.6890869140625,0,0,1,0,14.607502889045236,7.76416015625,1443.8606747313206,1362.2017150878905,1280.5427554444605,0.20439993026556902,11.989261023381015,-48.276788330078034,0,0,0,0.011813216681181016,0
2026-06-02,1301.6815361898257,1321.689127358814,1294.3156903458798,1308.5498046875,23302785,1354.7860046386718,1361.459169921875,1347.0436082779968,36.10063446080087,-15.1452471854318,-10.273816492526754,-0.004090889791988239,1329.5527073325306,1380.4673249209027,1355.0100161267167,1375.3409873065546,1359.51416015625,0,0,1,0,20.33097117983789,50.96435546875,1427.1167034287598,1354.7860046386718,1282.4553058485837,0.18038329005119577,10.677804249886535,-46.236199951171784,0,0,0,-0.024016640214373247,0
2026-06-03,1308.9480145168118,1317.906594083847,1295.0124463014238,1307.15625,20012293,1348.5796997070313,1360.033759765625,1343.244812251521,34.56162781547455,-16.38913733753361,-11.496880661528127,-0.001064961136754583,1329.5527073325306,1380.4673249209027,1355.0100161267167,1375.3409873065546,1382.5078125,0,0,1,0,20.33097117983789,75.3515625,1414.617852924232,1348.5796997070313,1282.5415464898306,0.1863672915656136,9.793733841840718,-41.423449707031295,0,0,0,0.0059840015144178305,0
2026-06-04,1295.0124259474096,1305.1654340270677,1287.1487597049047,1297.699951171875,23474327,1341.9851928710937,1357.8299487304687,1338.9072064344118,38.44521828963265,-17.931272977605886,-12.78375912474368,-0.007234252850892964,1325.9692420120432,1376.8838596004152,1351.4265508062292,1375.3409873065546,1418.83984375,0,0,1,0,23.914436500325337,121.139892578125,1400.2286539819381,1341.9851928710937,1283.7417317602492,0.11982649335572279,8.680194300242048,-44.28524169921866,0,0,0,-0.06654079820989081,0
2026-06-05,1304.5,1306.0,1288.0,1291.0,17785223,1335.1054565429688,1355.6235302734376,1334.3446153454202,36.82368967403621,-19.469622954591387,-14.120931890713223,-0.005162943225685335,1324.9241014245836,1376.8838596004152,1350.9039805124994,1375.3409873065546,1424.215087890625,0,0,1,0,24.43700679405515,133.215087890625,1382.250269487389,1335.1054565429688,1287.9606435985486,0.03223426090410583,7.062335445245468,-44.105456542968795,0,0,0,-0.08759223245161696,0
2026-06-08,1277.0,1282.5999755859375,1259.199951171875,1263.300048828125,16494759,1329.1799072265626,1352.7834814453124,1327.5784661532966,33.506027163211144,-22.662689577568926,-15.829283428084365,-0.021456197654434517,1310.9496971580686,1362.9094553339003,1336.9295762459844,1362.9094553339003,1424.215087890625,0,0,1,0,25.979879087915833,160.9150390625,1380.92066436693,1329.1799072265626,1277.4391500861952,-0.1366340776548004,7.785365526376105,-65.87985839843759,0,1,0,-0.16886833855890623,1
2026-06-09,1269.0,1274.199951171875,1257.5,1269.199951171875,23620214,1324.7537841796875,1350.0355517578125,1322.0186075836375,17.768222944179882,-24.435468202593484,-17.55052038298619,0.0046702304406802675,1310.099721572131,1362.0594797479628,1336.079600660047,1362.0594797479628,1456.3663330078125,0,0,1,0,25.979879087915833,187.1663818359375,1380.9260887186822,1324.7537841796875,1268.5814796406928,0.005505128695163762,8.480414279213045,-55.5538330078125,0,0,0,0.14213920634996416,0
2026-06-10,1275.0,1300.5,1254.4000244140625,1258.800048828125,21012796,1320.0664672851562,1348.3736401367187,1315.997792464065,17.72124421455881,-26.375552290047608,-19.315526764398474,-0.00819406141179535,1308.5497337791624,1360.4597376134777,1334.50473569632,1360.509491954994,1456.864013671875,0,0,1,0,26.00475625867398,198.06396484375,1381.5720550697513,1320.0664672851562,1258.5608795005612,0.001944289422949712,9.31855922544373,-61.26641845703125,0,0,0,-0.0035608392722140505,1
2026-06-11,1258.0,1276.0,1253.199951171875,1263.0,13117486,1315.4398376464844,1346.8793408203126,1310.9503836579636,17.293605560414818,-27.259946256079502,-20.90441066273468,0.003336472043979466,1291.276770921187,1348.014438351601,1319.6456046363942,1359.9094553339003,1431.2823486328125,0,0,1,0,40.263850697506086,168.2823486328125,1379.4481312319742,1315.4398376464844,1251.4315440609946,0.09036685162958218,9.731846604252167,-52.43983764648442,0,0,0,0.08842256220663246,1
2026-06-12,1277.0,1297.0,1262.5,1293.0,11988785,1313.5773620605469,1345.4813720703125,1309.2408233095862,27.111289011401666,-25.249030460166296,-21.773334622221007,0.02375296912114022,1287.4445392653445,1344.6798987203333,1316.062218992839,1359.9094553339003,1429.590087890625,0,0,1,0,43.84723634106126,136.590087890625,1377.9204297523208,1313.5773620605469,1249.234294368773,0.3400965107918097,9.796616408011483,-20.577362060546875,0,0,0,0.2497296591622275,1
2026-06-15,1315.300048828125,1325.0,1303.300048828125,1307.0,18633321,1312.4397705078125,1344.7356811523437,1309.027411565816,35.76667960613443,-22.268979275787842,-21.872463552934377,0.010827532869296164,1289.0999755859375,1337.3139316473066,1313.206953616622,1359.9094553339003,1428.5947265625,0,0,1,0,46.70250171727821,121.5947265625,1376.402130929481,1312.4397705078125,1248.477410086144,0.45747678422160276,9.747092683258156,-5.4397705078124545,0,0,0,0.11738027342979307,1
2026-06-16,1313.4000244140625,1333.4000244140625,1306.4000244140625,1328.800048828125,18513223,1313.0491516113282,1345.3377758789063,1310.9105198765121,45.37180210348418,-17.94136856355226,-21.086244555057956,0.0166794558746175,1293.2999877929688,1320.1432971674676,1306.7216424802182,1359.9094553339003,1381.81103515625,0,0,0,0,53.18781285368209,53.010986328125,1377.390022748589,1313.0491516113282,1248.7082804740674,0.6224019580275408,9.800222795666704,15.75089721679683,0,0,0,0.16492517380593807,1
2026-06-17,1333.0,1334.0,1317.0,1332.699951171875,10029170,1312.0120422363282,1346.0198583984375,1312.985703809404,46.616336540114,-14.035227008725997,-19.676041045791564,0.002934905328449755,1293.5999755859375,1312.428968781087,1303.0144721835122,1359.9094553339003,1357.722412109375,0,0,0,0,56.89498315038804,25.0224609375,1374.352698466575,1312.0120422363282,1249.6713860060813,0.6659263006402981,9.503061591414516,20.68790893554683,0,0,0,0.04352434261275728,0
2026-06-18,1330.0,1333.9000244140625,1322.0,1328.0999755859375,15494549,1311.247607421875,1345.7499169921875,1314.425158264312,54.42663951384686,-11.181863706145123,-17.97720557786228,-0.003451621335989863,1293.5999755859375,1312.428968781087,1303.0144721835122,1359.9094553339003,1352.54638671875,0,0,0,0,56.89498315038804,24.4464111328125,1372.3940359297728,1311.247607421875,1250.1011789139773,0.6378033727831363,9.326450345731658,16.852368164062455,0,0,0,-0.02812292785716186,0
2026-06-19,1328.0,1338.199951171875,1305.300048828125,1309.5,24887034,1309.3093017578126,1345.4623388671876,1313.9560955724728,48.65113876797385,-10.302652747090633,-16.442295011707948,-0.014004951380058195,1295.699951171875,1308.9948377455285,1302.3473944587017,1359.9094553339003,1355.5325927734375,0,0,0,0,57.56206087519854,46.0325927734375,1368.0493602784695,1309.3093017578126,1250.5692432371557,0.5016232384423004,8.972678715685513,0.19069824218740905,0,0,0,-0.13618013434083587,1
2026-06-22,1316.699951171875,1344.9000244140625,1314.0999755859375,1326.5,12931213,1307.5988708496093,1345.1126196289063,1315.1507531369991,55.10966558252022,-8.14027774786473,-14.781891558939304,0.012982054219167649,1299.0499877929688,1308.9948377455285,1304.0224127692486,1359.9094553339003,1330.24951171875,0,0,0,0,55.887042564651665,3.74951171875,1362.0912396295414,1307.5988708496093,1253.1065020696772,0.6734291385526209,8.334722519992058,18.901129150390716,0,0,0,0.1718059001103205,0
2026-06-23,1328.9000244140625,1333.0,1304.0,1309.5,15400184,1305.5709716796875,1345.121669921875,1314.6125861715707,50.61272632578659,-7.709467959321728,-13.36740683901579,-0.012815680361854542,1299.0499877929688,1308.9948377455285,1304.0224127692486,1359.9094553339003,1329.7518310546875,0,0,0,0,55.887042564651665,20.2518310546875,1356.4938188683232,1305.5709716796875,1254.648124491052,0.5385782466734234,7.800854690131572,3.9290283203124545,0,0,0,-0.13485089187919752,1
2026-06-24,1305.699951171875,1322.0,1297.5,1313.5999755859375,11030917,1304.0367431640625,1344.6353881835937,1314.5161470681771,54.27650997544798,-6.957018158487244,-12.08532910291008,0.0031309473737590743,1303.7000122070312,1308.9948377455285,1306.3474249762799,1359.9094553339003,1316.6124267578125,0,0,0,0,53.562030357620415,3.012451171875,1351.962370465452,1304.0367431640625,1256.111115862673,0.5997715936166549,7.3503492217718875,9.563232421875,0,0,0,0.06119334694323153,1
2026-06-25,1318.0,1328.0,1314.5999755859375,1318.0999755859375,12694362,1302.7275146484376,1344.2550317382813,1314.8574640698685,57.3761667974645,-5.929235344061908,-10.854110351140447,0.00342570042907675,1321.2000122070312,1308.9948377455285,1315.0974249762799,1359.9094553339003,1353.442138671875,1,0,0,0,44.812030357620415,35.3421630859375,1347.5112975530617,1302.7275146484376,1257.9437317438135,0.6716297724361361,6.875387585056073,15.372460937499909,0,0,0,0.0718581788194812,0
2026-06-26,1318.0999755859375,1318.0999755859375,1318.0999755859375,1318.0999755859375,0,1302.8765441894532,1343.4426733398439,1315.1662746904462,67.56412032092047,-5.056422764736453,-9.694572833859649,0.0,1321.2000122070312,1308.9948377455285,1315.0974249762799,1359.9094553339003,1343.388671875,1,0,0,0,44.812030357620415,25.2886962890625,1347.8437455042656,1302.8765441894532,1257.9093428746407,0.6692726137202323,6.902757059424608,15.22343139648433,0,0,0,-0.0023571587159038065,0
2026-06-29,1308.0,1313.699951171875,1292.5999755859375,1301.0,13757656,1302.2302978515625,1342.322158203125,1313.8171056723086,59.50960064247645,-5.6790728104138,-8.89147282917048,-0.01297320074551711,1318.75,1308.9948377455285,1313.8724188727642,1359.9094553339003,1348.26611328125,1,0,1,0,46.03703646113604,47.26611328125,1346.9144067596917,1302.2302978515625,1257.5461889434332,0.486233384959159,6.862704543405219,-1.2302978515624545,0,0,0,-0.18303922876107326,0
2026-06-30,1306.9000244140625,1306.9000244140625,1290.0,1293.9000244140625,15695263,1301.4978088378907,1341.2587231445314,1311.920240790571,60.70775553432087,-6.668565083136855,-8.446891279963754,-0.005457321741689114,1317.4500122070312,1307.9496971580686,1312.6998546825498,1359.9094553339003,1360.7086181640625,1,0,1,0,47.209600651350456,66.80859375,1346.2238067146488,1301.4978088378907,1256.7718109611326,0.4150629970876915,6.873003945614636,-7.597784423828216,0,0,0,-0.07117038787146751,1
2026-07-01,1298.9000244140625,1312.199951171875,1296.5,1308.0,7001401,1301.5399963378907,1340.302099609375,1311.5468845248024,62.94592939299099,-6.243028895843736,-8.006118803139751,0.010897268196839782,1317.4500122070312,1307.9496971580686,1312.6998546825498,1359.9094553339003,1350.0579833984375,1,0,1,0,47.209600651350456,42.0579833984375,1346.2888496599128,1301.5399963378907,1256.7911430158686,0.5721806614308281,6.876293229240869,6.4600036621093295,0,0,0,0.15711766434313662,0
2026-07-02,1310.0,1313.199951171875,1299.0,1303.5,17795024,1301.8299987792968,1339.62775390625,1310.7805145700593,53.54012603796943,-6.197460328638499,-7.644387108239501,-0.0034403669724770714,1317.4500122070312,1307.9496971580686,1312.6998546825498,1359.9094553339003,1344.2845458984375,1,0,1,0,47.209600651350456,40.7845458984375,1346.5507165895854,1301.8299987792968,1257.1092809690083,0.5186714491903679,6.870438974708275,1.6700012207031705,0,0,0,-0.053509212240460235,1
2026-07-03,1312.0,1312.0,1302.0,1304.0,7839550,1302.479998779297,1339.2739721679689,1310.1347512776726,48.88723874379686,-6.051246091328039,-7.325758904857208,0.0003835826620637306,1311.5,1307.9496971580686,1309.7248485790342,1359.9094553339003,1344.2845458984375,1,0,1,0,50.18460675486608,40.2845458984375,1346.9292575786865,1302.479998779297,1258.0307399799074,0.5170981616089845,6.8253268904010875,1.5200012207030795,0,0,0,-0.0015732875813834202,1
2026-07-06,1304.0,1325.5999755859375,1299.4000244140625,1321.300048828125,7610709,1305.3799987792968,1338.5096899414064,1311.1981129491444,47.12202177969976,-4.487669832601114,-6.75814109040599,0.013266908610525263,1309.0,1299.0499877929688,1304.0249938964844,1359.9094553339003,1315.119384765625,1,0,0,0,55.884461437415894,-6.1806640625,1346.6828046034525,1305.3799987792968,1264.077192955141,0.6927235902157217,6.328089270983056,15.920050048828216,0,0,0,0.17562542860673724,0
2026-07-07,1323.5,1328.0,1304.0999755859375,1308.4000244140625,14335554,1307.3400024414063,1337.0275341796876,1310.9316283267558,41.277839363095836,-4.24056593833734,-6.254626059992261,-0.009763130203093273,1309.0,1299.0499877929688,1304.0249938964844,1359.9094553339003,1313.9249267578125,1,0,0,0,55.884461437415894,5.52490234375,1345.1630146630398,1307.3400024414063,1269.5169902197729,0.5140129237518775,5.786254861168551,1.060021972656159,0,0,0,-0.17871066646384426,0
2026-07-08,1297.0,1302.300048828125,1271.5999755859375,1275.9000244140625,19960868,1308.195001220703,1334.1687377929688,1307.5952850969757,34.389962196156546,-6.591233076012941,-6.3219474631963966,-0.024839498160781792,1299.7999877929688,1299.0499877929688,1299.4249877929688,1359.9094553339003,1308.5498046875,1,0,1,0,60.48446754093152,32.6497802734375,1342.1674192415549,1308.195001220703,1274.2225831998512,0.024688281140036808,5.193785022745305,-32.294976806640534,0,0,0,-0.48932464261184067,1
2026-07-09,1277.0999755859375,1296.5,1274.199951171875,1279.800048828125,14651963,1309.0350036621094,1331.2804370117187,1304.9481197380376,40.26231109118853,-8.046697027474465,-6.6668973760520105,0.0030566849591946443,1299.7999877929688,1299.0499877929688,1299.4249877929688,1359.9094553339003,1307.15625,1,0,1,0,60.48446754093152,27.356201171875,1339.1022583918766,1309.0350036621094,1278.9677489323421,0.013840636653782335,4.593804542376965,-29.234954833984375,0,0,1,-0.010847644486254472,1
2026-07-10,1291.9000244140625,1311.0999755859375,1287.800048828125,1307.800048828125,8412537,1309.7750061035156,1328.9521362304688,1305.2197320323316,44.28136049789755,-6.861699302522766,-6.705857761346162,0.02187841766816523,1299.7999877929688,1299.0499877929688,1299.4249877929688,1359.9094553339003,1297.699951171875,1,0,0,0,60.48446754093152,-10.10009765625,1338.942284802962,1309.7750061035156,1280.6077274040692,0.4661442999920992,4.453784591021759,-1.9749572753905795,0,0,1,0.4523036633383169,0
2026-07-13,1300.0,1306.4000244140625,1295.0,1296.9000244140625,9488352,1309.2700073242188,1325.7628100585937,1304.42737892583,45.9974670801856,-6.724603895177779,-6.709606988112486,-0.008334626095043873,1299.7999877929688,1299.0499877929688,1299.4249877929688,1359.9094553339003,1291.0,1,0,1,0,60.48446754093152,-5.9000244140625,1338.9570912259537,1309.2700073242188,1279.5829234224839,0.29166052564978623,4.534906281463975,-12.369982910156295,0,0,1,-0.174483774342313,0
2026-07-14,1290.0,1308.0,1286.9000244140625,1293.0,13511284,1307.4800048828124,1322.4855297851564,1303.33905712337,43.44784796817477,-6.851672359546001,-6.7380200623991895,-0.0030071897144303694,1299.7999877929688,1299.0499877929688,1299.4249877929688,1359.9094553339003,1263.300048828125,1,0,1,0,60.48446754093152,-29.699951171875,1336.5517203303891,1307.4800048828124,1278.4082894352357,0.2509606044933375,4.446984326950738,-14.480004882812409,0,0,1,-0.040699921156448715,1
2026-07-15,1294.0999755859375,1310.9000244140625,1294.0999755859375,1295.5,9577965,1305.6200073242187,1319.7698828125,1302.5924802544776,42.71908346632332,-6.673715488500875,-6.725159147619527,0.0019334880123742515,1299.7999877929688,1299.0499877929688,1299.4249877929688,1359.9094553339003,1269.199951171875,1,0,1,0,60.48446754093152,-26.300048828125,1332.69067855023,1305.6200073242187,1278.5493360982075,0.3130817067717411,4.146791727171942,-10.120007324218705,0,0,1,0.06212110227840356,1
2026-07-16,1295.5,1309.4000244140625,1291.800048828125,1296.5999755859375,15631046,1304.0450073242187,1317.1100805664062,1302.0217655241404,43.12220304433736,-6.37048951158431,-6.654225220412484,0.0008490741689983761,1299.7999877929688,1299.0499877929688,1299.4249877929688,1359.859700992384,1258.800048828125,1,0,1,0,60.43471319941523,-37.7999267578125,1329.305671221455,1304.0450073242187,1278.7843434269823,0.3526358656176156,3.8742012362086955,-7.445031738281159,0,0,1,0.03955415884587454,1
2026-07-17,1300.0,1330.300048828125,1296.0999755859375,1327.199951171875,18302218,1304.9300048828125,1315.0821850585937,1304.4196879667818,57.714942178372134,-3.6192974372122535,-6.047239663772438,0.023600166714571547,1300.9500122070312,1303.7000122070312,1302.3250122070312,1348.014438351601,1263.0,0,0,0,0,45.68942614456978,-64.199951171875,1332.0638795363395,1304.9300048828125,1277.7961302292854,0.9103716585527848,4.158671277692599,22.269946289062545,0,0,1,0.5577357929351692,0
2026-07-20,1317.199951171875,1345.9000244140625,1314.9000244140625,1323.0999755859375,14305844,1304.7600036621093,1313.9079638671874,1306.19876297813,58.75298040289046,-1.7496230959161494,-5.187716350201181,-0.0030891920861791933,1308.75,1308.75,1308.75,1344.6798987203333,1293.0,0,0,0,0,35.92989872033331,-30.0999755859375,1331.389088912124,1304.7600036621093,1278.1309184120946,0.8443597808869179,4.081836533197524,18.339971923828216,0,0,1,-0.06601187766586691,0
2026-07-21,1321.0,1326.9000244140625,1302.699951171875,1303.699951171875,12753410,1304.4700012207031,1312.8275146484375,1305.9607809013437,48.75071284482539,-1.812420096923688,-4.512657099545683,-0.014662553678508772,1310.0499877929688,1308.75,1309.3999938964844,1337.3139316473066,1307.0,1,0,1,0,27.913937750822242,3.300048828125,1331.0124767041284,1304.4700012207031,1277.9275257372778,0.4854940047074925,4.069465063755738,-0.770050048828125,0,0,1,-0.3588657761794254,0
2026-07-22,1302.0,1304.5999755859375,1280.699951171875,1288.5999755859375,10840383,1303.2200012207031,1311.5485864257812,1304.307370871305,45.92227191000876,-3.045522123406954,-4.219230104317937,-0.011582400975289064,1313.2999877929688,1308.75,1311.0249938964844,1320.1432971674676,1328.800048828125,1,0,1,0,9.118303270983233,40.2000732421875,1330.274635964789,1303.2200012207031,1276.1653664766172,0.22980552550313868,4.151967391345175,-14.620025634765625,0,0,1,-0.2556884792043538,0
2026-07-23,1283.0,1287.300048828125,1268.0,1272.199951171875,12580741,1300.925,1309.88193359375,1301.2495213761213,41.99394934760642,-5.285184950708981,-4.432421073596146,-0.01272700971968066,1306.9500122070312,1306.9500122070312,1306.9500122070312,1312.428968781087,1332.699951171875,0,0,1,0,5.478956574055701,60.5,1330.2345737312596,1300.925,1271.6154262687403,0.009971569503095346,4.505959026271255,-28.725048828124955,0,0,1,-0.21983395600004332,1
2026-07-24,1265.0,1283.4000244140625,1249.800048828125,1278.0,9817000,1298.9200012207032,1308.836943359375,1299.0352812450622,38.42864077289845,-6.516994553323684,-4.8493357695416535,0.004559070154642297,1297.8500366210938,1297.8500366210938,1297.8500366210938,1310.729017609212,1328.0999755859375,0,0,1,0,12.878980988118201,50.0999755859375,1328.7375497385262,1298.9200012207032,1269.10245270288,0.14919984605376765,4.591129321251661,-20.92000122070317,0,0,1,0.1392282765506723,1
2026-07-27,1288.199951171875,1288.699951171875,1278.0,1280.0,7163132,1297.8700012207032,1307.8419067382813,1297.222397316961,41.94097258545784,-7.248275643083389,-5.329123744250001,0.0015649452269170805,1297.8500366210938,1297.8500366210938,1297.8500366210938,1307.2948865736535,1309.5,0,0,1,0,9.444849952559707,29.5,1328.779614771614,1297.8700012207032,1266.9603876697925,0.2109313387035751,4.7631293614674695,-17.870001220703216,0,0,1,0.06173149264980746,0
2026-07-28,1275.0,1279.199951171875,1265.9000244140625,1267.699951171875,9312184,1296.5599975585938,1306.8636572265625,1294.410735779334,47.371773453327314,-8.719815712311629,-6.007262137862327,-0.009609413146972612,1297.8500366210938,1297.8500366210938,1297.8500366210938,1307.2948865736535,1326.5,0,0,1,0,9.444849952559707,58.800048828125,1330.1372817297176,1296.5599975585938,1262.9827133874699,0.07024448076807112,5.1794416354583666,-28.86004638671875,0,0,0,-0.140686857935504,1
2026-07-29,1275.0,1282.4000244140625,1268.699951171875,1275.9000244140625,9448307,1294.9549987792968,1305.3128149414063,1292.6478108874035,48.78352456138881,-9.119223704924934,-6.629654451274849,0.006468465376690435,1297.8500366210938,1297.8500366210938,1297.8500366210938,1307.2948865736535,1309.5,0,0,1,0,9.444849952559707,33.5999755859375,1329.2525510954158,1294.9549987792968,1260.6574464631778,0.22221087106150467,5.297103350842297,-19.05497436523433,0,0,0,0.15196639029343356,1
2026-07-30,1279.800048828125,1297.0,1275.300048828125,1292.9000244140625,12158451,1294.425,1304.3030419921874,1292.6718312232758,45.010044421115104,-7.972102061474516,-6.898143973314783,0.01332392795258941,1297.8500366210938,1297.8500366210938,1297.8500366210938,1307.2948865736535,1313.5999755859375,0,0,1,0,9.444849952559707,20.699951171875,1328.504901332144,1294.425,1260.3450986678558,0.47762646712097284,5.265643251968112,-1.5249755859374545,0,0,0,0.2554155960594682,1
2026-07-31,1295.0,1309.699951171875,1293.5999755859375,1307.800048828125,8624996,1294.6150024414062,1303.493720703125,1294.112613852309,53.55512467800308,-5.793903931022896,-6.677295964856405,0.011524498517056836,1288.3500366210938,1297.8500366210938,1293.1000366210938,1307.2948865736535,1318.0999755859375,0,1,0,0,14.194849952559707,10.2999267578125,1328.9477496709635,1294.6150024414062,1260.282255211849,0.6920185165865157,5.303931619023731,13.185046386718795,0,0,0,0.21439204946554286,1
2026-08-03,1315.199951171875,1319.0,1306.0,1319.0,7508023,1294.5,1302.6595483398437,1296.4828411044703,58.09464015882812,-3.127867650650387,-5.967410302015202,0.008563962955889792,1284.4000244140625,1297.8500366210938,1291.1250305175781,1307.2948865736535,1318.0999755859375,0,1,0,0,16.169856056075332,-0.9000244140625,1328.4881142627362,1294.5,1260.5118857372638,0.8604201134933405,5.251157089646379,24.5,0,0,0,0.16840159690682477,0
2026-08-04,1315.0,1315.0,1286.4000244140625,1290.9000244140625,10759546,1293.625,1301.4763891601563,1295.9511442768123,48.76477610726974,-3.2450410657536395,-5.42293645476289,-0.021303999686078434,1284.4000244140625,1297.8500366210938,1291.1250305175781,1307.2948865736535,1301.0,0,0,1,0,16.169856056075332,10.0999755859375,1327.032772153174,1293.625,1260.217227846826,0.45921644260737376,5.164985548852865,-2.7249755859375,0,0,0,-0.4012036708859667,0
2026-08-05,1293.0,1299.0,1270.0999755859375,1280.0,24820782,1293.8299987792968,1300.1906982421874,1294.4319876790207,45.765314987920654,-4.169380691064589,-5.1722253020232305,-0.00844374018740146,1284.4000244140625,1297.8500366210938,1291.1250305175781,1306.2497459861936,1293.9000244140625,0,0,1,0,15.124715468615477,13.9000244140625,1326.8482409392893,1293.8299987792968,1260.8117566193043,0.2905703351456071,5.103953717434989,-13.82999877929683,0,0,0,-0.16864610746176667,1
2026-08-06,1285.0,1325.199951171875,1281.199951171875,1325.0,20342297,1296.0899963378906,1299.8050073242186,1297.3432269476855,49.47719827941319,-1.2563205035892224,-4.38904434233643,0.03515625,1295.5499877929688,1297.8500366210938,1296.7000122070312,1306.2497459861936,1308.0,0,1,0,0,9.549733779162352,-17.0,1331.0859940457676,1296.0899963378906,1261.0939986300136,0.91304728476997,5.4002419286868015,28.910003662109375,0,0,0,0.622476949624363,1
2026-08-07,1320.0,1337.0,1316.5999755859375,1334.800048828125,9885638,1297.4399963378905,1300.1986206054687,1300.910543317251,52.70709424937002,1.8220789287684056,-3.146819688115463,0.00739626326650944,1301.4500122070312,1297.8500366210938,1299.6500244140625,1306.2497459861936,1303.5,1,1,0,0,6.599721572131102,-31.300048828125,1336.036607879116,1297.4399963378905,1258.843384796665,0.9839809895012389,5.94965650051901,37.360052490234466,0,0,0,0.07093370473126892,0
2026-08-10,1330.0999755859375,1332.9000244140625,1321.300048828125,1327.300048828125,8207102,1298.9599975585938,1300.466123046875,1303.4238295563819,55.778666768690734,3.6148753053589644,-1.7944806894205776,-0.005618819093230143,1302.8499755859375,1297.8500366210938,1300.3500061035156,1306.2497459861936,1304.0,1,1,0,0,5.899739882677977,-23.300048828125,1339.6874212510972,1298.9599975585938,1258.2325738660904,0.847923446907687,6.270774122228697,28.34005126953116,0,0,0,-0.13605754259355196,0
2026-08-11,1326.5999755859375,1328.699951171875,1314.0999755859375,1323.9000244140625,9953124,1300.5049987792968,1300.7731274414064,1305.3739433523515,59.168832222970494,4.70706567216007,-0.49417141710444823,-0.002561609499724171,1303.5499877929688,1297.8500366210938,1300.7000122070312,1297.8500366210938,1321.300048828125,1,1,0,1,2.8499755859375,-2.5999755859375,1342.5344122806935,1300.5049987792968,1258.4755852779,0.7783172983604479,6.463552780011931,23.395025634765716,0,0,0,-0.06960614854723901,1
2026-08-12,1323.9000244140625,1329.0,1309.199951171875,1329.0,7901012,1302.179998779297,1301.2100024414062,1307.624043985461,65.67328576279041,5.915964260729652,0.7878557184623719,0.003852236189960445,1303.5499877929688,1297.8500366210938,1300.7000122070312,1297.8500366210938,1308.4000244140625,1,1,0,1,2.8499755859375,-20.5999755859375,1345.913648474112,1302.179998779297,1258.4463490844819,0.8066288934019921,6.716989930088364,26.820001220703034,0,0,0,0.028311595041544124,0
2026-08-13,1327.800048828125,1327.800048828125,1307.199951171875,1317.0,9397301,1303.2,1301.5960034179689,1308.5169921773218,60.40554149280021,5.83842367615307,1.7979693100005116,-0.009029345372460473,1303.5499877929688,1297.8500366210938,1300.7000122070312,1297.8500366210938,1275.9000244140625,1,1,0,1,2.8499755859375,-41.0999755859375,1347.3154129657253,1303.2,1259.0845870342748,0.6564079204100577,6.770321204070784,13.799999999999955,0,0,0,-0.15022097299193438,0
2026-08-14,1317.0,1317.5,1301.5,1310.0,10497358,1302.3400024414063,1301.9760034179687,1308.6582310175768,57.796251860555714,5.152733204748301,2.4689220889500696,-0.005315110098709219,1303.5499877929688,1297.8500366210938,1300.7000122070312,1297.8500366210938,1279.800048828125,1,1,0,1,2.8499755859375,-30.199951171875,1345.2032704769035,1302.3400024414063,1259.4767344059092,0.5893538676548186,6.58250041542829,7.659997558593659,0,0,0,-0.06705405275523912,1
2026-08-17,1314.0,1320.800048828125,1298.0999755859375,1316.0,13383867,1301.9850036621094,1303.0300024414062,1309.3574471111408,62.97690045207316,5.035423197753289,2.9822223107107133,0.004580152671755711,1303.5499877929688,1297.8500366210938,1300.7000122070312,1297.8500366210938,1307.800048828125,1,1,0,1,2.8499755859375,-8.199951171875,1344.2683273230693,1301.9850036621094,1259.7016800011495,0.6657272314999044,6.495209014240425,14.01499633789058,0,0,0,0.07637336384508586,1
2026-08-18,1314.0,1328.5999755859375,1311.199951171875,1322.0,10180567,1302.9000061035156,1304.0860034179686,1310.5614997672226,62.53397756004112,5.364762386600432,3.458730325888657,0.004559270516717229,1309.0999755859375,1297.8500366210938,1303.4750061035156,1297.8500366210938,1296.9000244140625,1,1,0,1,5.624969482421875,-25.0999755859375,1346.0747944485124,1302.9000061035156,1259.7252177585187,0.7211938335848004,6.627490696560271,19.09999389648442,0,0,0,0.055466602084895955,0
2026-08-19,1320.300048828125,1321.5999755859375,1303.5,1311.0,7489365,1304.0200073242188,1305.1300024414063,1310.6032616941538,55.08712003990786,4.6841618948242285,3.7038166396757712,-0.008320726172465931,1317.5499877929688,1297.8500366210938,1307.7000122070312,1297.8500366210938,1293.0,1,1,0,1,9.8499755859375,-18.0,1346.8133309081802,1304.0200073242188,1261.2266837402574,0.5815546923118312,6.563292486864689,6.9799926757812045,0,0,0,-0.13963914127296917,1
2026-08-20,1315.5,1316.5,1307.0,1313.199951171875,5546227,1306.0700073242188,1306.1340014648438,1310.8505654539367,51.63435349267504,4.27304180933902,3.8176616736084212,0.0016780710693173884,1315.5,1297.8500366210938,1306.6750183105469,1297.8500366210938,1295.5,1,1,0,1,8.824981689453125,-17.699951171875,1346.428520954718,1306.0700073242188,1265.7114936937196,0.5883325871826472,6.1801455364835665,7.12994384765625,0,0,0,0.006777894870816037,1
2026-08-21,1314.0,1316.0,1308.0,1316.0,5434871,1307.9700073242188,1306.5940014648438,1311.340987791657,49.04336764483778,4.125609263589013,3.8792511916045394,0.0021322334238791374,1313.5499877929688,1297.8500366210938,1305.7000122070312,1297.8500366210938,1296.5999755859375,1,1,0,1,7.8499755859375,-19.4000244140625,1346.3953311502457,1307.9700073242188,1269.544683498192,0.604488288922918,5.875566505479059,8.029992675781159,0,0,0,0.0161557017402707,0
2026-08-24,1316.5999755859375,1320.0,1302.4000244140625,1309.800048828125,7277167,1309.460009765625,1306.6500024414063,1311.194231699892,57.00519681006532,3.4685009446482127,3.7971011422132745,-0.004711209097169489,1313.5499877929688,1297.8500366210938,1305.7000122070312,1297.8500366210938,1327.199951171875,1,1,0,1,7.8499755859375,17.39990234375,1345.6792122757752,1309.460009765625,1273.240807255475,0.5046941820765471,5.53192953431741,0.3400390624999545,0,0,0,-0.0997941068463708,1
2026-08-25,1304.300048828125,1317.0999755859375,1300.0,1317.0,7115355,1311.9250122070312,1306.4140014648438,1311.747162014188,64.10061500386122,3.4885004925833982,3.7353810122872995,0.0054969849621830935,1313.3499755859375,1293.4000244140625,1303.375,1297.8500366210938,1323.0999755859375,1,1,0,1,5.52496337890625,6.0999755859375,1342.7489554025876,1311.9250122070312,1281.1010690114747,0.5823221701514887,4.6990404037959195,5.074987792968841,0,0,1,0.07762798807494153,0
2026-08-26,1310.0,1315.5999755859375,1298.0,1298.0,5744474,1313.030010986328,1305.7200024414062,1310.4379084890274,37.16729442398335,1.9487451470331507,3.37805383923647,-0.014426727410782103,1313.2999877929688,1293.4000244140625,1303.3500061035156,1297.8500366210938,1303.699951171875,1,0,0,1,5.499969482421875,5.699951171875,1339.945668674937,1313.030010986328,1286.1143532977192,0.2207942833830698,4.099777988835196,-15.03001098632808,0,0,1,-0.36152788676841885,0
2026-08-27,1305.0,1308.4000244140625,1282.199951171875,1282.199951171875,11271497,1312.4950073242187,1304.802001953125,1307.7485792207272,26.34886656786871,-0.5402265561062904,2.594397760167918,-0.012172610807492323,1305.3999633789062,1293.4000244140625,1299.3999938964844,1297.8500366210938,1288.5999755859375,1,0,1,1,1.549957275390625,6.4000244140625,1341.3457085096168,1312.4950073242187,1283.6443061388206,-0.02503154009436444,4.3963140468192625,-30.295056152343705,0,1,1,-0.24582582347743426,1
