Date,Close,High,Low,Open,Volume,SMA_20,SMA_50,EMA_20,RSI,MACD,MACD_signal,Daily_Return,Target
2022-03-15,1075.398193359375,1104.7464533796308,1065.1148867530296,1104.7464533796308,15925769,1075.3355651855468,1091.1265649414063,1074.6251093118524,48.115392926771925,-2.572221763470907,-6.464520387051436,-0.022903315180006767,1
2022-03-16,1093.5531005859375,1095.6234340578644,1081.609026403429,1083.8385885222203,11149828,1075.0034057617188,1091.1220141601561,1076.4277751474795,52.08451112837378,-0.8108891452650369,-5.333794138694156,0.016882032477522957,1
2022-03-17,1129.203369140625,1136.3469946247096,1098.8994972340938,1106.9304944761457,21422098,1076.5675109863282,1091.3367822265625,1081.4540221944458,67.04386089528535,3.422209276726335,-3.5825934556100574,0.03260040004969644,0
2022-03-21,1122.69677734375,1130.2499690830257,1109.7744623583417,1112.0495186610842,11999466,1077.111260986328,1091.3167626953125,1085.3819036372367,64.13441066918017,6.180695483644513,-1.6299356677591432,-0.005762108026499124,1
2022-03-22,1151.7037353515625,1153.4327442921551,1116.417558596963,1119.3750232146149,22557065,1079.5398864746094,1092.3601049804688,1091.6982685624107,63.46731880274217,10.58541271779427,0.8131340093515396,0.0258368587076927,1
2022-03-23,1155.366455078125,1167.0375661035232,1147.9953600851836,1147.9953600851836,15462187,1082.7090454101562,1093.299248046875,1097.761905373431,61.601938395870754,14.207953290055912,3.492097865492414,0.0031802620883611965,1
2022-03-24,1173.3167724609375,1175.8194185614975,1142.0802732954487,1142.0802732954487,13168266,1087.0237060546874,1094.5791967773437,1104.9576070008127,66.01904448933766,18.31614625566999,6.4569075435279295,0.015536470964615967,1
2022-03-25,1181.14306640625,1190.3115323247282,1172.566021240517,1175.0686673806458,14222488,1092.0697937011719,1095.8559619140624,1112.2133650394258,72.91463398547432,21.950404691538324,9.555606973130008,0.0066702310313841995,1
2022-03-28,1193.018798828125,1196.5678044575318,1176.8885634283015,1187.5813149251485,9891424,1100.4010681152345,1096.7737231445312,1119.9091206383493,86.08231412113595,25.494962979031925,12.743478174310393,0.010054440278778554,1
2022-03-29,1193.291748046875,1200.321638726132,1186.3983390664755,1200.321638726132,8684065,1108.1044189453125,1097.5677172851563,1126.897942296304,86.7604435879737,28.003271398603374,15.795436819168991,0.0002287886989023047,1
2022-03-30,1216.2244873046875,1223.0724028520565,1190.8120505919685,1201.1863453712592,15811550,1115.2344665527344,1098.7866967773436,1135.4052322971024,84.79004510846815,31.478737008308144,18.93209685699682,0.019218048976998192,0
2022-03-31,1198.8428955078125,1214.7456618708436,1196.0446595036312,1212.584340487485,13223718,1120.6081604003907,1099.5374658203125,1141.4469145076462,76.45649780219202,32.4563823767503,21.63695396094752,-0.01429143384162157,1
2022-04-01,1208.443603515625,1212.6752582349072,1193.0415116671982,1199.4116203413212,7922880,1126.9225830078126,1100.7573510742188,1147.8275515560251,77.16405020829276,33.618338989380845,24.033230966634186,0.00800831205138497,1
2022-04-04,1212.015625,1217.1572786813151,1201.9826544660282,1208.2617761125623,7929162,1134.6157104492188,1102.0504956054688,1153.9407014078324,76.57662484697627,34.430536465387604,26.112692066384874,0.00295588596272367,0
2022-04-05,1194.8843994140625,1214.836726034793,1192.450114468768,1206.282427766636,13149870,1143.4088165283204,1103.4027905273438,1157.8401012179497,79.64550095009186,33.30790923927384,27.55173550096267,-0.014134492355193484,0
2022-04-06,1191.69921875,1198.7291094168588,1177.1616311168914,1177.1616311168914,12257215,1152.1348083496093,1104.6877416992188,1161.064779078145,76.30483274780944,31.794692194452864,28.40032683966071,-0.0026656810195400116,0
2022-04-07,1170.677734375,1185.7613700217532,1168.015859682402,1180.8016922079776,15496499,1157.111505126953,1106.4618334960937,1161.9802986302263,62.061654816525156,28.56986308162209,28.43423408805299,-0.017639924608702784,1
2022-04-08,1190.152099609375,1194.4065010347829,1164.830654298533,1164.830654298533,15152495,1162.1939880371094,1108.6677294921874,1164.6633272949073,68.24159180908643,27.27121569759811,28.201630409962014,0.016635120548160076,0
2022-04-11,1187.67236328125,1200.5719293490686,1175.2959770389286,1183.0311432189874,9254209,1166.9955078125,1111.1439038085937,1166.8546640555112,61.35609472591288,25.745160111887344,27.71033635034708,-0.00208354573246472,0
2022-04-12,1165.3087158203125,1184.214442712084,1162.7378287017318,1177.116189798847,13217742,1170.2306579589845,1113.1932836914064,1166.707430890254,52.807469764729156,22.472145708969265,26.66269822207152,-0.018829812120197964,0
2022-04-13,1161.031494140625,1179.6642564336455,1158.2331376653574,1171.4285360239392,10354235,1174.5123229980468,1114.6952783203126,1166.1668654855275,46.24061751278081,19.31052248768833,25.19226307519488,-0.003670462274605546,0
2022-04-18,1157.4822998046875,1164.7397805103374,1147.4493300930017,1152.545489452205,9974224,1177.7087829589843,1116.19818359375,1165.339763992114,42.56501569245098,16.330277709314487,23.419866002018804,-0.0030569320073134953,1
2022-04-19,1201.595703125,1213.972089786732,1160.7584292751112,1163.920736701103,26141820,1181.3283996582031,1118.53921875,1168.7927105761985,52.24109202441464,17.328245994438703,22.201542000502783,0.03811151438579774,1
2022-04-20,1236.9273681640625,1244.0028730390352,1205.3722941596611,1209.0124078704498,25072240,1187.0399291992187,1121.867177734375,1175.2817255845664,59.63623816237461,20.73113749166123,21.907461098734473,0.029403954214529238,1
2022-04-21,1265.888916015625,1269.0284764486553,1243.0927417436085,1251.692532864583,21708633,1192.7491882324218,1125.9695654296875,1183.9109818160957,60.6831417103383,25.47129119996157,22.620227118979894,0.023414105465666468,0
2022-04-22,1255.2872314453125,1274.9437261640835,1248.6440386176955,1255.3327253469529,15054154,1197.7452270507813,1129.9891430664063,1190.7087198760212,62.50632900436648,28.04909728832058,23.70600115284803,-0.008374893275534201,0
2022-04-25,1226.2574462890625,1255.1051538112451,1211.9928211860372,1247.825046254362,17063215,1200.3922607421875,1133.0736694335938,1194.0943128677393,53.63411105217415,27.43333176345004,24.451467274968433,-0.02312601007087889,1
2022-04-26,1262.9541015625,1271.7586153913803,1232.0360622414871,1233.0825422871724,12227666,1204.4828125,1136.6423291015626,1200.6523879815259,59.15445744733129,29.56563233684892,25.474300287344533,0.029925734913569757,1
2022-04-27,1264.1827392578125,1286.7740721528176,1253.5808548135026,1253.9449263825295,19338945,1208.0410095214843,1140.2578564453124,1206.7028976268866,63.20903280688806,30.997318900398795,26.578904009955387,0.0009728284612975369,1
2022-04-28,1283.065673828125,1297.239310503393,1267.708955036475,1278.5610555725848,25614076,1212.5297058105468,1144.2933544921875,1213.9755429793856,66.43210855535563,33.27209581590682,27.91754237114568,0.014936871058212953,0
2022-04-29,1269.597412109375,1299.5827089210004,1263.7049887259216,1299.5827089210004,18214862,1215.1983520507813,1148.4039331054687,1219.2728638489084,68.28738787451515,33.60076801071068,29.05418749905868,-0.010496938694156133,0
2022-05-02,1265.13818359375,1276.5362108883514,1254.9458650066724,1256.7432351242765,9467006,1218.513116455078,1151.7027709960937,1223.6409895388933,64.67762021682181,33.11963804800598,29.86727760884814,-0.003512316954251027,0
2022-05-04,1225.64306640625,1269.4835388914837,1217.748671405608,1267.2084828840266,19247660,1219.3730895996093,1154.25720703125,1223.8316635262609,56.4916287673886,29.21464496200656,29.736751079479827,-0.031218026378201813,0
2022-05-05,1201.641357421875,1242.182926337161,1197.591798062594,1239.2253410637345,17210669,1218.8543762207032,1156.0535986328125,1221.718301040129,56.17698173243628,23.90758077380042,28.57091701834395,-0.019582951711015872,0
2022-05-06,1192.42724609375,1209.8769247815503,1180.0963532492094,1188.582409796725,19649948,1218.7315185546875,1157.8395190429687,1218.9286767595215,55.24952993975554,18.74214461414408,26.60516253750398,-0.007667937917760992,0
2022-05-09,1145.8568115234375,1181.711782557566,1140.715158224648,1171.6331985147317,18083752,1216.4393981933595,1158.9169897460938,1211.9694514989421,48.30064137244854,10.766544356791428,23.437438901361467,-0.03905515805922055,0
2022-05-10,1125.9954833984375,1149.633416525882,1118.419545268301,1135.255056944122,19511677,1214.2052856445312,1159.6964282226563,1203.7814545369893,38.10580834686989,2.8107795827197606,19.312107037633126,-0.017333167569684393,0
2022-05-11,1114.4609375,1130.6821606199796,1102.0163098457965,1125.0854480941018,16643899,1210.4207275390625,1160.381220703125,1195.2747386287047,29.172799467883905,-4.374535848496407,14.57477846040722,-0.010243865156212117,0
2022-05-12,1091.7559814453125,1107.8860980458353,1078.3786071325271,1104.5418146447614,20490321,1205.6249084472656,1161.6884741210938,1185.4158093731435,19.742258222847624,-11.765425790723384,9.306737610181099,-0.020373038920161846,1
2022-05-13,1104.1322021484375,1127.5197990708434,1099.0132956252585,1103.8592387327842,19308778,1202.5660827636718,1162.9866235351562,1177.674513446981,23.895934698833784,-16.434653287196625,4.1584594307055545,0.011336068602748384,1
2022-05-16,1104.4053955078125,1128.8849688761652,1099.6049458265495,1107.7041851912536,13437911,1199.7347778320313,1163.6022607421876,1170.6965022146792,26.635867514649803,-19.883797259614994,-0.6499919073585554,0.00024742812395417424,1
2022-05-17,1150.7935791015625,1155.685015762583,1106.5891549718588,1107.9997065605392,16551828,1199.400341796875,1164.790751953125,1168.8009857277157,29.2647721902745,-18.659040173437006,-4.251801560574246,0.04200285853585539,1
2022-05-18,1154.979736328125,1169.3808421611643,1141.2839062872033,1155.5712773721964,17276788,1197.0695434570312,1166.2472436523437,1167.484676261088,30.029908559902168,-17.15289555310528,-6.832020359080454,0.0036376265062503244,0
2022-05-19,1128.361572265625,1143.2177387581737,1122.0824507846328,1130.2499303127915,14699118,1191.6412536621094,1167.6514135742189,1163.758666356758,22.487423985995108,-17.900779430445255,-9.045772173353415,-0.023046433824998158,1
2022-05-20,1194.15625,1203.2337272058603,1138.4400638194588,1143.2176453948912,21793091,1188.054620361328,1171.1540930175781,1166.6536743227812,38.68873570017703,-13.034152570001652,-9.843448252683062,0.05830992418703751,0
2022-05-23,1186.1708984375,1207.3971730449673,1179.8461630484092,1197.364082975496,15252755,1184.5988037109375,1174.5339233398438,1168.512457571802,38.283929876721366,-9.709739028258127,-9.816706407798076,-0.006687024049407242,1
2022-05-24,1190.2432861328125,1200.3217504414995,1181.9848186867473,1186.2164738705717,13527818,1182.798095703125,1176.9159130859375,1170.5820602918982,44.13097461906332,-6.669626391331349,-9.187290404504731,0.003433221722668245,0
2022-05-25,1188.4913330078125,1208.8303542214992,1183.713631415914,1198.9566141177693,12714544,1179.0749572753907,1178.9156909179687,1172.2877053124614,47.64616295610031,-4.351521567342161,-8.220136637072217,-0.0014719285925923753,0
2022-05-26,1177.16162109375,1198.9111951609143,1159.37061802393,1194.1334932703796,17882023,1174.7239013671874,1180.626083984375,1172.7518877678222,47.28801326847142,-3.389547267420312,-7.254018763141836,-0.00953285194380804,0
2022-05-27,1171.701416015625,1185.3744993862058,1155.7760235250337,1179.868894988702,16521973,1169.1556884765625,1182.047998046875,1172.6518428390414,55.37674195122918,-3.0328082948826705,-6.409776669490003,-0.004638449793369692,1
2022-05-30,1212.5159912109375,1216.7020315446362,1180.392124401247,1189.8562993151577,13853398,1166.3016174316406,1184.7903540039063,1176.4484283982697,66.55639596540979,0.5371135173570565,-5.020398632120592,0.034833597226589186,0
2022-05-31,1197.887451171875,1218.8862574674567,1190.1750310186887,1201.8687694825662,70620653,1162.9390808105468,1186.877041015625,1178.490240090994,65.77751039321537,2.1609907914389623,-3.584120747408681,-0.012064616174218834,1
2022-06-01,1198.274169921875,1208.1479107227306,1190.4024014083636,1198.638121118035,9776989,1161.5706359863282,1188.25845703125,1180.374423884411,72.00188602651028,3.4394819943072434,-2.1794001990654963,0.00032283396042065426,1
2022-06-02,1239.5892333984375,1243.2975879303071,1198.5016232049925,1198.5016232049925,22126569,1163.4680297851562,1190.5963061523437,1186.0139295524136,74.991621893344,7.697741054578728,-0.20397194833665155,0.034478806698517106,1
2022-06-03,1264.705810546875,1281.9280190654465,1247.6428306711036,1248.552949338414,23939791,1167.0819580078125,1192.85634765625,1193.508394409029,77.09166034339981,12.94986195917295,2.426794833165269,0.020262016216112455,0
2022-06-06,1259.2686767578125,1280.403966122388,1252.1021829834976,1264.9336309179137,11093152,1172.7525512695313,1194.9343920898436,1199.7712784422465,71.27820362642342,16.483463254993467,5.2381285175309085,-0.004299129286605696,1
2022-06-07,1261.634521484375,1269.9839758549958,1252.215840132052,1260.337704653236,12358255,1179.5345031738282,1196.7007470703124,1205.6630158748303,71.0716156522796,19.252836917883542,8.041070197601435,0.0018787449971786607,0
2022-06-08,1239.4755859375,1265.3884552322884,1235.949206752914,1261.6346065371608,12479250,1185.7852355957032,1197.8673974609376,1208.8832606427036,72.3463624061952,19.43550419512212,10.319956997105573,-0.017563672497486804,1
2022-06-09,1273.46484375,1275.3985751416717,1233.0825097662923,1233.0825097662923,17278305,1194.8706787109375,1199.476318359375,1215.0338876053033,68.28969341139086,22.068526141589473,12.669670826002353,0.027422289069769512,0
2022-06-10,1235.0164794921875,1269.4381532361936,1229.215044054509,1261.24792684013,18093057,1201.414892578125,1200.3108129882812,1216.9369915945304,59.876762310316686,20.812835917924076,14.298303844386698,-0.03019193222844907,0
2022-06-13,1211.6514892578125,1216.156107684235,1190.4479609930536,1205.7819334162448,17620803,1206.777197265625,1200.2193530273437,1216.4336104196047,54.015525771571866,17.727975855980503,14.984238246705461,-0.018918767985980356,0
2022-06-14,1195.817138671875,1215.72397128612,1189.151198531051,1205.8047355842043,14714312,1209.0283752441405,1200.158837890625,1214.470136919821,51.305148522000266,13.845895409072682,14.756569679178906,-0.013068403518933236,0
2022-06-15,1181.34765625,1200.0031636736535,1175.933039795803,1191.0166743810375,11195535,1210.3467712402344,1199.6169189453126,1211.3156149512665,50.737523270738926,9.49233070152718,13.70372188364856,-0.012100079480333759,0
2022-06-16,1164.8306884765625,1209.8996152953227,1162.1005732041187,1193.496417420317,17111475,1212.1702270507812,1198.6732202148437,1206.8884790965328,48.834864835212606,4.655650601705702,11.89410762725999,-0.013981462346036255,1
2022-06-17,1178.4810791015625,1194.3382305909047,1163.0562400137392,1164.830742811065,24457187,1211.3864685058593,1198.3451538085938,1204.1830124303451,43.64267421116572,1.9020930736210175,9.895704716532196,0.011718776608515391,0
2022-06-20,1157.1182861328125,1190.81193373047,1147.1306905067754,1185.3062092078612,12066797,1209.933837890625,1197.65353515625,1199.7006575448659,42.571672976655485,-1.9810832672415017,7.5203471197774565,-0.018127395804297786,1
2022-06-21,1175.796630859375,1180.0281654943678,1150.4069416324685,1164.830795221328,11720049,1209.2115051269532,1197.7559130859374,1197.4240835748192,46.16042250866186,-3.5108710402457746,5.314103487772811,0.016142122158476324,0
2022-06-22,1140.078125,1164.057262227865,1137.985044485591,1163.966274425617,10617206,1206.7908447265625,1196.75443359375,1191.9625637105507,32.670329048932814,-7.518752286621066,2.7475323328940355,-0.030378132511970857,0
2022-06-23,1121.5819091796875,1148.9054514666468,1112.5044311379245,1144.3780859216936,19446323,1204.0118591308594,1195.4326245117188,1185.259644231421,24.486952010782545,-12.048628003360363,-0.21169973435684453,-0.016223638902213344,1
2022-06-24,1137.5528564453125,1142.5351607614082,1122.9696539988313,1128.429884986889,14240234,1202.3044311523438,1194.8775073242186,1180.7161406327439,29.08845340760378,-14.186333948238598,-3.0066265771331953,0.01423966197645421,0
2022-06-27,1134.1856689453125,1157.9828298757552,1129.135003587969,1157.9828298757552,15474529,1198.3879150390626,1194.3405908203124,1176.2846671387026,28.178564158170246,-15.96811471475894,-5.598924204658345,-0.0029600272909708902,1
2022-06-28,1150.1339111328125,1152.9777615415514,1129.38544140432,1129.38544140432,13572847,1196.0002380371093,1194.193623046875,1173.7941189476655,34.37077310418317,-15.90989953152257,-7.6611192700311905,0.014061403369988179,1
2022-06-29,1173.999267578125,1181.6663139665932,1137.985067118919,1140.8061704616557,19205146,1194.7864929199218,1193.6416943359375,1173.8136569124713,31.96075219064234,-13.779190830711059,-8.884733582167165,0.020750067634999647,1
2022-06-30,1181.0518798828125,1190.2658381550734,1167.560773223342,1173.9308815535303,23112959,1191.8596252441407,1192.5241845703124,1174.5030114810752,38.95509664833836,-11.390202794878405,-9.385827424709413,0.006007339612090767,0
2022-07-01,1095.9874267578125,1179.391106293829,1076.103462886294,1171.610445710058,81997149,1183.4237060546875,1189.1261547851564,1167.0253367455264,31.100387039946256,-16.174453981392617,-10.743552736046055,-0.0720243154207928,1
2022-07-04,1098.2625732421875,1111.1393942579136,1076.6039843933402,1082.450913964659,41857728,1175.3734008789063,1185.9856616210936,1160.4765021261608,33.320393164084265,-19.55698149935074,-12.506238488706993,0.002075887395082132,1
2022-07-05,1107.1580810546875,1121.5591886498996,1099.8096118894064,1102.4942336887211,17647327,1167.6495788574218,1183.6036743164063,1155.398557262211,37.068799338206844,-21.274625153741226,-14.25991582171384,0.008099618460309932,0
2022-07-06,1097.420654296875,1111.11648393539,1086.568674692882,1101.1745026432604,23943726,1160.5468322753907,1180.2930053710938,1149.8768522178934,37.96606668029381,-23.154686274998312,-16.038869912370735,-0.00879497419965225,0
2022-07-07,1086.6142578125,1107.1580039571163,1080.6535938667355,1103.813720771296,23301033,1151.2043029785157,1176.7416357421876,1143.8518432269036,33.43184467028276,-25.225846288696857,-17.876265187635962,-0.00984708684137059,1
2022-07-08,1088.1158447265625,1100.2191487523794,1084.0889121323955,1100.2191487523794,19010108,1143.8592712402344,1172.8426391601563,1138.543652893538,36.59511297452145,-26.44129126025996,-19.589270402160764,0.0013818950959518794,1
2022-07-11,1102.9036865234375,1105.1331283386687,1078.3785026593284,1081.336087585235,13847467,1138.4218811035157,1169.5087646484376,1135.1493703820997,35.621980295381476,-25.91258080962257,-20.853932483653125,0.013590319329088718,0
2022-07-12,1101.3338623046875,1110.092882939669,1093.8489116704193,1093.8489116704193,10778989,1133.6977172851562,1166.2326782226562,1131.9288458032986,41.16793919044891,-25.328277051677333,-21.748801397257967,-0.0014233556727862862,0
2022-07-13,1081.8138427734375,1107.499363443423,1079.7436294761944,1104.4507905221294,14224132,1128.7210266113282,1163.35609375,1127.1559883718833,40.97667307404679,-26.139000428410554,-22.626841203488485,-0.017723980165652686,1
2022-07-14,1090.7320556640625,1107.4765795757364,1081.540843303509,1086.5687619025882,16970315,1125.016094970703,1161.1379077148438,1123.6870423997098,39.025164898931806,-25.76487782428103,-23.254448527646996,0.008243759266161277,1
2022-07-15,1092.847900390625,1098.8540583216684,1084.33921677306,1098.8540583216684,9603210,1120.7344360351562,1159.1463208007813,1120.7499812559874,40.253214543315245,-25.009359648279542,-23.605430751773508,0.0019398391342539956,1
2022-07-18,1102.1529541015625,1103.4041567519191,1088.5252438187729,1101.584159976362,15160908,1117.9861694335937,1158.2722436523438,1118.978835812709,38.320986568510584,-23.390139018935315,-23.56237240520587,0.008514500240711875,1
2022-07-19,1108.909912109375,1113.4145306244031,1092.1653876854057,1092.1653876854057,16439888,1114.6418334960938,1157.9305322265625,1118.0198906981057,32.71721303505099,-21.315947983709975,-23.113087520906692,0.006130689921636678,1
2022-07-20,1138.89501953125,1156.8679986086788,1131.2735877067614,1155.730530749646,23924246,1114.5826782226563,1158.4192138671874,1120.0079982060242,40.02154324280125,-17.055978369936838,-21.901665690712722,0.02704016538623688,0
2022-07-21,1131.29638671875,1137.5301345200253,1122.6512213878611,1134.8000189659344,16523230,1115.0684020996093,1159.2100219726562,1121.0830828262838,63.19728654689001,-14.130183958206544,-20.347369344211486,-0.006671934359347209,1
2022-07-22,1138.940673828125,1144.9468316984942,1135.255066011831,1137.5301221641157,10969995,1115.13779296875,1159.90619140625,1122.7838057788401,64.61740376205086,-11.067066470681993,-18.491308769505586,0.006757103796244612,0
2022-07-25,1101.31103515625,1122.7194053701078,1093.3938930172108,1122.7194053701078,23110452,1113.4940612792968,1159.8443041992186,1120.7387800052602,48.2585310129744,-11.542862219572271,-17.101619459518925,-0.033039156065431396,1
2022-07-26,1101.8115234375,1112.003841391494,1097.1931707363617,1101.6295478483066,11303288,1111.0779418945312,1158.8646630859375,1118.936184141664,51.38391077719074,-11.744169086214924,-16.030129384858125,0.00045444771301950126,0
2022-07-27,1100.76513671875,1104.3141424256503,1092.938861823789,1101.1063409773997,8655086,1107.4162353515626,1157.78037109375,1117.2056081966246,54.75244829554026,-11.851523901334076,-15.194408288153316,-0.0009496966554546349,1
2022-07-28,1118.0101318359375,1122.9469424061926,1101.5841851617515,1108.4093537574902,12496073,1104.2641479492188,1157.5733422851563,1117.2822294956068,59.079604387977405,-10.424904571622392,-14.240507544847132,0.01566637109219582,1
2022-07-29,1141.8299560546875,1145.3108414909532,1121.1497270683567,1126.018296934473,15130683,1106.5562744140625,1156.52681640625,1119.6201082155192,61.207914611720646,-7.288223625519322,-12.85005076098157,0.021305553089786766,1
2022-08-01,1171.587646484375,1177.4573222630406,1140.9880650198957,1146.2434528105707,15700044,1110.2225280761718,1156.2351513671874,1124.5693975744578,67.40306465259428,-2.373820529474415,-10.754804714680139,0.02606140281387237,1
2022-08-02,1176.046875,1186.5803984650074,1165.5360984864087,1170.5185233262116,13917913,1113.6669677734376,1155.9512231445312,1129.4720144721284,75.22535799456384,1.8592693051914466,-8.231989910705822,0.003806141630979143,1
2022-08-03,1185.9205322265625,1187.581300270372,1168.220637135406,1183.0311881851292,14250977,1118.0919616699218,1155.8998071289063,1134.8480637820744,75.35144231144356,5.94224659765905,-5.397142609032848,0.00839563238205332,0
2022-08-04,1170.245361328125,1191.107684300821,1153.455464512121,1187.5813052958538,14467127,1122.2735168457032,1155.7614819335938,1138.2192349769364,69.22468172120998,7.823001537492701,-2.7531137797277383,-0.013217724520721008,0
2022-08-05,1153.0003662109375,1173.384882192994,1149.7925649671015,1172.1109326876474,13942438,1125.5177429199218,1155.3874609375,1139.626961761127,62.15067062605378,7.83170734667533,-0.6361495544471245,-0.014736221725002996,1
2022-08-08,1168.0841064453125,1175.546309977684,1151.6354129424303,1151.6354129424303,10165178,1128.7767639160156,1154.4988232421874,1142.3371660167636,63.59927127173406,8.95253924041026,1.2815882045243527,0.013082164304894395,1
2022-08-10,1175.068603515625,1178.4356336498447,1163.4884798945134,1172.5204636099309,10724688,1132.4635009765625,1154.0424462890626,1145.45444577856,59.29609966232961,10.285828504752772,3.0824362645700365,0.005979447055030729,1
2022-08-11,1178.9818115234375,1187.5359898662828,1174.022133221217,1184.4419227985677,8198226,1137.3218994140625,1153.6565991210937,1148.6475282304532,62.49108667999854,11.525375678239925,4.771024147304015,0.0033301953571942544,1
2022-08-12,1198.046630859375,1201.845973401522,1174.9321182963515,1178.617605730641,12650587,1142.6876281738282,1152.8257470703124,1153.3522046713028,64.60861148858214,13.88602784747718,6.594024887338648,0.016170579689692266,1
2022-08-16,1206.3731689453125,1209.1032840649636,1195.4529491751475,1204.052619235297,6607378,1148.3638916015625,1151.6590942382813,1158.4018203164464,80.36561417522299,16.241521584105385,8.523524226691997,0.006950095156116554,1
2022-08-17,1212.67529296875,1218.0216687174443,1208.3071564277768,1212.6070521185068,6595965,1153.8900085449218,1150.7272265625,1163.5707224738087,81.00271454164118,18.404638860152545,10.499747153384106,0.005224025356057371,1
2022-08-18,1214.87451171875,1218.3894546289891,1205.24240897424,1214.2810405952932,7410035,1159.1882385253907,1149.7920263671874,1168.4567976399937,81.70590741228153,20.06508564212504,12.412814851132293,0.0018135264755134717,0
2022-08-19,1193.2137451171875,1215.0571053038057,1189.1508525921777,1209.7161065799955,9460724,1161.9041748046875,1148.8667895507813,1170.8146021616312,70.39525346250667,19.40941913964707,13.81213570883525,-0.01782963293132045,0
2022-08-22,1189.9041748046875,1201.1796443626376,1180.500403489611,1194.6518235506749,9471680,1164.8345642089844,1147.195576171875,1172.6326566990651,64.66972410083574,18.41051904423398,14.731812375914997,-0.002773660901949304,1
2022-08-23,1208.25537109375,1211.1769638327753,1182.9425882434618,1184.152351743722,9678484,1168.3002990722657,1146.6603540039061,1176.0252961652257,62.02624793811957,18.882011618815568,15.56185222449511,0.015422415247912546,0
2022-08-24,1205.036865234375,1218.8459658923068,1203.0283609817775,1205.1967341552863,10369622,1173.486590576172,1146.5280615234376,1178.78830274324,59.58612928434418,18.779488107340512,16.205379401064192,-0.0026637629232812987,0
2022-08-25,1201.52197265625,1215.6048071686444,1197.2080472965745,1209.2367351350583,7871946,1178.4721130371095,1146.642158203125,1180.9534141635265,55.38540626408957,18.204761867247726,16.6052558943009,-0.0029168340650237434,0
2022-08-26,1195.1080322265625,1209.715993824914,1190.0866510806784,1201.9554689456972,10742038,1183.1892578125,1146.9173657226563,1182.3014730266727,59.168462021162526,17.03536273469581,16.691277262379884,-0.005338179888219607,0
2022-08-29,1185.8184814453125,1211.998588237166,1176.8711343003506,1180.0437597555986,19838975,1186.5796752929687,1147.3371215820312,1182.6364262094003,62.85648156118313,15.183984859295379,16.389818781762983,-0.007772979957253678,1
2022-08-30,1204.2152099609375,1207.5477042577893,1176.2091689010513,1193.282179919688,23139054,1189.6989379882812,1147.8518041992188,1184.6915484714516,63.79623121339864,15.027983558056803,16.117451737021746,0.015513949903363411,0
2022-09-01,1168.8138427734375,1189.1507627907065,1164.3858118822848,1178.9709525719995,19909939,1189.5602478027345,1148.0857153320312,1183.1793860240218,48.03756730195474,11.91046055713673,15.276053501044743,-0.02939787414630679,0
2022-09-02,1155.1646728515625,1175.638520959865,1152.973478456532,1168.8139049237643,12999345,1188.5161376953124,1147.673076171875,1180.5113181028353,42.95760921823724,8.243402365415932,13.869523273918983,-0.011677796260084805,1
2022-09-05,1173.10498046875,1178.445978943139,1155.3928563937116,1155.3928563937116,11327815,1187.8753601074218,1148.33361328125,1179.8059526138748,42.57573533365987,6.707544818681754,12.437127582871538,0.015530519620982952,1
2022-09-06,1185.4532470703125,1189.6302455363334,1174.1093147173583,1174.5658588505653,10899618,1188.6357543945312,1149.6110400390626,1180.3437901811546,43.91847198130857,6.412845275140853,11.232271121325402,0.010526139439479998,0
2022-09-07,1178.56005859375,1184.5629915454858,1173.196239070829,1175.4787180326446,7488501,1189.9137390136718,1150.4311840820312,1180.1739109823543,40.11649208179201,5.5589904805026435,10.097614993160851,-0.005814812598976871,1
2022-09-08,1180.226318359375,1185.978218827882,1173.6528558204227,1181.527366464761,7057077,1190.520849609375,1151.3519970703126,1180.1789021611182,39.930995044924884,4.959586614377031,9.070009317404088,0.001413809804154731,0
2022-09-09,1172.876953125,1191.4562844933057,1170.45742597898,1191.4562844933057,8314850,1190.4112670898437,1151.8068579101562,1179.4834784433929,43.553792876627526,3.8471745454182837,8.025442363006928,-0.006227081297925374,1
2022-09-12,1186.0010986328125,1192.369291715923,1173.4474025715351,1173.4474025715351,7435419,1190.7622314453124,1152.04689453125,1180.1042041757185,48.83529818027635,3.9787245655704737,7.216098803519637,0.011189703636723891,1
2022-09-13,1195.906982421875,1200.449119404543,1187.3477160754526,1195.1081207827935,8888657,1190.6552490234376,1152.3439965820312,1181.6092306753526,46.11958184560571,4.826662182018708,6.738211479219451,0.0083523394712548,0
2022-09-14,1181.572998046875,1191.4561336808906,1174.451706778856,1175.4787801044877,8678219,1189.4152404785157,1154.0557080078124,1181.605779948831,43.108067407673,4.292544328158783,6.249078049007318,-0.011985868956105317,0
2022-09-15,1169.864013671875,1188.5118075681453,1167.147811442509,1179.1308576947656,10365600,1187.274676513672,1155.4877368164061,1180.4875164938828,41.12830505204477,2.8911080044433675,5.577484040094528,-0.009909658052743908,0
2022-09-16,1140.87646484375,1165.4360295150038,1137.1331890610516,1161.2133883938543,20217708,1183.574774169922,1156.1621044921876,1176.7150353843463,36.50920804664786,-0.5522275745508978,4.351541717165443,-0.02477856271272183,1
2022-09-19,1142.3599853515625,1151.6040077939597,1132.7278822878002,1140.876367867208,7580254,1181.0320861816406,1157.0608911132813,1173.4431258574145,38.75232054553198,-3.1253609070479342,2.8561611923227677,0.0013003340445063571,1
2022-09-20,1142.54248046875,1158.4514907194557,1138.822026415054,1151.4898271317024,8411448,1178.6640014648438,1158.1794555664062,1170.5002072489701,32.37665089288268,-5.091173897154249,1.266694174427364,0.00015975272202073398,1
2022-09-21,1145.6923828125,1156.3059159956042,1138.9590517800352,1139.7579133773163,9207309,1175.5358520507812,1159.330986328125,1168.1375573026396,41.899884278562794,-6.3220474329536955,-0.2510541470488479,0.002756923613429052,0
2022-09-22,1134.896240234375,1142.6110027498532,1128.5053470017444,1134.8505978968233,10308170,1172.0288208007812,1159.9708374023437,1164.9717175818525,42.75454589091608,-8.075591663154682,-1.8159616502700149,-0.009423247234674026,0
2022-09-23,1113.62353515625,1139.3927402184245,1112.0714541784876,1134.394179751921,9528051,1167.6338989257813,1160.216630859375,1160.0814144936999,29.231685923107207,-11.054389494607904,-3.6636472191375926,-0.018744184995918123,0
2022-09-26,1085.252197265625,1103.7175409409906,1084.2479451217905,1092.8756748841324,12479523,1162.1411071777343,1160.2853979492188,1152.9548223767404,18.534853857211303,-15.525470140217067,-6.036011803353488,-0.02547659688841286,1
2022-09-27,1093.880126953125,1107.460896407162,1077.3777647816369,1092.8529328199063,16154822,1157.544189453125,1160.348359375,1147.3286609078245,23.695382781252036,-18.163257222073298,-8.46146088709745,0.007950160994134592,0
2022-09-28,1064.7554931640625,1085.5489575446488,1062.3132660155625,1077.491757249726,16997059,1150.5712036132813,1159.7865112304687,1139.464549694133,19.35789831716363,-22.346243446335166,-11.238417398944993,-0.026625068937110807,0
2022-09-29,1061.49169921875,1080.7557852500531,1055.8767254588531,1077.3321267840065,14671827,1145.205096435547,1158.9732861328125,1132.0385639345727,19.786948298606134,-25.629213441649654,-14.116576607485925,-0.0030652989970624267,1
2022-09-30,1085.434814453125,1096.5047707006538,1054.9636064469146,1054.9636064469146,18613024,1141.718603515625,1158.5037841796875,1127.6001116030063,24.233854699331005,-25.99927802393563,-16.493116890775866,0.02255610218336801,0
2022-10-03,1081.6688232421875,1103.3294933419215,1078.7015883112226,1091.7117072217247,11852723,1137.146795654297,1157.3592602539063,1123.2257031876902,19.78019706959566,-26.29334754512979,-18.453163021646652,-0.0034695692093079655,1
2022-10-04,1101.61767578125,1103.808870249341,1091.095426399377,1094.587668996287,8948850,1132.9550170898438,1156.7656860351562,1121.1677958156483,29.45933978263706,-24.632743149272756,-19.689079047171873,0.01844266203334577,1
2022-10-06,1105.680419921875,1118.4166846220046,1103.87730611944,1108.830344904405,13352162,1129.31103515625,1156.1004809570313,1119.692807635289,32.83684109506406,-22.72689124786166,-20.29664148730983,0.003687980167660143,1
2022-10-07,1110.359619140625,1115.6321543527151,1102.2795971833257,1102.2795971833257,7714340,1125.8177001953125,1156.2814526367188,1118.8039325405591,40.620150501421264,-20.60143707121074,-20.357600604090013,0.004231963535250571,0
2022-10-10,1098.239501953125,1103.6261422996602,1090.113838728358,1097.8742425541366,6329527,1122.0858276367187,1156.2100122070312,1116.8454153417558,37.27114760587625,-19.66826793840778,-20.21973407095357,-0.010915488080231572,0
2022-10-11,1076.373291015625,1101.982746487589,1073.2691292307711,1101.982746487589,9215177,1116.6044372558595,1155.7221752929688,1112.9909273106957,33.032903880103675,-20.457325838623092,-20.267252424487474,-0.019910238976664774,1
2022-10-12,1084.2935791015625,1087.2379927529598,1069.6171531804475,1073.6800455545388,7417103,1111.0237670898437,1155.0478442382812,1110.2578465288734,34.63209282970121,-20.210583823803745,-20.25591870435073,0.007358309753732639,1
2022-10-13,1087.7401123046875,1092.852778089425,1077.3776122421918,1082.5360411069073,7328492,1106.3321228027344,1153.9660473632812,1108.1133004122844,37.74614575978064,-19.51201026523404,-20.107137016527396,0.0031785978166363194,0
2022-10-14,1082.2164306640625,1103.0555367494892,1081.486032583634,1102.4392445024223,9106089,1101.9497436523438,1152.178623046875,1105.6469318648346,41.11108423994721,-19.182971280247784,-19.922303869271477,-0.005078126271285011,1
2022-10-17,1099.586181640625,1101.9827665257233,1069.845490552908,1075.0495620947684,16729355,1099.8852294921876,1150.6494091796876,1105.069717557767,54.32625210926159,-17.320946683849115,-19.402032432187006,0.016050163797554085,1
2022-10-18,1118.9873046875,1124.3511243615108,1104.7902440911478,1105.634748048647,12415820,1098.7165954589843,1149.3107446289061,1106.395202046313,57.11509349893868,-14.117037863172527,-18.34503351838411,0.017644022242920387,1
2022-10-19,1138.4569091796875,1153.955017958595,1114.6277458530562,1120.4709308445554,19247142,1098.5123168945313,1148.6749755859375,1109.4486979637772,72.09526667496175,-9.892844122659653,-16.65459563923922,0.01739930775856724,1
2022-10-20,1141.5155029296875,1149.9150215278255,1134.3942113183082,1134.3942113183082,8717053,1098.3034729003907,1148.4452783203126,1112.502679389102,74.02023612970646,-6.226561273281504,-14.568988766047678,0.002686613542715266,0
2022-10-21,1128.2769775390625,1148.9106943491454,1126.177188586748,1144.7565172867282,8243452,1097.972509765625,1147.6491357421876,1114.004993498622,63.74280775974883,-4.339224185718649,-12.523035849981873,-0.011597324220869898,1
2022-10-24,1132.0430908203125,1142.382770547029,1120.836206695688,1122.9816380159375,3370033,1098.893487548828,1146.7886254882812,1115.7229075292594,66.1589257716748,-2.510660744984534,-10.520560828982406,0.003337933287856698,0
2022-10-25,1114.559326171875,1140.785075413764,1112.9387816840604,1140.785075413764,12233241,1100.3588439941407,1145.50017578125,1115.6120902571274,54.218097499490725,-2.444130320410295,-8.905274727267983,-0.015444433864940765,1
2022-10-27,1118.941650390625,1126.8391025996318,1110.5649536618178,1122.0686333408069,12513059,1101.6119201660156,1143.918076171875,1115.9291912222225,54.31327333279336,-2.014564889741905,-7.527132759762767,0.003931889596044957,1
2022-10-28,1153.178955078125,1157.218905475806,1122.730566891981,1125.2640787350124,17609592,1106.0330932617187,1142.8541918945311,1119.4767877799275,61.68114810764442,1.0761282277587725,-5.80648056225846,0.03059793571501035,1
2022-10-31,1163.8839111328125,1169.065162018063,1155.9408156542663,1159.9580661075936,12419943,1111.1527038574218,1141.8783642578126,1123.7060376230595,68.04719072616452,4.339304478279928,-3.7773235541507826,0.009282996370638896,0
2022-11-01,1154.8680419921875,1186.8912136799254,1144.8936213637878,1186.8912136799254,13963166,1114.624365234375,1140.6782348632812,1126.6738475629763,73.22076644573627,6.127258652190449,-1.7964071128825363,-0.007746364611097567,1
2022-11-02,1162.08056640625,1164.157654947125,1148.0890168960857,1155.986348539346,8981896,1118.644952392578,1140.0555712890625,1130.0459160242406,73.1081570146816,8.033609212904139,0.16959615227479863,0.006245323406491199,1
2022-11-03,1166.417236328125,1168.4258612328554,1152.6767205686606,1154.8679148064807,6693449,1121.8849304199218,1139.5858325195313,1133.509851291277,73.249630436053,9.7815827888503,2.0919934795898993,0.003731815200460842,1
2022-11-04,1183.5816650390625,1186.8912175642852,1164.568612402097,1165.8467186255812,12575815,1125.7799926757812,1139.0923583984375,1138.278595457733,78.02597988192682,12.408848903198077,4.155364564311535,0.014715513605552566,1
2022-11-07,1189.9041748046875,1191.593303681506,1175.0224772794022,1182.7828828061097,11789748,1129.7572204589844,1138.7897045898437,1143.1953173003,76.59629535103579,14.83019665040706,6.290330981530641,0.00534184497139556,0
2022-11-09,1188.71728515625,1196.9114132053803,1182.3490921570583,1191.593235494793,11254205,1134.2811096191406,1138.5336108398437,1147.5307428103906,73.00103725083432,16.463578227969947,8.324980430818503,-0.0009974665805608796,0
2022-11-10,1174.3375244140625,1185.3161961635597,1170.0007782161265,1182.3261403082447,5966242,1139.1793212890625,1138.1182006835938,1150.0837696297879,62.24676012959482,16.408570593031754,9.941698463261153,-0.012096871915425522,1
2022-11-11,1201.407958984375,1203.3251787933696,1181.4133535308406,1186.8912796597394,12310132,1145.0350402832032,1138.429990234375,1154.9717876635582,67.56355633386863,18.33794605168896,11.620947980946713,0.023051664455514542,0
2022-11-14,1195.58740234375,1206.0640083384951,1189.2420312652064,1200.928400591495,9043112,1150.4274047851563,1138.2574340820313,1158.8399414426242,70.63672122067238,19.176267649940883,13.132011914745547,-0.00484477949151052,0
2022-11-15,1190.2237548828125,1198.9427700567662,1182.3263018305277,1197.0711926191022,7086433,1155.8277709960937,1138.6856323242187,1161.8288760559756,67.66458721254314,19.18667004314102,14.342943540424642,-0.0044862027238016244,0
2022-11-16,1183.3990478515625,1194.1723297469184,1178.3775455967132,1191.4561277313169,9716161,1160.0184143066406,1139.2503198242186,1163.8831781317456,72.34728191650822,18.43174748212232,15.160704328764178,-0.005733969771021696,1
2022-11-17,1186.4576416015625,1192.8257139314462,1177.761326971582,1180.020985015561,6661451,1163.3919311523437,1139.517373046875,1166.0331270336328,72.10756337991013,17.874225917425292,15.703408646496401,0.002584583581973332,0
2022-11-18,1185.8184814453125,1190.9997319984882,1173.6985088451029,1189.9725379072304,5303197,1165.760009765625,1139.524677734375,1167.9174465014119,63.702490486054245,17.18273925549829,15.999274768296779,-0.0005387130006488938,0
2022-11-21,1164.477294921875,1181.413258441568,1160.916588888564,1181.413258441568,6390268,1166.9080993652344,1139.2430224609375,1167.5898130176465,50.22868729447077,14.742730675133316,15.747965949664088,-0.01799700954013317,1
2022-11-22,1170.9366455078125,1172.511547625572,1157.903705618024,1161.783907991267,6611488,1169.041082763672,1139.0572290039063,1167.908558969091,56.31724738976947,13.178310544379201,15.234034868607111,0.005546995732854443,0
2022-11-23,1167.28466796875,1176.80266503484,1165.0934735308952,1175.4787957552544,6413408,1170.8031616210938,1138.9453833007813,1167.8491407785823,52.10488064509121,11.51111923603571,14.489451742092832,-0.0031188515220468283,1
2022-11-24,1177.3504638671875,1184.1522586948402,1163.2446877659072,1171.3703518394527,9389439,1173.9427185058594,1138.7723706054687,1168.7540286917829,54.226251312962006,10.876703846912278,13.766902163056724,0.00862325718365975,1
2022-11-25,1194.925537109375,1198.2579106358316,1178.7198513447252,1181.8697762735126,7349922,1177.7419128417969,1138.7527416992189,1171.2465533029822,54.37110944495297,11.657703856554917,13.345062501756363,0.014927647953235201,1
2022-11-28,1235.9874267578125,1242.1501079495758,1142.1545139312134,1190.954018527936,31527484,1181.8823364257812,1139.8410302734376,1177.412350774871,64.00715061710805,15.41233946163129,13.75851789373135,0.03436355519505385,1
2022-11-29,1238.110107421875,1246.9889910362924,1229.8018737736188,1234.34401084029,11058913,1185.5936462402344,1141.2059521484375,1183.1930895031571,64.92818256813175,18.347696989104634,14.676353712806007,0.0017173966483061687,1
2022-11-30,1246.85205078125,1253.288707028199,1231.7192011093234,1238.247142030381,26164986,1190.1928466796876,1143.3254638671874,1189.2558477201183,72.68957730641218,21.135750966772093,15.968233163599225,0.007060715607579038,0
2022-12-01,1243.1771240234375,1257.648037723801,1239.844750738756,1251.6222838141432,9485801,1194.2476745605468,1145.341806640625,1194.3912073680533,65.31111033550175,22.786103931936395,17.33180731726666,-0.0029473639278292385,0
2022-12-02,1242.6522216796875,1254.4526976676975,1232.8147284105949,1246.235748845341,11589592,1198.059423828125,1147.3440014648438,1198.9874944453518,67.9491703591836,23.77757226261292,18.62096030633591,-0.0004222265143128956,0
2022-12-05,1224.5294189453125,1240.1872774344642,1222.4980932976318,1238.0189040182454,14828536,1200.1068115234375,1148.9207421875,1201.4200586834434,61.92286740735587,22.837700539886782,19.464308353046086,-0.014583970010433434,1
2022-12-06,1228.067138671875,1231.1713003979205,1214.737403586102,1216.6091015367565,8594245,1202.014959716797,1150.78416015625,1203.9578758251987,65.88729740408036,22.123286370184587,19.99610395647379,0.002889044290670828,0
2022-12-07,1209.9442138671875,1230.2583124986502,1206.1324752746186,1225.6933546542932,8462111,1203.0763061523437,1152.7105737304687,1204.528003257769,57.545046281554356,19.865739542035953,19.970031073586224,-0.014757275261258918,0
2022-12-08,1209.37353515625,1216.5634100007333,1205.1966579940977,1214.2809311328976,7757008,1204.828106689453,1155.1930004882813,1204.9894824861958,57.57037681027509,17.825091850254694,19.541043228919918,-0.00047165704368590244,0
2022-12-09,1191.04541015625,1214.2811038799705,1187.7357368415526,1207.8900896926802,12655763,1204.3099792480468,1157.1363061523436,1203.6614755976295,58.70738643183029,14.561086201705166,18.545051823476967,-0.015155057116105985,1
2022-12-12,1192.871337890625,1197.3906539089487,1180.0437880026634,1180.272120443367,9479842,1204.1741760253906,1159.698623046875,1202.6338434350575,57.41400751431111,11.983536567530109,17.232748772287596,0.0015330462791804944,1
2022-12-13,1198.3037109375,1201.9555809304147,1189.9497141999725,1192.8713067918438,8333348,1204.578173828125,1162.43486328125,1202.2214498638616,60.35986451468764,10.260876025206016,15.838374222871282,0.004554030995900238,0
2022-12-14,1193.9669189453125,1204.6717371538757,1191.9126515922892,1204.0782660411908,7268947,1205.1065673828125,1164.6055053710938,1201.4353040620952,55.77045360898163,8.448325230273895,14.360364424351806,-0.003619109206291826,0
2022-12-15,1177.0079345703125,1193.738505954403,1173.6527401257097,1188.0323691325584,8688551,1204.63408203125,1166.5122875976563,1199.1088879200206,43.750952592200285,5.579104911107152,12.604112521702875,-0.0142038980359529,0
2022-12-16,1171.1876220703125,1195.4733287956508,1167.7867851451592,1173.6527911334736,15837349,1203.9025390625,1167.9036865234375,1196.449719743858,20.03368980093211,2.8032622973887555,10.643942476840053,-0.004945007020810577,1
2022-12-19,1186.5716552734375,1188.7172073020977,1171.689838827475,1178.2177795852808,7729933,1205.007257080078,1169.5215112304688,1195.508951699056,28.77022019077502,1.8237271456089275,8.87989941059383,0.013135413074064628,1
2022-12-20,1196.8428955078125,1198.76011514875,1171.3703661582176,1179.5416726679264,7467588,1206.3025695800782,1171.2511767578126,1195.6359939665567,29.656477897850124,1.8548600551264371,7.4748915395003515,0.00865623259137105,0
2022-12-21,1179.8155517578125,1201.9555872542346,1175.9809916475376,1196.477661489117,8527550,1206.9291137695313,1172.8826977539063,1194.1292851847716,26.750463147106984,0.4998073055446639,6.079874692709215,-0.014226882921651529,0
2022-12-22,1176.7569580078125,1189.013856887232,1171.7126347696108,1185.9781586267084,7451122,1206.8994384765624,1174.89037109375,1192.474777834585,26.262145656410723,-0.8115299034500367,4.701593773477365,-0.0025924338303924266,0
2022-12-23,1142.245849609375,1182.554553491853,1137.703712598857,1170.137785137051,10257115,1204.2654541015625,1176.0494165039063,1187.6910703845651,23.48875350531155,-4.5827055388233475,2.8447339110172223,-0.02932730345343615,1
2022-12-26,1152.22021484375,1160.414342154975,1137.7721216907048,1147.9748739735228,5990242,1200.0770935058595,1177.3390185546875,1184.3128936663923,26.535822128769027,-6.689429900674668,0.9379011486788444,0.008732240294666793,1
2022-12-27,1161.6468505859375,1163.518427683626,1148.2030104259682,1154.9363410889032,5763271,1196.2539306640624,1178.927626953125,1182.154222896825,34.20896346827122,-7.511782262854695,-0.7520355336278634,0.008181279603279412,0
2022-12-28,1161.5328369140625,1163.9750640999512,1151.0562304776126,1158.5884232916014,7459393,1191.987969970703,1180.1665600585939,1180.1902813746572,34.311423317078095,-8.079566175562832,-2.217541662014857,-9.814830713605893e-05,0
2022-12-29,1161.0079345703125,1163.5642678265235,1152.8822699122077,1153.567025752554,6930648,1187.8795104980468,1181.00697265625,1178.363391202815,38.84746856612965,-8.474208844843588,-3.468875098580603,-0.000451904868350117,1
2022-12-30,1162.7880859375,1176.3916749175478,1160.0035413220228,1161.829476176333,7289476,1183.8863037109375,1181.4935961914061,1176.8800287965944,38.82667430772551,-8.544823261913507,-4.484064731247184,0.0015332809657724322,1
2023-01-02,1175.8896484375,1177.3048023328713,1163.244668797144,1164.066351583663,5316175,1181.4543151855469,1182.1810791015625,1176.785706857633,42.12381181153702,-7.457632155493684,-5.078778216096484,0.011267369057567311,0
2023-01-03,1167.28466796875,1174.565828259546,1163.0621480210025,1170.9366586985077,7658932,1178.4151916503906,1182.9612329101562,1175.8808460110727,40.89704773843187,-7.207294178962229,-5.5044814086696325,-0.007317846942682227,0
2023-01-04,1149.7095947265625,1169.1107276232435,1147.6325061253483,1167.26185070999,9264891,1175.4034606933594,1183.3145629882813,1173.3883458887383,40.725847922949576,-8.331026174743783,-6.069790361884463,-0.015056372900683068,0
2023-01-05,1147.6551513671875,1157.8579027119602,1143.0673726609064,1151.969076089896,13637099,1172.3175415039063,1183.9764794921875,1170.9375654581145,41.79529827153853,-9.280389730878824,-6.711910235683336,-0.0017869237316955333,1
2023-01-06,1158.0863037109375,1163.1306272948216,1149.5955006159752,1153.4072395784428,6349597,1170.6695861816406,1184.7593725585937,1169.7136357679071,39.713179360763455,-9.08631894281234,-7.186791977109137,0.009089099919364685,1
2023-01-09,1185.4302978515625,1187.8041821914996,1161.0306065888913,1161.9207528429104,10722753,1170.2975341796875,1185.4043994140625,1171.2104607282554,46.3310226609151,-6.649434103988824,-7.079320402485075,0.023611361306151935,0
2023-01-10,1167.9010009765625,1189.6302560157692,1162.240505708343,1189.6302560157692,8047142,1168.7773986816405,1185.4847412109375,1170.8952740852371,46.18197465185417,-6.062765287486172,-6.876009379485295,-0.014787286023285828,0
2023-01-11,1153.178955078125,1167.7183330231771,1150.873534164056,1165.207642347734,11509553,1166.7380004882812,1185.4509594726562,1169.2080056083694,42.96992095342155,-6.70844135434686,-6.842495774457608,-0.01260555979156397,0
2023-01-12,1128.2769775390625,1156.077627831873,1125.2641003718309,1152.5855061360771,17688773,1164.3014526367188,1184.7748876953126,1165.3098124589114,45.58183639130861,-9.124345981306988,-7.298865815827485,-0.02159420047461358,0
2023-01-13,1126.4510498046875,1128.870455871767,1111.3866638722209,1122.2512303793665,20618583,1162.0646240234375,1183.9755639648438,1161.608977920414,41.40662081924516,-11.058825653817848,-8.050857783425558,-0.0016183328834358246,0
2023-01-16,1115.7232666015625,1131.9516507675492,1107.9170998757677,1128.77902581248,13623855,1158.5222045898438,1182.6183959960938,1157.2389101757615,34.81737555450806,-13.304194705136297,-9.101525167767706,-0.00952352364089415,1
2023-01-17,1131.5638427734375,1133.481062404078,1118.6906511572718,1122.0686670526488,10751000,1155.258251953125,1181.4515893554687,1154.7936656612544,41.02530546116009,-13.648136521317156,-10.010847438477597,0.014197585231080279,0
2023-01-18,1129.692138671875,1137.178689301756,1123.1414974309205,1129.144430635729,13448286,1152.7520812988282,1180.2710864257813,1152.4030440432184,40.6970258942371,-13.911382014787932,-10.790954353739664,-0.0016540861689031683,0
2023-01-19,1128.482421875,1132.636477944145,1121.4522950704254,1128.8703817084497,11940054,1150.3383544921876,1179.353984375,1150.1248895510073,39.77416950968178,-14.055595840878595,-11.443882651167453,-0.0010708375808450299,0
2023-01-20,1115.0615234375,1129.8291140692525,1112.596474928504,1129.8291140692525,14930286,1148.9791381835937,1177.6270556640625,1146.785521349721,31.90280836524437,-15.079019131651876,-12.170909947264338,-0.01189287327595312,0
2023-01-23,1109.4237060546875,1125.811961602633,1107.004299933337,1117.960272105855,10954118,1146.8393127441407,1175.9037817382812,1143.2272532263844,32.476189279056996,-16.158746240354958,-12.968477205882463,-0.005056059476819086,0
2023-01-24,1102.873046875,1115.51790607312,1089.8171651533376,1113.851719292168,16488755,1143.9006225585938,1174.156767578125,1139.3839954786336,34.80003961572744,-17.343100733127585,-13.843401911331489,-0.005904560308146678,0
2023-01-25,1087.6258544921875,1102.3022790893294,1086.4618542855478,1101.275205877952,12385018,1140.2052734375,1172.2413037109375,1134.4546487180198,32.05517442709093,-19.289671870730672,-14.932655903211327,-0.013824975073981172,0
2023-01-27,1066.992431640625,1089.817223588686,1055.260418546103,1088.4706538388857,25830975,1135.5044982910156,1169.8519995117188,1128.0296756630298,24.334406170960193,-22.240908951077245,-16.39430651278451,-0.01897106690351369,1
2023-01-30,1077.218017578125,1082.764407064242,1050.3987961919847,1064.4132886312711,21772103,1131.2259948730468,1167.679990234375,1123.1904701311341,16.256338772312745,-23.483957825837933,-17.812236775395196,0.009583559952507814,0
2023-01-31,1074.524658203125,1089.954304973748,1068.6586514749204,1087.37502974843,22691594,1126.1577453613281,1165.8809375,1118.555630899895,17.91382097588354,-24.40508794480047,-19.130807009276253,-0.0025002917989205287,0
2023-02-01,1068.1566162109375,1086.439272024598,1052.224782493373,1086.439272024598,19347800,1121.2013427734375,1163.8253369140625,1113.7557247390419,19.00494049775226,-25.3566423798909,-20.375974083399186,-0.005926380510277385,0
2023-02-02,1062.244873046875,1071.8540341073915,1054.9637127057106,1058.1591593362568,13662663,1116.828106689453,1161.724541015625,1108.8499293397879,22.059229155281542,-26.28478969819298,-21.557737206357945,-0.0055345284336983935,1
2023-02-03,1063.1805419921875,1072.3104574781505,1046.7466458186898,1072.3104574781505,24699575,1112.6043762207032,1159.441142578125,1104.5004638781118,23.024533938441365,-26.637788624892664,-22.57374749006489,0.0008808411027003693,0
2023-02-06,1055.1690673828125,1059.528634971871,1052.5899131464937,1056.7896118119152,14837879,1107.458514404297,1156.6460131835938,1099.8022356404642,23.570474118181096,-27.249882184451963,-23.508974428942302,-0.007535384906841025,0
2023-02-07,1052.6356201171875,1062.4502927137798,1046.7467924098464,1055.4202857843334,15135435,1100.818780517578,1152.9789770507812,1095.3101770191997,11.023381871755362,-27.62100105504601,-24.331379754163045,-0.002400987049316017,1
2023-02-08,1073.6572265625,1077.2863960062462,1053.137736379797,1055.8766387784026,21160332,1096.106591796875,1149.6899194335938,1093.2479912614187,26.729810345911375,-25.92005719386202,-24.64911524210284,0.01997044945426807,1
2023-02-09,1075.5289306640625,1082.2850839057578,1065.4632246870067,1074.3421090421186,13172763,1092.2240905761719,1146.26345703125,1091.5604616807182,28.129710762343137,-24.142713873506636,-24.547834968383604,0.0017432976328535243,0
2023-02-10,1066.6728515625,1075.0039060071294,1059.6655455942528,1075.0039060071294,10790445,1089.1438842773437,1142.7333715820312,1089.1902130980307,29.231937968250648,-23.181545629210177,-24.27457710054892,-0.008234161675311213,0
2023-02-13,1060.6014404296875,1072.7670546240695,1056.127767130611,1068.293381324993,10352493,1085.8514038085937,1139.0923559570313,1086.4674728439027,29.123542909399916,-22.6486455210063,-23.9493907846404,-0.005691914933354525,1
2023-02-14,1085.5946044921875,1087.329254712915,1060.738368480938,1063.6143185684562,14321920,1084.344970703125,1136.3136596679688,1086.3843425246916,43.61825203812863,-19.979270291404646,-23.15536668599325,0.023565085912361505,1
2023-02-15,1110.1768798828125,1112.5735854842064,1083.2664969637603,1084.6358877756606,33503591,1083.2756225585938,1133.9558544921874,1088.6502984635604,57.79185393637554,-15.699216216636614,-21.664136592121924,0.022644065555321946,0
2023-02-16,1109.3095703125,1124.7163944448257,1107.0270912647763,1118.1656324865594,17264487,1082.256494140625,1131.9431616210939,1090.6178481634593,66.93459510792042,-12.236176138406108,-19.77854450137876,-0.000781235482407161,1
2023-02-17,1113.9429931640625,1117.2754874405753,1100.4306882070916,1104.7217922905263,11809520,1081.529522705078,1130.03455078125,1092.8392905444691,65.38531953389565,-9.013906719856777,-17.625616945074363,0.004176852860159785,0
2023-02-20,1102.16552734375,1118.3026298698114,1100.2025445254703,1116.13425652598,8836937,1080.8847229003907,1128.256953125,1093.7275035729722,60.76066067378994,-7.326127021817683,-15.565718960423027,-0.010572772478113612,1
2023-02-21,1111.1585693359375,1116.9559918914763,1101.2296696771075,1106.5479683974272,13311592,1080.9714660644531,1126.6226977539063,1095.387605074207,66.4054684894965,-5.202910210338359,-13.493157210406094,0.008159429567590415,0
2023-02-22,1085.9598388671875,1109.2868172204337,1084.2023673241313,1107.4380609994969,11024335,1080.1258056640625,1124.3758203125,1094.4897225783004,57.886754338317736,-5.490283968534413,-11.892582562031759,-0.02267788879476451,0
2023-02-23,1080.755615234375,1093.1952035465454,1077.948249542989,1085.5489053785018,9851910,1079.782293701172,1122.1115942382812,1093.1817123550695,55.68348243222652,-6.068018753002889,-10.727669800225986,-0.004792280014923267,1
2023-02-24,1088.1510009765625,1093.8344379808216,1080.9840672539892,1082.810002251087,9434053,1080.8402221679687,1120.3344555664062,1092.702596985688,60.708470927310756,-5.861563453674307,-9.75444853091565,0.006842791874445808,0
2023-02-27,1080.91552734375,1090.8672478016565,1073.543202799622,1087.3750050988056,11199715,1081.02509765625,1118.529013671875,1091.580018924551,58.90979100532967,-6.210201062189071,-9.045599037170334,-0.006649328655966902,0
2023-02-28,1060.2362060546875,1080.5274845520237,1056.1734344203933,1075.5516247048563,21994038,1080.3106750488282,1116.0023046875,1088.594893889326,45.76247015864769,-8.062211131096547,-8.848921455955576,-0.01913130190652368,1
2023-03-01,1069.982421875,1070.712820002187,1060.5557097259696,1070.0280642112666,11551145,1080.4019653320313,1113.4650952148438,1086.8222775070092,48.33171168723403,-8.643863215017973,-8.807909807768056,0.009192494808849982,0
2023-03-02,1061.833984375,1073.5203549354069,1059.802538079039,1066.8326656493814,9333535,1080.3814208984375,1111.1054638671876,1084.4424400658654,48.538335147508676,-9.651085779742516,-8.976545002162949,-0.007615487257931708,1
2023-03-03,1088.927001953125,1092.6018137297042,1068.909698230002,1072.3789987479977,14643807,1081.6687438964843,1109.3488647460938,1084.8695411979854,57.59205128658151,-8.168970024736154,-8.81503000667759,0.025515304630292057,1
2023-03-06,1099.5633544921875,1106.8216933590495,1095.5918675399987,1095.5918675399987,10171916,1083.8884582519531,1108.49521484375,1086.2689519879093,54.0561865777769,-6.066190583655043,-8.265262122073082,0.009767736974090058,1
2023-03-08,1103.51220703125,1104.2654263644915,1088.7444955670887,1099.563420263857,15782657,1086.4322875976563,1107.5210546875,1087.9111667539416,47.801268890594635,-4.03457525680119,-7.419124749018704,0.003591291509424943,0
2023-03-09,1076.9896240234375,1103.3066574341256,1075.095225544964,1102.8958764013148,16235128,1086.5989074707031,1105.82791015625,1086.871019827227,40.88102085450068,-4.5126373887292175,-6.837827276960807,-0.024034698337561222,0
2023-03-10,1060.3046875,1070.0280749321848,1056.8124450060086,1068.8868957671646,13334091,1085.8376953125,1103.8033471679687,1084.3408929389195,35.82976824162776,-6.166753512323567,-6.7036125240333595,-0.015492198022396542,0
2023-03-13,1042.8665771484375,1070.0281154160118,1038.5298305140532,1063.1806779260546,12771592,1084.6473815917968,1101.4405200195313,1080.3909581017308,34.789265936174516,-8.783511374952695,-7.119592294217227,-0.016446320154142047,0
2023-03-14,1038.9635009765625,1052.2018311560978,1035.8136967949142,1040.812257084253,16027522,1083.5654846191405,1098.9640283203125,1076.445485994572,30.984756219110224,-11.04493729955584,-7.90466129528495,-0.0037426419231378905,0
2023-03-15,1021.2057495117188,1049.1661484530057,1016.800539526596,1042.6839706485125,21728555,1080.3460418701172,1095.870350341797,1071.1845587104908,32.24881782153899,-14.10741428269921,-9.145211892767803,-0.017091795282656697,0
2023-03-16,1016.1157836914062,1028.943333036388,1005.2968594074098,1023.921951504309,18363159,1075.6429870605468,1092.84697265625,1065.939913470578,32.26903227124224,-16.75205974196524,-10.66658146260729,-0.0049842706259206615,0
2023-03-17,1014.8377075195312,1028.007574780085,1010.0901194945558,1024.7208434439497,34014213,1070.9193939208985,1090.1495349121094,1061.0730367133353,29.191533208765307,-18.735123545790657,-12.280289879243963,-0.0012578056481240552,0
2023-03-20,1004.8631591796876,1013.422485602896,995.1625932582816,1011.1400066065016,19524589,1065.4654022216796,1087.2936950683593,1055.719715043464,28.744595065773552,-20.87099079759855,-13.998430062914881,-0.009828712774403559,1
2023-03-21,1036.1103515625,1038.0733342187905,1012.052976986994,1012.9431232711898,21400360,1062.1626434326172,1084.8541760253906,1053.8521566167055,43.63330157055042,-19.8138914937183,-15.161522349075566,0.031095967741837427,1
2023-03-22,1039.26025390625,1046.0392280531037,1036.2473765076484,1043.0948141638405,10920094,1058.5677276611327,1081.9307751464844,1052.462451596662,41.600126560816605,-18.508606194097183,-15.83093911807989,0.0030401224531728666,0
2023-03-23,1026.11328125,1036.2018087285126,1023.94490772414,1035.3344834675563,16249370,1055.5753997802735,1079.0950207519531,1049.9530068017418,40.49330687531594,-18.32378383570085,-16.32950806160408,-0.012650317961102275,0
2023-03-24,1005.7990112304688,1027.1174243598298,1003.379605076148,1024.949051064462,12375945,1051.827569580078,1076.147421875,1045.7478643663824,27.048207612955864,-19.590673512752346,-16.981741151833734,-0.019797297618820986,1
2023-03-27,1021.4339599609376,1028.9433318287538,1004.383890745215,1012.2812828490338,14054323,1048.491717529297,1074.0105615234374,1043.4322544230067,29.00776603372084,-19.112762979091258,-17.407945517285242,0.01554480423612814,1
2023-03-28,1026.2044677734375,1030.0846702786253,1021.1829653124684,1024.8349561252708,12576424,1045.7561645507812,1072.0056298828124,1041.7915128373334,29.319842736694966,-18.139969054808716,-17.55435022478994,0.004670402590376321,0
2023-03-29,1020.133056640625,1024.7436572444662,1009.359714078918,1022.0959186617868,18804065,1043.7510070800781,1070.0938256835936,1039.7288027233612,32.922024208486874,-17.65541437196498,-17.57456305422495,-0.005916375657558426,1
2023-03-31,1064.116455078125,1069.7770709600843,1029.2629756900762,1029.3999027039445,28171201,1043.4577087402345,1068.7448779296874,1042.051436280958,50.98363051831337,-13.565929039999446,-16.77283625137985,0.0431153545620222,1
2023-04-03,1064.299072265625,1072.3106311531849,1056.7896998650788,1070.4846960590223,10293043,1043.5809631347656,1067.4370166015624,1044.170258755688,56.07136879757333,-10.192751080738844,-15.456819217251649,0.00017161391183129204,0
2023-04-05,1061.7427978515625,1071.8541464339423,1053.8454651230938,1071.8541464339423,16262928,1042.2217529296875,1066.1022241210937,1045.843833907676,56.502505761753675,-7.6377104553087065,-13.892997464863061,-0.0024018384312041174,1
2023-04-06,1068.8638916015625,1074.592970502133,1058.2275373074351,1058.2275373074351,18435046,1040.6867797851562,1065.178271484375,1048.036220354713,64.48389268841021,-4.980794105409814,-12.110556792972412,0.006706985688444966,0
2023-04-10,1061.2861328125,1072.9496819536614,1059.779694186431,1072.7671126043012,12961408,1038.5754760742188,1064.2155200195311,1049.298116779264,63.523330074645294,-3.4468968787714402,-10.37782481013222,-0.0070895451222589,1
2023-04-11,1066.535888671875,1068.6586196822263,1060.9210357303307,1065.4631729553812,10542367,1038.0527893066405,1063.4887768554688,1050.9398093404652,65.11813781013208,-1.7870607280503918,-8.659671993715854,0.004946597997528501,1
2023-04-12,1071.2379150390625,1080.8927189104256,1063.660079131172,1066.5359087914262,18179087,1038.5994506835937,1063.1610180664063,1052.872962264141,70.02760996286503,-0.09116351254670008,-6.945970297482023,0.004408690243928648,1
2023-04-13,1075.27783203125,1079.9797173840186,1069.1151503508545,1074.1365320735108,12378208,1040.2200134277343,1063.3267260742186,1055.006759384818,64.13979740859986,1.5608423680655505,-5.244607764372509,0.0037712602732513645,1
2023-04-17,1080.73291015625,1106.9814803229494,1072.333391852291,1106.9814803229494,17929479,1042.3084838867187,1063.3970239257812,1057.4568689820971,64.72687503847044,3.2725245196213564,-3.5411813075737357,0.005073180123777998,0
2023-04-18,1068.3619384765625,1085.0925121063174,1061.8111761257844,1085.0925121063174,10405576,1044.666293334961,1063.27376953125,1058.495447029189,65.08557037326327,3.589434167963418,-2.115058212466305,-0.011446835349817275,1
2023-04-19,1073.6800537109375,1076.3733137885806,1064.64142217666,1067.768405195298,12273475,1047.5445068359375,1063.38423828125,1059.9416000464985,77.14506078674968,4.221057083019559,-0.8478351533691322,0.004977821693983531,0
2023-04-20,1070.9638671875,1076.8755157885284,1064.595795217696,1074.638679040759,7007330,1050.350814819336,1063.5586181640624,1060.991339774213,72.08886304816716,4.451139278609844,0.21195973302666304,-0.0025297913601445288,1
2023-04-21,1072.3106689453125,1077.7885951677931,1066.5587679261996,1073.0638883289137,7647317,1053.7231903076172,1063.741220703125,1062.0693711238414,71.20968104222821,4.6881150503809295,1.1071907964975165,0.0012575604080362623,1
2023-04-24,1076.4190673828125,1086.8727319946267,1071.8539885727766,1084.1794719407253,12936186,1055.7386260986327,1064.166220703125,1063.436008862791,76.36880818099573,5.148089504185691,1.9153705380351513,0.0038313508915666095,1
2023-04-25,1084.65869140625,1086.735779878646,1072.9952636709509,1080.0709122812248,9236126,1058.0085479736329,1064.8066821289062,1065.4572167240729,64.46949816510921,6.10709260799149,2.753714952026419,0.0076546618999151494,0
2023-04-26,1078.290771484375,1089.2467445727557,1074.6159592843226,1086.005534613959,8617834,1060.6174224853517,1064.8993530273438,1066.679460034578,59.06551340133127,6.280869603154315,3.4591458822519985,-0.005870897428221444,1
2023-04-27,1085.115234375,1088.2878596252956,1079.1579437194785,1084.1794457664448,9167125,1064.583233642578,1065.0910791015624,1068.435248066999,64.34981510655169,6.889844407127612,4.1452855872271215,0.006328963458743564,1
2023-04-28,1104.949951171875,1106.5021527689444,1087.2607695641375,1087.3748753991613,15565210,1068.759033203125,1065.85662109375,1071.912838838892,69.16377865163733,8.870701283984317,5.090368726578561,0.01827890363026685,1
2023-05-02,1114.3310546875,1116.4994278601828,1108.4194062766874,1112.1170391794085,12981805,1073.1653625488282,1066.9312133789062,1075.9526689197119,77.6404974658552,11.069914202608516,6.286277821784552,0.008490070980749609,0
2023-05-03,1104.767333984375,1116.1340858641377,1101.549066588438,1116.1340858641377,7061872,1077.3970764160156,1067.31466796875,1078.696922735394,69.06443114472293,11.903873507804292,7.409796958988499,-0.008582477050150028,1
2023-05-04,1117.5037841796875,1119.717799894209,1102.2568277931216,1105.246884028871,8635233,1080.0664428710938,1067.4612060546874,1082.3928143015173,71.35936665231475,13.43761687067149,8.615360941325097,0.011528626710366252,0
2023-05-05,1114.6505126953125,1123.5978590907398,1112.025716258824,1114.30819519152,8746585,1082.5840148925781,1067.5680249023437,1085.4649760533073,68.37838361437764,14.258521018088231,9.743992956677724,-0.0025532544272048874,1
2023-05-08,1128.4139404296875,1133.7777597410543,1115.7461404298203,1118.4165791288924,9153782,1085.9175720214844,1067.8574438476562,1089.5553536129626,70.65452011129877,15.837126525295616,10.962619670401303,0.012347751674284035,1
2023-05-09,1131.9061279296875,1135.2158009724574,1124.4652198090143,1129.8290394334551,6464721,1089.0696838378906,1068.452255859375,1093.5887606907459,79.81996452909394,17.172024697320694,12.204500675785182,0.0030947752193404288,1
2023-05-10,1139.6895751953125,1141.173192717246,1132.659447469911,1136.6766978121202,10872255,1092.9898559570313,1069.0228759765625,1097.9793144530854,80.27634195721504,18.643094275540534,13.492219395736253,0.006876407039037247,0
2023-05-11,1132.24853515625,1145.5781493917782,1130.5365853892238,1140.762158669685,10557860,1096.27548828125,1069.9486499023437,1101.2430497581488,76.94149592693162,18.98959751147936,14.591695018884876,-0.006529005968829105,1
2023-05-12,1134.097412109375,1135.4897449397138,1121.3839680276494,1127.4553650769165,6955341,1099.4184631347657,1071.0154858398437,1104.3720366487419,77.04283731352373,19.192157495880338,15.511787514283968,0.0016329250122366634,1
2023-05-15,1136.3341064453125,1143.3184701435996,1128.984483334697,1136.6309023578756,6833343,1102.4712768554687,1071.9791479492187,1107.4160432960343,76.66043823532607,19.31057005181492,16.27154402179016,0.0019722241776192195,0
2023-05-16,1120.1514892578125,1141.0589403639667,1118.485181669263,1138.5026071786638,8717229,1104.442205810547,1072.7638671875,1108.6289429114418,64.75056794026659,17.89235891627277,16.595707000686684,-0.014241073198201004,0
2023-05-17,1113.5323486328125,1125.264241675661,1108.8304629473162,1124.35127409302,8798967,1106.7007263183593,1073.8297900390626,1109.0959339325248,64.61564319684257,16.049300695648526,16.486425739679053,-0.0059091477255328595,0
2023-05-18,1111.1356201171875,1121.6122266625744,1107.9856952056505,1118.2112689036005,10525531,1108.573504638672,1074.6528540039062,1109.2901897596355,61.20279808485702,14.231219180287326,16.035384427800707,-0.002152365414949675,1
2023-05-19,1114.741943359375,1116.5679991928369,1104.1968724046772,1111.1357155261294,8050447,1110.7624084472657,1075.7110131835936,1109.809404388182,54.9006502757746,12.932301110018898,15.414767764244345,0.003245619325755289,1
2023-05-22,1120.69921875,1125.7207212869755,1110.3596592183865,1111.5693019532655,7434906,1113.1818359375,1076.3464575195312,1110.846529565498,53.30020977410694,12.2424778541033,14.780309782216136,0.00534408472392478,0
2023-05-23,1120.49365234375,1126.6335119735163,1119.0784985578175,1123.2783175836105,6092034,1115.385565185547,1076.7650634765625,1111.7653031634268,59.025349160445664,11.546104161316407,14.133468658036191,-0.0001834269202750649,0
2023-05-24,1113.9656982421875,1124.8075631613845,1110.8615367170432,1116.544972955841,8112254,1116.8509155273437,1076.9741333007812,1111.9748645994991,47.813689933801214,10.348184226827925,13.376411771794539,-0.005825962590602751,0
2023-05-25,1113.828857421875,1117.960213217733,1102.9186489083418,1111.0671339157268,11487863,1118.6278198242187,1077.71091796875,1112.1514353444873,49.474632336297745,9.280798865402176,12.557289190516066,-0.00012284114360827658,1
2023-05-26,1144.2088623046875,1145.3500415058625,1118.7591533794464,1122.0687058844728,12626260,1121.582501220703,1079.3890014648437,1115.204523626411,58.32936365906978,10.762240366442484,12.198279425701351,0.027275289808105452,1
2023-05-29,1150.6453857421875,1154.9364899661489,1144.5283465169668,1150.8279550929285,10010304,1123.8672729492187,1081.5445776367187,1118.5798438279135,59.58441240594274,12.313722154391826,12.221367971439447,0.005625304653326557,0
2023-05-30,1150.3486328125,1158.451475420254,1147.7921790871794,1150.645307987406,11342504,1125.6681518554688,1083.7722802734374,1121.6054427788265,55.9038337495994,13.365270647375382,12.450148506626634,-0.00025790129032332576,0
2023-05-31,1127.5009765625,1145.7381091276332,1123.4382047768397,1141.241614387353,27107927,1126.804833984375,1085.898184814453,1122.1669221867953,47.75378239203809,12.21421759319037,12.402962323939382,-0.019861505980269256,0
2023-06-01,1124.465087890625,1134.3483427772612,1122.0685033285554,1132.1799698648445,14592692,1127.152899169922,1088.0651708984376,1122.3857951109696,45.49326857396115,10.931022883543164,12.10857443586014,-0.002692581855787579,0
2023-06-02,1120.7904052734375,1133.412563645759,1118.8731857024295,1128.003101699598,15800644,1127.459893798828,1090.1842248535156,1122.2338532216809,42.82403806921799,9.507963766824105,11.588452302052932,-0.00326793837955508,1
2023-06-05,1130.8563232421875,1133.8235582589482,1122.274114564264,1126.268543700321,10908682,1127.582012939453,1092.7040881347657,1123.0550408426816,55.23785177239051,9.087657758162777,11.0882933932749,0.008981088632976197,1
2023-06-06,1131.8148193359375,1135.6265579862757,1123.8946668621782,1133.6865172838243,7493309,1127.5774475097655,1094.6181774902343,1123.889305461087,59.47017120541869,8.731256354204106,10.616885985460742,0.0008475843253030746,1
2023-06-07,1140.3970947265625,1141.241598708449,1128.733545665894,1135.3071289198083,10312545,1127.6128234863281,1096.6409143066405,1125.4614758673226,64.24440646622725,9.037148945178615,10.300938577404317,0.0075827558042227405,1
2023-06-08,1141.081787109375,1148.9335976883085,1137.133121023714,1143.9805586437908,12071109,1128.0544860839843,1098.9402844238282,1126.9491245570418,63.19756716951035,9.228440265566178,10.08643891503669,0.0006003982174092037,0
2023-06-09,1133.001708984375,1145.144501301207,1131.1984746215855,1144.4369244051345,5877018,1127.9997009277345,1101.4843383789062,1127.525561169169,56.03576108490623,8.628580335493098,9.794867199127973,-0.007081068347842723,1
2023-06-12,1134.0059814453125,1136.311281503828,1125.264025708016,1130.057315904061,6391969,1127.8832946777343,1103.7357788085938,1128.142744052611,56.57777297107142,8.14038610983539,9.463970981269457,0.0008863821236755332,1
2023-06-13,1150.759521484375,1151.946463788879,1134.9647365494957,1138.959165682283,11248016,1129.4136962890625,1106.2268798828125,1130.2967228556363,66.28944481373995,9.001594555985093,9.371495696212584,0.014773766905276542,1
2023-06-14,1164.910888671875,1166.3488637759135,1149.0019986007082,1150.827933567815,13277380,1131.9826232910157,1109.1224365234375,1133.5933100762304,70.11861629704843,10.702632236091176,9.637723004188302,0.012297414814561813,1
2023-06-15,1165.23046875,1169.7954267696327,1157.4471223513988,1164.888030487722,11813494,1134.6873657226563,1111.144716796875,1136.6063728070656,60.84798869146833,11.938880313789923,10.097954466108627,0.00027433864790227247,1
2023-06-16,1176.5745849609375,1178.857064328992,1168.7227738269123,1168.7227738269123,24171579,1137.7789978027345,1113.3902270507813,1140.4128692026725,62.73544859342399,13.676338872246788,10.81363134733626,0.009735512857904416,0
2023-06-19,1164.88818359375,1179.5874324568545,1160.7113056227922,1179.5874324568545,6798554,1139.9884460449218,1115.453134765625,1142.7438515256322,56.42268917350773,13.949491321834785,11.440803342235967,-0.009932563151171192,1
2023-06-20,1167.3074951171875,1170.457299404325,1157.2189687814275,1162.9480481347905,6921096,1142.3291381835938,1117.4220068359375,1145.0832461533994,71.45658281736293,14.197524601052919,11.99214759399936,0.0020768615885293773,1
2023-06-21,1170.5943603515625,1173.1278723617306,1163.1534517577868,1167.2618659292657,6961603,1145.1605712890625,1119.6081713867188,1147.512876077034,74.79759197113725,14.492257592344231,12.492169593668335,0.0028157664095569412,0
2023-06-22,1157.4471435546875,1174.702723824018,1155.8494202932393,1166.8053921892115,7619166,1147.341485595703,1121.426396484375,1148.4589967891916,67.88410457983443,13.509238993834742,12.695583473701618,-0.011231231964013988,0
2023-06-23,1147.9749755859375,1156.4885999942844,1146.719569774206,1154.4343325060674,6628570,1147.5297912597657,1122.9611376953126,1148.412899531739,58.400524269006546,11.829501746853566,12.522367128332009,-0.008183672162911604,0
2023-06-26,1139.210205078125,1148.271658359126,1136.0832218598148,1144.437098137329,12641159,1146.9580322265624,1124.23978515625,1147.5364524409185,53.37083465478197,9.679475182392252,11.95378873914406,-0.007634983944958318,1
2023-06-27,1139.62109375,1145.578264166708,1135.1474200849475,1139.666736088607,9689466,1146.4216552734374,1125.417548828125,1146.7826087560693,49.61782865112812,7.917451469731304,11.146521285261509,0.00036067853855548115,1
2023-06-28,1154.708251953125,1158.519990797568,1140.2600374666351,1147.1760589375283,11354006,1147.7820190429688,1127.1444750976561,1147.5374319176935,55.877137562126194,7.650255181488546,10.447268064506916,0.01323874951584103,1
2023-06-30,1164.180419921875,1167.1020122895738,1156.5113003301233,1162.4229485666156,11151555,1149.7677856445312,1128.954482421875,1149.122478394282,63.28791239891623,8.109345503802842,9.979683552366101,0.008203083292016355,1
2023-07-03,1194.058349609375,1196.934300105854,1166.5087289327182,1167.7413136446191,12154387,1153.4311828613281,1131.4163720703125,1153.4020851766718,70.53866135834744,10.760042050444326,10.135755251981745,0.02566434650181204,0
2023-07-04,1181.7557373046875,1198.3037415268395,1174.6799673322105,1198.3037415268395,8061643,1155.9761535644532,1133.6052734375,1156.1024329983875,60.93398383506078,11.732772072078205,10.455158616001038,-0.010303191890674523,0
2023-07-05,1179.8155517578125,1190.9997357239995,1175.8440646341217,1190.9997357239995,10248062,1158.3761901855469,1135.673203125,1158.3608252611898,55.75330240377865,12.20640304742983,10.805407502286798,-0.0016417822106792324,1
2023-07-06,1204.5804443359375,1207.1824197013011,1175.958111582341,1175.958111582341,19117987,1161.5853576660156,1138.0716381835937,1162.762693744499,62.77790065935878,14.413924124978394,11.527110826825119,0.02099047816519084,0
2023-07-07,1202.2294921875,1216.5406584496827,1199.6730384312104,1202.8686056265724,13375267,1164.6427429199218,1140.5504125976563,1166.5214364533563,58.84752526932193,15.791661844835062,12.380021030427109,-0.0019516771665121224,1
2023-07-10,1248.5411376953125,1258.1047776229054,1221.128565671655,1227.4738168988026,33240016,1170.4197143554688,1143.8189306640625,1174.332836571638,73.28754787253925,20.38550030580359,13.981116885502406,0.03852146849562543,1
2023-07-11,1262.076171875,1264.4955779542368,1249.705166712445,1256.6895309307056,20069348,1176.823223876953,1146.961455078125,1182.6893446957677,74.8443915348995,24.832065925673533,16.151306693536633,0.010840679390565988,1
2023-07-12,1263.468505859375,1279.103541836806,1260.683840337917,1262.806571231475,18733835,1182.458673095703,1149.9442041015625,1190.3825981399207,74.59200527508331,28.1439252798732,18.54983041080395,0.0011032091528251353,0
2023-07-13,1252.170166015625,1277.733978890264,1249.545369524751,1270.8408996155135,14682934,1186.8216369628906,1152.8922607421875,1196.2671284137973,75.32957423180952,29.51666632164074,20.743197592971306,-0.008942320122229841,0
2023-07-14,1251.120361328125,1260.341562579208,1243.9989491216202,1255.3657025022662,15124144,1191.1161315917968,1155.5645922851563,1201.4912458342094,78.88276421241318,30.17205831579895,22.628969737536835,-0.0008383881967419793,1
2023-07-17,1276.6842041015625,1285.060901535764,1245.3228457945552,1253.9963391795925,22220040,1196.1216125488281,1158.8052661132813,1208.6524799549095,85.18518518518519,32.38098185650142,24.57937216132975,0.020432760558944274,1
2023-07-18,1287.52587890625,1295.286283587151,1274.995004828538,1285.9509768018002,25867313,1202.2534973144532,1161.9875048828126,1216.1642322359896,85.93610231222787,34.60746886732318,26.58499150252844,0.008492056821770566,1
2023-07-19,1297.294921875,1303.7543992835303,1276.8210735612868,1291.8854597114334,39122156,1208.7528686523438,1165.2952807617187,1223.8909645825622,85.56301278608547,36.736777287926316,28.615348659608014,0.007587453680580669,0
2023-07-20,1295.723876953125,1301.213635792283,1276.014839753512,1276.014839753512,38717624,1215.009344482422,1168.415966796875,1230.7321943321397,84.15482958147177,37.8610606175605,30.46449105119851,-0.0012110160113818491,0
2023-07-21,1255.6134033203125,1293.2755748788927,1248.1205739980844,1290.3576048302098,30249238,1219.917657470703,1170.8832641601562,1233.1018332833942,65.1761546161472,35.110748399499016,31.393742520858616,-0.030956034959494394,0
2023-07-24,1230.2166748046875,1243.8423605772516,1221.2648606691866,1227.0514151401742,23727866,1224.0297424316407,1172.8056494140626,1232.8270562854223,61.22321357894856,30.52987303766895,31.22096862422068,-0.020226550981748415,0
2023-07-25,1229.425537109375,1239.0203294862108,1226.556952345633,1233.4810641733905,12026020,1228.540509033203,1174.6674780273438,1232.5031020781796,61.550801014320655,26.529838644157053,30.28274262820796,-0.0006430880929476634,1
2023-07-26,1249.4063720703125,1259.6936470475673,1229.029726310642,1229.029726310642,12911012,1234.0297729492188,1177.2525756835937,1234.1129373155254,60.67472628161598,24.687486980663607,29.163691498699087,0.016252171732105358,0
2023-07-27,1237.7838134765625,1255.06933898356,1231.6758304667376,1253.2889256301971,17226898,1238.1835510253907,1179.7376049804689,1234.4625445689576,58.10874241147815,22.035554513403213,27.738064101639914,-0.009302464637258923,1
2023-07-28,1250.2225341796875,1257.6412248805652,1236.7204929547063,1242.4081558253793,20827852,1242.4856567382812,1182.5193432617189,1235.9634959604557,50.4535450535469,20.69897483573186,26.330246248458305,0.010049186754339967,1
2023-07-31,1260.8065185546875,1263.1062644351005,1245.3261593927457,1250.222567835286,8551174,1245.823065185547,1185.440634765625,1238.3294981122874,49.65197914484775,20.260217718345302,25.11624054243571,0.008465680377409468,0
2023-08-01,1242.9769287109375,1265.628689467438,1239.0697997346808,1263.6503718598296,9536632,1248.8841247558594,1187.8861889648438,1238.772110550254,44.847421147590396,18.26327300672233,23.745647035293032,-0.014141416292952513,0
2023-08-02,1229.697509765625,1242.383422770223,1218.4458286875906,1240.998576334311,12748214,1251.37822265625,1190.0702661132811,1237.9078628564798,44.405023128027764,15.431259849480284,22.082769598130483,-0.010683560280627447,0
2023-08-03,1224.5291748046875,1236.8936606795558,1215.7010043381908,1224.23249959185,10168350,1252.3756591796875,1192.2815356445312,1236.6337020896424,43.51267980956908,12.624302480404367,20.19107617458526,-0.004202931956756251,1
2023-08-04,1241.1717529296875,1244.3617658987637,1222.4024889169664,1235.8550243989196,22885610,1254.322772216797,1194.8283935546874,1237.0658974077419,40.9419085018115,11.60886573135167,18.474634085938543,0.013591001723298746,1
2023-08-07,1248.244384765625,1250.494624650405,1238.9215138972052,1246.834785043854,5982870,1254.3079345703125,1196.9091040039064,1238.1305152513498,39.78412287218169,11.245199413663158,17.028747151483465,0.005698350626529347,0
2023-08-08,1240.7265625,1253.4867351589849,1236.2259624118224,1250.2967221809697,9844072,1253.2404541015626,1198.7107275390624,1238.3777578464592,35.114048703267784,10.232412922334106,15.669480305653593,-0.006022716671011952,1
2023-08-09,1248.911865234375,1250.7912910864598,1227.1009863432985,1238.8472469851745,11486586,1252.5126220703125,1200.6819921875,1239.3810061691179,38.095823461922436,9.975269160959897,14.530638076714855,0.006597185054120214,1
2023-08-10,1254.475830078125,1261.177404750792,1240.6276075945868,1248.788167272386,15470598,1252.6279052734376,1203.2214892578124,1240.818608446166,49.649056606615765,10.103974017379414,13.645305264847767,0.0044550500308568886,1
2023-08-11,1259.767822265625,1265.55449762201,1242.5565564009414,1252.4975295128647,22179330,1253.0602783203126,1205.9275439453124,1242.6232954765906,60.40761507434595,10.511819375486994,13.018608086975615,0.004218488758902961,1
2023-08-14,1274.6546630859375,1277.1523130180672,1248.81289137336,1255.737002454242,9575812,1252.9588012695312,1209.0048291015626,1245.6739019155762,64.49051648010413,11.899117777044012,12.794710024989296,0.011817130551516453,0
2023-08-16,1273.6160888671875,1277.3996937112483,1261.672044700447,1261.672044700447,10203112,1252.2633117675782,1211.8600244140625,1248.3350625776345,58.82778156619834,12.767580771901521,12.789284174371742,-0.0008147887022478262,0
2023-08-17,1255.2425537109375,1275.0752365265755,1252.695518025622,1269.6348629683328,13673744,1250.160693359375,1214.3285791015626,1248.9929188760443,56.06740143049864,11.83680588906168,12.59878851730973,-0.014426274382724147,1
2023-08-18,1264.5406494140625,1274.827925208279,1240.6771930744892,1251.9041214413387,18639978,1248.6015319824219,1216.8114501953125,1250.4736551177602,55.08699068942008,11.71440236584317,12.42191128701642,0.007407409568482626,0
2023-08-21,1250.74267578125,1268.3374245054663,1248.5836072167706,1260.6443643964944,9221746,1248.3579956054687,1219.00466796875,1250.4992761333308,46.50431517345073,10.384311653401028,12.014391360293342,-0.010911451236625624,0
2023-08-22,1250.44482421875,1259.6517042081298,1240.319812990251,1249.204008079304,7713044,1249.369403076172,1221.3535302734374,1250.494090236704,52.95372400880271,9.20011781783046,11.451536651800765,-0.0002381397614932279,1
2023-08-23,1251.8345947265625,1262.0838090060652,1249.228880766707,1252.8272476636505,9517952,1250.4898559570313,1223.7101025390625,1250.6217573309764,59.664716459654805,8.278350861037325,10.816899493648078,0.0011114208967042405,0
2023-08-24,1230.7904052734375,1260.6195534341234,1226.4227081001463,1260.6195534341234,14140020,1249.5590576171876,1225.3107202148437,1248.73305713502,52.40075787786708,5.783089831835468,9.810137561285556,-0.016810678936159063,0
2023-08-25,1225.1075439453125,1243.2978613921046,1212.32713678729,1218.9778633049934,22222400,1248.925244140625,1226.5146533203124,1246.48300825981,43.27527635150603,3.308875417176523,8.50988513246375,-0.004617245392697478,0
2023-08-28,1212.8978271484375,1232.8749678308825,1206.6193456890517,1226.9190501118926,12580826,1247.0590087890625,1227.4680004882812,1243.2844195825367,35.81353920985511,0.35868585588741553,6.879645277148485,-0.009966240806545956,0
2023-08-29,1201.2838134765625,1217.7121468384466,1195.228533637356,1217.0173382536789,16876644,1244.0828735351563,1227.9621850585938,1239.2843618581583,34.67346170156047,-2.8832778352536934,4.9270606546680495,-0.009575426232875661,0
2023-08-30,1200.1422119140625,1212.5255327642965,1198.628391987628,1207.0659417448908,12168946,1241.9411376953126,1228.667265625,1235.5565380539588,29.951796515659865,-5.4814879420137,2.8453509353316995,-0.0009503179429315445,0
2023-08-31,1194.65771484375,1203.5915905675504,1191.133748727762,1202.5989377093504,21638600,1240.1891479492188,1229.2142700195313,1231.6614120339389,25.393924177755466,-7.892165279790788,0.6978476923072021,-0.004569872649979989,1
2023-09-01,1197.4619140625,1203.9141576589248,1192.0023233270636,1194.4343955405525,18112842,1238.8357849121094,1229.75162109375,1228.40431698904,23.835057465372117,-9.467236586470108,-1.3351691634482599,0.002347282559604702,0
2023-09-04,1196.494140625,1202.921543874001,1193.8140262826475,1197.4619529612137,9347626,1236.601904296875,1230.5325610351563,1225.3652525734171,12.831908236537046,-10.670579376330124,-3.202251206024633,-0.0008081872384706479,1
2023-09-05,1202.8968505859375,1208.033756715794,1197.3627378820318,1201.1100268699734,8675876,1234.3345275878905,1231.6309985351563,1223.2254047650856,18.00288968814344,-10.981009777469808,-4.758002920313668,0.005351225504199197,1
2023-09-06,1205.4281005859375,1209.125708635972,1199.745186611218,1201.6560920331103,8200370,1232.5696044921874,1232.9553564453124,1221.5304234146906,23.68950417016974,-10.89716168973041,-5.985834674197017,0.002104295142818735,1
2023-09-07,1207.06591796875,1210.1679582595823,1196.6430625915527,1201.9537313347682,13652572,1230.4773071289062,1234.3042529296874,1220.1528514674583,16.970908657252494,-10.576632465781813,-6.903994232513977,0.0013587018437817289,1
2023-09-08,1215.1064453125,1218.9778160313297,1202.5742018862825,1211.0365924741222,23109288,1228.508837890625,1235.512216796875,1219.672241357462,28.069682537297737,-9.563564568135234,-7.435908299638228,0.0066612164456441025,1
2023-09-11,1228.20947265625,1229.326207160582,1216.9924464989117,1216.9924464989117,13271074,1226.9309204101562,1236.7927978515625,1220.4853110049658,38.1794702072707,-7.61560816998599,-7.471848273707781,0.010783439915323711,0
2023-09-12,1210.4659423828125,1232.3787090583842,1209.0265228175713,1232.3787090583842,16255666,1223.721484375,1237.1209497070313,1219.5310854219035,31.26550649006036,-7.418082259687708,-7.461095070903767,-0.01444666457022481,1
2023-09-13,1216.52099609375,1222.278310335504,1204.2120756300535,1211.0365644667,12803338,1220.8667297363281,1237.8162548828125,1219.2444102477937,42.522730209334135,-6.695764714738743,-7.308028999670762,0.00500225037229729,1
2023-09-14,1217.6376953125,1223.8417758931353,1213.5181615722684,1220.9630582690309,9209636,1218.9864868164063,1238.5726977539061,1219.0913897777657,45.88902041348287,-5.964459980137917,-7.0393151957641935,0.0009179448791560851,1
2023-09-15,1219.8961181640625,1224.9337835939812,1215.7517434819515,1224.9337835939812,25468592,1216.7542602539063,1238.8790112304687,1219.1680305764608,54.325212526141385,-5.1433702884583,-6.660126214303015,0.0018547576674545763,0
2023-09-18,1209.274658203125,1216.4962329024152,1207.0908701058952,1211.061482045193,7516300,1214.680859375,1239.0199145507813,1218.225804636143,54.99999236187599,-5.288748443844497,-6.385850660211313,-0.008706856102569382,0
2023-09-20,1182.323974609375,1204.8821081322808,1168.8487603007638,1202.623798606989,57081884,1211.2748168945313,1237.6955712890624,1214.806582728832,41.57272363022913,-7.4922901520519645,-6.607138558579443,-0.022286652094236636,0
2023-09-21,1173.712890625,1186.269974873086,1171.3304992731428,1178.750555955457,12226182,1207.3687316894532,1235.9283056640625,1210.8928977665623,40.37853332914635,-9.820253572881938,-7.249761561439943,-0.0072831847863188415,0
2023-09-22,1168.8240966796875,1182.47307577697,1166.3673046768697,1179.2717940052096,19176786,1204.2704162597656,1234.0354174804688,1206.886345282098,37.091806248067364,-11.922234076886298,-8.184256064529215,-0.004165238351185874,0
2023-09-25,1161.6273193359375,1171.6779308453931,1158.9720452955405,1166.5657437194718,14254884,1201.0964050292969,1232.224560546875,1202.5759618586542,35.11972301322106,-14.007320880072939,-9.34886902763796,-0.0061572800938944905,1
2023-09-26,1162.6446533203125,1166.4663425671888,1159.220049449067,1160.684188171601,10087782,1198.5837463378907,1230.4550463867188,1198.7729800930979,31.993687475427024,-15.400153460681395,-10.559125914246648,0.0008757834526107455,1
2023-09-27,1175.7476806640625,1177.1871000752485,1160.6594050312617,1163.1410372849095,11722778,1197.3069396972655,1228.4363159179688,1196.58009443319,37.870119451949826,-15.270647991164651,-11.50143032963025,0.011270019009101295,0
2023-09-28,1158.4755859375,1182.7459002555731,1153.9589668880435,1182.7459002555731,14518346,1195.2236083984376,1225.8553100585937,1192.9510936240767,32.39206596362092,-16.372990031797144,-12.475742270063629,-0.01469030729178833,1
2023-09-29,1163.8856201171875,1175.847137006539,1158.475709840611,1162.2973995824232,12342014,1193.6850036621095,1223.1871240234375,1190.1829532900872,31.07810359397928,-16.618491866599243,-13.304292189370752,0.004669959596351303,0
2023-10-03,1150.55908203125,1159.220075299941,1149.492028660551,1156.415758225436,8859056,1191.339862060547,1220.283828125,1186.409251265436,21.361837994168923,-17.684537745546095,-14.180341300605821,-0.011450041013992163,0
2023-10-04,1148.5738525390625,1150.981084388904,1139.1189302205564,1146.0178196869251,10286386,1188.94384765625,1218.143037109375,1182.8058799581624,24.17142973581521,-18.476591567510468,-15.039591353986753,-0.001725447674258196,0
2023-10-05,1148.549072265625,1156.14276991832,1146.017758932428,1151.105104982258,10953682,1186.2264587402344,1216.5096850585937,1179.5433268445877,20.130885839654113,-18.888563882115704,-15.809385859612544,-2.1574819401237733e-05,1
2023-10-06,1150.4847412109375,1153.8597853939605,1147.5316229908371,1150.0132553057874,5431026,1183.4792907714843,1214.930869140625,1176.775842498526,20.70164749541712,-18.841667587298616,-16.415842205149758,0.0016853167113655143,0
2023-10-09,1140.6822509765625,1147.4818990309532,1139.0691900320726,1145.5711149238573,7576878,1180.160107421875,1212.75638671875,1173.3383575916723,17.57410405548559,-19.372170650371572,-17.00710789419412,-0.008520313119544265,1
2023-10-10,1145.719970703125,1150.435072150941,1143.4121010954177,1144.8018394410435,10236032,1176.6907836914063,1210.9151098632813,1170.7080350308584,22.73787855621346,-19.165172095955086,-17.438720734546315,0.004416409321920778,1
2023-10-11,1163.910400390625,1166.2182699823193,1148.0031129607796,1148.722762099973,9814118,1173.475830078125,1209.1888671875,1170.060641255598,41.459539764968056,-17.33349881362369,-17.41767635036179,0.015876854862132417,1
2023-10-12,1166.0693359375,1171.0078811502246,1160.485663265934,1163.3148210249558,12554450,1171.2559997558594,1207.2941235351564,1169.6805169395886,46.229123959058505,-15.528671624996377,-17.03987540528871,0.0018548984063984086,0
2023-10-13,1166.0198974609375,1170.0897506197043,1156.0188455521982,1161.4040366702477,10150316,1168.7309448242188,1205.7549829101563,1169.3318865130504,48.547205083643846,-13.941612120640912,-16.42022274835915,-4.239754450174882e-05,0
2023-10-16,1163.4140625,1168.6254903286665,1159.418610263332,1163.885548402189,5929036,1166.0197631835938,1204.4293139648437,1168.768284226093,50.971905897039186,-12.747183535814429,-15.685614905850208,-0.002234811744303733,1
2023-10-17,1168.972900390625,1171.18152891328,1162.0491704758838,1169.3451452373686,7928180,1163.4736022949219,1203.3181884765625,1168.787771479858,53.28020814746478,-11.222670556019693,-14.793026035884106,0.00477803910903396,0
2023-10-18,1153.4627685546875,1174.8048077319042,1151.9737890772074,1168.9729714451066,8918320,1160.6830078125,1201.5640087890624,1167.3282473917466,38.729985875287674,-11.137633347297879,-14.061947498166862,-0.013268170571580029,0
2023-10-19,1144.603271484375,1152.37085365543,1142.0472385636656,1147.5068298823098,12032556,1158.79697265625,1199.4911865234376,1165.1639639719967,42.33197303147587,-11.650824664052834,-13.579722931344056,-0.007680782866891889,0
2023-10-20,1141.104248046875,1148.846868358942,1139.7145096810816,1141.5508934053469,8913312,1157.1665405273438,1197.498740234375,1162.8725624553183,37.13564493070309,-12.199249079156516,-13.30362816090655,-0.003056974870395357,0
2023-10-23,1123.2861328125,1144.6530132953733,1119.340361294045,1136.5877075106362,7853962,1154.8896423339843,1194.9862255859375,1159.1024262988594,35.3428187553139,-13.911291655792866,-13.425160859883814,-0.015614800545062035,0
2023-10-25,1120.6802978515625,1132.219887961399,1113.2602415640138,1116.7593673158804,11620688,1152.8422912597657,1192.3103149414062,1155.4431759705453,35.10862368293458,-15.30197519100102,-13.800523726107256,-0.0023198318619076508,0
2023-10-26,1105.0709228515625,1120.7052071856403,1101.9937228681183,1117.230921778067,15222534,1149.963604736328,1189.216376953125,1150.6458185306421,30.09995474379963,-17.462352887349425,-14.532889558355691,-0.013928481681996563,1
2023-10-27,1124.5765380859375,1128.3982276638756,1109.761144511754,1111.7712909465938,11771084,1147.405047607422,1186.214814453125,1148.1630299168608,39.78474025786503,-17.39995182861412,-15.10630201240738,0.017651007578809663,1
2023-10-30,1147.7548828125,1153.958963260135,1126.636168734061,1128.6463150337838,16813304,1146.8690124511718,1183.6975903320313,1148.1241587640645,52.52256810050043,-15.303787296390738,-15.145799069204053,0.020610731187770126,0
2023-10-31,1135.5452880859375,1155.448028104718,1133.0636557231696,1155.448028104718,12808438,1145.4519958496094,1181.3036450195314,1146.9261710804335,46.547655043014,-14.461075777293217,-15.008854410821886,-0.010637806825655738,1
2023-11-01,1140.2603759765625,1150.236586425296,1129.2419526519689,1136.1656826268284,10309190,1144.937060546875,1178.8180395507814,1146.2913334514933,41.16769620022338,-13.259900757924015,-14.659063680242314,0.0041522675846532575,1
2023-11-02,1151.57666015625,1153.6116471680004,1145.4966608528323,1148.4746196953226,10562104,1145.0872009277343,1176.8347192382812,1146.7946978995656,44.934083864713195,-11.264975714079355,-13.980246087009723,0.009924298360359796,0
2023-11-03,1151.3284912109375,1158.897469898072,1149.3680258840427,1155.0509397455935,8850156,1145.226171875,1174.852392578125,1147.2264877387438,44.87174242811611,-9.593421413666647,-13.102881152341109,-0.00021550362550659674,1
2023-11-06,1160.9075927734375,1161.4039192346488,1154.256866662586,1157.5822297180116,10647304,1145.747314453125,1173.0338525390625,1148.5294501230005,49.165694875035044,-7.410327504783027,-11.964370422829493,0.00832004213882076,0
2023-11-07,1153.3634033203125,1160.9572220726066,1151.2540159543112,1158.4507493206686,6960204,1146.3813720703124,1171.4853125,1148.9898266179828,44.87198921406567,-6.217293800297057,-10.814955098323006,-0.006498527100767593,1
2023-11-08,1159.368896484375,1161.900209827792,1152.3459257444151,1157.4332718147846,7884494,1147.063818359375,1170.1705395507813,1149.978309462401,52.069512133569795,-4.732657753206922,-9.59849562929979,0.005206939241156672,0
2023-11-09,1146.787109375,1159.3689122452763,1143.6353879313751,1159.344192861405,14513610,1146.2076538085937,1168.8483251953126,1149.6743856445532,50.74576469018875,-4.51922326631211,-8.582641156702255,-0.010852272428152565,1
2023-11-10,1148.946044921875,1149.6658152095554,1140.5830169850344,1144.3054653415224,7734954,1145.3514892578125,1167.8015698242189,1149.605019861441,52.702652672109,-4.128278615959289,-7.691768648553662,0.0018825948855072383,0
2023-11-13,1148.7972412109375,1153.7605056745233,1147.3578218124285,1152.9166537769547,3854810,1144.4903564453125,1166.7746704101562,1149.528088561393,60.011689014721455,-3.7868074210744,-6.9107764030578105,-0.00012951322787979613,1
2023-11-15,1169.5684814453125,1172.2982770196893,1154.9516911953865,1161.4039352802763,12220648,1144.798077392578,1166.2728857421876,1151.4366974074806,66.79175129095718,-1.8191534756610963,-5.892451817578468,0.01808085838757778,1
2023-11-16,1171.6778564453125,1178.353423134986,1164.8533675821152,1166.9131951067154,13134910,1144.9333251953126,1165.7572045898437,1153.3644268396552,75.2161407257744,-0.08854393466003785,-4.731670240994783,0.0018035497993185157,0
2023-11-17,1169.121826171875,1177.9067803474445,1167.384683548377,1167.8064883385834,7758634,1145.7162780761719,1165.2097583007812,1154.8651315379618,69.34691856390158,1.0644559281822694,-3.5724450071593727,-0.002181512827418408,0
2023-11-20,1166.044677734375,1170.5363354915237,1159.617152805321,1165.647592311094,4490186,1146.788348388672,1164.47271484375,1155.9298502233344,59.624056093544056,1.7102023165552964,-2.515915542416439,-0.0026320169281037753,1
2023-11-21,1180.7109375,1185.227556641674,1171.4296571663483,1174.3083747965666,8214450,1148.7686828613282,1163.9783715820313,1158.2899537734932,73.16712145555822,3.3665975330052333,-1.3394129273321047,0.012577785436250544,1
2023-11-22,1185.326904296875,1188.4289448727577,1177.385680422616,1178.7754188353035,8534814,1151.8707214355468,1163.5435913085937,1160.8649014423866,73.1398084808462,4.994202560652411,-0.07268982973520155,0.003909480847741342,1
2023-11-23,1188.9500732421875,1191.1835423841578,1185.3268657327444,1185.3268657327444,8531542,1155.2842102050781,1163.0204638671876,1163.5396797090343,70.83577762503317,6.501505417715407,1.2421492197549202,0.0030566832931728793,0
2023-11-24,1188.1558837890625,1192.474021001291,1186.7414260587238,1187.0144298509326,6749486,1159.438458251953,1162.2193920898437,1165.8840800976084,70.40712791776812,7.544995330347547,2.5027184418734456,-0.0006679754440481744,1
2023-11-28,1188.404052734375,1191.034607263244,1178.899449291774,1188.155889499075,13792174,1162.629833984375,1161.778154296875,1168.028839396348,66.99394482594204,8.296358507331206,3.661446454964998,0.00020886901180094952,1
2023-11-29,1191.5308837890625,1197.1145563492605,1190.2156671664848,1195.1540911072586,12531306,1164.8186340332031,1161.2783520507812,1170.2671293385115,74.95148048366298,9.039921781326484,4.737141520237295,0.0026311177982716316,0
2023-11-30,1179.9913330078125,1191.530923348677,1176.2440439527552,1188.5529645510346,28439984,1167.0409362792968,1160.5254248046874,1171.1932439736831,62.5719801097506,8.598932582888892,5.509499732767615,-0.00968464262088975,1
2023-12-01,1188.3544921875,1189.3967050711567,1180.0658643673892,1180.2643464861462,14342842,1169.4456420898437,1159.8945922851562,1172.827648565475,76.7146587000728,8.822581292659152,6.1721160447459225,0.007087475090490347,1
2023-12-04,1201.209228515625,1215.9997806950958,1190.4886500919326,1215.9997806950958,15590990,1171.9272705078124,1159.7332836914063,1175.5306561797752,79.52901449483272,9.92271145563268,6.922235126923274,0.010817257318952223,1
2023-12-05,1209.9197998046875,1211.4584602643838,1201.9288955146308,1210.540207865299,12693624,1174.8568359375,1160.2852001953124,1178.8058127154811,81.4881660600237,11.366417851897495,7.8110716719181195,0.007251502138246435,1
2023-12-06,1221.5091552734375,1227.3905513904704,1208.5549856031337,1214.560584514323,16422442,1177.8869140625,1161.2411254882813,1182.8727977210008,79.55389043546873,13.292502013408011,8.907357740216097,0.009578614607861358,0
2023-12-07,1219.4990234375,1221.4346482742724,1212.0292855470004,1220.9631623446442,8142096,1181.1936950683594,1162.2546240234376,1186.3610096940008,77.24068395324419,14.489708409292462,10.02382787403137,-0.0016456134014709578,0
2023-12-08,1218.853759765625,1229.251775342433,1213.5182500771466,1222.874052744466,10204894,1184.1679382324219,1163.3991528320312,1189.4555573198697,78.9595423385205,15.211091721026605,11.061280643430418,-0.0005291219258676261,1
2023-12-11,1220.6405029296875,1224.7351961410227,1217.1909371644088,1218.9777608532804,7066138,1187.8606079101562,1164.5590698242188,1192.4255521398525,82.27691890230085,15.745464519991174,11.99811741874257,0.0014659208701182092,0
2023-12-12,1203.1202392578125,1223.41994400905,1201.1844932637518,1220.9631521449137,9197124,1190.569317626953,1165.1065209960936,1193.4440937701343,62.81584616823813,14.587069302961936,12.515907795586443,-0.014353336326153543,1
2023-12-13,1208.03369140625,1210.2176004047435,1194.3103140708777,1202.102614795848,10031182,1193.5311401367187,1166.0976831054688,1194.8335792592882,62.941940978058796,13.905216591455883,12.793769554760333,0.004083924439230335,1
2023-12-14,1223.0228271484375,1228.3831772791464,1212.3518080035872,1217.9851619285064,16972354,1196.203857421875,1167.2804272460937,1197.5182695344452,67.19256231536986,14.408252029493497,13.116666049706968,0.012407878893459401,1
2023-12-15,1238.6324462890625,1240.8162343922088,1225.951280138882,1229.8970515295573,15932152,1199.5515869140625,1169.04189453125,1201.4339054158374,72.156922001959,15.88338329239923,13.67000949824542,0.012763146193288888,1
2023-12-18,1251.239013671875,1258.1379030406688,1236.3243792186838,1238.6323699765337,14165188,1203.6574462890626,1171.0951977539062,1206.1772490592696,74.88210169321111,17.86375779624018,14.508759157844374,0.010177811360086553,1
2023-12-19,1269.6527099609375,1277.4945707453207,1253.3234974409622,1268.1140495332209,16820604,1208.8378479003907,1173.5172705078126,1212.2225310499045,77.59469677370394,20.68065652406085,15.743138631087671,0.01471637000434134,0
2023-12-20,1254.2913818359375,1289.8780864366483,1250.742696068458,1276.080186427869,17736722,1212.5168701171874,1175.5934033203125,1216.229088267622,75.5547886311575,21.426546371794302,16.879820179229,-0.012098842466514048,1
2023-12-21,1271.8614501953125,1277.2962009364337,1249.8741628164655,1254.2170195322976,13765454,1216.8435974121094,1178.2169873046876,1221.5274084512116,77.01075630544085,23.168356732768643,18.13752748993693,0.014007963870131368,1
2023-12-22,1273.1021728515625,1280.968874306117,1264.4660199985942,1270.3972179591544,16541784,1221.051202392578,1180.7646313476562,1226.4392907750546,75.14320965517831,24.367971139355404,19.383616219820624,0.0009755171493399661,1
2023-12-26,1279.554443359375,1286.453332624264,1271.935783794956,1274.5663382448713,7465664,1225.6211303710938,1183.0775122070313,1231.497876735466,74.74427098470093,25.544853337283257,20.61586364331315,0.005068148217326707,1
2023-12-27,1283.922119140625,1290.399082341518,1277.0976304877347,1281.514887400953,9204156,1230.3970336914062,1185.4345678710938,1236.4906617264335,73.37792917400151,26.524221180462973,21.797535150743116,0.0034134348904943934,1
2023-12-28,1293.203369140625,1296.4046504171113,1283.9220890250845,1285.3862277761266,12302636,1235.4806579589845,1187.9782373046876,1241.8918719563565,76.18121742448551,27.729646457250738,22.98395741204464,0.007228826314022996,0
2023-12-29,1282.9791259765625,1297.397434632089,1280.174929799553,1295.9581362918193,10864584,1240.6300476074218,1190.3695385742187,1245.8049437678046,71.32720181947951,27.542451462076542,23.89565622205102,-0.007906137122776657,0
