Date,Close,High,Low,Open,Volume,SMA_20,SMA_50,EMA_20,RSI,MACD,MACD_signal,Daily_Return,Target,vader_sentiment,finbert_sentiment
2014-03-12,837.41845703125,841.3760845015928,827.255490321694,827.255490321694,1669788,842.0830963134765,850.4995031738281,844.111407819776,47.41396269633363,-0.4131511438689585,1.050955468450038,0.0129201682921187,0,-0.886,-1.0
2014-03-13,825.9298095703125,846.0828542537688,821.0500589180039,825.3534588521559,2019884,842.9303344726562,850.5001159667969,842.3798270341129,44.74934302347512,-1.8081228563687544,0.4791398034862795,-0.0137191237719623,0,-0.9231,0.0
2014-03-14,822.0878295898438,830.1375126988382,816.2282614025459,822.6449500986866,2161246,843.0417633056641,850.3188049316407,840.4472558489443,41.12453377096698,-3.1869267565542714,-0.2540735085218306,-0.0046517027669307,0,0.6343,-1.0
2014-03-18,815.3441772460938,826.7943640008821,808.5240268473575,820.531333887386,2565842,842.1599365234375,849.5791711425782,838.0564864581967,42.28764916663927,-4.768823141596499,-1.1570234351367643,-0.0082030801345331,0,-0.1027,0.0
2014-03-19,783.6065063476562,797.2852217350277,773.481953996935,797.2852217350277,8652662,839.7392547607421,848.0713049316406,832.8707740667166,32.776509144226864,-8.485635103067807,-2.622745768722973,-0.0389254891175339,1,-0.8808,-1.0
2014-03-20,810.0419921875,815.6902124740557,772.8481740817193,783.0687877402075,5728956,838.6288208007812,847.3487536621094,830.6966043639341,42.54616148972057,-9.192151187046989,-3.936626852387776,0.0337356640427324,1,-0.3612,0.0
2014-03-21,817.2655029296875,824.1817131096284,801.1276791764919,816.4970351319163,4680776,837.2657440185546,846.5673828125,829.4174518463868,32.34434467953366,-9.064701094639076,-4.962241700838037,0.008917452196127,1,0.5719,0.0
2014-03-24,827.1018676757812,829.1574625999768,816.9388067490547,821.0885513144563,2183014,836.559716796875,845.9114050292969,829.1969200206149,39.36533999918866,-8.076878323467326,-5.585169025363895,0.0120357028540087,0,-0.6808,-1.0
2014-03-25,824.8155517578125,834.5559173212075,818.4180957155488,823.7973695841017,2249968,835.4252655029297,844.9109106445312,828.779646852729,38.7154880716646,-7.393283082262201,-5.946791836743556,-0.0027642494925002,0,-0.7713,-1.0
2014-03-26,804.393798828125,829.3690063389099,802.1076255174079,825.353780200523,3192350,833.803823852539,842.8280859375,826.4571851361001,32.72255236837172,-8.402534530612002,-6.437940375517246,-0.0247591754134187,1,0.024,-1.0
2014-03-27,804.6818237304688,812.6546769439854,793.4622129094946,807.2561720307622,5012476,831.9854370117188,841.0731970214844,824.3833411927066,33.64955444203491,-9.07452687507964,-6.965257675429725,0.000358064548438,1,-0.7958,-1.0
2014-03-28,807.6983032226562,815.6711584689675,799.2259250308135,805.7386723621582,2971162,830.4475524902343,839.1726831054688,822.7942899574637,35.75302344884979,-9.256972349287707,-7.423600610201322,0.0037486611518118,1,-0.5994,0.0
2014-03-31,819.62841796875,824.162396261754,799.9748936237422,808.4280385131382,2683268,827.7079681396484,837.5360803222657,822.4927783394909,48.77827359186665,-8.342731332534072,-7.607426754667871,0.014770508615028,1,0.5267,-1.0
2014-04-01,836.36181640625,839.5509761755668,824.1431610121617,824.1816219206365,2755932,826.4909210205078,837.2869909667969,823.8136391077537,52.95851604984873,-6.196513779293468,-7.325244159592991,0.0204158348718186,0,-0.946,-1.0
2014-04-02,834.6519775390625,846.0829345337855,830.3485771965852,841.4721283510402,3763016,825.1768402099609,836.0436804199219,824.8458618154973,49.09999960287677,-4.580786161125161,-6.776352559899426,-0.0020443770072317,0,-0.9022,-1.0
2014-04-03,832.4427490234375,838.3983745068731,825.1807657955096,834.8826718249774,1581194,823.5361633300781,835.2003344726562,825.5693748829202,52.25495715268656,-3.438934761685573,-6.108869000256656,-0.0026468858579102,0,-0.9349,1.0
2014-04-04,821.818603515625,840.3194257784454,818.418096437169,834.5559180570568,1694656,821.5784942626954,834.1924536132813,825.2121585622255,49.91096784871599,-3.352641885121784,-5.557623577229681,-0.0127626140299449,1,-0.8481,-1.0
2014-04-07,827.5628051757812,832.2312084807567,814.8446284430327,818.4564825693734,2594986,820.1433776855469,833.4651379394531,825.4360296682785,54.06754659016101,-2.788599847857199,-5.003818831355185,0.00698962232734,0,-0.91,-1.0
2014-04-09,822.414306640625,830.7137974590851,808.8124623734385,826.8714579703751,3350500,820.1001586914062,832.6636328125,825.1482465227876,65.69801346347467,-2.725614091005923,-4.548177883285332,-0.0062212783162272,0,-0.6597,-1.0
2014-04-10,816.938720703125,825.5839818841724,812.7313790230994,822.4140527844551,2152886,819.6102508544922,831.8686511230469,824.366386920915,53.35942479854629,-3.0820040247718907,-4.254943111582644,-0.0066579410076977,1,-0.6124,0.0
2014-04-11,831.5206298828125,835.6702810038892,806.8911990924346,813.8074093703698,2340742,819.3153594970703,831.4978662109374,825.0477433934766,56.47925802957938,-2.1628751320520223,-3.8365295156765193,0.0178494528538653,1,0.8934,0.0
2014-04-15,865.58251953125,867.5997465771002,835.34334429106,838.0137499046303,3597244,821.2979949951172,831.8279125976562,828.9081982637407,64.33370148964623,1.29907602516289,-2.8094084075086374,0.0409633729150387,0,0.7964,0.0
2014-04-16,843.8928833007812,869.9054980271886,839.2436158635738,869.9054980271886,3475910,822.3882476806641,831.664228515625,830.3353111244112,56.20866606731183,2.266399243625415,-1.794246877281827,-0.0250578491837087,1,-0.3612,-1.0
2014-04-17,854.1134033203125,855.6887996570675,823.2978667460794,852.9991626576964,7681438,824.326708984375,831.5247485351563,832.5998913335446,67.33193929908502,3.813757786786482,-0.6726459444681652,0.0121111579701382,0,-0.4404,0.0
2014-04-21,853.6717529296875,861.7982632067577,849.6565270334687,852.9993435372595,1842594,827.8299713134766,831.734541015625,834.606735295082,67.05930761379977,4.947382736315376,0.451359791688543,-0.0005170863598534,0,-0.6249,-1.0
2014-04-22,853.402587890625,864.4876778747476,852.9606626909939,858.3591668968032,1486274,829.9980010986328,832.2701586914062,836.3968164946575,66.22563021149554,5.757698146803932,1.512627462711621,-0.0003153027356694,0,-0.9652,-1.0
2014-04-23,850.5977172851562,862.1823307735647,845.737196423508,857.379407468736,1938992,831.6646118164062,832.4188598632812,837.7492832366097,61.756219036881646,6.103195492513237,2.430741068671944,-0.003286691000553,0,0.8849,0.0
2014-04-24,850.5977172851562,850.5977172851562,850.5977172851562,850.5977172851562,0,832.839404296875,832.7147204589844,838.9729436221855,56.19053736203128,6.304332210746907,3.2054592970869367,0.0,0,-0.5423,0.0
2014-04-25,847.33154296875,858.7624979186743,842.701507160391,855.6886276800392,3160448,833.9652038574219,833.1823327636719,839.7690007028108,55.44012360227303,6.129524198815147,3.790272277432579,-0.0038398578435301,0,-0.8934,-1.0
2014-04-28,841.9907836914062,854.0364571593126,837.6681533975707,847.331596042735,2550766,835.8450531005859,833.9338903808593,839.980599082677,53.989351528594746,5.496670751971465,4.131551972340357,-0.0063030337081888,1,-0.872,0.0
2014-04-29,843.1051025390625,847.7543695210405,836.4386078991921,839.9351733623746,1846180,837.7662170410156,834.6451025390625,840.278170840428,59.66170004343856,5.027096811357296,4.310660940143745,0.0013234335449265,0,-0.8807,-1.0
2014-04-30,841.1649169921875,847.4664098497972,838.0142174669395,839.5896141331203,2397378,839.4395477294922,835.2886999511719,840.3626228548812,56.394664518058015,4.447135511565875,4.337955854428171,-0.0023012380556493,1,-0.5574,-1.0
2014-05-02,848.5611572265625,852.9606156844906,838.1100161306709,838.1100161306709,1917778,840.8861846923828,835.8627380371094,841.1434356521842,62.037822800460845,4.532083736846744,4.376781430911885,0.008792853915998,1,-0.9705,0.0
2014-05-05,850.578369140625,856.4571652137374,846.9089174820388,849.4641286109144,1314478,841.5970123291015,836.2146911621094,842.0420007463214,65.99686071999108,4.707908126016491,4.443006769932806,0.0023772145317793,0,-0.6486,0.0
2014-05-06,844.8919067382812,853.6140915364465,841.4722624638963,850.5785873647555,961232,842.1090087890625,836.4721264648438,842.3134203646033,56.946183918906485,4.338389970039316,4.422083409954109,-0.0066854067874886,0,-0.8658,0.0
2014-05-07,832.0780029296875,846.4675482545674,822.2992658567617,841.87597046509,4716182,842.090771484375,836.4686730957031,841.3386187041351,27.66398278671048,2.977249344926804,4.133116596948648,-0.0151663232969789,0,-0.743,-1.0
2014-05-08,830.7328491210938,838.3214679780136,825.1998251639426,831.9047811743411,2606900,842.5364837646484,836.1927893066406,840.3285454105121,37.96117003575681,1.7695941428576134,3.660412106130441,-0.0016166198407572,0,-0.9509,-1.0
2014-05-09,829.90673828125,839.4357574778486,826.8713280848202,826.8713280848202,1799440,842.6536804199219,835.9664758300781,839.3359923505824,23.25951756799033,0.7373586424129144,3.0758014133869365,-0.0009944362266615,0,-0.6901,-1.0
2014-05-12,829.6953125,832.5193747102431,815.7859735766982,827.2553902914492,2886064,843.0177307128906,835.6102905273438,838.4178323648126,23.378431128050263,-0.0966416968092289,2.4413127913477037,-0.0002547584824866,1,-0.5175,-1.0
2014-05-13,849.5218505859375,860.2996293307093,832.1737289911872,832.1737289911872,2547484,844.6468872070312,835.8642749023437,839.4753579096816,46.99583834168689,0.8326447416734482,2.119579181412852,0.0238961674089697,1,-0.872,-1.0
2014-05-14,851.5006713867188,859.8000662515361,845.7371636443072,850.847398796905,1389228,845.6458892822266,836.0732971191406,840.6206258598756,50.708051513451736,1.7090839839468115,2.0374801419196444,0.0023293347892303,0,-0.5859,-1.0
2014-05-15,842.6826171875,854.9205055424927,834.2294706158439,851.500861043168,2520196,844.5008941650391,836.1578295898438,840.8170059863161,44.54742917977451,1.6728416423833323,1.964552442012382,-0.0103558981167425,0,-0.3102,-1.0
2014-05-16,830.2333374023438,865.8325680550582,806.9871881889494,845.3337473056871,5241798,843.8179168701172,835.2740942382812,839.8090375497472,39.54423202244801,0.6322779828851708,1.69809755018694,-0.0147733909911497,0,-0.6705,-1.0
2014-05-19,782.5691528320312,829.9452107045004,768.2756707424298,826.1028717660536,6516606,840.2407043457031,833.7114221191406,834.3576199575838,26.05663592148961,-3.992455026409061,0.5599870348677397,-0.0574105885936181,1,-0.4588,0.0
2014-05-20,794.6724243164062,829.9451102640465,779.226242414577,779.226242414577,4702114,837.290737915039,832.3861987304688,830.5780775155669,32.07217571378416,-6.604820142898575,-0.8729744006855233,0.0154660727944291,1,0.4003,0.0
2014-05-21,800.3015747070312,802.6645755468593,789.9080294886737,791.9828549184203,4116946,834.6356872558594,831.0871044921874,827.6946010576112,35.27614877070506,-8.127227309637874,-2.3238249824759936,0.0070836110809648,1,-0.5615,0.0
2014-05-22,811.482666015625,816.1127026996096,797.323704835436,805.642330219118,4216842,832.6799346923829,830.0973181152344,826.1506072440886,36.99462653336472,-8.335439574521388,-3.5261479008850727,0.0139710974737077,1,-0.2415,0.0
2014-05-23,817.6109619140625,825.7183315897722,805.3539427697359,814.191319050129,3094780,831.0305969238282,829.3242346191406,825.337307688848,38.760733878062645,-7.914711168221174,-4.403860554352293,0.0075519738807574,1,-0.765,-1.0
2014-05-26,827.6398315429688,833.6339179850638,819.8014974021729,825.7186620175672,2650850,830.046011352539,829.4114575195313,825.5565956749548,44.28754933202698,-6.694860723734564,-4.862060588228747,0.0122660655202422,0,-0.765,-1.0
2014-05-27,818.9752807617188,839.3973676681626,813.8073538623977,830.0027743024003,1795094,828.8952362060547,829.2562255859375,824.9298037784562,45.53888521069013,-6.354031968025765,-5.160454864188151,-0.0104689871741633,1,-0.4767,-1.0
2014-05-28,826.3142700195312,829.4649693815275,815.5172594152189,822.26058342859,1887488,828.0556945800781,829.0341418457032,825.0616577061776,48.55458991675026,-5.429143834376873,-5.214192658225896,0.0089611853131716,1,-0.296,0.0
2014-05-29,829.9263305664062,837.6302421512905,820.4165376795969,824.1820501901459,2820710,827.493765258789,829.114072265625,825.5249598833423,50.00629432252109,-4.354504212144889,-5.042254969009695,0.0043712915024323,0,-0.8953,-1.0
2014-05-30,822.7791748046875,832.6347353257393,818.4756807301051,829.4840365838481,2585648,826.2046661376953,829.1278991699219,825.263456542518,47.87287802152915,-4.033069592104198,-4.840417893628596,-0.0086117954069983,0,-0.8934,-1.0
2014-06-02,818.3605346679688,829.0806219756814,813.0580885710083,823.7974063333849,1095158,824.5937744140625,829.1882263183594,824.6060354116086,39.412610545603705,-4.0877565577695805,-4.6898856264567925,-0.0053703840252977,0,-0.802,0.0
2014-06-03,817.88037109375,821.4921324695088,808.8892409555142,818.3606635004791,2484628,823.243197631836,829.8737036132812,823.965495952765,38.4596206666094,-4.122321997669928,-4.57637290069942,-0.000586738428697,0,-0.5983,0.0
2014-06-04,802.7607421875,820.3009836551347,798.0538765219277,818.4182749117507,2141062,821.7773345947265,829.7280786132812,821.9459955941683,36.86480841834686,-5.308549397547154,-4.722808200068967,-0.0184863574681839,1,0.4588,-1.0
2014-06-05,808.485595703125,813.1924602360804,794.5955799307498,800.397548428902,4348470,820.6649719238281,829.55248046875,820.6640527474023,42.51321740760211,-5.7207500782838,-4.922396575711934,0.007131456752637,1,-0.9081,-1.0
2014-06-06,808.5245971679688,817.6601585171571,797.5658254899095,814.6925051144677,3361586,819.5958648681641,829.1809350585937,819.5079141207896,63.29470480249304,-5.975394368522643,-5.132996134274076,4.8240148063261046e-05,1,-0.6808,-1.0
2014-06-09,819.9876708984375,821.6169206381289,806.875918284848,809.5913660867682,2666196,819.110482788086,829.0843774414062,819.5536052424702,63.05238956299757,-5.192373108945617,-5.144871529208384,0.0141777674675831,1,-0.6486,-1.0
2014-06-10,837.19189453125,838.2780925662671,820.45313674025,820.45313674025,2628068,818.4939849853515,829.7403393554688,821.2334423175921,66.99222319120739,-3.1473058709449333,-4.745358397555695,0.0209810759885722,1,-0.9595,-1.0
2014-06-11,856.1221923828125,858.8570542476841,829.4526248672171,839.848926127478,3544562,818.7250610351563,830.7691467285156,824.5561804190417,69.19157409040146,0.000930749504505,-3.796100568143655,0.0226116592566412,1,-0.9712,-1.0
2014-06-12,867.9152221679688,874.3740699392177,847.1420304468988,872.4344646376667,2734338,819.9866912841796,831.9734851074219,828.6856129665586,70.62249439139013,3.408241808222215,-2.355232092870481,0.0137749376083022,0,-0.5859,-1.0
2014-06-13,858.6828002929688,868.5553736965629,847.6270485509625,868.1674525828083,1904022,821.4091644287109,832.7545727539062,831.5424879500262,62.80987780687058,5.302457652707972,-0.8236941437547907,-0.0106374696965658,1,-0.9228,0.0
2014-06-16,880.4837646484375,883.2767771445702,857.3054829267747,857.3054829267747,2439906,826.3048950195313,833.63701171875,836.2035619213034,72.89889090615762,8.465211295374274,1.0340869440710223,0.0253888448074546,1,0.6369,-1.0
2014-06-17,884.401611328125,891.0544177045289,880.9684730548477,886.3605363500413,1918144,830.7913543701172,834.6320043945312,840.7938523410007,72.19049866325808,11.159217316978244,3.0591130186524667,0.0044496523808725,0,0.9716,-1.0
2014-06-18,863.9193725585938,889.5027403264877,861.6888270911375,889.5027403264877,1948824,833.9722442626953,835.2615368652343,842.9962828379144,61.50329189513854,11.508824442694165,4.749055303460806,-0.0231594317640067,1,-0.5267,-1.0
2014-06-19,882.9276733398438,887.9512317031298,857.3443005247159,865.0638910869286,1896354,837.5444946289062,836.4837182617188,846.7992724095267,68.84178091542017,13.167910151173032,6.432826273003252,0.0220024013640935,1,-0.8271,-1.0
2014-06-20,889.2701416015625,891.8304583121663,877.4773800357201,886.3607338428233,1155674,841.1274536132812,837.7178649902344,850.8441170944825,71.9482046529061,14.82365385645835,8.110991789694271,0.007183451661139,0,0.2732,-1.0
2014-06-23,880.1346435546875,892.1795154522649,874.3933935208532,889.5028982988655,1262734,843.7521942138671,838.8722717285157,853.6336910430734,68.28922529170265,15.223200745960185,9.533433580947454,-0.010273029104994,1,-0.9349,-1.0
2014-06-24,895.729248046875,899.7830046599292,874.7620933425912,880.1929888223235,1479100,847.589892578125,840.4480822753907,857.6427917101021,77.23652278525648,16.606766322628005,10.948100129283564,0.0177184304769597,1,-0.9109,-1.0
2014-06-25,896.3110961914062,899.9769315616959,889.5030620995555,896.097720649792,1028422,851.0897338867187,841.7438916015625,861.3254873749881,76.52924529171545,17.547920785135148,12.268064260453883,0.0006495803791155,0,-0.7003,-1.0
2014-06-26,895.1860961914062,909.3452164625536,888.7853979866411,890.6668532206589,2036182,854.3527221679688,842.3359631347656,864.5503072622661,76.0070086542153,17.995572620032362,13.41356593236958,-0.0012551445639581,1,-0.5574,-1.0
2014-06-27,930.83642578125,933.6875900567528,898.037666159946,898.8135086361101,3058836,859.7555847167969,844.074833984375,870.8632709307408,79.04855709373996,20.985120177389263,14.927876781373516,0.0398244898368271,1,-0.7964,-1.0
2014-06-30,940.8640747070312,944.5881562449732,921.9335952265876,931.2242893619464,2146470,865.88076171875,845.8098474121093,877.5300141475303,78.2297053885512,23.88813803347307,16.719929031793427,0.0107727293948183,0,-0.9682,-1.0
2014-07-01,927.4226684570312,938.3814430607796,924.1447530479956,938.3426130553562,1092790,871.357876586914,847.2848657226563,882.2816955103399,70.01320180185921,24.81810379782962,18.339563985000662,-0.0142862360370018,1,-0.9442,0.0
2014-07-02,931.63134765625,935.5687089214812,924.6099378933764,931.0106360159864,907740,877.8014068603516,848.8494409179688,886.981662381379,68.67968445527451,25.59961715277234,19.791574618555003,0.004538037878911,1,-0.9371,-1.0
2014-07-03,937.9544677734376,948.4671683402132,927.9073483312025,930.6227962569208,1526762,884.2748504638672,850.5965759277344,891.8362152758608,73.64342919807052,26.42458885442295,21.118177465728596,0.0067871482996948,0,0.6249,0.0
2014-07-04,935.083740234375,940.902556290594,931.3984900654364,935.8207523852456,536136,890.6028076171875,852.2862963867187,895.9550271766716,68.3579045007921,26.54079538274914,22.202701049132703,-0.0030606256888751,1,0.6249,0.0
2014-07-07,965.3612060546876,969.0270420159676,935.0451110663494,938.7886070242256,2204902,897.871484375,854.6468896484375,902.5651394507684,73.122151658662,28.744677595648,23.51109635843576,0.0323794164282267,0,-0.9186,-1.0
2014-07-08,950.193115234375,964.4297976031124,943.9088137064812,963.9643113246166,2500588,903.5215454101562,856.8109362792969,907.1011371444451,75.4112241570304,28.933801114724474,24.595637309693505,-0.0157123475909113,0,-0.9618,-1.0
2014-07-09,930.2926635742188,959.1927766858072,923.8726470984678,958.1648239681022,1554242,907.2300689697264,858.5546875,909.3098539472808,63.87803365373262,27.16474446743871,25.10945874124255,-0.0209435864574198,0,-0.967,-1.0
2014-07-10,912.312744140625,938.613810266581,905.7956515605308,930.8359742742504,1990562,909.4499450683594,859.9776440429688,909.595843489504,56.32049512582057,24.034866119820663,24.894540216958173,-0.0193271645984116,1,-0.6908,-1.0
2014-07-11,928.857666015625,934.8898581079476,915.9205540566444,919.7609350929226,1329446,912.9586883544922,861.58357421875,911.430302777706,62.8425167715053,22.62860344866897,24.44135286330033,0.0181351427799958,1,0.1027,0.0
2014-07-14,941.19384765625,946.139843146252,925.2890778452634,938.3038535466948,1587924,915.9941925048828,863.3958837890625,914.264926099472,62.19309858952044,22.253037743757545,24.00368983939178,0.0132810247382051,0,-0.0752,-1.0
2014-07-15,930.7388916015624,942.6480475822364,928.58591106995,941.1739288132862,1389656,918.3110565185548,865.1128234863281,915.8338751949092,58.76878113996559,20.871181648723564,23.377188201258136,-0.0111081857161756,1,-0.7964,-1.0
2014-07-16,931.7283325195312,940.3207470071594,925.909516015774,934.7540413356452,1407240,921.7015045166016,867.105830078125,917.3476330353494,59.31376209357255,19.629612397936853,22.62767304059388,0.0010630703486198,0,-0.6767,-1.0
2014-07-17,924.0086669921876,942.5707299478114,921.3126342250736,934.8898730452324,1790220,923.7555541992188,868.9713464355468,917.982017221715,47.97086002188296,17.81735989559013,21.66561041159313,-0.0082853180030154,1,-0.2023,0.0
2014-07-18,946.9930419921876,963.9840063985406,944.5879499317692,951.1826091304716,3507488,926.64169921875,871.3130725097657,920.74497196176,51.69122172104217,18.027968506052616,20.93808203048503,0.024874631398013,1,-0.6124,-1.0
2014-07-21,955.74072265625,958.1070795277906,947.710773882244,957.389387525368,981072,930.422003173828,873.8339807128906,924.0779005993304,58.02185368701,18.6853489973538,20.487535423858784,0.0092373230595865,1,-0.9666,-1.0
2014-07-22,982.37158203125,985.3198209532512,955.0231381819568,956.2257317518756,2399016,934.7541198730468,876.4909753417969,929.6296797833228,62.75342611177961,21.111851281166764,20.612398595320386,0.027864104504186,1,-0.9521,-1.0
2014-07-23,1003.2224731445312,1007.1599305400232,982.3329712740262,985.3199458692498,2065858,940.0996887207032,879.5254113769531,936.6385172462952,65.2884246139188,24.43568511049955,21.377055898356215,0.0212250552587931,1,-0.8779,-1.0
2014-07-24,1006.732666015625,1009.370548034189,995.7933116079028,1006.6162707619426,1481418,945.677017211914,882.8064123535156,943.3141504624216,66.73296777919875,27.04137446381901,22.50991961144878,0.0034989177027617,1,-0.9516,0.0
2014-07-25,1010.825439453125,1014.161598905382,995.793496335478,1006.2673663787416,1806914,949.6764678955078,886.4182543945312,949.7437970329648,62.09731694039475,29.1011942089973,23.828174530958485,0.0040654024406479,1,-0.5859,-1.0
2014-07-28,1022.0948486328124,1026.1803280144748,1008.5553195886806,1017.298725395788,1314922,953.7380065917968,891.2087683105469,956.6343733758074,69.53727020400363,31.282359764892703,25.31901157774533,0.0111487193929193,1,0.7096,-1.0
2014-07-30,1024.3648681640625,1030.2661820012088,1015.5030193211654,1020.3188036562032,1899252,958.5851165771484,895.8026171875,963.0848966889746,78.27006765612946,32.815840208444456,26.81837730388516,0.0022209480209067,0,-0.6808,-1.0
2014-07-31,1018.4442749023438,1025.529806058639,1014.1810832240794,1016.4903401581972,2407210,962.9257629394532,900.1654711914063,968.3572184235812,84.38639920487611,33.17101727344402,28.08890529779693,-0.005779769929371,0,-0.9408,-1.0
2014-08-01,993.3187255859376,1021.5622504928368,990.7924407795967,1016.4504123535704,2381882,965.693975830078,903.8021923828124,970.734504819996,69.78515516696172,31.066955287466044,28.684515295730755,-0.0246705194732577,1,-0.7013,-1.0
2014-08-04,997.1276245117188,1003.3841619830272,982.1078291525,999.4762955844571,1828636,968.7961700439452,907.3925256347655,973.2481352668268,68.11616721721754,29.368278086976037,28.82126785397981,0.0038345183954267,0,-0.8074,0.0
2014-08-05,996.2003173828124,1004.6082564458516,982.9371777925696,1004.5687440953918,1404656,970.3381256103517,910.7637353515624,975.434057373111,72.59664653056825,27.6287511864291,28.58276452046967,-0.0009299783759981,0,-0.8658,-1.0
2014-08-06,989.4696044921876,1000.6012890869814,982.995942226624,993.2196141101588,1837562,972.3019500732422,914.1736218261718,976.7707761463564,69.17181849095907,25.414093456133852,27.949030307602506,-0.0067563850092996,0,-0.7717,-1.0
2014-08-07,974.9241943359376,984.8715753416194,970.680759692682,982.8978848098728,1672656,974.5335266113282,917.1458203125,976.5949112120308,66.17242103973433,22.229025837812745,26.805029413644554,-0.014700209172888,1,-0.6486,-1.0
2014-08-08,978.4368896484376,989.8842896398684,973.0289992716262,973.0289992716262,1464790,977.8397338867188,920.1160314941408,976.7703377297838,61.3974066152285,19.760495269039097,25.396122584723464,0.003603044557626,0,-0.8316,-1.0
2014-08-11,974.3709716796876,985.0881632441937,969.081522488454,983.2525742279524,1290896,980.1153991699218,923.1478674316406,976.5418266773936,56.990123443219474,17.27692378580855,23.772282824940483,-0.0041555239911394,1,-0.9403,-1.0
2014-08-12,975.6936645507812,982.8581207979796,963.2396612098812,982.8581207979796,984552,981.8403900146484,926.2945300292968,976.461049332002,46.90702735281162,15.23973161304218,22.06577258256082,0.0013574838634748,1,-0.7377,-1.0
2014-08-13,986.8648071289062,998.6871915650128,975.0029103421268,975.0029103421268,2768378,984.6466857910156,929.67421875,977.4518834078976,41.67746303047614,14.36111400114646,20.52484086627795,0.0114494364204653,0,0.9287,0.0
2014-08-14,986.7464599609376,999.47676232467,982.9175200746922,992.3714772844472,1578056,987.397592163086,933.3539331054689,978.3370811748538,39.46780329589885,13.499638160750235,19.11980032517241,-0.0001199223714472,0,-0.7717,-1.0
2014-08-18,981.9503784179688,988.8187817063344,975.0029504250084,983.3122053699528,1373260,990.294677734375,936.8232287597656,978.681204721817,34.89557558741319,12.28825727198921,17.75349171453577,-0.0048605003793565,0,0.4939,-1.0
2014-08-19,962.5684814453124,988.77904251447,961.186898634134,986.8448651274476,3234156,991.0734497070312,939.9041064453126,977.1466596478642,21.29800538677408,9.652998329734032,16.133393037575424,-0.0197381633518821,0,-0.8625,-1.0
2014-08-20,961.6607055664062,969.1015554865392,959.233105391712,964.9370502722056,2056758,991.3694488525392,942.737567138672,975.6718068782016,19.363292551785943,7.405915916490585,14.387897613358458,-0.0009430766708079,0,0.0227,0.0
2014-08-21,960.1806030273438,971.0556561746768,959.2135140262052,965.9240612436724,2265450,990.2598999023436,945.1973413085938,974.1964541305008,20.24161047045196,5.442912502240688,12.598900591134903,-0.0015391109676159,1,-0.0772,-1.0
2014-08-22,972.7134399414062,974.292392070642,961.502918372468,964.7397509630836,3096238,988.7344482421876,947.5291662597656,974.0552146839204,37.92212995989499,4.842689837471767,11.047658440402277,0.0130525828938303,1,-0.8834,-1.0
2014-08-25,995.5494384765624,998.09548044363,973.7795701942374,975.003297091464,3143512,988.1752868652344,950.0818505859374,976.102283616553,49.24364880874023,6.1389176631781766,10.065910284957456,0.0234765940280743,1,0.1531,-1.0
2014-08-26,1000.1871948242188,1006.5819313490604,986.845030734373,998.2924330908918,1815490,987.6433746337892,952.9119384765625,978.3960846839498,51.84510402419732,7.4544850681667185,9.54362524159931,0.004658489240628,1,0.3612,-1.0
2014-08-27,1006.5626220703124,1013.4507841687448,992.3915596858972,1000.2665672532062,1435460,986.866763305664,955.433515625,981.0786120540796,57.93665008592654,8.908829965573545,9.416666186394158,0.0063742340224761,0,-0.9741,-1.0
2014-08-28,995.6671142578124,1006.3052806795248,991.9762765901636,1005.3973642957212,1766288,985.4318756103517,957.6588256835936,982.4679932163398,59.96928124207968,9.077591527324556,9.348851254580238,-0.0108244709008664,1,-0.7845,-1.0
2014-09-01,1001.5097045898438,1010.5295084778284,995.943955354393,996.8715320411662,810148,984.5851470947266,960.4106323242188,984.2814895376258,60.84615035901823,9.572439369686776,9.393568877601544,0.005868015773913,1,-0.7845,-1.0
2014-09-02,1001.805419921875,1008.4765492008056,992.4107336669124,1004.923907597025,1407940,985.0094818115234,962.7881872558594,985.9504352885068,63.37041271986756,9.874642869594824,9.4897836760002,0.000295269562218,1,-0.9371,0.0
2014-09-03,1028.8450927734375,1032.6346161519862,1002.2397899120384,1002.2397899120384,3061690,986.5953552246094,965.5796862792968,990.035640763262,70.71197695796636,12.15589139050678,10.023005218901517,0.0269909428656027,0,-0.8024,-1.0
2014-09-04,1020.2991333007812,1037.1544280769297,1017.4175263784912,1035.003125066118,1701598,987.800296020508,968.3829760742188,992.9178781477876,63.30077106341484,13.122936725134537,10.642991520148122,-0.0083063616988433,1,-0.8126,-1.0
2014-09-05,1025.76611328125,1034.9240147849684,1019.6279186578656,1026.2791955379328,1467060,989.615121459961,970.9837133789064,996.0462814938315,64.88909880728461,14.167156552984238,11.347824526715346,0.0053582129025067,1,-0.0516,0.0
2014-09-08,1043.1741943359375,1046.055801289279,1025.9439175161676,1031.0557558368291,1697342,993.027621459961,973.9209753417967,1000.5346541454608,71.3106134223015,16.212507253776266,12.320761072127532,0.0169708092607991,0,-0.2263,0.0
2014-09-09,1038.6541748046875,1052.766055754528,1036.226575092012,1046.844986824525,1418098,996.0384857177736,976.7903369140626,1004.1650846844348,79.53994400010623,17.269660720521756,13.310541001806378,-0.0043329479925712,0,0.0258,-1.0
2014-09-10,1026.3780517578125,1043.193930410694,1022.8451656581163,1041.3189247652676,1258768,998.6388397216796,978.7011694335938,1006.2806053580896,73.08814364905065,16.921817743770816,14.032796350199266,-0.0118192593306463,0,-0.9022,-1.0
2014-09-11,1025.66796875,1035.9508210431777,1022.9639737205532,1030.2666299095674,1075622,1001.1375549316406,980.3972473144532,1008.127020919224,73.49191884735251,16.399805168841,14.506198113927612,-0.0006918337805416,1,-0.7887,-1.0
2014-09-12,1029.3189697265625,1035.9308320126609,1023.6346840277964,1030.26630249056,1196210,1003.2602630615236,982.4351733398438,1010.145301758018,71.68779029496378,16.095176532267374,14.823993797595566,0.0035596324422728,0,-0.6796,0.0
2014-09-15,1009.8589477539062,1033.6616850000603,1008.1615538978376,1031.8458503872153,1151544,1004.415887451172,983.9997253417968,1010.1180299481028,55.628128278315685,14.120720132207111,14.683339064517876,-0.018905725576811,0,-0.6597,0.0
2014-09-16,1006.9177856445312,1016.4506728235322,1004.2137909371128,1012.8980296952168,1535608,1005.6642578125,985.3789916992188,1009.813244776334,52.68304219233117,12.178238851272909,14.182319021868883,-0.0029124484324435,1,-0.34,-1.0
2014-09-17,1022.8447265625,1028.1934438555224,1010.9236624297891,1010.9236624297891,1657700,1008.6780700683594,987.1342114257812,1011.0543382797784,56.03130892467141,11.788093660507002,13.703473949596509,0.0158175187140763,1,-0.8836,0.0
2014-09-18,1043.0162353515625,1046.7662463468066,1018.8187767079332,1023.0424540282604,1483078,1012.7458465576173,988.6873120117187,1014.0983284770912,66.41150706075092,12.95721031005428,13.554221221688062,0.0197209882059552,1,-0.6705,-1.0
2014-09-19,1071.3978271484375,1081.582086507385,1042.8977637052958,1043.2925016930724,3587864,1018.306707763672,991.11140625,1019.555423588648,70.95032251194485,15.989582981557987,14.041293573662047,0.0272110738403881,1,-0.4588,-1.0
2014-09-22,1074.3980712890625,1079.213856348118,1056.4177333766097,1071.319095145864,999584,1023.3909393310548,993.9935144042968,1024.7785328934494,71.41383857421361,18.422491781201188,14.91753321516988,0.0028003082184795,0,0.1779,0.0
2014-09-23,1061.134765625,1098.3388253961334,1059.200587803572,1075.2664065418282,2055990,1026.6702056884765,996.9699548339844,1028.2410312488353,60.36766187211087,19.06063250537011,15.746153073209928,-0.0123448710664094,0,-0.7889,-1.0
2014-09-24,1043.2926025390625,1068.5360800231151,1039.2465377732565,1063.0295038356774,2442132,1028.8254760742188,999.2586535644532,1029.6745142288569,56.96690615551055,17.920078666962013,16.180938191960344,-0.0168142291289726,1,0.9062,1.0
2014-09-25,1069.1873779296875,1075.6610425361348,1050.003072714172,1050.3780545372535,2473158,1031.9567138671875,1001.8185241699218,1033.4376441051263,61.70718847379708,18.88794502225369,16.722339558019016,0.0248202424972676,0,0.3182,-1.0
2014-09-26,1059.476806640625,1075.6215525150922,1053.989986913437,1069.7399947824492,1612712,1035.147198486328,1004.3932824707032,1035.9175643466026,54.58583884339521,18.656365169041464,17.10914468022351,-0.0090821978350188,1,0.6454,0.0
2014-09-29,1092.6151123046875,1095.5756475335909,1056.0426723256062,1063.9768489161129,2089534,1039.7024688720703,1007.6110180664062,1041.317330818801,63.07397231103212,20.90583137497947,17.868482019174703,0.0312779906613878,0,-0.8807,0.0
2014-09-30,1080.239990234375,1096.0491691719797,1069.009617651672,1094.58865792622,2788954,1043.6241973876954,1010.73564453125,1045.0242507631417,63.04372889292505,21.44280135550457,18.583345886440675,-0.0113261494655783,1,-0.9631,-1.0
2014-10-01,1095.635009765625,1106.0560561139914,1080.3980819357582,1086.3191528999655,2142022,1046.9636932373046,1013.7084838867188,1049.8443230490925,65.8187864821229,22.84723464922922,19.436123638998385,0.0142514808472418,0,-0.5859,-1.0
2014-10-07,1078.1676025390625,1120.937404147667,1075.8978591912876,1081.4241908206527,3457674,1049.8571166992188,1016.157021484375,1052.5417782386132,60.39473540659341,22.29379537525074,20.00765798624886,-0.0159427246034233,0,-0.4888,0.0
2014-10-08,1059.1614990234375,1081.5628914516567,1045.7601566600886,1080.7931712504756,1962442,1051.526885986328,1017.6928198242188,1053.1722278371678,60.5116335843214,20.089972354502837,20.024120859899657,-0.0176281530541875,1,-0.9081,-1.0
2014-10-09,1068.180908203125,1074.9901394937597,1060.4637601327536,1068.9506281181823,1685176,1052.7772216796875,1018.9919885253906,1054.601625967259,62.73172078104107,18.853881861361742,19.790073060192075,0.0085156127634959,0,-0.8591,0.0
2014-10-10,1057.3056640625,1076.6280686283417,1053.3582843198735,1068.1609583547229,2344362,1053.7097961425782,1020.003448486328,1054.859153404901,57.31528076494519,16.803034998123394,19.19266544777834,-0.0101810882942282,1,-0.9413,-1.0
2014-10-13,1072.3260498046875,1075.582639873663,1053.9509677775363,1057.8983496793248,2209532,1056.0071960449218,1021.2334606933592,1056.5226673477378,56.36092260479232,16.202965976465748,18.594725553515826,0.0142062851384665,0,-0.4703,0.0
2014-10-14,1065.476806640625,1079.8847438612445,1057.4241898659534,1077.634756501108,2369406,1057.9976379394532,1022.1010998535156,1057.3754425184889,48.58252009545525,15.001798872603786,17.876140217333415,-0.0063872766732748,0,-0.903,-1.0
2014-10-15,1065.476806640625,1065.476806640625,1065.476806640625,1065.476806640625,0,1059.8055297851563,1022.9233386230468,1058.1470010063113,47.83314090943862,13.88975286390746,17.078862746648227,0.0,0,-0.9217,-1.0
2014-10-16,1057.14794921875,1088.9243604091253,1051.680788993261,1077.6348142822944,3848014,1062.1699798583984,1023.697412109375,1058.0518532170197,49.00787261886391,12.195793685390072,16.102248934396595,-0.0078170236742508,0,0.8118,-1.0
2014-10-17,963.61474609375,991.325434125173,959.2134554128183,976.9766675500928,9892812,1060.0048278808597,1023.1033325195312,1049.0578430148034,35.597627380882514,3.268296145977501,13.53545837671278,-0.0884769281292392,0,-0.7906,0.0
2014-10-20,956.5687255859376,984.3188294778053,954.456838492437,982.8977339644002,3399242,1056.6910278320313,1022.2921545410156,1040.2493556406257,28.154772898404545,-4.325503233342033,9.963266054701815,-0.0073120721080444,1,-0.9477,-1.0
2014-10-21,960.5553588867188,964.6409355151784,953.2922186267646,957.575164244588,1950732,1052.5679840087892,1021.5792553710936,1032.6594511878727,30.375917891025864,-9.907745637779612,5.989063716205532,0.0041676391817422,1,-0.7269,0.0
2014-10-22,967.8384399414062,982.5029186396432,965.173958342042,980.9239665807607,2067664,1047.3900146484375,1021.146632080078,1026.486021545352,22.417209438001265,-13.587402074070155,2.073770558150395,0.007582156496559,1,0.25,0.0
2014-10-27,969.930419921875,994.6213006321352,965.1146356867024,994.3450033116446,2797208,1042.1666320800782,1021.0467565917968,1021.0997737716876,24.453856391850596,-16.14860000065289,-1.5707035536102625,0.0021614970992425,1,-0.7717,-1.0
2014-10-28,978.3975830078124,980.8843551520966,968.4698651174303,980.8843551520966,2289958,1038.0297729492188,1021.0459704589844,1017.0328984608424,21.94937733692143,-17.295763714047098,-4.71571558569763,0.00872966030555,1,0.2928,-1.0
2014-10-29,991.2327880859376,994.3772792619736,978.1603069271522,978.9513787483628,2425016,1035.4267822265624,1021.3832067871094,1014.5757450918036,28.72816423672053,-16.973544979402277,-7.16728146443856,0.0131185985135684,1,0.4404,-1.0
2014-10-30,1011.860107421875,1018.4655388616546,992.3997568518896,997.4626366226044,4111292,1032.5604187011718,1022.1065356445312,1014.3171129327628,38.51705877297739,-14.882179528259371,-8.710261077202722,0.0208097629374917,1,-0.7772,0.0
2014-10-31,1031.4986572265625,1036.3043812841977,1012.9677559041334,1012.9677559041334,3170070,1031.1615112304687,1022.9992126464844,1015.9534504845532,41.53159058462546,-11.507439893762012,-9.26969684051458,0.0194083645166371,0,-0.4404,0.0
2014-11-03,1024.5767822265625,1047.7749314943514,1020.6807137490276,1047.7749314943514,2541632,1027.7595947265625,1023.7558190917968,1016.7747201742684,42.303777396703865,-9.284446563101596,-9.272646785031984,-0.0067105031611104,1,0.5423,-1.0
2014-11-05,1028.195556640625,1043.423688562404,1024.4379656469391,1043.423688562404,2310642,1025.157373046875,1024.68072265625,1017.86241888535,39.03469846687118,-7.148302301626472,-8.847777888350883,0.0035319699575842,0,-0.9508,-1.0
2014-11-07,1017.6546630859376,1034.6033198625016,1011.3853799260114,1030.2920168225758,2126740,1021.2583557128906,1025.7824462890626,1017.8426326187392,38.33148368887611,-6.234091869771987,-8.325040684635105,-0.0102518372955502,0,0.5574,-1.0
2014-11-10,1016.3892211914062,1021.2741302706644,1009.0125121303116,1018.5449700208324,1541964,1018.169436645508,1026.8770166015624,1017.7042124828027,38.096227652240046,-5.547733285178765,-7.769579204743837,-0.001243488523596,1,-0.9371,-1.0
2014-11-11,1020.75927734375,1026.019923093857,1010.7522017258226,1019.691349936763,1249940,1016.2493255615234,1028.088590087891,1017.9951710409885,41.0029777193193,-4.598157455636169,-7.135294854922304,0.0042995892333659,1,0.9187,0.0
2014-11-12,1025.1307373046875,1032.7448076020214,1018.5055073057086,1020.4831879024188,1320582,1014.0968170166016,1029.1369360351562,1018.6747487803882,77.20394850489735,-3.4530666811260744,-6.398849220163058,0.0042825571689273,0,-0.836,-1.0
2014-11-13,1023.82470703125,1030.3312521671137,1014.6087028143368,1026.4154860491944,1645540,1012.4227691650392,1029.70244140625,1019.165220994756,81.33301562098356,-2.620749353324072,-5.643229246795261,-0.0012740133779144,1,0.0,-1.0
2014-11-14,1030.944580078125,1032.8035795901233,1018.5049946988668,1022.5394417723576,1457174,1010.3536956787108,1030.317589111328,1020.2870647169816,81.86252271736421,-1.3708157126649212,-4.7887465399691935,0.0069541914724056,1,-0.7506,-1.0
2014-11-17,1035.6314697265625,1038.2815404403184,1025.3277421738726,1026.4550579014674,1570552,1008.8614288330078,1030.8989660644531,1021.748436622656,81.4259595530338,-0.0020182078553716,-3.831400873546429,0.0045462091163837,0,-0.25,-1.0
2014-11-18,1022.7965698242188,1038.93435767267,1020.3837621506184,1036.3040825020332,1467026,1006.7274169921876,1031.441555175781,1021.8482588323286,72.28675159465112,0.0465578302884068,-3.055809132779462,-0.0123933081192796,0,-0.8689,0.0
2014-11-19,1018.010498046875,1027.6022433902988,1011.5632437192564,1027.6022433902988,1865746,1004.7705444335936,1031.771571044922,1021.4827578051426,67.23449522652245,-0.2977094933505668,-2.504189204893683,-0.0046793975640397,1,-0.25,1.0
2014-11-20,1030.54931640625,1032.4479086383965,1012.7897875209428,1023.6472320874128,1795386,1008.1172729492188,1032.3464489746093,1022.3462395766768,67.14977465964658,0.4362057147269524,-1.916110220969556,0.0123169833547214,1,-0.959,0.0
2014-11-21,1037.154296875,1044.2146504677792,1023.112774113028,1031.5575031893818,2001594,1012.146551513672,1032.5126330566409,1023.7565307479456,62.571088135334094,1.5331325309302883,-1.226261670589587,0.0064091842705626,1,-0.696,-1.0
2014-11-24,1051.2149658203125,1054.1023950712934,1037.0943639313064,1037.0943639313064,1942766,1016.6795318603516,1033.1309497070313,1026.3716198024567,60.374085211937945,3.496725336631016,-0.2816642691454664,0.0135569692838162,0,-0.5267,0.0
2014-11-25,1042.6329345703125,1059.7991589787837,1034.7222142776698,1052.125798921484,2371684,1020.4192565917969,1033.4682861328124,1027.9203164470146,59.337435721328845,4.310697545238327,0.6368080937312922,-0.0081639165432761,0,-0.9186,0.0
2014-11-26,1039.1915283203125,1050.6818659591156,1034.3264172547472,1040.2792520860678,1584800,1023.8823120117188,1033.3886328125,1028.9937651968526,55.69683255629226,4.624772166851244,1.4344009083552829,-0.003300688224872,1,-0.9349,-1.0
2014-11-27,1049.47509765625,1055.289454271688,1038.4000958872816,1039.191167442208,1732418,1027.4361877441406,1033.6050512695313,1030.9443682882238,66.52971852813823,5.638479784179936,2.275216683520213,0.0098957401553871,0,-0.9349,-1.0
2014-11-28,1045.4014892578125,1064.743158094255,1042.3756779438386,1051.4730045624271,1989768,1030.1446228027344,1033.9855200195314,1032.3212369519945,64.64373184309352,6.04347875988492,3.028869098793155,-0.0038815674688564,1,0.296,1.0
2014-12-01,1065.158203125,1067.946750063439,1046.2911631871525,1048.3677263122756,1896354,1032.809527587891,1034.7753247070314,1035.448567063709,69.39715215188524,7.867948251510597,3.9966849293366433,0.018898685404795,0,0.5859,0.0
2014-12-02,1051.0576171875,1072.2780806216658,1047.9131259437834,1065.1782301867618,1436572,1033.7874755859375,1035.21009765625,1036.935143265975,60.43955719876412,8.082879621712664,4.813923867811848,-0.0132380203204849,0,0.9217,-1.0
2014-12-03,1042.375732421875,1057.4257984699937,1035.7109128590266,1056.8324945290776,3094670,1034.677423095703,1035.8604333496094,1037.453294614156,57.05083355448865,7.466588552998246,5.344456804849128,-0.0082601416170282,1,-0.8733,-1.0
2014-12-04,1043.40380859375,1054.894144706319,1040.2197255891049,1053.7075371194728,1285308,1035.4378356933594,1036.5901538085936,1038.02001023126,54.965410549052805,6.980661871243456,5.671697818127994,0.0009862817599239,0,-0.7184,-1.0
2014-12-05,1020.0676879882812,1048.0914560637782,1017.3780235055872,1044.5711272404335,2359676,1035.5584869384766,1036.5346130371097,1036.3102652557382,44.60001296012137,4.658827506797024,5.4691237558618,-0.0223653780188133,0,-0.4767,-1.0
2014-12-08,993.9025268554688,1026.415555186244,989.4922440831498,1026.415555186244,3232574,1034.4341522216796,1035.5523388671877,1032.271433027141,40.823774603681656,0.6993851365157298,4.515176031992587,-0.025650416576192,1,-0.9475,-1.0
2014-12-09,994.713623046875,1012.176496622698,992.439291333088,995.1684507630748,2487940,1033.131869506836,1034.0186547851563,1028.6944987433062,42.40969691763252,-2.3460094475699407,3.142938936080081,0.000816072169544,0,-0.1779,-1.0
2014-12-10,991.9642944335938,1001.4571545928678,987.3365444192212,994.7726375239258,2087970,1031.473547363281,1032.3699792480468,1025.196384047143,36.57213861659534,-4.924586866387813,1.529433775586503,-0.0027639398411574,0,-0.9908,-1.0
2014-12-11,985.734619140625,997.8973463947392,983.6976481620118,989.0769742895658,1938822,1029.56904296875,1030.8619763183594,1021.4381207227128,32.05872155773044,-7.385673336224045,-0.2535876467756066,-0.0062801406541813,0,0.6732,-1.0
2014-12-12,969.33984375,996.750501864552,958.2450420647782,988.839783595786,2380786,1026.4888061523438,1029.3829211425782,1016.476380058645,21.890113777142982,-10.53755309918006,-2.310380737256497,-0.0166320377435035,0,-0.9531,-1.0
2014-12-15,932.930908203125,943.3533199876204,930.3995165370566,943.3137277627372,3487788,1021.353778076172,1026.657791748047,1008.5196684533572,18.378463777417466,-15.791305001541105,-5.006565590113419,-0.0375605478116146,1,-0.323,0.0
2014-12-16,966.3143310546876,972.7219955179178,927.5320034520756,929.509683630012,3339140,1018.5296661376954,1024.7945422363282,1004.5001125106268,32.08551159261039,-17.064469426895357,-7.418146357469807,0.0357833817681749,1,-0.936,-1.0
2014-12-17,966.7293701171876,976.973711706503,951.3627611668284,970.407776879816,2287076,1015.965609741211,1022.276827392578,1000.902898949347,28.6224781353245,-17.83438750528512,-9.50139458703287,0.0004295073033295,1,-0.4019,-1.0
2014-12-18,973.2951049804688,976.380304108224,963.0507644794504,971.0801620278468,1481444,1013.102899169922,1020.1379296875,998.2735852380254,31.60800560700116,-17.71059646643664,-11.143234962913624,0.0067916989658494,1,-0.9726,-1.0
2014-12-19,993.012939453125,998.2339954204976,976.1828630798564,977.4881512133016,1903130,1010.8958312988282,1018.08548828125,997.7725713537492,31.594438226356274,-15.838846361640435,-12.082357242658986,0.0202588447961544,1,-0.9456,-1.0
2014-12-22,994.1396484375,1000.3100455896256,978.7137521235436,999.12343818086,1643954,1008.0420654296876,1016.4049291992188,997.4265786950588,34.449814540479935,-14.101995889196132,-12.486284971966416,0.0011346367601166,1,-0.6486,0.0
2014-12-23,995.4450073242188,1003.3359278454186,986.7037233922658,988.83957825475,1266476,1005.6826690673828,1015.1305993652344,997.2378576121216,36.63987272908608,-12.476377905415234,-12.48430355865618,0.0013130538438643,0,-0.9654,-1.0
2014-12-24,980.8896484375,997.0869242410768,975.2532606635322,994.773000107308,3288972,1002.767575073242,1013.384774169922,995.6808853097766,33.47624861580397,-12.221675887371587,-12.431778024399264,-0.0146219618156947,1,-0.9199,-1.0
2014-12-26,990.8175659179688,992.79524569026,974.996127739638,983.3023827832616,626206,999.834698486328,1012.0550122070312,995.2177120343664,41.67878643919,-11.09087404131867,-12.163597227783145,0.0101213398431549,1,0.8176,-1.0
2014-12-29,997.897705078125,1003.4550050204638,991.6087214981364,992.0042574859698,778920,997.4595092773436,1010.5664453125,995.4729494671052,51.27501896253968,-9.51372902617834,-11.633623587462184,0.0071457545805586,1,-0.5423,-1.0
2014-12-30,1000.72607421875,1005.6306829631123,995.1687730053358,998.7285977100448,701342,994.2379028320312,1009.2714306640624,995.9732470625,51.89441813201311,-7.944030646674719,-10.895704999304693,0.0028343277334259,1,-0.8979,-1.0
2014-12-31,1011.8797607421876,1015.103339842614,998.7281914879404,1001.7737987388048,1573792,992.2790100097656,1008.1994897460936,997.488153127232,55.95939730813025,-5.733926944092218,-9.8633493882622,0.0111455939949851,0,-0.9062,-1.0
2015-01-01,1006.8565673828124,1015.3407942859076,1005.0568594781812,1015.3407942859076,366830,990.5030517578124,1007.193662109375,998.380383056335,56.36638649773128,-4.337730898724544,-8.758225690354669,-0.0049642196180412,1,-0.9062,-1.0
2015-01-02,1020.2650146484376,1024.8136773054223,1008.8538623574802,1009.0120380842156,925740,989.3461120605468,1008.3266674804688,1000.4646336841544,65.6307934638113,-2.1247925525465234,-7.43153906279304,0.0133171374155891,0,-0.7024,0.0
2015-01-05,1004.76025390625,1028.353936033753,998.5898541101448,1020.8783447818251,1754242,988.5807403564452,1009.290498046875,1000.8737403719728,75.29274065082504,-1.6036417986208562,-6.265959609958603,-0.0151967974198646,0,-0.2023,-1.0
2015-01-06,967.71826171875,1000.349976508706,965.1076859089972,1000.349976508706,2423784,987.2715270996092,1009.4337561035156,997.7160757383326,50.48193851502089,-4.131974438865882,-5.839162575740059,-0.0368664982949815,0,-0.4295,-1.0
2015-01-07,956.2869873046876,980.5926455182674,952.2327449181904,976.973531185161,2636332,985.3501953125,1009.2027270507812,993.7704482684616,46.667412055192,-6.9776703417308,-6.066864128938208,-0.0118126058650164,1,-0.0258,0.0
2015-01-08,966.610595703125,968.667362950627,957.4143865611888,966.0567875353978,1565408,984.0825103759764,1009.1363305664064,991.1837956431916,47.91667221490278,-8.304150845333993,-6.514321472217365,0.0107955127858998,1,-0.9856,-1.0
2015-01-09,993.7047729492188,996.710787583384,969.0628692465324,971.0405485715252,3197642,984.4810180664062,1009.4424743652344,991.423888719956,50.20614210729428,-7.087423130858042,-6.628941803945501,0.0280300850896271,0,-0.8625,0.0
2015-01-12,992.6765747070312,999.914902053371,981.0280600545384,995.5640065143727,1596006,985.6478546142578,1009.4713500976562,991.5431921472964,49.5637992898068,-6.13539958891181,-6.530233360938762,-0.0010347119890909,0,-0.6105,-1.0
2015-01-13,988.0089721679688,1000.8638874371236,980.9685112121128,996.7503531775424,1468432,988.4017578125,1008.9943273925782,991.2065997683128,47.82659421505001,-5.691937476954308,-6.362574184141872,-0.0047020375598568,1,-0.8481,-1.0
2015-01-14,997.5216674804688,1001.4177344243597,989.037442386945,995.1682483685478,1787096,989.962124633789,1008.3147875976564,991.8080347885184,55.00885789900707,-4.520782777677482,-5.994215902848994,0.0096281466873995,1,-0.9201,-1.0
2015-01-15,1004.3052978515624,1021.1748662928452,998.0360148633376,1001.8924901015888,5009920,991.8409210205078,1007.9093579101562,992.998250318332,54.140344105925976,-3.010548236929821,-5.397482369665161,0.006800484232315,0,0.6369,-1.0
2015-01-16,1001.556396484375,1006.639072470956,982.6300577178368,1006.1248563819536,5293830,993.2539855957032,1007.3765747070312,993.8133118579552,51.153793444334426,-2.0122933840178803,-4.720444572535705,-0.0027371172621193,0,0.7506,-1.0
2015-01-19,993.1911010742188,1009.0125443410324,990.026812420856,1003.0795031159772,1135074,993.2628936767578,1006.8873034667968,993.7540536880756,47.70397658987156,-1.8745697754637831,-4.15126961312132,-0.0083522959261403,0,0.7506,-1.0
2015-01-20,989.017822265625,1000.7059286107004,982.2146234081112,996.750569209077,2058566,993.006802368164,1006.3398754882812,993.3029840287944,42.72408919512577,-2.078215174855359,-3.736658725468128,-0.004201889046408,1,-0.5283,-1.0
2015-01-21,994.2982788085938,997.541654247428,984.1923160908656,997.541654247428,2310480,992.9494659423827,1005.810655517578,993.3977740078228,46.00980429801997,-1.7928500493002275,-3.347896990234548,0.0053390913935933,0,-0.6369,0.0
2015-01-22,994.19921875,997.244825676769,987.0597768870113,995.3660302689495,2113214,993.6149444580078,1005.1920251464844,993.4741020785063,40.95282764651744,-1.556744271282355,-2.9896664464441094,-9.962811030150842e-05,0,-0.9788,-1.0
2015-01-23,990.2639770507812,1001.5169570377752,987.2974570243468,994.3775128608744,3150380,993.5872650146484,1004.520810546875,993.16837588539,44.5291045364019,-1.6679428511628205,-2.725321727387852,-0.0039582023652829,1,-0.6862,-1.0
2015-01-27,991.6314086914062,996.7638313338174,986.677314102272,995.713601984785,2738736,993.2739501953124,1003.7345471191406,993.0219980573914,62.35044753046535,-1.6269734839975172,-2.5056520787097853,0.0013808758798814,1,-0.6124,-1.0
2015-01-28,1006.5133666992188,1008.613825060276,991.9680699115104,992.0077413657224,3121980,993.563314819336,1003.1521850585938,994.306890308994,75.04768108310483,-0.3891692272306954,-2.082355508413967,0.0150075500608146,1,-0.8625,0.0
2015-01-29,1008.5146484375,1018.0463433541412,995.9312513822124,1005.8791094904042,3734392,993.3950592041016,1002.8665466308594,995.6600101307564,72.789000034521,0.7447018160504513,-1.5169440435210837,0.0019883310092982,0,-0.91,0.0
2015-01-30,983.7042236328124,1020.5428279137404,978.9284601735684,1014.8753280029212,5817402,992.2374420166016,1002.180421142578,994.521363797619,44.42278824846904,-0.3546034970353275,-1.2844759342239322,-0.0246009563104776,1,-0.9337,-1.0
2015-02-02,996.4462280273438,999.3196013840774,975.7777949306828,983.6845064017728,3181802,991.0465026855468,1001.498359375,994.70468420045,51.85936704089632,-0.1953853319743075,-1.0666578137740073,0.0129530849704753,1,-0.7556,0.0
2015-02-03,1013.9046020507812,1016.5798120825776,993.6324936247964,995.4357059422354,2345054,991.5037200927734,1001.0333654785156,996.5332478052436,61.34181067345025,1.32427566339868,-0.5884711183394699,0.0175206383770449,0,-0.5688,-1.0
2015-02-04,996.4857177734376,1019.2348653597792,991.6505442204748,1017.7684737487416,2245418,992.9420928955078,999.9387805175782,996.5287211355476,49.575660784636334,1.1102611657016723,-0.2487246615312414,-0.0171800031700332,1,-0.8402,-1.0
2015-02-05,1011.5863037109376,1027.161994296569,998.3490035037108,998.7453310160188,4530168,995.7070587158204,999.3178479003906,997.9627766189182,52.79215690680367,2.134538586557824,0.2279279880865715,0.0151538408109259,1,-0.7655,0.0
2015-02-06,1020.840576171875,1028.3906345322769,1010.9720599512724,1011.824125387478,2136416,998.4185577392578,998.950828857422,1000.1416146715808,57.043751911688254,3.6509424762886056,0.9125308857269784,0.0091482777366485,0,-0.9153,-1.0
2015-02-09,995.9312133789062,1018.204893543208,990.8186279624724,1015.1927662103494,2076432,998.5298797607422,997.879951171875,999.7406240722784,50.89293670241543,2.8103303440027503,1.2920907773821328,-0.024400835325706,0,-0.6908,0.0
2015-02-10,967.4947509765624,1001.2222568994744,964.2647208456888,994.7819356032384,3799054,997.2707885742188,996.32181640625,996.6695885393532,43.9438435814366,-0.1487312087615464,1.003926380153397,-0.0285526369897246,1,-0.7964,-1.0
2015-02-11,974.9262084960938,985.7658068816218,969.912703142446,973.0040777235184,2937522,996.616650390625,994.517176513672,994.598790439995,44.61428556884013,-1.872566512545859,0.4286278016135458,0.0076811347162661,1,-0.7269,-1.0
2015-02-12,975.817626953125,982.81286474972,969.8133045763368,982.81286474972,3107980,995.5314483642578,993.0123767089844,992.8101082031504,44.91206896085677,-3.1306996341800186,-0.283237685545167,0.0009143445414256,1,0.5423,-1.0
2015-02-13,1006.1764526367188,1009.7434001793008,975.0647435153076,978.9289366864384,4158326,995.6250061035156,992.2883911132812,994.0830933872996,53.84242845133228,-1.658952314442331,-0.5583806113245999,0.0311111675430435,1,-0.9836,-1.0
2015-02-16,1024.42724609375,1028.4697668659203,1012.6166683400488,1014.5983056557828,2364392,996.7685485839844,991.9088598632812,996.973012692676,57.3222611445265,0.9689352610065498,-0.25291743685837,0.0181387602633757,1,-0.9836,-1.0
2015-02-18,1044.5804443359375,1047.4934899072975,1016.6790295061276,1024.5263326643976,2660014,999.3380157470704,992.3991149902344,1001.507053801558,58.30370787142154,4.6244420786295,0.7225544662392039,0.0196726495893522,1,-0.8002,-1.0
2015-02-19,1062.57373046875,1065.0507770342672,1044.3228320220924,1044.719159472575,2618002,1003.0158111572266,993.7725390625,1007.322927769862,61.023046613449615,8.871104808688074,2.352264534728978,0.0172253714210122,0,-0.25,-1.0
2015-02-20,1060.393798828125,1069.608410916414,1047.1960770013611,1069.608410916414,1801588,1006.3205871582032,995.086142578125,1012.3772964420776,67.22750671011747,11.923269326049422,4.266465492993067,-0.002051558003098,1,-0.8442,-1.0
2015-02-23,1068.75634765625,1078.803286919769,1058.5905875689582,1058.5905875689582,1614892,1010.0484436035156,996.621983642578,1017.7467298910462,66.56973369633779,14.845786511683857,6.382329696731225,0.0078862671937225,1,0.7003,0.0
2015-02-24,1071.9666748046875,1081.9739429584238,1061.7612429251346,1067.7061546996315,2199922,1014.133578491211,998.3466247558594,1022.9105341685358,64.23429443738348,17.222419674529874,8.550347692290956,0.0030037970351965,0,-0.9325,-1.0
2015-02-25,1059.066162109375,1078.8032879042214,1057.3421958071865,1074.047358640867,1767994,1017.5053161621094,1000.1411511230468,1026.3539273057586,65.68959238074248,17.859086585116074,10.41209547085598,-0.012034434463798,0,-0.926,0.0
2015-02-26,1052.823974609375,1067.2106795683303,1040.498249679513,1061.7611774444551,1991994,1019.8208465576172,1002.539012451172,1028.8748841918173,60.81929967390194,17.656425058252125,11.86096138833521,-0.0058940486660127,1,-0.9062,-1.0
2015-02-27,1055.162353515625,1060.47310228092,1036.911456331303,1054.0129459329455,2877376,1022.1532318115236,1004.3159729003906,1031.3784526988466,59.34390228988149,17.482969187182107,12.98536294810459,0.0022210540058393,1,-0.765,0.0
2015-03-02,1057.9561767578125,1073.6309426151313,1051.2781190457897,1062.0383677660066,2176038,1025.8658294677734,1006.1405090332032,1033.9096645139862,69.19764554129765,17.37070368714876,13.862431095913426,0.002647766225623,1,0.4767,-1.0
2015-03-03,1100.2047119140625,1105.7532947551276,1060.6313877330515,1062.949941409768,3424308,1031.053753662109,1008.678701171875,1040.2234785520886,87.84032133434505,20.455043166115047,15.18095350995375,0.0399341069927148,0,0.7964,0.0
2015-03-04,1088.3153076171875,1114.5125938933302,1076.2867293699285,1104.9610625042676,3862994,1034.7742889404296,1010.5847485351562,1044.8036527487648,81.52969780985377,21.690000042863858,16.48276281653577,-0.010806538245224,0,-0.875,0.0
2015-03-05,1068.6767578125,1098.104060638237,1062.57335593026,1089.9001046569206,2173514,1038.383840942383,1012.0754907226562,1047.077281802454,73.38310568140041,20.84377140013794,17.354964533256204,-0.0180449081872101,0,-0.8892,-1.0
2015-03-09,1048.9996337890625,1062.07844113243,1034.4147626118029,1046.30458746941,2883174,1040.2545074462892,1013.1465832519532,1047.2603629440357,61.39650308962729,18.37355078758401,17.558681784121767,-0.0184126059443036,0,-0.9709,-1.0
2015-03-10,1047.374267578125,1061.4637242102383,1028.5685541889743,1049.831477794057,3037052,1041.5811920166016,1014.4762756347656,1047.2712110044251,56.69973611916978,16.09914872060699,17.266775171418814,-0.0015494440213162,0,0.6369,-1.0
2015-03-11,1033.0472412109375,1054.2110864330716,1029.5793763354252,1047.0970286975166,2240200,1043.436993408203,1015.320869140625,1045.9165472145692,46.51411106142514,12.990847006697097,16.411589538474473,-0.013678994043186,1,0.5921,-1.0
2015-03-12,1038.00146484375,1040.3199224543853,1026.5278041028996,1039.9235949900406,1827636,1046.9623291015623,1016.1229443359376,1045.1627298459198,41.93759502452013,10.802732768425813,15.289818184464744,0.0047957377312244,0,-0.9136,-1.0
2015-03-13,1023.4562377929688,1046.2846410486045,1020.5431923071905,1045.511821866551,1586838,1049.3888305664063,1016.5775476074218,1043.095444888496,38.79003466432434,7.804987172926758,13.792851982157146,-0.0140127230484888,0,-0.2263,-1.0
2015-03-16,1015.5093383789062,1034.4141289702388,1011.4271483264556,1024.5851937568425,1556296,1051.3734161376954,1016.6501391601564,1040.4681966494873,33.799503585320295,4.733439677064325,11.98096952113858,-0.0077647671884824,1,0.1779,0.0
2015-03-17,1023.9912719726562,1033.1068038457315,1013.7065934069178,1023.5156983572926,1267318,1052.264157104492,1016.9928332519532,1038.8989657278844,35.85707463842408,2.9496357470204657,10.17470276631496,0.0083523934967353,0,-0.1531,-1.0
2015-03-18,1014.3408813476562,1030.2335569117377,1011.308917750919,1026.864772977351,1255170,1051.7598388671877,1016.8743505859376,1036.5601005488152,36.55760674516359,0.7486227520057582,8.28948676345312,-0.0094242899223243,1,0.5859,1.0
2015-03-19,1028.965087890625,1032.7698699141674,1017.8085094643374,1020.93945745065,2448964,1050.979071044922,1017.358447265625,1035.83676600994,43.173074840776565,0.182254428832266,6.668040296528949,0.0144174476370695,1,0.2484,0.0
2015-03-20,1034.791015625,1037.5851431737824,1022.0689640184808,1028.865940289969,1963908,1049.5899353027344,1018.69990234375,1035.7371707351838,44.28505481665341,0.201187961522919,5.374669829527743,0.0056619294502189,1,0.5574,0.0
2015-03-23,1037.248291015625,1042.7374646053684,1032.8292788907602,1036.7925531766036,1566608,1048.432659912109,1020.3191284179688,1035.8810869523686,44.17964965154547,0.4097511540624055,4.381686094434676,0.0023746586059609,0,-0.872,-1.0
2015-03-24,1027.0032958984375,1045.1154402242703,1023.3571028688448,1042.341148194855,2394878,1046.3450073242188,1021.526982421875,1035.0355830424703,24.91187070074193,-0.2487787318327718,3.4555931291811866,-0.0098770903803139,0,0.6892,-1.0
2015-03-25,1020.0477294921876,1035.999908651803,1008.73256194133,1027.042869972615,2224858,1043.7490600585938,1022.0538415527344,1033.608168418634,25.78386093023218,-1.3167458630830424,2.501125330728341,-0.0067726816788499,0,0.9741,0.0
2015-03-26,996.0105590820312,1025.180201515621,991.2149582053338,1011.9429033126136,3091642,1040.5962799072263,1022.1205212402344,1030.0274437199098,25.003600718716054,-4.0559616725583965,1.1897079300709938,-0.0235647506633075,1,0.5667,0.0
2015-03-27,996.684326171875,1019.3145663185036,992.4436416575012,1003.1048117390204,2751776,1037.7892974853517,1022.2940283203123,1026.851908715335,29.297460338009717,-6.102101337515251,-0.268653923446255,0.0006764658102267,1,-0.0516,0.0
2015-03-30,1016.2427978515624,1018.5216802532136,998.7449829844694,1000.7266198554704,1339006,1035.8433197021484,1022.6684509277344,1025.8415172044995,39.21167003816515,-6.075442635184459,-1.430011665793896,0.019623536927493,0,-0.9485,-1.0
2015-03-31,1012.2007446289062,1018.3438217610752,999.1417709805172,1018.3438217610752,2427028,1033.5555480957032,1022.8263598632813,1024.542396006824,42.22134666408553,-6.307763366103586,-2.4055620058558342,-0.0039774483334115,0,0.2815,-1.0
2015-04-01,1007.7215576171876,1016.024691852552,999.636519505518,1013.805220297399,2075758,1028.9313903808593,1022.9496630859376,1022.9404113982872,38.661170337742654,-6.775211753187705,-3.2794919553222086,-0.0044251963214676,1,0.6326,-1.0
2015-04-06,1009.5650024414062,1015.7476530325029,990.85836486175,1013.805687097274,1568542,1024.9938751220702,1023.2771411132812,1021.6665629262034,44.25132960451336,-6.9171804265700985,-4.007029649571787,0.001829319627316,1,-0.3612,-1.0
2015-04-07,1024.50634765625,1030.0549313572897,1008.2569239603482,1015.5691452715798,1886922,1022.7853546142578,1023.9869116210938,1021.9370186147792,53.519523354056325,-5.757678994827188,-4.357159518622868,0.0147997852329582,1,-0.9877,-1.0
2015-04-08,1046.8592529296875,1052.843835929619,1026.82497840581,1028.0733711279622,1652134,1022.678335571289,1025.0381311035155,1024.3105647400089,58.06991054947567,-3.0004853841011254,-4.08582469171852,0.0218182203795749,1,-0.875,-1.0
2015-04-09,1056.0343017578125,1065.110161448472,1044.3822169422697,1053.8346651094005,2544450,1023.1113372802736,1026.2748327636718,1027.3318730274184,64.76277085952805,-0.0741846670823633,-3.2834966867912887,0.008764357579539,0,-0.8773,-1.0
2015-04-10,1051.7535400390625,1058.510939648227,1041.5481123778263,1049.6728217780335,1815544,1024.0466522216798,1027.5046240234376,1029.6577460761464,58.70666094564724,1.87786122386774,-2.251225104659483,-0.0040536199549811,1,0.8683,0.0
2015-04-13,1052.4473876953125,1056.2124979130135,1041.5483844335458,1055.816170521677,1308642,1024.7689483642578,1028.7209436035157,1031.8281881351147,57.02121689895811,3.441191450337328,-1.112741793660121,0.0006597055582282,0,-0.6597,1.0
2015-04-15,1041.44921875,1075.5927820613072,1034.1765730005611,1052.1302217347968,2913934,1025.6685974121094,1029.4196606445312,1032.744476765104,51.56427983763562,3.749460156915802,-0.1403014035449362,-0.0104500890722877,0,-0.9231,-1.0
2015-04-16,1023.6343383789062,1041.1519885720486,1019.096409398453,1041.1321528518629,3217570,1026.0748474121094,1029.7220544433594,1031.8768445378469,48.81246463555527,2.5271222745532214,0.3931833320746952,-0.0171058560036907,0,-0.9716,-1.0
2015-04-17,980.850830078125,1014.598066920483,978.9286036303098,1013.4487562516445,9668742,1023.9178253173828,1029.6649865722657,1027.0172241131115,38.96946774670042,-1.8722784068420424,-0.0599090157086523,-0.0417956947092416,0,-0.9742,-1.0
2015-04-20,962.60009765625,984.4376813637176,961.0346236331336,982.9118787881245,2890722,1021.3307861328124,1028.9880639648438,1020.8822596886484,40.28133505431933,-6.753664679117946,-1.3986601483905112,-0.0186070418275746,0,-0.9081,-1.0
2015-04-21,961.90673828125,971.7950906716766,951.5823869097452,962.6003114495516,2546032,1017.9778686523438,1027.9481066894532,1015.2655433641344,39.88480885740496,-10.556458492962406,-3.2302198173048904,-0.0007202984673367,1,-0.6854,-1.0
2015-04-22,969.060302734375,980.1178000684964,954.1781873886868,963.6702106213298,4186812,1014.6913330078124,1027.3995983886718,1010.8650442565382,35.20950953088325,-12.844899120164428,-5.153155677876798,0.0074368586562842,1,0.0,-1.0
2015-04-23,973.87548828125,982.8126903621356,963.7493040191276,979.7213173389968,4342990,1011.5226928710938,1026.6453820800782,1007.3422294017488,38.043977043071074,-14.107338951182555,-6.94399233253795,0.0049689225049134,1,-0.4293,1.0
2015-04-24,988.0642700195312,996.3673115975828,970.0313691930834,973.1029072459398,3625158,1009.5757415771484,1025.9898559570313,1005.506233270109,44.21795282873547,-13.803793962730651,-8.31595265857649,0.0145694002046632,1,-0.6249,0.0
2015-04-27,990.8976440429688,998.7449451064412,985.2698148946876,990.620234243472,2733052,1008.1182373046876,1025.8891845703124,1004.1149390580003,44.540924768907736,-13.18264148315393,-9.28929042349198,0.0028676009338759,0,-0.6908,0.0
2015-04-28,988.8369750976562,994.78188677159,973.0235487488444,994.78188677159,3088298,1007.7595581054688,1026.3160290527344,1002.6598948713008,38.7189915933944,-12.710137872477503,-9.973459913289084,-0.0020795981882697,0,-0.6933,0.0
2015-04-29,985.7850952148438,988.8367966381172,971.4182279290196,984.4771955306944,2019620,1007.2145965576173,1026.5332067871093,1001.0527710944956,27.998233946658686,-12.43855266533444,-10.466478463698156,-0.0030863326915047,0,0.4228,-1.0
2015-04-30,976.4318237304688,986.8552539981164,961.9262985347032,982.891979885674,3738054,1005.2240478515624,1026.5454907226565,998.7079189645882,21.36024281956699,-12.830152263444916,-10.939213223647508,-0.0094881445558238,1,-0.9274,-1.0
2015-05-04,983.5061645507812,992.7207755301584,973.855554778214,987.2514386937032,1890630,1003.7893188476562,1026.0920849609374,997.26013282994,25.92949458967135,-12.426413623723649,-11.236653303662736,0.0072450944842057,1,-0.9287,-1.0
2015-05-05,997.892822265625,1005.264452664,990.8183406098292,991.2146679460732,3255070,1003.297882080078,1025.561396484375,997.3203889666718,32.45364208509518,-10.820829018499126,-11.153488446630014,0.014627928358146,0,-0.8295,-1.0
2015-05-06,976.17431640625,996.7635074771628,973.300942478135,996.7635074771628,3394406,1001.6283477783204,1024.193273925781,995.3064772942506,30.36002867771072,-11.172108453119565,-11.157212447927924,-0.0217643672494457,1,-0.3814,0.0
2015-05-07,1008.7522583007812,1012.121041011932,972.4684675128752,976.9073147921158,3205028,1000.8406433105469,1023.116844482422,996.5870278663012,45.88760520146397,-8.721199728507827,-10.670009904043908,0.0333730782986236,0,-0.4401,0.0
2015-05-08,1001.61865234375,1025.6955474391632,997.2788856661348,1014.5983776832526,3003664,998.57861328125,1021.9413415527343,997.0662301974868,57.14693198211104,-7.270647787238772,-9.99013748068288,-0.0070717125025797,1,0.8074,-1.0
2015-05-11,1013.0130615234376,1015.8071896718212,1000.7269093688104,1004.6901842574,2573082,996.4275512695312,1020.8264758300782,998.5849760380534,68.20809936652607,-5.142363365503229,-9.02058265764695,0.0113759953980741,0,-0.9522,-1.0
2015-05-12,999.8944702148438,1016.5798943186232,995.9708672213256,1014.5982570977292,2467386,993.8345977783204,1019.3850317382812,998.7096897691764,62.59032739774963,-4.4627989415755565,-8.10902591443267,-0.0129500712348814,0,-0.7325,-1.0
2015-05-13,996.92236328125,1009.4463536042337,983.070733611405,1009.4463536042337,1863774,991.0583465576173,1018.1421557617188,998.5394681988976,59.49761026367408,-4.116609715918003,-7.310542674729738,-0.0029724206125023,0,-0.5574,0.0
2015-05-14,990.521484375,998.74527983395,984.873817614034,998.74527983395,1309050,988.5119598388673,1016.8961059570312,997.7758506918595,55.61359540321112,-4.309077332600282,-6.710249606303847,-0.0064206393015222,1,-0.9022,-1.0
2015-05-15,995.2376708984376,1003.6596294947176,991.2149858492446,996.7635703362056,1461454,987.0921264648438,1015.6976123046876,997.5341192829624,52.5842192636243,-4.03454474741784,-6.175108634526646,0.0047613167385394,1,-0.9118,-1.0
2015-05-18,998.9031372070312,1000.8253630252768,989.668789920709,996.4063530021582,4507752,987.994741821289,1014.516551513672,997.6645019423976,52.86679361149288,-3.481075526462064,-5.63630201291373,0.0036830059952259,0,-0.4023,-1.0
2015-05-19,995.8515625,1002.70804397077,989.5301615747114,998.5069359917986,1957722,989.6573150634764,1012.4294885253906,997.4918410431216,52.49424548460984,-3.251205879533813,-5.159282786237748,-0.0030549255411926,1,-0.93,-1.0
2015-05-20,1013.42919921875,1018.5219492665584,997.5165928859864,998.745246774366,1897814,992.2334381103516,1010.931766357422,999.0096846788958,58.90933826101084,-1.6318531600226152,-4.453796860994721,0.0176508602091489,0,0.8779,-1.0
2015-05-21,1012.8147583007812,1022.5247804406245,1009.9017129549773,1013.4092494522002,1579578,994.421160888672,1009.8145263671876,1000.3244535952658,62.42566670668906,-0.3935481320952476,-3.641747115214826,-0.000606298810457,1,0.6486,0.0
2015-05-22,1037.5452880859375,1041.8454783599948,1006.3741819973816,1010.6347008342318,2691632,997.6046508789062,1009.585439453125,1003.8692949753298,66.46946447737758,2.5539245436676765,-2.402612783438326,0.0244176238374005,0,0.701,0.0
2015-05-25,1030.8475341796875,1045.0756486773216,1024.783705803178,1038.377754537017,982978,999.743814086914,1009.2549047851562,1006.4386510900304,60.53744008493495,4.299799695477077,-1.0621302876552456,-0.006455384630589,1,0.701,0.0
2015-05-26,1033.9588623046875,1039.6659386361405,1026.0520526084922,1032.432962983759,1961740,1001.896875,1009.2731372070313,1009.0596235866644,70.97253112400865,5.86684714694627,0.3236651992650574,0.0030182233762394,1,0.296,-1.0
2015-05-27,1036.49560546875,1043.5898297752665,1027.2809901061084,1033.6222307857756,1620690,1004.2798065185548,1009.2430200195312,1011.6725742421012,62.8773786691068,7.2300934978294435,1.7049508589779347,0.0024534275555296,0,-0.875,-1.0
2015-05-28,1034.2161865234375,1039.566605576155,1023.4162665836928,1031.9967147310613,2763608,1006.7013610839844,1009.4582189941408,1013.819584935562,65.8444950497634,8.033935782823278,2.970747843747004,-0.002199159295308,1,-0.7906,-1.0
2015-05-29,1034.533203125,1049.7125585449994,1029.3611123451838,1037.1885767667131,4423532,1009.6064300537108,1009.8386962890625,1015.7923104774133,61.722528762229935,8.597460996742825,4.096090474346168,0.0003065283696903,1,-0.0772,0.0
2015-06-01,1037.4859619140625,1049.1182088051585,1033.7605233790596,1034.1964254257114,882264,1012.305419921875,1010.1085900878908,1017.8583725189987,73.0272745966762,9.176540301399882,5.11218043975691,0.0028541943169568,0,-0.9009,-1.0
2015-06-02,1030.4117431640625,1042.341238629417,1026.6863036766176,1036.7926540891842,3935820,1013.9313659667968,1010.4300073242188,1019.0539316280524,69.53281301841038,8.961333813010015,5.882011114407531,-0.0068186163569372,1,-0.7096,0.0
2015-06-03,1034.7713623046875,1040.5974535753662,1026.6863205456468,1032.03674144021,1804684,1016.8612182617188,1010.5461328125,1020.550829787732,76.43845407668351,9.03837716451494,6.513284324429014,0.0042309486179166,0,-0.34,-1.0
2015-06-04,1032.6904296875,1039.4875025122958,1025.8934536223212,1037.2284557310736,4131468,1018.0581268310548,1010.50412109375,1021.7069821591384,73.104884804287,8.82973699278989,6.9765748581011895,-0.0020110071586758,0,-0.3716,-1.0
2015-06-05,1030.3704833984375,1043.630836139313,1028.0303751928077,1036.8306352139132,2308534,1019.495718383789,1010.3665649414064,1022.5320775152622,69.7401500456784,8.38058174695152,7.257376235871256,-0.0022465070096219,1,0.2023,-1.0
2015-06-08,1031.0103759765625,1036.030543508788,1024.6901701175402,1036.030543508788,1570320,1020.3955841064452,1010.4467065429689,1023.3395345115764,72.74407828446346,7.984219845510324,7.40274495779907,0.0006210315497532,0,-0.2996,0.0
2015-06-09,1024.690185546875,1036.030559108881,1020.4300989524154,1034.0305001144625,2578914,1021.6353698730468,1010.5395556640624,1023.4681679435098,58.526555715149264,7.078516898759062,7.337899345991069,-0.0061300939126835,1,-0.9471,-1.0
2015-06-10,1040.3310546875,1044.031165138662,1025.550633011719,1026.430639749351,2763350,1023.8058044433594,1011.4259655761718,1025.0741571572232,66.97254061607987,7.535958374502229,7.377511151693302,0.0152639981930513,0,-0.2263,-1.0
2015-06-11,1028.550537109375,1045.231012495674,1022.7303448902848,1042.230923481622,1847336,1025.707257080078,1012.0632897949218,1025.4052409621902,43.39701093433841,6.868716437590365,7.275752208872715,-0.0113238161304948,0,0.6249,0.0
2015-06-12,1002.3494873046876,1035.6104260706,990.7491462697234,1028.7902060337365,2571456,1026.0628479003906,1011.7854235839844,1023.2094548995708,33.73668385956998,4.1775603323699215,6.656113833572157,-0.0254737602668727,0,0.6486,0.0
2015-06-15,1001.94970703125,1008.2098534552028,992.429405416027,1002.1497129573718,2525176,1026.2151763916015,1011.5804028320312,1021.18471700735,31.149563279537038,1.9896058653574755,5.722812239929221,-0.000398843196411,1,0.235,-1.0
2015-06-16,1004.8296508789062,1007.7497565776976,997.8094241922532,1000.0295092345802,1267396,1026.664080810547,1011.5225646972656,1019.627091661784,31.426754866744048,0.4824620643446451,4.674742204812306,0.0028743397272796,1,-0.9408,0.0
2015-06-17,1005.5497436523438,1011.6898665610584,1000.749601759812,1008.4298092560356,1975720,1026.2701080322263,1011.4422595214844,1018.286391851361,32.87278694502689,-0.646403450981893,3.610513073653466,0.0007166316925537,1,-0.7351,-1.0
2015-06-18,1012.050048828125,1018.5502417002284,1003.2297675836876,1006.0298506670551,2165046,1026.2318725585938,1011.193133544922,1017.6924544205768,37.49130689906223,-1.0049329609220194,2.687423866738369,0.0064644292505817,1,-0.8979,-1.0
2015-06-19,1019.8505249023438,1022.0305705797696,1010.870275819886,1014.0303312797324,1999610,1025.347134399414,1010.652958984375,1017.8979849426498,40.69054042994941,-0.6521197224940352,2.0195151488918883,0.0077075991283741,1,-0.926,-1.0
2015-06-22,1036.6304931640625,1040.0305931802286,1018.8299695500164,1018.8299695500164,1102002,1025.636282348633,1010.2648828125,1019.6820333446892,52.97765589090034,0.9703054364399576,1.8096732064015024,0.0164533604209553,0,-0.8436,-1.0
2015-06-23,1029.870361328125,1043.230715631846,1026.9102155793998,1040.0306214121165,898318,1025.4318572998047,1009.8272192382811,1020.6523502954924,47.70604146026239,1.6911088710692184,1.7859603393350456,-0.006521255047499,0,-0.4019,-1.0
2015-06-24,1028.1502685546875,1035.1904170878763,1023.5701533351944,1032.030363179001,1170246,1025.0145904541016,1009.3412768554688,1021.3664377487491,47.86773330642655,2.099353632842849,1.8486389980366065,-0.0016702032003516,0,-0.8665,-1.0
2015-06-25,1020.030029296875,1029.2303001493567,1017.6899213424851,1024.8301706112134,1930992,1024.3052825927734,1008.9128930664062,1021.2391607533326,45.39456300840634,1.747510885656652,1.828413375560616,-0.0078979109437256,1,-0.2023,0.0
2015-06-26,1037.1505126953125,1038.5705739776497,1020.1099726255068,1020.1099726255068,1290102,1024.4361480712892,1009.1832165527344,1022.7545276049498,52.38462763778691,2.8176725270735687,2.0262652058632065,0.01678429350775,1,-0.4767,0.0
2015-06-29,1037.190673828125,1041.6308443712444,1017.3900875007917,1028.830465331352,1372756,1024.421383666992,1010.3100134277344,1024.1293986738235,55.10373534976168,3.6272117663902463,2.3464545179686147,3.872256950265829e-05,0,0.5994,-1.0
2015-06-30,1020.4102172851562,1035.5306848664106,1016.0301070248896,1034.0306404170628,1549952,1023.9213073730468,1011.4662158203124,1023.775190922522,41.9416499639775,2.881518491584984,2.4534673126918887,-0.0161787576444689,1,-0.7717,-1.0
2015-07-01,1037.270751953125,1043.2308893662928,1022.7302823570816,1025.5903279786123,1279708,1024.0462768554687,1012.97349609375,1025.060482449246,53.38823556195971,3.609447967839628,2.684663443721437,0.0165232907142256,0,-0.3397,0.0
2015-07-02,1031.130615234375,1041.2108949960789,1028.4505551921309,1040.0308794915625,1445880,1023.9682861328124,1014.21490234375,1025.6385903335442,63.24819798659974,3.648818298248898,2.8774944146269297,-0.0059195120533269,1,-0.7579,-1.0
2015-07-03,1041.5909423828125,1044.0310540248468,1028.0305781010943,1029.250633922111,963470,1024.5293090820312,1015.5692114257812,1027.157861957284,66.70041984913408,4.472524075530373,3.1965003468076185,0.0101445219392113,1,-0.7579,-1.0
2015-07-06,1053.3511962890625,1058.031315278504,1032.15056879955,1032.15056879955,1182338,1025.6463500976563,1016.874949951172,1029.6524652269773,69.01856121737625,6.005048582155041,3.758209993877103,0.0112906645283861,0,-0.7125,-1.0
2015-07-07,1046.5308837890625,1058.7912065364503,1041.2307273780907,1053.1310785649898,1642836,1026.7383850097656,1017.9876147460938,1031.2599336614617,65.32992320825736,6.593240305782501,4.325216056258183,-0.0064748704174142,0,-0.9607,-1.0
2015-07-08,1038.0709228515625,1048.7111808175728,1032.2307100360974,1039.2108981733732,2667850,1026.6253784179687,1018.972293701172,1031.9085992986145,59.59305256033152,6.304068956849278,4.720986636376402,-0.0080838139309085,0,-0.8221,-1.0
2015-07-09,1009.0302734375,1039.3311825407272,1002.6900441522288,1038.0311435362985,3934122,1025.649365234375,1019.437197265625,1029.7297111213652,46.55106602776983,3.689035964319828,4.514596501965087,-0.0279755927796228,0,-0.1386,-1.0
2015-07-10,989.7696533203124,1023.6306273901232,982.0293826661792,1023.6306273901232,8263654,1025.0203735351563,1019.703953857422,1025.9239913307888,35.29573317174179,0.0617209213451133,3.624021385841093,-0.019088248018141,1,-0.9231,0.0
2015-07-13,1003.8497924804688,1007.4699193802264,990.1893287341784,990.1893287341784,2280308,1025.1153778076173,1020.1108264160156,1023.8216866783772,42.19372166632671,-1.6576939619001223,2.56767831629285,0.0142256727238734,0,-0.7906,-1.0
2015-07-14,999.8297729492188,1006.0299575784296,996.0296597893796,1004.4299099321818,1703274,1024.8653839111328,1020.1495654296876,1021.5367425136956,41.61938452724424,-3.3066081041217785,1.3928210322099244,-0.0040046026421111,1,0.4215,0.0
2015-07-15,1018.330078125,1020.0101082163196,1000.0295375871552,1000.42954940219,2003660,1025.5044006347655,1020.9926806640624,1021.2313459052484,49.52606506038366,-3.0850024396562503,0.4972563378366894,0.018503454964349,0,-0.5574,0.0
2015-07-16,1016.1101684570312,1023.5704486909726,1010.6700654287724,1017.5102100513784,1456608,1025.7074066162108,1021.1398388671874,1020.7436147197038,43.60257244417458,-3.053309856227429,-0.2128569009761342,-0.0021799509959051,1,0.8122,0.0
2015-07-17,1025.790283203125,1028.0704287290152,1017.3500923056148,1018.7501336907084,1070526,1026.00439453125,1021.623271484375,1021.224249813363,46.72560153818753,-2.221481044949656,-0.6145817297708385,0.0095266389871808,1,-0.929,-1.0
2015-07-20,1033.9075927734375,1035.8117322192336,1022.983845426502,1027.8344292676074,853786,1025.868249511719,1022.041162109375,1022.432187238132,54.07971438807697,-0.8969126254341973,-0.6710479089035103,0.0079132252500633,0,-0.8885,-1.0
2015-07-21,1026.7926025390625,1042.4066315619148,1024.2671894457587,1032.6453677617314,1274500,1025.7143615722655,1022.5791247558594,1022.8474648858398,46.63460859882851,-0.4165016872404976,-0.6201386645709077,-0.0068816500469729,0,-0.8442,0.0
2015-07-22,1013.423828125,1029.8395064053293,1010.6177259277102,1026.6325324655695,1320628,1024.9780395507812,1022.9091540527344,1021.9499756705218,44.56525893082615,-1.1018198320882675,-0.7164748980743797,-0.013019936432152,0,-0.878,-1.0
2015-07-23,997.609375,1017.3523066847742,995.3644542800932,1009.1945282521684,1496780,1023.8570068359376,1023.0509118652344,1019.63182322571,36.93030453405769,-2.887745467429568,-1.1507290119454172,-0.0156049746277027,1,-0.8591,-1.0
2015-07-24,1004.2438354492188,1008.7937690050396,999.0125373544512,1001.1772056785562,1574972,1022.2116729736327,1023.23103515625,1018.16630058033,34.94858301640069,-3.724821465352648,-1.6655475026268634,0.0066503589636162,0,-0.0772,-1.0
2015-07-27,1000.9962158203124,1004.1831247261784,994.6223001395606,997.3683091092742,2003738,1020.4019500732422,1023.2728967285155,1016.5310544127092,35.73111673845352,-4.597271502893364,-2.2518923026801634,-0.0032338955085082,1,-0.9277,-1.0
2015-07-28,1003.0007934570312,1009.7955474158543,999.0321059466356,1001.9785513163667,1891188,1019.531478881836,1023.4158813476564,1015.2424581312162,38.54695420089261,-5.068515094015879,-2.8152168609473067,0.0020025826322191,1,-0.7964,-1.0
2015-07-29,1004.885009765625,1008.2122640381714,995.5647438926616,1006.5887142800376,2413318,1017.9121917724608,1023.2449975585936,1014.2560344773505,48.35436854623451,-5.229654326329182,-3.298104354023682,0.0018785790807795,0,-0.9094,-1.0
2015-07-30,994.4224243164062,1008.9139961711936,991.2756399369736,1008.6133423717464,2770574,1016.0767822265624,1022.8771508789064,1012.3671192239271,51.98582665104358,-6.130928013391895,-3.864669085897325,-0.0104117240754332,1,-0.4767,-1.0
2015-07-31,1006.488525390625,1009.7957166022044,996.9678234178969,998.1303120901014,1963776,1014.3216613769532,1022.256015625,1011.807253144565,51.1459256066782,-5.8046480185502105,-4.252664872427903,0.0121337781401231,0,-0.6705,-1.0
2015-08-03,1006.02734375,1012.2007268572772,1002.5396827523316,1003.541861689814,1179324,1011.95546875,1021.7596118164064,1011.256785583178,52.77727177992539,-5.519655127615238,-4.50606292346537,-0.0004582085428604,0,-0.9578,0.0
2015-08-04,1005.7467651367188,1011.3990941087266,996.5668442149404,1006.3480725648452,2342692,1009.9162628173827,1021.1953698730468,1010.7320217311342,43.260639177697634,-5.25585038588963,-4.656020415950223,-0.0002788976015655,1,-0.8225,-1.0
2015-08-05,1021.0797119140624,1022.2222347357828,1006.5882476162944,1010.1960907977148,988994,1009.0667022705078,1020.8870520019532,1011.71751603427,52.3337783757537,-3.766128974824824,-4.478042127725143,0.0152453354152815,1,-0.4404,1.0
2015-08-06,1031.5633544921875,1035.4517911219643,1022.2631489192644,1028.2360991977696,2211366,1010.193356323242,1020.833995361328,1013.6075958874052,52.6908204974146,-1.719747504370048,-3.926383203054124,0.0102672126924088,0,-0.8212,-1.0
2015-08-07,1023.0440063476562,1031.4422436743516,1021.0195859458116,1031.4422436743516,1188506,1011.8570739746094,1020.6042114257812,1014.5063016455244,44.95540357848377,-0.7764650361486929,-3.296399569673038,-0.0082586766071436,1,-0.98,-1.0
2015-08-10,1031.0819091796875,1037.8566002538887,1024.86839921293,1031.0417828709935,1431182,1013.2186798095704,1020.4761303710936,1016.0849309344924,51.974848196682245,0.612622764997468,-2.5145951027389373,0.0078568495413282,1,-0.9735,-1.0
2015-08-11,1043.9498291015625,1046.274904017633,1019.0557607963632,1033.4470124741215,2200306,1015.4246826171876,1020.7468920898438,1018.7387307599276,64.11965647885174,2.720458696814376,-1.4675843428282749,0.0124800171618881,1,-0.4404,-1.0
2015-08-12,1071.0086669921875,1078.905818180571,1043.067935189102,1043.5089331102438,3479784,1018.0586120605468,1021.4716381835938,1023.7168199249048,80.75168081796221,6.499434501372434,0.125819426011867,0.0259196727048771,0,-0.1531,-1.0
2015-08-13,1056.537109375,1075.9392534869887,1024.627694453332,1070.3270517176825,1406426,1020.0799591064454,1021.9485717773438,1026.8425617772948,70.5589237611346,8.231676652274928,1.7469908712644793,-0.0135120826405908,1,-0.7096,-1.0
2015-08-14,1083.6358642578125,1090.109997973263,1057.1383157280904,1057.4990609454742,2293964,1022.9722381591796,1023.0138793945312,1032.2514477278205,77.35865907880371,11.656762183921046,3.7289451337957926,0.0256486541195348,0,-0.7717,-1.0
2015-08-17,1076.240234375,1081.0707576546392,1064.3143019892448,1078.3849369936763,773644,1025.088870239258,1023.9184765625,1036.4408559799326,73.4109696211768,13.617428382634216,5.706641783563478,-0.0068248293792655,1,-0.9186,0.0
2015-08-18,1098.7493896484375,1102.3572355600595,1078.3450558070092,1085.1197495378656,1916926,1028.6867095947266,1025.3996606445312,1042.3750020435998,76.508450993614,16.793980629847283,7.92410955282024,0.0209146197609952,0,-0.9062,-1.0
2015-08-19,1095.822509765625,1103.5392871139557,1091.1322343288175,1102.39676404724,1690070,1032.806643676758,1026.5094897460938,1047.4652408742688,79.90968793331842,18.857864700347136,10.11086058232562,-0.0026638284493145,0,-0.5434,0.0
2015-08-20,1077.08203125,1100.3926785347255,1071.1290481037474,1100.3926785347255,2349298,1036.780276489258,1027.4801196289063,1050.2858875767197,70.03393597754045,18.764996501340192,11.841687766128535,-0.0171017462669508,0,-0.6908,-1.0
2015-08-21,1072.79248046875,1094.339328713198,1064.3542116840647,1087.1637663059196,3536080,1040.2077087402345,1028.8889794921874,1052.4293726140556,68.54451307006052,18.136204015279645,13.100591015958758,-0.0039825664682863,0,-0.9698,-1.0
2015-08-24,1033.7076416015625,1060.30551473895,1029.8793956375414,1057.900284837841,4692344,1041.843280029297,1029.5241381835938,1050.6463506128655,56.38908762783795,14.319001057989,13.344273024364806,-0.0364328046465329,0,-0.5267,-1.0
2015-08-25,1029.09765625,1051.0855062355408,1016.410107193064,1037.415743303542,3925800,1043.1481231689454,1030.0094982910157,1048.5940940068783,51.926515360383895,10.797387361890287,12.834895891869904,-0.0044596607067933,1,-0.806,0.0
2015-08-26,1032.945556640625,1057.899805559177,1006.9690659034144,1025.4492797521473,3216158,1044.5511505126954,1030.5574145507812,1047.1037571148545,50.34304844426939,8.222196179732919,11.912355949442508,0.0037391013061351,0,-0.8555,-1.0
2015-08-27,1032.1041259765625,1048.2392094427612,1020.5390379153896,1048.2392094427612,5264798,1046.435235595703,1030.95849609375,1045.6752208159694,52.33772349093909,6.043773335271453,10.738639426608298,-0.0008145934300729,0,-0.9782,-1.0
2015-08-28,1030.5804443359375,1045.8736515690773,1025.308925852886,1045.8736515690773,2744152,1047.6398315429688,1031.173094482422,1044.2376230559662,49.86610937573333,4.146609627278622,9.420233466742364,-0.0014762867449864,0,-0.7615,-1.0
2015-08-31,1027.854736328125,1038.2573336688772,1014.6259749338884,1038.2573336688772,3692044,1048.731201171875,1030.9975793457031,1042.6773481295052,45.45655660257077,2.395537597575185,8.015294292908928,-0.0026448279926064,0,-0.9468,0.0
2015-09-01,1017.1715698242188,1046.7559138017955,1014.2051590993716,1024.6278208134363,2987602,1049.30244140625,1030.743603515625,1040.2482263861446,33.254268603151374,0.1440970828514309,6.441054850897429,-0.0103936540119184,1,-0.6908,0.0
2015-09-02,1038.9791259765625,1050.464059202751,1021.420928742269,1026.1111073106424,3765950,1050.197412109375,1030.9601806640626,1040.12735968047,44.77704346563056,0.1181399386493922,5.176471868447822,0.0214394078632302,1,-0.8144,0.0
2015-09-03,1044.5111083984375,1048.2792623928815,1032.745487472146,1040.7028280952893,2265074,1050.8447998046877,1031.4498022460937,1040.544859558372,36.6484763908271,0.5377545637275034,4.248728407503759,0.0053244403891901,0,-0.6486,-1.0
2015-09-04,1021.2005615234376,1048.2393372920296,1017.8733069408484,1046.8362863847142,2426396,1050.7526275634766,1031.130803222656,1038.7025454598067,33.05771615375947,-0.9991466011115336,3.1991534057807005,-0.0223171842669459,0,0.6462,0.0
2015-09-07,1018.1138305664062,1026.211418779755,1015.2876657005404,1023.4253802287766,1759184,1050.1042236328126,1030.749266357422,1036.741715469959,21.807806210876866,-2.438120107445229,2.0716987031355147,-0.0030226490988475,1,0.6462,0.0
2015-09-08,1018.3344116210938,1027.875177772369,1011.599747404366,1020.2184890604764,1787746,1048.823452758789,1030.7077502441407,1034.9886389129242,22.385669037382613,-3.520139948700944,0.9533309727682232,0.0002166565742112,1,-0.9287,-1.0
2015-09-09,1022.12255859375,1031.8436967625505,1019.8175464506324,1027.4140451571816,2045076,1046.3791473388671,1030.404786376953,1033.7632979301457,28.07790963323926,-4.0255723741029215,-0.0424496966060057,0.0037199439883661,0,-0.9545,-1.0
2015-09-10,1020.3787841796876,1033.6476765732225,1013.0027840607067,1019.0158595497892,2665818,1044.5712310791016,1030.189749755859,1032.4885823348638,28.659966382612023,-4.51479548260113,-0.9369188538050308,-0.0017060326077349,1,-0.7003,-1.0
2015-09-11,1023.0245361328124,1029.5987925935642,1018.454638089249,1020.8197418739056,1592672,1041.5406646728516,1029.8184216308591,1031.587244601335,43.815281024652286,-4.635582144194132,-1.6766515118828509,0.0025929115678857,0,-0.9015,-1.0
2015-09-14,1022.8839721679688,1028.235647139881,1019.4164719987202,1028.235647139881,1589318,1038.8728515625,1029.2090771484377,1030.758361512443,46.20642729330328,-4.68860150139335,-2.2790415097849506,-0.0001374003847209,0,-0.6782,-1.0
2015-09-15,1017.1117553710938,1025.7905888232424,1016.6106657290744,1022.8842688995296,1379900,1034.7909698486328,1028.6206945800782,1029.4586847370765,40.55508589661528,-5.137171266455198,-2.8506674611190004,-0.005643080695302,1,-0.8228,-1.0
2015-09-16,1022.3628540039062,1028.23558339302,1018.634728806101,1024.2268676682909,1756816,1031.117987060547,1028.306533203125,1028.7828913339172,44.47970890677474,-5.011180493257143,-3.282770067546629,0.0051627548350343,1,-0.4412,-1.0
2015-09-18,1022.7236328125,1036.653920412788,1017.8129558886576,1028.235617114772,2455294,1028.4000671386718,1028.580400390625,1028.2058190937823,45.48814888134299,-4.826582227607105,-3.591532499558725,0.0003528872427052,0,-0.952,-1.0
2015-09-21,1022.643310546875,1025.0686028163882,1015.4877147681258,1022.222375877121,1108840,1025.892608642578,1029.2378735351565,1027.6760563750292,46.91351152047078,-4.63335764491012,-3.799897528629004,-7.853760590637027e-05,0,-0.9531,-1.0
2015-09-22,1012.92236328125,1031.2020492460128,998.1702690484128,1025.2291016430988,2081246,1024.8533447265625,1029.4193249511718,1026.2709427470502,47.45437592555349,-5.204629247805087,-4.080843872464221,-0.0095057065991333,1,-0.8555,1.0
2015-09-23,1015.2679443359376,1025.3298658539925,1007.230542889106,1015.9294415399112,1228352,1024.1618591308593,1029.7280883789062,1025.223038136468,31.475356679636832,-5.405782821234425,-4.345831662218262,0.002315657289952,1,0.5859,1.0
2015-09-24,1034.4091796875,1038.2575867241387,1014.1651611046548,1016.41008152087,2354254,1024.235040283203,1030.0496704101563,1026.0979087603755,43.49171945067922,-3.974841258739616,-4.271633581522533,0.0188533829501356,1,-0.9246,-1.0
2015-09-28,1039.7406005859375,1049.882671164118,1034.048243706698,1039.8608816341052,2366812,1024.6168640136718,1030.5222790527343,1027.3972127437626,65.54612043023079,-2.383137327465647,-3.893934330711156,0.0051540734586754,0,-0.6124,-1.0
2015-09-29,1037.5557861328125,1055.89565948955,1030.1797887828516,1035.591554691397,3325952,1024.9656311035155,1030.757589111328,1028.364695923672,66.5527594947761,-1.2832047755489384,-3.3717884196787127,-0.0021013072413386,0,-0.8807,-1.0
2015-09-30,1037.47607421875,1059.7845462826474,1030.6211286611103,1059.7845462826474,3368336,1025.4466979980468,1030.8289587402344,1029.232446237489,66.33627780168138,-0.4131696265874325,-2.780064661060457,-7.6826629592186e-05,1,0.4588,-1.0
2015-10-01,1060.14501953125,1062.2896237626564,1039.1392900194987,1041.8652363370895,2834408,1027.5953704833985,1031.496007080078,1032.1765008368948,74.54101804097327,2.081539242987674,-1.8077438802508308,0.021850089728161,1,-0.9392,-1.0
2015-10-05,1087.0233154296875,1110.4142098645186,1063.3919567827309,1063.3919567827309,4807306,1029.9975799560548,1032.967996826172,1037.4000069885894,82.47730850087987,6.156499548735383,-0.2148951944535879,0.0253534143001699,0,-0.836,0.0
2015-10-06,1082.3533935546875,1092.7760558629918,1075.9394475188078,1092.3751842357494,3979590,1031.8896942138672,1034.6628771972655,1041.6812818996464,78.35286636837232,8.906443347554841,1.609372513948098,-0.0042960641310201,0,-0.9559,-1.0
2015-10-07,1063.8934326171875,1089.168412970459,1061.0873307067004,1079.9283006771132,2065530,1034.0243377685547,1035.855869140625,1043.7967248251264,66.67793589447635,9.48687031346708,3.1848720738518947,-0.0170553915638157,0,-0.3818,-1.0
2015-10-08,1055.8155517578125,1073.674399624883,1050.2835045645436,1070.327082895928,2357550,1035.909423828125,1036.952255859375,1044.9413750091917,65.4505043830475,9.18911894682742,4.385721448447001,-0.0075927537587137,0,-0.891,-1.0
2015-10-09,1054.15185546875,1062.5501929209793,1045.4730253681955,1062.510066617485,2249724,1037.7002960205075,1037.9752770996097,1045.8185636243877,63.06431181913728,8.718402144243328,5.252257587606266,-0.0015757452012262,0,-0.7906,0.0
2015-10-12,1039.2998046875,1066.4588570346907,1037.0548844602606,1064.3141547127916,2455912,1038.5591583251953,1038.663572998047,1045.197729439922,56.08725277483906,7.065472938651965,5.614900657815406,-0.014089099880819,1,-0.5859,-1.0
2015-10-13,1041.684814453125,1047.0765173749896,1029.2778592134723,1043.3885185874449,6179712,1039.624459838867,1039.6088208007814,1044.8631661078462,56.87620122370532,5.880181913424622,5.667956908937249,0.0022948236445998,0,0.25,0.0
2015-10-14,995.6448364257812,1021.4209015126456,994.1616309856206,1021.4209015126456,8337128,1038.2554748535156,1039.3919470214844,1040.1757061381256,45.05730781601015,1.211819678790107,4.776729462907821,-0.0441976089010324,0,-0.9217,-1.0
2015-10-15,989.2506713867188,1003.581827906656,988.1482747313388,998.1700625075188,3215710,1036.5738098144532,1039.0564135742188,1035.3257028284677,42.7255782870627,-2.969614834980348,3.227460603330188,-0.0064221344852413,1,-0.9747,0.0
2015-10-16,990.9547729492188,998.9722063873191,990.1530296054088,994.5224916815492,2333828,1035.2659606933594,1038.7605737304686,1031.099899982825,36.53744989529966,-6.075886026424769,1.3667912773791964,0.0017226185554275,1,-0.8591,-1.0
2015-10-19,997.6690673828124,1000.1544514123308,984.4804325708488,998.1701568189666,3130642,1034.0312713623048,1038.2923608398437,1027.916011163776,37.076610408456304,-7.904720184262032,-0.4875110149490493,0.0067755811030718,1,-0.9509,-1.0
2015-10-20,1012.9024658203124,1014.2052987139172,1000.4153527723076,1000.6758802034057,2695084,1033.5402130126954,1037.919143066406,1026.4861497024938,42.98910179549252,-8.032285302262608,-1.9964658724117608,0.0152689894229776,1,0.6486,0.0
2015-10-21,1014.205322265625,1019.0157822921813,1011.0985668318074,1016.2096806100236,1929688,1033.1183135986328,1037.7423693847657,1025.3165470894587,43.42799560657469,-7.936761899904809,-3.184525077910371,0.0012862605130075,1,-0.5859,-1.0
2015-10-23,1019.2874755859376,1023.6464488731224,1015.3303454551722,1023.6464488731224,2335398,1033.4365692138672,1037.5064807128906,1024.742349803409,37.18859997642161,-7.366060258261541,-4.020832113980605,0.0050109708643213,0,-0.8442,-1.0
2015-10-26,1019.046142578125,1024.047847442118,1010.4287332704369,1024.047847442118,1414630,1033.6254791259769,1037.0084069824218,1024.1998538771916,24.41019311293049,-6.854237271748161,-4.587513145534117,-0.0002367663820002,0,-0.4939,-1.0
2015-10-27,1016.8566284179688,1022.4006299690536,1012.537870433796,1016.4347766263188,1530420,1032.7478515625,1035.9253662109377,1023.5004990715512,24.87472471279524,-6.549787488574793,-4.979968014142252,-0.0021485917748699,0,-0.9538,-1.0
2015-10-28,1016.0531005859376,1017.8408458356528,1008.39984036264,1008.39984036264,1255342,1031.5634765625,1035.1156860351562,1022.7912230253024,28.772341667867398,-6.300716089628622,-5.244117629239526,-0.0007902075962087,0,-0.8074,-1.0
2015-10-29,1002.4947509765624,1018.5845649928666,1000.3654821677068,1017.841395350566,3130316,1029.8104248046875,1033.4928637695311,1020.8582256873271,27.4378798412815,-7.11534939445437,-5.618363982282495,-0.0133441348700735,0,-0.765,0.0
2015-10-30,1002.4342041015624,1009.1433266525032,998.3364243103872,1004.3625999098464,1516696,1028.058331298828,1032.0167431640623,1019.1035569648734,27.815252338014616,-7.677338208554829,-6.030158827536962,-6.039620151732095e-05,1,-0.9413,-1.0
2015-11-02,1011.3328247070312,1013.5223153616284,999.3608039754632,1004.3625096571004,1319294,1025.6177215576172,1030.2684118652344,1018.3634872260312,37.35759704094313,-7.320290328470151,-6.2881851277236,0.0088770121460932,1,-0.8658,-1.0
2015-11-03,1021.81787109375,1023.5655003420125,1011.794357173772,1015.6109330694048,1364906,1022.3574493408204,1028.788319091797,1018.692476165814,41.632003537438784,-6.120715892101771,-6.254691280599234,0.0103675527290001,0,-0.9485,-1.0
2015-11-04,1017.9412231445312,1023.3245654442215,1012.3971240392948,1022.4407463015896,991434,1019.1368408203124,1027.6055029296874,1018.6209282590252,64.56431912453962,-5.420374892125778,-6.087828002904542,-0.0037938737018459,0,0.2321,-1.0
2015-11-05,997.3922119140624,1018.4034955971352,996.3276268682636,1016.7362930350852,1596098,1015.8117797851562,1026.0974975585937,1016.5991457499812,54.48819967981558,-6.4491413875423405,-6.160090679832102,-0.0201868347241019,1,-0.9571,0.0
2015-11-06,1006.6727905273438,1011.6946043082844,997.7138551256857,1001.148795368309,908024,1013.3546417236328,1025.5568005371094,1015.6537785859203,57.996884766158665,-6.441329477335785,-6.216338439332839,0.0093048436737552,0,0.5859,-1.0
2015-11-09,992.8523559570312,1005.4671073224404,991.7475574173702,1002.3535841652136,2021556,1010.2896667480468,1024.83189453125,1013.4822145260264,47.71464265463678,-7.464288379764866,-6.465928427419245,-0.0137288249969215,0,-0.4939,-1.0
2015-11-10,987.5493774414062,995.1223095019736,984.2751951069176,993.4952227262612,1361920,1007.702145385742,1023.9239709472656,1011.0124205179671,36.71940092551935,-8.603718417048071,-6.89348642534501,-0.0053411551917136,0,-0.8481,-1.0
2015-11-13,963.1434936523438,979.4744879366784,958.784618935431,979.4744879366784,2743232,1003.7750793457031,1022.5447583007812,1006.4534751021936,28.464851969137257,-11.345294293624876,-7.783847999000983,-0.0247135832866347,0,-0.8779,0.0
2015-11-16,953.9837646484376,960.1705987295148,946.5112680362917,960.1705987295148,2043528,1001.692025756836,1021.0128247070312,1001.4563598208834,23.37415874728633,-14.094652131213138,-9.046008825443415,-0.0095102433482382,1,-0.8271,-1.0
2015-11-17,960.3912353515624,963.5649806470396,954.1440828976154,956.3536797211676,1985028,1000.249053955078,1019.6635546875,997.54539558571,27.229944385261888,-15.576947336695866,-10.352196527693906,0.0067165406169003,0,0.0559,-1.0
2015-11-18,944.6832275390624,959.728557645534,942.4937369822204,959.728557645534,1520352,997.9354766845704,1018.2137878417968,992.5109033907912,24.64340685991749,-17.813835117068948,-11.844524245568914,-0.0163558425298934,1,-0.9135,0.0
2015-11-19,949.1425170898438,956.7957777284404,944.9040884033852,950.2674225258236,1866906,995.509149169922,1016.4170556640624,988.3805808859393,27.08111464428849,-19.00764905357164,-13.27714920716946,0.0047204072442335,1,-0.9313,-1.0
2015-11-20,963.5250854492188,973.6490390496232,948.9015097310636,950.7294689561164,2012126,993.0402801513673,1014.797335205078,986.0133908443468,36.72666508393145,-18.579034587080173,-14.337526283151604,0.0151532231465862,0,-0.9041,0.0
2015-11-23,960.5924072265624,969.5713491772998,957.05703159038,966.3172735085072,1088082,990.359634399414,1013.5851721191408,983.59234478551,36.02188423669429,-18.26544448337904,-15.123109923197092,-0.0030436968034818,0,0.3818,-1.0
2015-11-24,951.3119506835938,961.154702123595,950.3276951560466,956.1731038929902,998640,986.9608581542968,1012.2491345214844,980.5180215377086,29.999812888865748,-18.55192233737273,-15.80887240603222,-0.0096611804061238,0,-0.6486,0.0
2015-11-26,942.3129272460938,957.117170435126,939.2195106157188,955.3093180830836,2915292,983.1241973876952,1010.7287048339844,976.8794411289834,23.242327198926915,-19.28282369563124,-16.503662663952024,-0.0094595925458872,1,-0.6486,0.0
2015-11-27,945.4467163085938,947.8973021700236,937.0702931051582,943.297341140798,1737206,979.5537017822264,1009.1951879882812,973.8858482889464,25.47910454293589,-19.385731060271155,-17.08007634321585,0.0033256352235966,1,0.5753,-1.0
2015-11-30,953.5616455078124,960.6725107592928,944.1607558161116,950.1267069297344,4100048,976.4291290283204,1007.8588452148438,971.9502099288384,33.8129577485107,-18.59809169690004,-17.383679413952688,0.0085831692672249,0,0.6513,1.0
2015-12-01,948.8812866210938,955.369525923702,946.9328826098724,949.2830315408,1721994,973.7484558105468,1006.3759802246094,969.7531696138152,27.90635161823829,-18.14241322713781,-17.535426176589713,-0.0049082918852363,1,-0.5684,-1.0
2015-12-02,950.2070922851562,955.3896607504132,942.6944816832078,955.3494470243631,1640296,971.1371002197266,1004.9224426269532,967.8916384396572,31.97472591883228,-17.472886757944366,-17.522918292860645,0.001397230278177,0,0.5994,0.0
2015-12-03,944.4019165039062,953.3407414075376,942.8953729808222,948.11805719418,2283358,967.7905548095704,1003.4682458496094,965.6545220648236,31.839555267835976,-17.21229871183334,-17.460794376655183,-0.0061093795535551,0,-0.7906,0.0
2015-12-04,935.4227905273438,943.0158280240356,932.4901312087222,940.0830706231626,1246092,963.47080078125,1001.7294445800782,962.7753095374446,36.59130792140704,-17.52826628965647,-17.474288759255444,-0.009507737987024,0,-0.6486,1.0
2015-12-07,931.968017578125,941.6500126777572,930.1400583156992,936.949616061712,1382604,959.1721405029296,999.9143322753906,959.8412817317952,38.72876875330434,-17.851661336154734,-17.549763274635303,-0.0036932742971454,1,-0.7579,0.0
2015-12-08,935.6641845703124,943.6990852536128,930.9637872870386,931.8073930094148,1139964,956.0857391357422,998.1747497558594,957.5387010497492,36.97920416328123,-17.606744859405808,-17.561159591589405,0.0039659805084217,1,-0.8519,0.0
2015-12-09,951.1912841796876,953.260329287808,932.048178707666,939.2393732673802,5282806,953.3116638183594,996.9401281738282,956.9341851573622,53.43356097510723,-15.975583037166077,-17.244044280704742,0.0165947354461428,1,-0.9231,0.0
2015-12-10,957.9807739257812,960.6523381468498,944.903958455704,951.7336214207324,1723988,951.5680847167968,995.794384765625,957.033860278164,54.55104311368966,-13.973937606524489,-16.59002294586869,0.0071378805283617,1,-0.9413,-1.0
2015-12-11,958.5637817382812,960.9541453998364,949.424080969402,957.3585464720554,1652378,950.1188049316406,994.2774768066406,957.1795670838894,47.02209378832928,-12.199941986574231,-15.7120067540098,0.0006085798675383,0,0.786,0.0
2015-12-14,955.5302734375,958.9652124365808,936.3068360928536,938.1548040458443,2718532,949.7381439208984,992.593270263672,957.022491498519,46.96524621835831,-10.91301796660082,-14.752208996528005,-0.0031646389719421,0,-0.6586,-1.0
2015-12-15,954.4861450195312,958.1620734899373,949.3437880694564,955.5306234410411,1135868,949.7632629394532,990.9318774414064,956.7809346909964,52.11144547496359,-9.863671580116488,-13.7745015132457,-0.0010927214416897,1,-0.5719,-1.0
2015-12-16,967.5623168945312,970.0129998628456,957.7597811857628,957.7597811857628,1435934,950.1218170166017,989.5336022949218,957.807732996095,65.93151488917272,-7.886014158168678,-12.596804042230298,0.0136996979403325,1,-0.802,-1.0
2015-12-17,980.1573486328124,982.2665098502824,961.5164201532258,970.2141600361684,1618844,951.8955230712892,987.9338488769532,959.9362678186394,69.56525628225762,-5.241966476287871,-11.125836529041813,0.0130172822136209,0,-0.128,0.0
2015-12-18,970.937255859375,977.9275790522488,964.4490157929826,972.222820137318,3024970,952.9852600097656,985.6121276855469,960.9839809653762,59.673545614314186,-3.84618761370632,-9.669906745974714,-0.0094067475862913,1,-0.0258,-1.0
2015-12-21,982.8291015625,984.2754230496942,966.9401624848176,972.2029640607282,1610104,953.9504608154296,983.6216418457032,963.0644686412928,67.49500974774145,-1.7601602138423686,-8.087957439548246,0.0122478003922092,0,-0.8625,-1.0
2015-12-22,966.216796875,980.2577645000524,964.1879650820188,980.2577645000524,1560858,954.2316802978517,981.6681091308594,963.3646903778364,57.12759360735807,-1.4309475512555991,-6.756555461889717,-0.0169025364237687,1,-0.296,-1.0
2015-12-23,974.5530395507812,978.2490739302846,968.4264283074808,970.2141739390707,849834,955.3937347412108,980.0428588867188,964.4302474419264,63.12756374892244,-0.4917108921722501,-5.503586547946224,0.0086277145074924,1,-0.7631,0.0
2015-12-24,977.9473876953124,979.5342602145932,965.7946061495456,972.6242685058444,843160,957.1754577636718,978.51876953125,965.717594132725,69.461307995828,0.5205360390627902,-4.298762030544421,0.0034829793831392,1,-0.9274,0.0
2015-12-28,989.3775634765624,990.864000617908,972.3033980152992,975.4370291752364,3704198,959.3720001220704,977.5203247070312,967.9709245464238,74.48593994866431,2.219483856180773,-2.9951128531993825,0.0116879250612724,0,-0.6369,-1.0
2015-12-29,986.6053466796876,990.4219240097228,982.567789993038,987.6298160005196,1708524,961.024185180664,976.4187353515624,969.7456314162584,71.89969100817,3.304129565497533,-1.7352643694599994,-0.0028019806585601,0,-0.9432,-1.0
2015-12-30,971.5399169921876,987.8909182677615,969.1294470818148,985.5005552230964,1605762,962.1571166992188,975.9366369628906,969.9165157568232,58.78277417981573,2.9144686553840984,-0.8053177644911799,-0.0152699655826932,1,-0.8519,-1.0
2015-12-31,978.9921264648438,983.6724154492114,967.2008740837152,970.515269602382,1240318,963.5963684082031,975.7314660644532,970.7808596337774,59.01722821013329,3.1704436990639806,-0.0101654717801478,0.0076705129066931,0,-0.7871,-1.0
2016-01-01,970.7765502929688,979.8560262595664,969.10934782478,979.8560262595664,712262,964.9151000976562,975.327901611328,970.780449220367,54.91897823784676,2.6794899366799427,0.5277656099118704,-0.0083918715480802,0,-0.7871,-1.0
2016-01-04,951.9747314453124,969.8121653446848,950.5485174680616,968.2654082838744,1870184,965.7426971435548,974.4140148925782,968.9894284798856,48.729324863038215,0.7644438622163534,0.575101260372767,-0.0193678131615171,0,0.4588,-1.0
2016-01-05,943.6791381835938,958.8049001306016,940.4852842376066,958.16206873417,2678020,966.328253173828,973.0295483398436,966.5789246421436,46.32812039879652,-1.4064166997621896,0.1787976683457757,-0.008714089762786,1,-0.9477,-1.0
2016-01-06,956.795654296875,958.6235150519966,944.180806098766,944.180806098766,2653228,967.3848266601562,971.8813549804688,965.6471846092608,46.34283072419418,-2.04487406891667,-0.2659366791067134,0.013899338856349,0,-0.9393,-1.0
2016-01-07,952.6376953125,957.3179846617315,948.1180647074328,952.1355141341592,3199580,967.4571472167968,970.548359375,964.408185628617,40.083888942160094,-2.853475584028729,-0.7834444600911166,-0.0043457126563044,1,-0.9517,-1.0
2016-01-08,963.2238159179688,967.1408295243582,953.1399775547652,958.161789870649,1907544,967.7192993164062,969.4319128417968,964.2953885133172,47.24772340509865,-2.610000191910558,-1.1487556064550049,0.0111124309457397,0,-0.8316,-1.0
2016-01-11,949.0623168945312,957.7600567000262,943.6387595264732,957.1574392146864,2930228,967.2442260742188,968.076026611328,962.8446197877186,38.143519488874816,-3.5191917561729724,-1.6228428363985985,-0.0147021894490236,0,-0.0258,-1.0
2016-01-12,934.8804931640624,950.1266925678876,924.656105031738,949.2026596774812,3482594,966.2117370605469,966.4525744628908,960.1813696330846,38.80586666480605,-5.322730153895464,-2.3628202998979715,-0.0149429847524383,0,-0.9421,-1.0
2016-01-13,915.6571044921876,934.8605334331376,905.9751096863096,930.8430837836612,4746092,964.2702850341796,964.7158215332032,955.9409634291897,30.479247678530854,-8.20859061421072,-3.5319743627605216,-0.0205624021598889,0,0.9493,0.0
2016-01-14,915.496337890625,923.571351885449,903.9260646466962,913.1661977519736,2742052,961.6669860839844,962.9770642089844,952.0890943302788,28.847518258315475,-10.388871893337637,-4.903353868875945,-0.0001755751151537,0,-0.9382,-1.0
2016-01-15,908.3856811523438,920.6790196063844,905.9349973589494,919.5341051774926,3269408,958.078402709961,960.9181213378906,947.9268645038088,21.7407563420708,-12.545909650769204,-6.431865025254597,-0.0077669963756106,1,-0.8316,-1.0
2016-01-18,915.034423828125,920.7592898517106,907.9436640914696,908.7471540596924,2213922,955.2832611083984,958.782452392578,944.7942511061246,25.68560724502207,-13.562539137289605,-7.857999847661599,0.0073192948917324,1,-0.8316,-1.0
2016-01-19,915.697509765625,924.0136126631356,911.2783142268012,914.7734765365044,967910,951.9266815185548,956.737578125,942.02313288322,28.971158381132952,-14.151589125876626,-9.116717703304603,0.0007246568218994,1,-0.7184,-1.0
2016-01-20,916.0184936523438,917.987004231585,901.1137201275473,913.48748142029,1615954,949.416766357422,955.1101037597656,939.5465005755174,24.93976371832737,-14.42621830402402,-10.178617823448487,0.0003505348472563,0,-0.1027,0.0
2016-01-21,907.924560546875,922.1806886368512,904.4007903518052,920.2074166554046,2675536,946.0853424072266,953.1351391601562,936.5348872394562,24.96393261196937,-15.12265214370359,-11.167424687499508,-0.0088359931175588,1,-0.8672,-1.0
2016-01-22,924.5364379882812,927.073571693043,910.1393225976328,915.3746372851414,1343178,943.414794921875,951.7688208007812,935.3921777869634,38.87633265320164,-14.170789263298277,-11.768097602659264,0.0182965393417713,1,-0.9036,-1.0
2016-01-25,928.1204833984376,941.953833621862,922.8248010878568,927.0130130938372,1397560,940.3519409179688,950.5802429199218,934.6996354642469,43.44188530650746,-12.977630515010446,-12.0100041851295,0.0038765864306602,1,-0.9388,-1.0
2016-01-27,934.201171875,938.3088586247936,918.9583200219762,927.0529572825736,1626986,937.7317321777344,950.001396484375,934.6521627414612,39.87571504054768,-11.409857138420875,-11.889974775787776,0.0065516154263691,1,-0.7504,-1.0
2016-01-28,938.8125,945.9405609804376,929.4896541912713,932.4898718607292,3106660,936.095361328125,949.6979711914064,935.0483853375126,43.83018294377021,-9.683662566865792,-11.44871233400338,0.0049361189686207,1,-0.1779,-1.0
2016-01-29,963.0158081054688,966.5194213439528,940.36300916772,949.8872133044376,2235744,935.2965454101562,949.7504626464844,937.7119494106512,49.91723132969035,-6.29012756858026,-10.416995380918758,0.0257807689027029,1,-0.6616,-1.0
2016-02-01,967.60693359375,971.7347777985574,950.0082418673898,962.9354810951072,1495274,935.1380645751954,950.2089367675782,940.5590907614228,57.98746443779512,-3.1934490828972457,-8.972286121314456,0.0047674456116284,0,0.5423,-1.0
2016-02-02,965.7542114257812,979.8089740688276,958.3441708793072,970.1437807364596,1475588,935.8270385742188,950.5411706542968,942.95862606279,64.87794633839022,-0.8786793985915438,-7.353564776769874,-0.0019147466844698,1,-0.9325,-1.0
2016-02-03,973.083740234375,978.5606247512802,950.5316199049676,961.48548725822,1308692,937.2972686767578,950.73234375,945.827684555322,81.25674382757053,1.5295917906364591,-5.576933463288608,0.0075894349948242,1,-0.7717,0.0
2016-02-04,974.5936889648438,982.627860207162,967.324639433444,975.3386551950714,1250046,938.1871704101562,951.0123693847656,948.5673040228957,81.70051434502041,3.519434452540395,-3.757659880122808,0.0015517150971047,1,-0.9001,-1.0
2016-02-05,975.3590087890624,982.6079043121548,969.7814453921238,969.7814453921238,1402996,939.3232360839844,951.493310546875,951.1188949530068,88.5495105124074,5.0993716300090455,-1.9862535780964368,0.0007852706547191,0,0.3818,-1.0
2016-02-08,951.5987548828124,971.3721706384616,945.1754475808232,966.5194180630488,1063658,938.7419830322266,951.6790270996094,951.1645958987026,67.58269947134792,4.383696780746618,-0.7122635063278263,-0.0243605212974339,0,-0.8751,-1.0
2016-02-09,918.7571411132812,939.7790155166234,908.3671368130194,939.7790155166234,2489610,937.226724243164,951.1452355957032,948.0781716334244,51.12357006998863,1.1531823755699406,-0.339174329948273,-0.0345120394504672,0,-0.5859,-1.0
2016-02-10,913.6830444335938,922.180302006916,909.3739983512564,916.1798666039672,1890732,936.1668518066406,950.3476635742188,944.8024452334404,49.17129632437087,-1.7957603536526676,-0.630491534689152,-0.0055227833914184,0,-0.9829,-1.0
2016-02-11,885.1503295898438,921.817670757652,874.5588705459143,918.1932238215144,1962408,934.6415130615236,949.0730444335936,939.1212913626218,42.94253717087157,-6.361835068030359,-1.7767602413573935,-0.031228241585065,1,-0.9371,-1.0
2016-02-12,896.6884155273438,903.4539726932936,871.4783284361207,885.976119482193,2172568,933.7011169433594,948.0026708984376,935.0800650925954,41.09004587553692,-8.946327375528199,-3.2106736681915544,0.013035171034559,1,-0.6478,-1.0
2016-02-15,913.8238525390624,929.0063390228156,902.0847091561642,906.1118730363256,2479712,933.9730255126954,947.3911096191406,933.0556638970208,45.79080459109145,-9.502332614079933,-4.469005457369231,0.0191096892911695,0,-0.6478,-1.0
2016-02-16,912.3739013671876,918.9985646076868,903.2926294544442,912.5551040319976,1588702,933.8399993896484,946.9301318359376,931.0859722275128,43.3935006846324,-9.9453261837607,-5.564269602647524,-0.0015866856263886,1,0.0202,-1.0
2016-02-17,916.401123046875,918.0522009337276,904.661883565406,912.1524462931944,1585178,933.8751800537108,946.6187939453124,929.6874151626902,43.19263831705838,-9.85780401822194,-6.422976485762408,0.004414003593979,1,-0.9169,-1.0
2016-02-18,932.630615234375,934.2011695314284,917.38776341959,920.206777617982,1529140,934.7057861328124,946.5581225585936,929.9677199314222,40.30079307218149,-8.382232528631903,-6.814827694336307,0.0177100308798616,1,-0.8402,-1.0
2016-02-19,934.1613159179688,937.121321603202,928.442761122572,929.2079814855616,879012,936.0176239013672,946.2175231933594,930.367110025379,39.11113036407572,-7.008526805291695,-6.853567516527384,0.001641272180636,0,-0.8834,-1.0
2016-02-22,932.6505737304688,943.5642240146084,928.2610056993908,934.4024288390506,1324884,936.4233306884764,945.7109191894532,930.5845827591972,39.198415998699865,-5.972907432386819,-6.677435499699271,-0.001617217670821,0,-0.9001,-1.0
2016-02-23,911.7501220703124,934.2619342547792,908.8304275539656,930.3757595021816,1306852,935.6048126220704,944.7746459960938,928.790824598351,31.615287509833607,-6.760729908757071,-6.694094381510832,-0.0224097344159212,0,0.0258,-1.0
2016-02-24,890.385986328125,911.1258851537832,886.4595006281218,911.1258851537832,1659328,933.4140533447264,943.4717602539064,925.1332209535676,27.44358603524043,-9.005185926272816,-7.1563126904632295,-0.0234320075479406,1,0.2732,0.0
2016-02-25,891.151123046875,897.2522378498987,880.197157106976,893.9499826707136,1830556,931.0309844970704,942.2050598144532,921.8968306767398,27.44351486051768,-10.600003114269043,-7.845050775224393,0.0008593314927443,0,-0.7003,-1.0
2016-02-26,890.204833984375,908.8908404819138,885.8152634092274,897.9369712137201,1537536,927.3904357910156,940.65791015625,918.878545277467,31.264756259559647,-11.804193450428444,-8.636879310265204,-0.0010618727149942,0,0.1027,0.0
2016-02-29,876.6329956054688,900.8765009102,851.7451047943999,900.8765009102,2191718,922.8417388916016,938.5874230957032,914.8551595944195,35.43186287381715,-13.695780468238922,-9.648659541859947,-0.0152457477883617,1,-0.4939,-1.0
2016-03-01,916.8441772460938,920.2472092014604,870.6727851152764,883.1569924874195,1999760,920.3962371826173,937.5055615234374,915.04458984696,50.879492899120514,-11.81398622917186,-10.08172487932233,0.0458700298097405,1,-0.8505,0.0
2016-03-02,933.8389282226562,938.3291765854112,908.6288432063664,928.261266965396,1527486,918.4339965820312,936.5257580566406,916.8345268351216,64.47553990620557,-8.849307061069567,-9.835241315671778,0.0185361388536156,1,0.7717,0.0
2016-03-03,955.7061157226562,962.89464076251,926.6501749872588,940.7452450109676,2648284,917.489617919922,936.3155444335938,920.5365829196488,66.53115039297444,-4.681314897330594,-8.804456032003541,0.0234164445699636,0,-0.9207,1.0
2016-03-04,949.4238891601562,958.4648509686456,946.202158568665,958.4648509686456,1512966,916.1928619384764,935.8129614257812,923.287754942554,60.61728579339084,-1.8635919318958256,-7.416283211981998,-0.0065733874243858,0,-0.7717,-1.0
2016-03-08,948.1154174804688,953.2298970529844,927.9392827397794,943.202296145607,1268152,916.0186950683594,935.2163220214844,925.6522942318794,60.6684834036016,0.2608837837476585,-5.880849812836067,-0.0013781743798809,1,-0.9118,0.0
2016-03-09,949.30322265625,954.1961875305232,924.2944951846852,942.7590812337604,2017784,917.5459991455078,934.414835205078,927.904763605629,59.99028895906537,2.017139714200198,-4.301251907428815,0.0012528065189971,0,-0.8625,-1.0
2016-03-10,945.6990966796876,950.3504915254248,932.2684632121142,948.8201492908838,1661666,919.1468017578125,933.596710205078,929.5994619936346,54.29756903158682,3.082627733214281,-2.824475979300196,-0.0037966014341315,1,-0.9638,-1.0
2016-03-11,952.52490234375,962.834480832286,940.3427320463614,942.3563139136984,1530528,922.5155303955078,933.2164099121094,931.782837265074,55.83563272030571,4.4267908468602855,-1.374222614068099,0.0072177352056563,0,-0.2732,-1.0
2016-03-14,948.3973388671876,965.7141480269704,942.356591485868,951.2163543118032,1636742,925.1009765625,932.6045141601562,933.3651707509896,54.92218785951274,5.100198013587942,-0.079338488536891,-0.0043332866851105,0,0.8442,0.0
2016-03-15,938.288818359375,951.8201275349016,934.3422766426526,946.0008957315222,1623356,926.3242248535156,931.9547595214844,933.834089570836,58.89574945170061,4.763296602126502,0.8891885295957875,-0.0106585289662313,0,-0.8316,0.0
2016-03-16,937.1412353515624,939.134661903981,929.0264407521116,932.288482979295,1918246,927.5625915527344,931.6580895996094,934.149055835667,68.12942918324106,4.353514839223067,1.5820537915212434,-0.0012230594517999,1,0.4939,0.0
2016-03-17,947.208984375,951.1354686784516,939.1345021178644,939.9399347954956,2221088,929.1029846191408,931.7286865234375,935.3928585536988,70.27392978518444,4.785973324980546,2.222837698213104,0.0107430434641591,1,-0.2023,-1.0
2016-03-18,976.9296264648438,978.600860211093,950.4107119745596,950.4107119745596,3204070,931.317935180664,932.1313659667968,939.348741211903,75.96155005673212,7.441130501046132,3.2664962587797097,0.0313770694536374,1,-0.9517,-1.0
2016-03-21,985.1449584960938,988.6485713877177,974.5736533717104,976.9899516858552,2336982,933.8671173095704,932.7815112304688,943.7102857151592,83.55992787633873,10.091936763977174,4.631584359819202,0.0084093386142647,1,-0.9652,-1.0
2016-03-22,995.9580688476562,1000.7503551643276,981.2186077898932,983.433548213798,1951984,937.0324920654296,933.4361962890624,948.6862650611112,79.90601377123434,12.916355752848858,6.288538638425134,0.0109761616890062,1,-0.989,-1.0
2016-03-23,996.2398071289062,1001.9180491329868,989.5949868147447,1001.9180491329868,2278434,941.2569763183594,934.37974609375,953.2151738294727,76.9998415465061,15.004499544311216,8.03173081960235,0.0002828816694822,0,-0.9517,-1.0
2016-03-28,996.078857421875,1013.697702627987,991.3067263405744,1003.1667064782848,3320882,946.5416198730468,935.6037133789064,957.2974294097016,71.5088136882871,16.456678896670155,9.716720435015912,-0.0001615571932375,0,0.3182,-1.0
2016-03-29,994.4678344726562,1001.5355269255596,988.6687576658518,997.9312348252467,1838796,951.707455444336,937.1799279785156,960.8374679871256,75.25439180033015,17.278371101040193,11.229050568220767,-0.0016173648674648,1,0.0,-1.0
2016-03-30,1002.5623779296876,1008.80448150788,990.6822453131276,995.071814308087,2136504,957.3253326416016,938.9212487792968,964.8112689340364,78.36769349653221,18.370961097036,12.657432673983816,0.0081395729217563,1,-0.9201,0.0
2016-03-31,1014.9662475585938,1026.9269059760738,995.575392283498,998.0521573425171,4363964,964.2419952392578,941.052860107422,969.5879335649466,80.63139528460849,20.007105695668542,14.127367278320762,0.012372167460064,0,-0.9777,-1.0
2016-04-01,988.2258911132812,1015.1878370181292,980.252183786228,1008.8047417396216,3041400,967.8110809326172,942.516689453125,971.3629771409784,66.31644812548849,18.92785031496362,15.087463885649331,-0.0263460548659957,1,-0.5423,-1.0
2016-04-04,995.2125854492188,1001.9580829934876,985.4467158702026,989.0711623118992,1752352,970.8797637939454,944.1069909667968,973.63436840843,66.35798181196463,18.423921000013596,15.754755308522189,0.0070699365385646,0,-0.7569,-1.0
2016-04-05,991.7896728515624,1000.7098005134048,983.4534642226732,995.0315590737472,1491794,972.6839416503906,945.6224145507812,975.3634450220616,66.7182915897308,17.546092514698216,16.113022749757395,-0.003439378327507,1,-0.5859,-1.0
2016-04-06,999.501708984375,1002.36103450942,990.4205335908242,994.7094235589664,1763150,975.1878326416016,947.4539575195312,977.6623273041868,74.02794481952296,17.273584845747337,16.345135168955384,0.0077758786403161,0,0.0651,0.0
2016-04-07,995.0317993164062,1000.629518502944,989.4742927821902,998.7367708994024,2390942,977.5336517333984,948.8638647460938,979.316562733922,72.14620508143491,16.506657725953573,16.377439680355025,-0.0044721380942017,0,0.7964,0.0
2016-04-08,979.4266967773438,996.199799902131,977.3929587608592,993.098902473951,1399500,979.0398254394532,949.889989013672,979.3270516904382,61.8240359979517,14.472827355751631,15.996517215434348,-0.0156830189244034,1,0.128,-1.0
2016-04-11,1009.4688110351562,1013.6369642205624,971.7544674867768,979.8087937817356,2400648,982.2283111572266,951.395341796875,982.1976954375542,61.91390519506174,15.110959942618363,15.819405760871152,0.030673162531368,1,-0.7579,-1.0
2016-04-12,1014.1001586914062,1016.8588050745263,1001.998610775662,1005.9854633965016,1303628,985.3070739746094,952.9010949707032,985.2360252712544,60.8874021537871,15.808168934051082,15.81715839550714,0.0045879056446536,1,-0.9022,0.0
2016-04-13,1017.342041015625,1024.9131281883272,1011.8248465906372,1018.8723828355472,1601468,988.7543090820312,953.9876196289064,988.2937410564324,58.526000096367845,16.43287691691694,15.9403020997891,0.0031968068404624,0,-0.91,-1.0
2016-04-18,1014.74462890625,1028.33630713845,982.6279966390516,987.863309735899,7121504,992.577099609375,954.9303735351564,990.8128732326056,57.24428417345776,16.527850274631987,16.057811734757678,-0.0025531355283243,0,-0.9372,-1.0
2016-04-20,986.796142578125,1020.8457345940424,982.6279886264656,1020.8457345940424,6405024,995.0598449707032,955.3512121582032,990.4303274559884,47.01535183948116,14.184399149519663,15.683129217710077,-0.0275423840954442,0,0.128,-1.0
2016-04-21,976.3455810546876,993.6623859039062,971.4324607380978,987.0578764054652,2525724,996.5166748046876,955.4164489746094,989.0889230368168,44.48659599318894,11.353053341371036,14.817114042442268,-0.0105903955969406,0,-0.4939,-1.0
2016-04-22,973.3856201171876,980.7754065024658,968.2106754437168,974.1708973734668,1964126,996.3394744873046,955.3922875976564,987.5933703778046,40.83717328467265,8.769260700754444,13.607543374104704,-0.0030316734104562,1,-0.5106,0.0
2016-04-25,987.1586303710938,989.4944052848144,967.4456811592386,967.4456811592386,2267654,996.4401580810548,955.6282800292968,987.5519665676416,41.34160302732222,7.74368881510452,12.434772462304668,0.0141495928943844,1,-0.9682,-1.0
2016-04-26,1002.6834106445312,1004.173441806664,983.4335451742024,986.2525602504594,2554368,996.7764251708984,956.6499731445311,988.9930564797264,54.83962183967415,8.090374922916567,11.56589295442705,0.0157267330657904,1,-0.6249,-1.0
2016-04-27,1011.260986328125,1012.6704934423384,997.0852932667908,998.7364694997776,1848670,997.5274841308594,958.500050048828,991.1138117033834,55.31555047728098,8.954048139717997,11.04352399148524,0.0085546201248907,1,-0.8807,-1.0
2016-04-28,1017.9663696289062,1022.8996454781612,1006.0258678195032,1007.3145406223608,4992744,998.621859741211,960.5857165527344,993.6711981724808,58.48572709562615,10.063577126850191,10.847534618558232,0.0066307149108246,1,-0.9769,-1.0
2016-04-29,1021.08740234375,1023.7050588672106,1010.8181344440198,1013.6371491615928,2372178,999.9528381347656,963.3044580078124,996.2822652364111,57.21212867713336,11.067152850410253,10.891458264928636,0.0030659487464026,0,-0.7579,-1.0
2016-05-02,1017.5432739257812,1018.8722574036684,1006.790768185443,1018.469541096394,1116692,1000.7018829345704,965.7215551757812,998.3071232068276,57.56826723640505,11.444586231818448,11.0020838583066,-0.0034709354065418,0,-0.5994,-1.0
2016-05-03,997.9712524414062,1018.8721880382232,995.5146438065168,1016.858606638938,2153118,999.8521331787108,967.4045031738282,998.2751355148828,56.07262834236999,10.04857265175417,10.811381616996114,-0.0192345839099935,0,-0.4019,-1.0
2016-05-04,997.9312133789062,1004.3948310955492,989.4741691977292,996.2800368538564,1364892,1000.337399291992,969.1156494140624,998.242381025742,45.297978124623775,8.837122170629755,10.416529727722844,-4.01204567787028e-05,0,-0.9136,-1.0
2016-05-05,994.8307495117188,1002.7440906808364,992.112412699804,997.9316473962303,1246566,1000.3183074951172,970.6842419433592,997.9174637386922,42.04773525061559,7.5399416598803555,9.841212114154343,-0.0031068913624713,1,-0.9325,-1.0
2016-05-06,996.078857421875,1000.4685258477527,979.0037187670454,992.696078470081,885598,1000.5327667236328,971.9532067871094,997.7423583751856,41.07810728111428,6.537271045603461,9.180423900444168,0.0012545932167544,1,0.6249,0.0
2016-05-09,1011.844970703125,1014.039755116041,989.2323889752672,996.078566829506,1821276,1001.1499298095704,973.5068798828124,999.08546431118,48.904397446269165,6.934899731547716,8.731319066664879,0.0158281778232469,1,-0.7077,0.0
2016-05-10,1016.0131225585938,1020.4631582511944,1005.1800911920284,1012.8317024631216,1158534,1002.1989959716796,975.174130859375,1000.6976222395052,63.457679343043765,7.4999041237460915,8.485036078081123,0.0041193581785283,0,-0.891,-1.0
2016-05-11,1014.16064453125,1017.1004936680064,1002.763751705412,1006.7909153668794,1598716,1003.935693359375,977.2223413085936,1001.9798148387188,68.91637569811078,7.709326364754588,8.329894135415817,-0.0018232815956931,1,0.5232,-1.0
2016-05-12,1033.4508056640625,1034.9408366796683,1015.0668413380986,1015.0668413380986,1513082,1005.1347930908204,980.0836376953124,1004.97705206018,75.82705748724008,9.324364320700395,8.528788172472733,0.0190208141450101,0,-0.5719,-1.0
2016-05-13,1016.21435546875,1033.370110584078,1010.8783640559524,1032.9673942510367,1621730,1005.2405029296876,982.58490234375,1006.0472714324248,62.13214212717764,9.108459406550992,8.644722419288385,-0.0166785396081209,1,-0.1779,0.0
2016-05-16,1027.3900146484375,1032.887153089284,1015.8522278795848,1022.0943327486168,1111526,1005.742901611328,985.3286059570312,1008.0799136434736,60.70497499043993,9.72700860317218,8.861179656065143,0.0109973443295163,1,-0.3818,-1.0
2016-05-17,1035.0614013671875,1043.5385990377238,1027.7319844647452,1032.6451035980697,1756698,1006.758740234375,988.4971740722656,1010.6495791409702,60.39395894084219,10.712740292012882,9.231491783254691,0.0074668690656634,0,-0.4588,0.0
2016-05-18,1027.369873046875,1033.309940095347,1017.2818073108372,1033.309940095347,1500740,1008.7874267578125,990.7076879882812,1012.2419880843896,54.07156603084482,10.749385478036857,9.535070522211123,-0.0074309874855278,1,-0.8442,-1.0
2016-05-19,1029.7257080078125,1030.954012725924,1017.3019657133044,1028.9404306698186,1038792,1011.4564331054688,992.6254235839843,1013.9071042675728,53.76519726515736,10.843525828893462,9.796761583547593,0.0022930738215545,0,-0.984,-1.0
2016-05-20,1018.5906982421876,1033.2898481129455,1015.9730414158882,1023.8260118947862,1230918,1013.7166870117188,993.883115234375,1014.3531608365838,50.42820733808797,9.90544668283212,9.8184986034045,-0.0108135687776189,0,-0.6249,-1.0
2016-05-23,1003.3478393554688,1025.27572951261,998.8172794750908,1024.510607616145,1533016,1014.5261474609376,994.9615942382812,1013.3050349812396,52.27871218744989,7.841647250563483,9.423128332836296,-0.0149646554921657,0,-0.991,0.0
2016-05-24,993.78369140625,1002.0595368441424,990.5217460782594,1000.3479913677684,1339158,1014.0811614990234,995.8749597167968,1011.4458594026692,48.37349977237183,5.372394898842003,8.612981646037436,-0.0095322355558792,1,-0.9062,-1.0
2016-05-25,1017.4428100585938,1020.060466609563,999.1393696853188,999.1393696853188,1548678,1014.3902526855468,997.2377514648438,1012.0169975603762,57.63626829628249,5.26390870495834,7.943167057821617,0.023807111001052,1,-0.9062,-1.0
2016-05-26,1026.4034423828125,1032.927429500873,1008.84506336874,1018.8726640946984,1943248,1014.8121063232422,998.8518383789062,1013.387135162513,59.73379861825112,5.83373311219566,7.521280268696426,0.0088070132646598,1,-0.6369,-1.0
2016-05-27,1036.04833984375,1038.9479766708482,1027.1685215989312,1028.1953697958054,1104676,1015.5601531982422,1000.5223071289064,1015.5453451321546,58.08674961396307,6.983088976719159,7.413642010300973,0.0093967898612525,1,-0.9468,-1.0
2016-05-30,1061.7213134765625,1063.956408814875,1039.8135840315506,1040.2163003692854,1349464,1017.7690551757812,1002.7887866210938,1019.9430564030506,63.35300996051242,9.851988602234314,7.901311328687642,0.0247797063568331,0,-0.9468,-1.0
2016-05-31,1034.7393798828125,1065.9902088621511,1031.7593181355614,1063.1711943317262,3722608,1019.6074615478516,1004.7177978515624,1021.3522300677898,55.24211929870823,9.835023650618268,8.288053793073768,-0.0254133860282024,1,-0.296,-1.0
2016-06-01,1060.5736083984375,1065.1846907037634,1035.3836823438094,1035.4642059457638,1911942,1022.7395812988282,1007.1864453125,1025.0875994326134,56.686202571565445,11.77050211825508,8.984543458110032,0.0249668940970921,1,-0.9549,-1.0
2016-06-02,1067.2589111328125,1068.930243314452,1047.062721429931,1047.062721429931,1408756,1026.3609893798828,1009.5874438476562,1029.1039148326324,63.273805631440375,13.686066353837989,9.924848037255623,0.0063034783078097,0,0.4576,0.0
2016-06-03,1058.962890625,1070.4201521228504,1055.3182876741644,1067.7621846521097,1554922,1029.505191040039,1011.2281091308594,1031.9476268128578,58.33515411551557,14.3691071662347,10.81369986305144,-0.0077732033167161,1,-0.8807,0.0
2016-06-06,1063.01171875,1073.7944213516746,1059.2275806105763,1066.2668742523924,1322026,1032.063528442383,1012.7854443359377,1034.9061117592523,57.522694343416426,15.063486033027177,11.663657097046588,0.0038233899986905,1,-0.9846,-1.0
2016-06-07,1070.599609375,1073.7937685055194,1063.2145195547262,1063.6214137451414,1202194,1034.7928527832032,1014.2782751464844,1038.3054924845617,61.64157143364326,16.041153217459623,12.539156321129196,0.0071381062796962,0,-0.7964,0.0
2016-06-08,1063.255859375,1069.5423583595923,1060.163422015988,1064.9444314992688,938266,1037.2476135253903,1015.6185961914064,1040.681717902699,58.79329033778164,16.038500405064042,13.239025137916164,-0.0068594738272762,0,-0.8316,-1.0
2016-06-09,1048.6683349609375,1067.0395728751753,1039.6962957756054,1067.0395728751753,1562138,1038.0084899902345,1016.6703857421876,1041.4423480987214,57.747570983869416,14.689969896167211,13.529214089566375,-0.013719674606484,0,-0.7964,0.0
2016-06-10,1039.920166015625,1059.2476463582807,1038.88256562408,1044.0908328264086,1396832,1039.193780517578,1017.5794323730468,1041.2973783765217,59.746620813815454,12.76816220385922,13.377003712424946,-0.0083421694483016,0,-0.91,-1.0
2016-06-13,1036.3594970703125,1038.9433149004574,1024.5595656156447,1033.5112377536686,1029978,1039.6422546386718,1018.2553747558594,1040.8271039664064,61.72164286698504,10.832924327309684,12.868187835401894,-0.0034239829764576,0,-0.9531,-1.0
2016-06-14,1031.4161376953125,1041.222231497503,1024.6616520451332,1041.222231497503,977570,1039.459991455078,1018.5843725585936,1039.9308214643977,54.28902866396567,8.798918128277364,12.054333893976988,-0.004769927220211,1,-0.8225,-1.0
2016-06-15,1040.36767578125,1043.6430952518338,1026.1873704389002,1029.442524667097,1270844,1040.109881591797,1019.6272082519532,1039.972426637431,54.286476549625256,7.819133766907726,11.207293868563138,0.0086788811603621,1,-0.4201,-1.0
2016-06-16,1040.9581298828125,1043.5622147235388,1023.9295567834145,1035.7702254530386,1145070,1040.6715026855468,1020.542119140625,1040.066303136991,51.59582192308028,7.009491260923369,10.367733347035184,0.0005675436822074,1,-0.9678,0.0
2016-06-17,1058.9837646484375,1061.9947444947352,1041.2431230505852,1041.2431230505852,1878988,1042.6911560058593,1021.8860009765624,1041.867966138081,49.063671662978585,7.733218096387873,9.840830296905722,0.0173163879008795,1,-0.9657,-1.0
2016-06-20,1082.05419921875,1085.5941603083886,1054.588829720693,1058.983308708271,1872838,1046.6264739990231,1023.53705078125,1045.6952264314782,66.62808545980418,10.05248925119122,9.88316208776282,0.0217854468977354,0,-0.7096,-1.0
2016-06-21,1078.7584228515625,1084.3735854885874,1074.7708378287791,1083.7632438832468,1027690,1050.875210571289,1025.211583251953,1048.84410228101,57.5937533133783,11.49211281895441,10.20495223400114,-0.0030458514643416,1,-0.9617,-1.0
2016-06-22,1085.45166015625,1089.5409681930937,1070.8441929004327,1078.2700146997802,1761712,1054.275653076172,1027.3320825195312,1052.3305363643665,57.59656328591948,13.02299223317209,10.76856023383533,0.0062045747805099,0,-0.9623,-1.0
2016-06-23,1076.3779296875,1082.1354445826134,1068.2196786995223,1080.3044201416951,1397014,1056.7743774414062,1028.6702648925782,1054.6207642999027,57.22489841062768,13.350158662950207,11.284879919658309,-0.008359405399448,0,-0.7367,-1.0
2016-06-24,1047.32568359375,1055.1583997660289,1022.9933817984718,1043.7449934756771,3766586,1057.3382446289063,1029.334775390625,1053.9259947088406,44.61051423663072,11.136788984637406,11.255261732654128,-0.0269907485953233,0,-0.4215,-1.0
2016-06-27,1015.5473022460938,1036.3599084936109,1010.1762173594976,1036.3599084936109,4272566,1055.0295440673829,1029.2988806152343,1050.27088114096,33.78094510950659,6.740724895722906,10.352354365267884,-0.0303424062308996,0,-0.7717,-1.0
2016-06-28,1002.5670166015624,1018.415526967851,1000.308733760647,1015.5470021222836,4499524,1053.4209259033205,1029.0553283691406,1045.7276559467316,32.69508290758164,2.1842333798219897,8.718730168178707,-0.0127815667628901,1,0.8834,-1.0
2016-06-29,1018.4160766601562,1022.3223031063188,1003.116904981528,1007.063761268911,2531264,1051.3130493164062,1029.6877270507812,1043.126553157534,41.43543725573477,-0.1462464456806174,6.945734845406843,0.015808479429453,1,-0.3716,0.0
2016-06-30,1038.842041015625,1042.8295263133862,1017.3783633032316,1026.18758655273,5121812,1049.8922058105468,1030.93765625,1042.718504382114,49.713707424028094,-0.3410326686930602,5.488381342586862,0.0200566004637856,0,-0.9282,0.0
2016-07-01,1017.5817260742188,1043.5212396412364,1014.9369129262092,1042.463274646258,2197296,1047.8231475830078,1031.8215783691403,1040.3245254956478,45.44207657186913,-2.185736084684549,3.95355785713258,-0.0204653971460579,0,-0.8689,-1.0
