Date,Close,High,Low,Open,Volume
2014-01-01,148.04991149902344,149.0849060738597,147.57135641740393,148.68426257439793,4492436
2014-01-02,146.23587036132812,150.18668725465167,145.46796238895,148.01652022874157,7228992
2014-01-03,147.59361267089844,148.23910369165603,144.6778039032679,145.1229663768164,6513184
2014-01-06,147.28199768066406,147.57135055292758,146.23586321760698,147.57135055292758,5963420
2014-01-07,147.88296508789062,149.34086933310485,145.41230544341036,148.48392350182434,7896920
2014-01-08,147.94973754882812,148.45054528671213,146.90360311263683,148.0610281572468,4649480
2014-01-09,147.5602264404297,148.25022280666838,146.2581181176323,147.61587174690956,3777472
2014-01-10,147.35989379882812,150.17555166240285,146.0800517854359,147.56022233068828,6150508
2014-01-13,149.76377868652344,150.67636990211113,146.21361885292103,146.92586793741427,4752580
2014-01-14,149.64134216308594,150.46489534281685,148.75101733857224,148.91795324316854,3577120
2014-01-15,151.4776611328125,151.95621623598254,149.0403938221834,149.79717547713116,4627840
2014-01-16,149.80828857421875,152.4681368910529,149.20731655846816,152.3345935921215,4501176
2014-01-17,148.01651000976562,150.2423221903636,146.69214904525396,150.2423221903636,43374856
2014-01-20,149.1405487060547,150.62071930241382,148.3281353771923,148.7065125955578,5600368
2014-01-21,150.48715209960938,151.08812408946662,149.12941213961406,149.78602943250849,6251924
2014-01-22,150.7097625732422,152.401388265182,150.16444936582434,150.35363799877155,7033336
2014-01-23,151.24395751953125,151.60008208104975,149.74153410046304,150.24234190681912,5482740
2014-01-24,149.88619995117188,150.2311981273465,147.7271593861571,149.12941836416724,8842900
2014-01-27,144.499755859375,147.99428433788302,143.69845517691758,147.99428433788302,17060448
2014-01-28,143.44248962402344,146.01330035064078,142.1403811572277,144.23265034636466,18395424
2014-01-29,143.66505432128906,144.87812471398692,142.57440088522384,144.12134311525435,10970924
2014-01-30,140.62681579589844,142.42973187671964,139.70311185965144,141.8955315004882,11425460
2014-01-31,139.8922882080078,141.62841890069345,139.13550667221418,140.22616001757348,9620984
2014-02-03,139.44712829589844,141.11648737366258,139.13550916727087,140.21503618872572,4776820
2014-02-04,140.35972595214844,141.4503794734677,137.2881075256423,138.3676347019034,7409304
2014-02-05,141.88441467285156,142.40747515464813,139.13552819765127,140.4487629525561,6905384
2014-02-06,144.0100555419922,144.58876130480314,140.11488402424123,142.1737603979096,13466944
2014-02-07,144.17697143554688,145.6793945265387,142.91938222897576,145.21197944345252,4029468
2014-02-10,143.32008361816406,144.7112165404351,141.56168617030048,144.15476337152668,6280820
2014-02-11,143.5203857421875,144.0434598252409,142.2961888803298,143.78748595637632,4464856
2014-02-12,143.66505432128906,145.30102089010703,143.26441083354587,143.92101457874284,6436960
2014-02-13,140.78265380859375,144.23266350666995,140.50442722003922,143.7875009649827,3155200
2014-02-14,142.8526153564453,143.30890411188986,140.08147662347326,141.11648466593903,4249112
2014-02-17,144.76683044433594,145.1229549610488,142.69681423694402,142.89714276839467,3650120
2014-02-18,146.99269104003906,147.88301621027483,144.0991342367728,144.34396822447405,5019672
2014-02-19,149.1405487060547,149.63023012340298,145.79070395065668,146.05780414059936,4060948
2014-02-20,147.5157012939453,148.56183572896654,147.0927915483157,148.194571287484,3448436
2014-02-21,147.88296508789062,149.04037654085872,146.83683065745012,146.8702096886246,3043872
2014-02-24,149.3520050048828,149.79716746391375,145.95764125477183,147.37102662808303,5018984
2014-02-25,149.374267578125,150.46492110903367,148.23910866659233,150.0197586205454,4020560
2014-02-26,150.7765350341797,151.1771785428102,148.8066829400521,149.12942845002243,4551340
2014-02-28,149.0403594970703,152.0007001944214,148.04988406908018,151.80037168916624,4903584
2014-03-03,148.2836151123047,149.5745835028627,147.61587143595264,148.061033886854,3678432
2014-03-04,149.50779724121094,149.98633867799518,147.84956455660281,148.23908166307487,6443868
2014-03-05,149.07379150390625,150.24234306104773,147.46007744880612,149.90847118757875,4006984
2014-03-06,150.37586975097656,150.84329847332367,148.7065105681936,149.79716400172373,4948680
2014-03-07,158.3554229736328,159.12333095442523,150.50943440937064,151.26620246014534,22767568
2014-03-10,163.47482299804688,164.02014984838476,155.80689522321896,157.253673536006,26123852
2014-03-11,161.40478515625,164.71011100376757,160.1583221109993,163.48591423279362,13000472
2014-03-12,161.4938201904297,163.1520531888735,159.47946263278018,160.5367235504434,7110216
2014-03-13,165.23316955566406,166.8246307736744,161.92784374629503,161.92784374629503,11448452
2014-03-14,162.96282958984375,164.6878338747675,161.14878739158684,163.5971805701883,12208480
2014-03-18,163.37461853027344,165.7784930340989,162.10590283553006,163.6862376782033,8102724
2014-03-19,164.3651123046875,165.44462583800723,163.76414026555602,164.71011049474885,6055136
2014-03-20,162.52880859375,164.36510364782112,162.03912719560847,164.36510364782112,5195084
2014-03-21,163.34124755859375,164.1536745685371,162.75141538758422,163.63061405656694,7525592
2014-03-24,167.0806121826172,167.58141996944747,163.37462912596098,163.4859197452566,11713860
2014-03-25,166.9693145751953,169.28415120849337,166.43511419082185,166.93592195669194,8031092
2014-03-26,166.05670166015625,168.33815896176662,165.62266560279423,167.55912476121674,9409312
2014-03-27,166.2125244140625,169.3286614636733,165.1552636293731,166.93591337200786,24554932
2014-03-28,165.81190490722656,167.84851519359054,163.60834509807853,166.9248111572445,12160900
2014-03-31,166.6688232421875,167.6036671304893,165.40010750701222,166.47963462973797,8262428
2014-04-01,164.28721618652344,167.7260992369205,163.05189295859324,167.2698103887115,8051832
2014-04-02,162.90721130371094,166.0456012825805,160.68139895407847,165.81189370292518,10398752
2014-04-03,162.21722412109375,164.264974487589,161.6496446092297,163.81981195510232,5559704
2014-04-04,161.4715576171875,163.1520432032481,160.2696135291906,161.49381030629547,7422408
2014-04-07,161.4492645263672,162.92943490876155,160.94845683709846,161.3713665421477,11733156
2014-04-09,165.1218719482422,165.8007555346921,160.64799487863314,162.05025384184796,10520384
2014-04-10,164.57655334472656,166.6354295526968,163.8197717909286,165.74510470600697,7494792
2014-04-11,164.29833984375,165.77849686744352,163.3523696192144,163.3857486524417,5207952
2014-04-15,161.1376953125,164.44302137233373,159.83558687583738,163.44140576810761,8371868
2014-04-16,161.5828399658203,162.88493467346103,160.5033128937124,160.97074160858622,3572392
2014-04-17,159.96913146972656,160.54783722909852,157.4317000334155,159.42380474342602,12302328
2014-04-21,159.46835327148438,161.7052923131996,158.70044517455102,160.85948620604393,6987752
2014-04-22,161.93898010253906,162.39526893215344,159.6797886445826,160.68140423483507,11395824
2014-04-23,163.15208435058594,164.5877363774125,160.83723351777383,161.34918134917453,21025344
2014-04-24,163.15208435058594,163.15208435058594,163.15208435058594,163.15208435058594,0
2014-04-25,161.6829833984375,164.26491979305186,161.37136429534226,163.18540644532519,6212444
2014-04-28,161.4159393310547,162.31739075532013,160.38093099394234,160.75932186908463,4882860
2014-04-29,159.32366943359375,161.92787299468853,158.58915396387022,161.6830390332082,6641236
2014-04-30,160.5478515625,162.46205844762716,158.39995066916893,159.36817366444237,8786920
2014-05-02,159.61300659179688,161.9389833371208,159.26800837643063,161.0375320049441,5915292
2014-05-05,159.52398681640625,160.94849868510036,158.92301471597023,160.22510961251365,5192324
2014-05-06,160.302978515625,161.2823276173237,158.94522508207658,160.302978515625,6184560
2014-05-07,159.27914428710938,161.81657608626122,158.35544020890032,159.9246353754865,6598624
2014-05-08,159.88011169433594,160.92624630298846,159.25688690150517,159.62415140394413,7520428
2014-05-09,168.44949340820312,169.16175615115912,160.2585058274139,160.2585058274139,16376444
2014-05-12,176.31771850585938,176.91867693043855,167.9375301554422,168.07107345306434,17561360
2014-05-13,175.4274139404297,178.0649962634699,174.1698244702065,178.0649962634699,12665216
2014-05-14,172.6006622314453,176.90760471351396,172.333561969199,174.72631081152238,8501500
2014-05-15,175.47189331054688,176.09513157330943,170.50833499252198,171.1649522859674,9466188
2014-05-16,179.11111450195312,190.08436617907566,175.3161073321786,178.06498002723714,32868368
2014-05-19,180.71372985839844,185.8553515140763,179.84565751302233,181.60405489559162,10522804
2014-05-20,181.63743591308594,182.87275919859957,179.03323243385483,181.62630956705615,6357032
2014-05-21,180.17953491210938,181.29244124263508,179.17791921463626,180.81388608639608,3642388
2014-05-22,178.6436767578125,181.40368924298306,177.61980860846685,180.73594560159785,7806456
2014-05-23,175.7612762451172,178.7327302744723,174.2143339571924,177.8424053415982,9818936
2014-05-26,177.43063354492188,178.96643588608845,175.83917231078183,177.84240338774012,17395232
2014-05-27,179.15562438964844,180.43546636876926,175.47189443369479,178.06497100811208,7619524
2014-05-28,183.28451538085938,184.0190307180757,177.95369223961478,178.04273016515376,14355564
2014-05-29,180.346435546875,184.90935060853616,179.71208449680472,183.0953082108858,13684008
2014-05-30,176.4512939453125,183.13985809430042,162.48431987395537,181.40372698256664,32807544
2014-06-02,182.38304138183594,183.03964505601718,176.61818284661882,176.61818284661882,8083132
2014-06-03,183.48486328125,184.26389772111628,181.18115258604413,183.18438400284313,3624148
2014-06-04,181.78208923339844,184.67564515933506,181.42595112211524,183.05080493336507,2864340
2014-06-05,180.79444885253906,183.02786737110986,179.79558176933827,182.21978912057244,7674472
2014-06-06,182.99420166015625,184.28486913583353,179.79559095956475,182.489157865326,10565276
2014-06-09,183.9369354248047,186.30502669883043,182.93806838499614,184.4868746894353,9339920
2014-06-10,183.3084716796875,184.86848501401505,181.8157810833099,184.31855935237255,4999344
2014-06-11,184.17262268066406,186.27135458275094,181.8157518236903,183.3869990616728,7743772
2014-06-12,188.5160369873047,189.66081131634834,182.45551052827116,185.0705209434494,12732048
2014-06-13,187.5171356201172,192.14108618610945,186.67539604862432,189.4475195573322,12212884
2014-06-16,188.3251953125,189.17815531642844,186.3723568165402,186.52948427257152,5309880
2014-06-17,190.0198974609375,190.5249411978133,185.71018816622652,187.65180623473535,6988120
2014-06-18,187.3936767578125,191.1085651702449,186.0244524820623,190.14335946418385,5374628
2014-06-19,185.35105895996094,188.5384489688227,184.55421488279268,187.89871865602296,4720996
2014-06-20,184.4980926513672,186.6978359799846,183.91447833140697,185.4071686437839,2969768
2014-06-23,184.3858642578125,185.5306246110083,183.0054058611453,184.9582444344104,5840844
2014-06-24,186.08056640625,186.92230600097068,185.18271083854796,185.2612677206464,5066224
2014-06-25,184.98068237304688,187.0233119491402,184.73377757932238,186.08056089095777,6330624
2014-06-26,182.35447692871094,185.5418533326298,181.51273730791775,184.06039708010945,21808264
2014-06-27,183.2074432373047,184.5093311550518,182.7136199029345,183.5778004629401,5142960
2014-06-30,184.4082794189453,186.91105691055017,184.0379222741223,184.0379222741223,6176100
2014-07-01,184.80113220214844,185.84489485152002,182.93808451097036,184.73379576997374,7641372
2014-07-02,188.5272216796875,188.99859035608225,185.29493626953192,186.48459211487105,7626724
2014-07-03,187.8313751220703,189.73931813333695,186.60804421598525,188.77412617355736,6062740
2014-07-04,192.28700256347656,192.80326678578257,187.44979463006055,187.83138599443944,5631988
2014-07-07,188.65066528320312,193.19605872302597,187.6181232446617,193.01649036420628,8131968
2014-07-08,186.13668823242188,190.42394322293922,184.06039716682054,189.4475307424348,6732272
2014-07-09,186.3723907470703,187.39369884692906,183.6114872605741,185.8561264691386,5795552
2014-07-10,184.81234741210938,190.3453880519499,182.32080359103338,186.3723742641296,9857544
2014-07-11,182.2197723388672,186.6304929954642,181.54638070886386,184.30728365184,9198780
2014-07-14,183.4879913330078,184.0603714554232,181.17601623647104,182.93805211728036,4921608
2014-07-15,185.58673095703125,186.03565871149922,183.27475576155862,184.22872723980313,6092036
2014-07-16,187.595703125,188.2129788457224,183.58902801784112,186.1928037597218,9589300
2014-07-17,186.70907592773438,188.32521880531493,186.19281167939064,188.25788237295527,5039100
2014-07-18,186.85496520996094,187.83137763696007,184.50931485407762,186.05812115227116,7288432
2014-07-21,185.73263549804688,190.10968104615392,185.23881223463317,188.93124570627896,9813656
2014-07-22,188.5160369873047,189.14454698765422,185.63168080076733,186.28263171533283,6970352
2014-07-23,187.7191619873047,189.67200071099424,187.4273616493257,189.24551380920138,7849852
2014-07-24,189.05470275878906,189.44751454843333,186.9784118706694,187.65180351005955,4278600
2014-07-25,187.53958129882812,190.7494122063945,187.23656052545846,188.7741327017528,10665952
2014-07-28,186.20401000976562,188.50476479330547,185.85609373375573,188.21296448762584,3884952
2014-07-30,188.2803497314453,188.97619616408008,185.59800291411295,186.52953374320802,4685380
2014-07-31,187.20289611816406,188.52723863312855,185.97956510013577,188.0783108246917,11901344
2014-08-01,183.03909301757812,185.81121674827875,182.2646898097525,185.41840491679224,6828460
2014-08-04,182.48915100097656,184.66645357460538,181.16480850871665,183.83593440319777,7363044
2014-08-05,184.1053009033203,184.73379710848744,181.79332538063966,183.3870136544766,6077104
2014-08-06,181.8157501220703,183.9593775223607,181.22091533603998,182.94929002168254,3381400
2014-08-07,182.15243530273438,183.72368243411964,181.8157394888661,182.46669020908652,3933740
2014-08-08,178.70693969726562,181.3219359155497,178.44880073185453,180.69343973477095,7450680
2014-08-11,177.98866271972656,180.2108472403893,177.64074639428944,179.79559448102722,5626224
2014-08-12,181.18727111816406,181.4790714614903,177.77541694186803,179.79559213438927,6603072
2014-08-13,182.35447692871094,183.1064255098772,180.16595391464867,181.81575809132764,7839820
2014-08-14,185.56430053710938,186.67539953225233,182.55647893210258,182.73604730400106,11873224
2014-08-18,186.83253479003906,187.31513768896627,184.86847552727278,186.30505006811504,6702168
2014-08-19,184.924560546875,187.98849796391426,184.56542382188476,186.97841051216784,7892856
2014-08-20,184.18386840820312,187.33758377142843,183.83595206923354,186.0805912886381,9434852
2014-08-21,186.86619567871094,187.4722509452743,184.28486084350953,184.5093247422227,6390480
2014-08-22,190.06478881835938,190.5137165746472,185.8673115570306,187.2814312492997,10015288
2014-08-25,189.32406616210938,191.42279800255855,187.92116688368392,189.2230546740251,6656064
2014-08-26,189.11080932617188,190.4575925379903,188.1231628240968,189.5597370634447,4165256
2014-08-27,187.78648376464844,189.89644979803535,187.20288313423342,189.89644979803535,4852968
2014-08-28,189.3465118408203,189.78421916675416,187.20288442941805,187.98850804512904,7991452
2014-09-01,188.8190460205078,190.56986179876233,188.23543162762965,189.87402914977335,4154656
2014-09-02,192.85940551757812,193.28587875146437,188.24667463671489,189.24552813461645,11442252
2014-09-03,192.28700256347656,194.16127062060565,191.1534489251357,194.16127062060565,9234780
2014-09-04,191.20957946777344,192.8145019313291,190.45763083670866,192.60125847320637,6406968
2014-09-05,190.44639587402344,192.040084060341,189.46996970337335,191.24323996718223,3835208
2014-09-08,194.10513305664062,194.78974512530246,190.67083855959618,191.018754820701,9788344
2014-09-09,194.2959442138672,195.2611499333576,192.54512855324333,193.0613927775032,7661044
2014-09-10,192.43289184570312,194.1612665539086,191.7146046513619,194.1612665539086,4314252
2014-09-11,191.77073669433594,193.734795913656,191.46771589485965,192.45536258236513,6532864
2014-09-12,192.07374572753906,192.59000991384394,190.5586145306644,190.81673977372282,6086556
2014-09-15,193.11752319335938,194.16128587495976,190.79432716036507,190.79432716036507,5809088
2014-09-16,191.01878356933594,193.49910698492806,190.3453918528753,193.26342262420476,5076268
2014-09-17,189.98623657226562,192.11864346661324,189.02103091256825,191.91662049128396,7905896
2014-09-18,192.6237030029297,193.26341964362553,189.0547214806546,189.61588123571738,6652568
2014-09-19,193.09507751464844,194.16128108127972,191.10857740215863,193.0389615374573,6542108
2014-09-22,192.33192443847656,192.70229542519462,191.01881584955228,192.35437905293358,6534316
2014-09-23,190.5361785888672,192.55635371594556,189.8066709040889,192.15232143056778,4716976
2014-09-24,192.01763916015625,192.4328918802996,189.68320920317475,190.1433574417579,6665496
2014-09-25,190.7830810546875,194.2959326211788,189.02103134416922,191.46769316124045,16595960
2014-09-26,195.65399169921875,197.30379611842605,189.6720224346644,190.78312163748558,9882252
2014-09-29,194.1837158203125,196.93339861528392,193.30831482406785,195.95698612326774,8682268
2014-09-30,195.87841796875,197.48332655296167,193.29708324850733,193.98169536905573,12035432
2014-10-01,194.8346710205078,195.54173780670646,193.15119172021542,194.3857432070965,5870188
2014-10-07,193.58888244628906,194.61019039401697,191.71460076621054,194.16126261917495,5026288
2014-10-08,194.744873046875,195.28359188387168,192.65736152884386,193.16240530095732,3140384
2014-10-09,199.23414611816406,200.4350361668607,194.89077526495214,196.18144265081276,7650420
2014-10-10,194.6775360107422,198.6842248104722,194.13883087561308,198.2128424045215,4266980
2014-10-13,196.80995178222656,197.0793112118479,192.06254834843313,193.93681650004166,5376512
2014-10-14,194.91323852539062,198.86381171872557,194.19496494495732,198.65056825570113,7266240
2014-10-15,194.91323852539062,194.91323852539062,194.91323852539062,194.91323852539062,0
2014-10-16,192.7808074951172,196.18144092719146,191.92784744851497,194.9244486164291,5533084
2014-10-17,198.70668029785156,199.3463969740578,192.3880156250226,193.0950824357264,9977920
2014-10-20,200.62582397460938,204.17235072896793,199.80653898873865,200.6707194930572,9532004
2014-10-21,201.0186309814453,203.30816536567832,199.2453744967404,202.01749801723486,16037152
2014-10-22,200.59217834472656,203.44285903721396,200.05345948147473,203.1510586946983,4571544
2014-10-27,201.4002227783203,203.65608210450955,200.70439020811673,201.8042550352188,6724768
2014-10-28,200.96250915527344,202.0623876480673,200.67070885112037,201.79302825185368,5803492
2014-10-29,200.1208038330078,202.57868648104304,199.77288749931114,202.06242220844243,7896188
2014-10-30,201.2655487060547,202.00627678924317,199.1219076362647,199.75041747672847,10738180
2014-10-31,204.67738342285156,205.29465909262515,201.42265716404535,202.03993283381894,10105988
2014-11-03,204.41928100585938,206.34966510861665,203.22962504950019,205.42936857827203,7239648
2014-11-05,204.890625,206.57410408419182,204.31824485141235,205.39566872525754,7524180
2014-11-07,201.89404296875,203.49895151736828,200.59215518310356,203.13981478346176,9028492
2014-11-10,203.06129455566406,203.89180011524806,200.4462843580389,201.90529986568419,6389756
2014-11-11,203.790771484375,205.90072383309146,202.55622008771937,203.34184370377295,5913408
2014-11-12,204.6549530029297,206.48433919808483,202.94903290820696,204.48660508436407,9058664
2014-11-13,205.5977020263672,206.50677803747269,202.89291490189234,205.49669053620244,7388952
2014-11-14,208.77386474609375,209.4248155263047,204.65495772358875,206.10275259668623,8438056
2014-11-17,206.27110290527344,209.64928184812018,203.81322046905046,208.75142625134023,13464084
2014-11-18,209.24526977539062,209.87376601378955,204.7110958337712,206.73127112160446,9189112
2014-11-19,207.9770050048828,210.47978274371994,206.9893721542734,209.88494798241433,3454848
2014-11-20,206.1027374267578,208.29126025750875,204.73349953817518,208.29126025750875,4770372
2014-11-21,209.39114379882812,209.87374666428158,205.17122521556277,206.77614758189472,8823808
2014-11-24,212.16329956054688,213.24072363466288,208.3249583150087,209.2789299733743,7316860
2014-11-25,214.0375518798828,215.2159873701608,210.77160483257882,211.6694604442192,12156508
2014-11-26,213.5325164794922,215.4629143404008,209.49216606852664,210.95118149470864,8976428
2014-11-27,212.82546997070312,214.09368289109628,211.66947530945657,213.37539561130183,13211448
2014-11-28,214.8456268310547,216.8096859511728,212.56731277164198,212.79177667108405,9251860
2014-12-01,213.24072265625,216.03530118267787,212.83669034283412,215.10377044047178,7389128
2014-12-02,211.73680114746094,213.15092102429065,210.81650460703563,211.38888483096795,4517556
2014-12-03,209.447265625,211.9051481406253,209.20036080798488,211.44499987244825,6661184
2014-12-04,211.31031799316406,211.95003461916696,209.20035188251373,210.99606305747093,6839104
2014-12-05,211.61334228515625,211.9837132012123,210.03087452600516,211.22053045911645,4074180
2014-12-08,208.11167907714844,212.11835360970127,207.62907628462824,212.11835360970127,4057128
2014-12-09,208.0219268798828,209.87375412213697,207.64033549598645,207.64033549598645,4873344
2014-12-10,209.06568908691406,209.8737536744618,207.6964510299936,207.87601941609424,5565432
2014-12-11,209.55950927734375,210.04211218322158,207.62912505421315,208.72900373727919,4818844
2014-12-12,209.08810424804688,210.14308722422598,208.5269445479716,209.42480006809203,4616828
2014-12-15,211.33273315429688,211.96122924891904,208.30247091575944,208.75139865480202,6638628
2014-12-16,207.79745483398438,211.44499319861006,205.8333957145705,210.4461261064132,4989956
2014-12-17,206.92202758789062,209.31257345108017,205.60891933639618,207.8535581937804,7064016
2014-12-18,209.66050720214844,210.21044650806434,206.96694034886838,209.33503180067254,6493828
2014-12-19,211.32154846191406,213.01624822354927,209.3125937496941,212.12961304886116,6114108
2014-12-22,216.31585693359375,216.8545620579492,211.5572196507487,214.1385544263281,8295612
2014-12-23,215.4292449951172,218.61663536623695,214.4415982772411,215.41802453927116,7544080
2014-12-24,212.1744842529297,216.56275040169902,211.24295366346576,215.01395783752707,16664812
2014-12-26,212.9376678466797,213.90285980244812,211.5684299418187,213.3304796414845,3366480
2014-12-29,213.62228393554688,214.58747590932728,212.85910123989441,213.26313349633872,3614800
2014-12-30,214.68850708007812,215.39556016862772,211.6133488071231,213.24071213658652,5681200
2014-12-31,213.59983825683594,214.87928520589054,213.18458552872187,214.587484880714,4992528
2015-01-01,213.70086669921875,214.22836511751802,212.12961930036911,213.46518232942933,3544940
2015-01-02,216.67498779296875,217.5728433426756,213.33048409042377,213.33048409042377,5900384
2015-01-05,214.8456268310547,217.85343486346494,214.3854648770471,217.72998245880964,4796000
2015-01-06,211.50111389160156,214.710944984039,210.4461308010298,214.1385647679362,8219680
2015-01-07,212.11837768554688,213.54371791796157,210.15431863290294,210.9287217994117,5746112
2015-01-08,216.573974609375,217.4942847607382,212.83665913306953,214.19466290134008,9525824
2015-01-09,218.99819946289062,219.97461190299686,216.9667903009825,218.38092376622404,8985184
2015-01-12,217.0678253173828,218.71764330557716,216.49544507665829,217.59532373545449,4126412
2015-01-13,216.23727416992188,218.16767176564062,214.52013370126895,217.4942801229874,5828348
2015-01-14,216.36074829101562,218.77373510003898,215.4179972162897,215.49655409743832,3685232
2015-01-15,222.92630004882812,224.05983986285818,217.89830383387917,222.21923337166146,11398476
2015-01-16,224.76690673828125,227.8084033533565,224.1384105975965,224.9577092614707,7821308
2015-01-19,225.4851837158203,228.95315333729033,225.126046994582,227.43802217549944,4239492
2015-01-20,229.16641235351562,230.52441615460287,224.91281887722695,226.70853000598723,8505804
2015-01-21,228.9419708251953,231.8599879942705,228.5828203442487,230.6142297172353,6740612
2015-01-22,229.2337646484375,231.75898359805308,228.62770936049182,230.07550429830937,6470680
2015-01-23,234.07098388671875,235.23818529635764,229.94084232892035,231.19783478554234,9987912
2015-01-27,241.0855255126953,241.91603119873483,233.64453981063903,234.11590864326647,9962400
2015-01-28,237.56138610839844,245.3839483014534,236.80943745059835,240.17639627691017,11364940
2015-01-29,245.7879638671875,247.04495619319073,238.15619147313785,241.29868598833477,20567616
2015-01-30,241.826171875,245.6869673104532,238.88570032964142,245.6869673104532,10570416
2015-02-02,242.7801055908203,245.3389990758952,236.21453768325404,239.83963450374569,5710352
2015-02-03,238.85205078125,242.9148422359826,236.87678473383662,242.08433669564914,10200688
2015-02-04,239.66006469726562,242.6005633349133,237.31442819968404,238.6050954611153,6197512
2015-02-05,241.63539123535156,245.29416380919207,240.2549327537919,241.2986953813311,8059148
2015-02-06,236.4727020263672,242.18529691963002,235.69831258595684,241.7476033055505,6903120
2015-02-09,233.4648895263672,236.07989935874062,232.2078972061965,235.01369586746037,5231896
2015-02-10,236.68594360351562,238.44800710314817,231.19781231976555,231.19781231976555,9275752
2015-02-11,237.57261657714844,239.00919113415318,236.36050593841375,237.48282552976426,4161588
2015-02-12,241.5231170654297,242.84745933982236,236.2930980870417,239.07645547381847,5525740
2015-02-13,239.233642578125,242.86994690434145,238.7398055434524,242.690364818937,7714500
2015-02-16,239.62644958496094,243.54333371544027,238.49289591949795,241.47827677680644,7388716
2015-02-18,241.25379943847656,243.0831582179314,237.26956539912945,239.6264362393066,5381692
2015-02-19,242.37615966796875,243.5209202171662,238.7847368310313,241.0742579294262,4507004
2015-02-20,240.86099243164062,244.64320356569732,239.83967075372684,243.0943972169267,6206024
2015-02-23,239.615234375,242.76896340819098,238.38068281615926,241.7700825249004,5581564
2015-02-24,239.64891052246094,240.40085917706557,237.28080519786593,240.2437453926578,5846288
2015-02-25,236.2370147705078,241.25380473212334,235.6870891892174,240.17636707853583,4648524
2015-02-26,233.02716064453125,237.03383504663694,232.34253491459756,236.50635045818927,12426944
2015-02-27,236.58494567871094,237.60626736261742,234.66576841348106,234.66576841348106,10261784
2015-03-02,242.9934539794922,246.68587490485723,239.7274926281961,242.49961686156337,14385232
2015-03-03,243.1729736328125,245.11459195206922,241.7588674271631,243.86880628007296,6029348
2015-03-04,239.1213836669922,248.99779444245547,237.93171413616093,248.03258879288475,12277624
2015-03-05,243.56578063964844,244.6656592668874,238.49290180831912,239.05406157727987,9702452
2015-03-09,237.707275390625,242.8250633846824,237.03388367563738,241.75885983595205,5755808
2015-03-10,236.25949096679688,238.43677985564494,234.5647775468571,238.38066388015525,5134836
2015-03-11,237.1348876953125,238.35823244986878,235.68710643025,235.88912943012332,5465536
2015-03-12,236.71963500976562,238.8071603417699,235.93401132143407,237.9541865200009,7530836
2015-03-13,234.03729248046875,238.82959129949472,232.23034711245927,237.93173569310565,5426780
2015-03-16,236.03501892089844,237.4603591690819,234.0036097181105,234.56476945364557,5348772
2015-03-17,237.4940185546875,239.25605452786795,234.08215114764852,237.9317121593586,5369304
2015-03-18,238.7285614013672,240.60282924759014,236.40533841194346,237.96537875848827,5148332
2015-03-19,236.180908203125,241.02935043698704,235.3952845412057,240.40084054730008,5373572
2015-03-20,237.01144409179688,237.81950867422904,234.77801178435976,235.91156547108517,6483236
2015-03-23,235.18206787109375,237.79707797125883,234.7892560182907,237.02266102121885,5446740
2015-03-24,232.98226928710938,237.25831708786876,232.42110959674073,234.1831729447987,8973564
2015-03-25,232.15176391601562,234.94632821402774,231.444697226044,233.45366535788,10608900
2015-03-26,226.02391052246094,231.6916098879723,224.9352524659661,230.50196774411071,35800620
2015-03-27,227.75230407714844,229.75002458863088,226.28205455610322,227.81964050783853,10840896
2015-03-30,232.7466278076172,233.2179965264881,227.3370394948294,228.95318234554173,6955144
2015-03-31,229.55923461914062,233.42001646186802,227.79718477367166,233.42001646186802,5962256
2015-04-01,231.92730712890625,232.73537162769773,227.38191349778083,230.32238488524843,3844196
2015-04-06,231.63551330566406,232.73539190837414,228.9082851094497,232.3201391686798,7151172
2015-04-07,231.8151092529297,233.03842663499827,229.77249309737115,231.9273412109316,6197072
2015-04-08,232.443603515625,233.9923825113888,231.2090520607893,233.45369106958148,4106144
2015-04-09,237.05633544921875,237.70728628361255,231.19783274043525,233.04966004151154,7002784
2015-04-10,234.03729248046875,236.36048838192477,232.2864630878586,236.36048838192477,6119324
2015-04-13,233.17312622070312,234.8566055857918,232.27527055932248,233.44247195896517,4563236
2015-04-15,231.56822204589844,235.39531566474642,230.12041323727897,233.44249040707103,4893996
2015-04-16,231.11924743652344,231.99466207857634,228.50423766489982,230.74887654176524,5610120
2015-04-17,228.5603485107422,230.71519630412936,228.06652522886944,230.09792062683545,4049012
2015-04-20,225.6086883544922,230.07552599784378,225.04752853498525,228.9532063588299,5188880
2015-04-21,225.13729858398438,227.69619260230292,223.4762601931194,225.58622639771116,6510744
2015-04-22,227.40435791015625,229.1776280934029,223.004871215275,225.9229017394809,6765936
2015-04-23,227.49415588378906,229.89590858220393,225.83311759311655,228.96439164502294,9627828
2015-04-24,225.91171264648438,228.72873207279923,224.54247452878033,228.70629116111158,7205244
2015-04-27,225.68722534179688,227.2696930571198,223.56603879989265,226.023921183363,7370704
2015-04-28,225.4851837158203,227.0339899390594,222.24167797017114,224.36286433671594,7942108
2015-04-29,222.92630004882812,226.59627887746691,221.7703056274763,225.36172758095768,7863564
2015-04-30,221.9499053955078,223.34158433947005,219.76138233288486,222.443728724035,15143684
2015-05-04,224.6771697998047,226.59633362988592,222.66821491911523,223.12836322805308,3141448
2015-05-05,221.69175720214844,225.33929526267968,221.28771125683147,224.25063722142372,5138004
2015-05-06,217.86463928222656,221.65808438365244,216.71987895940904,221.65808438365244,11007696
2015-05-07,213.5325164794922,217.72999436869998,211.938828186354,217.28106654525934,11736664
2015-05-08,220.4235382080078,221.7254260195042,214.4528042620822,215.8220284999995,11571932
2015-05-11,222.28662109375,222.8365604473323,218.6390823304469,221.3326494171938,6731344
2015-05-12,218.16766357421875,222.21923373202267,217.05656466552114,222.21923373202267,11107568
2015-05-13,222.27540588378906,222.98247274082473,218.08914812425527,219.04311982332734,7791848
2015-05-14,222.45494079589844,223.30790085837975,218.62783411937025,221.9947925503667,4455188
2015-05-15,222.24171447753906,223.91397336714198,220.9173856127627,223.31915221861877,8153624
2015-05-18,226.67486572265625,227.1574685915381,222.6681905561322,223.5660461632134,5713304
2015-05-19,226.15858459472656,228.5042349330455,224.03739814141065,225.8892251926853,4786348
2015-05-20,229.86224365234375,230.4795193126177,226.6075037434388,226.62995835119779,4008840
2015-05-21,230.00814819335938,231.1978178277702,227.85330022571995,229.85103442294823,3934380
2015-05-22,229.9183807373047,230.97335009342078,228.58280410946284,230.0081443758335,4689536
2015-05-25,229.75003051757812,231.42228937384803,228.41446752363677,230.83868869255437,4369060
2015-05-26,230.61424255371094,231.24272510492273,228.51549663003556,229.95205753321414,4906344
2015-05-27,233.02716064453125,233.44241330350607,229.26739100719112,229.80609604854874,3218592
2015-05-28,231.0631103515625,234.27292721196176,229.44696776785426,233.2291921498906,9561160
2015-05-29,235.81056213378906,236.58495163201567,230.55810137080144,231.1865838533159,5058680
2015-06-01,232.58946228027344,237.03385807941285,231.42226106048736,235.45137675992544,3841320
2015-06-02,226.43917846679688,233.5098049822272,225.56377748121383,233.0833180942481,4726008
2015-06-03,225.70968627929688,228.27980083801262,224.01498646640766,226.48408952365264,5824832
2015-06-04,227.8196258544922,228.47056290954725,223.34156854907357,226.4503879176461,5557588
2015-06-05,227.10134887695312,228.6164801889565,225.02505781976328,226.76465302984124,6753860
2015-06-08,225.23829650878906,227.2135760301146,223.4650262713533,225.4178648834207,3811996
2015-06-09,224.87918090820312,225.81071168998272,223.81297724962718,225.58624776186144,6040260
2015-06-10,227.9655303955078,228.7287131323548,223.79050735324608,224.01497125229648,7986248
2015-06-11,224.50877380371094,228.62768049022088,223.27422247312685,228.4144370658097,9094176
2015-06-12,226.51779174804688,226.8993694879436,222.2529768651341,224.68840514714182,6528344
2015-06-15,225.631103515625,227.5502670227334,224.46388855510077,224.91281633221098,5999828
2015-06-16,226.34939575195312,226.8095439937255,223.8017223398666,224.46389356592383,6010524
2015-06-17,225.51885986328125,227.49413923997957,224.3516449633543,226.48405179392145,9686268
2015-06-18,228.8634033203125,229.80615450774326,224.9689598569924,225.78825863063597,8431716
2015-06-19,231.31005859375,232.3089120302427,227.41561524645903,230.0306252705594,3742324
2015-06-22,235.04737854003906,237.23590156666816,230.86112132184724,231.66918588237306,5449652
2015-06-23,236.15846252441406,238.2010785240845,234.00361457530704,236.1360216146024,5655180
2015-06-24,234.7443389892578,237.43790557593718,234.04847903406463,236.5849318633382,6267396
2015-06-25,239.05401611328125,240.36712424284275,234.0372542129506,235.29424637628833,16573568
2015-06-26,238.5714874267578,240.38963981707255,236.02382724894042,239.5030182354916,5647504
2015-06-29,237.17979431152344,238.32455476438693,231.31005762627805,234.5423433875945,6487836
2015-06-30,239.5366973876953,240.62534200905893,235.23820748646807,236.19217922484353,7290136
2015-07-01,240.70384216308594,241.74760471085438,237.94295281134953,238.23473942230655,4971188
2015-07-02,239.31300354003906,241.4614382768888,238.73633499025937,240.85084155210413,4483444
2015-07-03,242.94273376464844,243.37242622485036,238.37449419321933,238.37449419321933,4039288
2015-07-06,245.03466796875,245.37389455107868,239.77665594265545,240.63604099375343,3267780
2015-07-07,245.79222106933594,246.8438287929713,243.90386564655935,243.90386564655935,4141472
2015-07-08,241.7215118408203,244.37878632180875,241.07698695605845,244.03955979232086,5400676
2015-07-09,242.89756774902344,243.54209277718542,239.74274375907518,240.33073101974344,2797964
2015-07-10,246.67425537109375,247.63539732417848,241.64239455788558,241.93640196253722,4900088
2015-07-13,247.89549255371094,250.10046541195692,245.3739026868609,245.3739026868609,7076084
2015-07-14,246.92300415039062,249.19583311406487,245.60002610561762,247.74846095644943,5674116
2015-07-15,248.01979064941406,249.09400789937916,246.68552183451598,247.18304299197052,3849404
2015-07-16,252.09059143066406,253.0630520924979,248.33648911928043,248.49481143505903,7310424
2015-07-17,251.1520233154297,253.68490366676426,250.03255921595317,253.15345429735237,3510988
2015-07-20,252.21498107910156,253.0630475924812,250.34923474966638,252.37327578573306,4551268
2015-07-21,248.32521057128906,255.09842454208487,247.20574613383343,252.50900565464772,11028136
2015-07-22,252.0227508544922,252.62205669443483,246.19936096546618,247.95203170876528,7286400
2015-07-23,250.5527801513672,252.54289303674636,248.78879073342605,251.6835355202186,5083172
2015-07-24,250.5414276123047,252.1584130919628,248.87922296655162,249.4785287521166,4761008
2015-07-27,247.82757568359375,249.78378741686026,241.98157766957036,249.64810233382437,3328572
2015-07-28,250.6884307861328,251.90965193775043,247.0586955089443,247.4092406675952,6345672
2015-07-29,250.6544952392578,252.81424867567438,249.90821338422484,249.91950437222872,3943032
2015-07-30,251.1520233154297,252.61068633454485,249.0148796380611,250.34917616145134,9462188
2015-07-31,251.4008331298828,253.51534003441665,249.44462092592468,252.2941187806029,5649500
2015-08-03,247.72586059570312,252.72379317663297,247.28484949347683,251.64957571122895,4345728
2015-08-04,245.70176696777344,249.21842640467102,244.68408736811736,248.33643189703722,5390928
2015-08-05,247.00216674804688,248.2459975279848,245.41910939176228,246.99087575929968,4122780
2015-08-06,247.85023498535156,249.0714561903171,245.47564893371347,246.93433978637466,3743712
2015-08-07,247.10394287109375,248.2007699093363,246.1880201036122,247.3979226634535,3227140
2015-08-10,247.55621337890625,250.1117032772602,246.05230361221732,247.63536071266356,3954376
2015-08-11,247.56759643554688,248.50612901539986,245.20432849923202,247.64677140507413,2727688
2015-08-12,242.08334350585938,247.612752398776,241.4614282132179,246.14277079798703,6005740
2015-08-13,243.68902587890625,244.85368146672303,241.2126558164731,243.5646317839337,3465052
2015-08-14,249.17320251464844,249.59157637641422,244.2204897023692,244.9441619169735,3601660
2015-08-17,246.84388732910156,249.17325434001677,243.29332665283707,248.55133891156507,2500212
2015-08-18,245.6791534423828,247.88412587290296,243.8925548748501,246.86644628958598,1857316
2015-08-19,244.6614990234375,245.82618240984644,243.11236990854178,245.33995214876367,3004576
2015-08-20,243.04452514648438,245.31735426727028,241.5293241368469,241.5293241368469,3044852
2015-08-21,240.0140838623047,242.64872110858386,237.6847173594489,240.62468056180177,7758972
2015-08-24,230.45921325683594,236.25997911835356,228.6952379153773,236.25997911835356,14686328
2015-08-25,230.32351684570312,233.45571686021265,227.44009124347951,231.73694696519846,12347920
2015-08-26,229.20407104492188,232.70941204264886,228.1863914004205,230.08606559142183,5573000
2015-08-27,231.14898681640625,233.94194681257522,228.20902311384316,231.80483039439784,13873432
2015-08-28,232.471923828125,235.8189698782776,230.5383492219758,233.17301405667348,5553136
2015-08-31,232.35888671875,233.5914265126796,229.6676974889848,230.92283306362373,3441460
2015-09-01,226.1736602783203,230.96806531367702,224.56799333965512,230.96806531367702,10469144
2015-09-02,225.05419921875,229.30583575019665,222.75876078181423,227.304390886655,8681688
2015-09-03,228.48037719726562,229.54328977260886,225.9248733821047,226.67116900201356,6507368
2015-09-04,225.25775146484375,227.50795718169726,221.62802985890985,226.64858594899974,11404592
2015-09-07,222.63438415527344,228.36730724221988,221.6280093115424,226.37718093964688,5381740
2015-09-08,227.06692504882812,228.4125263558142,220.94954282141632,223.14321043912943,7444488
2015-09-09,229.83729553222656,231.8048123095354,227.28179158154447,229.43022642734016,6553120
2015-09-10,228.63868713378906,229.9842884982259,225.31426429316957,226.8294789269935,4463740
2015-09-11,228.52561950683594,230.67405432654394,227.68885792168533,229.43022364144983,4301760
2015-09-14,230.60621643066406,231.19420360876308,226.94256685091338,228.15246938410957,5060344
2015-09-15,229.12493896484375,230.59492077146987,227.98286513408723,230.21046123064244,4332728
2015-09-16,231.43165588378906,232.50587329882202,228.7630764344451,230.4252948217102,4254052
2015-09-18,237.4020538330078,240.17240406825843,233.19565001748472,234.06632599872643,7841168
2015-09-21,238.12571716308594,238.58933781938902,234.37161556795147,234.73345169645955,4276688
2015-09-22,233.08258056640625,239.72010823058162,231.87267799424407,237.46991637038266,6025212
2015-09-23,237.2776641845703,238.23880612101254,230.36876635817688,230.49314667167184,5161152
2015-09-24,237.77520751953125,238.36319469866083,234.29247600361728,236.78013742836612,8252836
2015-09-28,236.6444549560547,239.72010359410967,235.89814547780585,238.5893483884771,5777108
2015-09-29,240.80560302734375,242.86357166748184,231.82739149567072,233.38783896349378,10418840
2015-09-30,241.71023559570312,242.66005889366932,240.0253938326916,241.52930372641083,9027796
2015-10-01,241.4501953125,243.5420927091833,239.57313038970014,243.15761932653433,5034788
2015-10-05,248.3929901123047,249.85168088909066,243.60989007867957,243.60989007867957,8053372
2015-10-06,245.5886993408203,250.5527310000762,244.9215648466036,250.3491895523455,4758964
2015-10-07,245.9958038330078,248.39299943390228,245.00073369499614,246.0523415953229,4386268
2015-10-08,244.94418334960938,246.66292571442878,243.20283140229122,246.07493853782316,3881908
2015-10-09,245.63394165039062,247.63537270302652,244.28832648606237,247.63537270302652,3443228
2015-10-12,244.3674774169922,247.7484238704585,243.74556215853144,245.98443500393125,2217340
2015-10-13,243.41766357421875,244.72935063361595,242.70528228517247,243.23675930810288,1823652
2015-10-14,245.31735229492188,245.71311663372447,241.31448973927886,241.71025407808145,2749148
2015-10-15,245.18165588378906,247.9746157104708,244.4692745855166,245.53217343248758,3925952
2015-10-16,248.77748107910156,249.10538906893441,245.37389663167846,246.5046519156954,4843688
2015-10-19,248.2686004638672,249.24103328476093,247.47707189493414,248.76612166466626,2654220
2015-10-20,247.61279296875,249.42200138922664,246.77601751048175,248.31385571041875,3851356
2015-10-21,247.63539123535156,249.67075061536815,245.3738808131109,248.5173858212911,7273204
2015-10-23,250.6884307861328,251.86440516542183,247.86154275291074,248.64175280754867,4467048
2015-10-26,249.1054229736328,251.97753074341438,248.0877430795054,251.92099297151842,4887984
2015-10-27,251.231201171875,251.93226388943984,247.75978815570548,247.75978815570548,8984032
2015-10-28,251.3668975830078,254.1937857699512,249.90823432107697,249.90823432107697,7694760
2015-10-29,249.56898498535156,252.04532776881297,248.76613777092354,251.02764811429557,6702368
2015-10-30,248.67567443847656,251.47995281487198,246.60638693136923,249.21844244783176,8097460
2015-11-02,244.94418334960938,247.83892767396785,243.4515920224327,247.64670481323708,3156552
2015-11-03,245.3512725830078,246.95693947038657,244.06219507142572,246.71946983221054,2548592
2015-11-04,244.62753295898438,248.33641499094978,243.84732302822636,246.51591595040642,2696444
2015-11-05,244.20916748046875,244.921548697391,241.86851000171714,243.90386913216636,3596952
2015-11-06,244.44667053222656,246.2784884789863,243.16891160425163,244.40142375934224,5881004
2015-11-09,240.80560302734375,241.90242988880465,237.68470809169764,239.26776513893063,11429432
2015-11-10,238.49888610839844,240.85086249344997,238.01265584125392,239.73142586523724,4402580
2015-11-13,237.92221069335938,238.5893452132729,235.42323067963707,237.32290492108416,3940028
2015-11-16,239.9348907470703,240.85081333326121,236.38433111417024,237.1758596086927,4734732
2015-11-17,239.90103149414062,240.57948460627753,237.7299594502403,240.46640908758806,2567404
2015-11-18,237.1419677734375,241.0430730941829,236.62183696113448,240.10454078560767,2446720
2015-11-19,241.7328338623047,242.19642689538352,237.3681080784682,238.58932912320765,3277680
2015-11-20,242.173828125,244.29965335609867,239.72009493863882,240.82824052141308,4648160
2015-11-23,241.08831787109375,243.22543407356076,239.50526065257685,242.88620752673572,3408280
2015-11-24,240.70387268066406,242.77316037936018,240.19503280096816,240.9074141538085,4002252
2015-11-26,240.61338806152344,241.30315977633003,237.70735271762894,239.4939514556078,8791484
2015-11-27,244.1074676513672,244.74067407623264,239.93496389440512,240.81695857845386,6925072
2015-11-30,243.7342529296875,244.4692437179236,241.91372624244968,244.0621608542168,5247776
2015-12-01,244.9215545654297,245.35124702452893,242.77311987625927,243.57596703947954,1895332
2015-12-02,243.74560546875,247.11523392826936,242.39999019755263,246.5046371539973,2562284
2015-12-03,243.50811767578125,244.4692595379796,241.3710015188355,242.5469758135829,3807712
2015-12-04,239.47134399414062,242.79575327038464,238.8155004508036,242.79575327038464,5859828
2015-12-07,240.16110229492188,242.23038997357543,239.9688794190535,241.57454639149807,5814808
2015-12-08,237.2889862060547,240.1498024735741,236.7801463500017,239.9462610098871,4902660
2015-12-09,236.88189697265625,239.04165045782926,236.2939097870247,236.8027496295319,3890616
2015-12-10,239.85580444335938,240.44379166762232,235.71725668285737,236.32785349145158,6514340
2015-12-11,236.6331329345703,239.8557852239531,235.64938144118221,239.7201001225078,3033920
2015-12-14,238.6006622314453,239.68617064343826,235.2196876701374,235.4232291243635,5878016
2015-12-15,239.59571838378906,240.27417153238406,236.39570311797948,238.13705515684157,4557416
2015-12-16,241.3709716796875,242.73916865646785,239.57305467827968,240.39851134385765,6842768
2015-12-17,244.2996826171875,245.14774909236866,240.85087895145074,242.86362890714682,4878012
2015-12-18,242.66006469726562,245.37387716359106,241.6423850223936,245.37387716359106,3172128
2015-12-21,243.20285034179688,244.22053009044149,241.76679666219775,242.3773934688525,3097500
2015-12-22,241.1787567138672,243.45158562498239,240.62469772873317,242.9992835615825,2429536
2015-12-23,242.90879821777344,243.77947409898056,241.78936174283925,242.56957169732974,3013968
2015-12-24,242.88619995117188,243.42896793042857,241.59715015597268,243.38372116180022,2146352
2015-12-28,243.6211700439453,244.22047572823303,241.47273549725935,242.8861792779738,7755428
2015-12-29,243.77951049804688,244.20920300936518,242.27562811792632,244.00566154544293,4231612
2015-12-30,242.95407104492188,244.68410439969787,242.558306728619,244.24312091834867,2112560
2015-12-31,244.7293701171875,245.3512855195243,243.11238454984579,243.11238454984579,9290008
2016-01-01,246.22193908691406,246.56116563904297,243.37244157029656,244.7858855375004,3195076
2016-01-04,242.0946807861328,245.14771973112374,241.55191278575785,245.14771973112374,5187536
2016-01-05,240.26287841796875,243.06715692861624,240.0254087755298,242.02684002491142,3160872
2016-01-06,241.32579040527344,243.50815365373577,238.96252287275894,238.96252287275894,4165536
2016-01-07,238.86070251464844,240.82823300378746,237.39072084628862,239.74269703692963,6055428
2016-01-08,240.25157165527344,240.73780195267693,239.0982067773299,240.16110571053994,3488356
2016-01-11,239.4034881591797,239.9462561826493,236.3956958565967,237.92221539404522,3288912
2016-01-12,236.76882934570312,240.60210618418478,235.98861927037873,240.60210618418478,4258736
2016-01-13,239.75405883789062,240.34204608993304,234.5186561235103,237.9109221233682,4515148
2016-01-14,237.4020538330078,239.1321148073075,235.08400567698177,237.49251977011835,6279184
2016-01-15,235.68331909179688,238.69111145232714,234.76739630915048,237.00629719514137,5417260
2016-01-18,231.99705505371094,235.52500600265952,230.90022795442948,234.21334644291625,6495388
2016-01-19,234.24725341796875,234.64301772976353,232.09881858251148,232.3023324292296,6405212
2016-01-20,230.28956604003906,250.57531398521454,227.93760386575732,231.80478053686363,9563588
2016-01-21,231.35252380371094,233.6705720627413,229.18147924822642,230.90022170438795,6300804
2016-01-22,233.00341796875,236.15821380443018,231.13765816234346,231.96310114248624,4236284
2016-01-25,235.4571533203125,236.71227498855256,233.62533547590317,235.1857555171569,10143884
2016-01-27,234.21336364746094,237.16461857842037,233.61405778434695,237.10808081032155,4039468
2016-01-28,233.3199920654297,236.75750407096268,232.93554638092328,234.97090552405757,9951972
2016-01-29,237.42466735839844,238.57803215830842,234.11154905179475,234.11154905179475,5360184
2016-02-01,239.66357421875,241.3031693242805,238.29534932953425,239.2678098829323,4609484
2016-02-02,238.31797790527344,240.90739628063776,237.50381207309957,240.8508585204217,6528628
2016-02-03,236.0677490234375,237.77520035606034,235.64937513587245,236.2147527153731,4850244
2016-02-04,237.2776641845703,238.56674169841938,236.45223495951223,237.00629397445923,5675992
2016-02-05,238.6458740234375,240.57947636935646,236.46351106618428,238.09181504335993,7523904
2016-02-08,234.25857543945312,239.26782705646676,233.00345359099913,238.58937386065446,3481924
2016-02-09,232.04226684570312,233.28609746498822,230.8210458073217,232.18924292473974,5535460
2016-02-10,229.07969665527344,232.96949726870037,228.4351579152086,231.55605328149318,7682280
2016-02-11,220.5651092529297,229.09100632599083,218.95944237052854,228.4125531976809,8803600
2016-02-12,219.68312072753906,223.0866910406704,218.46189961834494,221.40186307076573,12542144
2016-02-15,220.18064880371094,223.4937670877754,219.61527119913777,221.62802099268393,10912960
2016-02-16,220.14674377441406,222.080332503501,217.55731147491647,221.96725697778638,7136096
2016-02-17,220.47467041015625,221.6054256921795,216.87886309205635,220.92697252296554,7503924
2016-02-18,223.76513671875,224.1722058072503,220.949553668281,222.98491291394583,6799856
2016-02-19,223.73123168945312,224.47752739610542,220.15804784914465,223.6068513722052,3328660
2016-02-22,223.60682678222656,225.24642171944137,222.30645838374585,222.30645838374585,4002396
2016-02-23,219.37783813476562,222.8718748543018,218.461929080929,222.73618973638733,6078320
2016-02-24,214.7530059814453,217.76082563074283,214.0293337501671,217.10498214258854,6463468
2016-02-25,213.1812744140625,216.48307393797276,212.1748995677427,215.74808308887543,8463196
2016-02-26,217.3311309814453,219.59264118936878,213.71271464876776,214.8434697527295,6209388
2016-02-29,219.78489685058594,222.21602068708066,209.86817862949897,217.3537730140912,8812752
2016-03-01,222.56658935546875,223.1545766381131,219.78492004828016,220.48599667330456,4322560
2016-03-02,227.77932739257812,228.61608899071905,225.02028197854014,225.6987350900332,6358976
2016-03-03,229.7355194091797,230.6740517094591,228.41254139858202,228.58215467189783,4610400
2016-03-04,230.79844665527344,231.78221198480247,224.59059769752466,229.6450818448346,5704624
2016-03-08,229.35107421875,231.57865635874793,228.299466400543,231.57865635874793,1913688
2016-03-09,231.7595672607422,232.91293189630093,227.67753046710118,229.090974286738,6528172
2016-03-10,230.95675659179688,231.97443630260528,228.4351668981947,231.75960385063289,2671392
2016-03-11,232.64158630371094,233.11652561870375,229.09102567487548,230.65147352304848,4730856
2016-03-14,232.38150024414062,234.73344885412743,231.8613418363589,232.48325716437645,3008656
2016-03-15,232.1892547607422,233.7044832470884,231.04720860679578,232.46065256439823,7690036
2016-03-16,233.0372772216797,233.89666202849014,230.43655463293584,232.25706734663706,4803548
2016-03-17,230.3122100830078,234.97091569093723,228.6726151467621,234.054992994366,5113484
2016-03-18,232.57374572753906,233.38788398762537,229.62246347760566,231.34121974235907,4135068
2016-03-21,236.46351623535156,236.85928054586617,233.44440544497698,233.61401872091182,5318796
2016-03-22,238.3292999267578,238.9512153701151,235.35540783089212,236.66709508123293,4120264
2016-03-23,237.3115692138672,238.14834455835555,235.32145678574474,238.14834455835555,8464300
2016-03-28,236.8931884765625,238.13701906044898,235.5702105586028,236.3278109384323,11270868
2016-03-29,238.31797790527344,239.60702779566836,236.15822442248862,236.8932153052974,6733952
2016-03-30,240.83950805664062,241.95897212458195,238.3405559495627,239.26776957314647,7814380
2016-03-31,242.24168395996094,243.9943544616646,240.86216818311124,241.2692234777751,20080392
2016-04-01,240.7264404296875,243.42896166264808,238.99640722444542,241.71021944452772,5158648
2016-04-04,241.7667694091797,242.61483577078573,240.6246956663528,240.89606585953598,6179960
2016-04-05,239.1434326171875,243.542087394785,238.73637726402796,241.75548846020203,6663028
2016-04-06,240.05934143066406,241.29185362015966,238.98512393486033,239.94626590478998,4295376
2016-04-07,238.70240783691406,240.79430482648436,236.7914427105939,240.62469155705975,3911692
2016-04-08,239.57310485839844,240.4777090416416,238.41974004602915,238.58935333038724,2962796
2016-04-11,242.1964569091797,242.90883824075223,235.8416179004086,239.78797030225417,4049620
2016-04-12,240.3985595703125,242.20776792079462,239.550493156024,241.89115093819456,4941480
2016-04-13,244.63890075683594,245.3625730814609,241.8685503669388,242.43392799753005,4974604
2016-04-18,246.00709533691406,246.9569185966785,242.3434321785522,245.03463488965306,4117068
2016-04-20,248.27992248535156,248.76615275973867,245.0459790632724,246.93433479250098,3821352
2016-04-21,246.76470947265625,249.93082398974326,246.27847922198092,247.63538544358963,8191728
2016-04-22,246.99085998535156,248.95836295997705,245.41909371819423,246.39155421748086,7809320
2016-04-25,247.23959350585938,248.76611283461725,245.26077215376583,248.76611283461725,5561960
2016-04-26,251.89828491210938,252.15836408242762,247.06996660094364,247.63534409888632,7053796
2016-04-27,254.23898315429688,254.41991502529035,250.80149845604177,250.99372131501758,5763636
2016-04-28,251.92098999023438,257.0659271718812,251.1068516058339,254.23903861053677,8089584
2016-04-29,256.0821228027344,256.9075796141334,250.1682676274991,251.88703760434612,5611940
2016-05-02,252.75765991210938,255.55061912195663,252.38450525672883,255.04177939361645,3862716
2016-05-03,252.8368682861328,256.6814360507699,251.7400412392521,253.7188628828153,4695296
2016-05-04,254.9513397216797,256.56832499057145,251.988766964076,252.72375775845182,5292328
2016-05-05,256.0708312988281,256.62489029924313,253.89975924956866,255.098370793167,5214248
2016-05-06,253.2100067138672,256.0595041757008,252.66723871963057,256.0029664180996,2733152
2016-05-09,258.1287841796875,258.9316037506714,253.06299572347515,253.2891467473567,6953180
2016-05-10,258.9203186035156,259.50830575760517,256.9301785059375,258.60370164167455,5453000
2016-05-11,257.54083251953125,258.94295801823336,255.48283583362368,256.61359110881244,6147372
2016-05-12,259.8701477050781,260.52599122508735,256.116046061121,258.7167829526909,4221688
2016-05-13,258.0157165527344,259.62138335009763,255.5506647958278,259.62138335009763,5045316
2016-05-16,262.9683837890625,263.66944634099576,256.12731630060136,258.9428851004309,4518768
2016-05-17,260.8539123535156,264.427109914455,260.3677096908206,263.47728656601737,4295424
2016-05-18,257.9591979980469,260.29985581973,255.88991039098565,260.29985581973,4162644
2016-05-19,257.6539611816406,258.42285284226944,256.0030470968739,257.8348654991798,3855796
2016-05-20,258.0157165527344,259.734458865494,256.36480298541636,257.80085650968505,2016632
2016-05-23,257.0771789550781,260.0623614574844,256.2743317697804,258.2531532484318,3463532
2016-05-24,257.80084228515625,258.63761761671543,256.80579988963257,257.45032477056395,3259468
2016-05-25,265.343017578125,265.94229572942163,259.23693969824683,259.23693969824683,5767348
2016-05-26,267.59320068359375,268.87095949779143,263.7486332535316,265.9762153314494,13705560
2016-05-27,268.3961181640625,269.11979059202866,266.1119701252314,267.5932707714436,5775184
2016-05-30,266.80169677734375,270.25050023218967,266.42854202981596,268.44129186243447,3814532
2016-05-31,267.2878723144531,268.19247631409166,266.2701928148598,268.19247631409166,5515640
2016-06-01,265.7613830566406,267.52534449120753,264.82285077983624,267.52534449120753,5675632
2016-06-02,265.7161560058594,266.9939149156296,264.82287043164865,265.6596182453061,7910616
2016-06-03,264.9924621582031,267.98896322378556,264.3818654364262,266.88081768581435,4524420
2016-06-06,264.8454895019531,267.40100741303786,264.6080474629206,265.95363516975965,5547308
2016-06-07,265.4334411621094,266.8582036308041,264.06524405474687,266.16843197719425,5628504
2016-06-08,262.9232482910156,266.4059805529577,262.56141207299146,265.90845920396623,4742812
2016-06-09,262.199462890625,263.28497107702407,260.6390155409592,262.9005254371931,4648184
2016-06-10,262.6404724121094,265.2072808784828,261.4757891783918,261.9733379688654,6322312
2016-06-13,260.72955322265625,263.4546568338969,260.3111792979619,261.1479271473506,3323236
2016-06-14,260.4920959472656,261.6567794409787,258.77335339268785,261.2044773157566,3828768
2016-06-15,264.4949645996094,264.80026298779774,260.79737294449114,261.2044558662947,3045824
2016-06-16,262.8214111328125,264.33661191112935,261.28357316763163,263.8164811334398,4727768
2016-06-17,264.5967102050781,266.4059184799846,263.59034914469237,263.91825710198816,3761652
2016-06-20,265.0603332519531,266.6886096714824,262.0638320196893,262.10905118443765,2742764
2016-06-21,263.8390808105469,265.8291931307754,262.6065412447151,265.72743621900855,2670968
2016-06-22,264.93597412109375,265.7275028529963,263.6921432566755,263.6921432566755,3803840
2016-06-23,269.1423645019531,269.5381288474204,264.03135619032713,264.55151465833035,3926732
2016-06-24,262.764892578125,265.0264029237388,259.39523664189505,262.3012719147432,11173964
2016-06-27,262.3238830566406,264.370560974121,260.7634629939513,262.787503722779,4163788
2016-06-28,263.9070129394531,265.29784771432077,260.0737628684051,262.61796272255253,4034980
2016-06-29,266.3808288574219,266.65442637038365,264.41994462718964,265.6283939474108,5420668
2016-06-30,268.2391052246094,269.04854205633467,264.978618406218,266.99647690505753,16278892
2016-07-01,267.7945251464844,270.18860136107617,267.1789166816134,269.04856506841344,4304876
2016-07-04,267.4068603515625,268.93449748729597,267.08764469894203,268.6380769885247,7249852
2016-07-05,265.76513671875,267.7488156850358,264.94431651986497,267.406804949425,2136328
2016-07-07,270.3367919921875,271.0436088756693,264.6936127537666,266.2896634474614,4832616
2016-07-08,267.874267578125,270.32534510828253,267.0534471811197,270.2113415022287,3118868
2016-07-11,273.5516357421875,274.041856784365,269.28791227366037,270.4165367703558,5102532
2016-07-12,274.098876953125,275.865932855671,272.5940349123778,275.865932855671,7046032
2016-07-13,273.0956115722656,274.05323063622455,272.0809907108589,273.5630374445009,6687072
2016-07-14,273.6884460449219,274.09887015171955,271.83018173661117,273.8366562964272,3459668
2016-07-15,279.0124206542969,279.53684838720943,272.4914198066263,274.4750992967234,5774216
2016-07-18,279.867431640625,282.38692238000573,278.7730137602955,279.3088251235422,4438484
2016-07-19,277.7926330566406,280.6199285800738,276.7666004110097,280.22091588455066,2586004
2016-07-20,280.95050048828125,282.3869571848417,278.56783604406974,278.8528450844259,4690332
2016-07-21,280.12969970703125,282.7061927461002,278.7388610589237,280.60850936189894,9112904
2016-07-22,280.63128662109375,281.50910881745307,278.5108084242001,281.2126883097887,5620272
2016-07-25,284.31353759765625,284.88355553889454,279.76480555973785,281.1328486187097,9872884
2016-07-26,282.455322265625,284.0171659735486,281.62309044328475,283.2761425951336,5665992
2016-07-27,282.03350830078125,284.4504070018894,280.44886931868984,282.95694863780005,10734736
2016-07-28,284.65557861328125,285.2940099084783,281.7143079902433,282.2729144988581,10646528
2016-07-29,284.1426086425781,285.00904727947363,281.58893871211995,284.55303280382645,3395676
2016-08-01,283.25335693359375,287.0496545638905,279.91304587238375,284.7809940471196,5560864
2016-08-02,283.4813537597656,286.4796260768371,282.82012733448744,284.32496923942136,5329396
2016-08-03,282.83154296875,284.9976115438382,280.67688588774826,282.9797532273122,4733876
2016-08-04,282.9569091796875,284.25653896701135,281.2696504882634,284.2337438156896,4662880
2016-08-05,284.8380126953125,286.2972644345985,283.12795858667545,284.41620491509775,5784912
2016-08-08,284.9178466796875,286.14909136449234,283.76642679665537,285.6702817184336,4728776
2016-08-09,284.3705749511719,285.67023271945646,282.2045065036084,285.67023271945646,4210856
2016-08-10,279.7420654296875,285.2256224031876,278.11180823051774,283.86899056937455,3619720
2016-08-11,280.0498352050781,281.58888376004194,278.62479024677833,279.7192359079163,2856072
2016-08-12,280.1524658203125,281.58892246890616,278.03201533061844,280.6883050646203,4641496
2016-08-16,279.833251953125,282.3755100054982,276.75515470626647,281.13288187974547,3468568
2016-08-17,281.56610107421875,282.1589142365376,279.5368313971678,281.22409026908355,5511036
2016-08-18,285.57904052734375,286.1262634170924,281.48632209766174,282.27293586654815,6111656
2016-08-19,284.3478088378906,285.0090353665237,283.05956243145124,285.0090353665237,4110636
2016-08-22,285.07745361328125,286.02366136078064,282.95697522020595,283.8804156439774,5501292
2016-08-23,285.33966064453125,285.9210902626816,284.10844376619235,285.23706851564174,5314524
2016-08-24,287.69952392578125,288.24671899238984,284.3364174004277,285.4764535107171,5570936
2016-08-25,286.9584045410156,288.8394634942672,285.9893741711587,288.2010323527295,8729888
2016-08-26,286.62786865234375,287.7223144337076,285.89825668670943,287.28909515221306,2521136
2016-08-29,282.2956848144531,286.26301532460144,281.86246560460853,286.26301532460144,2944184
2016-08-30,289.2613525390625,289.68316031098897,283.6295577521993,283.8917716102869,9867608
2016-08-31,294.40289306640625,295.2693315818184,288.54311900910517,289.3411442295966,11161364
2016-09-01,292.6928405761719,294.1292971138458,290.800397457279,293.6732826997158,5224676
2016-09-02,293.01202392578125,293.901257501872,292.111406690339,293.103232365133,3955188
2016-09-06,296.5005798339844,297.2986050646333,294.1407107899333,294.1407107899333,5508884
2016-09-07,293.38824462890625,297.5493757456559,292.5560128389747,296.63734700773813,4016444
2016-09-08,293.9925231933594,295.326359900793,292.6700701474941,294.1293219625733,2905380
2016-09-09,294.2205505371094,295.1553746623887,291.46166847648897,294.1293420737593,4013768
2016-09-12,291.826416015625,292.85244839863986,289.9111500007487,290.6407618955065,3985728
2016-09-14,289.4438171386719,291.16528315659446,288.5204043969319,290.7092686175865,3849508
2016-09-15,291.75799560546875,292.73843765848216,289.53492549650696,290.0251465230137,3501812
2016-09-16,295.91912841796875,297.43538181056846,292.7156440717668,292.7156440717668,6525816
2016-09-19,294.16357421875,296.9794583338734,293.6733530395616,295.7254183946517,5894832
2016-09-20,293.77593994140625,295.26939861195405,292.7727302742322,294.73358712314126,3778248
2016-09-21,294.8133544921875,295.9533906657845,293.6505231617014,294.5853472574681,4256400
2016-09-22,297.9826354980469,300.27409131403243,296.53479524623094,297.54941622202244,6555800
2016-09-23,299.3050537109375,300.61609516965126,296.7513840897378,297.78882802936283,4876808
2016-09-26,295.5315246582031,298.43861632847137,294.9728903433866,297.8001850637979,5576772
2016-09-27,295.9647521972656,297.81160492013265,295.23511246958935,296.1813479005186,4056812
2016-09-28,295.3262939453125,296.4093280284935,293.90124909902164,296.3865328775343,4989652
2016-09-29,291.2791748046875,297.7773794872187,289.10169508492174,295.94191054021775,16450012
2016-09-30,290.218994140625,292.07725861250975,288.97636588312827,291.1880248581138,4138428
2016-10-03,293.4908752441406,294.1065114227712,291.0284140283541,292.07724164801755,3900548
2016-10-04,294.0267333984375,295.2693616637798,292.3736809875785,293.8101098310595,2775512
2016-10-05,293.2400817871094,296.4207992244233,291.0284228733646,295.9533732875298,3647020
2016-10-06,292.2938232421875,295.40612713493175,291.63262461870863,293.4680659061861,2895712
2016-10-07,291.98602294921875,293.6162800415607,290.9941971679611,292.7612530175608,3337464
2016-10-10,292.841064453125,293.65050120903294,291.5642296007326,292.9892747111956,4719312
2016-10-13,287.9161071777344,291.6212243756264,286.4796506078485,291.6212243756264,4519356
2016-10-14,287.69952392578125,289.1131575693749,285.9210564605648,288.6001413197447,4067116
2016-10-17,282.2044677734375,288.7482903587916,281.07584339671286,288.54307833586705,5135360
2016-10-18,286.7988586425781,287.2890797023031,282.5009283739314,283.4585475064414,2610968
2016-10-19,286.9129333496094,287.9731726873697,284.5530637480898,287.5399533218107,3044904
2016-10-20,286.2630615234375,288.9877366389425,285.2370290448589,287.34609580638164,3200356
2016-10-21,289.7287292480469,290.24174543271494,285.0089914822643,286.37703464137917,3956408
2016-10-24,288.0985107421875,291.13098982400913,287.5284927381334,289.96815866232083,3255664
2016-10-25,285.07745361328125,289.1131704909115,283.6524084117291,289.1131704909115,5501796
2016-10-26,282.56939697265625,288.42917218345394,281.6003661570201,283.492809638395,5366540
2016-10-27,285.4878234863281,286.60506438743585,279.1150330684754,282.50093458713843,11623860
2016-10-28,287.072509765625,287.72232479481096,282.75175612208193,286.03506575149567,5320536
2016-11-01,287.2435302734375,288.16694288986423,284.3364379817734,286.37709163373637,3402416
2016-11-02,284.13116455078125,286.3086165091422,283.0709255538127,285.2597890048037,6474432
2016-11-03,286.1376647949219,287.2891124502094,280.84790814329,283.8690039686593,6315812
2016-11-04,283.5726013183594,285.6474895276919,283.1279983208829,285.6474895276919,5734920
2016-11-07,284.8835754394531,286.1148198451179,282.72891860422175,285.4650049132949,5671392
2016-11-08,285.9894714355469,286.83308702893737,282.75175216361237,285.2598316209401,5348164
2016-11-09,285.29400634765625,286.69625618120176,272.54839841956857,273.6086374562937,13645468
2016-11-10,291.5185852050781,292.5332060023208,285.9437930674876,288.14406787640917,10700736
2016-11-11,290.8916320800781,292.30526575791043,288.56594165901123,290.4812079372682,7139320
2016-11-15,286.092041015625,293.9012878016662,285.15721703993654,291.27920493919976,12512524
2016-11-16,283.7207336425781,289.113109106935,282.74031945181844,289.113109106935,8647744
2016-11-17,280.49444580078125,284.7581971328349,279.3430261426047,282.3413263837773,4815624
2016-11-18,276.20794677734375,281.8169187192513,275.7063142028535,281.8169187192513,6879900
2016-11-21,273.312255859375,278.0548173833346,270.95238659207706,278.0548173833346,5552520
2016-11-22,273.1640319824219,275.1590949450954,271.1803526797893,275.1590949450954,10017784
2016-11-23,270.1315612792969,274.29269315804527,269.29932933696455,274.29269315804527,3532692
2016-11-24,265.7424011230469,270.4849621861636,264.6935735320435,269.9605344742063,15285996
2016-11-25,271.1689758300781,272.0581816494456,264.0323392912019,266.54041850726685,5969960
2016-11-28,270.0631103515625,273.35783101133546,268.61527023328813,269.105491267971,4130180
2016-11-29,268.76348876953125,272.00117989768404,268.2504725661536,270.1201204852992,3932644
2016-11-30,273.5174255371094,274.06464837165464,269.29929242989175,270.1885260569141,6442840
2016-12-01,272.98162841796875,275.409910737653,272.0125977887966,274.1330759457965,4476984
2016-12-02,271.1233825683594,274.05326980939094,268.29608744423473,271.1005874127037,4062672
2016-12-05,272.77642822265625,273.3692414196898,268.2504905362472,270.7813650758716,4551936
2016-12-06,272.34320068359375,274.2584668129964,271.3741700416906,272.4686157821811,2702964
2016-12-07,269.413330078125,274.95391674968425,266.08443017719515,274.03047636012,5628192
2016-12-08,273.49468994140625,274.87414490462294,270.6445993834508,270.6445993834508,4309696
2016-12-09,273.2210388183594,274.13306761810964,270.87255352583827,273.4034278785633,4387952
2016-12-12,270.0631103515625,271.81878244869296,269.2992918166848,271.7845758029412,3425272
2016-12-13,270.4735412597656,271.4083652140814,268.7178969512435,269.1054980584517,2526868
2016-12-14,268.0680847167969,270.8725847322915,267.5436847962719,270.64457750608585,4314144
2016-12-15,268.27325439453125,272.3545886652639,265.3091609222429,265.44595966976675,4941488
2016-12-16,269.57293701171875,270.1885453489695,267.1218594906205,268.2732792077616,3255828
2016-12-19,268.3074951171875,268.93451496980896,266.88244999759337,268.3189066113093,3160436
2016-12-20,269.4817810058594,270.1885979317557,267.15609029859536,268.1365326310082,4189992
2016-12-21,269.0485534667969,270.1885897103003,267.9085172232935,269.9605824615996,2658876
2016-12-22,267.4752502441406,268.93450194250073,266.40362749928073,268.22768516400305,2805716
2016-12-23,270.4735412597656,271.15756286042256,266.60883034921795,266.99643145642614,4752516
2016-12-26,267.9084777832031,270.4393523046152,266.79123686246095,268.71791453009587,4183864
2016-12-27,270.2341613769531,270.6217903727421,267.6576963441971,268.88894096879096,4899296
2016-12-28,270.5875549316406,272.4572029098639,269.2765134815821,271.3057832056462,6507840
2016-12-29,274.7942810058594,275.4213008393993,269.3791097161964,270.18854645265804,8100816
2016-12-30,275.0223388671875,276.3447920746388,273.5972935285188,273.60870502439485,4066540
2017-01-02,272.9474792480469,275.91157356146283,271.7960593106624,275.76336327920865,3708656
2017-01-03,271.3057861328125,274.05325632761395,270.35955063989195,273.7910703011024,3847500
2017-01-04,270.30255126953125,271.784598155446,269.9149501402259,271.2943770804457,6967120
2017-01-05,270.4621276855469,272.354598565967,269.7553109368886,271.10055897441174,6776384
2017-01-06,272.1607971191406,273.24383130828704,270.9181411918477,271.3513604340883,5525260
2017-01-09,272.51422119140625,274.55490253247336,271.818815862548,273.34645312009116,4573796
2017-01-10,276.8805236816406,277.4391579929955,272.53700344213553,272.74218764537943,5546116
2017-01-11,281.36090087890625,282.2957248857465,277.14276743785297,277.59878186391273,9343404
2017-01-12,281.5888977050781,283.57254925210344,279.4228292611929,281.5888977050781,2916316
2017-01-13,281.0189208984375,282.66056187924215,280.1296871034538,282.50096794577206,3850412
2017-01-16,284.4731750488281,284.8835712894652,281.08727385725547,281.24686775646285,3765864
2017-01-17,282.3869323730469,285.5562381899202,281.8739161454818,284.3249936771816,3559612
2017-01-18,283.3217468261719,286.3770489339281,282.9227342181827,282.9341457115753,4612888
2017-01-19,281.8853759765625,283.84623277158494,281.58895541664157,283.84623277158494,3512412
2017-01-20,281.8966979980469,283.8689658575347,280.44885783515474,281.8169010441067,13942068
2017-01-23,283.7891845703125,285.00901759905406,281.77132629229357,281.8169166019447,4793848
2017-01-24,289.0105895996094,289.9112070688199,284.83804595416694,285.009051384998,10261864
2017-01-25,294.26605224609375,295.4060881124066,289.59190519421105,290.16192312736746,15636984
2017-01-27,294.56256103515625,296.40941412581867,293.67332722619574,296.18140688418345,6852236
2017-01-30,292.977783203125,294.8018404463565,291.9745739856715,294.8018404463565,5319628
2017-01-31,293.3655090332031,294.74493607959636,291.16523368971684,292.3964783024425,6101040
2017-02-01,297.708984375,298.68942644994615,291.9632141749283,293.2628440576153,10910664
2017-02-02,296.1130065917969,297.7090573533852,294.7221679232818,297.7090573533852,5971636
2017-02-03,298.9288330078125,300.0574574478763,295.6113173109207,296.18133527719704,8005104
2017-02-06,299.6242370605469,300.969485022304,299.02001245206435,299.2138408261706,4310220
2017-02-07,298.0396423339844,300.51351509729994,297.08199531298595,300.05750065860906,3411920
2017-02-08,297.6976623535156,300.67314017455635,295.9876080312225,298.1308816817463,4940960
2017-02-09,295.8735656738281,300.9467261657838,294.7107344534903,298.5526504280069,4465376
2017-02-10,297.230224609375,298.40446743079536,295.9533896658433,296.0331866311426,3296736
2017-02-13,298.7349853515625,299.82943090933725,296.2269064618266,298.1307886126333,2795792
2017-02-14,298.9402770996094,299.6015036407418,297.3214313147087,299.6015036407418,2446060
2017-02-15,301.4711608886719,301.8815850528765,298.10805410654956,299.1454981792855,6126940
2017-02-16,302.7707824707031,303.93361368566383,301.0265217318062,301.6535415649912,5043700
2017-02-17,313.9773254394531,331.52246832093556,310.1923836585944,329.47040352390087,402259960
2017-02-20,321.2849426269531,322.73278279241913,309.8959940253454,310.3633920894887,10566716
2017-02-21,322.7556457519531,324.1806909403021,318.61730895840486,320.58957706566264,6260028
2017-02-22,319.01629638671875,323.49664367121244,318.0358542414921,322.63020513203946,5296776
2017-02-23,317.9104309082031,324.07800859626184,316.25737880796,320.0764991774873,34494980
2017-02-27,317.7508544921875,318.8338887812799,314.3307462108431,317.1352461347105,4681376
2017-02-28,316.95281982421875,318.35506974455507,315.67598500364295,317.5912511509625,2928008
2017-03-01,317.3063049316406,318.41213456206833,316.10926683178326,318.4007230660457,3481736
2017-03-02,314.6727600097656,318.2980803887994,313.79493777584895,317.9674810516466,4601988
2017-03-03,313.9659423828125,315.67599653522433,312.14188462023986,315.67599653522433,2492824
2017-03-06,314.82098388671875,316.90725561485397,313.07672300473973,313.92036645833986,3679124
2017-03-07,316.0635681152344,316.3599886070933,313.78349612527336,315.1629508123638,3112876
2017-03-08,317.431640625,319.0276911653729,314.88938238773613,316.4512262785185,3782144
2017-03-09,317.8876037597656,318.9136360844093,315.026130309671,315.026130309671,3509316
2017-03-10,319.23284912109375,321.0341114207891,317.64821034347955,318.0700180625006,5860704
2017-03-14,321.6497802734375,324.71649414084595,320.72636771452176,324.24906819773986,7155020
2017-03-15,322.9950256347656,323.770255757387,321.615598639209,321.7067792618244,4271860
2017-03-16,323.1660461425781,324.4200859241426,322.32243051360047,323.3370515673369,4980108
2017-03-17,325.1040954589844,325.4803129459599,322.14000154073744,323.4396594200244,3390464
2017-03-20,327.4411315917969,328.2961585845856,325.1268529647333,325.2864747031332,8142344
2017-03-21,328.5469665527344,329.4704068538974,326.9623276321722,326.9623276321722,5557280
2017-03-22,326.2554931640625,327.6463314540358,325.0926620636884,325.5258534575998,5636544
2017-03-23,326.2554931640625,327.1903170748374,324.431435647269,327.0535183276597,4922472
2017-03-24,324.7620849609375,327.0649523640098,324.2262735494321,326.7343530213335,3810364
2017-03-27,321.4559326171875,324.68223993594177,320.13350760932866,324.68223993594177,5864084
2017-03-28,323.81585693359375,324.84188946865953,322.19701116707273,323.382665462897,8061400
2017-03-29,325.73114013671875,327.1448017359223,323.7702834234135,323.9527003500576,8575772
2017-03-30,334.3041687011719,337.43926791868796,324.9216940365351,325.59430419003735,34321092
2017-03-31,328.91180419921875,331.52247555928267,327.54376097132626,331.47688525151716,9651392
2017-04-03,326.7799377441406,330.63326534255856,325.13829688741134,329.6984413037846,4149052
2017-04-05,326.58612060546875,329.8124281829663,325.4917027008061,327.2473470788817,5744080
2017-04-06,327.98834228515625,329.01437463849874,324.9216567177738,326.3922919577346,6124416
2017-04-07,328.0681457519531,329.4703955626251,325.731072011803,326.2897063372431,4648360
2017-04-10,326.9965515136719,329.01440979092155,326.6545406926834,329.01440979092155,3393876
2017-04-11,328.2164306640625,328.6040318491518,326.392372695801,326.9623908108827,4356260
2017-04-12,329.174072265625,330.5991176498755,327.3044238546554,328.1024492698357,3565092
2017-04-13,328.3988342285156,330.3596908980085,327.6578107090684,329.0144426345829,4804236
2017-04-17,327.60076904296875,329.1968195060594,325.65129627274354,328.39879427451405,7137056
2017-04-18,329.994873046875,331.7505175737217,327.8743946879806,328.3304091451266,3638860
2017-04-19,330.3824462890625,332.149502161209,327.8743669866611,329.92643187044405,4338144
2017-04-20,333.3807678222656,334.27000156160557,331.28308466370555,331.29449615806,5781372
2017-04-21,341.235595703125,341.7828185910006,331.3628998978755,334.25858042322005,17258032
2017-04-24,349.5464782714844,350.9031100915649,341.32680689218495,341.5776092665386,20206952
2017-04-25,350.4584655761719,352.385115215295,348.7597952961262,350.0024511921987,9057780
2017-04-26,353.55938720703125,354.0951985861524,334.81717776821046,351.80371498306454,7795852
2017-04-27,357.6521301269531,358.87196322284683,352.5219675277535,352.5219675277535,16180420
2017-04-28,352.6131896972656,355.6684922195183,350.4699161170039,355.6684922195183,5437728
2017-05-02,351.2679138183594,353.6163992924726,348.9308398382895,352.72716557737573,4007040
2017-05-03,352.1115417480469,354.3802023299754,350.9828893709424,354.3802023299754,2507964
2017-05-04,349.9455261230469,351.79237921649644,347.1638210711498,350.96014721668877,5131028
2017-05-05,349.3526611328125,351.7923551548722,348.007440763476,351.60993824059943,2757896
2017-05-08,349.9455261230469,351.13115264817327,348.52048086067606,350.6751381642146,3747252
2017-05-09,350.16204833984375,352.40791363515183,349.4552316047141,349.94545263861204,3345836
2017-05-10,353.8216247558594,354.55123674654544,350.45851816935675,351.13112835349193,2342244
2017-05-11,352.5903625488281,355.6912551036623,351.3591180222715,353.6391901703719,3875744
2017-05-12,353.78741455078125,354.9844524763231,350.2646862415816,352.476373013283,6147604
2017-05-15,354.1864013671875,355.05281205513387,351.64411543934824,353.41117129582733,2804780
2017-05-16,355.6114807128906,356.14729213511555,353.0121927325177,354.55124153015663,3590376
2017-05-17,355.0414123535156,356.9224717286511,353.7531661239621,355.4176297951247,3472472
2017-05-18,355.0300598144531,356.033297214365,352.97799470082566,353.1832067787713,3107280
2017-05-19,355.97625732421875,357.9485252612443,352.3281419569249,355.577244705921,2854136
2017-05-22,359.3393249511719,360.2513536947028,356.3980266867031,356.8540410584685,2860052
2017-05-23,357.7661437988281,361.06086501602624,356.83131970994083,360.25142820556323,3080172
2017-05-24,357.2303161621094,359.2139678664169,356.1472818542938,357.75474390747996,3467388
2017-05-25,368.7218933105469,371.51498184584887,357.3101204474335,357.3101204474335,20090804
2017-05-26,370.7397155761719,372.10775880708024,365.06233060131996,366.3277817230745,5443156
2017-05-29,372.0849914550781,375.75590216572135,368.8358885389,369.32610963318666,5916340
2017-05-30,371.4351806640625,372.4498016811765,368.4938818977938,371.65177639444,4434184
2017-05-31,373.0654602050781,374.6159206751842,370.0899822214375,370.51179007740376,5318912
2017-06-01,371.3324890136719,373.89756979718396,369.49704790832567,373.7037692601224,3359540
2017-06-02,372.6207580566406,375.32263774811054,370.7852890055598,372.56375625794755,3213544
2017-06-05,372.9171447753906,373.69234690109437,370.51165795519563,372.49530923693146,2899900
2017-06-06,373.6924133300781,374.79827058749754,371.6517598920565,372.791795965345,5002632
2017-06-07,374.1142272949219,375.0490512543413,371.73153533987926,374.0230188477543,2554276
2017-06-08,375.0148620605469,378.35517328402966,374.3080452696963,374.82106149686535,4248768
2017-06-09,380.04248046875,380.77209250685456,373.95467043371167,373.95467043371167,5305272
2017-06-12,380.4870300292969,382.14008229459273,378.4919669504916,379.4039957865169,3971412
2017-06-13,382.2997131347656,385.76543974616936,378.72001074076087,378.8910161640333,5051620
2017-06-14,381.045654296875,383.0407174685557,380.08803510763323,381.9120928645985,3858360
2017-06-15,379.4837646484375,382.04884555985575,377.0326873330823,380.3159964662795,3526692
2017-06-16,380.6010437011719,381.8436718899609,378.0587576869225,379.63201303726294,3755104
2017-06-19,385.993408203125,386.7002249817334,380.40723160403746,381.0000447785829,3825532
2017-06-20,384.5456237792969,386.244266593072,383.0179585635067,385.33223762827134,3660264
2017-06-21,387.31585693359375,387.897286482942,382.9609245593539,383.64494622545163,3410932
2017-06-22,387.15631103515625,391.2604415408293,385.6058505998466,386.4608777885285,6675460
2017-06-23,382.7442932128906,388.23926118592436,381.9576516703364,388.0682557853139,5217468
2017-06-27,380.23626708984375,386.47225933614806,377.6369790710886,385.10421594026786,6000432
2017-06-28,379.9625549316406,381.91202745869737,377.9903150860159,379.63195565297383,4449036
2017-06-29,381.70697021484375,386.033458810062,378.9641626521158,382.61357185042016,9187708
2017-06-30,379.1822509765625,381.00694168895564,377.10506337045433,379.5839149211141,4330432
2017-07-03,380.68560791015625,382.7283615905822,378.0805359100969,379.30847437519765,3504332
2017-07-04,379.48065185546875,382.5447686561545,379.1708023844522,381.06436117359976,3766080
2017-07-05,378.42486572265625,380.89223027551054,377.56415715770703,379.4232820544259,4014200
2017-07-06,380.58233642578125,381.6955137697651,379.02157386949096,379.2970173888765,4571676
2017-07-07,382.65948486328125,383.2103438681048,380.5478913656192,381.20202417603656,5517396
2017-07-10,384.75958251953125,401.2048558112453,381.2479092307493,382.84307751324775,1309252
2017-07-11,385.6891784667969,388.07621537111555,382.6365214615838,385.035045685066,4410280
2017-07-12,385.8843078613281,386.74501635469915,380.67416365526424,385.59740503020447,5738892
2017-07-13,386.4122009277344,388.65004289843665,385.5170585358828,387.4335637482469,4481004
2017-07-14,385.5858459472656,386.98595391685444,383.76115548805967,386.4924755355936,2443252
2017-07-17,386.13677978515625,387.353259005827,384.9088412618632,386.1827010492098,2399340
2017-07-18,386.4122009277344,387.3991298066655,384.9891461459092,385.52851783784115,2322188
2017-07-19,388.4205322265625,389.31564662725043,386.0220077962478,386.745008519603,3987244
2017-07-20,392.68963623046875,393.6306718832954,387.46800486875156,388.7877578502845,3698476
2017-07-21,390.88787841796875,393.68803865615934,390.18782434949475,393.42408246552884,3873508
2017-07-24,398.2440490722656,399.36871369716727,389.0402124808612,392.4830462196299,19678176
2017-07-25,399.28839111328125,403.7296410838853,397.7735498543427,403.7296410838853,11160468
2017-07-26,401.1015930175781,402.811522461342,397.6472721733761,399.8277334060728,3895344
2017-07-27,410.7645568847656,412.8646913650575,402.01976355904156,403.04112650505806,17961712
2017-07-28,408.2052917480469,410.0414696136552,404.21159928677866,406.71339723224014,9255396
2017-07-31,409.5594787597656,411.0743198961814,405.4625124983738,407.98725706501705,7369140
2017-08-01,412.49737548828125,415.2401831798132,406.7593192522554,408.97421456293193,8516860
2017-08-02,411.2235107421875,414.7466713841887,409.0201029283319,414.7466713841887,7397916
2017-08-03,408.5381164550781,411.3038707664242,407.2642847821102,410.38578176917775,4256784
2017-08-04,410.9022216796875,412.39411635412847,405.3707408749463,407.86105176640393,3545068
2017-08-07,410.51202392578125,412.32522725328874,409.6972087460641,409.9267309918602,1918660
2017-08-08,408.067626953125,412.50887702935285,405.35925310920715,411.32683180040937,4035372
2017-08-09,404.9804992675781,407.8725018637749,403.5804192275224,406.4838811248415,3270056
2017-08-10,404.0624694824219,405.3363292895396,402.3181058319723,403.9591956679443,7788444
2017-08-11,401.4459533691406,403.50016655944233,397.3374989706808,400.5163769318697,6359836
2017-08-14,403.3165283203125,407.39054868032406,401.20493460846285,402.3525459774802,3577084
2017-08-16,408.8365478515625,410.7989744883922,401.3311807486718,404.49857129815587,4426832
2017-08-17,405.1985778808594,408.7676319883036,402.5246381167415,407.68888864140393,5454868
2017-08-18,402.1574401855469,404.1887066169333,400.0573058678675,403.9591843530963,3707464
2017-08-21,400.10321044921875,403.7296735277299,398.9555990975197,402.58206217603083,4009724
2017-08-22,400.97540283203125,402.58205871057976,398.63428690185975,401.9623597931388,6609556
2017-08-23,406.81671142578125,408.07908383373695,401.66394798590346,401.66394798590346,3360524
2017-08-24,404.532958984375,407.3904997428258,403.76406506306733,407.3790404412256,7878276
2017-08-28,404.4755859375,406.5183395704896,403.580443556993,404.51001987864504,1507784
2017-08-29,400.7803039550781,403.72965942232986,398.90969191359255,403.72965942232986,4918596
2017-08-30,405.921630859375,406.2544269511474,401.67546876977264,402.11153867820383,2694320
2017-08-31,407.7347717285156,408.51515294748816,403.13286763075183,406.71340896843867,7303436
2017-09-01,405.70355224609375,408.88243003029027,404.2116575153725,408.77915621761304,2295172
2017-09-04,401.87054443359375,405.10680280712216,400.7688263406307,405.10680280712216,3642524
2017-09-05,402.89190673828125,405.08385560051465,401.8934904780148,403.27062408330784,3682436
2017-09-06,403.93621826171875,404.60183839833593,398.9096753223828,400.22942827583717,5751632
2017-09-07,405.4625549316406,407.80367074948566,403.9821195610105,403.9821195610105,6946420
2017-09-08,410.30548095703125,410.84485267401004,406.48392965679983,407.0347886941236,8311664
2017-09-11,418.4993591308594,419.796165354579,410.89069148163355,411.5333649430072,11477676
2017-09-12,421.2192077636719,422.2979791129416,417.34030428398717,419.497790946823,6687680
2017-09-13,422.7455749511719,424.38666473693263,418.64860815584916,421.17335305152585,4995376
2017-09-14,422.1832275390625,425.18996337691584,420.36999618074026,422.3553692246402,8154016
2017-09-15,424.3751525878906,425.02931341414495,420.8175577157616,421.4028506599304,3767332
2017-09-18,427.0146789550781,427.9327679984004,425.1899881886168,425.43099776963055,4084928
2017-09-19,424.54730224609375,428.747570703705,424.0538518140097,428.03605731949114,4241468
2017-09-20,424.352294921875,427.2442702722047,423.52602025290344,424.1572065722073,3446128
2017-09-21,422.1144104003906,424.27192538922486,420.18641768658443,424.15716425171087,7712496
2017-09-22,418.6716003417969,422.08000071831896,417.730564563659,421.1275056364845,8243524
2017-09-25,413.0826721191406,418.2928160208226,411.4415824174165,418.2928160208226,10149228
2017-09-26,411.372802734375,412.3597317494528,409.6972788462364,410.62685530790424,11438732
2017-09-27,407.74627685546875,414.42536872248314,406.25438223145494,412.2219607275102,7337220
2017-09-28,412.06134033203125,412.91056151934254,404.71662773135364,407.1725048000632,27646464
2017-09-29,414.4483337402344,418.18955778596614,412.27935959003383,413.16301468760247,6213632
2017-10-03,415.17132568359375,417.96002668763384,412.47443918519747,414.9762373702592,4394424
2017-10-04,412.45147705078125,415.8713641279503,411.61371524730237,414.9532751417493,6625104
2017-10-05,412.8186950683594,414.28764300724623,411.55632274894674,411.99242060831415,3336196
2017-10-06,413.1630554199219,414.16147174593897,411.76297509924274,412.68106422989877,3030660
2017-10-09,412.1072082519531,413.8286251619446,410.9595969786255,412.8646428994907,3062492
2017-10-10,413.759765625,416.57141330137085,411.4530837297918,412.9105444727479,3798180
2017-10-11,410.8792724609375,416.64027548687824,410.2939795005987,413.88600841300826,5267440
2017-10-12,417.455078125,418.0632896712041,410.38578164126443,412.01538400729845,5381560
2017-10-13,424.7998352050781,426.11958827833735,418.1895825179593,419.26832599678545,6433464
2017-10-16,426.25726318359375,429.9525659003194,422.7799954028498,426.91139600939226,3274544
2017-10-17,424.90313720703125,425.46545560753566,422.1144357941064,424.6162343459867,2613288
2017-10-18,428.8623046875,430.35419924488224,422.0913986193805,422.55044309857504,3926720
2017-10-19,424.2489929199219,428.05905720893406,422.4701952291073,427.3245971114824,570008
2017-10-23,427.6687927246094,429.1377126179075,421.414311805621,426.8884115201379,4162892
2017-10-24,428.541015625,431.4100439391541,425.3047572902051,427.5999799415284,11328872
2017-10-25,412.01544189453125,427.60001041109973,409.6972724550795,426.91144356663744,21367208
2017-10-26,412.07275390625,415.4352603741749,403.46566978247563,405.7953261555476,28571464
2017-10-27,411.08587646484375,414.86150663202903,408.3201218801547,414.1499931924138,7472088
2017-10-30,416.5828857421875,416.81240799328515,411.39568847095177,412.7383880363023,5422352
2017-10-31,415.09100341796875,415.77957019167843,412.967922532364,415.77957019167843,4682460
2017-11-01,418.0059509277344,418.87814676924546,415.8943572306152,416.6058706708713,4190612
2017-11-02,418.2125244140625,419.9798627115963,417.0304791147608,418.4191000615477,4737944
2017-11-03,420.1863708496094,422.32093897657774,418.0977239832414,419.0387596023904,3810488
2017-11-06,419.70440673828125,422.3209661538926,418.3272731529968,418.87813219068147,6148244
2017-11-07,418.5797119140625,423.4570596775793,417.90263249050355,421.8618912632407,7446376
2017-11-08,419.09613037109375,420.8519811418776,417.5009619818772,418.9239886880336,3283144
2017-11-09,419.5322570800781,421.1733468416422,417.9829818260285,419.33716876276856,3113308
2017-11-10,418.1895751953125,421.127471453223,415.9746796901856,418.12070730729306,7744360
2017-11-13,416.2500915527344,418.45349956958654,411.9924425686304,418.1895433760694,3335872
2017-11-14,413.6794128417969,417.50096382618426,413.14004116939617,416.78945046996296,4712468
2017-11-15,413.1974182128906,413.9777994431372,410.3857707344249,412.6809931658255,6148368
2017-11-16,414.9073791503906,416.81242511991957,412.0383508937833,414.05815799357646,4012972
2017-11-17,419.00439453125,421.9308034969767,416.1583127570898,419.727367273204,6358772
2017-11-20,421.8963317871094,422.25207446587586,419.7961975843606,419.7961975843606,2392424
2017-11-21,423.7554626464844,424.6161711014197,421.42580615822214,421.7356555984282,2275532
2017-11-22,425.8211975097656,426.9114283078637,423.36532039277125,424.5473376858983,5660796
2017-11-23,422.9750671386719,426.9113792769736,421.8618898446653,426.6818570300505,3232580
2017-11-24,424.9375,426.4064480061508,422.5504629922364,423.0095074930428,5203684
2017-11-27,426.3490905761719,427.37045343874144,423.6062827243245,424.3866640216074,3870472
2017-11-28,428.13934326171875,429.4361496378464,425.95888178573824,425.9933157284035,5090540
2017-11-29,429.964111328125,430.4690491522457,425.94747130670976,428.0590651393966,3274584
2017-11-30,425.4654235839844,430.11324958307824,422.3209796707519,428.90825765738725,5796312
2017-12-01,424.2030334472656,426.91140734617335,423.26199777657877,425.74084941347246,3858148
2017-12-04,420.9667663574219,425.74084051466895,420.0486773285554,425.74084051466895,3641932
2017-12-05,417.8337707519531,419.6929233998967,414.7467076822123,419.10763045252884,3893360
2017-12-06,413.8974914550781,418.0403513251599,412.9105345566674,417.71901456629223,6395120
2017-12-07,415.35491943359375,416.95008776455114,413.8515375826346,414.6663527265012,4231304
2017-12-08,422.4127197265625,425.3046942348973,416.3533272218584,416.3533272218584,8956400
2017-12-11,423.7899169921875,425.01785551011193,422.32096888813606,424.1571470137367,3198232
2017-12-12,417.7075500488281,424.5932175763613,416.8009203469912,424.40958856848596,2410588
2017-12-13,418.04034423828125,423.4685510518113,416.6058301764526,417.74198212413256,2907460
2017-12-14,421.8734436035156,422.3210008483589,415.8943769224056,418.64864431924275,3683092
2017-12-15,429.9983825683594,433.3379420043992,425.87847001544634,425.9932311229687,12450124
2017-12-18,431.2608642578125,435.8627970451311,415.2746603349757,425.76381701880894,12297988
2017-12-19,432.53466796875,434.63480210079695,430.61816283868336,431.45592463120886,4952112
2017-12-20,428.781982421875,436.8037735806041,427.74913233184884,435.83979137038705,9343504
2017-12-21,428.8164367675781,432.64944718804446,428.1048953685301,431.47888930054927,6854544
2017-12-22,430.73291015625,431.50180404392825,427.3130232333954,431.2722818077347,4470904
2017-12-26,428.8279113769531,432.1445248640745,426.1539714287343,431.73137358651513,6785696
2017-12-27,426.1654357910156,429.2754734718167,424.880116800306,429.2295522113094,3489384
2017-12-28,431.0543212890625,431.7084541715452,426.4523884519622,426.6589641037609,8700520
2017-12-29,429.7574768066406,431.31821133334626,428.78200722075456,430.7673803344228,6345872
2018-01-01,425.6490478515625,431.67400741268597,424.73095877558177,429.82634194013275,6580516
2018-01-02,429.7459716796875,430.354211235137,426.5785814957083,426.5785814957083,4776316
2018-01-03,425.2244567871094,431.10022153967583,424.89163267106744,430.3542741311818,4531288
2018-01-04,426.888427734375,428.1737466987558,425.30471864529324,425.30471864529324,2373776
2018-01-05,427.7376403808594,428.75903115842516,425.89000316164186,427.5999326405841,2870868
2018-01-08,427.0491027832031,429.3672719591156,426.3949699588998,428.05900631050906,4570308
2018-01-09,427.7606201171875,429.17218760445445,425.76378768397825,427.3704434865593,5305528
2018-01-10,427.8753662109375,428.72461534460103,426.2916851040392,428.10488846038396,4615888
2018-01-11,429.7918701171875,430.5837106166717,426.0506464990388,427.8753370506418,4059096
2018-01-12,428.12786865234375,431.0772239924127,426.911389507359,429.89517878886204,4336708
2018-01-15,435.5758361816406,437.1021646995084,426.87693757778874,429.19510662600845,12576444
2018-01-16,436.126708984375,438.3874975435289,432.70682185546485,436.8841155987385,6445384
2018-01-17,433.91180419921875,436.6775584587799,433.10847634166925,435.4036987918106,2905496
2018-01-18,443.9649353027344,448.48651278642785,440.23519843846645,441.60084472931794,16649540
2018-01-19,448.0733337402344,449.8406719094623,440.51058666645366,444.1599961142325,11455988
2018-01-22,450.6325378417969,456.2902673335836,448.2914219227806,449.86364385001195,8849768
2018-01-23,447.8667907714844,451.40141111089946,446.03061271761527,451.01123448159376,5047796
2018-01-24,449.32421875,451.92929057049014,447.7060757508218,448.1536609295431,4790568
2018-01-25,453.2949523925781,454.45405095189443,447.68314463720714,448.4635258838263,8723668
2018-01-29,458.9642028808594,460.63969860490226,453.9950402392801,453.9950402392801,8235892
2018-01-30,458.01165771484375,459.48060574355844,455.40658573632294,458.5395701060212,6397560
2018-01-31,460.352783203125,462.14306802865417,456.06072817131155,456.6115871959247,6943348
2018-02-01,457.01324462890625,462.487344818849,455.6705450378416,460.42164451940994,6521420
2018-02-02,447.10931396484375,456.7263012188898,445.61741943672695,455.83115889844953,7346124
2018-02-05,439.27117919921875,444.182961250672,437.4350010878608,440.22370219805657,7926784
2018-02-06,435.3577880859375,438.8465148630641,421.47169281961146,426.9113586010979,10749804
2018-02-07,429.8492736816406,437.69892329072565,427.46223671875,437.69892329072565,8364972
2018-02-08,431.7198791503906,435.77095259989585,428.4032937357897,432.4199332430902,5171444
2018-02-09,424.50140380859375,427.9901308214529,423.26197804791775,424.134173810059,6408952
2018-02-12,430.73291015625,432.8789374610897,425.7981820780881,426.9113593200567,4381108
2018-02-14,432.224853515625,435.61030688190107,430.2739142876015,433.7511821622966,3577188
2018-02-15,431.9379577636719,434.88731327666255,430.354248525527,433.72821462682526,4915224
2018-02-16,431.18048095703125,434.91021741322726,430.50340154597035,432.3969600545006,3583520
2018-02-19,431.08868408203125,433.2461988623233,426.6933553543759,432.09858759810976,3654552
2018-02-20,427.6458740234375,432.8445589424188,426.63599846916475,432.59209005385065,4084068
2018-02-21,426.31463623046875,428.87381494241123,425.12110371002296,428.73607917700565,2753072
2018-02-22,425.35064697265625,426.91140956962244,422.67673502054936,424.6161869375277,13253596
2018-02-23,431.62811279296875,432.61504173579544,424.7080108012067,426.1999055449295,4076748
2018-02-26,438.7432861328125,439.4892334758108,432.31666287005777,433.360972339543,4788884
2018-02-27,436.6775817871094,441.0843979196622,436.0922888239147,439.47774211873195,4787328
2018-02-28,432.4658203125,435.04794567318146,431.042793543088,433.6937867871956,4066364
2018-03-01,430.20501708984375,434.5544804713878,428.7475564282539,431.34116902064073,3909840
2018-03-05,429.19512939453125,431.04279475383896,426.5097302190209,430.1591396759388,3781464
2018-03-06,423.7554626464844,431.4788921190079,422.2061874276008,429.206616194408,4576828
2018-03-07,420.6224670410156,425.39654101745026,419.68143142563883,422.32093728366175,5628164
2018-03-08,425.2702941894531,426.56710050211,420.48476089312106,422.2750456455495,5518724
2018-03-09,424.8572082519531,428.1164132723772,423.23906504450537,425.752322688902,4108108
2018-03-12,428.5754699707031,429.08040777088996,425.3965920508606,426.9573267173465,6557116
2018-03-13,426.9687805175781,432.5920758395406,425.7637886628719,428.6213295683194,5124200
2018-03-14,427.9442443847656,428.7246256552219,424.1571271778208,425.99330521755167,3680392
2018-03-15,431.6854553222656,433.2232431769979,428.1048858385472,428.1048858385472,5870924
2018-03-16,425.30474853515625,431.7543184490371,423.82434116266927,431.5018495661596,7896336
2018-03-19,423.9850158691406,426.91142482966654,423.0439801599151,425.3047689297699,7838740
2018-03-20,422.20623779296875,425.97040882182125,421.23076809434406,423.4915569687617,3657372
2018-03-21,426.6589050292969,427.6458338679109,423.0783636260131,424.1571069658091,5921140
2018-03-22,428.69024658203125,431.5018945652356,425.78678408151825,426.6589799691653,6673224
2018-03-23,422.67669677734375,425.32766186684484,421.68973992769975,423.8472546102307,7190152
2018-03-26,434.58892822265625,436.0923102889523,420.82907942883895,422.29802755127804,10501768
2018-03-27,434.39385986328125,435.8628080532352,430.5837956334225,434.6693034089418,6136836
2018-03-28,432.9018859863281,436.0233828087282,430.59520431314166,432.1788853355662,8837508
2018-04-02,443.2533874511719,444.29772496521895,433.9118424624804,433.9118424624804,4596368
2018-04-03,439.74169921875,441.9910005339466,438.6170345522248,441.58933658289146,4079884
2018-04-04,432.247802734375,441.8188699151389,431.14608466243834,439.0646027531517,3714108
2018-04-05,438.13507080078125,439.30562878488143,433.8429875019398,436.39070713645,4858892
2018-04-06,441.4631652832031,442.163191436523,437.42357870087375,438.8924988996431,3720008
2018-04-09,445.0551452636719,445.732224717146,439.85646052012,440.4073195424967,4003536
2018-04-10,440.8778076171875,445.96173105028134,439.19082468590494,445.96173105028134,6067236
2018-04-11,440.41876220703125,440.68271839714174,437.3316991629007,439.74168277913503,2870812
2018-04-12,442.7025146484375,443.6435502435965,437.44644966659786,439.76461872331214,4712516
2018-04-13,441.830322265625,445.27315594561685,440.47613541459106,442.51888900162334,3297172
2018-04-16,445.755126953125,447.5683582130455,440.6482572247966,440.682691163614,2847744
2018-04-17,447.22412109375,447.7979267405216,443.9189949647751,446.0765098002069,2667832
2018-04-18,443.57470703125,448.3717277926742,442.9894420882527,447.79792215178264,2712720
2018-04-19,445.0436706542969,446.37491099490694,443.6665370679504,445.2731929186879,3169032
2018-04-20,448.922607421875,450.0931653794643,443.4714535831385,445.5027200415809,9361380
2018-04-23,444.29766845703125,454.2245051667131,426.9802269532932,454.2245051667131,15304620
2018-04-24,444.1256103515625,447.1208873029365,442.0599098382994,444.1256103515625,5037416
2018-04-25,440.8548583984375,444.8141171813989,438.8465387259209,442.4959480772645,4020592
2018-04-26,443.03533935546875,445.0895523613729,438.67441644509245,439.94827618658076,7847480
2018-04-27,441.4631652832031,444.24037930743856,438.9613667917728,443.666573599214,5777008
2018-04-30,446.2601318359375,448.670115514692,442.7025368815856,442.9779523805876,4609552
2018-05-02,452.0440368652344,453.99497584129654,446.6502644020036,447.5683533319152,7100048
2018-05-03,451.6768493652344,453.2835051436437,446.65030639778325,451.7112833069138,4152772
2018-05-04,456.405029296875,456.74931269840647,451.30964616135134,452.15886734465363,6881436
2018-05-07,453.8573303222656,456.12960633886127,453.3064712852342,454.8327999440187,5264128
2018-05-08,451.48175048828125,454.4311057803477,448.62418168140783,454.28191071513015,7100564
2018-05-09,454.0868225097656,454.568813628548,448.97995247531213,448.97995247531213,4327332
2018-05-10,457.3689880371094,458.81498945614356,454.91311110659154,456.4279523916705,7171672
2018-05-11,461.74139404296875,462.9463858753165,455.83119600812023,457.36898390130847,6057068
2018-05-14,464.03662109375,465.33342744379263,461.8905936036016,462.99228362175063,4742916
2018-05-15,467.72052001953125,473.96351491686244,465.1728002611406,465.25315547456455,9826684
2018-05-16,464.40386962890625,470.2911213340973,462.9808427919918,466.0564467488457,6841604
2018-05-17,465.41375732421875,469.24676781468025,461.91354289976096,464.5186149170162,6615476
2018-05-18,461.83319091796875,464.71367828224226,459.84781789498646,464.71367828224226,5217460
2018-05-21,457.44940185546875,463.8645385214955,455.8427458586105,462.73987372012334,4848108
2018-05-22,456.72637939453125,462.24637328268335,455.7164757836832,458.7461585983715,3960372
2018-05-23,451.5850524902344,457.66739246024264,450.64401681542665,456.24436563666546,5726292
2018-05-24,455.83123779296875,456.8067074609547,449.0258967409779,451.49326119529536,4520744
2018-05-25,461.04132080078125,462.7168443908851,456.7263194197521,456.74926604060585,4759588
2018-05-28,468.7303161621094,470.9796453636771,460.42162212453036,460.8347733714639,5103940
2018-05-29,466.5269775390625,471.14036973199177,465.6548096917314,467.76640344617124,3351244
2018-05-30,470.1419677734375,471.20922392283614,462.78576775639425,463.56612106609316,4866996
2018-05-31,494.1877746582031,498.9345942292456,480.455535183718,485.0752999450999,39639192
2018-06-01,487.5238342285156,493.85288986674175,485.30632442003014,488.7711482497781,21151356
2018-06-04,472.64813232421875,498.2416409693798,470.74247931633863,496.62472326572396,88796324
2018-06-05,476.66741943359375,477.44119630663573,467.2892730570082,473.5259563850058,17105460
2018-06-06,475.2237243652344,476.94457564196694,472.3709967661915,475.88200707712355,9782000
2018-06-07,476.3439636230469,480.4093794295823,474.2650693479446,478.88483440372744,10563896
2018-06-08,473.3757629394531,476.1245003842265,470.0610592028628,475.6047768543953,6180888
2018-06-11,471.747314453125,476.5171992601949,470.9388555777833,473.9647678178929,7091188
2018-06-12,472.1053466796875,474.1495871288467,470.8464719490959,473.9647852432512,5234256
2018-06-13,469.24102783203125,474.63462555166814,467.54326998350734,473.9878472299422,7897960
2018-06-14,470.6154479980469,472.37095299082745,467.7511881694013,468.9061293747578,16927576
2018-06-15,468.8137512207031,470.9619532457797,467.12755389702687,467.98219915179897,10880816
2018-06-18,466.3999328613281,470.9388576349351,464.0784896589832,468.92924293222256,7487404
2018-06-19,467.4046936035156,471.37767996748187,466.4345542950699,467.7396152656013,10981152
2018-06-20,474.9465026855469,475.3738535369907,467.75124072517303,467.9822289921978,9051712
2018-06-21,475.281494140625,478.33052807229046,472.84455657632407,475.8358434396109,13510704
2018-06-22,481.22930908203125,482.4881835457724,473.491204059556,475.131186511738,7848980
2018-06-25,483.9088134765625,484.5671525334726,478.85019345917806,481.16007591343845,6992336
2018-06-26,483.6200866699219,485.76828866886393,480.4209332507114,481.8530491188009,9161932
2018-06-27,487.9858093261719,489.57960572579424,482.7654522136872,483.45841697763024,19126804
2018-06-28,492.2012939453125,494.3148136987764,487.6623413758838,488.54010793126736,37533540
2018-06-29,487.0271301269531,494.31482017982194,486.2533533801284,490.0877242238609,19458120
2018-07-02,478.8963623046875,487.0155762768505,476.5864799349555,487.0040719798918,9864876
2018-07-03,478.19183349609375,481.61047065766195,477.1293214497549,478.8963588925648,6863100
2018-07-04,485.8953552246094,486.9348023724102,477.9146997333261,479.5893645825608,6097992
2018-07-05,490.5613098144531,491.77399816125757,483.3544874893103,486.23028000443736,9735968
2018-07-06,488.5747985839844,493.2869929531131,487.6970883054851,488.14750413652945,8121344
2018-07-09,491.0000915527344,492.0049128759104,486.8654249362442,490.1223814239931,6182296
2018-07-10,495.7931823730469,496.532389925408,490.8500561299387,491.98187605486146,10950736
2018-07-11,496.2204895019531,497.9413406213635,493.11370893438175,495.4813384083233,5857920
2018-07-12,500.30902099609375,503.5197917138277,497.0867459800122,497.294612860939,8020668
2018-07-13,503.7622375488281,506.049054994998,499.65069193058554,500.874884505897,7161188
2018-07-16,500.9788818359375,505.8758213913912,499.8008192193264,503.4157627257891,9017336
2018-07-17,502.8036193847656,503.7853193422184,499.68527834344513,499.68527834344513,6361924
2018-07-18,502.6766357421875,512.7939327205323,502.0876044056093,505.17132020711904,17460272
2018-07-19,504.96343994140625,506.67273044769945,501.4754947809234,504.24735380320396,5304776
2018-07-20,505.6448669433594,508.8325162423074,501.49863891316824,504.96346284819464,10006964
2018-07-23,498.1145935058594,503.0924015028497,493.86443232241805,496.6247305928039,16880132
2018-07-24,498.87689208984375,501.0135334843714,495.93179178927863,495.93179178927863,5208792
2018-07-25,501.3254089355469,502.815271982226,498.9346578094287,500.00873069587595,7038616
2018-07-26,506.4648132324219,508.9710016797653,500.08951555747814,500.08951555747814,21281092
2018-07-27,508.6707763671875,510.93447260354867,504.6400424917505,508.6245899937145,10554596
2018-07-30,501.2214050292969,507.9431859824188,498.7960282885895,507.9431859824188,7169120
2018-07-31,503.4388427734375,504.91714487474536,496.63625073962106,498.93457232880246,8860944
2018-08-01,498.6342468261719,502.3993659971941,497.0173293264108,499.58132106204613,6071560
2018-08-02,492.0511779785156,497.4794020643034,490.0069657228046,497.43321569123304,8905704
2018-08-03,490.07623291015625,495.9433687136069,488.30919522942764,492.82502711682486,13604008
2018-08-06,488.3785705566406,493.714366413185,486.4844777885994,489.9261808771026,5744632
2018-08-07,492.212890625,493.04447096904437,486.92328170660363,490.8500823655279,7428456
2018-08-08,493.4717712402344,497.0405284297627,492.70949873528275,493.3562771150482,9945380
2018-08-09,489.34857177734375,494.7767952546945,483.83947986097075,494.7767952546945,8944408
2018-08-10,488.4130554199219,490.5728179445599,484.6133102857743,490.50351019630205,5442940
2018-08-13,483.146484375,485.98765073954814,480.4554941885506,481.3794470619901,10054252
2018-08-14,482.5575866699219,486.2302773714805,482.11867514871324,484.613359584497,4935964
2018-08-16,479.4622802734375,482.00315092289253,477.31407835472106,481.1485057104349,10625160
2018-08-17,479.8434753417969,483.4699796760969,478.5267971699456,481.1254150455198,6065328
2018-08-20,484.1975402832031,486.83084007100086,479.3006008448603,479.3006008448603,7811136
2018-08-21,484.1629333496094,487.84718466339626,483.37753946237194,484.61334915899874,7776320
2018-08-23,480.4324645996094,486.69226907058936,479.72799551390386,486.23029254560544,12574552
2018-08-24,478.111083984375,483.59705529093804,477.233317296601,478.3766979322976,9714628
2018-08-27,480.5594787597656,482.41894539420946,478.20340996043194,479.7625806003223,12574788
2018-08-28,483.8857727050781,484.67111022138437,480.17839990172547,482.3034805872754,9973532
2018-08-29,480.1091003417969,483.70097907797305,478.7809178414527,483.2620675460361,9873692
2018-08-30,477.244873046875,482.2803720685994,476.2631729284974,481.28716765195946,21827460
2018-08-31,476.1129150390625,480.16676964054636,475.4315110584027,477.9608208272161,15771500
2018-09-03,479.3121337890625,480.21296532081635,476.6442084769463,478.0070164646992,7661608
2018-09-04,473.9417419433594,479.9820626244726,473.29496351098436,479.7395136631294,7130536
2018-09-05,472.5672912597656,475.88196690715665,470.18812927516336,474.40366470953495,5641508
2018-09-06,474.0340576171875,475.60478893708176,469.5066937261133,473.29490652359425,10402412
2018-09-07,475.1312561035156,475.8357815247873,471.3892578382086,473.75688733365956,5919300
2018-09-10,471.4816589355469,474.68084046917727,467.7742863480502,474.68084046917727,8598592
2018-09-11,462.0688781738281,473.0639126927555,460.6252016824562,472.6712439658249,18186536
2018-09-12,464.71368408203125,466.90807235767465,459.5626632583417,462.4153623773168,12246008
2018-09-14,468.8137512207031,470.6154708673356,466.3537206943886,466.56161576081666,10334672
2018-09-17,460.17474365234375,467.27763177307975,459.20460435847764,466.896523748436,9338220
2018-09-18,459.4818115234375,464.25172448275913,457.5761584779329,460.79846145477984,9325736
2018-09-19,453.048828125,461.5145536804727,451.92854067860105,460.78693500602895,16712264
2018-09-21,455.10455322265625,461.9417990871098,441.2336989437969,455.94766588867003,22610148
2018-09-24,444.8140563964844,455.5550098923026,442.3424934299331,454.4116293472772,13390792
2018-09-25,450.9814758300781,453.19895744426634,442.3425094320948,444.81407248805726,16682552
2018-09-26,454.63104248046875,456.8947385101517,451.6513167432826,453.4183542210257,14726724
2018-09-27,456.4674377441406,458.7426663765864,451.6166844742976,454.9082670502625,18352208
2018-09-28,463.3740539550781,465.545321246415,456.6984869721069,457.5069459583571,14460716
2018-10-01,470.1650085449219,471.67799281725536,461.4683237421473,464.24018266173937,12449588
2018-10-03,469.1717834472656,474.03406912763836,463.59341164387837,469.0100747563108,15332148
2018-10-04,452.2172546386719,466.0881105814495,448.81017788938294,463.82441441167316,17970584
2018-10-05,453.9612121582031,459.66661056844526,448.1518521189439,451.3394730027914,15729180
2018-10-08,449.2720947265625,454.81581209079775,445.8072713739155,453.8918591967585,20128020
2018-10-09,448.2557373046875,453.89185555243483,445.80726779450345,449.13350382569894,12459364
2018-10-10,454.3885192871094,457.87643605126635,447.07773589467826,449.2721241617924,15939932
2018-10-11,447.5512390136719,450.03436239017867,442.94300708523485,444.65232556051666,14359904
2018-10-12,457.78399658203125,461.3065669248303,448.5791216862747,449.27208634387443,9600320
2018-10-15,463.8359680175781,464.4711857068946,455.11616155514355,459.6666188144326,12585968
2018-10-16,460.3017883300781,466.18042741542615,459.08910014102634,462.66941765156014,9406004
2018-10-17,456.109375,464.9793290929983,453.5454111644819,463.385504590874,7940796
2018-10-19,454.527099609375,457.5530398497662,452.2749643171929,452.4828593681401,9867348
2018-10-22,461.7224426269531,466.59628931659125,459.34325224923884,465.21035974436376,20331160
2018-10-23,458.4770202636719,461.72241643996284,455.7398151531274,455.7398151531274,19428564
2018-10-24,460.186279296875,464.00914559999785,455.6473551542221,462.90039087009035,18072336
2018-10-25,454.7696228027344,462.8079960111428,453.30282503542827,455.87834935037466,29847056
2018-10-26,453.0141296386719,456.7099415164397,450.19608436059667,454.7696628380571,15155712
2018-10-29,444.9526672363281,453.88034034038964,437.7689102656126,453.68400597167135,17044280
2018-10-30,441.8227844238281,446.269308329283,438.7160036751039,444.6523905454812,13828704
2018-10-31,441.5917663574219,443.0123496680782,435.4128309578869,439.35119171556545,23449404
2018-11-01,441.6957092285156,445.8073112535144,437.95371095163904,445.8073112535144,19629052
2018-11-02,450.3000183105469,452.7369555489849,441.6495199028873,444.88335529966577,30092868
2018-11-05,451.8130187988281,452.65613155404645,447.6552302822745,450.40399610757987,5705296
2018-11-06,449.630126953125,456.43271869339145,448.7985468110178,451.5819661161844,8485588
2018-11-07,452.2634582519531,453.8803760929168,450.4271128398682,452.96798373281104,958760
2018-11-09,449.3645324707031,452.7138619859979,447.262545103914,452.32116505577574,10101620
2018-11-12,443.7400207519531,453.1989789888216,442.83916087301094,450.77360218995176,7907764
2018-11-13,445.28759765625,447.5859194584138,440.7717661030205,443.2664504745656,13350420
2018-11-14,452.2172546386719,452.73697821059733,447.3318474232112,447.7822914369649,26110636
2018-11-15,456.2364501953125,456.7330805749699,446.08449963257584,453.17585586558243,10392524
2018-11-16,462.9697570800781,464.979343560409,457.3567313708941,457.58771961906126,15813216
2018-11-19,465.187255859375,466.8272668427662,462.41539677866587,464.51738427550856,12286428
2018-11-20,464.8522644042969,466.5038359315726,461.7570445983775,464.9793192128589,5705168
2018-11-21,466.3074951171875,467.5086226494172,462.90041868227553,464.9215657199352,6545604
2018-11-22,463.24688720703125,470.0610398735022,462.0111058373882,465.03704595839224,12974552
2018-11-26,473.47967529296875,473.98783810968604,464.75986979168187,465.18719236894026,18184436
2018-11-27,476.7597351074219,477.6605667006152,471.38925844015074,471.4585661919997,12895440
2018-11-28,482.5921630859375,484.751925609807,475.85887868923334,476.99069846713456,13021108
2018-11-29,492.2474365234375,493.71417782173995,483.6893120585795,485.3062295296445,31908636
2018-11-30,491.6469421386719,493.7489578254374,487.3852200947657,492.0049852141474,13040924
2018-12-03,488.1474914550781,494.77684310687164,486.66913278422817,492.23597229726585,10799856
2018-12-04,481.737548828125,487.6161884235754,480.1321917934686,486.3226316855648,8157420
2018-12-05,484.8905334472656,486.2995843597184,479.5200565203986,479.99359372170596,11798844
2018-12-06,484.3938293457031,485.45634125862006,481.6104101808053,482.6960434717964,11730252
2018-12-07,486.8308410644531,489.23309622216846,480.52485078343335,486.62291781062675,9903920
2018-12-10,482.4767150878906,486.18408783982073,477.1986109315172,477.1986109315172,10915056
2018-12-11,475.73187255859375,478.4459845588067,469.3681348453286,474.91185297342304,18905780
2018-12-12,481.67987060546875,482.71931786340303,475.85897723976143,477.44121311844316,11370488
2018-12-13,485.3755798339844,490.84998961591975,483.06569752990947,483.920342703695,7064236
2018-12-14,484.08203125,489.2330801526144,482.3149938153921,486.2071117264259,6158284
2018-12-17,492.0511779785156,492.6055836362136,484.84435557738476,485.99929687223323,8437324
2018-12-18,493.26385498046875,494.0838745596534,485.6759246842009,490.61905075488727,7413968
2018-12-19,490.4919738769531,498.79598994351585,488.20521282610036,492.72104426060434,9009896
2018-12-20,493.7257995605469,494.41876427668893,485.6873975745766,487.9742149740131,7980476
2018-12-21,487.65081787109375,496.41686700951016,487.1657763858031,492.9289219025195,10220308
2018-12-24,480.6055908203125,485.9991880166274,479.84337485133034,485.9991880166274,5601488
2018-12-26,490.2378845214844,491.31195721606423,477.9146400940465,479.76254590397997,7601916
2018-12-27,486.2418518066406,493.8990901282699,484.7173067212322,492.69796244556983,11639868
2018-12-28,490.3648986816406,493.7950965089522,488.6556083099934,489.08295909971105,9415612
2018-12-31,490.0876770019531,493.6218079161998,488.93273594459185,493.6218079161998,5866528
2019-01-01,496.18585205078125,496.8556953773877,486.368852025891,491.46209751215014,6373440
2019-01-02,491.6584777832031,496.0472544230344,489.6257699555058,494.9616209540095,8134232
2019-01-03,487.8010559082031,491.60080179595036,485.7683477866245,490.66528799295776,12771664
2019-01-04,489.1060485839844,491.6584799725011,487.46606587901863,488.5978857232008,7287120
2019-01-07,489.84515380859375,493.24072581032283,489.2330575735116,491.47363206365804,5387012
2019-01-08,485.76824951171875,490.5035082444768,484.30145168827363,490.15702589817744,8343460
2019-01-09,488.9559631347656,490.00697100312703,485.675941100774,489.23313776979256,8568628
2019-01-10,487.0387268066406,490.5728583225664,483.37754047405303,489.00212693841985,7691540
2019-01-11,487.82403564453125,490.619015872436,486.9232040767868,488.26294713143216,6408040
2019-01-14,485.45648193359375,487.3621351879658,484.7173307378949,487.3621351879658,4855160
2019-01-15,490.13385009765625,491.19641839910753,485.5372073712316,486.2417326758718,5087556
2019-01-16,489.74127197265625,490.8500268414211,486.98097368867104,489.7066462929135,5252452
2019-01-17,492.5362548828125,493.3677787434845,488.1590388406626,490.9077764477752,8240228
2019-01-18,492.0627136230469,494.0838607861506,488.43620942054383,493.15990779730316,5207976
2019-01-21,496.1973571777344,500.4360138706636,491.1964844200167,494.30326491907425,17561512
2019-01-22,493.3562927246094,495.88560286748867,491.78556129365757,495.70080098262065,8796976
2019-01-23,486.3226318359375,493.3562690598246,485.4102395405872,492.92891824616714,7624288
2019-01-24,485.5951232910156,490.0762734731761,484.5903016914367,487.38528250400424,10111572
2019-01-25,484.1513366699219,487.3851719339385,482.7654072710576,483.45837197048974,11262236
2019-01-28,481.4140625,485.5487853568815,479.70477227792827,482.76536610611294,15360436
2019-01-29,475.281494140625,481.1485737304415,474.2189255250103,480.0513794312482,14762788
2019-01-30,469.99176025390625,475.20055634024715,468.4441503259308,475.20055634024715,18514160
2019-01-31,480.4439697265625,482.7076657159039,467.05821274198235,469.13710686397934,16579404
2019-02-01,482.86944580078125,489.00219600436,479.670291911561,480.4440688248503,15654188
2019-02-04,486.20709228515625,488.0781194652544,481.06760427848235,483.9203314149115,7938288
2019-02-05,488.3207092285156,489.46408975928233,484.38234838377304,486.9232190715277,8690288
2019-02-06,490.30718994140625,491.31201139380477,488.21679137829545,488.82888768788877,10875684
2019-02-07,489.0598449707031,492.0049449935519,486.4266016253658,490.8615644986978,7217308
2019-02-08,490.30718994140625,495.45823923333205,486.61137791399636,487.847187618108,12235644
2019-02-11,494.23394775390625,494.98465950746964,488.147441680413,488.147441680413,7036364
2019-02-12,491.9356384277344,496.162734455308,490.803818620733,493.85285207888666,9772388
2019-02-14,487.4313659667969,494.3148267014555,486.36885391379303,494.3148267014555,7441388
2019-02-15,485.2254333496094,486.94634088637395,480.0397585382585,486.7730997029639,8416524
2019-02-18,482.74224853515625,489.2330399416838,481.8414170530465,486.64598320938217,7138744
2019-02-19,481.39105224609375,486.9578349869339,480.03974848634573,482.6961132430093,5268636
2019-02-20,487.0041198730469,487.6162162037759,480.89443528937466,482.4189803607702,4892500
2019-02-21,488.7479553222656,489.6834688980774,483.5969630976198,485.4679338556346,5261544
2019-02-22,483.1003723144531,491.5661256556029,482.5575837539873,489.55648273188757,8890708
2019-02-25,490.9423522949219,491.99336000047094,483.9549584682144,483.9549584682144,8140596
2019-02-26,487.5353088378906,490.8500126572805,485.3294162488394,487.67392434008633,9607428
2019-02-27,483.2851257324219,490.72293548301457,482.33805142900883,488.7942175926352,7030092
2019-02-28,479.8896179199219,486.4265962357533,478.8847965422854,483.48149624553633,11645376
2019-03-01,481.22930908203125,485.28310704608504,479.762511393463,481.8991523325046,9352928
2019-03-05,486.7153625488281,487.6393155458219,478.1456759442649,482.5113312976141,11837276
2019-03-06,486.0570068359375,487.4544969747564,482.8924792083267,487.3851892236322,8458044
2019-03-07,491.1965026855469,492.00496154254165,483.9203729725938,487.2928239049321,10204852
2019-03-08,491.5892028808594,492.0049930269297,487.25817301266454,488.5517298240793,7053460
2019-03-11,491.6469421386719,495.16951304220044,490.20326553886514,492.4669617260856,9224108
2019-03-12,501.4755554199219,502.3995085390742,493.62195390712714,495.931836705008,15097292
2019-03-13,514.306884765625,516.0277359007162,501.72958618768087,502.3994295362836,57166348
2019-03-14,513.89111328125,519.1460960106122,510.6226520751591,518.5339997006823,15379864
2019-03-15,520.41650390625,522.0103002023125,514.6533586059842,515.3347626341961,12763088
2019-03-18,522.368408203125,529.3442426288613,519.0306390040525,522.4723416451627,14358720
2019-03-19,523.8236694335938,525.7062013490291,519.9546157623281,524.2278989216364,11957992
2019-03-20,531.0419311523438,531.2729193781604,522.275939261326,524.112284377846,11711992
2019-03-22,525.7638549804688,532.889864674985,524.5281017442431,531.2729470101715,30403880
2019-03-25,526.9535522460938,528.4665366950876,520.4165729187234,522.0334908106147,9199260
2019-03-26,533.894775390625,534.7378600423141,524.9439796771737,525.7061958746473,11786848
2019-03-27,531.145751953125,537.7520363681522,526.4336157030538,535.557648688184,13885300
2019-03-28,531.9197387695312,537.0476664999694,528.4664758055984,530.9957857949076,19554328
2019-04-01,533.9986572265625,538.6646086817029,532.3355530753938,537.1054379661791,9647076
2019-04-02,530.0833740234375,535.892705580366,527.9120507767291,535.892705580366,10910496
2019-04-03,529.5983276367188,534.9688046261654,528.558880477471,529.4482078267189,7659452
2019-04-04,527.5655517578125,534.2757710560671,526.6531595364604,529.598259441763,9211552
2019-04-05,532.5665283203125,534.4490599882165,527.1151830980486,528.4549262181253,8351180
2019-04-08,528.824462890625,536.5741297501912,526.6763173378013,535.6617374657447,6398132
2019-04-09,528.3278198242188,531.9658843830696,523.6503082485535,530.4875822943773,10777600
2019-04-10,516.801513671875,527.5770915169117,515.3347159256698,519.7234920810206,108128700
2019-04-11,521.4559936523438,522.7264290743095,516.7091736606387,518.5455190373021,8793300
2019-04-12,523.24609375,524.8514506873962,520.2086210496088,520.2086210496088,9170444
2019-04-15,528.6858520507812,529.6328699216964,523.0382013202069,524.3432622127644,10219780
2019-04-16,532.439453125,533.559712251221,526.7224941932218,529.1824963882386,8273776
2019-04-18,529.80615234375,534.7493344993587,528.5010913495672,534.2757973302224,10614856
2019-04-22,524.0430297851562,537.0476794964162,522.2644315446869,537.0476794964162,20980420
2019-04-23,518.6378784179688,528.9630409071727,517.7832332550504,526.0872487538885,15282400
2019-04-24,526.5953369140625,527.5539153647117,519.0420342254225,519.7234381211275,12354128
2019-04-25,522.830322265625,530.9957791338759,521.5598869414544,528.2469852326841,18086636
2019-04-26,526.87255859375,527.8080721447631,521.3172807351242,523.3961746735499,11707568
2019-04-30,535.3036499023438,535.8926811538856,526.2835484516136,527.8080932916503,12536836
2019-05-02,544.162109375,545.0513802665977,535.315248466815,536.7011779126838,17169300
2019-05-03,546.9686279296875,549.2900711744762,544.3238236848837,546.1024219722004,12351520
2019-05-06,537.8445434570312,543.2612062784843,535.2113001406168,542.3603747211878,13748092
2019-05-07,536.4356079101562,544.670316817744,535.4307864221928,543.2612658749752,9924204
2019-05-08,532.9475708007812,536.770437121979,528.5010475640644,536.4817018468675,12064208
2019-05-09,529.1709594726562,531.27297510552,524.7129313616634,531.27297510552,9027724
2019-05-10,530.464599609375,537.0246443843467,529.2750324921076,529.2750324921076,10594200
2019-05-13,528.3162841796875,534.356660411027,526.6531801526647,530.3605526337777,11071632
2019-05-14,528.47802734375,533.8138788066209,525.6253561157667,530.5107353483494,10494744
2019-05-15,528.200927734375,532.9361878252346,527.1614803973571,530.3491301762708,8956348
2019-05-16,533.73291015625,535.6616843585377,526.6531437419,526.7801985421384,8050136
2019-05-17,545.6173095703125,547.2804135138473,533.9524041919839,534.2757651499788,14758780
2019-05-20,561.8442993164062,563.3110408856753,549.7520417235694,556.2197128026702,17699632
2019-05-21,555.2264404296875,565.7825920843898,554.2447403757037,563.1493486146794,10325176
2019-05-22,555.6998901367188,560.3774014222923,553.0435257029362,557.1089407851242,11386660
2019-05-23,538.6876831054688,563.5881696174722,535.6848360632646,556.4506557438317,33081996
2019-05-24,548.2158813476562,551.1724852700044,540.5470277924516,545.0628584991325,13692800
2019-05-27,556.3004760742188,559.430321193375,547.961779166306,549.4978281997397,12049024
2019-05-28,558.11376953125,558.9915361146153,551.3804849491327,558.1830772813917,7364840
2019-05-29,558.2754516601562,561.4862220148497,556.7278417393018,556.7278417393018,7475216
2019-05-30,563.5074462890625,565.4361645105796,557.3862571239403,558.067661242843,9359200
2019-05-31,560.2273559570312,569.3860172057554,544.3931006704162,567.4919248978302,19785080
2019-06-03,567.5612182617188,568.1848752213266,560.1349126246915,560.6084497880723,8480860
2019-06-04,566.4525756835938,569.5593568002715,563.8539575090007,567.0762327667715,6442988
2019-06-06,559.7653198242188,570.5408976206226,557.455437647617,566.6602842852101,15634924
2019-06-07,565.3783569335938,566.9029019123992,556.4506837962595,560.2966155290617,7970932
2019-06-10,563.657470703125,570.529370583856,561.7864998658825,570.529370583856,7077140
2019-06-11,565.551513671875,568.2078781003332,563.6921036868392,566.2675996839454,7103292
2019-06-12,560.6200561523438,565.5516215654893,559.8346622483668,564.7662840551294,7308620
2019-06-13,564.6968994140625,566.3831247264316,558.055987980178,562.6757524559237,11107948
2019-06-14,562.4795532226562,567.9885895710208,560.1465491614841,564.2927772878935,11956920
2019-06-17,559.4535522460938,563.5882194430669,558.3679187289638,562.456399553773,12810020
2019-06-18,558.3563842773438,561.7634611904024,555.2957897622234,558.5296254763128,12419652
2019-06-19,560.9203491210938,564.7431596096466,558.2293021260025,560.6084924207678,10744276
2019-06-20,563.94189453125,566.4171869921809,561.2109130182594,564.4067424483549,11171492
2019-06-21,561.1178588867188,564.7204299200428,559.1306228711246,563.8604726996228,13250260
2019-06-24,561.9894409179688,564.9296377350446,560.1416819880365,560.5948973113595,6915000
2019-06-25,564.4879150390625,567.462952310299,558.5146321530405,562.4309975688637,8899800
2019-06-26,573.5989379882812,574.0870508911395,562.9307033434575,563.558236544191,10533636
2019-06-27,572.2974243164062,579.7814631229475,570.8679831750427,573.7965472378339,19879236
2019-06-28,567.9859008789062,575.2491476932145,566.4286721107417,572.692484814578,12756844
2019-07-01,577.7012939453125,578.5031451319261,569.4502446676173,570.8331556625193,8524160
2019-07-02,579.897705078125,580.4787649028525,573.4363084783296,578.2707375688877,7246828
2019-07-03,578.6541748046875,581.8267952773264,577.1085784742027,580.8273610982814,7463256
2019-07-04,577.2944946289062,580.5716375750483,574.5518812578972,579.8511575309439,7993964
2019-07-05,574.6448974609375,579.8860683913736,571.762863448521,577.596726744771,7583060
2019-07-08,560.0487060546875,575.1562610091229,557.1317744800452,575.1446284641797,14607140
2019-07-09,552.9713134765625,560.327564150784,551.5419291517555,558.7122293522816,16482688
2019-07-10,555.20263671875,557.3525579703036,549.9730985392955,552.8783975278814,11569148
2019-07-11,559.479248046875,561.0713746867801,556.8063728153514,558.5147114218445,9097596
2019-07-12,556.3995971679688,562.0010363152438,554.3426795306572,562.0010363152438,8976272
2019-07-15,556.5972290039062,558.5147265043895,552.5530751550829,556.8877589282218,8233184
2019-07-16,555.7721557617188,562.0011291708336,553.633866701789,562.0011291708336,12770568
2019-07-17,557.2246704101562,560.5135026575853,555.7952861158665,556.1787628550809,7759736
2019-07-18,560.5831909179688,564.557662370882,558.2589518798013,558.5146408716465,10802584
2019-07-19,552.1578979492188,562.6286075596316,550.1474536110699,561.3038024802423,8939228
2019-07-22,533.9358520507812,546.161372982349,530.2170693180301,545.0340942688354,22171296
2019-07-23,526.091552734375,533.2966943887888,521.1060709061937,533.2966943887888,27802864
2019-07-24,530.1357421875,532.9480945598887,523.1862890773264,524.5227267326771,17363740
2019-07-25,531.3327026367188,538.1659430452426,529.9846325798744,531.0886461769601,19462008
2019-07-26,529.2989501953125,533.0990468519303,528.2646752059865,529.5081090042584,12829828
2019-07-29,521.6289672851562,528.4273663232251,516.6899594369867,528.4273663232251,9976492
2019-07-30,523.476806640625,527.8812288519465,520.6063483510063,524.115972460699,10394136
2019-07-31,523.3373413085938,526.9050714818712,519.2931874540674,520.6296251078039,13891840
2019-08-01,517.5487670898438,521.7882855357396,511.77181398304464,519.2492492158949,18241676
2019-08-02,515.8133544921875,518.0612142609386,508.27768413550723,515.0329787459242,27825536
2019-08-05,507.6371765136719,512.4707070460379,503.7354109032077,511.78354179021875,19822440
2019-08-06,509.93157958984375,514.858262989048,504.7835565647628,504.7835565647628,24890940
2019-08-07,508.7435302734375,512.9364714570098,504.3176479130001,510.14117733462825,18750136
2019-08-08,520.1925659179688,522.4870592562662,508.51058865645524,512.0047063064079,19711600
2019-08-09,531.5718383789062,533.2024268401913,521.7417307435278,523.4188960724813,30436112
2019-08-13,517.2109985351562,529.5452232805699,513.0762923761187,529.5452232805699,15440068
2019-08-14,519.3307495117188,520.716738284431,513.1811245497369,520.716738284431,14254052
2019-08-16,518.923095703125,520.1576954273031,513.425717549471,515.7318126628074,15247560
2019-08-19,514.0662231445312,522.2540821934721,512.8665420449063,521.4387881311718,8498200
2019-08-20,517.2692260742188,518.9463912578008,514.0662847314585,514.6253208358501,10270592
2019-08-21,518.4920654296875,522.0676778492929,515.7782669939337,518.270725847719,10472712
2019-08-22,506.4375305175781,517.3275325819818,504.7952835380609,517.3275325819818,13992044
2019-08-23,503.7818603515625,507.11293047890376,498.400953410845,503.3858717339968,20099616
2019-08-26,525.5501708984375,527.8795824785478,504.78348940991367,511.2825249702616,25280244
2019-08-27,526.4354248046875,529.452001805798,521.8115763595525,525.5153184890386,20660832
2019-08-28,523.5353393554688,525.8298328901292,518.608655795571,524.1176923469654,13662588
2019-08-29,518.7484130859375,524.9795904156061,517.1993767970072,523.1859544835784,14783716
2019-08-30,518.9813842773438,526.4471618179155,517.595395380269,520.2742194337673,19233320
2019-09-03,515.0213623046875,517.3624328639492,511.5738209862616,517.1294916514936,11428676
2019-09-04,523.5935668945312,529.7082732146208,512.2376837286505,514.1012132738207,15060704
2019-09-05,520.658447265625,529.3355060795809,518.2941170752189,523.8847053043448,17296252
2019-09-06,523.1626586914062,525.6551752200204,517.4323388515847,518.9930336379031,12870004
2019-09-09,524.0244750976562,526.6566648038366,516.2209459574943,523.1858641433884,10643404
2019-09-11,524.4204711914062,529.7082244146042,522.0560841765486,529.7082244146042,15209116
2019-09-12,528.9744873046875,533.1557700005759,523.6866771627766,524.2806885300841,18132300
2019-09-13,525.8530883789062,528.1825003249205,521.3223935179903,524.3506290478089,15371340
2019-09-16,522.7550048828125,527.0644173602195,522.0212628037439,524.5602992990235,11030184
2019-09-17,515.1145629882812,523.7683061161289,512.0280919827047,523.6285186431833,10656556
2019-09-18,509.61712646484375,518.0961636656313,507.8118321075806,516.5005505172651,12959884
2019-09-19,512.9598999023438,515.7551946327602,505.0165812952435,512.4241237049306,10623310
2019-09-20,558.8724975585938,563.6711088712841,514.9863996486561,516.1976824753287,46150034
2019-09-23,585.7306518554688,597.5873362774947,572.5694739553558,586.8022041317837,41920410
2019-09-24,584.1234130859375,587.920309391531,571.8939993067331,582.3530371049728,23379048
2019-09-25,577.5543823242188,582.3064168753895,573.0819227063713,582.3064168753895,15608976
2019-09-26,578.8589477539062,594.0001274738273,575.993759294361,577.6010878791872,30671560
2019-09-27,579.6508178710938,583.9835466293503,576.5760056251082,581.5376642042971,14873170
2019-09-30,571.8472900390625,577.6941365075229,566.7459008559691,572.4762767323917,18218458
2019-10-01,581.7938842773438,584.682332014033,568.8889094405297,573.7340971117782,18768352
2019-10-03,570.0304565429688,579.4645755281714,566.6760690037603,577.6708827186054,16298876
2019-10-04,554.26025390625,577.5077964268856,552.2104168966683,576.133466131315,18403632
2019-10-07,552.955810546875,568.3066122849731,550.2769868504864,559.617894486953,22513220
2019-10-09,572.1734008789062,572.9886949648351,554.3999784315781,557.7077316346946,17427270
2019-10-10,559.3150634765625,571.1484293621082,557.7543121483799,569.2150631562747,11556858
2019-10-11,558.4998779296875,570.24009237753,553.9108905134884,565.3017500104348,17186318
2019-10-14,561.108642578125,568.3298180876424,557.8474665415688,563.2516897423541,12267802
2019-10-15,569.7974243164062,570.7058721402233,562.2500962115752,562.3199899373465,8400374
2019-10-16,568.888916015625,575.3646919386507,563.764210257467,573.8039974682014,10586816
2019-10-17,568.3765258789062,572.965456127699,565.1619259568206,571.8706438658667,12243614
2019-10-18,572.5694580078125,574.8289762279845,568.5395639553193,570.9155527731333,11233806
2019-10-22,577.3679809570312,585.6140752590584,574.2465352960196,585.6140752590584,20006228
2019-10-23,578.4395751953125,582.2365281210541,574.4329979381954,580.8854577899399,10190214
2019-10-24,575.877197265625,584.2863969541219,571.3348440707078,581.4212089494004,13107494
2019-10-25,572.5694580078125,580.8854473053657,568.3765164927024,577.6941643040582,12993542
2019-10-27,576.6226196289062,578.5793598172293,575.3647599060206,577.6708550214476,1750082
2019-10-29,578.8589477539062,585.7772908056945,576.6226892317205,576.7624767157633,14232568
2019-10-30,581.584228515625,588.269628959077,579.0917692817756,580.9087218466843,12011366
2019-10-31,573.1984252929688,588.828803265403,571.684307424746,585.9402981330073,13217706
2019-11-01,577.717529296875,579.4412715374036,571.9172589288855,577.2283299978639,11512260
2019-11-04,576.2265625,582.3529266625709,572.5927143598674,580.6990216026879,9935176
2019-11-05,577.4612426757812,579.9304421776218,572.5927942775463,578.1600662853123,12367810
2019-11-06,585.4511108398438,586.5459230711768,572.1268859948343,578.8355468465815,12130336
2019-11-07,588.7355346679688,591.5308289185795,582.352968877237,587.4776750033567,16963034
2019-11-08,584.9619140625,590.2729846512815,583.0284907813127,586.5459255532465,13251496
2019-11-11,589.2247314453125,590.9717903446365,582.5859076278816,583.5409892410081,14286610
2019-11-13,585.8704223632812,591.6706353713167,584.030152800314,587.9202593832011,9293496
2019-11-14,593.487548828125,594.9317727677324,585.7072793063352,588.7821483737378,11055218
2019-11-15,595.35107421875,598.6588275728928,592.1830514491907,598.1230514893108,9279012
2019-11-18,587.9668579101562,596.0731655153878,586.4061065006013,594.9317764762619,9130292
2019-11-19,592.5558471679688,594.0000712612668,587.5242944044147,589.4810346437574,10570578
2019-11-20,593.2313842773438,597.7038442569765,590.2730422039168,593.0683367999891,11054258
2019-11-21,597.8901977539062,599.5906799764068,590.9019613905449,591.7871493706533,12019526
2019-11-22,589.2247314453125,598.0299196719865,587.9435549191417,598.0299196719865,7688010
2019-11-25,592.1830444335938,596.0964675524503,588.945184845304,588.945184845304,7893556
2019-11-26,594.0233764648438,596.213000995193,590.2496835310778,595.6073311274401,8716002
2019-11-27,595.5841674804688,599.0083922980166,592.2297795378432,594.4660381662602,9580666
2019-11-28,589.4810180664062,597.7504305906288,587.9435834123306,596.4226202664681,12366040
2019-11-29,593.9766845703125,596.2828363451898,583.2847072926231,590.5990375033225,15567626
2019-12-02,589.6906127929688,593.5108254980174,586.359542456636,593.5108254980174,8946204
2019-12-03,584.8687744140625,591.2047636591806,584.1233739505915,590.8320349922401,6991906
2019-12-04,583.1217651367188,585.5676479372252,574.9920824680248,583.5177538350988,11395614
2019-12-05,580.3031616210938,586.4295271416818,578.0436431388613,584.961986067105,12772494
2019-12-06,580.5128173828125,587.011854451792,576.8555948567625,581.8638309165694,13774650
2019-12-09,579.0684814453125,582.2830812412412,576.5527620897583,582.1200337823306,8265350
2019-12-10,582.1200561523438,584.053479477632,580.0701622275852,582.8188797491653,9788900
2019-12-11,581.7706909179688,584.2165737026088,578.858925698159,582.3996208313647,11054642
2019-12-12,588.68896484375,591.4143653966029,583.7506229827026,583.7506229827026,12913148
2019-12-13,588.805419921875,592.765420053232,586.6623724013394,589.3411960196104,11775186
2019-12-16,585.7772216796875,591.6706453877498,581.5143863644261,591.3212335892924,11327576
2019-12-17,592.1830444335938,593.9068432529398,584.8453974121392,587.0117617163637,12427354
2019-12-18,602.0831298828125,605.1812593281282,593.371151438186,597.7271406604992,17447172
2019-12-19,600.4291381835938,608.2093499386713,599.1712218362803,607.9764087858797,13018376
2019-12-20,604.109619140625,605.4606893266727,596.3527235268623,600.4058772146014,15026044
2019-12-23,606.7651977539062,607.5105981567045,600.4292090245125,605.1811863539565,10195782
2019-12-24,600.5922241210938,606.1594952815756,599.5672488608595,604.9947894429474,7179208
2019-12-26,591.8802490234375,601.8501433649025,589.1781653320924,600.848484870266,14949758
2019-12-27,594.0,595.8635294117647,591.6705882352941,592.6023529411765,7092992
2019-12-30,597.3311767578125,600.405989461671,593.5575403998763,597.2612830183218,9334190
2019-12-31,592.64892578125,597.2378555525037,591.0416544226701,597.2378555525037,8357056
2020-01-01,595.6773071289062,596.3295539526256,591.9502474167024,594.5126009688425,3673698
2020-01-02,599.4741821289062,600.056535132723,595.8635935052428,595.8635935052428,6137166
2020-01-03,590.9251708984375,598.6588063613991,588.6889129202882,597.3543130624116,10855550
2020-01-06,578.13671875,587.850411903554,575.8306237090371,587.0118008684359,10890186
2020-01-07,587.2911987304688,592.3460101626995,583.4010930139776,586.4992215919243,14724494
2020-01-08,585.75390625,588.0134242921156,577.717435646002,580.9319783912775,11332110
2020-01-09,592.3228759765625,594.3727698457291,588.4560294308527,589.3412173369028,9546316
2020-01-10,597.5872192382812,599.5439590721784,594.0465250388858,598.2394658495804,9214580
2020-01-13,599.1246948242188,604.016459439813,594.4658713807955,597.5872603397278,7451568
2020-01-14,600.7553100585938,602.1762740209311,595.1647216749543,600.5223688759421,7886290
2020-01-15,598.3093872070312,600.0331290940006,593.5806701446882,599.3110455988225,11787448
2020-01-16,599.8934936523438,601.4541883440652,596.0266469202477,597.2845635432914,7150400
2020-01-17,595.4675903320312,598.612296476041,592.555825383874,597.1447555680879,16918814
2020-01-20,584.6358032226562,607.9066050842921,583.5176741496056,607.9066050842921,22178450
2020-01-21,579.7207641601562,582.3530111446122,576.9487865752724,582.3530111446122,14984804
2020-01-22,578.0900268554688,584.6822726180302,575.0851088399729,581.4444134580651,18368310
2020-01-23,579.9536743164062,580.885439084355,573.501214672443,577.6941561282123,11508920
2020-01-24,579.8139038085938,584.216469285912,577.2748108684818,580.4894104706909,11831756
2020-01-27,565.2084350585938,575.3646928712021,564.5329284102665,575.3646928712021,18888552
2020-01-28,569.8672485351562,572.0103527691359,565.2317420572961,567.8174117606746,13412158
2020-01-29,575.7607421875,578.6259302694377,569.4247530368923,570.8457170791959,13788350
2020-01-30,571.1951293945312,577.2049667543175,567.0720247294748,577.2049667543175,12111984
2020-01-31,571.3115234375,576.6691702269703,568.4929125957485,573.7107719382025,11178268
2020-02-03,555.7044677734375,558.1037162843933,548.6695990713132,557.6611508176194,13077010
2020-02-04,572.9421997070312,574.8988830437811,558.1271166016611,558.1271166016611,20897704
2020-02-05,579.8605346679688,581.4212293180981,571.7774864838223,575.3181813139211,18020682
2020-02-06,577.6010131835938,581.7473209820521,576.3896734663177,579.8605314139737,11827550
2020-02-07,578.7190551757812,580.9553132918676,573.7807134456975,580.4894309235501,6815448
2020-02-10,577.8338623046875,579.0684049522235,571.1950392669704,579.0684049522235,9219834
2020-02-11,577.9736938476562,584.6824117792048,576.7857278503509,579.2316104494273,11613520
2020-02-12,581.8870239257812,583.7039763673639,579.5809291651885,580.1166483426184,6297930
2020-02-13,578.346435546875,586.9652601378181,574.7125299982047,586.9652601378181,9112140
2020-02-14,568.0735473632812,581.6074503601952,566.0469708171509,579.1848283793166,14688858
2020-02-17,567.0487670898438,574.4329916588214,565.7908505041116,570.7059325077503,10152690
2020-02-18,565.2317504882812,567.6776327796997,560.6893976613612,566.9322324078242,10529116
2020-02-19,571.7308349609375,573.0353283753209,565.5346334186361,569.5412105193737,10012268
2020-02-20,567.0254516601562,573.0353459305833,565.6278044749597,573.0353459305833,11123414
2020-02-24,563.6943969726562,565.9306552798603,559.0588897598949,563.228514564523,16568084
2020-02-25,559.1986694335938,563.2518235796754,558.1271171616635,560.9224115714882,13886680
2020-02-26,558.7094116210938,561.2484476958087,552.3734229968032,557.8941175036563,13814786
2020-02-27,558.8026123046875,560.2235763483709,550.2071049209364,556.7294584085682,20655098
2020-02-28,548.6463623046875,552.0705862121758,545.1289278047099,547.6447038754537,24313056
2020-03-02,549.5547485351562,559.5945348269267,543.2886543616646,559.151912520631,14664898
2020-03-03,550.579833984375,552.2336823548427,544.1506342222837,547.4118109684788,22369550
2020-03-04,535.2290649414062,549.7413152737765,527.891416029913,548.9725978232507,34288870
2020-03-05,536.3936767578125,542.7529827364892,532.3870995898052,537.162394073109,19549708
2020-03-06,528.72998046875,531.525275044984,512.936554738945,524.1177330438811,23053566
2020-03-09,515.8715209960938,521.0428034272624,496.16467590901203,517.1293805248857,34420590
2020-03-11,518.8997802734375,521.7882280735403,508.7435223717018,514.7999928761268,35538240
2020-03-12,475.8056640625,503.1529651713541,467.4896750399993,500.8235532955608,59000770
2020-03-13,498.40106201171875,503.82854699530816,428.23914878954434,456.5880841711045,66342364
2020-03-16,465.6494445800781,483.1200340465643,463.55297384409977,482.18826927501834,31986322
2020-03-17,454.28192138671875,470.5412286826058,444.7779373932626,469.6094638733333,42676838
2020-03-18,408.5322570800781,462.62118826098185,402.9882455647022,458.8941293424644,61181406
2020-03-19,417.2209777832031,428.5885197213787,370.3765081333751,394.602392942099,67220048
2020-03-20,411.3042907714844,426.09605788155034,384.1433508674439,407.6471250805587,88637464
2020-03-23,359.4515380859375,390.7588391414496,356.40001423929533,370.1901210632312,50276954
2020-03-24,357.6579284667969,377.3647485366708,344.1706271376118,370.4929830540586,61057272
2020-03-25,399.1447448730469,404.12969222351546,351.8576814302523,358.9390995737512,47228042
2020-03-26,419.8066101074219,436.8579226365537,391.8070898523411,405.36425602249614,57043156
2020-03-27,421.36737060546875,460.5946770013736,406.29605689432395,440.23560906994584,55235936
2020-03-30,387.45111083984375,413.2376904059768,385.7506286991531,409.9765135933028,39268444
2020-03-31,401.54400634765625,406.99480706067453,390.4094068776613,397.77034227494914,35211092
2020-04-01,386.51934814453125,402.4525036251976,382.0235715684545,402.4525036251976,29103504
2020-04-03,379.15838623046875,393.204752200333,377.3647503344428,392.73886979251273,34996280
2020-04-07,417.4772033691406,422.6950918874773,393.8336717898319,407.18121379932654,60412638
2020-04-08,414.12286376953125,440.2588542172346,403.5007226339045,409.9532107330256,56219352
2020-04-09,430.9644470214844,433.6898757342399,414.63527691539576,425.35057058849026,44457146
2020-04-13,417.1277770996094,441.0508543473895,412.8649703884256,435.1341424408637,34158056
2020-04-15,402.19622802734375,433.50352770906346,392.7388219868248,433.50352770906346,57978752
2020-04-16,409.8600158691406,414.9614335184059,398.9117801511244,402.98825089719423,53854396
2020-04-17,424.09271240234375,428.6117770429898,413.3541295449921,426.28236521123443,55883462
2020-04-20,440.18896484375,447.68968838432136,435.60003467605725,443.0541529165032,66232986
2020-04-21,429.3804931640625,435.13412899890693,423.021187506432,430.9411877130502,33178006
2020-04-22,432.6183776855469,434.6682715837105,422.69508842646445,428.215811830853,38289354
2020-04-23,444.8943786621094,446.5482554024853,425.14095463381267,435.60001961536125,40901222
2020-04-24,437.0209655761719,446.50168917234726,431.40708852378333,434.66826521888754,33284568
2020-04-27,433.1308898925781,446.03583856390827,431.54687829659736,440.3287789408924,27421072
2020-04-28,433.9228515625,439.69977589963486,429.54354590264336,439.69977589963486,29441436
2020-04-29,455.21368408203125,462.4814666217291,435.18074077570344,435.600046312011,55877778
2020-04-30,466.72100830078125,474.7341917085159,462.2019430852094,466.53467239165656,43793134
2020-05-04,430.0094299316406,447.2470777187162,427.4470768822105,446.082371787157,26722324
2020-05-05,424.62847900390625,439.79294400254685,423.04446761964664,436.9976498669374,29672858
2020-05-06,440.9111022949219,442.58826751352296,421.926395030526,428.1459135209764,33785846
2020-05-07,430.94122314453125,439.4668654397009,429.24074099804096,438.1624003972234,21831730
2020-05-08,432.8280029296875,439.7696615007863,431.0343672092372,438.8611852074246,20807484
2020-05-11,426.6551208496094,444.4518352434645,425.8165381682668,436.5318339865055,28550784
2020-05-12,420.0162353515625,423.67342893329084,405.8301118234422,419.7600057409809,49568418
2020-05-13,432.1758117675781,447.2470957556799,429.5901417470769,443.05415423297035,44346966
2020-05-14,416.3591003417969,424.41886005424936,414.63532980052906,418.36238894480346,39554890
2020-05-15,413.7734069824219,415.75340690511,407.647042906377,414.8682190950043,24349628
2020-05-18,389.7804870605469,413.70353482290284,387.2879993785892,413.70353482290284,46649964
2020-05-19,386.9852294921875,404.0598025039332,384.8654418100109,401.0548553170285,47460692
2020-05-20,399.3077697753906,402.5223695171436,387.70731577056716,389.68731585210406,40014306
2020-05-21,400.44921875,411.84004933086425,397.07157128659645,401.33440670069837,48478908
2020-05-22,390.8054504394531,405.45745800291525,388.10333813338644,396.00005071407895,42047432
2020-05-26,397.1181640625,406.1329770132901,395.41768195013475,399.26121170104915,38005152
2020-05-27,420.9945983886719,423.859757789831,399.3310690397221,400.61224550659546,56025754
2020-05-28,440.37530517578125,442.58824640782035,425.79319284959575,428.61177546862604,75488806
2020-05-29,443.35699462890625,444.9176892853015,430.21910534202704,439.7929829165703,53025166
2020-06-01,460.12872314453125,463.55294710838655,450.08893556201167,454.2352999303285,39190230
2020-06-02,466.3482666015625,468.2117961384319,454.32850677579586,459.6861541942953,41623594
2020-06-03,476.248291015625,487.4294687944218,473.080296332007,475.2000555988628,50546088
2020-06-04,466.67437744140625,484.02846735286374,461.7360072400264,478.9503949974145,54275882
2020-06-05,481.4195556640625,485.63581403587267,467.1868543563627,467.32661338612775,35195984
2020-06-08,473.2899475097656,496.9334796082851,468.8640646538851,493.83535023508654,49812664
2020-06-09,459.9656677246094,478.3447332881716,456.35507928245374,475.2000272256489,61844146
2020-06-10,462.08544921875,465.8125084361142,455.7261714902455,461.2235781488166,36497730
2020-06-11,451.2536926269531,460.4781871273586,449.5765273188098,458.89417555339656,30897714
2020-06-12,457.84588623046875,459.6628387964081,432.3388271909183,432.3388271909183,42644876
2020-06-15,442.5183410644531,453.7694112492837,439.3270583245118,450.9741171348117,32009936
2020-06-16,461.4099426269531,463.0638194681307,443.5200470039714,454.2353422572186,45399970
2020-06-17,456.2153015136719,465.3699012714585,453.4200073507084,460.7576545284876,36957838
2020-06-18,475.1767272949219,477.4828507053401,452.83766204506156,456.5647209919345,40870126
2020-06-19,481.4195556640625,485.9153320954028,471.5428717579379,474.2449839291457,47877752
2020-06-22,479.2764892578125,487.28964329238073,476.97036583388126,484.2614078803022,29694474
2020-06-23,485.5892028808594,486.847062495125,473.5927037669493,484.051768356397,28830512
2020-06-24,481.0235290527344,492.6705878675706,479.8821400370422,488.4776466942295,39429246
2020-06-25,479.2764892578125,488.7106072723648,469.1435476866267,476.08520638993417,70646790
2020-06-26,492.181396484375,495.2329486906024,478.92706609025333,484.983536770383,39969138
2020-06-29,501.3127136230469,504.3642088212183,483.11998553715586,483.11998553715586,46005956
2020-06-30,496.5606994628906,502.4774395265227,492.11155707015206,500.3576520513276,35746130
2020-07-01,505.2960205078125,510.60709104052734,494.44099512162273,496.5607258390079,34846718
2020-07-02,507.5323486328125,517.7118687155893,505.5756082351025,507.95165420878004,36954496
2020-07-03,500.3343811035156,510.51395704740577,498.49416837031265,509.2094635782726,27597254
2020-07-06,513.8683471679688,521.7417720208723,512.4706998048646,516.174442568924,35558216
2020-07-07,514.8699340820312,517.9214296107266,509.2327685436883,516.8499342372218,24349850
2020-07-08,517.2925415039062,524.0711535656887,514.8000818932569,515.7318467473623,30056350
2020-07-09,524.0942993164062,526.3072403625031,515.8482049033214,520.8564399023828,20114484
2020-07-10,514.8466796875,521.7883395068076,512.2610662345148,520.8099977443155,17562978
2020-07-13,503.2694396972656,518.5270876029222,499.0998151551805,517.0828636027278,29922114
2020-07-14,493.299560546875,497.9817013455705,489.1765127421303,495.04661952095404,26612674
2020-07-15,490.6440124511719,502.68705992705804,489.2230485234201,498.58727246401384,20974394
2020-07-16,495.0233459472656,496.39767622101897,481.7689581051824,490.8769813884191,23662456
2020-07-17,511.74853515625,514.3342054044107,493.0434009904553,493.39281281477895,28405738
2020-07-20,527.8679809570312,537.1157335566912,523.7216169700401,528.7764287251832,65124096
2020-07-21,530.4303588867188,539.468430751152,528.3105714998238,536.7197704521928,47512422
2020-07-22,524.7466430664062,533.2024202132012,520.6469119655198,530.407125742883,24718012
2020-07-23,526.6334838867188,532.9228963769175,520.041236458095,524.1177075165571,20149122
2020-07-24,521.3689575195312,523.1393333029866,513.0529684515155,523.1393333029866,19598440
2020-07-27,502.9200439453125,513.8682801960905,500.9866206375826,512.4007392820107,37970094
2020-07-28,506.2510681152344,509.86165633567697,493.6023509108289,502.68705675581344,35596450
2020-07-29,495.9783935546875,507.112994331172,491.7621919408776,503.6188763178658,33592086
2020-07-30,489.4793395996094,504.85345831796695,487.63907005501545,500.3576819247292,26956266
2020-07-31,481.163330078125,492.7637554885741,475.2233014798149,492.7637554885741,37726696
2020-08-03,466.81414794921875,478.4378906614677,462.62120650057307,477.9720082782848,31783542
2020-08-04,485.2864074707031,494.3245372955837,467.28004155417955,469.6094535260348,60306168
2020-08-05,478.71746826171875,491.8786456601499,475.2000335008773,488.2214234354095,33221360
2020-08-06,484.84381103515625,491.50595237955605,478.111832824189,483.12006883184796,33646888
2020-08-07,486.3112487792969,487.8719431785691,475.4794848299114,482.1183078956638,24836784
2020-08-10,489.4793395996094,495.6988580706814,486.2880566336683,486.38121036258593,22172854
2020-08-11,496.9334411621094,498.96001809682474,488.47766477546287,488.47766477546287,20136148
2020-08-12,495.5591125488281,496.6306648741139,488.2447812270838,496.1647824492789,20666432
2020-08-13,493.39276123046875,499.1230804280221,492.2047384038107,497.53906894928076,19892740
2020-08-14,481.9320068359375,496.5840418576167,478.6009933042525,496.5840418576167,20924512
2020-08-17,481.1400146484375,487.77883837997007,475.29319662805824,487.77883837997007,19561012
2020-08-18,492.2047424316406,494.60404810153204,476.13180006165334,478.92709438686853,24040824
2020-08-19,496.9101867675781,498.401044660737,492.0883150076217,496.16478625620556,17715624
2020-08-20,493.3694152832031,498.0049219798645,490.1082387893576,491.4825689921734,19216734
2020-08-21,505.7851867675781,507.2527275502985,495.9783405108887,496.35106914060964,28924302
2020-08-24,520.4140014648438,523.1626623598357,505.78528149964694,505.9483289792866,36779740
2020-08-25,521.6484375,525.0494013572187,515.3590258599623,521.3223426075668,27601738
2020-08-26,521.0661010742188,527.262359189932,516.8964767141415,522.2541238364602,25190062
2020-08-27,518.1077880859375,526.40051727272,515.3823875124955,524.490410871614,20645996
2020-08-28,519.2258911132812,524.117655901697,510.1411850776518,518.0378683450753,38696610
2020-08-31,519.8548583984375,535.2057174156104,512.7967287494497,526.2141644558503,38501166
2020-09-01,525.1892700195312,532.7831192739568,516.1977166474531,525.5153649623892,28877884
2020-09-02,528.3805541992188,530.6400725458099,522.1144015732478,523.698413163885,19761682
2020-09-03,526.8665161132812,533.8780134229193,525.5154455264076,529.824858532719,19833362
2020-09-04,521.4622192382812,524.3040906468215,514.5205597558249,517.1294899526747,23661370
2020-09-07,517.3624267578125,521.5553685325269,512.0047789345664,520.0645675385713,17615466
2020-09-08,518.2708740234375,521.2292728790193,513.8683079141333,518.9930145207112,14624918
2020-09-09,510.84002685546875,517.1294389508165,508.3941443739446,512.936497553918,15728872
2020-09-10,508.0680236816406,514.7301072186972,505.0164715161075,513.8682362382533,15188088
2020-09-11,502.5240173339844,514.7301123776449,498.96000591763453,510.8166891924452,20794730
2020-09-14,492.88018798828125,509.6752687231603,490.2712583158811,506.8799747447883,21650590
2020-09-15,498.72705078125,501.3592974070019,492.95009832385546,497.5623449176787,16505110
2020-09-16,509.5123291015625,510.60714143402174,497.7254809170095,498.58735203531086,18710112
2020-09-17,504.8301696777344,509.67535813094077,502.2212395476729,505.01653401639834,18318686
2020-09-18,492.5775146484375,508.836765914917,487.87205662189496,508.7436121773357,23481778
2020-09-21,488.85040283203125,499.12307516251644,485.21649752916113,491.5059096430773,19842878
2020-09-22,482.3746643066406,492.97348925759263,479.6259466815421,491.0633827284265,18620678
2020-09-23,487.8952941894531,491.5058824252786,481.88540046154657,487.31294124819095,16079828
2020-09-24,480.045166015625,487.77880134869685,477.5293900500614,483.5858603628914,19809510
2020-09-25,486.3811950683594,490.08493716770005,477.832264939084,489.17648929289015,20321544
2020-09-28,491.1331481933594,493.3694062104635,485.7522411997085,488.68726586795344,16152422
2020-09-29,495.0233459472656,498.4475700684675,489.64238170651424,492.90355836868895,12644446
2020-09-30,502.5007019042969,506.36754823878437,490.1082425077449,493.83530138613077,18813842
2020-10-01,515.70849609375,517.1294601513388,507.85838908625533,507.85838908625533,21203080
2020-10-05,519.156005859375,527.3788410358259,517.5953112992955,518.0611936677017,16940126
2020-10-06,533.0159912109375,534.8329437703007,524.6766856787656,528.7997900186148,19371990
2020-10-07,541.4718627929688,542.6831457559576,529.9878493385703,533.3888138792839,21248778
2020-10-08,555.2386474609375,560.4565074085144,541.9842595267456,549.7412125869052,35060674
2020-10-09,574.689208984375,576.2964803811725,555.1687266903496,559.5247153902895,44972388
2020-10-12,565.418212890625,578.975379998091,561.6678366449868,573.7575196193371,19220546
2020-10-13,558.3367309570312,569.5179083853134,556.7294594498794,565.3017068523109,18353952
2020-10-14,564.4166259765625,565.7211196720968,547.6448566532804,556.9858231495541,22582918
2020-10-15,544.7329711914062,566.9788547701016,542.2870887036962,565.6743613618266,28246896
2020-10-16,558.7559814453125,560.6894045592527,546.4799929771528,549.7411694058314,25822848
2020-10-19,560.7128295898438,575.364809479849,555.6113827843526,575.364809479849,42359556
2020-10-20,570.216796875,571.8241254355027,561.8076528492874,562.553053388597,27411978
2020-10-21,580.8154907226562,582.8188075334824,569.1684322187897,573.3147964202468,35640752
2020-10-22,574.5726928710938,582.352904932836,569.7740821862868,577.6707648290158,21913060
2020-10-23,575.7374267578125,581.6307929468126,573.5943224668267,579.324698078978,15866230
2020-10-26,564.136962890625,578.6258929585825,561.2018812651366,572.9421508966846,19571976
2020-10-27,574.4794921875,575.8305623243155,558.0571399852896,571.1717390045394,24317780
2020-10-28,563.5313110351562,573.9670876390384,559.7576751609615,572.1035581337169,16571186
2020-10-29,553.0955810546875,561.1320527238242,549.0424267871138,559.3384167978385,23060024
2020-10-30,551.39501953125,558.7326657644752,548.0406328452511,550.9291372307277,11522716
2020-11-02,566.1635131835938,570.705865994571,548.5764548641692,556.4265609121364,21926080
2020-11-03,581.39794921875,582.7024427562156,570.938911531275,571.3814770866223,28164230
2020-11-04,585.800537109375,589.2480782197708,573.0353480629954,583.2847607925775,23404822
2020-11-05,591.2979125976562,594.4659356297403,583.4478056211416,589.8071116827988,21433928
2020-11-06,609.2111206054688,610.3059328513875,589.5741664300999,589.9235782237172,35705724
2020-11-09,624.5386352539062,627.0543545612294,612.7284716515643,612.7284716515643,26288440
2020-11-10,649.2769775390625,649.9059073656576,629.6633410994561,632.2023772725429,41517356
2020-11-11,647.5531616210938,659.1303837292211,638.4917724940213,652.1887252116443,36116194
2020-11-12,639.0508422851562,646.9010059383767,633.6000411498976,641.7064059916323,27053948
2020-11-13,633.041015625,637.6998395348973,627.5435806631576,637.6998395348973,22472480
2020-11-14,638.119140625,640.5650233786753,636.0226696932782,637.2340095057151,1835066
2020-11-17,656.1719970703125,658.1054202674948,643.1971845231012,645.6198069538088,31059900
2020-11-18,656.2885131835938,661.0871246448245,651.7927935264175,653.6330062555946,18862776
2020-11-19,640.2854614257812,651.9790982252188,637.327119576682,647.4367448510429,20266882
2020-11-20,653.935791015625,656.1487322426384,635.9527431554501,639.4934377445903,20405362
2020-11-23,649.7196044921875,663.2535113941707,640.7513680047175,659.2236171309135,25246636
2020-11-24,670.0320434570312,673.2000665182222,653.1904402304294,655.962417756164,40154400
2020-11-25,653.5398559570312,682.2382005322407,650.8377152785766,676.1351524430806,24152602
2020-11-26,664.651123046875,667.1435824592155,646.1788749098687,659.2235818294623,27943126
2020-11-27,671.2666015625,673.6659071425177,659.4798117216003,667.0504002354771,17994580
2020-12-01,667.7491455078125,675.0634751124932,664.1152406990055,671.2665228673526,17147574
2020-12-02,655.4732055664062,667.0504284490065,649.8127800267889,666.6776997890113,17892150
2020-12-03,641.6131591796875,667.1435350861752,640.1456752517646,665.745888015464,37933222
2020-12-04,645.5266723632812,652.910897375773,639.7963526965787,643.3836245967808,26912322
2020-12-07,639.3070678710938,642.8943392913466,632.7148211096007,640.5882443598133,24316318
2020-12-08,641.1939697265625,647.0174997252765,635.9993695936276,640.5882998585322,19457896
2020-12-09,655.5896606445312,656.9174709203267,640.6115876636862,641.5200355541075,22069074
2020-12-10,645.64306640625,653.1670780012442,640.9376658774692,651.3035485347642,19727966
2020-12-11,644.2221069335938,649.9058485960943,639.6564373637545,647.5997538169785,21356384
2020-12-14,639.2605590820312,646.644783892893,637.3271357099983,644.3153718471693,17222050
2020-12-15,648.1820678710938,649.8824927727476,636.3952229123328,643.2903037125436,21561436
2020-12-16,657.2202758789062,660.062204002033,649.673003782129,654.0988865615698,16832092
2020-12-17,671.709228515625,673.2000293618969,654.3317932448334,660.9007233337297,21924478
2020-12-18,657.5230712890625,670.7308250997335,655.1703994436521,668.5412007096832,22995918
2020-12-21,639.4934692382812,663.3466246802224,636.7214349162095,660.3882828998674,23761824
2020-12-22,639.703125,645.1539833124564,626.611840669391,645.1539833124564,22851558
2020-12-23,640.89111328125,643.3602557955827,634.0892418451367,637.0941604754499,15467394
2020-12-24,650.8842163085938,654.0988158803772,641.5199924980623,647.296944981058,14952188
2020-12-28,658.2219848632812,662.018938070775,654.0989367004701,654.5648191340174,11699194
2020-12-29,664.9072265625,668.4246608383336,661.552896595528,662.0420957813117,14495346
2020-12-30,667.3765869140625,670.8241283008254,658.2918794482166,670.8241283008254,16216726
2020-12-31,669.1467895507812,672.7340606161564,663.9056135245128,668.5411197951415,22145750
2021-01-01,663.9057006835938,672.2682665596484,661.8324899943431,670.8706194358238,8810938
2021-01-04,659.6895141601562,669.9389275157519,651.7695129308323,669.9389275157519,15740192
2021-01-05,664.6743774414062,666.5612238531063,656.4282819563354,661.1802595459679,14386824
2021-01-06,661.8092651367188,670.8706550558015,658.3384071393576,668.54124305908,22134050
2021-01-07,659.8058471679688,667.4230118582813,658.0821053021689,667.3764349995519,19894842
2021-01-08,666.9805297851562,671.8024011097472,662.9972126337416,667.1435772462953,13768764
2021-01-11,676.2048950195312,682.4710465719119,669.1468231131314,675.5293883793129,17331392
2021-01-12,689.9717407226562,693.0931296307018,675.1100828063389,676.6707772603617,20388156
2021-01-13,685.1499633789062,697.379376386846,681.1666461081561,695.5158467856361,16934650
2021-01-14,684.2647705078125,693.2330066489362,678.3247699468085,685.3828996345541,12297166
2021-01-15,683.286376953125,685.6157887609149,673.2000124513131,684.4277659907799,14165236
2021-01-18,690.9501953125,700.151372968801,683.4494998376483,684.8005702093648,42825632
2021-01-19,700.6171875,704.2510927173035,683.4494336192288,695.0033390897886,17360254
2021-01-20,695.0964965820312,699.2894379153008,692.3012023598515,699.2894379153008,13346052
2021-01-21,687.0833129882812,696.1912788146382,683.9851839846258,695.0964666654859,26333054
2021-01-22,672.5245971679688,683.868822839449,670.9405855493311,683.868822839449,15392364
2021-01-25,681.5159912109375,689.9717673229738,677.9287198278455,682.5642265090312,20344718
2021-01-27,656.7078857421875,685.7323849307226,655.100614048632,683.9154320138233,23556276
2021-01-28,638.9343872070312,652.8410221795793,625.2141734367799,647.5299515080465,42704446
2021-01-29,647.8094482421875,656.3118016621228,635.6965063836496,648.2054368904044,28704502
2021-02-01,687.9917602539062,690.6705837659835,652.7011722469766,657.0105839837964,26370544
2021-02-02,727.0327758789062,735.3953419095049,697.6122920046123,699.2894572101152,42420206
2021-02-03,733.671630859375,736.886173943163,718.3906652955849,735.6283142034556,20237254
2021-02-04,735.6747436523438,739.8211075815088,719.0660279424447,729.5716967711857,24484684
2021-02-05,744.293701171875,753.9141839806551,721.1859458069237,721.1859458069237,27054716
2021-02-08,747.857666015625,760.1569718191174,743.4084666840961,754.7294308956938,17447580
2021-02-09,750.9324951171875,758.4565068510009,739.2155420064337,750.07062409712,18421366
2021-02-10,736.9095458984375,752.3302432136153,730.0377799417427,749.3020073682923,19788006
2021-02-11,732.5301513671875,744.3868921016784,728.7331985828974,737.0259277239086,13648618
2021-02-12,737.002685546875,741.9177679192464,732.8330605569699,733.2523661170039,9910106
2021-02-15,753.1455078125,757.0589315094622,743.8744362925478,745.4584478925578,10355244
2021-02-16,757.82763671875,764.5130379556755,749.348542699615,755.2885434515557,13897358
2021-02-17,739.122314453125,755.5679834037409,737.49172630274,754.7293724639537,12794426
2021-02-18,724.1209716796875,748.1837499704787,721.1858900765627,748.1837499704787,14720560
2021-02-19,717.03955078125,728.7331869999819,714.1976796726159,719.7882681632038,17139508
2021-02-22,721.1859741210938,733.2523399717498,717.202656748423,719.8116437532008,29451838
2021-02-23,712.4039916992188,725.7048983861081,709.3757564887336,723.8646858909743,18239906
2021-02-24,748.4166870117188,751.9108046768805,706.3941213068686,711.1694154492563,14314332
2021-02-25,748.3934326171875,762.3000096545275,746.3435388642035,749.9541271452258,20109570
2021-02-26,714.8499145507812,740.2405035257096,708.6070794654332,739.3786325217429,27912846
2021-03-01,726.2640991210938,732.6234053811512,717.7850051508801,728.6400880340791,13536018
2021-03-02,730.5968017578125,739.588355377656,722.5836467343272,734.0909199721951,16110038
2021-03-03,739.2854614257812,743.5482966812122,729.1059425476798,737.9577079843609,11222410
2021-03-04,723.0728149414062,731.9012638353034,717.0396036284102,721.442226511474,16291438
2021-03-05,712.8001098632812,720.0678643152556,708.6537449089482,713.2659922880285,17445822
2021-03-08,707.9082641601562,724.4470883639638,704.6470875565886,718.3906175287667,15117050
2021-03-09,727.9412231445312,729.432024021368,716.6435753613281,719.7882814453125,15066696
2021-03-10,724.7965698242188,733.7648063462282,723.1194044980812,732.3671590960449,11055016
2021-03-12,723.026123046875,745.4117937253521,715.1527564719762,745.4117937253521,15631204
2021-03-15,712.171142578125,721.372319983862,705.9516239083291,721.372319983862,12230386
2021-03-16,704.484130859375,717.6453095621886,703.4824722565825,713.2194264585876,13722366
2021-03-17,696.6572265625,716.9930044366868,694.2579208590815,710.1212391245092,21064428
2021-03-18,694.630615234375,709.0962856036157,690.0416852536216,704.2976744336461,18065540
2021-03-19,697.6588134765625,704.0413788717259,686.7338952056753,691.8352841487114,21235020
2021-03-22,684.451171875,696.4476442453492,680.374700681192,696.4476442453492,14015632
2021-03-23,698.8936157226562,702.2945237140226,684.4279419295773,684.8472475368471,19761428
2021-03-24,688.9468994140625,701.8285019700834,685.3129940326869,694.5840649453481,16368900
2021-03-25,681.7490234375,696.7504713848288,675.6459751498256,694.2579549579342,23964356
2021-03-26,694.7703857421875,698.3576571635782,686.7105981715239,696.0282453651673,12021258
2021-03-30,723.8413696289062,727.9644738383245,699.5456510700931,701.9216396323728,25607644
2021-03-31,695.865234375,721.1859305763878,693.2329875307913,721.1859305763878,30774506
2021-04-01,692.6506958007812,698.5441198547899,682.517753050711,698.5441198547899,35763762
2021-04-05,675.3430786132812,691.8353260425176,666.6776778227897,689.5059141703206,16006586
2021-04-06,670.987060546875,681.4228366536412,667.4463660295091,680.1882370410952,15075734
2021-04-07,674.2249145507812,678.6507968782688,662.2750777628881,670.544489480036,25088180
2021-04-08,667.516357421875,680.607642114467,666.4448051024162,676.9271596042018,17613592
2021-04-09,662.3683471679688,667.5163707856304,659.2702176235557,664.3483475023903,28157816
2021-04-12,636.884521484375,651.7694405705431,630.3388513880949,648.9741463293542,22549128
2021-04-13,652.3983764648438,655.2402475957199,634.065916270059,637.3270929150924,18600682
2021-04-15,666.2583618164062,669.3331740651886,648.0423726368563,654.5647257762638,34444984
2021-04-16,665.5828247070312,673.1999896868467,663.1835192520597,668.5178493633546,15606526
2021-04-19,658.0122680664062,660.481410495047,639.3303964800215,647.5764916470772,24069242
2021-04-20,648.2286987304688,664.5345806173981,644.7578411780092,663.8823339678404,23186270
2021-04-22,662.7177124023438,664.7210294656783,638.748085728293,642.9177104500769,38485312
2021-04-23,658.8275756835938,668.3548475577336,652.3284823935682,656.4282700647758,22713528
2021-04-26,654.4716186523438,665.7459499907978,653.5165369836191,658.2918315864222,30170952
2021-04-27,670.2650146484375,671.8024493820121,654.4716461128326,655.6130352932292,20592906
2021-04-28,688.0150756835938,689.0399941031312,666.6776413533339,669.123523685343,24103940
2021-04-29,686.0117797851562,700.5240267723495,680.6541326085659,692.3943454125842,24078552
2021-04-30,657.9656982421875,677.299816724806,655.729440103264,673.2000290935819,35232902
2021-05-03,658.9673461914062,662.4382042371565,641.6598603108004,648.9741913343149,22473700
2021-05-04,646.8076782226562,662.9505112515973,644.4550067357449,656.8707245035553,21486328
2021-05-05,653.4467163085938,656.7078934751264,643.7097616801486,652.7013157588982,14421612
2021-05-06,652.6546630859375,657.2669102027188,649.9059455621662,655.776052406065,11477044
2021-05-07,659.1071166992188,663.8590943683245,657.010645926894,658.2685056421251,12048334
2021-05-10,661.4830932617188,666.2118108456489,658.1986565682562,664.8141636900286,11060050
2021-05-11,653.8892822265625,663.5097085397368,649.9292817238612,650.3718472671749,14519034
2021-05-12,652.0023193359375,656.2418371551098,647.0406611587648,652.1187899181697,13774926
2021-05-14,646.1089477539062,651.7228530109861,644.0124771074226,649.6030654980458,10604142
2021-05-17,670.987060546875,672.0818727050178,643.5233185186172,649.9757777493439,15120692
2021-05-18,687.968505859375,690.7871170805363,677.8588806961257,679.6990933972745,22165280
2021-05-19,679.349609375,688.9700911258076,676.7174196350752,684.9401974873838,10130916
2021-05-20,667.516357421875,682.9370542259749,665.513040257813,679.4196191894328,10684184
2021-05-21,697.565673828125,699.7087212899272,672.2682391694295,672.2682391694295,19341646
2021-05-24,703.4590454101562,708.3508101809515,698.1247151463558,700.3376563521917,22146102
2021-05-25,689.0167236328125,705.2294532162696,685.0800402672332,703.7153354802148,19236974
2021-05-26,688.131591796875,692.767098727487,684.8470982712885,689.5059220690523,12283990
2021-05-27,690.7405395507812,693.6988813645199,681.3296811145242,686.2913399610924,20439496
2021-05-28,700.430908203125,704.8801081042284,688.923635068822,694.5841178992605,17750020
2021-05-31,706.2078247070312,707.9083068412123,693.0000700403444,698.8236000406835,15661054
2021-06-01,704.2743530273438,711.4023760066137,702.2011992377004,708.2809868888664,11030162
2021-06-02,700.6871337890625,703.575581938167,695.5624273584244,703.4824282057742,10624016
2021-06-03,708.3975219726562,710.4473590823497,693.1165561614135,702.5506749732225,10287260
2021-06-04,699.26611328125,708.4440299977035,698.4508191421704,706.2776656254966,9424476
2021-06-07,698.753662109375,705.3459090268713,696.9600263568028,703.4823795446339,8091668
2021-06-08,690.9268798828125,699.4292332375256,690.2047394524685,697.2162919534222,9872540
2021-06-09,689.645751953125,699.7553774679799,685.8022220835438,691.3229172494055,10223442
2021-06-10,689.9950561523438,693.6987979736189,686.5475154935052,690.4841984826694,11483540
2021-06-11,692.4642944335938,697.2163290397356,689.9951518338157,694.6306589694518,7205974
2021-06-14,689.2496948242188,692.3012472963337,681.3763277503531,688.690658691659,8881964
2021-06-15,694.2811889648438,696.9600125424635,687.083329230532,692.3011889292118,7569602
2021-06-16,691.64892578125,696.0282312475173,688.620690504738,693.2329371461217,7702098
2021-06-17,683.0301513671875,688.923574895063,680.1882802007045,682.9835745028993,9283802
2021-06-18,689.412841796875,694.1648198287452,677.8589347992109,684.6142300257322,11938060
2021-06-21,693.5590209960938,695.0033017551335,679.722338162738,680.8171502942656,7260472
2021-06-22,691.2762451171875,702.5505750994012,689.5058694609507,697.425869312867,14366824
2021-06-23,692.0682983398438,697.7986745512052,688.8536984376266,694.1647691190624,7844868
2021-06-24,701.7354125976562,705.0897433570113,693.2330582209544,694.1648230841546,14785024
2021-06-25,705.8583374023438,709.0729369927518,702.0847017398665,703.9948080015744,10383176
2021-06-28,702.7136840820312,709.5388723967646,701.152989466271,708.1412252416824,9356786
2021-06-29,702.8072509765625,705.6847822301698,698.17504251688,705.1233266481341,10971692
2021-06-30,700.8655395507812,706.0592041820919,699.0875014782571,700.912318001838,9679022
2021-07-01,695.6484985351562,702.7839548006085,693.8938781420122,702.7839548006085,16911442
2021-07-02,692.6773071289062,696.8181995606326,691.0864399872784,694.8296299127342,14827036
2021-07-05,699.7191772460938,703.9536838673887,694.6191264593356,697.1457340681139,7373882
2021-07-06,718.0841674804688,720.5640536285356,699.9765092391489,700.4444079752712,17669032
2021-07-07,720.3301391601562,723.0673354757794,714.8089109597926,717.7566959868007,9629190
2021-07-08,711.4165649414062,719.4878176227463,708.1412739982538,713.5455269010719,8420922
2021-07-09,702.7838745117188,709.3344565644245,700.6783302804919,707.7202288337677,10695842
2021-07-12,695.765380859375,702.7838615001891,694.3616847312122,702.7838615001891,14458978
2021-07-13,702.7136840820312,704.7022536501623,694.408481768072,700.0232664310304,18178142
2021-07-14,701.4503173828125,705.2870637113084,697.6837101630698,700.6782731376837,9788494
2021-07-15,711.5335693359375,714.3643794730821,701.6843354297325,704.187582188956,10438802
2021-07-16,712.3056640625,715.8616832062033,710.6446577386265,714.9258856885684,5170628
2021-07-19,688.279052734375,696.6310338952321,685.93955901332,695.765432641751,25111600
2021-07-20,675.2481079101562,680.3247980403112,671.9728165853405,674.7100129120555,24174250
2021-07-22,677.8448486328125,687.1092660782373,676.113646226117,681.3073105627461,13207114
2021-07-23,675.0608520507812,681.9389401209187,671.5750295688387,679.1549656917061,13126684
2021-07-26,671.2241821289062,675.6458025189941,668.2062008878924,669.0952199460952,13167166
2021-07-27,673.6572265625,678.4064103071216,671.9493846985216,671.9493846985216,22401430
2021-07-28,663.1529541015625,673.1659421547815,656.929877571396,671.4581573258448,20670342
2021-07-29,663.5973510742188,669.0717431809376,661.281275286732,668.2763382138219,13702230
2021-07-30,667.43408203125,669.9139680037051,658.7779560259637,663.9482595406024,11655488
2021-08-02,665.6561279296875,671.4346657200673,662.6615646871396,671.4346657200673,13258786
2021-08-03,671.2942504882812,673.7273580288141,659.7371752995092,659.7371752995092,12033120
2021-08-04,685.6119995117188,689.9166447776518,673.7741393555907,674.2420380634766,22053948
2021-08-05,694.7593994140625,705.1467852148428,681.915602462393,686.4541971765548,18822408
2021-08-06,698.4090576171875,701.848101893155,689.6827347936737,694.151190555678,13339270
2021-08-09,703.6729736328125,705.2872015472958,690.6185864892784,698.1049668306257,10998048
2021-08-10,705.4275512695312,711.0891146362193,696.7012282897388,696.7012282897388,14838346
2021-08-11,699.4851684570312,710.6679592857763,697.660409142684,708.8197821888172,12585786
2021-08-12,702.5031127929688,705.4040618582296,696.8415500011622,700.4443471096191,8597674
2021-08-13,714.1069946289062,716.3529313032537,702.3159698799373,702.4095267761425,16658428
2021-08-16,716.1657104492188,718.2244760710362,711.8844260903736,714.0835841632503,6252778
2021-08-17,708.702880859375,713.0777229198583,704.3280387988917,709.895988448662,8282666
2021-08-18,707.9307861328125,732.4252734894459,705.7550455915143,728.377938007942,22985932
2021-08-20,708.7496337890625,711.1125453306043,695.3209624684945,695.3209624684945,13150406
2021-08-23,713.3584594726562,717.3590168372876,705.8954968733947,715.8149280363475,10843054
2021-08-24,729.3839111328125,732.0275503345746,714.6918798434089,715.8850444307441,18381314
2021-08-25,728.7054443359375,732.1679061275219,724.3071851475217,726.2255583877181,7727974
2021-08-26,727.4890747070312,735.0690123956165,722.1783776511602,725.2431376277566,11119002
2021-08-27,724.517822265625,729.2904239546797,723.0205690591855,726.1788857336068,6382138
2021-08-30,733.7821044921875,734.6009271817212,725.9915800513157,727.8631747702501,9049166
2021-08-31,739.93505859375,740.8474382651433,730.9513687618706,731.5596599538288,12062576
2021-09-01,738.8587646484375,747.7020607704692,736.706442229727,736.940391560381,12422558
2021-09-02,743.4911499023438,744.8948462205987,735.1859466860024,736.5194467650346,9618524
2021-09-03,737.4318237304688,747.7021781113503,733.8056085362491,742.1341717446589,10735334
2021-09-06,732.5889892578125,739.724444603404,730.8343690908638,739.2565458922177,7876896
2021-09-07,734.2500610351562,740.2157696718924,727.6760612202143,731.0917446980607,7245496
2021-09-08,737.5956420898438,739.5140156486024,732.5423124611898,735.5134582662054,6724080
2021-09-09,733.9459228515625,739.0226125546611,730.3899039927794,736.4725873700415,8250948
2021-09-13,727.83984375,741.1515388839704,726.9508247989902,730.8577675105819,8959164
2021-09-14,724.5645751953125,732.0275368244709,723.6521384346185,729.9219926150045,9758506
2021-09-15,723.7457885742188,727.4889784667846,718.2245606360663,718.2245606360663,14822998
2021-09-16,729.8985595703125,731.9339646234694,718.8328009274061,719.5112312007644,10260550
2021-09-17,740.285888671875,743.4909831229492,729.5475799761056,734.1330097670908,20498102
2021-09-20,729.851806640625,740.0753822447209,728.9862054323227,731.7935977510607,8781610
2021-09-21,726.1553344726562,733.9692767081914,715.393664819418,730.8577390590561,14774996
2021-09-22,717.6162109375,725.3131787966195,715.8850085999203,724.7750838701154,10582202
2021-09-23,734.6010131835938,735.5368106526174,721.4998486172622,721.4998486172622,13664304
2021-09-24,749.3632202148438,752.3577263390091,736.940486313232,738.812081199107,20806702
2021-09-27,760.3822631835938,765.2484217091811,752.3812058137348,755.9840034178407,16415462
2021-09-28,755.6798706054688,763.6107312729913,740.215794653108,763.6107312729913,12773790
2021-09-29,745.7603759765625,751.7260847567792,741.6896798907969,747.2342683926307,16263036
2021-09-30,746.2750854492188,751.6091426009663,740.7304967074409,742.0874145002653,15975348
2021-10-01,740.5432739257812,743.4910586790553,732.3784641896735,740.6836663870009,11128596
2021-10-04,741.9703979492188,749.2696065845623,740.9644042742369,743.4910687947713,7051028
2021-10-05,746.509033203125,747.4682484812844,737.5254001055553,744.8948053722721,10257178
2021-10-06,755.6095581054688,761.2009242506507,742.5551740569636,746.7662620005758,18600830
2021-10-07,753.5509643554688,761.5988003023383,751.9133186707471,761.0841230818784,11265724
2021-10-08,749.8779296875,758.9317589146212,748.7081828334393,754.2527714983781,7245562
2021-10-11,764.4530029296875,769.6934460990624,748.1701035333743,748.5912238329689,13080848
2021-10-12,762.4877319335938,768.079155828651,760.3354092752614,760.3354092752614,8176946
2021-10-13,767.0731811523438,771.0970987638464,762.6749217142412,765.9502127890877,6225644
2021-10-14,789.5322875976562,790.7488128094394,766.4180801076105,766.4180801076105,14757288
2021-10-18,781.5311889648438,807.1252239441683,780.0105182530649,797.7672503332213,28856456
2021-10-19,790.1405029296875,791.8951230348935,781.8587188797318,783.9408452246269,8987540
2021-10-20,783.1923828125,794.8430741751548,778.7941227373889,790.3278394018575,10908568
2021-10-21,784.3386840820312,786.9822662811649,777.109614248012,782.2331397429754,9738190
2021-10-22,786.4207153320312,799.1709545066842,781.7417284789476,786.1165697632731,12175554
2021-10-25,775.3082275390625,790.748886264946,755.0950244172517,790.748886264946,16426766
2021-10-26,773.319580078125,783.1922312714548,770.3250169606707,772.0328586470465,12090656
2021-10-27,768.6640014648438,779.0747474620774,766.0905586340668,773.3195706484513,13249642
2021-10-28,745.6434326171875,772.0329334003637,742.6255085423319,772.0329334003637,17797750
2021-10-29,740.6134643554688,749.5737361074018,729.9219902169456,743.9589515672715,12406874
2021-11-01,751.1177978515625,753.7847975661676,740.9410012363768,741.6194314974399,8122320
2021-11-02,751.7963256835938,758.931781707664,748.6614268671785,751.4454016168362,13237722
2021-11-03,739.9583740234375,753.2701262679756,737.1978173950451,751.0241896681732,10207338
2021-11-04,745.80712890625,747.6319453057723,744.005730288937,746.298445400309,1096808
2021-11-08,748.7548828125,750.8370091478968,734.8114789267887,744.9414970446072,18943580
2021-11-09,735.6537475585938,746.1112723146045,734.1564945316613,746.1112723146045,12695476
2021-11-10,727.699462890625,734.1330701015211,725.2429946828283,733.6651713952741,13714126
2021-11-11,724.4476318359375,727.5357520533504,718.5052836512886,725.2664546194623,7999404
2021-11-12,726.6466674804688,729.4774774090271,722.9268957318046,725.2429714067782,14914092
2021-11-15,728.6353149414062,735.4666251415645,727.3018149519153,730.904612413564,9533594
2021-11-16,724.3071899414062,728.6118351487053,721.3126268284178,727.582480851994,8245406
2021-11-17,716.2593383789062,722.4355782478812,715.1831485439678,719.1135089681062,7598878
2021-11-18,720.2833862304688,722.2017597861827,713.6626071356496,714.0369490025669,9152874
2021-11-22,709.0303344726562,726.5063407477103,701.4036193856,723.3714420794946,15261272
2021-11-23,709.1240234375,714.8557835293732,700.1403325337767,702.7839720810936,11235214
2021-11-24,710.2936401367188,718.8561520256227,708.4220453479039,713.0776145384648,30802286
2021-11-25,713.9900512695312,717.4291526623336,705.1233930948175,708.7730260715878,10251652
2021-11-26,697.122314453125,704.9829786803473,694.8295993014816,701.8480801025066,18624936
2021-11-29,702.4329833984375,705.4275467576333,684.0679578541319,699.4150593721698,12990996
2021-11-30,698.8302001953125,715.4171880192514,695.554908948658,699.5086305355009,25221542
2021-12-01,704.0238037109375,705.1467720355122,696.7479559415331,699.508569747121,8677634
2021-12-02,713.896484375,715.3235983422754,701.8480921268228,703.9536364032033,11203110
2021-12-03,708.188232421875,718.6691195650027,705.1468903041788,713.9199925667641,8124694
2021-12-06,703.6261596679688,710.6446408837688,700.6081784752469,707.9308053003743,7029532
2021-12-07,713.873046875,716.8208316271332,706.4802814453766,708.3752369718545,12427534
2021-12-08,727.0210571289062,727.6059305314374,717.7566395861959,718.6924370302457,15295534
2021-12-09,714.4111328125,727.4421004421224,712.1418354958904,722.9970627041388,11747744
2021-12-10,712.3992309570312,714.9492561772763,705.8018132009037,713.4987815442046,7779384
2021-12-13,707.0651245117188,719.4644399316592,705.216890396181,714.0134087105283,10322142
2021-12-14,702.9943237304688,709.3343734639143,700.4677166422298,703.0177415102448,9191100
2021-12-15,701.8480224609375,712.7734452539385,699.8126746191084,703.2517185058593,10115148
2021-12-16,701.894775390625,709.802274246207,699.0406049596792,707.8371227013686,13210432
2021-12-17,689.2381591796875,704.6553975205238,686.7348556001799,700.4443094875326,14994768
2021-12-20,667.0598754882812,682.1963888799697,661.6556219890123,679.3889963331386,21156668
2021-12-21,674.6163330078125,678.804003305838,669.0951057917273,673.5401432078262,9118750
2021-12-22,676.2072143554688,681.2605434308314,671.7621764690725,679.5293409953787,8577484
2021-12-23,675.6925659179688,682.1028129914248,672.3003000182912,679.9738508560433,9779166
2021-12-24,673.259521484375,679.3889836741034,668.1594136960191,676.347641805039,5561024
2021-12-27,678.8275146484375,680.3247677693998,665.4222043278841,668.5805208219992,4705098
2021-12-28,683.5064697265625,686.3606404814903,680.0440077919508,683.4596341615539,5450678
2021-12-29,680.2545776367188,683.6000650800983,677.2366535841128,681.2839891435909,7668702
2021-12-30,683.833984375,686.3372311223421,676.1136554374787,682.4302882045415,7215918
2021-12-31,692.2093505859375,694.7360149979426,683.8339524038007,683.8339524038007,6325736
2022-01-03,711.0422973632812,712.6097466433577,692.7240511526534,694.8295953810808,9069184
2022-01-04,715.2066650390625,717.242013200678,705.4977658695926,711.2061078358669,8857352
2022-01-05,732.1913452148438,735.5368326901471,714.9960662063432,719.0668195884875,14332638
2022-01-06,720.4470825195312,727.4655635961949,715.9084876032401,721.967753419475,9628930
2022-01-07,725.5004272460938,733.0803641242641,718.6456991580834,722.4356675971685,11179384
2022-01-10,729.5244140625,735.5369021253928,723.137584118826,728.9863190275839,8856496
2022-01-11,732.6826171875,733.992699333782,724.2136617774655,730.6472691784858,8389198
2022-01-12,728.3544921875,737.7124657944661,726.1787519005727,733.6651307861456,21085530
2022-01-13,714.94921875,727.5824837410013,711.393200027693,727.5824837410013,41963896
2022-01-14,722.9738159179688,724.6348223275555,710.7382513201867,715.8851379327753,11208968
2022-01-17,711.9078979492188,728.0504036864833,710.8083473875251,715.8850370439071,22989372
2022-01-18,715.5341186523438,725.664137379117,712.6097516478794,717.2887388550224,12341152
2022-01-19,710.4807739257812,720.4470393034343,708.0945019261654,717.7566217187649,14317626
2022-01-20,706.0591430664062,715.183167778,701.894833184986,715.1597499962256,15197846
2022-01-21,711.9546508789062,715.7914544908904,695.1102976698634,701.8480503767886,11537694
2022-01-24,695.6016845703125,711.7909698146024,686.664829914109,706.503691119895,11868508
2022-01-25,696.2567138671875,699.5085871279545,675.6457523831212,682.5004800615633,13594248
2022-01-27,690.127197265625,694.8296022690124,671.4346661656787,678.4531469966787,28617838
2022-01-28,684.65283203125,695.6250346492707,683.1321611246369,691.3203890833227,24925208
2022-01-31,695.1571655273438,697.8944189691098,686.3139246484154,689.0978994263672,12842546
2022-02-01,700.4443359375,709.8023096975201,689.4252989884608,705.8251708495114,14739484
2022-02-02,716.4464721679688,718.2245100884196,704.468276778076,707.439422122886,13969290
2022-02-03,709.0303344726562,720.5406318948554,706.0591889378767,715.3001889256323,10564762
2022-02-04,713.0776977539062,717.218590284089,708.4454886877073,715.1364636851665,11579958
2022-02-07,686.9454956054688,710.7381333465257,683.1321097339879,707.5096208566665,12268042
2022-02-08,683.9977416992188,691.7648491334083,675.9031280031979,690.8056910143061,13981130
2022-02-09,700.7251586914062,701.7077346460622,686.4074683215063,689.6827595813908,11308342
2022-02-10,713.59228515625,718.4584429859755,702.6200836537802,708.398621088093,14314530
2022-02-11,710.66796875,713.5455573389709,701.614139822811,701.965063867404,10711104
2022-02-14,689.5423583984375,701.5907510950923,687.4836496114692,697.1691307967247,14656620
2022-02-15,710.1767578125,713.4988275713342,689.2382883898335,690.6185668794573,13135066
2022-02-16,709.2174682617188,718.1075437339092,705.1233545574205,717.9203728269758,10032264
2022-02-17,704.889404296875,712.1418342780244,702.7838601087993,707.9775243494109,7351208
2022-02-18,707.6266479492188,709.8023885133234,697.3796541208723,701.0527049227635,7796128
2022-02-21,712.1885986328125,716.2125160226459,699.7659224389105,703.7196436005554,7468066
2022-02-22,706.8545532226562,712.1886099012698,696.209857647376,697.0755159478297,9536196
2022-02-23,702.2692260742188,713.873080486644,699.8127577039627,713.592352667638,9029562
2022-02-24,664.1354370117188,690.1271759497945,658.4036778434378,678.4063475939694,23630766
2022-02-25,681.3073120117188,685.8927422957805,670.4286668157401,673.7507362909885,18318654
2022-02-28,667.3405151367188,673.0956919438478,661.6321738924195,667.2235404627246,24880832
2022-03-02,643.0098266601562,654.3095923595013,633.7220483369093,648.7415860755369,38505560
2022-03-03,641.4891967773438,651.315070688594,637.6992282634567,646.1681843541296,17527922
2022-03-04,639.383544921875,648.5075691633507,625.5337554453015,636.3422035080497,21219364
2022-03-07,619.8722534179688,623.4048545200336,606.8880638056838,616.9244686053191,27054458
2022-03-08,621.27587890625,624.176827823131,604.5250836188045,609.2976272218118,39212492
2022-03-09,641.5593872070312,643.2203935118266,617.0882595553301,622.3053420795318,23134694
2022-03-10,651.6425170898438,667.6914658500247,645.8172009386801,667.6914658500247,22273206
2022-03-11,653.5609130859375,659.2458364766177,642.2845089628895,649.4433817670237,15150780
2022-03-14,674.9673461914062,678.4531689369124,662.0767131349869,662.0767131349869,25018126
2022-03-15,666.287841796875,678.2192603121982,660.5560819218667,675.4118677203575,18867928
2022-03-16,677.5874633789062,680.7925578119646,671.9960400602882,677.0493684906617,13364108
2022-03-17,692.5136108398438,697.0756239359783,688.068572438482,688.7470028215434,14823954
2022-03-21,695.531494140625,698.8769816373319,689.1213040913631,695.765443516387,12257876
2022-03-22,699.1109619140625,700.9123607637435,681.822068011142,693.0984741145326,10461814
2022-03-23,692.13916015625,710.6445768066046,689.4955210466934,705.1233492347262,31188256
2022-03-24,675.0140991210938,687.6473645478017,671.22413091639,685.93952279829,20160044
2022-03-25,669.5162353515625,679.3888861163086,663.9482296136653,678.9209874344103,16366462
2022-03-28,670.4053344726562,672.8383850629837,655.8068595810566,669.5163154473864,15754886
2022-03-29,679.29541015625,683.2491316427125,669.0951948290217,674.2420809430911,12377448
2022-03-30,691.06298828125,693.7768236906089,680.3481533388308,688.7469124751822,20109742
2022-03-31,687.9749145507812,694.6892501793495,685.8927879631939,688.2790601611094,14295714
2022-04-01,704.6553955078125,706.5269901837961,687.9514358712739,690.8056063288415,14568556
2022-04-04,775.2146606445312,805.7684143080922,731.1152040942818,739.2800143171792,97450970
2022-04-05,752.4981689453125,779.8468281909389,749.5738017412657,779.8468281909389,30922582
2022-04-06,725.6407470703125,743.8654372020744,724.0031014858087,742.882804158136,27027860
2022-04-07,709.6854248046875,721.1957225623213,708.258310779131,721.1723618948894,40781732
2022-04-08,708.702880859375,713.8965457644185,700.5848486523307,707.5097161535391,41256322
2022-04-11,700.0466918945312,706.5270778408221,698.6897741627865,704.6554829326345,20799066
2022-04-12,698.8067016601562,705.0531378211556,692.5602654991568,694.3616640533457,27435402
2022-04-13,685.4481811523438,702.9242433781278,684.3720484068768,697.1690664926792,28892520
2022-04-18,652.92919921875,669.8671659396864,650.4025920049239,663.8780399059723,45620376
2022-04-19,628.0137329101562,650.1687863035042,620.9016941508291,646.1214503478619,74096022
2022-04-20,633.67529296875,636.2955145164841,624.8085774843098,633.7454320872375,49325736
2022-04-21,643.0565795898438,645.6066618250044,633.2073460307391,638.6817380819679,52446270
2022-04-22,634.2835083007812,643.524508237747,631.2655843325418,636.3422741404268,20659148
2022-04-25,639.0326538085938,641.3253688772705,618.6790602221586,631.6632492341948,20935488
2022-04-26,641.98046875,646.6126204361926,635.0087663212903,641.9570509671229,17016842
2022-04-27,642.2144775390625,645.2324017492105,634.5175085274548,636.3423251478798,18054334
2022-04-28,641.6528930664062,645.2323296688057,637.3248299413617,641.9570386552584,20773722
2022-04-29,647.8525390625,657.2807094431166,641.7464951987836,645.8639695553754,28401476
2022-05-02,656.7894287109375,658.0761502267766,637.3014921733744,637.3014921733744,19494316
2022-05-04,634.4705810546875,656.7425457804977,631.663189103118,655.0581220328631,29055916
2022-05-05,633.0435180664062,643.360707162427,630.0255943230603,643.360707162427,17862912
2022-05-06,616.5033569335938,624.6448062814701,614.3510341929365,622.3053126249852,26731268
2022-05-09,617.55615234375,620.6676904474025,606.162829230765,608.2683736009221,32762434
2022-05-10,627.4755859375,633.0669526579659,615.3102195153957,615.3102195153957,20113812
2022-05-11,631.0081787109375,634.002741829974,621.6736224435258,633.0669444250589,17102924
2022-05-12,616.7843627929688,628.0261632360961,612.0272830721492,625.3280964613642,22382290
2022-05-13,611.246337890625,623.8608344529532,609.187324689644,620.0978123194584,16768238
2022-05-16,617.7546997070312,621.0207502699137,608.382622442987,614.867343445593,9804356
2022-05-17,621.9674682617188,623.3874853125446,614.4886886817793,621.3047820818717,16641444
2022-05-18,621.9201049804688,631.1028928608465,620.0740713797754,626.7245072423251,15732384
2022-05-19,609.2109375,613.636645262878,605.0692215597546,608.8085531555822,20537506
2022-05-20,625.257080078125,626.7954317079133,611.7195972921158,616.760668804318,13919350
2022-05-23,617.2340698242188,629.5171940370686,614.9146971161438,621.9674599302327,19486320
2022-05-24,624.3104858398438,627.1742100621962,613.8733949747416,615.3407344006453,12870796
2022-05-25,628.972900390625,632.3572280918651,626.3221557067814,629.5408840910824,12887112
2022-05-26,646.912353515625,648.9477342187919,634.2742260052379,635.2919163568214,26992428
2022-05-27,658.91162109375,660.1659233011529,648.8294766230603,649.3265057177756,24031718
2022-05-30,663.4082641601562,672.3780146327596,661.9408671117387,667.5262901343535,12624674
2022-05-31,657.4442138671875,664.9466836174759,653.2078527172565,660.7339547503448,13485388
2022-06-01,660.2369384765625,662.8876255046422,652.8055387723787,653.2078653942101,12091896
2022-06-02,655.6218872070312,656.9945819675592,652.5451834730333,656.6395776905593,11475020
2022-06-03,653.349853515625,663.0296130823147,651.4564974904033,661.8699556291225,6957244
2022-06-06,652.4740600585938,656.521131240136,644.0486613195667,651.4564275288357,6173266
2022-06-07,644.9716796875,650.5097803969437,640.9482983756177,644.6876878569063,10253966
2022-06-08,647.2437744140625,653.6811733997421,642.3210371494931,650.0364861317101,5986588
2022-06-09,652.119140625,654.178211573515,642.3920584937911,644.8060759244232,7311816
2022-06-10,639.5283203125,647.5040710182226,635.9782777627149,643.7883713722422,9155430
2022-06-13,627.9315185546875,629.5408827433928,619.2694493477306,626.511501525943,10892572
2022-06-14,621.0208129882812,627.6475594683392,617.7074397482523,620.6658087125638,11870356
2022-06-15,618.8670043945312,622.8194309622124,614.5833214454613,616.1216730760376,11810470
2022-06-16,606.4892578125,625.0678127660508,604.9272160672077,620.0740634178733,12169192
2022-06-17,610.4889526367188,614.8673382245379,601.8978385488166,603.5072026453316,14723922
2022-06-20,625.8251953125,627.1741999600592,612.5717027850421,617.5653947653956,15936840
2022-06-21,632.6412353515625,640.9009774209887,626.7244981154012,632.8068924380476,13220684
2022-06-22,629.6591796875,632.8305277490141,626.3221167580701,630.6058576498191,8159698
2022-06-23,631.9785766601562,638.0609712468488,624.097470763331,629.7775387566263,15372244
2022-06-24,640.8063354492188,644.5220348931247,633.5879159905552,633.5879159905552,8013432
2022-06-27,641.9660034179688,651.3144484447005,639.9543127160139,648.4744145125288,9804164
2022-06-28,637.06689453125,639.4809115828753,633.5168524610268,636.1675389840003,9770574
2022-06-29,636.1439208984375,639.3626491851958,630.1325387583134,630.1325387583134,9994046
2022-06-30,638.0609741210938,640.9010081305348,632.3809061022116,632.3809061022116,12475822
2022-07-01,640.7826538085938,643.7410224780701,629.5645429261943,636.1439086225995,11472452
2022-07-04,641.6820068359375,643.8356645501927,635.3392528781949,640.7589611464242,8487480
2022-07-05,640.23828125,652.9000987367396,638.202958341074,645.6343570808499,14325718
2022-07-06,649.0661010742188,650.0837914761512,637.6349527152158,638.0609693695875,15049078
2022-07-07,660.6865844726562,661.7279071370114,650.5807508251304,653.2078053283803,17743142
2022-07-08,661.3018188476562,667.4079027051275,660.1894838992741,667.4079027051275,12474030
2022-07-11,665.585693359375,667.3607147345925,659.4796082724978,659.8346125475413,7462880
2022-07-12,658.7932739257812,665.1596606593656,657.6572487168633,665.1596606593656,9876974
2022-07-13,642.7233276367188,659.9291881427924,641.0193188510601,657.9411875229638,15945610
2022-07-14,639.504638671875,649.728748870004,638.6526054134325,644.6876772822643,10372410
2022-07-15,644.71142578125,646.0604304121975,637.4930058328619,640.4276846012615,13595646
2022-07-18,637.8480224609375,646.628426654129,635.2446578389066,638.0610019086649,20332220
2022-07-19,638.0845947265625,643.0546537020829,632.8541762162614,632.8541762162614,15792538
2022-07-20,646.13134765625,648.9950135948013,641.4926028997119,643.6936405421574,20347862
2022-07-21,644.0960693359375,648.237785747247,642.8417093809554,644.0014246445072,12640278
2022-07-22,659.1245727539062,661.2545983032007,644.877080080309,646.5810889636165,12729592
2022-07-25,661.0652465820312,664.8519586435416,654.7698724481547,660.3079157258574,10143126
2022-07-26,659.7161865234375,663.6212330086884,656.1898343247683,660.7811992012332,8527964
2022-07-27,664.7572631835938,665.5145939819267,655.219471350983,657.4205091247603,9212778
2022-07-28,670.6503295898438,674.0347148899765,667.8813080826944,669.7983540849104,17420406
2022-07-29,678.8627319335938,680.9454349708267,669.916671568808,680.6614431431668,20019736
2022-08-01,684.5191650390625,685.6078100048894,676.8984191557296,681.1347798374608,13193036
2022-08-02,676.9931030273438,683.7855061039321,673.5850853482716,682.5548362631915,15036510
2022-08-03,678.5787353515625,679.5964256924633,670.7213200112976,674.4843417078575,10975498
2022-08-04,677.774169921875,684.779552911016,668.8043606176687,681.6082045161496,12012206
2022-08-05,675.4784545898438,680.1644645453026,672.6857428860559,678.2947985756512,9268982
2022-08-08,692.0452880859375,693.2049454902074,675.5020558450844,675.9280724889151,15357736
2022-08-10,694.0570068359375,696.5183465521361,685.8919089915445,691.7139440904666,17353102
2022-08-11,703.23974609375,705.748465966316,697.9620623413853,703.6184404151097,18301766
2022-08-12,702.9794311523438,704.9437995689399,698.6246776607533,702.9084187458374,8850370
2022-08-16,711.0261840820312,714.0318751491698,704.3521157975206,707.5471540191029,12563756
2022-08-17,714.694580078125,716.0435846954439,703.2634314733141,710.0085123405493,12384350
2022-08-18,715.5465698242188,716.5879503313682,709.8428693302802,710.008526430319,8342138
2022-08-19,706.7188110351562,715.6885618964038,705.2751039852128,714.7418839044774,8063702
2022-08-22,695.9739990234375,704.494101169479,694.7196390958088,702.8137823590608,8234066
2022-08-23,693.8203125,698.6246570090722,686.5308805205054,687.903575143371,14966884
2022-08-24,697.1573486328125,698.4117085642,690.696259596575,691.9743095906954,13455520
2022-08-25,693.3706665039062,703.7604928802608,689.654966674725,700.4944420172992,11823040
2022-08-26,693.4888916015625,701.3936868205767,691.6428581204374,696.778632008081,7706176
2022-08-29,681.3241577148438,684.4481835108402,676.2120734809305,680.1881325761254,8653178
2022-08-30,703.4290161132812,705.2513595511165,683.075440856041,684.661114814141,10135400
2022-09-01,696.8259887695312,705.014718429371,690.6015696459982,693.3232687724303,22403136
2022-09-02,703.1450805664062,705.5117755531663,693.5362758079048,696.8260165078848,12038086
2022-09-05,707.6654663085938,709.5351321703702,702.482369800808,703.4290477623429,12131932
2022-09-06,704.9674072265625,713.156194796427,703.5947126110668,709.4878176550125,12238696
2022-09-07,701.6304321289062,705.2751193650466,696.4237030597683,696.4237030597683,9776206
2022-09-08,708.8724975585938,710.0085227511238,701.5594328865137,705.3224549448381,11164690
2022-09-09,709.3457641601562,714.2685009714878,707.1921065293857,708.2097390835974,15128888
2022-09-12,706.9555053710938,711.901874940438,705.2751287641307,710.0085188900646,11080492
2022-09-13,716.209228515625,717.5346008263482,709.3221807419732,709.4878378356536,13001966
2022-09-14,723.5697021484375,728.4214270878097,706.3874726655264,707.1921836653196,20219760
2022-09-15,719.8065795898438,729.3916941454547,715.6885534856144,724.2086553128241,13539372
2022-09-16,706.5768432617188,716.9666119495581,701.9617876785321,711.4758907092803,20560046
2022-09-19,711.2391357421875,716.6352116395905,700.5416864112245,704.8017372069685,12076038
2022-09-20,719.8065795898438,721.3686213704209,714.694553161901,716.6352314664156,10781668
2022-09-21,718.6942138671875,720.1852431794865,712.3751501709676,713.7951670816074,9072304
2022-09-22,703.3817138671875,714.812861621089,701.8433622049612,710.955137435071,12048144
2022-09-23,684.5191650390625,698.1749828076821,680.1881018946707,696.920622977358,15806252
2022-09-26,675.2890625,679.9277498021432,671.1946687964193,674.6736987181858,8923486
2022-09-27,669.2303466796875,681.6081733278456,665.9879860224158,678.0108084136324,12639700
2022-09-28,657.7282104492188,667.6919614261478,656.0005115959231,665.5146136488581,11816132
2022-09-29,654.3201293945312,663.7158966193714,652.6398106789119,660.9232428535685,14410388
2022-09-30,672.7803344726562,677.561046520772,646.1076950288735,652.6397959370244,15781756
2022-10-03,668.9226684570312,671.1237064183372,663.1952779695787,667.3843166684661,11541112
2022-10-04,687.7615966796875,690.1282917818199,675.0524555373647,676.638129699665,11538526
2022-10-06,680.1881103515625,692.3055766138067,678.8627381029233,691.051216767887,12549198
2022-10-07,677.2534790039062,679.2177896720063,672.3070516782196,676.9931194360024,13297994
2022-10-10,669.774658203125,674.9813869948101,661.8225402090238,666.4612853356891,13109302
2022-10-11,662.9822998046875,670.7213811074919,662.4142583209682,663.1952792481815,14521620
2022-10-12,667.3133544921875,669.7036818066864,661.3966169107936,664.1892708246992,9225050
2022-10-13,659.645263671875,665.6330139849169,655.1012205192,663.6450131620727,14714234
2022-10-14,681.1348266601562,684.9215386916234,669.8930253167381,670.7213685736215,12849920
2022-10-17,684.7085571289062,689.9389184377674,675.4547565184473,679.2414685381723,18410500
2022-10-18,683.4305419921875,692.4476735610679,681.6081982959277,690.1519908382136,10561108
2022-10-19,690.4359130859375,699.3110189397639,687.9508834468661,692.9682650667686,12967040
2022-10-20,685.7736206054688,687.7142991029858,682.7915615571211,683.501570113333,7898078
2022-10-21,680.9454345703125,689.9625651125049,678.768086852019,687.2881883606218,10492606
2022-10-24,691.5719604492188,692.4949483754677,688.3769222390107,688.3769222390107,2167794
2022-10-25,686.767578125,694.7670189147169,683.9748664222344,691.5956128933714,13773394
2022-10-27,688.4242553710938,694.5539723285599,686.9332259601686,693.2049677303476,15937276
2022-10-28,690.4595947265625,694.3883316443048,685.110898551334,686.3415684282495,10474278
2022-10-31,708.4464721679688,709.061835992368,694.5066614551414,696.7550217495098,12830528
2022-11-01,716.2802124023438,723.7353013468916,709.4878095867721,711.6651573414332,19073756
2022-11-02,716.7297973632812,723.3802325595925,715.499127679653,718.0551695029621,12720406
2022-11-03,713.582275390625,719.5936579391653,708.5885255286502,708.9198397362794,10332352
2022-11-04,708.659423828125,717.6291738598813,705.0856916268333,711.5230898204973,10818060
2022-11-07,714.1738891601562,715.6885508115232,706.2690933816195,714.7418728342593,9835834
2022-11-09,713.9608154296875,718.504857932011,711.9018024905791,717.1322211596956,9269790
2022-11-10,721.7236328125,722.7886455515248,707.6654877696277,708.6357980412447,12774182
2022-11-11,762.6200561523438,774.8558563783679,727.9953006169394,731.3086732465354,56722338
2022-11-14,764.4661865234375,770.5959035530808,756.3957333401862,763.0224794395369,19195390
2022-11-15,766.3358764648438,768.3002449618797,759.8274649136445,768.3002449618797,11030202
2022-11-16,772.915283203125,777.2226566503574,763.022486309608,766.170202291269,13578150
2022-11-17,765.9334716796875,772.2762254819945,763.9217810419066,765.9097816187531,12100930
2022-11-18,763.921875,768.2292486333745,759.8274808186842,767.2825705697473,10459232
2022-11-21,756.0880126953125,763.0224403501558,752.7036274118254,760.9634273308967,8344816
2022-11-22,754.9756469726562,759.4013547263689,753.0822911181793,757.3423417907524,8546314
2022-11-23,756.9400024414062,759.7090237756768,754.5022952638185,759.7090237756768,10185738
2022-11-24,769.2468872070312,772.4892478000642,756.9400732102165,760.1587437409996,17197960
2022-11-25,765.6968383789062,772.3472166038309,764.0164618309748,771.400538611901,8410496
2022-11-28,757.460693359375,760.8687108608916,754.5260148319932,758.7150531969597,16105980
2022-11-29,756.32470703125,763.188122507995,753.958012039269,756.0407151883402,12638236
2022-11-30,761.342041015625,763.4484340945068,755.969655277555,755.969655277555,15184806
2022-12-01,766.572509765625,774.8559422576894,764.4424842676656,767.7558572644913,20446366
2022-12-02,760.703125,766.1465237122118,759.7801370262731,762.0758197096427,7811078
2022-12-05,763.4721069335938,764.2531278294877,755.5436787874839,762.052089952201,11592622
2022-12-06,762.6200561523438,763.8270357990309,757.3423153362178,757.8156542833029,12353092
2022-12-07,762.2887573242188,766.1464816690436,759.4487233693498,764.0401462647712,11674720
2022-12-08,766.572509765625,769.6492132626774,759.7090942722001,762.0757892699328,14803634
2022-12-09,772.0396118164062,773.8382653777363,766.8091926677436,769.649226714661,11963384
2022-12-12,778.0509643554688,782.7133418481023,767.4718494913106,769.175858298182,14434808
2022-12-13,780.2046508789062,784.322676824208,778.6426091586131,781.0093040192777,17031702
2022-12-14,786.8077392578125,788.3460909814328,781.0093366072435,782.4293535828931,14227640
2022-12-15,772.3945922851562,790.1921268749417,770.146232067255,784.3464018645261,18182648
2022-12-16,776.1103515625,778.6900261619706,761.6024987468371,766.8329181370016,14647958
2022-12-19,778.5242919921875,779.4236476156718,769.7438307486328,778.169287755073,9604542
2022-12-20,773.1519775390625,774.5719946187421,766.903867720086,766.903867720086,7174698
2022-12-21,765.673095703125,778.5479501770524,760.442734825503,776.7492390037293,9269198
2022-12-22,763.046142578125,770.3592068674686,761.6024355451656,767.850487106121,9747096
2022-12-23,756.2300415039062,759.3067449086949,750.455271214228,751.1889697537788,10693152
2022-12-26,771.2822265625,775.8026372192614,752.6090257343659,757.1057463283763,9907322
2022-12-27,772.0631713867188,774.3588538023118,763.7324171897993,772.9625269730042,7926772
2022-12-28,771.4478759765625,772.9625375674409,768.2764702109968,768.2764702109968,8691870
2022-12-29,776.891357421875,777.9326801546684,762.5491619891518,766.856535519368,11012896
2022-12-30,770.6668701171875,778.6426203561981,766.8091458826996,778.6426203561981,7122640
2023-01-02,770.92724609375,776.1576654267515,766.1229012195713,770.122592864354,4381378
2023-01-03,775.96826171875,777.6959605884185,767.85048648393,767.85048648393,8378030
2023-01-04,762.0994873046875,778.9976666530196,760.6557802287117,773.9092723546631,10351600
2023-01-05,757.2003784179688,765.8861953295342,752.3250213655542,764.4424882611195,10941436
2023-01-06,754.6917724609375,761.6498331954565,747.0236453899807,758.2891375874959,9092462
2023-01-09,756.1590576171875,762.8094937244492,752.6090150931632,755.4490491123827,10729340
2023-01-10,742.3375854492188,757.3424088115413,740.7755436187888,757.3424088115413,16371766
2023-01-11,753.0350341796875,756.3957295571362,738.4088473774297,742.17186935277,15195798
2023-01-12,757.0584106445312,759.1884361515325,749.8399908708047,751.5676897826115,9250070
2023-01-13,757.6500854492188,762.0284712196939,750.7156575106625,756.750729788885,9244546
2023-01-16,750.3843383789062,767.4245423463568,748.017643383427,764.4424835397972,14748094
2023-01-17,761.5551147460938,762.5491150718101,746.6922588614403,752.5143515673539,10786354
2023-01-18,774.9979858398438,777.0333089188046,757.200392801334,759.7091126719464,19090642
2023-01-19,778.2166137695312,781.0093253374716,772.9625625915704,774.8559185317824,11172162
2023-01-20,786.1923828125,790.002784845069,777.8853180956044,778.2166322807672,18843404
2023-01-23,791.9434204101562,796.4401406323066,786.4053775646045,788.7010600166277,15444400
2023-01-24,802.5462036132812,805.8122539809278,792.8427549703604,792.8664450305238,24983940
2023-01-25,780.370361328125,801.3392445591735,778.7846872191718,800.6056037705797,14704142
2023-01-27,764.8211669921875,774.8559305182873,752.5853078147762,772.4892355564111,35179948
2023-01-30,764.0401611328125,769.3179025577755,748.8223006723755,754.9757076943356,18512822
2023-01-31,758.9990234375,768.0871083701478,754.9756422717883,766.667091488132,18596244
2023-02-01,770.3828735351562,788.1093950748863,760.18239548965,768.7024970580272,17302790
2023-02-02,758.9281005859375,768.9392323415261,752.0173625008308,761.1764609144216,17497106
2023-02-03,785.1747436523438,785.9793968271139,760.6557607354243,762.5491167048964,14411100
2023-02-06,781.8377685546875,790.1922142654951,779.2107137394001,785.742815680812,11167672
2023-02-07,782.9973754882812,788.0621376170855,772.7732643205723,785.4587730346269,10264588
2023-02-08,782.9026489257812,789.6240391235308,781.0092930638084,783.0209836671545,8444826
2023-02-09,781.2696533203125,786.5237042859567,774.1695688314326,785.7426834360527,11777336
2023-02-10,784.3700561523438,785.0327423176034,777.3172933990301,780.441377066591,8172116
2023-02-13,784.961669921875,786.5710339771882,778.4296267994425,783.3759959273335,5736944
2023-02-14,792.2273559570312,794.0260670303663,784.7722676972827,788.1093303162801,10908592
2023-02-15,790.6181030273438,794.2627899763636,784.204336885185,794.2627899763636,11438712
2023-02-16,787.7544555664062,796.1089007357218,786.216103767944,791.9908166376073,8062500
2023-02-17,783.8021240234375,789.6005272348177,777.6723488173061,786.2161415593935,8956270
2023-02-20,776.441650390625,790.2158043251848,773.8146534963532,785.7427736956203,8086706
2023-02-21,779.3526611328125,786.8550727038969,773.4359236507838,776.2759576421577,12389296
2023-02-22,764.0637817382812,777.1989388344294,761.6261321413451,775.8026119130404,10359102
2023-02-23,758.8807983398438,766.2648756370453,753.6030566097003,763.4958538731751,27882010
2023-02-24,752.1119995117188,765.8151985685134,750.3369782178833,765.8151985685134,17061740
2023-02-27,753.981689453125,756.8690457387776,746.5976127581428,750.6683165199346,14312972
2023-02-28,757.153076171875,759.8511432233867,751.993669356785,753.5557112171675,18993992
2023-03-01,756.41943359375,763.4958287329239,755.3307307505042,763.0224897194503,14137256
2023-03-02,749.9819946289062,760.1587836607059,748.8223371305629,754.5024054273814,17391814
2023-03-03,764.8685302734375,766.8092086899194,751.662360123205,755.4490722648835,14986234
2023-03-06,770.2646484375,776.0156715902972,765.8862622860476,766.8092503084201,27004710
2023-03-08,771.8029174804688,776.039278351897,766.8091679963849,766.8091679963849,20099774
2023-03-09,771.8739013671875,779.0923212778464,770.1225701404643,771.5188971092862,20700166
2023-03-10,751.9700317382812,763.8508293638935,750.2423327911828,762.2887875145955,27387000
2023-03-13,742.4559326171875,759.1411328403547,740.751865944351,751.6150309707979,26443550
2023-03-14,740.4678955078125,749.5796717797343,738.0775680892785,743.2606073239067,33185612
2023-03-15,729.8413696289062,749.2482674050162,727.3326499748621,746.9288948951588,37264754
2023-03-16,734.5748291015625,737.9828468980804,725.1790612078056,728.4687442505466,21753342
2023-03-17,744.3966064453125,747.4969422958127,728.9420761958121,737.2255088798554,22950876
2023-03-20,739.2371826171875,742.2428737084866,731.4981015299404,742.1718613024195,26503114
2023-03-21,747.6151733398438,749.0588802339063,736.6100428719521,744.0651312534271,33050494
2023-03-22,745.8876342773438,750.7393591246861,740.9175746776272,749.7689910429613,14177324
2023-03-23,739.8998413085938,752.7746385074203,737.722493547406,742.0771890697815,28364178
2023-03-24,738.7164306640625,744.9881716394126,736.0183640289285,738.4087487959376,31477748
2023-03-27,741.9351806640625,747.6152485739262,737.8881669466679,739.4501509534972,31872006
2023-03-28,747.9702758789062,749.2483258664123,740.3495294210122,741.1068602762156,39276302
2023-03-29,751.567626953125,758.2890171010677,748.7749155212824,749.7689157853254,39763612
2023-03-31,761.8628540039062,763.4721604711577,753.7450781349003,755.2597399090109,34711228
2023-04-03,762.3361206054688,764.7737701383646,758.6440534334533,760.916103659407,40025398
2023-04-05,782.784423828125,783.8494366496599,764.915875377929,766.1465453044627,43365392
2023-04-06,788.7484130859375,790.0974176490104,779.6366375439686,780.3230137466818,44637344
2023-04-10,785.0090942382812,790.9495222000966,782.9027586588628,787.2811447033577,31813286
2023-04-11,787.3048095703125,790.1921660159843,781.5300388983272,785.2694286862951,42361542
2023-04-12,797.5288696289062,799.0908536154229,789.4347845187364,789.5294292037479,26955504
2023-04-13,801.1025390625,803.2799446098875,794.3338262706332,799.138228506588,35330086
2023-04-17,788.890380859375,814.1430025509777,782.5713173666323,814.1430025509777,32405148
2023-04-18,785.5532836914062,793.907727436686,784.0386222141241,790.476020163521,29637226
2023-04-19,788.4407348632812,790.6181404482337,784.3937211551915,788.1094206815565,24741168
2023-04-20,791.37548828125,794.0024850715804,788.7721237726142,791.280785812552,32922716
2023-04-21,792.6534423828125,793.7657774269219,787.2810565292857,790.0027556575246,20128618
2023-04-24,799.067138671875,800.6291224968062,792.4167034896188,798.5227873377768,35675852
2023-04-25,787.7070922851562,798.8541908386393,786.6420795569525,798.8541908386393,50353068
2023-04-26,791.3281860351562,792.8428477663938,783.3760674945562,785.7427625625156,27392750
2023-04-27,795.682861328125,797.6945520840111,788.5117639010149,790.7128018135829,47790392
2023-04-28,798.806884765625,800.4162489215953,790.4761299225689,797.4341901096315,27916272
2023-05-02,798.6412353515625,804.2029686544997,796.1562055779098,799.3275537958391,32221184
2023-05-03,801.4339599609375,802.7829645894082,795.0438832970477,797.552545393005,29407270
2023-05-04,817.8351440429688,820.9828021558743,798.5702121515963,798.5702121515963,56854638
2023-05-05,769.4835815429688,786.1924141095578,767.8032049269116,775.8026458391606,62770416
2023-05-08,778.38232421875,781.1750359781396,771.5425985281042,773.9092936156137,37244524
2023-05-09,778.406005859375,783.8494045017483,776.2522902407883,780.9620480823568,43688938
2023-05-10,782.0033569335938,783.210394506021,773.0099158578086,778.4059920594077,46340550
2023-05-11,782.5240478515625,798.9962689250709,780.6543818274131,788.1804838313546,35734618
2023-05-12,789.4347534179688,791.8014482563958,778.2875976167232,779.5892797778581,22478760
2023-05-15,793.2214965820312,795.5645014526352,788.1567347587811,791.4227853213184,18512260
2023-05-16,788.6732788085938,800.403075905702,787.0933235773915,800.403075905702,32722086
2023-05-17,784.43603515625,789.9658192684319,778.1641970070733,789.9658192684319,30466868
2023-05-18,787.572021484375,791.8569644245696,785.1781855528116,789.0083230433131,49646942
2023-05-19,788.481689453125,789.9658560394562,781.1326248446826,789.0083216684993,30460332
2023-05-22,785.680908203125,791.354287626984,781.6831554747228,787.5720151966582,28334032
2023-05-23,783.8375854492188,789.774310031499,782.0422085660649,789.487061418846,22470074
2023-05-24,773.5921020507812,782.6647175463944,772.5387790945629,779.2176169192138,33588112
2023-05-25,770.6236572265625,775.6268094273125,764.7587591498904,773.5441253964981,29776930
2023-05-26,773.5921020507812,775.1241337865805,767.1047828039214,775.1241337865805,26635066
2023-05-29,783.023681640625,785.6569009919081,777.9247997535801,779.6723115571738,21816292
2023-05-30,783.6221923828125,786.4469304713781,779.696324831423,782.1140640569184,37125928
2023-05-31,771.22216796875,782.7604463317739,768.2538345692759,780.3427069263231,43334270
2023-06-01,767.9425048828125,775.5549142196161,766.0274362920823,775.5549142196161,50366938
2023-06-02,769.1395263671875,773.1133176055869,766.5063067001975,771.9881679023533,17859710
2023-06-05,768.1341552734375,773.9272270660708,767.2005241092544,772.9696926063541,18697242
2023-06-06,765.740234375,770.7433279959911,762.3170373717256,769.6900635841799,32182852
2023-06-07,769.7139892578125,772.0360568877586,764.1124365028589,767.6792286969496,24949026
2023-06-08,770.1927490234375,778.4754447215801,767.5834912360843,767.5834912360843,37395522
2023-06-09,771.1024780273438,774.8847507794242,769.3789277124094,773.6399676877086,18212578
2023-06-12,766.4105224609375,773.592030136009,765.7641400155738,772.0360368064102,13408292
2023-06-13,767.7031860351562,770.3364055694209,761.2876940266594,761.2876940266594,27926108
2023-06-14,766.8652954101562,771.7726587801916,766.1231829378727,771.030546307908,20113968
2023-06-15,757.4336547851562,768.8761438484094,755.9733914813049,767.9425712071014,35377476
2023-06-16,767.3441772460938,770.4322024997265,758.3672916910389,759.8754201529412,15779272
2023-06-19,768.014404296875,772.8499412572538,765.2375312003252,771.2939478800904,24829146
2023-06-20,769.6182861328125,771.2939713592292,761.5510703742875,768.0144276761805,20005626
2023-06-21,783.0716552734375,783.8616328770374,771.2939933210611,773.6878294269613,24308946
2023-06-22,786.9017333984375,793.580570693625,784.7233777731387,785.1781832214814,56596140
2023-06-23,786.8538208007812,794.7056138469821,782.3294945543738,784.0051796001923,21339218
2023-06-26,783.0476684570312,790.3249060654587,779.7680665871447,787.571994837304,16130314
2023-06-27,794.0833129882812,800.929707728713,784.4840651290187,786.5905941784453,33831864
2023-06-28,802.4856567382812,804.2810337444777,794.9929383437692,799.5412267594668,59562950
2023-06-30,814.574462890625,818.1173515857972,805.8848271927366,815.8192458258862,40699016
2023-07-03,823.3839111328125,841.4334124492976,818.691968869587,819.8888869527296,44104116
2023-07-04,827.4054565429688,836.406303333363,820.5112555769142,825.1313123295552,38795188
2023-07-05,801.1211547851562,823.4795589682101,798.8470106542848,821.6841820227852,37165754
2023-07-06,801.9349975585938,808.0871439109142,794.9450086715105,800.9774632331506,52156544
2023-07-07,794.9450073242188,801.9349961994551,792.9820736490386,797.1473245803539,19926336
2023-07-10,793.053955078125,802.7729532283765,789.8222762743131,795.2323693528155,38398442
2023-07-11,789.1998291015625,802.4137915457645,787.8113925946035,796.1898182223189,50670426
2023-07-12,781.8028564453125,797.7697889233564,779.0260418202364,792.5272531476065,70958358
2023-07-13,785.704833984375,793.5326659534852,784.2446291019418,793.1735905563402,41913546
2023-07-14,787.3327026367188,791.6894727017868,782.7844139927244,791.6894727017868,24727214
2023-07-17,803.80224609375,805.2864126924621,781.8268204083179,789.9658626293475,49252928
2023-07-18,803.1320190429688,815.8193504913376,799.5412648594681,812.9467471445371,81076818
2023-07-19,806.7705688476562,808.518080755261,801.935031985233,804.8555001145571,32935134
2023-07-20,808.51806640625,810.0740597242783,804.328853626943,804.8794475665894,56210948
2023-07-21,802.2941284179688,809.0208308967337,801.0972104283851,804.3288890002611,42154248
2023-07-24,803.5628051757812,806.555099896524,799.5890144093324,803.6106702026618,32179444
2023-07-25,812.2764282226562,813.4254812031791,803.5628884699448,806.555183500857,55992596
2023-07-26,809.45166015625,813.7126998116902,808.1590121278992,813.7126998116902,24794358
2023-07-27,801.0493774414062,815.3405671200665,798.3203692500316,813.8564004422645,59741302
2023-07-28,786.8538208007812,799.0145182505155,785.7047679378544,795.471629607848,41015684
2023-07-31,790.5403442382812,793.2214872008873,784.5557544882844,789.989808735889,34565006
2023-08-01,795.8307495117188,798.3203154846697,789.9658515231379,792.0963421090329,35394188
2023-08-02,785.4176025390625,790.6840418124119,781.8986752587043,786.1357533490648,28116322
2023-08-03,779.7442016601562,790.6121935791729,777.0391553272656,785.1781976196645,57673946
2023-08-04,791.0191040039062,793.0778262359121,780.0314207032054,782.856158727379,37388304
2023-08-07,790.5643310546875,796.2377106290166,788.7929158097952,796.2377106290166,28300918
2023-08-08,789.9180297851562,792.6469794990385,786.1597188833139,790.779775695363,43773828
2023-08-09,790.2052612304688,792.1203300247262,780.917165889668,791.4021792268796,33361236
2023-08-10,783.1912841796875,792.0006120305654,780.8692750321005,788.5535116922156,50781118
2023-08-11,775.0283203125,784.4121451817492,773.7834789124577,784.4121451817492,28225822
2023-08-14,771.24609375,773.2090275802822,766.1472113841155,771.2939587813216,31304410
2023-08-16,768.9957885742188,770.6475703412267,757.0745330516527,757.936278873205,34137542
2023-08-17,764.73486328125,770.7673182443161,763.1549081618289,764.8784583736676,52884040
2023-08-18,761.5989379882812,764.2561193764838,759.0854101401351,760.0669062962402,25633366
2023-08-21,761.0004272460938,766.2668661889733,759.8035093045302,766.2668661889733,21837270
2023-08-22,757.7448120117188,765.069973432526,756.4521639695814,764.2799958764373,32273570
2023-08-23,759.6119995117188,761.5031649471699,753.2204693186583,756.4521477981758,36498588
2023-08-24,756.1170654296875,764.2081843881693,754.6089370548672,762.8198062571005,43145792
2023-08-25,747.594970703125,755.2552457791736,746.1108040957927,753.8429059393314,30069756
2023-08-28,755.3749389648438,757.7209098998453,747.5949720764402,747.5949720764402,28867238
2023-08-29,761.383544921875,762.5086362173317,757.1464082058284,761.0962378308944,35538932
2023-08-30,755.8297119140625,767.918583020737,753.4358760513546,767.918583020737,28084204
2023-08-31,752.358642578125,757.9602535082042,748.3609484150296,755.973358072876,100075772
2023-09-01,753.9146728515625,755.9733951516992,746.5656081528945,752.1432576208482,43226776
2023-09-04,758.630615234375,761.9340622690505,754.0104999128797,761.2398731833899,25073638
2023-09-05,754.010498046875,760.4738554447009,751.9517756465584,760.4738554447009,38712082
2023-09-06,763.873046875,766.0274992165465,754.010454511239,754.9201238552107,56320910
2023-09-07,771.22216796875,772.730296406896,759.8754081832036,763.8731027987624,34208342
2023-09-08,777.2306518554688,781.7789400663747,769.6661070326583,770.0012791246807,34502210
2023-09-11,781.2523193359375,783.5025017381441,777.51791189902,779.8638828046087,31573022
2023-09-12,783.6939697265625,786.566572663961,778.0205906138519,785.1781362222338,39033340
2023-09-13,787.04541015625,790.7318942113928,779.7202486339522,781.0129551372609,46420094
2023-09-14,786.5665893554688,789.9658245482066,782.8321820803015,787.2129133414476,23538848
2023-09-15,795.5914306640625,799.5412602431078,789.9659158090586,789.9659158090586,173411202
2023-09-18,779.9356689453125,792.3596534268783,778.5232707508934,791.7611944741388,37056288
2023-09-20,748.6482543945312,765.548760092835,747.0683576854377,765.548760092835,115474648
2023-09-21,743.6929931640625,751.161749541656,735.8891231351594,743.5254363384076,72841442
2023-09-22,732.3462524414062,748.9834124885792,729.5215142987016,746.3980579436757,61704250
2023-09-25,732.9925537109375,737.636571986799,730.1199506265053,730.1199506265053,40208754
2023-09-26,736.1763916015625,737.3014828250133,730.1199748754191,730.1199748754191,27575308
2023-09-27,731.0056762695312,733.7107225961398,725.3322967263633,729.1624342668326,39338538
2023-09-28,729.49755859375,736.1524343562999,726.9361657647512,734.4288841265327,55354188
2023-09-29,730.7423706054688,735.1230435502242,728.8273018844358,729.4975291821899,32053782
2023-10-03,722.0048828125,731.0774976675469,721.0233866976592,731.0774976675469,38971694
2023-10-04,732.2984008789062,734.9076587656226,713.0040591639762,715.7569705893197,54649430
2023-10-05,735.2667846679688,742.8313303944558,733.7586561818523,734.9316709791724,48512674
2023-10-06,734.452880859375,739.6953585670591,732.4420234594476,739.2165913446855,17759356
2023-10-09,725.9307861328125,732.513835306317,723.8960254791839,731.55630088108,16454972
2023-10-10,730.0481567382812,732.035052316478,725.4280415474352,727.989492834349,33266292
2023-10-11,737.1099243164062,738.3308039789869,731.7956204103215,732.561636194785,31333360
2023-10-12,742.017333984375,743.046695154072,733.2798325755078,735.4342849776942,22025336
2023-10-13,735.2667846679688,741.5147204919085,732.4899113143808,737.3015454264508,39745300
2023-10-16,732.3223266601562,734.6443359841811,727.965556654919,733.2319960651158,17856084
2023-10-17,737.8759765625,744.8420626176685,734.9076433348039,744.8420626176685,32902558
2023-10-18,727.6064453125,737.8759782779842,726.8164677513256,737.8759782779842,31216200
2023-10-19,725.3084106445312,730.7185038620617,719.6828955451837,720.7362185446387,30252364
2023-10-20,729.066650390625,731.0774490736428,720.5445716148215,720.5445716148215,21094010
2023-10-23,721.04736328125,731.9153553189844,718.1986633818357,729.4018275247573,22376136
2023-10-25,716.4751586914062,729.0667602000749,714.0573608059868,728.2049558099759,28311996
2023-10-26,700.6279296875,714.3206598703572,699.1198013241884,713.9615844716288,55561798
2023-10-27,703.380859375,707.6179375015631,702.3036331507926,703.548416210113,31940532
2023-10-30,711.0171508789062,713.3391600901615,699.9097753123232,700.5560993380782,23310982
2023-10-31,706.8997192382812,720.0658162779376,705.7028013255851,720.0658162779376,32634824
2023-11-01,705.9421997070312,707.354539496317,700.0773018118728,700.0773018118728,33877466
2023-11-02,707.0194702148438,713.6025192857455,702.4233167339939,710.9692996573848,45225154
2023-11-03,710.370849609375,714.0334304636632,709.3654501545199,712.4056102569502,18095340
2023-11-06,715.517578125,717.193263319672,710.0117553425058,717.193263319672,25593730
2023-11-07,712.0464477539062,715.2781260341811,707.234814492639,715.2781260341811,41952848
2023-11-08,714.105224609375,715.014835514477,709.054207384732,710.4665472159254,31399546
2023-11-09,711.280517578125,714.607926311971,710.2511563874616,711.4480744130556,22116740
2023-11-10,714.0812377929688,716.2356900692465,708.5993770450763,708.6232803377466,14015186
2023-11-13,712.78857421875,716.2117126727126,711.4001377601898,714.3684707875195,20605914
2023-11-15,720.2574462890625,723.3933366396359,718.4142041069291,720.1137927400063,41245460
2023-11-16,722.1484375,727.2473194666765,719.9461202422743,722.794761480394,29713838
2023-11-17,720.592529296875,721.7415823105994,712.8843887631724,713.3631559819523,23701874
2023-11-20,720.640380859375,724.3747884733571,718.8929272981045,724.3747884733571,19331452
2023-11-21,726.7445678710938,728.6835981949724,723.9437917480229,727.2472967530639,24959972
2023-11-22,724.1593017578125,727.7260937743376,719.8503972552013,727.7260937743376,29123650
2023-11-23,728.3486328125,729.5694542206472,722.2203887024183,722.2203887024183,13046220
2023-11-24,733.5192260742188,734.0219550188177,727.654327789123,728.3006518298484,16469192
2023-11-28,731.8674926757812,735.9848789111071,730.5030178431152,735.0033827728541,28489338
2023-11-29,746.4699096679688,748.3131517440087,733.9501353957551,734.3810375748553,34042488
2023-11-30,746.3023681640625,752.8374939821603,738.3308822383686,751.257597217354,69491440
2023-12-01,744.674560546875,749.6297896841719,743.0946053120196,745.871478620776,22153536
2023-12-04,770.5278930664062,771.7726760164909,753.4119667837824,760.2822639666176,50662456
2023-12-05,777.374267578125,784.6994290053266,773.9271671672425,783.5025110233172,52230820
2023-12-06,779.3372802734375,784.4361042559843,773.9990142449448,784.4361042559843,38613060
2023-12-07,780.6058959960938,782.3055427986936,773.7834639368028,777.9966383401941,20450386
2023-12-08,791.4979248046875,792.3597291563016,780.605970823838,780.605970823838,33728038
2023-12-11,790.444580078125,796.5248996245001,788.5295114407461,789.9897746540502,23187620
2023-12-12,782.5928344726562,792.9581557902037,781.2762247045517,791.9766596766761,36581476
2023-12-13,780.8213500976562,783.2630508535977,773.2568058135773,781.5634041080009,29346914
2023-12-14,790.0376586914062,794.2507747290626,787.5719960728002,788.0507632436652,35172366
2023-12-15,793.101806640625,798.5836675519721,788.3380380661904,789.9658581899005,138837130
2023-12-18,792.69482421875,797.0037289891579,790.4206800343679,795.0886602023099,18014754
2023-12-19,791.3543090820312,794.1072204559873,787.1172310907685,789.9658725265142,24008446
2023-12-20,793.3171997070312,799.038444004139,787.308648353673,793.795966876438,34232520
2023-12-21,807.5365600585938,808.9968233004131,790.0855201370065,793.31719852569,36589240
2023-12-22,799.9481201171875,807.1535894553359,798.1527432166448,806.052401579033,48578850
2023-12-26,805.5018920898438,807.1775773726962,798.847074435413,801.0972570093661,18045856
2023-12-27,815.4841918945312,817.0162235511344,803.6586070355986,805.0470435987298,27009078
2023-12-28,816.417724609375,824.1498261689791,814.8617312916912,818.3567550440999,44076470
2023-12-29,818.3328247070312,821.0378710363707,811.9891593992248,812.4679265922668,25011426
