Date,Close,High,Low,Open,Volume
2014-01-01,309.47857666015625,312.24496532118997,308.94761287126664,311.62029691385976,1478688
2014-01-02,310.5985107421875,313.0480988343917,309.05468309241934,309.05468309241934,4404744
2014-01-03,318.1479797363281,319.02698588063674,308.25145901487815,310.1031541077518,10046344
2014-01-06,313.9315185546875,319.5178468370259,309.5320862286895,319.03596856024745,11098328
2014-01-07,308.51019287109375,314.6453262494608,307.577656954921,314.0340569412334,7713688
2014-01-08,305.91790771484375,310.10317640254624,305.2843068987369,308.85383986452155,8990392
2014-01-09,307.9435729980469,310.7278039894932,305.0031749597936,306.9797948661277,12590808
2014-01-10,316.9075622558594,319.026972211108,307.69370634514695,311.44171552916555,30258176
2014-01-13,327.0584411621094,327.9508243576404,319.65166063920213,319.65166063920213,17119912
2014-01-14,328.99945068359375,329.73566699013463,324.8677111756052,325.27374998079586,7425832
2014-01-15,331.25714111328125,332.3547769093408,328.4862866606373,329.7623991133992,17130144
2014-01-16,332.4171447753906,333.52369101733973,329.6150489906243,330.09248262610515,17608232
2014-01-17,332.8366394042969,335.95104820157064,331.9665657440805,332.7697106612033,25667896
2014-01-20,334.58123779296875,335.53161718702654,330.5788904231833,331.25264409704596,9761944
2014-01-21,335.38885498046875,336.42847271329816,331.8193221134842,334.6437062798059,12102464
2014-01-22,336.06256103515625,337.14235335905846,333.7557636692895,333.8583790166439,6769760
2014-01-23,338.4363098144531,339.0163588622564,335.6119258579056,337.6867166827404,7907344
2014-01-24,335.3710021972656,338.8334535626771,335.0631343335272,335.98229343785533,6876584
2014-01-27,333.05523681640625,335.88408706096567,331.1812321905425,331.96653372443456,8099048
2014-01-28,327.959716796875,330.958110895155,327.2235007505965,330.80641012780666,14108544
2014-01-29,331.77020263671875,334.0814662162557,326.0455518166713,327.1476536909475,8102080
2014-01-30,330.5610656738281,331.6720784637214,326.61226978908303,330.51198023769456,7183632
2014-01-31,330.2799987792969,333.7290515911885,328.98157669332437,330.18182789956484,5369928
2014-02-03,323.8592834472656,329.4679213209447,323.4711097755854,328.8432529977468,4384112
2014-02-04,317.7865905761719,320.5395796805661,316.4881686607504,319.5624244323393,4535112
2014-02-05,319.5847473144531,320.27634432434826,316.1490718459417,319.4731994096313,4326992
2014-02-06,318.0186767578125,319.7409811251213,315.9929707407353,318.7593593577821,5749904
2014-02-07,318.2729187011719,321.42303559761433,316.69340487318226,320.09783789693853,7551456
2014-02-10,318.9198913574219,320.0085944323396,317.46530247993536,319.46423200153185,6049424
2014-02-11,320.9233093261719,323.22119607351954,318.8931375396803,319.8301399026764,5833592
2014-02-12,321.26678466796875,323.7074388891736,320.6510273793822,321.3024712701945,4208712
2014-02-13,319.9908142089844,322.85981785883314,319.4776938016424,321.68634251150576,3588320
2014-02-14,325.21112060546875,326.9691106476275,321.54788426339076,322.6455196417353,5962168
2014-02-17,326.4471740722656,328.8432318439363,325.61727506847865,328.8432318439363,13569920
2014-02-18,328.5755310058594,329.6999426783548,325.452189456374,325.452189456374,4978240
2014-02-19,334.9471435546875,335.71460191755835,329.74456627597,329.7936299287601,7064304
2014-02-20,331.1856994628906,334.1885600744293,330.71719830501115,334.1885600744293,8816848
2014-02-21,334.70611572265625,335.1255314107421,332.61348176824674,333.3943169591978,5517984
2014-02-24,334.6347961425781,334.9739061449909,332.85896213701017,334.28677537942093,4357608
2014-02-25,337.5796203613281,338.40063030634934,335.0898800339444,335.0898800339444,8099512
2014-02-26,339.7748718261719,340.69403079409824,336.61584430640653,337.3208182542166,7352168
2014-02-28,341.3231506347656,342.4207643924139,335.63420850699447,335.63420850699447,9839496
2014-03-03,338.9494323730469,343.56304893420565,338.3872266271862,341.3365573163705,7204176
2014-03-04,339.0654296875,341.2874549217681,335.7055941987007,336.42843323412126,6937912
2014-03-05,341.0421142578125,343.06781994902764,339.989097628536,341.5953875348795,4943504
2014-03-06,341.9523010253906,343.56305701790046,340.6539009316623,342.4966634782716,6226312
2014-03-07,333.778076171875,342.1397019856505,330.9224500728816,341.5150337764957,15072744
2014-03-10,327.6474304199219,332.8321638347402,325.30045820365183,332.8321638347402,7432472
2014-03-11,327.9820556640625,330.97598375694025,324.02879388093817,325.987570573169,4124272
2014-03-12,327.6206359863281,330.4807283897847,325.8983321191583,327.8080233791093,3940104
2014-03-13,299.6266174316406,306.9709143629558,298.05601415137215,305.19508035859064,40790880
2014-03-14,302.8882141113281,303.758287670998,297.61424283704,298.05596813307136,11167544
2014-03-18,298.9974060058594,304.472162924183,298.05593753445186,303.4102358135139,11804312
2014-03-19,291.9654235839844,299.6488503381158,289.0205595270511,298.9483209311065,15777848
2014-03-20,294.75860595703125,298.90372112386063,291.8092754366396,291.8092754366396,8023032
2014-03-21,294.99066162109375,297.87753016224144,291.85394319820574,297.1636235590965,12380320
2014-03-24,292.3268737792969,296.13287916219593,291.80928720001236,292.00560713375535,8160344
2014-03-25,290.41717529296875,292.67490911054495,289.66758213152235,289.84605876869523,7548064
2014-03-26,289.9263916015625,291.7156244135614,288.2933476483669,290.91694574500656,8458568
2014-03-27,288.3335266113281,291.1757545085856,286.9860190383702,289.846112031987,13599368
2014-03-28,291.14898681640625,292.61248672701464,287.9988693814619,289.14112437317425,7146824
2014-03-31,292.9515686035156,294.9281887264295,288.2442471054086,293.1746644091131,9176928
2014-04-01,295.7312927246094,296.7173804063065,292.25546491147486,292.97383766348213,8628352
2014-04-02,296.4542541503906,298.9484615844782,295.4235468881836,298.84137992572937,5644400
2014-04-03,297.8909606933594,298.7699670710189,296.18652144427796,298.0114411689569,4700216
2014-04-04,295.9187316894531,299.4837981714909,295.0308147739066,299.0376065770757,3925584
2014-04-07,293.8974609375,295.7759318449636,290.5599566367571,294.307965905413,7097544
2014-04-09,290.43060302734375,295.36102062010394,288.28441689433146,292.7954187053192,10664680
2014-04-10,285.66973876953125,290.7161707083487,284.32669754037425,290.4261461347006,21263240
2014-04-11,288.6993713378906,290.5243125952273,282.43931127347656,286.45503607831273,18678336
2014-04-15,290.8990783691406,302.3394265758578,289.801442681552,297.35992398860856,20782384
2014-04-16,281.7520751953125,289.30608820693124,280.87753554065904,289.30608820693124,13198304
2014-04-17,284.85321044921875,286.4595003599826,281.84588314029554,283.7778842349505,8391912
2014-04-21,284.04107666015625,287.3473604286388,282.8854448940326,286.4549773217176,6119624
2014-04-22,281.15875244140625,285.5626730038182,280.4225361750683,283.06846588914107,6626896
2014-04-23,283.12188720703125,284.83528001712443,282.34998461736643,283.2468339005601,12016720
2014-04-24,283.12188720703125,283.12188720703125,283.12188720703125,283.12188720703125,0
2014-04-25,283.3851623535156,285.56256822152676,282.2919931470426,284.491708590696,5962904
2014-04-28,283.603759765625,284.93786788082593,282.4391956914544,282.79614886136466,6042480
2014-04-29,283.57708740234375,285.11644850931896,282.97472870831,284.04558860881446,4835464
2014-04-30,283.8492736816406,284.6702619292375,282.97473372338936,283.56815988075584,7741936
2014-05-02,287.320556640625,289.7567666429758,284.22399191804055,284.22399191804055,4764392
2014-05-05,283.50115966796875,288.50743724419954,283.29146272528635,284.8486667749721,4196688
2014-05-06,282.4527587890625,284.17952960070664,281.54699823841406,283.50130941641635,4566024
2014-05-07,273.7251892089844,282.885494699641,272.17689553120033,281.1899664979712,15596072
2014-05-08,273.542236328125,275.6036285210139,271.8600852219501,273.9616520896193,9161992
2014-05-09,277.6604919433594,278.8696752124191,272.4311408657921,273.51537744834064,6179400
2014-05-12,283.34063720703125,284.35794547915793,277.08948768075464,278.26296303418957,7044200
2014-05-13,291.385498046875,292.2555718868435,284.0456443712436,284.0456443712436,7299968
2014-05-14,290.390380859375,291.3630696820733,287.09300801661783,290.0468046658985,5184688
2014-05-15,292.02789306640625,294.02684421304434,286.0310831998839,290.3903832067593,8409192
2014-05-16,283.5592346191406,298.0559956804501,272.9844934550288,294.3972244759895,14188792
2014-05-19,269.0579528808594,285.3840962432523,267.72384459315884,285.3840962432523,17246512
2014-05-20,278.619873046875,280.1057041186317,271.48080758267116,272.0876325044683,8787344
2014-05-21,281.73431396484375,282.376825523313,276.5540250362923,278.24508687403346,6788304
2014-05-22,277.87921142578125,283.7778734213261,274.9566562828415,281.9931069218209,9832744
2014-05-23,273.9214782714844,282.97470110659634,268.7991858416859,278.8697385550658,9081776
2014-05-26,276.17926025390625,277.6159843257794,272.1902893877695,274.0509173229595,5750544
2014-05-27,279.6772766113281,281.5468144928566,276.594089229987,276.6387083764993,4984128
2014-05-28,283.1799621582031,284.4917610907107,278.24507875810417,278.73588951280897,5389320
2014-05-29,264.56243896484375,273.6540871494793,263.70302943495284,273.6540871494793,41341328
2014-05-30,265.9103698730469,267.7241808810721,260.536807061789,265.9646572089096,28035616
2014-06-02,270.77276611328125,271.184382419627,267.8191204024456,267.8191204024456,6229856
2014-06-03,272.9485168457031,274.73518438346736,269.1083168589454,272.1162508149282,6824936
2014-06-04,269.990234375,273.8666317310739,267.1858459462431,272.74939073232537,5508008
2014-06-05,275.1151123046875,277.5802610316625,267.9548818091687,271.39252040091355,12153720
2014-06-06,271.6684265136719,272.2971480695936,266.86929794196055,271.40606717258237,16882424
2014-06-09,270.16668701171875,272.74944320453244,269.2303962045429,271.9352657621309,10858344
2014-06-10,278.19091796875,279.4619441317422,271.0623581593351,271.39254358630575,10479176
2014-06-11,288.88372802734375,294.6643788940289,279.5659197454848,280.8912108269122,20375704
2014-06-12,287.22821044921875,298.2648370018422,282.3114749497873,296.7224187918421,21128856
2014-06-13,288.309326171875,290.11860967467936,283.24785998997584,288.4450224345853,10151744
2014-06-16,293.4792785644531,294.88600058689207,287.67601187624535,288.21879680431374,9375328
2014-06-17,293.72357177734375,295.54641579827444,291.1634315881584,293.91806089029495,10079392
2014-06-18,293.14910888671875,296.27012238975584,290.6387284603628,293.55619760450617,9791280
2014-06-19,299.6082763671875,300.61243749051823,293.56528746830094,293.633135595932,11313704
2014-06-20,300.0333557128906,302.0959202996864,297.88483253000317,300.340924934158,8853000
2014-06-23,292.4299011230469,299.3413535524664,291.42574019404594,298.5317038032857,6328112
2014-06-24,289.82904052734375,292.64246226640375,288.7751199561132,292.1991967775084,10638024
2014-06-25,290.5030517578125,293.5562173465478,290.0281148884537,293.5562173465478,6433520
2014-06-26,287.9022216796875,292.6515906154875,286.6583393393589,291.2946280624018,7376552
2014-06-27,291.6021423339844,292.70582267083347,286.95229369798454,289.4852899853564,6890744
2014-06-30,294.5105285644531,295.1844819746297,290.51652362449164,291.2945240448384,7290576
2014-07-01,291.38958740234375,294.4427528067146,290.02809737519937,293.55619962025014,4662512
2014-07-02,290.8694152832031,293.4295554039123,289.32246932760813,290.57087914086316,6119632
2014-07-03,290.45330810546875,292.0545195077675,288.62593627668775,290.4080760201723,7504912
2014-07-04,293.6421813964844,294.768455946426,289.4898846411883,289.4898846411883,5752968
2014-07-07,302.6432800292969,304.6832509873959,294.91312298661245,295.36544372738945,11638312
2014-07-08,302.3448181152344,308.15263552076374,298.8076823059687,302.964506516553,11460480
2014-07-09,299.4680480957031,306.130724805619,297.62709356101846,301.2456600480825,8270752
2014-07-10,297.8713684082031,305.92267954540375,294.0628400993844,299.8887238182031,11345616
2014-07-11,300.942626953125,310.47303624449745,298.5634369140908,307.70482376526843,15826360
2014-07-14,291.7695007324219,299.8886582212165,288.20069442055876,299.8886582212165,8231600
2014-07-15,291.8056945800781,294.7276912221852,291.0277160937611,293.0133998913282,4139800
2014-07-16,292.1630554199219,293.55619462783295,289.77931600665823,293.1038738348779,4589488
2014-07-17,293.04058837890625,302.6840555861583,292.3485242313516,294.922247519778,4946672
2014-07-18,294.1487121582031,296.24294840206977,293.42952658092116,294.27988075886884,4098368
2014-07-21,289.5487365722656,296.1209734102232,288.40890099814095,294.46094664314074,7435968
2014-07-22,292.5339050292969,293.70993892941266,289.30886705298406,289.9375884516205,8733360
2014-07-23,303.00518798828125,303.5072685128527,293.9180671827894,293.9180671827894,11827336
2014-07-24,305.972412109375,307.12583017557193,300.4721866392562,302.51215791078425,5571560
2014-07-25,303.2539978027344,307.48772553712286,298.95694956413087,307.48772553712286,5337672
2014-07-28,304.9637756347656,306.40214711900165,300.4179510428761,302.60265193772085,4601448
2014-07-30,305.06329345703125,307.03541693408687,302.6569595988829,307.03541693408687,9934720
2014-07-31,304.6515197753906,307.1166673277243,302.43967620526126,305.7687606197351,8457168
2014-08-01,302.26788330078125,306.8544115084322,301.245633939587,303.0549170263113,7607008
2014-08-04,313.5080871582031,315.0776271479655,302.99162812034706,303.5072694366206,13086960
2014-08-05,317.80059814453125,318.4338472726302,313.9151668400336,314.45342418172237,10985624
2014-08-06,323.4862976074219,326.42638300952865,318.88618592081133,318.88618592081133,18004184
2014-08-07,317.2894592285156,320.64113846398016,315.0278553794977,316.5340747085536,7754224
2014-08-08,315.0550231933594,318.43386867405064,314.3629811483881,316.62458532931174,3811352
2014-08-11,323.2736511230469,324.19638106752956,317.529177400838,318.79567554431713,5628672
2014-08-12,323.57220458984375,325.5805044792446,320.3335833178675,325.5805044792446,5916936
2014-08-13,326.4308166503906,327.93253031324883,321.2155674509706,322.056888428693,8941360
2014-08-14,326.8063049316406,328.17682811834146,324.4587644018179,326.39468858731885,6762480
2014-08-18,322.0343017578125,326.7565262077393,321.14774862610034,326.7565262077393,6777888
2014-08-19,320.9486999511719,324.6758183300762,319.3384337434297,322.1428222550575,6424824
2014-08-20,321.5594177246094,324.0878868418813,320.87640882851446,322.3238355387643,3938224
2014-08-21,321.0527038574219,322.3599062576153,319.33841282897623,321.71309649378094,4298880
2014-08-22,325.761474609375,326.3947237963413,320.96687362234445,321.05281016623695,4855040
2014-08-25,328.18585205078125,328.900510010676,322.2378341110083,325.58048007973906,4198352
2014-08-26,327.8556823730469,329.2895481685562,325.6709817051655,327.6611932600304,5842128
2014-08-27,328.43463134765625,330.1941546862552,325.7704664893689,328.3848716468785,5569872
2014-08-28,325.5625,328.7151634659447,323.97032157511677,328.2945138573954,7599304
2014-09-01,325.6392822265625,327.3807171863289,324.3139912084549,326.58012267719016,3643152
2014-09-02,326.9148254394531,327.932547137466,321.64981627226166,325.6709433641041,3583832
2014-09-03,337.8157958984375,338.9149266289301,326.5756238048763,326.5756238048763,11857560
2014-09-04,335.5090026855469,336.979045501493,334.5229520310888,336.979045501493,6238464
2014-09-05,337.4991149902344,343.31143641035703,335.20133450055965,337.61219517350526,6468352
2014-09-08,342.1037902832031,342.9044069533775,337.6755739589745,337.6755739589745,6517296
2014-09-09,337.9786071777344,339.73360293202876,336.5266530879422,339.05964940150733,4316800
2014-09-10,331.7591857910156,335.4410723240878,331.0987930707016,335.4410723240878,5080752
2014-09-11,333.2835998535156,334.69032226946246,328.43926068415965,332.365397261071,5013032
2014-09-12,331.9943542480469,335.4410469793925,330.1941266113222,333.631764093851,3907552
2014-09-15,329.4071350097656,331.82252355300267,328.1406368282656,331.5511310855384,4958800
2014-09-16,330.30718994140625,333.85790742314543,327.80586531413655,329.83225320817996,5034904
2014-09-17,338.43096923828125,339.06874601938233,332.103005307223,332.89907229125896,7926120
2014-09-18,334.4460144042969,337.4041881507531,330.59675980779303,332.360811006301,9104776
2014-09-19,334.90289306640625,342.6692289971728,333.02576149350176,334.6269729240364,14755016
2014-09-22,330.2484436035156,333.1568572689415,328.56580153439563,332.90808084982814,8612040
2014-09-23,326.3133239746094,333.2202502619742,325.268458369792,329.7419072623695,12962304
2014-09-24,329.7237243652344,332.20696076031305,325.5126139439843,328.384850584774,5564560
2014-09-25,333.9032287597656,336.41813693191136,329.83234138664466,330.1941980420332,24975512
2014-09-26,332.921630859375,336.5492520877485,331.144019156563,333.36039081872275,8864840
2014-09-29,339.1546325683594,340.2311471398988,333.00759787354684,334.80782565915626,4996144
2014-09-30,339.037109375,339.8105824827853,334.8169644765273,338.7159571389043,6927368
2014-10-01,348.042724609375,349.1870872589953,336.70756233080203,336.70756233080203,9470864
2014-10-07,346.5953369140625,352.1724434839556,340.9865590541179,340.9865590541179,20063456
2014-10-08,330.20770263671875,343.0400509289871,329.37996451277485,342.406801889825,20327680
2014-10-09,329.9047546386719,335.9839427230891,328.01404014774283,334.717444285253,12432832
2014-10-10,351.78350830078125,353.5339989364581,323.20135638123884,331.09888334376575,45893056
2014-10-13,356.65948486328125,360.49968410740564,351.8422682563253,351.8422682563253,17726984
2014-10-14,354.4657287597656,358.6904006886382,352.8102301855458,358.6904006886382,6860512
2014-10-15,354.4657287597656,354.4657287597656,354.4657287597656,354.4657287597656,0
2014-10-16,352.36907958984375,359.0239168560625,351.37085845118804,355.5415270118662,10017392
2014-10-17,351.1246337890625,357.61083314824157,349.79824250944694,352.3325320964538,8190016
2014-10-20,347.5419616699219,352.1182962297341,346.6075498200483,351.24769342077104,7702720
2014-10-21,343.9501953125,350.96511760868185,338.2115429898648,350.96511760868185,26081384
2014-10-22,346.0559997558594,347.5009061279518,344.24642261611496,347.26389794945163,5353320
2014-10-27,346.6941223144531,350.97417961195185,344.7933831145229,350.97417961195185,4767752
2014-10-28,345.34490966796875,347.54192571709086,343.22539032532234,343.22539032532234,6666368
2014-10-29,353.8412170410156,354.86679092237137,347.59661163009395,347.59661163009395,8229336
2014-10-30,359.7759704589844,362.9392924625778,355.1677195439129,355.1677195439129,15245208
2014-10-31,369.3205871582031,370.6652286048143,363.4679827367715,363.4679827367715,8670800
2014-11-03,372.4793701171875,374.67638654179774,367.6067583006635,371.658910876585,8578408
2014-11-05,376.02557373046875,378.68752599853923,369.8447985017029,372.3973383976969,10241080
2014-11-07,379.83612060546875,381.3311705595218,375.43296324086407,375.43296324086407,9970400
2014-11-10,379.7358093261719,381.1579472949783,377.4111752755615,380.60638976355386,5594168
2014-11-11,376.06207275390625,379.6903080727616,374.111167373526,379.6903080727616,6255088
2014-11-12,374.31170654296875,378.38667156737836,373.50037248686675,375.67913849575604,5392896
2014-11-13,380.9300842285156,382.9766473334933,374.8951334347129,375.77029878275573,4956680
2014-11-14,382.11968994140625,383.92472661819005,380.51068743207964,382.3339298251418,5233176
2014-11-17,384.5628662109375,385.42432154465916,378.14960211148957,381.51347546573334,5458184
2014-11-18,381.2720031738281,385.4152959252358,380.3375911946106,385.16005972626317,5267120
2014-11-19,380.45159912109375,381.964899839007,377.3885417248009,381.05781856625833,5201120
2014-11-20,385.2147521972656,385.8437620680784,381.40873280769864,381.96937107271077,5347928
2014-11-21,377.9718933105469,380.96657847606645,373.91063782751894,380.14611922593855,10463272
2014-11-24,389.7273254394531,390.3244197307446,382.1472013930601,382.8810389125346,11047440
2014-11-25,392.2889404296875,393.81590628160274,387.0744481929668,391.54139307319656,14886576
2014-11-26,392.0382385253906,393.6107854233722,389.4082019123006,391.9971977577293,7930800
2014-11-27,398.0047607421875,398.96196317038556,393.0911305133233,393.9936267573577,17389032
2014-11-28,397.4532165527344,400.931042867416,395.9535817273562,398.38762837387833,14347264
2014-12-01,396.5415954589844,401.3139418113858,391.32256357734343,399.9282596464407,18341864
2014-12-02,387.73077392578125,394.7228823151025,385.6157947875646,394.7228823151025,10654992
2014-12-03,387.16558837890625,388.88854383245507,380.0640669459942,383.1544544281947,12775044
2014-12-04,383.20916748046875,391.0673169716449,381.9693535163834,384.704217622706,9399228
2014-12-05,377.4659118652344,385.90753372589444,375.5515071987087,385.61579711446376,7358760
2014-12-08,359.2061767578125,368.1127131877759,356.94535128448155,366.28947042805436,166320408
2014-12-09,358.230712890625,362.0959782778469,355.9789904874695,361.5034244362542,10050460
2014-12-10,358.039306640625,361.9136976100016,357.1914942831085,358.4495362726766,7804712
2014-12-11,350.2540283203125,356.2524786648377,349.1509576455646,355.7146310007814,8285932
2014-12-12,353.4629211425781,357.4284736858612,349.71614880257977,353.5358552957993,14572500
2014-12-15,350.9377746582031,356.8541885002323,347.30951712165177,347.3186199816051,12966284
2014-12-16,353.3444519042969,355.8240576418226,351.10185437510705,351.10185437510705,17792756
2014-12-17,353.43560791015625,356.5351205923707,345.7415323898,352.9797972215953,17851776
2014-12-18,358.4313659667969,361.33032695100894,354.5752023537856,356.2617022235748,19949980
2014-12-19,364.4024353027344,366.1071629098279,362.0960286548397,364.2109859016479,14294632
2014-12-22,364.57562255859375,366.49002748138014,360.154258808349,365.74250239137797,10465104
2014-12-23,359.47967529296875,368.64147046949347,358.0119559193507,364.8035354283169,8196952
2014-12-24,351.986083984375,362.27827882602577,349.16005815558617,360.27271210882077,27339488
2014-12-26,355.9425964355469,357.4832277890471,352.0590801419949,354.63897330607114,2268748
2014-12-29,356.9544982910156,359.6893625983131,355.9881706665508,356.6354307884976,2792676
2014-12-30,358.5132751464844,360.0903843189543,356.7720919584142,357.76575019233826,4640552
2014-12-31,359.6437683105469,360.81062590034196,355.53234688377404,356.44396828604016,6968808
2015-01-01,359.9810791015625,361.3667392407145,356.79040405781245,358.9873983769649,2002764
2015-01-02,367.05523681640625,368.1218516746889,359.5434852760716,359.5434852760716,6778320
2015-01-05,363.9010314941406,370.11828493261913,360.54626032229277,366.45357139022764,9937024
2015-01-06,356.2980651855469,361.91366137799406,352.6333519573781,361.0020400646994,9667316
2015-01-07,358.0028076171875,360.0448304151802,355.532305005495,358.2671688901527,7249916
2015-01-08,359.8078308105469,364.1015763799739,355.53233547368507,362.0230751982361,13564920
2015-01-09,378.2225646972656,384.52187699005304,348.79544597027177,361.02027465161825,44863328
2015-01-12,385.7889709472656,386.38152473375015,378.32280214011166,381.42231425403065,12758888
2015-01-13,380.8571472167969,384.3031026041001,378.3228576860764,384.3031026041001,8801236
2015-01-14,388.1045227050781,388.89765105029846,381.53176866673266,382.60746400799405,9921260
2015-01-15,389.12554931640625,392.507673219459,385.11441562308966,389.2987484597023,8342452
2015-01-16,386.2174987792969,393.8204117140013,385.0688470092457,391.6325205378124,6690960
2015-01-19,383.33685302734375,388.7792513617579,381.8965088163204,386.5275283795333,4087744
2015-01-20,387.29315185546875,388.8976141120686,383.1452752867629,384.15718374783336,6804504
2015-01-21,395.6253356933594,396.72840620642904,386.16272579830354,388.6241029457431,8494908
2015-01-22,400.4661560058594,401.66038894271753,394.05747536732594,396.51885314795544,9958396
2015-01-23,403.8573303222656,405.67144766884036,394.7502431299589,401.1133415152579,9486328
2015-01-27,389.53582763671875,404.94222943185224,388.3689700395894,404.94222943185224,13739968
2015-01-28,391.00347900390625,392.8723025652776,388.4053584429754,391.9971372632549,13134356
2015-01-29,391.17669677734375,391.97890570998,387.9131103539156,391.08553464805516,15369424
2015-01-30,390.52032470703125,394.2853474802718,387.7945858526588,394.0938980998087,10833744
2015-02-02,389.59967041015625,392.36186555259746,387.63055920836155,390.44746053944584,8702540
2015-02-03,386.69146728515625,390.1647529998951,383.24555691438655,389.599574557008,5265956
2015-02-04,390.69354248046875,391.99714308142745,387.6942729150587,390.1556503251049,5160016
2015-02-05,399.98297119140625,404.7598579092246,391.63251116622274,392.14302799766904,11875936
2015-02-06,406.6742248535156,409.8284431664973,399.0166066316606,402.02495664738933,7453728
2015-02-09,410.0290832519531,410.9589549480247,401.11344316133733,401.11344316133733,6536868
2015-02-10,415.3893127441406,418.981091264528,408.5886098885149,408.9532583578487,8516920
2015-02-11,416.5835876464844,418.10596845274813,411.36909620089597,415.79045934011884,5796972
2015-02-12,421.3877868652344,423.34777250235084,414.4230095968225,416.24625204995414,6287536
2015-02-13,418.634765625,424.21386146570353,416.79327273040457,419.27290055700195,5657516
2015-02-16,415.471435546875,420.6038460075496,413.0100578705688,415.7540470715218,6244276
2015-02-18,418.7076721191406,420.2483032468115,411.71551879225615,417.62285165129896,8613764
2015-02-19,423.8492736816406,425.5448985036816,417.8964033392986,418.25192680696045,9673624
2015-02-20,416.2645263671875,425.90946169726647,415.1340803706272,424.5420297782898,6971628
2015-02-23,413.0738830566406,421.02319450442485,409.88320833828703,419.3458201264712,5090488
2015-02-24,414.3865966796875,418.60738559186655,411.61527676570813,415.51699821545753,6437676
2015-02-25,422.55474853515625,425.6907170957369,415.6993381362262,417.32200634402176,6044972
2015-02-26,411.70648193359375,420.98677014865535,409.3909279254229,420.71328372369953,6445776
2015-02-27,413.10113525390625,415.81774854900743,410.5030149063974,414.76938419825825,7801076
2015-03-02,417.8326110839844,420.895668385445,415.34390206498125,419.89288468342204,7040992
2015-03-03,418.9538879394531,419.8837151115877,415.3894391643554,417.5226244566242,4905552
2015-03-04,414.72381591796875,421.8800423587972,410.57593944589615,419.3457532205226,4375228
2015-03-05,409.7920227050781,419.1178907562809,407.19390201197234,413.33822064329195,5684916
2015-03-09,399.2992248535156,411.87047274410577,397.28453302762574,411.87047274410577,7984720
2015-03-10,400.748779296875,402.3805727486018,393.856912406414,400.76702953052046,6329916
2015-03-11,397.86798095703125,408.40633181443746,395.47955992059246,400.03766630245,6780912
2015-03-12,404.449951171875,405.9358762191771,396.9199496552833,397.28459820802124,5688564
2015-03-13,404.83282470703125,406.5831556485615,399.7277447257937,405.67153422334053,6179684
2015-03-16,413.26531982421875,416.064015383989,403.0369542167847,403.0369542167847,6818632
2015-03-17,408.49755859375,415.60820567482847,404.2585189877225,413.2653208186493,5539312
2015-03-18,406.4919128417969,412.57244434650636,405.2247682147448,411.05001906339135,4905564
2015-03-19,406.6651611328125,410.04728526061353,405.2612731494125,407.4218335647164,6891740
2015-03-20,411.5879211425781,413.67552516567935,407.12097645449836,408.5886957545627,6430896
2015-03-23,407.212158203125,414.7877410129696,405.76268906565446,410.7766068141629,5078700
2015-03-24,403.2010803222656,410.8495761080297,402.20742175041363,407.47657642426606,6736532
2015-03-25,404.5958251953125,406.42814858842365,401.250156871704,405.28862184506426,6170968
2015-03-26,391.331787109375,403.8300825196396,388.71541554578596,402.5720626290316,15740840
2015-03-27,401.5053405761719,405.6167614313596,394.3673637938822,394.549688048988,10074220
2015-03-30,406.2184753417969,408.40636659139363,400.18352417322126,402.1344294809875,4623088
2015-03-31,404.4590759277344,414.54157279174217,401.90653606084373,409.3180000835318,8016412
2015-04-01,396.36376953125,401.02216272920015,393.4010006545283,400.91275038095824,6738488
2015-04-06,397.138671875,398.32377949829174,393.8932913271267,397.284540177341,7741752
2015-04-07,393.72930908203125,397.977473993666,389.80933679897333,396.5553356116777,8542268
2015-04-08,401.2136535644531,402.00673737656797,396.19973648544914,397.9226918155007,10185576
2015-04-09,403.84814453125,404.5591911792755,398.2690056324005,403.1917595386505,10581548
2015-04-10,407.3033447265625,408.04176701446374,402.97314277544837,402.97314277544837,7123776
2015-04-13,408.1875305175781,409.13560769346105,404.04877903927286,408.04166221834487,4872336
2015-04-15,403.6112365722656,409.3179952527292,400.21090666625093,407.7682389232645,6237784
2015-04-16,400.137939453125,406.7654444413049,393.91158346725206,405.1245260190854,9007812
2015-04-17,397.3302001953125,400.1926825824538,392.6262247147904,397.4760685266398,6450316
2015-04-20,388.7427062988281,397.4669411376199,385.6431934550944,396.73764399791787,12825384
2015-04-21,390.64794921875,392.9270023050333,386.5456536634401,391.63248234692213,8881648
2015-04-22,389.75457763671875,392.90879636624817,382.5071880053692,392.1886244123517,12350984
2015-04-23,386.8921203613281,391.99720017759444,385.0688775698044,391.7601697121437,11891800
2015-04-24,363.7733459472656,392.033605571224,361.00202616411286,389.4263598130427,43565452
2015-04-27,361.849853515625,365.0131750317823,355.18589279118913,364.648526505277,19822640
2015-04-28,357.5196838378906,361.3667216809983,355.89699330035756,361.3667216809983,10393500
2015-04-29,357.56524658203125,359.5434604603672,353.3353101639633,357.5196655145287,8289056
2015-04-30,354.119384765625,358.2672627439583,352.3052668161167,357.35564121025874,13134260
2015-05-04,363.39044189453125,364.6484836142759,355.51404355101374,357.26435182108685,13361592
2015-05-05,357.8569641113281,365.32313413138894,355.9061033076055,364.6485432289677,9408516
2015-05-06,350.4364013671875,360.0904633686185,349.20571244175045,360.0904633686185,10508408
2015-05-07,354.4383850097656,358.6500712445623,348.2393597575372,350.42725102302956,6779984
2015-05-08,356.9818420410156,358.73217306610167,354.6663324129716,356.99096715825647,5777676
2015-05-11,363.49072265625,364.6484771198301,355.93336961411546,358.2671287702331,4785512
2015-05-12,355.00360107421875,363.6640043726939,354.0737516976588,363.49080520927714,8284892
2015-05-13,356.75396728515625,358.24903997600353,351.6124306628505,355.85147085621907,7099084
2015-05-14,352.760986328125,357.50141707707314,347.87468726896515,357.35554876686143,6233844
2015-05-15,357.67462158203125,358.5588898029474,352.3051809596229,352.79744756530164,5189344
2015-05-18,363.38140869140625,364.4480012591535,357.64729683359633,359.17882520962434,6469976
2015-05-19,368.7234802246094,371.15750475962307,362.0959975109692,362.3330279627481,10272076
2015-05-20,373.2724914550781,374.1294066320436,370.7746355715912,371.94151536518956,5882188
2015-05-21,373.4822082519531,375.9344612160439,371.4401849681561,373.56424528545807,10059312
2015-05-22,373.1175231933594,374.04739484961686,370.1365255924146,372.67083759879046,6888824
2015-05-25,367.71160888671875,374.95899886062324,365.9339471950063,373.8559280878286,4675808
2015-05-26,365.97955322265625,370.38266698499405,365.0405786855686,368.29506278414203,3965040
2015-05-27,358.9053039550781,366.2894364469149,356.4439264577992,365.9247879287995,8454708
2015-05-28,367.6750793457031,370.48287725650147,360.1268509188275,360.1268509188275,10980540
2015-05-29,368.86944580078125,374.940832193354,364.830957734403,365.5329019024548,18993044
2015-06-01,373.3636474609375,376.31729172014224,368.88757774843884,370.62878342227367,5724892
2015-06-02,366.22564697265625,374.694622612158,365.56015894026694,373.4183527305711,4673140
2015-06-03,368.4591369628906,371.84123895771353,366.10714933115025,367.96684805966225,5495796
2015-06-04,369.7627258300781,374.6763557535892,366.94580264832194,370.11824923590564,7489464
2015-06-05,366.77264404296875,372.6708300775081,366.1345090599593,370.1182901454704,6125788
2015-06-08,364.65765380859375,369.1428262602395,362.2783132563211,368.2950139797527,6141048
2015-06-09,363.20819091796875,366.04334235251866,361.54904443412124,365.33227321476073,7561740
2015-06-10,369.48016357421875,371.82302618533,361.913705746274,362.82532717132756,6385840
2015-06-11,364.22003173828125,372.80749920912325,363.7459931535163,371.2030369538199,9229464
2015-06-12,360.0995178222656,369.30689242060265,356.53506984253636,365.5601201914014,9852924
2015-06-15,366.6424865722656,369.73346115342997,358.33199316248505,361.645087907293,5236426
2015-06-16,369.9369812011719,371.28813849945186,364.6249415971686,368.0860931727599,5223444
2015-06-17,368.5858459472656,377.95133483829915,367.29022432930867,374.24955878699353,6412068
2015-06-18,370.89947509765625,373.1205408429263,368.6228736712148,372.25060986971937,3474426
2015-06-19,368.456298828125,374.0274902928449,367.623399151933,373.99045897314875,6670458
2015-06-22,379.00640869140625,380.82028836123897,369.06714701934897,371.99155972936023,5710868
2015-06-23,370.3257141113281,380.320510229873,369.4928144347827,379.4320748706847,6952116
2015-06-24,368.36376953125,375.7303137848679,366.92009025626874,375.7303137848679,7073694
2015-06-25,366.6424865722656,371.47330076296873,365.60599359015293,369.88154126252573,7117466
2015-06-26,372.12109375,374.4717128599974,369.47431443609787,369.80748336856504,5320284
2015-06-29,366.5313720703125,369.99252370979826,363.6995042970253,365.3653035533476,5690668
2015-06-30,364.3843994140625,367.75302994290405,362.7741355031967,366.47591239608647,6212530
2015-07-01,369.2152404785156,372.02858191114814,364.99520573571345,366.1057388160453,6880852
2015-07-02,365.73553466796875,370.69592443886046,364.64350603252785,369.8074890013166,4007568
2015-07-03,366.5869445800781,367.5864288146588,363.5144744169133,365.7355404520472,2695306
2015-07-06,363.9955749511719,365.7354139289143,360.9231058509023,364.6248812955269,4305602
2015-07-07,362.9591979980469,366.47588579099073,362.4039315044242,364.624997478915,3497418
2015-07-08,354.44500732421875,362.40382472105495,353.44552341142844,362.40382472105495,7024178
2015-07-09,347.22662353515625,357.59159737202657,345.7644173501135,354.4450874572624,8587772
2015-07-10,347.0414733886719,352.4460568967064,345.2461212038795,350.96534661024805,7411522
2015-07-13,351.72430419921875,353.51965676935527,345.7644304607233,348.3371696544118,6531768
2015-07-14,359.5350646972656,360.3679644610431,350.00298962292374,353.5196775144285,5367074
2015-07-15,364.2547912597656,364.97664216365405,358.33194912546054,359.07230439224867,4129566
2015-07-16,366.1241455078125,367.0310851335686,362.58895399730756,365.62441479252203,3472938
2015-07-17,370.8623962402344,371.8433758561889,366.14263213653464,366.84597856991854,3447978
2015-07-20,370.6403503417969,374.1755421733533,365.51339922729284,370.6958860235826,4377180
2015-07-21,411.87811279296875,425.33405942119157,383.1338133167391,383.1338133167391,38310112
2015-07-22,408.3614807128906,411.6375438544075,398.55177305808684,409.0463003229499,12665660
2015-07-23,406.4551086425781,413.48848483948973,403.4936870859837,408.6576478502124,7710748
2015-07-24,402.605224609375,409.5830646470865,400.939425095389,405.5481641967058,4480302
2015-07-27,394.3503112792969,402.73479980863567,392.55491333241685,402.3461403467129,6752244
2015-07-28,393.4432678222656,398.3111124816768,390.2597493808622,395.53478037794764,8476602
2015-07-29,401.7906494140625,404.23381176632273,394.23901971715543,397.57061706687784,7071334
2015-07-30,396.090087890625,403.4936409353096,391.64795606381426,403.4936409353096,11956598
2015-07-31,398.6998596191406,400.2915964159383,392.3883125543879,399.2551260991704,7931012
2015-08-03,399.4031066894531,404.2339424837743,395.70133065938194,399.0514560416746,7961012
2015-08-04,391.3703918457031,399.4032302407557,389.0567811112168,399.05157948419765,9099054
2015-08-05,402.1424560546875,403.4936134307798,393.1101129183303,393.1286398747598,4753476
2015-08-06,402.364501953125,409.231314127768,398.6812531122624,404.9742719636166,7238252
2015-08-07,405.56658935546875,407.5655575307613,399.2365611234569,399.60673874155935,4988058
2015-08-10,402.012939453125,409.54604580957255,394.9795639009985,406.45507138078386,3992754
2015-08-11,410.58251953125,413.45139610910354,405.6036033899692,406.75119017126906,7574406
2015-08-12,423.63128662109375,425.33409467275743,411.2673448054251,412.7480553177759,10168440
2015-08-13,428.66571044921875,431.94177355112214,390.741029011758,424.59375637759405,9787960
2015-08-14,425.4266357421875,432.6265724769281,423.15003430976907,431.25693333882833,5109066
2015-08-17,422.7983703613281,426.9813502819007,415.5243712173995,425.70425559020885,3107436
2015-08-18,431.01629638671875,435.9581585025386,425.70425665641505,425.70425665641505,4150446
2015-08-19,435.1622619628906,439.10461694659386,430.44249792940025,433.10775836735337,6869518
2015-08-20,419.9850769042969,432.5525902269084,417.5603951869514,429.0359025014864,8369114
2015-08-21,425.6672668457031,429.757702554877,413.6735025659818,422.33566816731934,10822142
2015-08-24,404.25250244140625,415.70948211472427,399.2735861618738,410.87864592602284,14122684
2015-08-25,401.8834228515625,414.2288399188409,386.65060169368127,407.19546372718946,13735078
2015-08-26,394.0910949707031,406.08485919316405,392.0181092849232,403.4195983382611,11498212
2015-08-27,400.8282775878906,407.2323222240498,399.069934188661,402.7531828130239,15343392
2015-08-28,411.28582763671875,416.41277819814377,407.7876223139791,407.7876223139791,7208820
2015-08-31,405.1223449707031,420.0960097250274,400.71722281400844,420.0960097250274,9917064
2015-09-01,403.1235046386719,412.6000444705062,400.532260807202,403.49368232888185,9071550
2015-09-02,406.9918212890625,412.74810213381295,403.4936603819337,406.45508174253507,11171830
2015-09-03,406.9547424316406,411.63749818868234,404.41903486612904,410.9526786545947,8590536
2015-09-04,397.5522155761719,411.267313735778,394.97949933040064,408.3058929348003,7318888
2015-09-07,391.92559814453125,401.64276173489156,390.53743191733696,401.6242347767812,5180988
2015-09-08,391.9441223144531,397.5708046402396,389.53796753776635,393.12867274481795,5459496
2015-09-09,403.01239013671875,407.0473355658349,396.8304414467244,402.4201149332938,9148664
2015-09-10,399.9584045410156,404.04888545093996,392.7584676715046,401.6057221165364,8363004
2015-09-11,403.7712707519531,409.5645599978529,401.8278380941968,404.0674309463108,9883810
2015-09-14,407.10284423828125,408.6760991489543,400.77281587052465,406.8252110187507,6557076
2015-09-15,406.8992004394531,408.3799108416166,402.80876506609366,406.9732630721785,5291886
2015-09-16,407.80615234375,410.8045817946424,406.56606645088823,410.15677101010476,7478240
2015-09-18,408.8426513671875,413.821567432677,406.8437283838507,411.5634930046021,11576876
2015-09-21,408.916748046875,410.4714760939501,404.4190805845274,407.1954129455196,4351234
2015-09-22,409.95318603515625,420.50324817533567,407.60256719234,412.74804513333544,9626986
2015-09-23,413.2107238769531,416.94950839924184,406.2513672944747,409.9531430962839,4758254
2015-09-24,422.20611572265625,426.7037377956507,410.8971710041734,412.19279271454695,13399262
2015-09-28,409.2499084472656,423.05750732250897,407.5655821082504,421.98398312773554,9788464
2015-09-29,415.28369140625,419.5592603483102,406.2698767545194,407.935675793604,8699370
2015-09-30,430.12799072265625,432.71923480509025,416.80159258442427,419.92962148227457,9495692
2015-10-01,434.23687744140625,443.3802466271841,429.40604140057064,433.070808894891,10864394
2015-10-05,437.4573669433594,440.2707075895689,430.1463595415135,434.2183130311492,6881760
2015-10-06,427.4071350097656,441.4554049048197,425.0009801194941,439.4194276899746,8711880
2015-10-07,419.4853210449219,432.6451553975504,417.7269770978516,427.9253900659408,9182488
2015-10-08,419.0965881347656,425.5561693223701,416.83851376242717,420.66984296951654,9080874
2015-10-09,432.14532470703125,434.1813014383849,420.521739421401,420.521739421401,11782138
2015-10-12,415.6724853515625,451.54270808117565,410.5270070640759,443.8429950133697,30404970
2015-10-13,406.973388671875,411.267441125836,401.71683800930623,409.9532921632665,15326862
2015-10-14,406.3069763183594,412.95169219477225,402.4571197519367,404.0303747517204,8865510
2015-10-15,406.2143859863281,408.805629222458,403.16042074374656,407.1583569545681,8255666
2015-10-16,409.0350341796875,411.4633177333305,407.2044728416695,410.5667116082521,6418992
2015-10-19,415.40447998046875,416.9175052974533,411.12698439054424,411.68735738153543,7347494
2015-10-20,420.6346740722656,422.14769955534507,414.9001989555981,415.79680496026464,8788310
2015-10-21,425.2857971191406,428.4425470687889,420.2797887370838,420.2797887370838,7278098
2015-10-23,429.5820617675781,430.7401571457522,420.317207535619,426.556055907419,6033362
2015-10-26,430.422607421875,432.79484453583456,427.06036866415167,431.1137251569729,3195942
2015-10-27,429.3952331542969,431.48728359044316,427.4152299752974,429.6193732718698,5263748
2015-10-28,430.8147277832031,432.60793955635086,425.5098818261516,427.5645827480514,5255472
2015-10-29,427.7701110839844,431.8234668883049,424.40787289736886,430.77741898893714,5887324
2015-10-30,424.1837463378906,427.75147337459794,422.1477422823543,427.75147337459794,4044676
2015-11-02,422.5959777832031,424.3144916188228,416.2077341351001,422.14769758460045,3544988
2015-11-03,427.93829345703125,429.7875066016736,423.41795918979614,423.41795918979614,3614682
2015-11-04,424.6881103515625,432.4585899529069,423.00699105661516,429.656724461328,3205572
2015-11-05,419.4953308105469,427.75148573775465,418.18779351789874,426.98562422503375,2345306
2015-11-06,425.2484130859375,427.34046318616504,419.49524110785774,419.53259018757626,3026172
2015-11-09,423.8661804199219,425.88353258968635,416.61867960431914,418.4118916670603,6125676
2015-11-10,412.3785705566406,421.2137958836366,410.9776377543669,421.2137958836366,4680052
2015-11-13,411.239013671875,413.1816214991006,407.2043105190051,410.9214325434465,3520868
2015-11-16,403.543212890625,408.6986621536133,398.6866474354175,404.83209800800523,6808334
2015-11-17,396.557373046875,404.55203858128823,393.00834333048755,403.46864144194535,7184106
2015-11-18,381.0537109375,390.4493091072522,377.78486782896755,388.89893439797794,10125252
2015-11-19,391.43927001953125,393.0082963072043,382.47327848084717,384.8828871392559,8539622
2015-11-20,393.15771484375,397.1923731733576,389.2911501766489,391.51394488578876,6082978
2015-11-23,393.6433410644531,396.8935318751781,387.7781218177669,392.2611058850243,5616350
2015-11-24,388.9549865722656,392.56006271727756,387.40461184009894,392.26117881591506,4325802
2015-11-26,393.15771484375,395.810137983295,388.54398615969126,388.8801734847042,9853968
2015-11-27,398.3691711425781,399.7327546130811,390.393204271654,395.2497704491961,5142478
2015-11-30,406.4198303222656,410.3050918930494,394.57725462673494,399.7327040037917,18105534
2015-12-01,403.094970703125,409.07228259492297,400.83478140273064,406.4572086422614,5898550
2015-12-02,396.2584228515625,403.4498766000661,395.62335167092596,403.4498766000661,6397616
2015-12-03,395.1564025878906,397.79017420972076,391.90625708302804,396.3705442172082,5504726
2015-12-04,391.90631103515625,397.8275780603292,388.5627239567719,391.8876136892822,8375530
2015-12-07,390.8601989746094,395.623369858171,388.52531128658904,394.24113458817294,4513870
2015-12-08,390.16912841796875,397.0243503765023,388.2638689553079,390.411965887479,5724372
2015-12-09,384.11700439453125,391.12166708118946,382.0062797192667,389.6460363831759,6818254
2015-12-10,391.2711486816406,392.8588723849487,384.90160212798264,387.25514166739066,5587746
2015-12-11,393.30718994140625,396.7067773846481,390.729464744829,393.7554701480821,5390198
2015-12-14,399.54595947265625,400.90954292905195,391.53264360392467,392.07431927681415,4816672
2015-12-15,402.5533752441406,403.13240008703974,395.5487114755888,400.94695411190753,5431808
2015-12-16,409.38983154296875,410.19304197532347,404.7387538165246,404.7387538165246,5495852
2015-12-17,413.5926208496094,414.6013196061342,406.45721380873164,410.9401977845632,4958782
2015-12-18,404.6453857421875,412.21042186514927,403.26310486639727,412.21042186514927,7219820
2015-12-21,412.22900390625,413.70468004022814,398.2196801212725,402.3477791045529,4331012
2015-12-22,404.8695373535156,409.98759307921136,403.50595378179656,409.98759307921136,4109254
2015-12-23,411.2577819824219,411.87420147262804,406.10237716268966,409.091033499906,2870928
2015-12-24,409.5766296386719,412.6026348145016,407.2417420642241,411.706074468532,1230054
2015-12-28,412.71478271484375,414.67608853901476,407.2044473040776,407.2044473040776,5526952
2015-12-29,412.6960144042969,414.6760172323906,409.93154410536454,411.40717475420735,3345062
2015-12-30,405.8221740722656,413.40586185654803,404.5893351421569,411.35116070855,5153970
2015-12-31,412.9576110839844,414.6573820655431,406.08369217852214,407.26048476777237,7943938
2016-01-01,412.90155029296875,414.28378560160974,408.39986846330237,410.9402445801996,1806550
2016-01-04,403.0577087402344,411.85553922055084,401.9930089500407,410.9215840355949,3975362
2016-01-05,401.2457580566406,405.5232536376736,396.83747229536505,405.5232536376736,4949786
2016-01-06,399.4898986816406,401.4699015036309,395.5859850610385,401.4699015036309,5588328
2016-01-07,392.55999755859375,398.94824086116483,391.4766006000821,396.0156311793445,5294088
2016-01-08,397.22979736328125,398.76147459116373,394.31583923938706,396.55733145675924,3156716
2016-01-11,394.3905029296875,399.714046480589,393.04561683748256,394.61468861444826,5360622
2016-01-12,392.2423400878906,397.0989053131676,385.10693414679037,396.74402071108767,6565212
2016-01-13,404.7388000488281,407.57801449384937,391.55133550904526,394.87622485792735,8751294
2016-01-14,423.2684631347656,431.4872682441785,393.88622574795886,398.23846575609895,30227006
2016-01-15,425.8462219238281,434.84954092717965,424.96831315687365,428.8722276498301,13036614
2016-01-18,422.8575744628906,434.1397352774444,421.53133980938145,425.84623116643144,10066612
2016-01-19,425.7527770996094,432.9628830434779,421.6060256143185,424.01561150889574,7500436
2016-01-20,418.8787841796875,433.3550855281494,417.29106080598524,423.64195430079434,7507998
2016-01-21,424.78143310546875,426.8174367726159,419.1590057408097,424.01557176097947,6743000
2016-01-22,424.48260498046875,430.5533133025217,422.52129921488245,428.9095431592795,6436018
2016-01-25,425.0054931640625,428.4424286899083,420.111578985837,425.97679706456125,4579262
2016-01-27,425.3230895996094,429.46984050930735,424.015552653102,428.2930481367968,6971962
2016-01-28,421.9982604980469,426.85482698622246,420.728072449715,424.38919465903473,7788598
2016-01-29,435.1856994628906,437.09095862341496,422.7454000915302,425.1363341140566,10232108
2016-02-01,438.3423767089844,440.78935674956983,433.9527887484455,437.09088628344136,4251126
2016-02-02,439.1643981933594,444.56264058775673,434.84950726399063,439.65002749758105,7632702
2016-02-03,432.4959411621094,439.2951621503554,430.64672816990054,436.26915652525014,5245966
2016-02-04,440.7333984375,446.4118270334436,433.3738507121062,433.3738507121062,5549346
2016-02-05,438.84674072265625,443.3110728174174,437.7820411831865,439.1456245527708,3984224
2016-02-08,429.91827392578125,437.91289391834556,427.3031993778222,434.7561435981931,4221044
2016-02-09,413.79815673828125,421.5126350037964,408.51196173870267,421.5126350037964,7579572
2016-02-10,414.1343688964844,421.21372997493074,412.80813447653964,413.9288805429918,5866054
2016-02-11,402.9642333984375,415.7967659770757,400.162368398592,415.04960197711694,5214378
2016-02-12,405.2057189941406,412.5839633771226,398.6119876780621,408.9601906726323,7408096
2016-02-15,407.858154296875,411.0149040004332,405.9341978488756,409.5392733207687,5093478
2016-02-16,403.1510925292969,408.23179946698093,401.11504292336224,406.08370260407986,5125448
2016-02-17,410.1369934082031,412.06094984681863,402.3478177561411,404.12233227270724,4164598
2016-02-18,419.6820373535156,421.02692346308925,410.94020923637817,410.94020923637817,4189072
2016-02-19,421.120361328125,423.7167383063577,416.11435279137123,418.11300761669537,3974018
2016-02-22,420.8962097167969,423.6233312159256,416.1890851867962,422.52128245172526,3857010
2016-02-23,419.86895751953125,423.0817546594223,416.93634697212985,422.2411948819532,2501960
2016-02-24,420.4105529785156,427.28447185402496,417.795478615256,418.2251070955899,4950714
2016-02-25,414.7881164550781,422.37180375918683,411.35113466317114,420.4291955835708,4484528
2016-02-26,418.8414306640625,422.8947858780173,416.91747441684385,418.46784869773916,4235636
2016-02-29,404.9815673828125,422.2970831943192,399.0976511437288,421.9608502885749,8166076
2016-03-01,420.4479064941406,422.2598159475456,408.9976529655308,408.9976529655308,6386154
2016-03-02,431.8608093261719,434.66267443858214,420.27976686154267,424.78144838345787,7214898
2016-03-03,436.8293762207031,445.62720345586695,431.1135543557897,436.34370146235904,5814304
2016-03-04,437.333740234375,442.6946323578866,433.01885025995944,439.18295273582874,4281680
2016-03-08,434.6440124511719,444.74942501989824,428.64804798485636,434.47591877206355,7617746
2016-03-09,440.26641845703125,442.2277240971665,426.9855591668054,427.75142056283477,6305782
2016-03-10,426.8174133300781,434.43849486380293,425.6406209691707,434.43849486380293,24381016
2016-03-11,427.00421142578125,431.84207991934977,425.2109996456773,428.19965554367053,4058548
2016-03-14,426.3318176269531,431.2070816254328,425.32316433229823,428.1250297099814,4174262
2016-03-15,423.79150390625,431.30049429651655,421.7554542888332,427.37788261170635,6720258
2016-03-16,430.5345764160156,431.48722879882894,422.72674875846513,426.59331350626746,5588850
2016-03-17,434.0088806152344,436.99753656093856,431.1323175088023,432.1970170688053,6474622
2016-03-18,445.83270263671875,447.92475240972254,434.10222043377615,434.40110423131875,8477422
2016-03-21,446.3931579589844,447.92483509679244,440.84547416788973,443.81543293994116,5138392
2016-03-22,444.5439147949219,446.05694024560756,437.8381356514674,445.02958967134003,7097950
2016-03-23,451.21246337890625,452.2958149496826,441.61137637127035,444.562683982229,6333176
2016-03-28,450.12890625,462.1208778728542,446.71062224451526,460.4024100022259,10787510
2016-03-29,447.2710876464844,455.3591477569464,445.1416883061825,447.92485620224244,6995356
2016-03-30,450.521240234375,452.03426572874446,446.63602352395543,447.40183933946406,5756818
2016-03-31,455.13494873046875,459.4684906183302,448.41047302760006,452.12759552204466,17996320
2016-04-01,450.3344421386719,456.59194117335994,446.46787722893765,454.2757508167557,5511428
2016-04-04,464.6239318847656,466.23035278390404,453.3604706619076,453.3604706619076,4577054
2016-04-05,455.69537353515625,464.10096911976973,453.528579543146,463.988876270665,4790716
2016-04-06,448.55987548828125,458.75868201876875,446.80405838310054,458.75868201876875,4931354
2016-04-07,441.3871154785156,451.43648000024626,438.95883257490976,451.43648000024626,5657890
2016-04-08,435.50323486328125,439.89282354837115,434.120999646307,439.2764041017251,4195578
2016-04-11,442.28375244140625,443.34845205330015,430.0302442255041,435.52192715534943,5768678
2016-04-12,441.64862060546875,446.3931393507458,440.30373453085286,441.01354944901084,5842138
2016-04-13,438.0995788574219,446.41177808607944,435.72734235551513,446.41177808607944,12511386
2016-04-18,462.7560729980469,473.6646963591978,460.8134645545719,466.97756845822045,25015990
2016-04-20,464.58660888671875,465.65130856416675,457.9368760359701,464.7360508211428,8072848
2016-04-21,458.1237487792969,467.3512084343286,455.0603481885804,467.3512084343286,5441100
2016-04-22,452.501220703125,458.94551053357196,450.9134971217105,458.12364833273756,5143938
2016-04-25,454.2196960449219,457.56328253114697,448.70936117533086,452.80011171166996,5364134
2016-04-26,460.3090515136719,463.07356732077494,451.5111775337319,454.0702050079667,5846744
2016-04-27,463.2977294921875,464.1195916563276,458.9641873841116,459.2069792031041,4486208
2016-04-28,451.7167053222656,463.092259507321,450.91349486444557,459.8794632793144,12165168
2016-04-29,451.3244934082031,457.0963637997806,450.16639810220624,452.5759842324785,5036410
2016-05-02,448.690673828125,452.4638428611088,446.8601129299633,452.0342144457334,3615250
2016-05-03,440.0049133300781,452.85609809984004,437.7634212511745,449.3257663168762,6824810
2016-05-04,444.1329040527344,445.6832783074833,437.3337306216217,441.2002947872068,5812842
2016-05-05,445.4779052734375,447.92488598614943,441.23775805052117,446.48660418850096,6302668
2016-05-06,441.3871154785156,444.48786419673564,439.7246938858164,444.48786419673564,2596720
2016-05-09,447.9435119628906,448.8774669558467,441.0508967529123,441.5739206696219,5123678
2016-05-10,453.0802307128906,454.51851217437394,447.02817544687355,449.2323181869057,3395704
2016-05-11,448.98956298828125,453.7900830531315,445.49658005566977,447.73807228236495,3709888
2016-05-12,452.0342712402344,453.1550173672763,447.10300652256063,449.75542990257117,3406932
2016-05-13,451.00677490234375,452.03412518685934,445.36569700620146,450.53979750029123,5652064
2016-05-16,453.90216064453125,457.13365428335504,450.16634039231286,452.1089486821566,4533878
2016-05-17,453.6219482421875,457.9181412871001,451.3431071390187,455.77004476464384,3796294
2016-05-18,451.9782409667969,453.52861561860345,447.513953642505,447.9248847831182,4256596
2016-05-19,450.446533203125,454.33179544035687,448.67201855853466,452.38914152010335,3954400
2016-05-20,448.8962097167969,455.58333794297096,448.2984875207586,450.1663978854284,3994548
2016-05-23,443.8154296875,450.2223703057477,442.6946836529356,449.56860178558514,4585946
2016-05-24,443.7220153808594,445.21634336361956,439.9301490039511,444.9548542079449,3485060
2016-05-25,451.5299072265625,453.19232893608387,446.09427071905475,446.09427071905475,3857396
2016-05-26,461.05633544921875,463.1670833323888,452.0716681391528,452.0716681391528,6136436
2016-05-27,466.0435485839844,470.52653261845956,460.10358561765037,460.10358561765037,6180764
2016-05-30,473.55267333984375,475.1964437438915,463.80218939311425,463.80218939311425,5285700
2016-05-31,466.4731750488281,473.23500015177524,462.8680996155907,472.58123164949336,13782038
2016-06-01,470.0408630371094,473.8887759510997,465.48318079232973,465.50187813399145,4840534
2016-06-02,471.29254150390625,476.27985368288483,468.4719782579288,468.8455603777517,5053552
2016-06-03,473.29119873046875,477.92362615656583,470.73217031949196,470.73217031949196,3998380
2016-06-06,473.2350158691406,477.06423150968425,471.12426837101555,472.54389826442883,4225768
2016-06-07,469.7420349121094,475.3831142195213,468.8827780360614,473.3284131364507,5692420
2016-06-08,462.5318298339844,472.1889146774511,461.50447941226946,472.1889146774511,8741370
2016-06-09,448.03839111328125,463.43912028904356,445.9786801434855,463.43912028904356,12740804
2016-06-10,446.18634033203125,449.7389090081916,442.21805584078254,444.2211131329263,6383956
2016-06-13,446.2998046875,447.8115323374641,440.66860996453045,444.75029307314014,5286722
2016-06-14,444.0699157714844,446.8666206380883,441.1409439866086,446.8666206380883,2940728
2016-06-15,449.719970703125,450.7404143429411,445.6005505898079,447.3578967233526,6711572
2016-06-16,448.2271423339844,449.5499037152398,442.21801711800134,449.5499037152398,5302564
2016-06-17,445.7705993652344,450.77819617879044,444.10769006444735,449.3609517975953,8515082
2016-06-20,456.8251647949219,457.9778754948522,445.84622511077816,446.3375550136941,6229566
2016-06-21,455.8235778808594,459.1116125325083,451.8742086508913,457.75102101637367,4761724
2016-06-22,453.3292236328125,458.0344563956408,449.0397066502161,455.0299168436067,3031258
2016-06-23,457.9022216796875,459.13050019606766,451.00496539539864,452.4978238881701,3828626
2016-06-24,451.4586181640625,453.14039684627267,438.4010511606975,448.9831454990591,7808348
2016-06-27,440.7440185546875,447.1688587443141,438.4008599980531,442.95495635087076,5583778
2016-06-28,438.0797119140625,443.1250928704262,436.5490694721924,439.45917238950875,7655974
2016-06-29,444.76910400390625,445.9218146404323,438.47652925443685,441.80234810447934,5459150
2016-06-30,442.48272705078125,447.6603760960314,441.40558413080885,446.1486483591094,9346224
2016-07-01,443.08734130859375,445.95961434361544,442.2180795387954,445.95961434361544,3991912
2016-07-04,447.452392578125,451.4773759825087,444.5234207587942,444.5234207587942,5381322
2016-07-05,444.239990234375,448.7940876405582,442.577126943368,447.8492579823676,3596416
2016-07-07,437.3617248535156,442.55828887748265,436.5113780132301,441.68902698703886,5954876
2016-07-08,437.7206726074219,441.0464915112541,435.9444112752627,439.53476403392335,5551648
2016-07-11,444.0888671875,445.4682816207809,438.4009740276605,441.19767912331,6668882
2016-07-12,444.6556701660156,446.0917833009901,441.4243348773819,445.95951640009474,6197368
2016-07-13,451.175048828125,451.9309125077605,444.14547970010875,445.95957098493705,5275420
2016-07-14,444.54241943359375,452.0254898786165,439.9127534288656,451.6286429102185,7413328
2016-07-15,405.3507995605469,449.7010902384909,397.5842820608832,449.549908280818,61484126
2016-07-18,408.9032897949219,410.01821627794436,398.77474530387303,407.12702880061835,14332824
2016-07-19,410.7930908203125,411.9458016547971,405.9366747707771,411.41668772857025,10404644
2016-07-20,409.33795166015625,411.90790653157785,404.38705396463666,404.38705396463666,9822896
2016-07-21,408.1286315917969,410.88750653487585,406.5035061132112,407.78848368531834,8668002
2016-07-22,405.31298828125,408.12860820403114,403.1398801748338,404.38707371569774,9386538
2016-07-25,408.4877014160156,409.39474723956874,401.74162595491487,401.74162595491487,8469552
2016-07-26,411.4543762207031,411.90792210977196,404.5193361756934,404.5193361756934,7189610
2016-07-27,410.1883850097656,414.4023349891302,407.61847572915224,409.9427200439768,7431820
2016-07-28,407.22161865234375,410.7930566220853,405.9177720625688,410.20728986281944,11258562
2016-07-29,405.8421630859375,406.93817482683545,403.0643728375389,405.36974820919403,8156784
2016-08-01,410.150634765625,411.1332485752978,403.7635758013474,404.95407063014716,9096662
2016-08-02,409.6025390625,410.05603880840096,406.2767204783696,408.12859568693636,6822502
2016-08-03,410.0182800292969,410.62296177238125,404.50048415547997,410.3017289214545,7213460
2016-08-04,405.0673828125,410.7741446267171,404.4060020627072,410.58517869820486,4237278
2016-08-05,403.6312255859375,405.69093576467105,400.6077707126346,405.1429530225889,5609968
2016-08-08,407.67498779296875,408.54424933035034,401.57142652582183,404.00906802418547,4643064
2016-08-09,409.451416015625,409.8671318648916,404.95401732893623,407.0326427095327,7192664
2016-08-10,409.0545349121094,411.1520751655742,406.35231291619607,406.6546768545502,5576454
2016-08-11,407.16485595703125,413.8353621166303,406.37120832502893,408.8088502235198,5038552
2016-08-12,401.571533203125,407.7129261866816,400.6077884658466,406.2956816520147,7449928
2016-08-16,397.5087585449219,399.87083272781797,388.513961602749,393.8050077724362,16429408
2016-08-17,390.5170593261719,397.830032525412,389.4588315291548,396.8095886923741,6599316
2016-08-18,386.7754821777344,392.7089940399659,386.0574024030937,391.7263804119497,8434000
2016-08-19,385.9818115234375,392.671210189172,384.9047149283079,389.2698233829135,5686016
2016-08-22,383.77093505859375,389.26983934070853,381.3710537621852,384.7346567464478,10253518
2016-08-23,392.9168395996094,393.8049701807472,385.5282538071027,385.5282538071027,7406138
2016-08-24,399.6252136230469,401.3826062435472,395.69471250502613,395.69471250502613,6129966
2016-08-25,391.5941467285156,399.7007675156634,390.06350408248056,398.7181538042311,4796562
2016-08-26,385.5849914550781,395.31673713502744,384.3756048542408,391.5374184243675,6881054
2016-08-29,386.54876708984375,389.2698815549166,382.08917500196185,384.5835164724504,5220282
2016-08-30,393.2003173828125,394.9387947164347,387.3801574969814,390.1957314075236,4375438
2016-08-31,391.480712890625,395.2222475786569,388.4383890598182,391.953127721582,11139814
2016-09-01,392.123291015625,393.21925670127024,390.0257503579576,392.29334192980616,2877826
2016-09-02,389.96893310546875,393.04908661686534,387.83360912920887,392.6900698472152,3332592
2016-09-06,394.93878173828125,396.4127251744912,391.38621313502773,392.38774176054596,8215044
2016-09-07,398.4724426269531,400.22983498191263,394.56085714930765,396.07258457133565,7425470
2016-09-08,392.1609802246094,394.9387700020787,387.0022014183049,394.9387700020787,9092774
2016-09-09,391.3484802246094,393.42710566278936,387.9660081925498,391.91537807138576,5053438
2016-09-12,398.3401794433594,399.8519068795771,387.4746384955448,387.4746384955448,6203096
2016-09-14,395.16558837890625,399.7763852740698,393.29484391357215,398.3213105407372,5152418
2016-09-15,393.8805847167969,395.6191082626489,391.2917605798824,395.1655623285848,4701722
2016-09-16,400.6644592285156,402.3084535459804,392.3310434984486,396.45050988232356,9949384
2016-09-19,401.06121826171875,403.9713208788607,393.55928106112793,395.3166732042308,5809154
2016-09-20,396.88519287109375,399.5307161634898,395.2222832890204,398.075687579525,4214004
2016-09-21,399.00152587890625,401.0801509249247,397.2252647478293,398.34014518244584,4231532
2016-09-22,400.15423583984375,400.9856674033773,397.58428096922995,400.22980375134455,3629514
2016-09-23,394.0129089355469,400.1543021256384,393.0491641658578,399.4740062724151,5205294
2016-09-26,391.49969482421875,394.5609342249725,389.6478191436271,394.08851931330474,6371798
2016-09-27,392.95465087890625,396.7906684793297,390.53587775147713,391.17838959312405,6525660
2016-09-28,392.6522521972656,393.9183607218617,390.498059242613,393.04909906829664,5434708
2016-09-29,388.9674377441406,394.9198643231496,387.0022105971554,394.9198643231496,8902638
2016-09-30,391.5563659667969,394.523122174023,389.6855753692068,389.6855753692068,6502354
2016-10-03,392.3310546875,393.04913444844055,387.79587236694107,391.34844107823096,3656160
2016-10-04,396.5261535644531,397.3576314722726,392.4067325277214,393.0491983405324,5066586
2016-10-05,393.6160583496094,396.7717803634857,391.91536486658174,396.5261154113068,2307574
2016-10-06,388.2872314453125,394.93882345560684,387.73920252646656,394.93882345560684,3721882
2016-10-07,382.6748352050781,390.70590893256,381.7488976919883,389.25083461139957,6288558
2016-10-10,389.2508850097656,389.93118078395463,381.71116316141917,384.3566860744191,5413170
2016-10-13,397.71649169921875,399.85181544142216,386.01952179005275,386.01952179005275,9778690
2016-10-14,388.1927185058594,409.18680560936485,376.51461482666707,397.9244638828096,33461690
2016-10-17,386.3975524902344,393.72943998323456,384.48897809611503,391.1405697705103,8014858
2016-10-18,392.69012451171875,393.2381072646782,388.24942507840785,389.26982266469827,6388134
2016-10-19,393.72943115234375,395.2033285024942,391.5374079053471,393.8049990708221,3509836
2016-10-20,391.78314208984375,397.0930579936409,390.7060453227173,394.84438147745993,3535490
2016-10-21,396.615234375,397.64657571803747,390.57984982871596,395.35466461879804,3863620
2016-10-24,392.3369140625,398.2958727094861,391.7257471859708,396.30956870350536,2902974
2016-10-25,388.5552978515625,396.84438023978555,387.79132755429816,395.927606557259,5636014
2016-10-26,387.40936279296875,389.5675650076014,385.5376261403622,388.4789166025192,2775216
2016-10-27,383.3221740722656,388.84186524772156,382.4054002045776,388.822770649338,7227790
2016-10-28,381.0302429199219,385.80505799410633,379.3686165999164,383.97153366852484,5840706
2016-11-01,377.9551696777344,384.5826019740468,376.7901197615338,384.5826019740468,6332798
2016-11-02,374.74652099609375,377.21032983870435,374.34544125765086,376.1789652866205,5377194
2016-11-03,369.3222961425781,375.1093799141082,368.65382219670266,374.7464893948716,5225108
2016-11-04,370.9076232910156,374.03990654402,367.0877713518703,369.3796825153575,6005548
2016-11-07,373.5624084472656,376.6373844586938,372.43554751240003,376.255399281758,4537672
2016-11-08,375.338623046875,377.3058560208829,370.75480095398655,376.98117794844654,5261108
2016-11-09,366.0563049316406,372.282657199125,344.16856406624714,355.2461316111097,12764158
2016-11-10,358.8368835449219,367.66073178187696,357.1561394452519,367.66073178187696,7287330
2016-11-11,352.0184020996094,360.975958320846,350.9297537733397,359.0660326154447,7096782
2016-11-15,352.7823791503906,359.0469449101104,347.052601924253,352.9542771300794,9235850
2016-11-16,359.4098205566406,365.50246476944176,354.69229018074395,355.24617328586834,12222616
2016-11-17,355.16973876953125,362.50385729982906,353.87100342755895,356.86957711524263,5706730
2016-11-18,351.42633056640625,356.4876336968464,350.47136771160626,355.24618198560637,6040228
2016-11-21,348.02667236328125,354.06205658474755,346.4414479270043,354.06205658474755,7940568
2016-11-22,349.2108459472656,354.73053629881525,348.23678842982144,350.2422105658342,5483126
2016-11-23,351.5218200683594,352.53409000072213,348.54234068178465,352.22848324146537,8251786
2016-11-24,355.3608093261719,359.02788105356825,352.6869130583835,354.55864977164543,16780644
2016-11-25,373.3904113769531,376.255299443784,355.4180182339381,355.4180182339381,12631380
2016-11-28,374.24993896484375,375.66328863838356,370.75476562624743,374.07804098983496,7365712
2016-11-29,371.518798828125,376.1408337696094,369.41788021323026,373.88711174782077,6125506
2016-11-30,372.64569091796875,373.19957417099516,367.1069050167616,371.6716332327311,8500918
2016-12-01,372.6646728515625,375.70145921117665,369.3796101532573,372.81747622500427,4611590
2016-12-02,368.4246520996094,370.3727669062092,367.125893352195,368.5392429739055,4453228
2016-12-05,367.3359375,369.9907149808777,365.9416827233161,368.9593739838978,3659576
2016-12-06,369.1886291503906,374.15443585391375,367.3360105906543,367.39329437159705,3562110
2016-12-07,369.1504211425781,371.67151355310114,366.78210878796864,369.7615879952743,3385980
2016-12-08,376.1217346191406,376.6755945047413,370.5447367383997,370.5447367383997,5941662
2016-12-09,377.9170227050781,385.09836263044406,374.9184484139249,376.25539652339893,8648384
2016-12-12,373.3332214355469,375.4150454135894,368.6921152996905,375.4150454135894,5345020
2016-12-13,378.2417907714844,379.2540376726759,370.9458586705939,374.53652926627075,4854282
2016-12-14,381.88970947265625,383.8760372055869,375.9116316764809,378.5473389221329,5382614
2016-12-15,379.06298828125,389.2238081714595,377.7833472397667,380.99203211341717,7966416
2016-12-16,383.95233154296875,385.6903590803215,381.125632484875,383.43663767066397,6436742
2016-12-19,383.7613525390625,385.1364896180396,379.73139095119944,384.3152123004843,4124134
2016-12-20,386.6263122558594,389.2429014333055,382.4817590320594,382.7491533230345,7636498
2016-12-21,382.5772705078125,390.3888724721417,381.31672401694277,388.0969612834599,7343976
2016-12-22,376.1407470703125,384.65901046436494,370.3345686645499,382.9400774483871,7060054
2016-12-23,377.5731506347656,384.5061657313792,371.90065830351597,376.21710828649015,7306036
2016-12-26,375.3959045410156,379.6932374599537,372.4737088303284,377.4013265698534,3213828
2016-12-27,381.5840759277344,382.7109367998901,374.345452564726,375.3959117428413,4912816
2016-12-28,381.4121398925781,385.72856705820277,380.07519198108685,383.1119783286641,5476816
2016-12-29,379.06298828125,385.04106574083403,377.45866915895016,383.41762870770054,6240124
2016-12-30,386.03424072265625,386.56902933806504,379.215814106091,381.2212364420839,7267768
2017-01-02,382.4053649902344,386.93190348763545,381.73689090667324,386.22521689629815,2335222
2017-01-03,379.63592529296875,383.85687977749694,375.1094106712682,383.55127301127885,6778482
2017-01-04,381.12567138671875,383.589480189382,379.0247531280097,380.09430685135703,7073586
2017-01-05,380.5144958496094,385.613987999575,377.68779656719147,382.5962961525214,8207074
2017-01-06,371.3850402832031,381.54583535084583,369.7806980844906,380.03701274854865,14393448
2017-01-09,370.65924072265625,373.18035642757405,368.61562971790414,371.38502175464487,10545692
2017-01-10,370.7356872558594,374.7274367856448,369.7425351793827,373.1994961667431,11939854
2017-01-11,370.1817626953125,373.75333748105066,368.21455335732117,372.12990075512994,12241574
2017-01-12,382.00421142578125,383.6658606727169,373.40954629704225,373.40954629704225,11855740
2017-01-13,372.7410583496094,397.2645065925538,367.7370628327613,393.4446555676254,31276246
2017-01-16,365.04412841796875,368.7875783326846,363.8217712399225,368.615680347338,12351372
2017-01-17,364.9486083984375,368.23367124347277,363.8026529900035,365.27328643835153,5560094
2017-01-18,363.1914978027344,367.08775122999515,362.80951262975833,365.9799849025547,5952962
2017-01-19,365.9799499511719,366.5529276559161,362.16009858621015,363.267864807858,8876480
2017-01-20,362.3892822265625,364.0891206463533,361.35791775610915,362.8858582117375,9124742
2017-01-23,363.9172668457031,365.9417835321936,359.0660506474551,360.97597644877135,7948580
2017-01-24,361.18609619140625,362.88593497075345,359.10427221735307,362.88593497075345,6826010
2017-01-25,357.7673034667969,361.6635568916969,357.0797348187615,361.3961626078707,9978090
2017-01-27,359.8872985839844,361.9500042917039,344.225908296254,356.7168033619238,10635138
2017-01-30,362.6376037597656,363.4588811828354,354.8069079486798,358.1110889216061,11369208
2017-01-31,354.71136474609375,359.6389820037647,345.4482258044142,359.6389820037647,24068534
2017-02-01,350.1849060058594,352.64871502517315,345.7538873418487,351.84653217623224,11531782
2017-02-02,357.4999084472656,360.9759639595857,347.64467300182986,350.28037984226467,11828268
2017-02-03,357.5762634277344,359.4098106652047,351.8273920037454,356.6977023099175,8423958
2017-02-06,357.2516174316406,360.4984912602094,355.45628253411553,358.01558774424507,6727934
2017-02-07,359.9255065917969,362.8094898034139,354.6923053883694,356.3921439640716,9268002
2017-02-08,357.7290954589844,360.6321732933333,356.1820602536468,357.53810288265817,6319962
2017-02-09,361.3579406738281,362.8858812263602,357.7481764555667,357.920074430631,11907266
2017-02-10,369.876220703125,371.28957043868724,360.3265918338172,361.45345270330023,12252452
2017-02-13,376.007080078125,376.6755541030723,367.79439920020087,371.6142507713284,13724268
2017-02-14,377.2867431640625,377.7833192038524,371.42325703199225,374.34545280058177,9338818
2017-02-15,375.03302001953125,381.5267676459332,370.0672130111063,377.859719488598,7259486
2017-02-16,386.6071472167969,387.2947391139209,378.18437962225204,378.5472701647292,12815858
2017-02-17,382.0233459472656,387.2374526628136,379.19666977597507,387.2374526628136,4851208
2017-02-20,385.9005126953125,393.8267048640111,379.5022611856402,380.64821667990986,4650662
2017-02-21,387.18017578125,391.3438236406701,382.0042811661355,390.42704986709253,7613996
2017-02-22,378.2226257324219,387.71494788942204,376.7901813436678,387.71494788942204,6607838
2017-02-23,385.36566162109375,389.6248048429796,379.4448925278916,381.5649284999771,9542656
2017-02-27,386.7218017578125,390.77083530021594,384.6399778843639,384.7736633702402,5328696
2017-02-28,386.7218017578125,390.6562444102469,385.51853912682594,386.51169125925696,5940132
2017-03-01,391.5921325683594,392.29879585436055,385.84323672335177,386.5690179207526,4282448
2017-03-02,390.8853759765625,392.68071073719534,388.28788177466834,391.30557360516957,2948498
2017-03-03,393.9030456542969,395.08723685527093,382.137931679995,385.9004758679694,5401612
2017-03-06,394.9344482421875,395.71748980705485,389.5102545546069,389.6439400287017,5286386
2017-03-07,389.5484924316406,391.840426888123,387.60037728678793,390.38886451326323,4644496
2017-03-08,384.964599609375,388.4406781931243,383.68495878206573,388.4406781931243,6179176
2017-03-09,386.3970947265625,386.9509778869364,381.6031854975809,384.9646503365566,3480630
2017-03-10,390.33148193359375,392.54701426070574,387.1037263510845,387.7148932116194,4550324
2017-03-14,395.27825927734375,397.9903445673466,390.6944140769399,390.6944140769399,7878396
2017-03-15,386.54986572265625,395.31642931764367,384.85002719274655,395.31642931764367,6373978
2017-03-16,393.00543212890625,394.094080535658,387.06556740888766,387.06556740888766,6702956
2017-03-17,397.3791809082031,398.37233299916477,389.3383746323399,395.50744429694004,9507846
2017-03-20,390.19781494140625,392.1268585224946,387.7531007544862,392.1268585224946,4427388
2017-03-21,394.53338623046875,395.33554578752467,389.16649908181773,389.9686819533989,4869584
2017-03-22,392.5661315917969,397.2454498174287,389.77766789191037,390.5607328096215,3990852
2017-03-23,397.4365234375,398.41060444899347,392.1460372008776,392.77632217131116,4501662
2017-03-24,393.9794921875,398.7924957413274,392.56611915811527,396.5005848462623,4883896
2017-03-27,393.00543212890625,397.9712393300642,391.34380596817476,392.37514727371877,7684824
2017-03-28,395.4119873046875,396.8826209921781,393.4638721193718,394.01773200522786,4796796
2017-03-29,394.15130615234375,397.83747160003384,391.8593956102408,395.08719760112604,6981186
2017-03-30,391.7257080078125,395.6983622514958,389.72028629446197,394.9725812579992,12157180
2017-03-31,390.4843444824219,393.17735861323087,385.0410557478907,390.86632965677495,14153854
2017-04-03,385.34661865234375,394.380553554793,384.31525407374596,394.2659859860331,4315600
2017-04-05,380.43804931640625,384.0478130254225,378.54721848649115,383.89500966591686,7398338
2017-04-06,381.832275390625,384.20058754176597,378.9291981179483,381.27841567805564,5379008
2017-04-07,374.9375,382.3289262603522,373.9634425805954,382.3289262603522,6404508
2017-04-10,364.1846923828125,377.9743485262257,362.9241225941159,376.217225963991,9528472
2017-04-11,369.43695068359375,371.1749784698209,365.1969014893051,365.1969014893051,8655466
2017-04-12,370.0863037109375,373.161302823872,366.8394299319084,370.52559595979193,6696752
2017-04-13,355.7810363769531,378.1653605117359,353.96660661692204,370.5256562589736,30973188
2017-04-17,353.298095703125,356.04837029609024,352.76330713531246,355.24621075889615,7213434
2017-04-18,352.4386291503906,356.7741515375911,351.08256313478967,353.2407886877809,4647518
2017-04-19,351.1207580566406,355.24619305502,348.6187599620073,352.5722969782618,10071702
2017-04-20,354.21484375,355.1316174845135,350.8724735099343,351.9993344252042,4549000
2017-04-21,352.8397521972656,357.0797788112959,351.84657663705474,357.0797788112959,3577466
2017-04-24,353.9283142089844,354.6731898683813,348.7524204090814,350.47135347791044,5556666
2017-04-25,354.9978942871094,356.392149427937,351.6364295877784,353.68006415466994,4737060
2017-04-26,349.2299499511719,357.3662296021416,347.6829146389035,355.2271219252427,9084496
2017-04-27,353.4317932128906,354.86423765984915,349.8984302437264,349.8984302437264,7797208
2017-04-28,351.02532958984375,354.25310942618927,349.7456650885797,354.0429988993725,5029702
2017-05-02,352.4194641113281,353.8710262260509,349.55457569730413,352.9542526077546,3231126
2017-05-03,356.888671875,358.72219567980653,350.5286339913412,353.9091927778744,4659448
2017-05-04,358.16839599609375,358.932366319072,354.82602583306385,357.9200963153162,5279806
2017-05-05,355.8191833496094,358.05378725256526,351.4263539255401,357.538116602506,4432788
2017-05-08,361.1669616699219,362.3320117220814,356.0101621114407,358.3020730263212,4707098
2017-05-09,361.6062316894531,363.6307482102252,359.8681807009057,363.115054297368,5649372
2017-05-10,360.4603271484375,362.88592373390134,357.9774234597318,361.79727528850975,3364302
2017-05-11,360.6322021484375,362.82861695192963,358.1302038612776,361.68266140228155,3229482
2017-05-12,368.3291931152344,368.99766714992626,363.4397876958213,364.03186003507216,10979996
2017-05-15,363.4779357910156,368.0426626318657,362.5420675853526,368.0426626318657,7297164
2017-05-16,364.79583740234375,366.7630703539358,361.7208614463074,364.07005625342975,6130168
2017-05-17,363.9554748535156,366.1137004463993,360.5367028294939,363.49708797459493,2915508
2017-05-18,367.3742370605469,372.0153661994949,360.154708025411,360.21201512669165,8057848
2017-05-19,365.9226379394531,367.73706719783155,362.0645743697677,367.27868040649497,4257396
2017-05-22,367.2596435546875,369.3414673781938,365.3879069101719,366.09459345798973,5503052
2017-05-23,365.6744079589844,369.37966886594285,364.45205072072156,368.4820130192245,4039982
2017-05-24,364.719482421875,368.8067289278965,362.7331546202589,366.7058102234911,5636286
2017-05-25,375.6059875488281,376.8665338615146,367.0877234978899,367.0877234978899,10438514
2017-05-26,380.3426513671875,381.98518299114437,374.574661115306,377.01937561225947,4988004
2017-05-29,376.3127136230469,380.7246378386203,372.7029489686594,378.509128432679,6308434
2017-05-30,380.53363037109375,381.9851693517254,373.82979531187584,375.1094363033943,3716910
2017-05-31,373.2185974121094,379.5213525773903,372.37822539383376,379.5213525773903,7763900
2017-06-01,376.74798583984375,379.96705481751076,371.7642249861363,375.93350720354334,5508606
2017-06-02,375.9917297363281,378.3187712031513,373.9555684528579,377.5237034363647,3917966
2017-06-05,371.8417053222656,376.98058677782757,371.18237240113797,376.2049065581201,5462698
2017-06-06,379.831298828125,382.9922059970073,374.03310664699694,374.2658013034046,7008686
2017-06-07,372.8307189941406,383.53512097934396,366.5089294949015,382.0225349761672,12455046
2017-06-08,370.9497985839844,373.4707601188502,367.73072935845664,373.4707601188502,6195352
2017-06-09,367.9051818847656,368.8166205024878,357.9764828371272,364.0073928461058,14757662
2017-06-12,373.81976318359375,374.34336165095857,364.6085585350558,365.86903917117155,8591676
2017-06-13,371.4732971191406,373.4706833936426,369.06868341473677,369.8055891807569,4937794
2017-06-14,371.7835998535156,373.06349142900075,368.91359662603554,372.3265855929267,7438110
2017-06-15,369.26263427734375,375.4099154727828,368.293033805371,372.1908466402106,5528062
2017-06-16,364.66668701171875,369.9413033800932,363.0183664376163,368.09906273844933,10948450
2017-06-19,360.6331787109375,364.66672601597594,359.9156838530451,364.55037869738334,6855860
2017-06-20,365.94659423828125,367.245873034236,362.2621125571406,362.63056545963184,5184396
2017-06-21,365.8690490722656,368.0603557061839,363.03782030121096,366.50899488128954,3735864
2017-06-22,364.62799072265625,375.7008242213253,362.6693786826277,367.55617963659745,9465242
2017-06-23,365.8302307128906,368.11849712434906,363.7940698740434,366.50895099250636,6403018
2017-06-27,359.5472106933594,367.67246666899734,358.26734291717963,366.5089462048549,6904660
2017-06-28,358.6358337402344,361.85490263054453,357.2008202815986,361.77732985701806,5905224
2017-06-29,360.7688903808594,367.6530526257799,359.3726517224219,360.7688903808594,15914040
2017-06-30,362.84381103515625,363.7940240412822,360.3034630430183,361.0015705082947,4216700
2017-07-03,369.1850280761719,370.3873230067075,362.4753749103765,364.99633574759497,5088924
2017-07-04,373.1605224609375,376.20505908893165,368.21555905538713,369.94142930647797,5167726
2017-07-05,368.7972412109375,371.93873723919813,366.66412019444573,371.93873723919813,4226228
2017-07-06,367.28466796875,371.16306995363647,366.1987201473592,366.5089875717727,3829720
2017-07-07,362.7857360839844,366.6835253975896,361.87429740197035,366.0629668684102,5776886
2017-07-10,371.18243408203125,372.2489945613637,364.5697638445472,365.810857136693,1464376
2017-07-11,378.2798767089844,383.7678242403975,371.02728492057395,371.02728492057395,11539708
2017-07-12,377.1163635253906,380.6651103962078,375.7201484425128,378.1247621269218,6275976
2017-07-13,378.9392395019531,381.42142609891226,373.91670448472405,379.0168122715867,5170392
2017-07-14,377.00006103515625,390.4968952378497,374.67301983910954,387.62689196585774,22478180
2017-07-17,381.6541748046875,384.7375093773211,377.75638521523257,378.1442254464597,7698250
2017-07-18,382.2552795410156,389.70181587947934,380.50999869630783,382.42981235986366,8260180
2017-07-19,380.0251770019531,383.4381893986052,375.8558952194761,380.6457354703831,5890278
2017-07-20,375.9917297363281,380.02525407568766,375.0221291251518,379.8119466756068,6809740
2017-07-21,380.12213134765625,381.07234447403425,376.74794089316043,377.3684756804072,5980754
2017-07-24,384.17510986328125,385.5131633032889,381.0917755028865,381.4408411557189,6129176
2017-07-25,385.45489501953125,387.4522811126386,382.4879322952215,383.9617200215338,7145614
2017-07-26,385.53253173828125,387.45234539126386,384.11692926405755,387.1032797554902,6870024
2017-07-27,376.6121826171875,389.3915206230068,374.9638619372594,386.28879934314216,12676852
2017-07-28,386.8124084472656,389.00371501455703,373.21861436682724,378.5320297649129,11098428
2017-07-31,392.1839599609375,396.25628148969435,382.7012636667413,384.69864988531367,19158248
2017-08-01,389.99267578125,394.4334504344813,387.20022184025714,392.10640942896816,7689398
2017-08-02,385.26104736328125,392.7851565980213,382.8758443725572,390.1672352876913,4257584
2017-08-03,381.6347351074219,387.35537773225366,380.18033444009177,384.34961635310475,4640348
2017-08-04,381.5378112792969,383.5739724068357,378.5514368911957,383.1861321920664,5349018
2017-08-07,375.5262145996094,381.53773675431523,374.53722697950224,381.44077671956194,6073744
2017-08-08,373.81976318359375,376.3019499050072,370.4067741955655,375.6232295624833,6004648
2017-08-09,375.952880859375,377.7175726714838,374.09125267109795,375.2935714701109,3922410
2017-08-10,380.56817626953125,382.99217739226714,375.95286866308777,376.16619969939734,9140684
2017-08-11,383.06982421875,386.6767338523021,376.0499014070634,378.53208850536294,6544156
2017-08-14,380.64569091796875,383.6514518512031,378.9779831345507,383.18603897232583,3816470
2017-08-16,378.2217712402344,382.4492152558405,375.8171572438221,380.8590798900241,6178080
2017-08-17,395.9266662597656,399.1845334707155,387.08391426532864,389.779408441165,25784260
2017-08-18,358.073486328125,394.78257294928454,342.92833033559964,394.78257294928454,164404960
2017-08-21,338.7396240234375,358.36432774047074,337.4209579374562,358.36432774047074,90407176
2017-08-22,339.51531982421875,347.9120459331676,333.5425712882099,347.1945510334536,49242598
2017-08-23,346.2636413574219,350.4911079749206,338.9334775686881,341.2992927428118,61284190
2017-08-24,353.7684631347656,356.1342789879011,349.9676100735617,352.934597200098,42380524
2017-08-28,364.9576110839844,369.9801461728117,363.79409053855187,366.1017443547035,40712108
2017-08-29,359.702392578125,365.34546266516827,358.96548674093737,365.13215529289397,13369392
2017-08-30,359.3921203613281,364.1819372234679,358.4031089425411,363.4838296181197,16149664
2017-08-31,354.8543395996094,360.2841015408228,354.05927204973693,360.22591605127076,15022452
2017-09-01,356.7935791015625,359.10123291195987,352.93456456779023,355.2422183781876,8433922
2017-09-04,349.13372802734375,357.239573429659,346.5351941371536,357.20079888116226,10177108
2017-09-05,349.7930908203125,350.99538598864564,347.9896243959252,349.8318653721087,9783392
2017-09-06,347.349609375,349.17246271206267,345.1777141256591,349.0561154079699,7735910
2017-09-07,347.4078369140625,349.2500777461494,346.0891708497092,349.0561576585613,6241192
2017-09-08,342.96710205078125,348.66835802313454,342.1138488318086,348.66835802313454,8604542
2017-09-11,340.79510498046875,345.87580088695665,338.8365171846951,345.33283894311325,13787642
2017-09-12,342.8701477050781,344.3051612783519,340.8339865147528,342.28838736498517,17241354
2017-09-13,342.7537841796875,344.2469595132994,341.68722360656824,343.43250454439976,11478228
2017-09-14,346.10858154296875,347.7374913400094,341.9198887166194,343.0446346925624,13698006
2017-09-15,352.255859375,354.19506036247594,346.03102893957976,346.06980349057443,13459460
2017-09-18,352.58551025390625,355.9403373946454,351.4995624470632,352.93457589662466,8475860
2017-09-19,353.80718994140625,355.2615905577727,350.41358850321797,352.15886924285763,6033330
2017-09-20,353.9817199707031,355.64942793000006,351.94555912377564,355.64942793000006,5767830
2017-09-21,352.7599792480469,354.97067268419875,352.2170172788105,354.87371265341915,8204152
2017-09-22,348.3968505859375,353.03154575900777,344.4021012183454,352.2170907992059,17604088
2017-09-25,347.2527160644531,349.81247560574286,344.82871479725867,349.4440226787518,9088700
2017-09-26,351.34442138671875,352.31402181700344,346.8454611870664,347.89263438615103,7366478
2017-09-27,348.9786071777344,352.1201270004356,347.1557535036071,351.42199570302165,6000138
2017-09-28,347.5048522949219,350.56879963547436,346.8455191577523,347.5436268498597,17537266
2017-09-29,349.017333984375,349.9869342858408,347.11690792474917,348.2804282865081,5705832
2017-10-03,350.4329833984375,353.7102375929687,349.6766903271017,352.97333179589583,4947522
2017-10-04,348.9010009765625,351.15049285824875,347.95081151523647,350.21966699880034,4991492
2017-10-05,350.2391052246094,350.97601110986665,348.6683570711803,349.0561972903918,8611300
2017-10-06,356.8711853027344,357.5886802357536,350.58816905011463,350.6075563265957,8574308
2017-10-09,358.3255310058594,360.3035063404817,354.48590397761063,356.8129449227591,3504832
2017-10-10,362.8051452636719,364.5504262860481,360.51687845446753,364.5504262860481,7143220
2017-10-11,360.9629211425781,363.7941501997332,359.9157477455783,362.8051623083017,5982504
2017-10-12,359.6441955566406,362.3784641017325,356.63843415013207,360.6913687810273,10280972
2017-10-13,360.73016357421875,362.04882973402425,359.7411757903083,361.77733685737167,7180728
2017-10-16,364.1819152832031,365.34543577931555,361.85487429097816,362.9990075131991,5758750
2017-10-17,360.88531494140625,363.3287035268899,360.49747473190445,363.3287035268899,5625102
2017-10-18,358.50006103515625,360.6913675216497,357.9570989861047,360.2647527922602,7231852
2017-10-19,359.5084533691406,361.46704150989757,358.8297330658763,360.6913611633098,1091434
2017-10-23,364.37591552734375,365.34551615407963,359.95452720067203,360.69143314574745,9154096
2017-10-24,359.33392333984375,367.14891236099726,357.4334970072306,366.89680677764943,14529328
2017-10-25,362.74688720703125,366.3925940822312,354.97069694148803,356.42509750257034,13984134
2017-10-26,367.4202880859375,369.1461811658229,364.6084475230288,365.3453531393016,33659258
2017-10-27,367.03253173828125,371.4345318268668,366.1211168166549,370.3873586439676,8524956
2017-10-30,366.159912109375,370.25164503126007,364.97700427007015,370.25164503126007,12968326
2017-10-31,362.5223083496094,365.7273479351598,361.79479580682477,363.7610718709923,9954988
2017-11-01,364.56719970703125,365.4913637558338,363.09249282293314,363.76103141086907,5633134
2017-11-02,362.9351806640625,364.1542620050243,361.79473114970017,362.9941545340121,4686138
2017-11-03,364.4099426269531,365.6880220337782,360.59536236610427,360.6150203257307,3699086
2017-11-06,365.2161560058594,367.6936592839782,362.8369665403834,363.03359416566894,5066534
2017-11-07,375.7552795410156,377.5249276393249,364.0952552478665,364.2525669020049,13442820
2017-11-08,374.4969482421875,378.25253086327484,372.60932795119857,377.6233321004099,5369994
2017-11-09,375.362060546875,378.7047294988377,372.9042157292553,374.77217779064625,4723232
2017-11-10,378.3311462402344,379.23562836600064,373.5924260575615,377.0530668879322,6589428
2017-11-13,374.3592834472656,381.2215913228913,373.336805550393,378.33115127089263,5021216
2017-11-14,373.2384948730469,375.49971223762964,370.93796159003693,374.35928657692756,5733710
2017-11-15,374.30029296875,374.9688316063872,371.4295348214292,371.6851603012998,7023516
2017-11-16,388.6934509277344,391.64286494023014,373.00255878029975,374.30029614531935,15687502
2017-11-17,381.8311462402344,387.5530046746788,379.55027085084674,387.5530046746788,8057670
2017-11-20,377.7413024902344,381.850824401939,376.44356504506294,381.06431395002977,5661190
2017-11-21,379.98284912109375,382.0474389869522,377.54466200283935,378.03623101851997,5364656
2017-11-22,380.00250244140625,381.8704646781846,378.82273681817776,380.12047420325047,6084920
2017-11-23,389.81427001953125,391.0726916311706,381.06434062943333,382.0474787631522,11894618
2017-11-24,397.0107421875,400.84497999952794,389.40126443843144,389.6765478510551,18619912
2017-11-27,392.7636413574219,395.8900250803451,390.62039566042466,395.8900250803451,6017730
2017-11-28,387.2383728027344,393.21585621967876,385.9012956165158,391.0529527729311,4616868
2017-11-29,386.451904296875,390.08951503295077,385.5080821806115,388.39852241017263,3838070
2017-11-30,383.8563537597656,389.1063245702415,380.80862625638935,389.1063245702415,17266944
2017-12-01,377.0531005859375,386.64853756635745,376.36490395011543,385.1541725290511,4085000
2017-12-04,387.49395751953125,391.99673384640045,380.8872757136012,385.3900520404703,17811606
2017-12-05,387.1007385253906,394.4349574548956,384.9968328497934,387.49399371726986,9976738
2017-12-06,389.44061279296875,390.93497772575813,386.9631098777664,387.35636507073156,7490094
2017-12-07,393.176513671875,394.3956190987788,387.59228546440806,388.9293626416856,7549544
2017-12-08,393.98272705078125,396.0080010064389,391.28893843238006,393.6484697194095,5983244
2017-12-11,395.33941650390625,395.9686391755953,390.87597993774347,391.2692351066526,5139098
2017-12-12,397.3843688964844,398.7607620594113,394.0416997865189,394.0416997865189,9320434
2017-12-13,394.7299499511719,400.7270924037302,392.33110257110667,397.5417345380835,5362398
2017-12-14,398.4068298339844,399.1540243080303,392.9799129246591,395.319786143495,6023572
2017-12-15,402.2607727050781,403.6371659701719,397.9152833376528,398.3675364399983,10384134
2017-12-18,399.7832336425781,405.3281224576487,395.5360822095035,397.9349533724832,4035448
2017-12-19,394.80853271484375,400.31410509474426,393.07820036591875,400.1174775097478,7118898
2017-12-20,399.48822021484375,400.56967183860064,393.64839104751195,395.26072750379404,4186326
2017-12-21,401.9264831542969,404.639929705738,392.6260118259442,399.0753828777232,11059162
2017-12-22,408.729736328125,410.87300572878326,399.54723804680447,399.54723804680447,12906940
2017-12-26,407.2550048828125,409.5752197613405,402.299999823189,405.0527857457328,10808906
2017-12-27,406.7242126464844,408.6314908689113,404.0304239814246,404.26636751325685,6970172
2017-12-28,406.3309326171875,408.985405199008,402.6146662021604,405.0528532259406,8433472
2017-12-29,409.7916259765625,412.44609874248437,405.052881318446,405.0921972399465,6601768
2018-01-01,406.448974609375,410.75510030776525,405.0528992982271,408.08094545999677,5431340
2018-01-02,404.934814453125,409.77187206812516,402.30002411294817,407.9039100793309,6112248
2018-01-03,401.6315612792969,405.6820853445986,400.5697673586619,404.4630037335253,6846552
2018-01-04,399.3113708496094,401.5135905405488,397.0304713096574,401.5135905405488,8947614
2018-01-05,397.9742126464844,403.63709641948503,395.6146817414657,399.2719498437667,11025976
2018-01-08,407.43206787109375,408.5921515055043,401.13996068863577,403.0472628040286,5594690
2018-01-09,409.516357421875,410.91243280368457,404.62034861261975,408.98547241921244,9948236
2018-01-10,413.8028564453125,415.27756370277973,406.25237448899753,411.6596344330442,9468634
2018-01-11,423.0639953613281,426.05272550643053,414.9825811881578,414.9825811881578,16775298
2018-01-12,424.1061096191406,427.03589006531564,420.99943151531363,426.99657414086056,18016528
2018-01-15,425.16796875,429.80835239494036,418.85620210846423,424.7157155630245,10649250
2018-01-16,441.5665283203125,446.2659560884546,425.2071239501012,425.2071239501012,22646966
2018-01-17,453.0693359375,456.8839404297429,441.62561847034806,442.35313103695063,26154088
2018-01-18,453.3051452636719,458.1028863997367,445.204099613485,450.27710012413536,13204970
2018-01-19,449.6676330566406,451.41764747545477,446.7379010588288,450.27719781017515,5988278
2018-01-22,452.2435302734375,454.9766350153477,445.1649358865489,445.2239337740644,9650214
2018-01-23,462.90069580078125,467.1871871695398,454.2097653037192,454.2097653037192,15403796
2018-01-24,466.3221130371094,480.18436114614167,459.1255224764604,461.9963051165603,20604718
2018-01-25,462.232177734375,465.3782193755758,457.06086218569413,464.82765248740844,13548914
2018-01-29,465.1815185546875,470.4314651161567,458.22087371624605,458.7518065634599,10823002
2018-01-30,460.36419677734375,465.26020468032584,457.23778922074496,463.60855208781675,8628312
2018-01-31,452.341796875,458.77150983775186,449.15643933430306,455.84177777974975,9213698
2018-02-01,450.11993408203125,455.3502479292239,439.8756639744194,449.1761119135046,13005454
2018-02-02,449.5890197753906,457.3164942690542,444.41770415208794,446.44297808879264,10244486
2018-02-05,447.60308837890625,454.15079762950455,446.67894817946444,448.31096700240477,9860220
2018-02-06,435.62841796875,443.72946493304414,430.6734123890192,432.56100841688806,10552078
2018-02-07,436.13970947265625,442.33347902476316,433.97680581953955,438.87281397786194,8342056
2018-02-08,446.0496520996094,450.82771175391343,439.089055174421,441.54689985206926,8807244
2018-02-09,436.1789855957031,440.5637903842729,434.9402221973492,439.65928428267307,4382690
2018-02-12,433.6817932128906,440.68170599271804,431.7155174874147,438.400854954033,6291972
2018-02-14,431.696044921875,439.38420593953026,428.7269479343381,434.9404014425814,8345712
2018-02-15,438.26318359375,444.26032464326664,433.76043131913934,433.76043131913934,7986736
2018-02-16,443.611572265625,448.9598336825004,439.6986540048525,442.4121246369165,9889222
2018-02-19,445.0665283203125,446.73786275403137,440.56377593020557,443.7491331323372,6461840
2018-02-20,447.11151123046875,452.0468835322799,434.0554568932178,434.0554568932178,7188594
2018-02-21,451.2210693359375,452.9907179055797,448.31097097601247,451.2603852587494,13771358
2018-02-22,456.470947265625,457.749026592451,448.48784796076814,450.49348776976717,17859974
2018-02-23,454.46539306640625,458.5355748892082,450.96541209622603,457.5524368641456,9459828
2018-02-26,447.7603454589844,454.2294220756047,446.089010917438,452.63671936939414,5083608
2018-02-27,452.32208251953125,453.6788416744601,442.66769678817906,450.25749285335354,6616026
2018-02-28,461.1310119628906,467.7770340697562,449.31372267093354,451.29963251627953,17268416
2018-03-01,456.470947265625,459.9512459854101,454.62266713335885,459.9512459854101,6579852
2018-03-05,454.5637512207031,460.4232640227464,449.5890627275486,456.47102957446054,8101456
2018-03-06,452.7743225097656,458.29957675415466,449.7265949952322,457.1788091400888,6689734
2018-03-07,449.9232177734375,456.17598440197224,447.5440528645539,454.2097086071362,6370416
2018-03-08,454.858642578125,458.45693730573333,451.85023065816443,451.85023065816443,6093014
2018-03-09,457.5131530761719,458.53560709308874,454.42610906162315,457.1002158747296,4220964
2018-03-12,466.3022766113281,468.7011233353393,460.79670471796226,462.46803904273406,7676970
2018-03-13,465.5355224609375,470.7264718711363,462.1338553982551,464.1197653447152,8581052
2018-03-14,464.3557434082031,468.2096154329259,459.7546289234109,464.04112005709845,4429710
2018-03-15,465.0244140625,467.34463004229184,460.8952332188161,464.0412757663848,6101500
2018-03-16,460.8557434082031,464.98492269395797,459.81360760655633,464.8276110249729,17954826
2018-03-19,450.9654541015625,464.237818676167,449.35311719123536,457.7491071063604,7526620
2018-03-20,457.9653625488281,460.1085841877888,451.692913303397,451.692913303397,8553766
2018-03-21,459.1254577636719,462.27149944427947,457.0411859483548,460.10859578886175,7692994
2018-03-22,456.68731689453125,463.03835044259534,454.32778551921416,457.9457144261182,6813168
2018-03-23,459.164794921875,461.6030061399944,449.23510040817035,451.06374682056276,12008084
2018-03-26,454.30804443359375,458.8894768587453,449.8839236806157,458.8894768587453,8930722
2018-03-27,453.81646728515625,456.6872492350599,452.28276251746496,456.1759983109023,3802088
2018-03-28,445.08624267578125,452.53840931485536,442.90365717215366,452.53840931485536,12558322
2018-04-02,447.190185546875,452.0665599033436,440.9570998756672,448.70420855145915,8072702
2018-04-03,448.4879150390625,449.70704467543135,443.6312224716868,446.2266974303242,4077168
2018-04-04,442.09747314453125,450.10025480511956,440.44582051949703,449.8839452449148,4813302
2018-04-05,451.2800598144531,452.7547669316132,444.0244719951523,448.13401796451166,7763544
2018-04-06,443.19854736328125,450.6703951005504,441.2715875563983,449.49062966835,5937742
2018-04-09,437.00482177734375,442.7267038875678,435.15654162055864,442.41208053949316,7202882
2018-04-10,437.85040283203125,442.2155264849485,434.70436084725617,437.29983588373744,8926058
2018-04-11,442.1172180175781,444.96831860074684,439.0694898079839,439.65937268726026,9025574
2018-04-12,457.198486328125,461.1900362126535,442.41210039585184,444.16206683550354,17044366
2018-04-13,460.6788635253906,466.36143093888563,452.3418710632857,461.68168365859367,21227038
2018-04-16,445.6366882324219,448.3108422830381,433.3671475402702,433.3671475402702,24745084
2018-04-17,442.49078369140625,443.35597403566476,438.4795993832694,443.1986623362732,10397940
2018-04-18,442.78558349609375,446.24624775661437,438.0272061414595,441.56650222412924,10430380
2018-04-19,445.4990539550781,448.23220584724424,441.66481652764173,442.01875573728324,8525542
2018-04-20,463.4315490722656,469.42869058542374,447.1114590528516,447.9176513762057,24272692
2018-04-23,467.06915283203125,477.5690948228321,454.3080415864393,459.32204507505827,21830638
2018-04-24,454.01318359375,470.4905880778422,452.28285090243884,466.0074686518785,8526216
2018-04-25,456.31365966796875,460.50183713010045,450.35583381379143,453.0299883636855,11594178
2018-04-26,462.6449890136719,464.689944539069,456.1759611798854,461.6815331251599,11302084
2018-04-27,466.0859680175781,468.6028104891079,461.7601615212784,464.0410605121474,7663370
2018-04-30,471.7096862792969,475.03267403783,464.296834199251,464.70972342104676,5511678
2018-05-02,470.7461242675781,472.5354065027181,464.434359535985,471.4736367370211,10295042
2018-05-03,465.0439758300781,473.75454047839315,462.5074508788386,470.8248083151397,5332230
2018-05-04,461.32769775390625,466.4006997893348,454.2097877375056,466.0074445618564,6023368
2018-05-07,465.2208557128906,467.9736418413693,462.2714420038063,464.53265918077096,4638960
2018-05-08,458.35870361328125,463.2153966441103,456.58905488105086,463.2153966441103,5718556
2018-05-09,460.3838806152344,462.82209185499715,457.35583453262615,459.1254830755297,3783504
2018-05-10,459.3221435546875,465.2209724530782,457.29686936528157,462.46818563382925,3182862
2018-05-11,464.3360595703125,465.2995155714034,458.5552275542003,461.0130724598234,3311706
2018-05-14,467.69842529296875,468.56356752500784,460.1085807841034,465.7517832637036,4432094
2018-05-15,469.7630310058594,475.0522943863089,467.2265060947162,467.2265060947162,5611974
2018-05-16,467.95404052734375,471.1197643225787,465.81081873129756,466.89227061100297,6205004
2018-05-17,465.1815185546875,470.90335208614874,461.5045925662295,470.33315133034347,9519598
2018-05-18,465.29949951171875,466.61694273948814,461.2883159661001,465.22086767936605,7139660
2018-05-21,463.84442138671875,467.34440161110916,460.10849768754633,463.86410334494065,8475320
2018-05-22,469.4877624511719,471.11978131126335,461.6423395519531,462.07491071847613,5636804
2018-05-23,465.9682312011719,474.91478959547084,464.6311535324927,469.9401002719668,9538442
2018-05-24,480.1645202636719,482.7403606021324,471.119652150597,471.119652150597,9740570
2018-05-25,483.0353088378906,491.03804135538513,480.08589528072235,483.74313928874426,8901438
2018-05-28,477.5691223144531,484.7263477200701,474.26576904848184,484.09714900388155,5739794
2018-05-29,478.47357177734375,482.34717381324606,474.3443922710709,477.43148392482595,3388934
2018-05-30,476.5072021484375,483.2122210400588,474.1083555554194,478.5914734533075,6323066
2018-05-31,484.4118347167969,488.4230190529968,475.93716490248744,476.50736581138165,19720340
2018-06-01,480.08587646484375,490.0942002080035,478.67011960906797,483.8611160691016,4998356
2018-06-04,487.4004821777344,488.81619123199516,476.6252805898456,480.20389314513295,4270156
2018-06-05,480.1055908203125,488.4229477193894,478.5915679343775,488.4229477193894,4710862
2018-06-06,486.6335754394531,488.24595998900384,479.7909741028757,481.8161997601475,4038184
2018-06-07,492.5325622558594,494.71514828846193,486.850042592302,486.850042592302,6676226
2018-06-08,495.521240234375,496.28806868216765,490.01566736468374,490.78249581247644,6459878
2018-06-11,496.4453430175781,499.4340727496115,493.5549270793931,497.6841064210238,5171290
2018-06-12,494.9115905761719,499.92559357962534,491.74586751717845,497.76269032323364,7839820
2018-06-13,501.32183837890625,504.9397676680684,498.1757962127501,498.1757962127501,5766928
2018-06-14,499.4684753417969,504.826993831594,497.2122751497944,504.826993831594,7598848
2018-06-15,516.2088012695312,520.3384716796875,497.5749225895579,498.3807119378811,19957760
2018-06-18,510.62860107421875,520.2376269811986,508.5939637704566,517.3166412730757,8214846
2018-06-19,500.2338562011719,509.0169769365927,498.8036100782576,508.8558092826334,7545700
2018-06-20,500.8583984375,504.5650088378178,498.7834815495265,503.01387456751524,5371802
2018-06-21,502.22821044921875,506.2369914651159,497.9776533632179,501.98643437911505,5798790
2018-06-22,502.75201416015625,505.83416767042763,500.0727552477904,500.7979851966082,4343118
2018-06-25,512.6630249023438,515.2214440133511,505.2296419481749,506.4987693061054,7731178
2018-06-26,514.8389282226562,517.2764605729922,510.16536003220057,511.27332034026654,4483504
2018-06-27,511.6761474609375,521.1240062591833,509.90340136572365,517.2965075183337,6952142
2018-06-28,519.5729370117188,522.9572619484509,514.1943032062484,514.2144676115797,10996818
2018-06-29,526.6637573242188,529.806354613524,517.0144521352127,522.9773113882401,9966600
2018-07-02,537.743408203125,539.8787692765832,529.4035095742017,529.4035095742017,4830144
2018-07-03,545.4185180664062,547.0905403495881,536.5548376250686,536.6152816461889,8127452
2018-07-04,541.9736938476562,544.9752875594211,539.4153234573251,544.7335606813866,5025722
2018-07-05,517.316650390625,542.7997330520012,510.91061661257834,542.7392890275778,17019902
2018-07-06,517.4173583984375,524.5082930883754,511.27321612428824,519.8347258505618,11215356
2018-07-09,523.2996826171875,524.9717051752607,515.3223984173455,522.5543373847376,6644998
2018-07-10,524.3269653320312,529.9876041224585,521.4664239281058,527.1875067359567,5974488
2018-07-11,532.0020751953125,540.7247518148152,520.2778539280753,530.8337203755259,11899832
2018-07-12,521.4865112304688,534.6813067378172,517.4978456530241,534.2784122185087,13272240
2018-07-13,530.7733764648438,536.4944603341751,523.0982143645385,529.8064195510418,19496158
2018-07-16,536.9979858398438,557.7672193602774,518.8072872502948,530.7732847762649,35344680
2018-07-17,535.0037841796875,543.7062982727681,528.8797563501323,535.7289649982516,11161690
2018-07-18,532.8482055664062,541.2485470785587,529.4034374991347,539.7981365381414,6919016
2018-07-19,530.4912109375,536.6152373365366,527.4292223287124,533.0294661632429,5118864
2018-07-20,543.1422729492188,550.8174357766673,532.3447257363096,534.2383109365711,11705738
2018-07-23,546.304931640625,551.159831407114,538.3679274252603,544.7739616178214,7675702
2018-07-24,554.8463134765625,556.9615101465777,546.3250827696359,553.7383533160784,6172246
2018-07-25,557.5053100585938,561.5544197879725,550.1323204318468,555.5915610267757,6936922
2018-07-26,553.2750244140625,560.1846768272372,551.6432815673419,555.4103855244041,7362218
2018-07-27,553.3555908203125,559.6206217733734,551.280722892536,553.2548671662855,6493232
2018-07-30,544.3106079101562,553.1742891640596,543.1019241028058,551.9656053567091,6409970
2018-07-31,549.9912719726562,551.9654648584415,538.085769009584,543.3233975082409,7943996
2018-08-01,545.5394897460938,551.3411330338007,544.3106414602892,549.4677123621099,4675706
2018-08-02,545.3782348632812,550.656143800566,543.9681038932414,547.775437839763,5940742
2018-08-03,549.5884399414062,550.4345086510656,546.3250039575981,550.4345086510656,3970390
2018-08-06,548.1985473632812,553.9800750373774,542.9004735366299,550.3741880397221,6178930
2018-08-07,551.1397705078125,555.9745067789955,548.1986687850646,553.5773030504596,7351528
2018-08-08,549.0445556640625,552.9727775813067,545.2372217860884,552.6907710649621,3992358
2018-08-09,555.9744262695312,559.8019252632993,553.4362196036008,553.4362196036008,6409524
2018-08-10,558.1903076171875,559.6206031293068,553.1944538890709,558.3313600733032,4779520
2018-08-13,567.5776977539062,568.0208719229582,555.4706968444052,560.0234249355314,9979746
2018-08-14,567.396484375,573.9435216194893,565.6640179238703,569.6727995179082,6151320
2018-08-16,575.9580078125,578.1134841337719,568.5850167972092,570.075707177517,6626774
2018-08-17,576.2802734375,579.2214236500944,573.319008004061,576.5018851370744,6390408
2018-08-20,557.706787109375,567.2553683791713,553.375670648168,559.2176416888658,16101876
2018-08-21,557.5858154296875,562.4407137561105,553.476311262505,560.0233467915427,8361482
2018-08-23,563.0049438476562,564.6568019299583,558.1500440728514,561.232197708478,7717182
2018-08-24,555.3095703125,564.8178717256466,554.4231728057932,562.6422313492282,7053000
2018-08-27,570.257080078125,572.090221170908,556.5586623953341,557.2032839794059,7012950
2018-08-28,574.0038452148438,579.5235300539373,568.6856568320393,570.9821360924632,6496890
2018-08-29,568.1216430664062,577.5896657904779,566.1273345481783,577.5896657904779,5646496
2018-08-30,570.5791625976562,572.7346874852209,562.5011575037071,569.2093606635399,11507962
2018-08-31,580.6114501953125,585.9296889002397,572.5535574740355,574.1651360182909,10875864
2018-09-03,577.8515014648438,591.4089127473919,576.1391996477089,583.7941960066645,10976328
2018-09-04,593.9874267578125,603.1331129394196,576.9449684230119,581.7797027952718,15370124
2018-09-05,588.1455078125,599.5473945348575,584.5194567142267,597.8552570282495,8658978
2018-09-06,585.9296264648438,592.657946497565,583.4719301015618,590.280858561791,5598659
2018-09-07,590.4822998046875,592.3759338818768,583.2301972026557,591.7312631942992,6510605
2018-09-10,588.9110717773438,601.9245882371216,587.7427166741379,594.471037445698,5629871
2018-09-11,591.6909790039062,600.1114856853314,589.8376737450991,592.9802711876397,6963561
2018-09-12,598.6207885742188,601.5216098870213,593.2622709702872,599.829472318131,4636617
2018-09-14,591.2074584960938,600.3128652740247,587.4605195973018,597.814938795805,7896514
2018-09-17,584.9627075195312,596.2840364840489,583.8748625386839,592.2550902915891,5427054
2018-09-18,579.4429931640625,588.2261151032607,577.75085551923,588.2261151032607,7729732
2018-09-19,579.9666748046875,585.808645478302,574.688766308266,585.808645478302,4849498
2018-09-21,568.3231811523438,578.0732611517474,557.6061933420361,575.2126698031503,14350769
2018-09-24,578.7581787109375,588.1859235850582,569.2901542071386,569.2901542071386,8637881
2018-09-25,585.1641235351562,593.060847813774,577.7508531011902,578.7580895954392,9602273
2018-09-26,578.435791015625,589.7168404683449,573.7219435954703,589.1931069669236,6599606
2018-09-27,584.0360107421875,588.8707460118769,578.1134797094061,581.7798107859599,14592616
2018-09-28,588.266357421875,591.8924085864004,576.3004082515279,580.973975471734,7490031
2018-10-01,601.642578125,608.2903396025763,590.643534916784,594.2695866318256,8252398
2018-10-03,587.0175170898438,605.9132863986948,585.2447707571891,599.3460837964099,7792464
2018-10-04,569.8541259765625,588.0246624057708,566.066906940807,587.0174259165523,6173037
2018-10-05,583.8746948242188,589.4346586453362,571.5461328528909,574.5275620152081,8543578
2018-10-08,575.6961059570312,587.178602100527,571.5059922648652,584.237451836798,7259306
2018-10-09,578.3551635742188,582.1021028018317,566.1877670573652,577.8313809530799,6777212
2018-10-10,564.4149169921875,580.0875229369552,560.3456923632963,580.0875229369552,8866251
2018-10-11,542.5780639648438,558.3312800162022,534.4798934483389,551.9655265339553,10985897
2018-10-12,546.9696655273438,551.2000585675015,533.0295230598791,545.0358010750087,8909221
2018-10-15,563.0855102539062,568.0814133709093,549.1453662585457,554.8664501816072,6222176
2018-10-16,560.2247924804688,575.2527767409849,555.5109465852546,572.1101800232044,11588963
2018-10-17,568.3634033203125,581.6186457478495,565.14024645922,572.1103428439208,20360697
2018-10-19,550.7971801757812,554.1412249212236,546.325060095365,553.5771626630026,10421001
2018-10-22,547.8964233398438,560.0638216301979,542.9407996624791,554.9470794441985,6672840
2018-10-23,529.886962890625,549.5482392154977,526.4220791365574,544.6732243490736,9041701
2018-10-24,523.6016235351562,537.0583081595402,521.4663124339407,534.2380469764068,7058164
2018-10-25,528.4484252929688,534.6390921610283,518.2663747092892,523.7646820244761,8270469
2018-10-26,516.1077270507812,528.4076731984894,513.093880044633,525.638135730253,5464141
2018-10-29,525.190185546875,529.9146472221893,514.3972115903088,516.189262492544,7137446
2018-10-30,537.2864379882812,540.7076170085178,519.2438737585728,522.217002768922,8793411
2018-10-31,559.1167602539062,564.4521446132433,540.0966606574056,540.7890699009641,11947995
2018-11-01,543.0698852539062,561.804859203421,537.2864504218718,561.804859203421,5860244
2018-11-02,539.4451904296875,550.4825263984274,537.6938573538515,542.4590881867492,6654067
2018-11-05,542.4996948242188,544.6175416138907,535.1686178671348,540.4632845583621,5799426
2018-11-06,542.8662109375,549.8307234916523,538.1417494790544,544.0473387313722,6975525
2018-11-07,550.2380981445312,551.8672264884085,547.3871235427462,548.2016877146847,758956
2018-11-09,537.2050170898438,553.0890168370036,533.946760731452,553.0890168370036,9694143
2018-11-12,541.0335083007812,550.9712006891774,539.4858165577751,542.4997138000743,7118080
2018-11-13,542.2552490234375,543.9250952316205,534.5983277585951,540.4631983319808,4137808
2018-11-14,532.0733032226562,542.2553549158445,521.7283287589671,542.2553549158445,7323026
2018-11-15,534.6798095703125,542.4996037922134,526.7785291212223,532.7248361563177,5513390
2018-11-16,530.1590576171875,539.6487498600369,524.742235845049,537.5309029549535,8583785
2018-11-19,530.8514404296875,539.2414408192666,528.8557484167807,536.7977484892699,6018930
2018-11-20,522.4614868164062,534.3541040003244,521.402513604959,530.8514879571472,5384830
2018-11-21,504.2965087890625,521.3616330528698,498.5945612834396,521.3209147998084,14359086
2018-11-22,505.6406555175781,511.66844963046196,502.3823991791644,506.8625016444833,6632975
2018-11-26,506.2109375,511.54632312420637,488.6163207597632,505.8443736626308,15075209
2018-11-27,520.425048828125,522.135613634961,509.3469466961239,509.509869467501,12285851
2018-11-28,542.8255615234375,544.699049097681,521.3210483905093,522.0948942651238,17719890
2018-11-29,538.4676513671875,549.7493953024821,536.6348819277368,546.5725750539465,13399070
2018-11-30,543.6807861328125,547.3870426238359,538.3861197979093,538.4268380570767,10445773
2018-12-03,546.0430297851562,553.0890292045517,542.4589775410107,548.3238490606687,8260890
2018-12-04,558.1800537109375,560.6237460292634,546.8168744873127,547.8350796199485,7827923
2018-12-05,555.0439453125,556.8767143647568,547.7943056189783,556.3472278628434,5177288
2018-12-06,544.5360107421875,558.3428798958871,541.3184731362043,550.72667699096,8039771
2018-12-07,556.1842651367188,558.587238775918,542.1737550009001,547.386984261636,5553948
2018-12-10,545.1062622070312,556.998877232122,541.8480060667824,545.6764669749834,5121196
2018-12-11,549.4234619140625,555.4512558826656,538.1010015222698,545.1062823124092,7120933
2018-12-12,552.6817626953125,554.4330954631859,546.246686175784,551.5413530254813,6926183
2018-12-13,568.3621215820312,570.1948908741266,553.903608277723,555.5327365373633,7521474
2018-12-14,575.1229858398438,581.3544212322814,565.6333436909283,568.1177543085822,9560576
2018-12-17,565.63330078125,579.8474037950681,564.2892502010627,579.8474037950681,4778465
2018-12-18,551.134033203125,559.1982374316376,549.464186792951,559.1982374316376,8021298
2018-12-19,541.5628662109375,547.0204550621521,538.5082511505982,547.0204550621521,8295459
2018-12-20,543.3549194335938,547.0204575224874,534.6798424534375,537.6122530377354,11705260
2018-12-21,526.371337890625,537.2050306115577,524.1312865878474,537.2050306115577,12802132
2018-12-24,528.652099609375,536.6348178264769,527.5116899853404,535.1686123934659,8379825
2018-12-26,524.6199951171875,527.0229691393621,519.1624057406502,527.0229691393621,6178552
2018-12-27,535.0056762695312,540.2596245139049,528.6520864071229,531.7067016983813,15333902
2018-12-28,535.1279296875,540.4633149405643,532.1547506453927,540.3411104309241,4736598
2018-12-31,536.757080078125,539.24149090095,534.1911830065035,537.6123625296481,3373319
2019-01-01,541.7257690429688,542.7439740256513,532.8470514242018,538.3860765865863,2943390
2019-01-02,544.9841918945312,549.0162948042346,539.2822422452291,542.4997809193178,7416655
2019-01-03,545.065673828125,551.459983140196,540.137520468073,547.3871619944043,6827249
2019-01-04,538.4676513671875,548.9348311071707,530.2812911477185,547.18349820043,7889310
2019-01-07,547.1427612304688,548.6904033184238,538.8341967789031,541.6851713650349,8046340
2019-01-08,545.7986450195312,551.8264390227971,544.576798914846,549.7900288483215,8621545
2019-01-09,550.726806640625,561.8863455345247,540.8706002281077,558.9539344562528,18130292
2019-01-10,553.6591796875,555.5326670081953,547.8350270014034,555.2068215102297,9572493
2019-01-11,556.7545776367188,558.3837058814494,547.7943722906998,554.0665259763227,12281903
2019-01-14,571.742431640625,578.5033021895339,566.8957664045334,575.8966877189687,19312937
2019-01-15,591.862060546875,594.6315974629669,576.0595520335571,576.0595520335571,19671304
2019-01-16,600.1707763671875,600.9853404094114,593.4099047601375,594.5503143060685,9658944
2019-01-17,597.3604125976562,601.9627184918844,593.8985160434066,599.3561040841013,6903771
2019-01-18,595.4055786132812,599.6820397057184,591.6178360445916,594.6317328531462,5902151
2019-01-21,606.850341796875,611.737727099937,597.8901354079279,601.3113150634822,8129422
2019-01-22,607.1353149414062,610.1084937094522,597.8900325537222,603.7956221123251,6723375
2019-01-23,595.9757690429688,604.8952050477271,593.9800773043954,604.6915640482205,7212099
2019-01-24,599.5386352539062,602.8966868486704,590.5291748880688,596.3443520371522,7429783
2019-01-25,598.187255859375,604.3710624467266,593.1911200634729,596.2625273126797,5543112
2019-01-28,596.221435546875,600.0299495856431,588.8910020874954,598.7195028177457,7944693
2019-01-29,596.1806030273438,600.2348203314026,586.843505621456,594.2148825238887,6760819
2019-01-30,594.5424194335938,601.8318609299437,590.610979086865,596.1805029146173,5763026
2019-01-31,613.9129028320312,615.3462262893759,594.6244743041215,594.6244743041215,13825233
2019-02-01,620.0556030273438,624.5193909674094,609.7766381314575,615.3870546312231,6276585
2019-02-04,619.1138305664062,624.5194874452003,613.6262394983253,620.0147567160874,3945391
2019-02-05,618.253662109375,622.4308051442351,611.8242041899947,611.8242041899947,4694366
2019-02-06,625.1746215820312,628.1641442707773,617.8441871733214,618.8270473717,5880482
2019-02-07,625.748046875,630.2118354797051,623.2909210364857,624.9699470280665,3961797
2019-02-08,623.2091064453125,632.5052135765156,618.2948542194024,622.4719486152825,5915169
2019-02-11,624.76513671875,629.6384459079119,621.6527875695677,628.1232384244684,5500216
2019-02-12,614.6500854492188,622.7585713414279,606.9101284686524,622.7585713414279,7310690
2019-02-14,606.1318969726562,616.7384986811111,603.8385898441556,615.1004150192755,4610535
2019-02-15,607.6881103515625,611.4147407694353,600.0300390630551,607.9747550028037,5586389
2019-02-18,606.9509887695312,612.3566952928098,602.8148371809656,608.015733239308,5346825
2019-02-19,593.2321166992188,606.5415493360142,590.7749906739642,605.3539284257365,9401334
2019-02-20,606.6643676757812,608.5481541171042,594.6653834026342,595.4434832343671,5210675
2019-02-21,600.7262573242188,604.4528877588086,595.5253115613539,604.4528877588086,7202786
2019-02-22,601.9549560546875,604.616842679198,596.2626038903549,599.9482930627539,3750833
2019-02-25,618.2947998046875,620.8338099018117,602.4463077767017,602.4463077767017,6547552
2019-02-26,608.1385498046875,616.410852169529,606.2138215287165,613.1346848978538,8319610
2019-02-27,602.20068359375,611.3330226950562,600.1530784132204,610.1863437978153,5936354
2019-02-28,601.42236328125,608.0566316297555,599.7842797369784,605.0261670747846,8559921
2019-03-01,607.6470947265625,608.8756573523822,602.4052075269286,602.4052075269286,3998826
2019-03-05,599.9481201171875,608.1385381392652,598.10527606222,606.5004545348496,4826505
2019-03-06,599.9481201171875,602.8966506089977,595.4433902050448,602.8966506089977,6076668
2019-03-07,592.1263427734375,601.5862665793036,590.1606222466097,601.1767456354103,5951551
2019-03-08,583.4443969726562,592.1262699090526,582.0520659270326,592.1262699090526,7193994
2019-03-11,582.5436401367188,588.4816948164955,581.0284323869879,584.2226662894806,9932198
2019-03-12,579.0216064453125,585.5739407993375,577.9158700288644,580.7006321254626,11997387
2019-03-13,580.2501831054688,588.5634275230623,578.4892232092941,581.519687919054,11348867
2019-03-14,580.1682739257812,585.5330380306991,578.4073639440849,584.795880370228,6415187
2019-03-15,588.5223999023438,592.7814267141085,581.1919667345473,583.1576867985427,14638664
2019-03-18,581.68359375,592.7406599012969,577.7112103606929,590.9796997403197,8065544
2019-03-19,591.5529174804688,595.0338449976608,579.3901672106522,583.8129627677025,8917337
2019-03-20,605.2310180664062,607.9747884174195,595.5663337073393,595.6482179006665,13471173
2019-03-22,608.6299438476562,611.2918297075571,599.7843023728237,610.1861432695822,8883260
2019-03-25,602.20068359375,608.0568544062089,598.3511758562822,608.0568544062089,7644966
2019-03-26,596.0578002929688,602.2006151362491,588.9730671775767,602.2006151362491,9406261
2019-03-27,597.65478515625,599.784273746397,595.5662386562325,597.9004876873682,7387487
2019-03-28,604.2890014648438,610.1861121440356,597.9004857250283,597.9004857250283,9277241
2019-04-01,618.45849609375,622.4718212532326,607.7290675919719,607.7290675919719,6584982
2019-04-02,621.9804077148438,627.2222456181854,618.0489667994027,621.6527709751077,7283600
2019-04-03,616.984130859375,621.243157892434,611.6603595656362,619.1955535486884,6897127
2019-04-04,612.5614013671875,617.393718144058,610.2680442632128,615.42804775681,7688525
2019-04-05,621.8984985351562,623.2499376529606,612.6433351545545,615.0185766372562,6276040
2019-04-08,628.409912109375,630.6622773857528,618.7042853691245,624.969926052837,4919911
2019-04-09,622.9632568359375,633.1193965174813,620.9975862458765,630.6622707871418,6730692
2019-04-10,616.4928588867188,627.9594456868265,615.3461802105675,625.748022520164,7031088
2019-04-11,608.3024291992188,615.7147483970157,606.1319481678248,615.7147483970157,8200995
2019-04-12,612.4385986328125,615.5509479457481,606.582428880437,608.6300336903092,7043212
2019-04-15,595.8529052734375,599.0061961849326,583.6491625438646,593.5595982477735,31574803
2019-04-16,593.0682373046875,596.1806366088639,584.8778180628586,596.1806366088639,12524411
2019-04-18,587.2939453125,591.7577333685049,583.7720753749506,591.7577333685049,13801105
2019-04-22,590.5701904296875,594.4196976082734,585.6149966102865,587.2940226164831,6455426
2019-04-23,596.4264526367188,597.9007183826036,588.3998502510245,592.9045816908935,5516668
2019-04-24,603.183349609375,604.37097022926,592.9862690998515,596.426254692146,8285120
2019-04-25,596.712890625,604.1662009646459,595.4843279306967,603.1833408111345,8005235
2019-04-26,604.452880859375,605.9271461804748,597.0815042635289,598.7195879514948,6895168
2019-04-30,615.3870849609375,617.393747527244,604.4528960648468,604.4528960648468,9920046
2019-05-02,598.555908203125,612.9710779898156,597.4911635574343,611.8243991465434,6351352
2019-05-03,592.6587524414062,598.7196830456712,588.2359557756374,592.0854630518406,6348116
2019-05-06,588.3997192382812,591.1844316959409,582.0521445318133,585.6149567902713,8858265
2019-05-07,593.4367065429688,596.1805264763262,588.6453321677511,590.0377131797176,5747536
2019-05-08,589.1778564453125,594.6245058684879,586.8436066870131,590.5292957729748,6247642
2019-05-09,590.5701904296875,598.1463284977227,586.2702201748567,589.0140407126275,7396525
2019-05-10,587.130126953125,594.6243798356219,585.6149195350821,590.3653522409337,8352335
2019-05-13,589.4644165039062,594.992948870051,583.2396685863355,586.8844147369002,6808993
2019-05-14,584.673095703125,587.8673794118497,576.2779154328756,586.8435769398681,10513001
2019-05-15,586.5158081054688,593.9691184176818,583.6491618293123,585.5329979459187,6668929
2019-05-16,600.4396362304688,603.6339198458761,588.9730488792582,589.7102066336917,6468556
2019-05-17,592.9044799804688,602.6510490659829,589.7920806181901,600.4806179205917,8155948
2019-05-20,591.67578125,594.9519482558353,578.2434765299386,589.4643585229929,11213708
2019-05-21,580.9464721679688,591.8807127034435,579.6360249831358,591.8807127034435,8645535
2019-05-22,581.31494140625,588.2767969919536,579.0625763638164,581.519701864653,5795713
2019-05-23,574.1893310546875,587.0073571666198,571.2408001232341,585.6149758971854,7233736
2019-05-24,580.8645629882812,582.9531099700822,573.697945900486,576.4417164465291,7016424
2019-05-27,579.963623046875,584.6321724678318,577.8341338325787,579.3903336363499,10247544
2019-05-28,596.3444213867188,600.7263257957065,581.3559637604159,583.1578660411981,23860490
2019-05-29,596.0987548828125,600.8901805551702,592.699760592531,594.2149682894767,10293077
2019-05-30,600.80810546875,603.8385701423382,591.7986456226114,595.4433916493454,15089296
2019-05-31,604.2481079101562,608.5071354089138,600.5214775951231,603.2243056263369,8290306
2019-06-03,609.8995971679688,615.0186092640191,597.0815708833176,597.7367944335415,7744761
2019-06-04,602.2415161132812,605.6405600906025,600.4806059726637,603.8386578615449,11733702
2019-06-06,602.4871826171875,609.8995515703837,600.8900909549043,603.2243403000481,7563925
2019-06-07,605.3538818359375,609.3262652652536,602.6919955134449,602.6919955134449,3218358
2019-06-10,617.14794921875,617.6393542651238,606.1727699398915,606.1727699398915,4435148
2019-06-11,618.2947998046875,621.6528518673814,614.6909951600392,618.3766840051027,5733127
2019-06-12,617.393798828125,619.973800912091,610.1862398189382,619.973800912091,8738342
2019-06-13,616.8538208007812,620.6330940283074,614.6526794403948,614.6526794403948,4808577
2019-06-14,615.0267333984375,619.221314321941,613.199376657509,617.8507840921098,5556353
2019-06-17,615.1095581054688,618.390484853465,612.8253756563794,617.1445671539617,3085588
2019-06-18,623.08349609375,624.9938931988295,614.8188980928701,614.8188980928701,6202838
2019-06-19,624.537109375,627.444251031919,621.7960495412545,625.0354562375752,4596253
2019-06-20,627.0289306640625,628.6901544298207,611.247304889359,612.8254370489138,7148684
2019-06-21,623.1250610351562,627.1119880383462,620.5917048651678,627.1119880383462,13200318
2019-06-24,619.2210693359375,624.5370048979119,616.8538460899207,624.5370048979119,4758178
2019-06-25,621.3807373046875,623.7064911639183,612.4101389933851,617.9752488196416,3677911
2019-06-26,613.98828125,624.1632762731413,612.9915369043468,617.1445960974658,5447130
2019-06-27,606.8033447265625,618.5565201230268,604.8099071386143,616.3138584771363,11122346
2019-06-28,608.0078735351562,614.2374624033442,605.1007320633352,610.9150150069773,5919494
2019-07-01,607.4263305664062,612.5761332838242,606.2219334531892,610.4996040184552,3224968
2019-07-02,614.6527709960938,616.0233008316542,606.4296933757796,609.6690998799093,4837606
2019-07-03,607.4263305664062,617.3106301481683,606.3465454877174,615.4832742553406,5958379
2019-07-04,609.5029296875,611.662550788909,605.1837381812029,605.5160031803492,3274064
2019-07-05,596.3792724609375,611.6625498611075,592.6415193605555,610.4996730623802,4926289
2019-07-08,596.0469970703125,602.1520241124088,591.6447647459191,595.0918239347808,7177092
2019-07-09,594.3026733398438,597.9158139683353,588.945217717603,596.3792025967964,5022638
2019-07-10,595.7564086914062,600.2832538636409,586.8273304154458,588.9038602470645,7573816
2019-07-11,599.286376953125,600.9476004512626,589.4020768605993,597.5836330068375,6252688
2019-07-12,603.6470336914062,606.844868355645,597.7081399475192,600.1169340791758,7874441
2019-07-15,647.3372192382812,649.2476667383165,626.4473650422821,633.7567379885612,31064152
2019-07-16,651.9056396484375,654.3559545552573,644.5547456244981,645.3853574100967,9924322
2019-07-17,659.63037109375,660.3363708342729,645.1777057176371,651.1166002748175,6754348
2019-07-18,658.4259643554688,663.2435025124355,653.0269878165446,655.3942110973113,6534471
2019-07-19,652.3624877929688,659.9210344285209,648.9154287568055,655.103496424734,6812754
2019-07-22,651.5318603515625,657.8444892118575,649.5798923709658,652.8192983919035,7107151
2019-07-23,656.2249755859375,667.8120226860275,652.4872217276202,653.6916192212732,10782564
2019-07-24,653.1099853515625,659.2980528053856,650.8673235680709,654.5220354149844,5745146
2019-07-25,659.921142578125,664.6556404615401,654.2314714449542,654.7298182973027,9773568
2019-07-26,653.691650390625,660.3365464555869,649.7047228909546,658.0938838943555,4941763
2019-07-29,657.3877563476562,661.9561215054628,653.0270441515682,655.7680531069474,6244316
2019-07-30,658.4259643554688,662.6620641304783,654.9789052097018,657.7614850745973,8673253
2019-07-31,659.2150268554688,664.3232586317847,649.2061148445271,656.8892734293389,7350584
2019-08-01,638.6159057617188,654.8544081178437,634.9197235565276,653.2347048579319,10066407
2019-08-02,644.2225341796875,647.7942057118562,633.1338861988615,635.459589252547,10838336
2019-08-05,645.1361694335938,652.7778078277031,638.4497548499427,641.730630771693,9976238
2019-08-06,643.2674560546875,650.9506168458519,639.405090081057,646.8805978778655,9331718
2019-08-07,644.6377563476562,650.7427831039292,641.5229622974713,646.9635097956751,5130457
2019-08-08,655.1450805664062,658.4675278846511,648.9154918446972,650.1198891368655,8009009
2019-08-09,656.0586547851562,661.7898960018398,651.8640756871715,657.8444902835985,4362520
2019-08-13,635.2103881835938,652.860889326322,631.3895940971885,651.3242777407403,7517099
2019-08-14,643.5580444335938,646.4236654250881,637.9098940526408,643.8072178466534,5940968
2019-08-16,643.3504028320312,647.9187680393676,633.3415401079902,647.8772475858785,5128088
2019-08-19,645.9253540039062,650.369107319368,642.3536823336925,644.2225590788631,3881451
2019-08-20,658.4674682617188,662.8281799720612,651.0750033693879,652.1963596556726,8435344
2019-08-21,664.0325927734375,667.6042132618487,658.6751366925611,658.6751366925611,5926896
2019-08-22,660.9177856445312,665.5691912083636,658.1352058387322,664.4063651656647,5222488
2019-08-23,666.316650390625,672.7538904329433,661.0007157544936,661.540633585034,6895015
2019-08-26,666.6074829101562,670.1375830228723,653.6084387953615,661.0839449164071,5412074
2019-08-27,651.7395629882812,660.2948543081113,648.7908505689361,657.0139275898189,16061642
2019-08-28,666.56591796875,668.6424473082166,653.1099977097036,654.0237010369791,5881134
2019-08-29,670.2621459960938,672.5463282547296,660.7516315435613,660.7516315435613,7830413
2019-08-30,676.865478515625,678.9004365750304,666.1505675617741,672.7954610037867,8174186
2019-09-03,676.3256225585938,683.0951286509592,674.4982665554536,676.9485813758108,5647088
2019-09-04,682.181396484375,683.1366202423644,673.0031471043897,673.418452964991,6199015
2019-09-05,692.7717895507812,695.637410515493,686.6252924011552,689.4908626693439,7926895
2019-09-06,697.8385009765625,703.5281713398414,693.6023505187062,700.4548976421462,6106841
2019-09-09,688.6602783203125,697.9631413655492,687.372840066386,695.0559998324455,4377870
2019-09-11,681.184814453125,688.2034953075668,676.2427140925889,683.0121708141229,7981036
2019-09-12,678.111572265625,680.9771427499949,673.5016356849738,678.111572265625,4400017
2019-09-13,688.8263549804688,690.27992562916,679.0251458885981,679.523492689541,4832021
2019-09-16,687.4974365234375,696.011207962893,681.5585415334028,691.110577782548,4846496
2019-09-17,690.4461059570312,693.5609004199953,681.5585489500689,690.6537589212288,5540901
2019-09-18,689.2832641601562,691.8581914651727,684.4242048292391,689.3248353123311,3199389
2019-09-19,681.68310546875,686.9159496008917,677.114740628599,685.130113975679,6601607
2019-09-20,668.6425170898438,693.5608717639994,666.1506816224282,683.510488990699,22462366
2019-09-23,634.8780517578125,670.2206212155943,616.230859087816,670.2206212155943,17279260
2019-09-24,659.5472412109375,663.3680856282322,635.4179803323901,635.4179803323901,13717998
2019-09-25,658.3844604492188,665.3200486679606,649.2477306922306,654.27292191927,9313576
2019-09-26,649.9952392578125,661.9975896358084,646.2990066920602,654.314430659483,18442824
2019-09-27,649.70458984375,659.7134523526664,647.9602745659801,653.7330369795699,5087642
2019-09-30,669.1824340820312,671.1343515833988,651.3242799247997,652.1133205977852,8178091
2019-10-01,659.1320190429688,670.7605848656035,657.4707953540209,670.3037584904476,5881438
2019-10-03,652.5285034179688,662.7034963091131,651.3241570615334,658.3012646261246,5497672
2019-10-04,659.0488891601562,662.4958974314346,653.7329537946084,656.1832685442987,8201713
2019-10-07,655.8096313476562,666.1507598917656,652.944010084128,660.2118643846927,3679845
2019-10-09,650.9089965820312,661.0839917453272,646.8804986913017,660.7102062734932,6335025
2019-10-10,650.4105224609375,660.0871696532703,645.0530665196142,652.3624904966385,10402917
2019-10-11,676.782470703125,684.2579767507218,645.053090450688,649.1231084663209,20636344
2019-10-14,652.9439697265625,661.9976593742814,647.8772576059466,653.4838877198442,15150858
2019-10-15,638.1590576171875,644.5132583830244,635.4180487227859,642.1459842541828,13762133
2019-10-16,640.7754516601562,644.5132045758913,632.5523749669317,635.6256486147287,10767032
2019-10-17,639.15576171875,640.0278939443645,635.5010496252461,637.0792322784681,9860495
2019-10-18,637.7852783203125,642.7274288863458,631.2649956829857,634.421310522096,10037200
2019-10-22,534.5402221679688,574.0358037405917,530.2210306006513,574.0358037405917,90152532
2019-10-23,547.1982421875,552.286739279614,517.3403597303704,529.8722802251152,60516887
2019-10-24,534.3719482421875,549.3850264068817,531.5543940606983,546.6936014864777,25666433
2019-10-25,536.1383056640625,548.7963569638819,534.918747937209,544.1704872883242,16549337
2019-10-27,545.7263793945312,548.7962949114259,542.9508681699579,547.6187804114672,2945281
2019-10-29,547.2404174804688,549.8477053774536,544.1705015360803,547.5347704791163,16709764
2019-10-30,555.6090087890625,564.6925762217521,551.9083436634032,555.4408364055968,22879467
2019-10-31,576.6355590820312,584.9201004709493,560.2347513187437,562.1692466354746,27405901
2019-11-01,578.5701293945312,583.700618620877,574.11243230563,580.3363499256558,9713519
2019-11-04,596.3165893554688,616.0816667177445,570.3696891818358,573.4395533756042,29381982
2019-11-05,585.466796875,596.1063163892159,581.5979086887376,596.1063163892159,12897805
2019-11-06,599.0921020507812,606.8299298571256,582.0184497035772,585.2144945072711,21372589
2019-11-07,605.6524047851562,609.2269399991624,598.9238679117328,603.0451172805697,13733737
2019-11-08,595.6017456054688,609.1429067049463,593.3728970387845,607.250505545007,8585630
2019-11-11,592.4476928710938,594.8026705123729,587.0648428327452,587.8218237656781,6951494
2019-11-13,581.4718017578125,588.7470537414857,578.4439803010097,585.8033184727783,9973690
2019-11-14,593.2046508789062,596.9894530555067,585.6770896162902,585.6770896162902,10539902
2019-11-15,592.0272216796875,599.6388695607433,590.6814833610102,596.3586869520519,7362623
2019-11-18,593.12060546875,597.1577178010346,588.1582884066768,592.9523817601822,7490916
2019-11-19,599.5546875,600.5219352404855,592.952331014765,597.0735805159674,6495885
2019-11-20,599.6808471679688,601.3629813816236,592.9523103133492,599.5126234796708,6142171
2019-11-21,599.89111328125,606.7878738165402,597.5781787400324,601.783514269519,9692973
2019-11-22,583.02783203125,598.8398861745424,576.2151564579559,598.6296193605766,14415826
2019-11-25,587.1489868164062,593.0785515939518,583.0277883720895,583.1539176502212,7334511
2019-11-26,580.8410034179688,594.8447932087118,576.9721147277148,592.9523919577827,27253106
2019-11-27,585.1724243164062,586.770472311573,580.4203747528793,583.9108236890622,3861635
2019-11-28,590.3029174804688,591.5645181173876,583.742604435423,587.9899829794509,4837683
2019-11-29,585.6771850585938,590.6815456856564,581.6400723459293,589.5040822840773,4262379
2019-12-02,582.607177734375,592.1112254902263,580.5885962045213,591.354244582866,9383736
2019-12-03,587.3593139648438,588.4947855927015,579.1168648946446,582.607314637606,5239013
2019-12-04,596.1904296875,597.578211021063,583.153888841861,586.2238044780871,7427886
2019-12-05,601.2368774414062,602.1200390839109,591.9430949929077,594.1719436440509,4814422
2019-12-06,601.4470825195312,605.5683319793674,596.8212133169111,602.162020378916,5226096
2019-12-09,603.2554931640625,607.5449156627999,600.7322913801765,602.2041590874434,6435865
2019-12-10,600.9845581054688,604.3067838157878,597.1577126085028,599.680914211074,4457939
2019-12-11,606.4515380859375,607.8393196000186,599.6809569039561,602.708778508733,6043554
2019-12-12,590.5132446289062,606.1571249269681,588.3685335937956,604.3067668700361,11112042
2019-12-13,598.2510375976562,599.5967758026204,589.0413422834619,589.0413422834619,10302412
2019-12-16,600.5219116210938,605.736537927313,597.3258668962052,599.092087278873,5616324
2019-12-17,613.7266235351562,615.0302671678626,601.3629278974656,605.3159532149119,10525565
2019-12-18,616.0396118164062,620.1187667450507,607.8812506244552,614.8200542462494,12215295
2019-12-19,614.6939086914062,618.9833819756819,609.4372389812634,616.922757182373,7199210
2019-12-20,615.2825317382812,618.1842230521917,612.5070210037532,614.8199551716356,7794167
2019-12-23,619.025390625,620.1187675969433,615.3667692441655,615.7873027975793,4975608
2019-12-24,616.838623046875,619.8244009431841,612.5491500960696,619.8244009431841,2890759
2019-12-26,613.095947265625,617.8059030637321,611.0773654466259,615.6611919652131,3821806
2019-12-27,619.8243408203125,620.2869174070407,613.0116672656245,613.7686481054752,3399094
2019-12-30,616.4180908203125,620.6654693580556,611.6660412277519,619.1094644406946,5368416
2019-12-31,614.9462280273438,620.4972503293636,610.1521353112385,613.7266704707096,6927885
2020-01-01,619.7403564453125,622.3897387047475,616.123777690043,618.1844026324181,2112415
2020-01-02,617.9321899414062,623.0626802228537,614.7361442906025,621.4646830647903,5658200
2020-01-03,627.4360961914062,629.1182304975495,617.2592041731061,617.2592041731061,7882938
2020-01-06,621.4225463867188,633.9965126331659,619.4460587900294,627.5202842363151,6519403
2020-01-07,612.2128295898438,624.5764762444932,609.857800384513,620.7075876951653,7899363
2020-01-08,604.0542602539062,613.1377725431714,595.7276773768674,609.7314618515283,8639443
2020-01-09,611.9182739257812,615.2404987794226,600.7741363880815,606.9980526033758,13521186
2020-01-10,620.833740234375,624.8288092157168,614.3995559726637,622.7681844215654,9341405
2020-01-13,650.6075439453125,653.9297697628099,635.0057571330179,639.2110932729718,36952038
2020-01-14,652.3737182617188,653.4670952274895,645.2666909822158,647.579625512934,11414418
2020-01-15,645.56103515625,650.8597475603698,641.0193036675736,650.8597475603698,6047430
2020-01-16,645.0985107421875,649.7243801151758,639.4213074207928,648.2104694964037,5740586
2020-01-17,645.8133544921875,650.0607844299849,641.1033992493434,648.2104265364883,3762957
2020-01-20,646.3180541992188,651.3224139506946,641.6921849277924,648.967384890237,3887680
2020-01-21,641.313720703125,648.042258100666,639.8418531474128,646.3180806594794,4448374
2020-01-22,647.7898559570312,654.3501687183814,644.257364059486,646.3179886109423,9733935
2020-01-23,659.6910400390625,660.658287856233,653.2569067378898,653.5933028182379,12528017
2020-01-24,658.3453369140625,661.4993388475377,650.6495516625163,652.4578666382421,7540490
2020-01-27,654.4342651367188,660.0694247597655,651.3223580525623,655.2332891183237,3741610
2020-01-28,654.3502807617188,657.5463258506908,649.3038775681837,656.8734823584863,5121009
2020-01-29,664.1906127929688,666.7978999301599,659.6067874269281,661.5832743211224,6832757
2020-01-30,656.6211547851562,664.1907593716351,654.3502631422793,664.1907593716351,3859680
2020-01-31,652.6259765625,660.1955798831523,648.9673041567233,656.4948643925258,6092028
2020-02-03,645.4349365234375,665.242057181126,642.9958213109562,657.7144960957066,6416745
2020-02-04,662.6347045898438,664.3589332396054,647.7057633307895,647.7057633307895,5771311
2020-02-05,659.8590698242188,661.0786271769083,651.322271024698,656.8732923984292,6310409
2020-02-06,648.757080078125,661.7515769003892,647.6216600391936,659.690952260605,7341622
2020-02-07,653.7615356445312,655.0651795602332,648.4628224594617,652.6261154386838,2853344
2020-02-10,650.3131103515625,654.3502222786368,647.4114185076872,650.985953783631,3827682
2020-02-11,650.6075439453125,655.2754567937272,646.9489220374206,655.191370604796,4312817
2020-02-12,656.91552734375,658.7658854536431,651.9111672288124,652.4999245366876,2948825
2020-02-13,666.3353881835938,667.8072555604587,657.8826743719583,660.2376519080102,4387430
2020-02-14,661.4573364257812,672.1809436589497,659.9013312421273,668.2279173923379,5321680
2020-02-17,663.9804077148438,667.3446759899614,658.8078247079864,664.6952941894423,2929629
2020-02-18,670.877197265625,672.0546604125798,659.102257788104,660.2376778467144,5083346
2020-02-19,673.232177734375,676.9328422135535,669.6155994322401,672.8536872683541,3985192
2020-02-20,670.3305053710938,677.9841957517539,667.6811233668155,675.587174955246,4564569
2020-02-24,669.36328125,682.6100890694331,666.2513738141197,672.9378166933391,6627536
2020-02-25,671.508056640625,677.9001466709008,668.9848551021477,672.0126764144537,6996695
2020-02-26,658.3453369140625,674.073303489259,656.4529357539774,667.7652996223086,8760569
2020-02-27,654.2240600585938,656.6631753198726,649.4720614766744,654.3502406645673,5223386
2020-02-28,615.4087524414062,636.5195142344251,607.2924351165311,630.800268731524,14123957
2020-03-02,623.2728881835938,644.173440577401,617.1331073990622,619.8665760178656,9821523
2020-03-03,628.277099609375,638.3699044223771,623.4409639698116,635.0056361513764,7826587
2020-03-04,638.1597900390625,640.472725027672,627.0576918268027,634.0806343202929,11013444
2020-03-05,634.6693115234375,650.6075458063879,632.2722904506751,642.3650972154347,7755293
2020-03-06,621.506591796875,625.7539707128719,613.2220494214494,623.2307692180619,9216022
2020-03-09,592.48974609375,610.4885517564255,586.2237857495801,609.353131672268,10308654
2020-03-11,576.9721069335938,585.3407359526984,562.7160074355749,580.8830899998828,16165009
2020-03-12,530.8815307617188,563.5149219447201,527.7695724183759,561.8327878493627,13965574
2020-03-13,540.2594604492188,560.9917861223903,479.40827299814464,497.9117502015818,16903113
2020-03-16,490.46826171875,523.2698760653342,487.8188800261243,523.1436954762919,19140152
2020-03-17,466.7502136230469,497.91174049341305,462.5869210665155,494.63155815562135,16059887
2020-03-18,449.3822021484375,486.1368496651405,444.083488967464,477.72617752560524,15390183
2020-03-19,458.8441467285156,469.31544240392265,428.3134212261606,428.3134212261606,16583991
2020-03-20,492.1924743652344,519.3168881847324,460.9047681576718,462.16636880043916,21354894
2020-03-23,442.77978515625,471.7966001124309,433.90653751629225,454.1762340967452,17146150
2020-03-24,496.0614013671875,505.60754444680555,439.0370581095472,439.0370581095472,20027097
2020-03-25,509.8548583984375,534.0775792865492,475.7916427116576,502.11703123475564,18339548
2020-03-26,540.80615234375,547.4085086308779,514.8171580813906,517.2562732370237,14843813
2020-03-27,548.9645385742188,567.6362395542232,540.1753765977544,559.3516973334354,13495283
2020-03-30,527.0968017578125,558.0480631150446,522.3867948402923,525.7510634950928,14624804
2020-03-31,539.5446166992188,556.786494551649,532.9843027101059,546.6936880038849,15175521
2020-04-01,506.9952697753906,536.1803102637381,499.5938890928006,533.5309281968041,13083824
2020-04-03,492.6130676269531,509.6867214617925,489.62728934406925,507.5840534689633,10221655
2020-04-07,537.44189453125,541.8574969511077,515.4900630349658,517.2562834690434,15145605
2020-04-08,531.218017578125,551.4457245999333,526.8024148230776,529.8723306056918,11806896
2020-04-09,535.1290893554688,549.0487434167584,531.6386393979046,544.002339430695,11931114
2020-04-13,536.0961303710938,548.1233782947373,526.5499890484102,529.0311469840265,8330276
2020-04-15,537.4839477539062,549.4691545480491,534.5822558420756,547.8711577762954,11963447
2020-04-16,524.6996459960938,533.993477742919,507.5839524738782,521.4195153807357,17783287
2020-04-17,528.8209838867188,543.3293925897739,526.5080491659418,541.6472582473906,8878320
2020-04-20,549.4691772460938,555.9454047851077,537.4419268648772,538.2829940430695,13322913
2020-04-21,532.5636596679688,543.7498410261695,528.0218771208939,528.0218771208939,11660575
2020-04-22,539.8388671875,542.488248937103,528.2321521283357,532.5636679831699,8266728
2020-04-23,571.3369140625,574.995587025574,536.6849366494273,544.2124980318446,14451289
2020-04-24,553.4221801757812,567.7203216088942,550.7307550508507,562.2954282688096,7319940
2020-04-27,558.9733276367188,572.7668523986928,555.9875488786681,555.9875488786681,7183306
2020-04-28,555.6930541992188,569.4024379327346,549.2588702234253,566.0381694663669,7296571
2020-04-29,569.0240478515625,573.6078747126079,553.4222603532199,560.1507984730159,8639056
2020-04-30,601.783447265625,605.5682488207547,587.1488607185942,588.7469085757338,16253821
2020-05-04,566.6268920898438,589.7562363827487,563.8092866206395,580.1680513056442,9122740
2020-05-05,566.6268920898438,576.6355593648868,563.5149336816846,573.397471697744,6393053
2020-05-06,560.0665893554688,573.1451721883653,558.5105844559789,569.318327239592,7934250
2020-05-07,559.267578125,567.1735780601467,557.1649103760788,559.7721978508764,4779548
2020-05-08,567.04736328125,572.6825222654694,562.2532712697603,565.4072724174964,8400321
2020-05-11,574.3648071289062,587.5274779099074,570.243557345785,574.028359717549,7370186
2020-05-12,578.35986328125,581.1774177829448,568.1408765736312,570.6640780980144,7356039
2020-05-13,583.8268432617188,588.6629798758297,575.0797234605891,584.3735061651205,8287101
2020-05-14,553.5484008789062,564.9868943201093,548.8804368286982,554.2632874684809,16888262
2020-05-15,548.6280517578125,559.1413903678222,543.9180965943926,559.1413903678222,9255353
2020-05-18,558.3844604492188,563.9775257855467,549.2168086529995,554.9780976739177,10435442
2020-05-19,562.3374633789062,567.552089859209,550.8989709286053,558.4685751093036,5902208
2020-05-20,563.136474609375,566.0381664128967,554.8099410008298,562.25336440865,5794636
2020-05-21,565.3653564453125,571.4630933685396,559.6461100118395,560.5712633559801,7213225
2020-05-22,582.3126831054688,585.2564174345474,566.458591609863,567.720192036611,11867731
2020-05-26,572.3882446289062,588.2844344633843,571.0846007997575,582.8595410224328,7099606
2020-05-27,593.330810546875,596.484812249405,567.7203064553988,577.0140878719212,8774636
2020-05-28,594.9710083007812,597.1577626724735,580.3364172450798,594.6345608583645,9440091
2020-05-29,589.0884399414062,597.4430846887359,575.4055712438106,590.3672136894701,28290128
2020-06-01,596.3775634765625,602.4304583583724,589.5148200132496,595.6955610762953,12276438
2020-06-02,603.6665649414062,606.693038399021,594.6725314563955,597.1874640887264,7059304
2020-06-03,598.0824584960938,606.9060283850225,593.3510061383159,605.8829990022348,11378568
2020-06-04,603.3682250976562,604.8175127670321,594.6299357196965,598.4662578856301,10782424
2020-06-05,599.7875366210938,606.735561852459,597.2726043698574,602.728726812084,7718679
2020-06-08,614.5360717773438,618.7560359307533,600.1711995336993,603.2829034128403,10719105
2020-06-09,611.765380859375,621.995571522799,609.5914757500856,613.811439805436,10078029
2020-06-10,610.2735595703125,613.3426483993511,604.6043593738111,609.5489417815735,7263049
2020-06-11,600.128662109375,608.1849488973281,596.9743424317145,606.9914056570949,8825715
2020-06-12,589.983642578125,592.6264731974438,575.8745142565444,576.1302586304287,9795316
2020-06-15,586.1473388671875,600.5122640371706,584.1865625626119,590.793561263612,7857344
2020-06-16,597.7841186523438,606.9912793367189,596.0364715834129,598.4661209190683,10131760
2020-06-17,599.8728637695312,605.5420635672415,595.0561278809,596.6759289850708,7291916
2020-06-18,608.6112670898438,610.9130189424848,601.8763690589473,603.7519148933004,6670195
2020-06-19,601.4925537109375,606.9060606338522,597.6136169604639,604.4337438301982,22438862
2020-06-22,599.9154663085938,604.1780459298948,596.7611469821425,602.8139892310129,7804096
2020-06-23,614.3656005859375,617.6477659685293,590.026230155318,593.0953185975864,12157390
2020-06-24,608.8242797851562,619.6085752135434,604.7748290673575,611.1686986217766,10220838
2020-06-25,597.1874389648438,601.5352496128797,591.2198271550594,600.8958626332601,14945284
2020-06-26,637.8524780273438,640.7510011910102,605.2863566034009,605.4568702091336,26030458
2020-06-29,623.8284912109375,634.8685821932067,622.4218192045339,626.9401949664656,8954428
2020-06-30,627.4091796875,629.9667277652803,617.4347317774669,624.7237333924511,10411290
2020-07-01,623.95654296875,632.8226790261972,622.123612573959,628.5174832067848,5477468
2020-07-02,645.0136108398438,652.5584089646596,626.9403125365895,628.6026771769775,17263756
2020-07-03,650.2139282226562,651.3221885556562,641.5182550891772,643.6495449731943,7796572
2020-07-06,651.3222045898438,660.6998803103781,649.1909146533586,652.3452341660457,8810958
2020-07-07,677.0255126953125,679.4125467730032,652.6435270990934,655.9257444851785,19362533
2020-07-08,660.444091796875,669.1397645634188,658.3128020027929,669.1397645634188,8476642
2020-07-09,666.411865234375,673.4877386642835,660.699996790911,664.9625774153685,6854166
2020-07-10,666.5396118164062,673.4024072228784,659.4211240508266,659.4211240508266,5206452
2020-07-13,679.4978637695312,686.573736125106,670.1201878195426,671.7826044173664,10804688
2020-07-14,667.733154296875,687.4689204303594,666.1133530900535,676.0025698700881,8961822
2020-07-15,708.3981323242188,723.3171613073787,677.5796602113422,681.1602375739893,30060599
2020-07-16,776.64208984375,814.5790525199815,762.3624465892135,767.349644464732,90432109
2020-07-17,769.9498901367188,784.2295339513297,760.5722136017504,776.6421203051116,31682878
2020-07-20,796.5056762695312,805.6276077373739,773.0188712337183,774.5107742110097,18421053
2020-07-21,798.5942993164062,809.6343910427079,792.1578144363707,805.627555755542,12877784
2020-07-22,782.5244140625,800.5124798572022,775.7895172205048,800.4698644662415,14354201
2020-07-23,774.0418701171875,780.7340995364518,767.8185140654958,780.6062533635381,13051307
2020-07-24,786.744384765625,789.2167020260749,770.0350916608719,770.0350916608719,18209580
2020-07-27,808.5687866210938,812.2772102977073,783.1638209814028,785.6360860879965,16827870
2020-07-28,820.8450317382812,824.8518674521246,802.3880910647601,806.4801575675039,15818463
2020-07-29,813.4280395507812,818.4152365853474,804.4339554803054,812.6607544531067,11152710
2020-07-30,819.651611328125,829.1998020149342,817.3498074610486,820.1204847744759,12492320
2020-07-31,823.5303955078125,840.9643568338954,812.7034326964146,826.3010723042933,12704346
2020-08-03,815.7726440429688,823.0190306010745,807.7163568157961,818.4154230331327,8479792
2020-08-04,809.7622680664062,827.5372571462865,801.8338800032506,818.7989685101674,11133170
2020-08-05,805.3718872070312,819.2252724065713,799.915763915064,811.5952436899812,9614176
2020-08-06,827.6651000976562,830.6915733865991,803.4962934115978,812.8739689845713,10976491
2020-08-07,810.657470703125,826.4716318133721,809.0376695187394,826.4716318133721,8010948
2020-08-10,811.0410766601562,815.68729927185,805.8833652612906,808.9524540846645,5716319
2020-08-11,808.5687866210938,820.1203676717353,806.5653428604561,809.8049451911135,6802442
2020-08-12,814.110107421875,817.3922729779498,803.2405291853771,808.1851112313698,6908726
2020-08-13,810.9132080078125,825.6617240082926,808.398275468109,813.9822447126891,5097703
2020-08-14,812.9591674804688,820.9728380106686,811.6377781998088,814.8773283169422,4663873
2020-08-17,816.2841186523438,829.0292440186709,813.3855432662033,813.3855432662033,9008210
2020-08-18,824.8518676757812,826.2585399271599,817.307121685347,821.7402154117917,6141761
2020-08-19,817.8185424804688,828.2618628941742,816.2414087823889,827.7077587453504,6622744
2020-08-20,814.2807006835938,823.1042207137014,810.998482772952,817.4776357718137,5656501
2020-08-21,808.8671875,821.3565679775162,806.9490264594328,821.0155407569249,6513773
2020-08-24,807.6737060546875,811.595258971633,800.683064215679,807.3326788299753,5798574
2020-08-25,799.7452392578125,808.7393246898694,795.9089172555522,807.7589104759129,6233918
2020-08-26,810.5721435546875,813.5133339478789,800.0009771421063,802.4306267523615,5153601
2020-08-27,807.3751831054688,819.2251750817397,805.7980494834962,818.4152745596017,6154280
2020-08-28,797.3155517578125,812.0214520709077,795.4400062387288,811.1263207194082,7593610
2020-08-31,791.6461791992188,810.3162966960695,779.7109575750789,797.31543028406,12808355
2020-09-01,779.3275756835938,797.1025146897659,777.579876136925,789.6429991779634,6907773
2020-09-02,787.7247924804688,789.7708517158751,778.7733743840998,780.0521483978669,5678118
2020-09-03,797.5713500976562,809.3787281650184,787.7248004981194,789.8560905427571,8827948
2020-09-04,783.5901489257812,792.4136692384016,779.583313080231,780.0521865014927,8650342
2020-09-07,788.6199340820312,790.7512241325386,778.3897418395961,783.3769917778524,6700385
2020-09-08,800.7682495117188,811.5952128631155,789.0461547881181,792.7972459130488,12891964
2020-09-09,790.921630859375,806.4800461255389,789.4297280256333,797.1023711705908,5528947
2020-09-10,801.4075927734375,803.0700092502301,788.406724789291,797.358142089851,5171884
2020-09-11,806.2244873046875,813.428258766457,793.6924902104632,797.0173238184964,6671903
2020-09-14,834.1016235351562,844.885919046928,808.4408623049452,815.8577614521076,21871587
2020-09-15,837.5543212890625,847.4008702906807,828.3471592620098,835.0393887824163,11608203
2020-09-16,854.0078735351562,857.3327066338223,837.1706831160703,840.5807469984169,10059251
2020-09-17,861.8936157226562,870.4187751264412,848.2533606766004,848.2533606766004,15628241
2020-09-18,854.348876953125,868.5432362481778,851.748661688465,861.8936222694053,12897633
2020-09-21,860.955810546875,878.943874854181,852.9421404380291,853.3683983792776,14140637
2020-09-22,858.9097900390625,871.6975288485771,845.0137909394118,860.188563920014,12625762
2020-09-23,869.3532104492188,884.05911177822,859.4213780136444,869.6942376702272,13486204
2020-09-24,831.5440673828125,860.1885821084272,826.9404605006685,855.0734864764644,14427432
2020-09-25,862.2772827148438,865.2184731991076,831.2030654016025,831.885067766525,13311078
2020-09-28,861.382080078125,866.2840464684381,851.2371201265356,865.1331187915175,8554526
2020-09-29,860.1885986328125,876.3864017785245,856.0112496397511,867.8612422281498,8708463
2020-09-30,859.54931640625,872.9338289379866,856.7786392147594,860.1887034504401,8048817
2020-10-01,867.5629272460938,875.1076730243029,862.5330620383229,870.0778078165321,5563358
2020-10-05,894.0335083007812,899.3191700634624,867.9039235150535,867.9039235150535,14212509
2020-10-06,900.0436401367188,903.6668326260212,879.2422318553475,899.4042532268419,9090819
2020-10-07,909.2509155273438,913.8970857638473,882.7802540190894,890.7939246516647,9284008
2020-10-08,932.3966674804688,958.2279427964896,927.8783953148898,929.2424000428591,21482613
2020-10-09,943.5647583007812,949.1061123470237,927.9210063167188,933.5902585774076,10567867
2020-10-12,965.1334228515625,971.8683206236509,948.0831014371125,957.3755474213684,14633537
2020-10-13,987.0430908203125,994.0763479941307,968.0746093515298,968.0746093515298,17523825
2020-10-14,969.310546875,993.095760527261,964.2806824146915,990.6234436840368,16649573
2020-10-15,944.8008422851562,1011.0839602528268,931.3737154942777,1005.9688643324922,44288251
2020-10-16,961.211669921875,968.4153875952021,935.1247043941344,949.5748071622162,18365685
2020-10-19,959.8477172851562,971.0156552814246,950.8110691380568,967.6055915227543,12902123
2020-10-20,969.7368774414062,975.8749505553797,946.2926891955701,953.8801018412363,10448776
2020-10-21,978.9867553710938,984.1018515152196,967.6056872637935,972.8486816249018,19811433
2020-10-22,962.5332641601562,987.2135615727149,958.0575550079483,973.5733051088432,11271335
2020-10-23,967.229248046875,978.0001750852589,965.2043348006257,976.2768267591174,9069862
2020-10-26,958.5693359375,973.3470681820671,950.5558297055002,967.0137844157754,6309368
2020-10-27,939.957275390625,956.1998129434361,928.1523809828644,952.7531161604592,10172479
2020-10-28,927.635498046875,951.9346709266639,922.0346151674694,943.9641837521251,7608392
2020-10-29,926.17041015625,932.3314011732425,913.4607168408107,921.9913116962749,6935616
2020-10-30,913.8915405273438,933.7100450681501,906.7827291159676,923.7146464236655,8800386
2020-11-02,923.9733276367188,930.5650514106525,905.7057706771407,917.6830636243235,7183119
2020-11-03,915.5718994140625,930.0910876342429,911.2204029336852,923.7146779620905,7204782
2020-11-04,942.62841796875,961.6283755268847,919.2340483571605,920.2680152891693,15702690
2020-11-05,951.2883911132812,967.6602021922236,946.9800197767174,956.372290327396,9568890
2020-11-06,958.8280029296875,966.0229617394616,940.6897182480938,954.7350503222591,8807127
2020-11-09,979.3358154296875,987.4785942243576,966.0660122364769,973.0886777262612,10160320
2020-11-10,940.1297607421875,959.7758711207026,928.8848693683806,959.7758711207026,15622869
2020-11-11,967.229248046875,970.5466725377303,936.6398152578646,944.394882725501,12514800
2020-11-12,963.1363525390625,984.0319522251034,959.6896556836331,972.0546596155181,9180976
2020-11-13,968.6940307617188,976.2768053040325,962.4900189978855,965.075041430288,6363212
2020-11-14,976.6646118164062,982.0070551418073,974.6396984172352,979.723597400256,1136144
2020-11-17,968.2633666992188,986.6170713226549,958.7419288161421,986.4016527481302,12813968
2020-11-18,956.932373046875,976.018373389613,949.0910532843459,972.3993836414027,9839468
2020-11-19,945.041259765625,960.5082709059944,942.4993627319201,947.8417011554023,10092343
2020-11-20,950.7281494140625,955.5966293834152,940.1726411093314,953.0116069414402,8063554
2020-11-23,982.1793823242188,986.4447330138761,949.5219068964183,952.1500554582732,10546363
2020-11-24,982.3515625,995.1474013624497,976.5782831381923,986.616807059209,8515426
2020-11-25,961.3268432617188,985.3244487195828,957.5354557408277,979.7235664137872,8958701
2020-11-26,959.2155151367188,965.0318150030248,946.3766558759891,965.0318150030248,10962256
2020-11-27,947.841552734375,965.9367096502131,940.08648548473,963.3516872336647,25306145
2020-12-01,980.4559936523438,982.5240328246149,952.1931422474431,952.1931422474431,8933802
2020-12-02,983.0842895507812,988.7281934472868,965.9369489034804,977.1387154830925,6741637
2020-12-03,970.6329345703125,988.3403828052343,967.4016560737828,988.3403828052343,16212632
2020-12-04,977.6986694335938,979.723582802594,960.7667500658683,969.3834922189254,10564055
2020-12-07,985.3243408203125,993.5102448323746,978.8617850213161,988.5987444990683,7792141
2020-12-08,993.8118286132812,1005.573701427874,986.6168707240066,986.6168707240066,12308330
2020-12-09,1012.639404296875,1016.3446451619873,996.9569770686047,1006.4785183617317,10039346
2020-12-10,1006.2199096679688,1009.5804596261112,990.9251947061991,997.3016039525778,9488782
2020-12-11,1002.29931640625,1009.8389651224653,995.4490490751641,999.2834569197639,10574009
2020-12-14,1003.4625854492188,1010.3989986374711,989.3741301844598,1007.6416836732305,6728187
2020-12-15,994.888916015625,1002.730129455689,992.648584344868,996.0952808182877,6905926
2020-12-16,1004.4534301757812,1007.210850334972,994.0271948738754,999.5419300074329,7788404
2020-12-17,998.8526611328125,1007.2109637374213,996.2676386089855,1004.6259412135943,6658153
2020-12-18,1025.219970703125,1029.7006343182745,1012.9841343643415,1019.2312721039293,15995676
2020-12-21,1014.44921875,1042.4105083528939,992.691942175575,1023.6690918976961,10858352
2020-12-22,1051.6734619140625,1054.5600497238047,1013.415102729625,1018.4990020339384,10901851
2020-12-23,1079.720947265625,1084.7185947409778,1060.3332768878963,1066.7527078945845,15878346
2020-12-24,1065.0723876953125,1077.0065537760643,1056.4125203121318,1077.0065537760643,7313885
2020-12-28,1068.7344970703125,1075.3693459932929,1065.0292561279728,1067.1403157348757,4607051
2020-12-29,1077.351318359375,1080.9271822212474,1064.1676607314378,1064.1676607314378,6878105
2020-12-30,1074.3353271484375,1079.9362088880785,1066.8818250271804,1079.6776645800098,5194690
2020-12-31,1082.0904541015625,1084.3307858845285,1067.6142861142157,1071.0609827602664,7430470
2021-01-01,1086.0972900390625,1090.4487871704575,1082.0905888370053,1083.9000837645226,4253550
2021-01-04,1110.0517578125,1111.5596876212885,1086.7004086676557,1093.4645299158258,7208454
2021-01-05,1114.8341064453125,1119.3147701487244,1098.677715421226,1104.6663089535523,8145280
2021-01-06,1104.7525634765625,1121.8999025322664,1092.6461030616813,1120.17655398767,7161715
2021-01-07,1087.5621337890625,1118.151568485968,1081.8319792102795,1116.7297849912563,10954918
2021-01-08,1130.602783203125,1134.6527153635936,1101.4351303405995,1101.4351303405995,13186251
2021-01-11,1185.8359375,1191.9969287839901,1154.6433749666262,1156.4528696665475,20528626
2021-01-12,1182.00146484375,1187.386928051531,1171.876794013122,1187.386928051531,8309868
2021-01-13,1195.271240234375,1200.13971990124,1171.8767675510776,1183.81093271307,14442997
2021-01-14,1180.924560546875,1192.5571629309559,1136.0743737254254,1171.8769809148123,27521697
2021-01-15,1158.90869140625,1175.7113385699836,1154.6434461232384,1171.8769303937345,15018441
2021-01-18,1130.559814453125,1154.6435692146695,1125.3466428316106,1152.9202206039013,8861765
2021-01-19,1134.5234375,1146.8884421161995,1130.5166311468472,1137.410025239206,5585744
2021-01-20,1154.16943359375,1161.8814805840243,1137.883875806407,1137.883875806407,8225838
2021-01-21,1154.385009765625,1172.781840093079,1150.3351826571766,1163.260297069055,6142421
2021-01-22,1155.3759765625,1168.4303633850782,1143.0540970506927,1143.441808415928,9646591
2021-01-25,1141.804443359375,1161.4506568831903,1131.3782067409234,1158.951780705668,6542611
2021-01-27,1121.0379638671875,1143.9154524750704,1107.337325131923,1137.0650805150267,8133665
2021-01-28,1099.6685791015625,1117.1174817647845,1096.5235523990264,1113.1107808566571,4660690
2021-01-29,1067.6572265625,1112.5504215473718,1060.7207086924936,1108.328197851925,12183519
2021-02-01,1086.4849853515625,1101.176466884617,1069.3376482785413,1077.566678701436,8880279
2021-02-02,1095.403564453125,1115.3513475487719,1088.811734355727,1102.9432153392331,6892490
2021-02-03,1106.9498291015625,1123.6232045430509,1096.911303208055,1100.918109445273,8182968
2021-02-04,1102.3828125,1114.4893764883388,1096.0926542603552,1107.251292527457,5032240
2021-02-05,1096.1356201171875,1110.4825151618702,1087.4327325969195,1108.4576020295785,5477481
2021-02-08,1123.2353515625,1128.7931076138423,1099.0653501995846,1107.6820914790796,6921922
2021-02-09,1124.958740234375,1147.7499796635198,1118.3237860998943,1126.1219793119321,7965949
2021-02-10,1117.1607666015625,1123.924889041508,1106.0451467299135,1116.5576366457155,5951207
2021-02-11,1113.84326171875,1116.7298494747902,1105.5712097966468,1110.6981296088,4673317
2021-02-12,1128.6209716796875,1140.641285360827,1121.5121591363622,1124.484893216906,5797875
2021-02-15,1128.49169921875,1144.648091358565,1126.2943878137974,1137.410006642959,4363513
2021-02-16,1111.904296875,1137.1944110642016,1108.1129097393925,1132.2397849125675,6896421
2021-02-17,1104.0631103515625,1115.4371668503802,1098.6345212315448,1111.9043239367195,4575741
2021-02-18,1113.6707763671875,1125.3465038369814,1098.6346036693349,1099.4962778682911,6437551
2021-02-19,1112.679931640625,1119.7456179756161,1100.1856557955718,1116.8159046715325,5389696
2021-02-22,1090.1903076171875,1127.5439735379998,1085.7096432270175,1115.8682444277679,7371303
2021-02-23,1091.1812744140625,1112.4215678345515,1083.5986033677766,1095.3173533010224,6612942
2021-02-24,1098.0313720703125,1100.0131594333943,1078.8159971399741,1085.7525158728329,4537258
2021-02-25,1098.2467041015625,1119.9608481192715,1096.049393196933,1110.2238892661567,8788221
2021-02-26,1079.9364013671875,1098.031560981931,1072.5690443072458,1093.4646452909378,15132388
2021-03-01,1091.7413330078125,1106.8206331874785,1084.8479386399652,1088.5531801866234,5756286
2021-03-02,1124.053955078125,1128.793163014445,1102.2535564971179,1104.8817047902842,10461434
2021-03-03,1157.702392578125,1160.6751264405077,1127.0698332473528,1136.7205420391444,9056399
2021-03-04,1146.328369140625,1175.194457817251,1142.4939606291623,1150.3351756207683,12041941
2021-03-05,1134.56640625,1154.6434577003683,1124.5279857096573,1144.7342041454772,6486176
2021-03-08,1150.981201171875,1159.899507241126,1134.997104236077,1141.5459116696643,5119392
2021-03-09,1159.4256591796875,1163.6477782378126,1136.332750591368,1145.5957474208333,6518173
2021-03-10,1178.8997802734375,1183.9405541723527,1167.5687415600714,1169.2059438582708,7925984
2021-03-12,1184.6727294921875,1199.1919184391575,1180.5367565245792,1183.0786532905622,9462061
2021-03-15,1183.595703125,1189.0242928563487,1170.5844432688077,1180.493696929162,6658635
2021-03-16,1192.5570068359375,1211.513837869457,1189.5411473533322,1194.323480892539,9352771
2021-03-17,1195.1419677734375,1206.343730989771,1190.8335973056169,1199.6657567646491,7626744
2021-03-18,1152.14453125,1200.9583948470276,1131.8090415293782,1200.9583948470276,10961755
2021-03-19,1158.477783203125,1167.740780430042,1135.6865437280399,1146.026633655761,12767112
2021-03-22,1181.18310546875,1185.6637695004824,1151.2829458450037,1163.3463853602702,4862758
2021-03-23,1181.8294677734375,1191.9110153467443,1171.5323964330696,1182.604890521496,7165335
2021-03-24,1166.491455078125,1180.8813722284217,1160.028898540296,1170.0242982818368,6134303
2021-03-25,1149.301025390625,1165.4142899503865,1143.9585825402114,1160.4596635790633,8749994
2021-03-26,1151.368896484375,1169.033215628549,1147.7499073190118,1158.6931263734227,4922071
2021-03-30,1193.677490234375,1206.3440607988207,1151.326175920074,1160.5891749583507,10546381
2021-03-31,1178.8133544921875,1196.0037115869577,1174.7204023091629,1190.83366672419,8220987
2021-04-01,1193.591064453125,1199.1058003917483,1181.3553328390126,1189.1104006694657,5675155
2021-04-05,1214.8743896484375,1227.88564811075,1195.1420308277966,1198.588727383897,9479572
2021-04-06,1215.86572265625,1228.7477130579111,1211.9019362081713,1226.162689818659,5793571
2021-04-07,1232.3662109375,1236.4591627636812,1212.0307239538593,1215.1758553414684,5879234
2021-04-08,1240.6815185546875,1250.8923363163185,1224.4389816715218,1232.1940491134949,5654434
2021-04-09,1241.7156982421875,1253.7360117447722,1232.23728165855,1253.7360117447722,6052712
2021-04-12,1228.5318603515625,1273.1666212515227,1219.2688636839985,1270.107636092024,20384532
2021-04-13,1203.8883056640625,1236.7180764492239,1184.8021983053009,1234.7793092156335,14855206
2021-04-15,1172.523193359375,1177.3916737330917,1137.4099689394636,1148.0086039057906,25342491
2021-04-16,1166.491455078125,1181.226062947407,1160.3304634750934,1176.1852898848683,10879878
2021-04-19,1174.0743408203125,1188.8519706818274,1148.0517142642886,1154.6435435911633,12508028
2021-04-20,1164.42333984375,1188.248651092987,1156.7113982865865,1188.248651092987,8560766
2021-04-22,1164.2078857421875,1176.0128843300108,1159.0809667878193,1168.04239869778,6622446
2021-04-23,1149.301025390625,1161.8814469660617,1146.8882956923953,1157.228385510809,7316262
2021-04-26,1157.702392578125,1164.380367507534,1138.271597645071,1147.9654322200197,7088606
2021-04-27,1161.967529296875,1165.8450627650514,1154.772571565113,1159.813344036777,3636115
2021-04-28,1168.4302978515625,1171.446157764896,1158.607190239735,1170.1536463734674,4879234
2021-04-29,1168.731689453125,1179.6318882743649,1164.4664445679937,1178.7702141412208,5412357
2021-04-30,1167.0084228515625,1183.8541954072941,1159.7273179909107,1160.0720087052553,8354677
2021-05-03,1165.026611328125,1172.7385531266991,1152.920047085616,1155.3327768515082,4560337
2021-05-04,1145.5096435546875,1167.5253551205797,1140.9427284558226,1166.706806746648,4887060
2021-05-05,1155.935791015625,1158.003829867303,1144.1308980639017,1155.5911003428744,3939788
2021-05-06,1173.255615234375,1175.9267843211148,1152.4031408587186,1158.9518439960027,4810090
2021-05-07,1165.45751953125,1183.1218412109477,1161.9676968327874,1176.4438659417935,4991435
2021-05-10,1154.2557373046875,1165.7590670432264,1150.3782033354155,1163.130918612339,7195348
2021-05-11,1146.586669921875,1155.5049758799562,1141.804336560745,1151.972133083135,6420988
2021-05-12,1143.4417724609375,1146.0267953074956,1132.6708439336114,1146.0267953074956,5241898
2021-05-14,1134.307861328125,1143.3123140362059,1129.913344241812,1143.3123140362059,4824609
2021-05-17,1145.5096435546875,1150.2918720076307,1137.6684297752622,1137.6684297752622,5017129
2021-05-18,1154.6435546875,1158.6072354054272,1145.5959745947994,1152.9202060984142,5620150
2021-05-19,1152.0584716796875,1169.6796680095263,1148.827193243787,1156.3668429275547,4435878
2021-05-20,1154.0401611328125,1162.4845041794445,1150.334920438742,1161.88137438498,4490092
2021-05-21,1167.1375732421875,1169.7225955528013,1160.1149082613877,1161.1058545174217,4969733
2021-05-24,1161.5799560546875,1174.461943366911,1159.037954034809,1168.9903331930352,4225371
2021-05-25,1173.255615234375,1178.770351365451,1167.0946234282085,1170.1536090309082,4099340
2021-05-26,1203.97412109375,1206.3437248389694,1173.6432352288718,1178.6840076135552,6850024
2021-05-27,1208.282470703125,1220.3459077434843,1199.1917671452106,1209.9626930741028,15365391
2021-05-28,1210.6953125,1218.4072541065857,1202.983265708581,1214.745138951032,4261312
2021-05-31,1213.918212890625,1220.6682513838284,1204.5552562710202,1220.6682513838284,4429904
2021-06-01,1208.212890625,1220.232352470648,1200.7661402744382,1219.361380056322,4791325
2021-06-02,1200.766357421875,1212.3502288353206,1188.8775605523726,1202.595378558746,9272276
2021-06-03,1210.3470458984375,1218.4906181150707,1199.3728128462976,1208.9969958950846,5115645
2021-06-04,1206.863037109375,1216.6614775007154,1199.895257275533,1214.0920448950565,4194328
2021-06-07,1210.3470458984375,1212.3938101616714,1199.5905559874905,1211.5228375969002,5154576
2021-06-08,1230.640869140625,1238.3054716478418,1215.486028783035,1215.8779239812816,7360630
2021-06-09,1232.687255859375,1241.1356454442755,1223.3677875718358,1231.0323870681418,5394317
2021-06-10,1240.526123046875,1244.6196510998668,1235.90992645956,1240.2647887797134,3496575
2021-06-11,1260.2100830078125,1264.3036110722962,1245.011549675881,1245.5777030430665,6140828
2021-06-14,1273.1876220703125,1286.4263613244386,1265.9149167591186,1281.2005264104598,7132294
2021-06-15,1283.726318359375,1285.5553392447312,1274.2326973679144,1275.103669819977,5403104
2021-06-16,1289.56201171875,1297.2700979732745,1278.1522919101415,1282.681306907179,7661710
2021-06-17,1302.365234375,1308.7668610479423,1284.7715259128947,1284.7715259128947,7677951
2021-06-18,1309.3328857421875,1320.2200410273454,1295.4844029554913,1314.2973860242691,13533974
2021-06-21,1306.719970703125,1311.5103190367672,1292.6972296160168,1300.3618294777948,5454052
2021-06-22,1316.77978515625,1325.141100097342,1308.2878030729764,1314.9071729713455,6427862
2021-06-23,1309.2025146484375,1328.2332451261002,1305.2831378595408,1328.2332451261002,5529809
2021-06-24,1358.020263671875,1366.3380934780537,1316.2135841582835,1321.2652671274627,10785137
2021-06-25,1371.0849609375,1374.3946991922826,1343.9106596031002,1369.168863834137,9780240
2021-06-28,1368.9947509765625,1376.267350793857,1359.2397942372882,1369.9527995556255,5019178
2021-06-29,1361.37353515625,1370.6058218938479,1358.0202061563784,1359.5879990996918,5913567
2021-06-30,1376.8333740234375,1385.7172510180376,1369.2123646290893,1369.2123646290893,6058722
2021-07-01,1359.0655517578125,1373.3930072922922,1357.8897601108913,1373.3930072922922,4814317
2021-07-02,1365.5108642578125,1366.9478839702683,1343.5622912761874,1357.8026718078984,5166064
2021-07-05,1375.2220458984375,1380.491472279574,1359.6317225292362,1366.6865788207563,4058338
2021-07-06,1360.6334228515625,1382.0158438042245,1356.1914836281308,1370.649608264355,4089574
2021-07-07,1362.7236328125,1367.9059832858584,1345.347772938037,1363.9866068041097,4797120
2021-07-08,1359.3702392578125,1372.6525690022825,1349.1363130612535,1365.6847894641999,3326813
2021-07-09,1361.2430419921875,1367.3398499422146,1350.8784472131626,1355.2333100346107,3436594
2021-07-12,1348.1348876953125,1374.3947322658926,1335.8541955721248,1367.9060290680072,4588982
2021-07-13,1345.609130859375,1355.5818313290629,1338.0753026172606,1355.5818313290629,4456160
2021-07-14,1373.4365234375,1378.5752823277203,1339.6427487234016,1353.4912324038655,5657716
2021-07-15,1376.8333740234375,1390.812418891996,1355.2332134406452,1356.8880824588236,10021355
2021-07-16,1354.7540283203125,1371.4767628250784,1349.6588608514694,1370.6928663714386,6265593
2021-07-19,1342.7783203125,1352.5332765373414,1339.1638693330044,1345.3912379284575,5669162
2021-07-20,1350.0509033203125,1356.7137575793088,1339.5556426558176,1339.816976921609,5069939
2021-07-22,1385.020263671875,1387.3283617887168,1359.9363224213166,1359.9363224213166,7854575
2021-07-23,1385.2384033203125,1392.2497756537243,1380.5352360843801,1383.5836403476194,4179719
2021-07-26,1396.952880859375,1403.7029180573702,1388.4173074229864,1388.4173074229864,4586710
2021-07-27,1395.7769775390625,1401.6560417250942,1391.7269342802642,1397.9108175675212,5892859
2021-07-28,1398.4334716796875,1400.1754167381625,1380.9269451059924,1397.9979854150688,4686788
2021-07-29,1408.362548828125,1410.9754663584183,1393.643092143495,1393.643092143495,4660873
2021-07-30,1402.701171875,1413.9367380735853,1398.9124628703291,1402.2656856372244,6234257
2021-08-02,1421.0350341796875,1423.8221032776687,1410.2784401924682,1417.4639623530684,5553389
2021-08-03,1441.6337890625,1444.6387082912352,1424.5627475551084,1434.4918563493748,5513668
2021-08-04,1436.451416015625,1463.146744783546,1427.5675389174712,1453.7401991220645,6740391
2021-08-05,1440.1966552734375,1451.0402206367958,1434.5353338843984,1436.6691740338504,5420536
2021-08-06,1437.27880859375,1446.380535210929,1431.8788215028985,1443.201464252009,3754855
2021-08-09,1448.6884765625,1452.3029270691816,1433.9690213207793,1446.6851974576966,5018477
2021-08-10,1460.838623046875,1463.233797417648,1446.7289110997303,1452.7821274360933,6846517
2021-08-11,1461.0999755859375,1466.7177057432823,1452.7821455937024,1458.7048011852285,4899639
2021-08-12,1471.5950927734375,1477.6048241977232,1458.0079432401938,1462.4934728122273,5659579
2021-08-13,1491.2789306640625,1500.2499890919528,1473.0756921948412,1478.0401924464695,5612790
2021-08-16,1484.485595703125,1498.0291547007535,1472.030646043933,1487.3597412491697,4564109
2021-08-17,1516.9293212890625,1523.2438721030503,1468.9387563667328,1484.0501084300226,9510390
2021-08-18,1509.787109375,1528.9920938969278,1504.1693797550522,1505.9113246071138,6686090
2021-08-20,1509.351806640625,1519.8470681780625,1494.6759407419665,1494.6759407419665,6206972
2021-08-23,1514.4033203125,1526.9453446318312,1508.524256380302,1511.7904030093007,6189051
2021-08-24,1498.81298828125,1530.298665061431,1491.7145412231635,1524.2018576309072,7602939
2021-08-25,1511.6163330078125,1521.5018494102508,1496.3307234273852,1496.3307234273852,6153253
2021-08-26,1504.779296875,1520.718137753988,1498.072850479301,1510.2664667041324,5302248
2021-08-27,1488.3177490234375,1504.7790430948553,1485.1821631813789,1502.4274600331892,6698514
2021-08-30,1478.954833984375,1496.896845466197,1472.2918733754789,1483.3096963013163,6559667
2021-08-31,1486.2711181640625,1493.7179762587919,1468.3291042613178,1480.7840546962734,12255438
2021-09-01,1461.2744140625,1488.927796656143,1457.2679609979537,1488.927796656143,7801974
2021-09-02,1471.15966796875,1475.688788882233,1448.1224872534362,1460.9257408190936,6830050
2021-09-03,1481.2193603515625,1485.835450675509,1467.0660576377923,1477.2129082319484,5339139
2021-09-06,1507.1307373046875,1508.5242719501346,1480.0870004095007,1485.1386831091097,4876026
2021-09-07,1486.4454345703125,1511.0504109426818,1484.1373358767123,1506.7826238654413,3520341
2021-09-08,1474.77392578125,1481.3932943509915,1465.8028680839268,1481.3932943509915,4584896
2021-09-09,1473.3372802734375,1476.211532481626,1465.1066314443817,1468.3727788082772,3331674
2021-09-13,1473.5982666015625,1481.9595806146374,1459.0529633172687,1465.8465907578222,4662374
2021-09-14,1468.5902099609375,1477.1256761332663,1462.0143254707277,1477.1256761332663,4945167
2021-09-15,1490.6258544921875,1493.8049254065334,1472.117688719493,1474.7741973936459,4062344
2021-09-16,1482.613037109375,1497.4195705979105,1473.2064909534074,1493.8920892094495,3246568
2021-09-17,1473.075927734375,1496.3308524712506,1467.1096806648243,1478.0404287798092,7454864
2021-09-20,1470.07080078125,1487.3595823241576,1461.4481524246728,1467.5885506094764,5660743
2021-09-21,1496.7225341796875,1503.951647897765,1467.2837297515794,1480.6531353271757,4672222
2021-09-22,1495.3726806640625,1514.5340753328271,1492.0194578610053,1495.4597566485802,4553892
2021-09-23,1517.7132568359375,1519.8470970516926,1499.030831879671,1508.5244539217945,3826090
2021-09-24,1536.2647705078125,1557.2987769299875,1526.335663082202,1531.169602820424,8280446
2021-09-27,1499.074462890625,1540.7504791781873,1496.4179540192567,1540.5327360352849,5045337
2021-09-28,1469.4176025390625,1489.3628929542976,1458.8788571335956,1489.3628929542976,6557197
2021-09-29,1473.9031982421875,1481.872617800693,1441.4594729447897,1445.1611060324121,7792548
2021-09-30,1459.052978515625,1483.2660547022504,1454.6110403673977,1483.2660547022504,6914031
2021-10-01,1450.2999267578125,1462.3192838563787,1446.9031126334762,1450.2563356034423,5733906
2021-10-04,1462.1451416015625,1470.2016375418839,1450.517679535455,1456.7015632635075,2947154
2021-10-05,1474.38232421875,1483.2226102398492,1448.4273005977032,1455.3950807569224,4373310
2021-10-06,1457.6162109375,1488.4921465220082,1454.5242157353737,1482.4824144265476,4271698
2021-10-07,1472.8145751953125,1484.3113702738483,1460.3161404249604,1469.330685011527,5476108
2021-10-08,1501.4259033203125,1508.0888641225727,1479.2596960117546,1485.2258362951297,4738376
2021-10-11,1472.7708740234375,1506.7823919299244,1449.0368739193389,1464.9757128474757,8840633
2021-10-12,1467.719482421875,1471.072705631953,1447.556445684018,1460.621034543982,7439300
2021-10-13,1488.6661376953125,1492.5420290685638,1463.277374662343,1477.1257522003684,7104171
2021-10-14,1494.37109375,1553.4665576738048,1479.085483572147,1527.6857924741366,19655776
2021-10-18,1560.9134521484375,1566.8795927579404,1515.4922131177411,1515.4922131177411,13438109
2021-10-19,1587.0426025390625,1597.799091923905,1552.3343687944996,1579.944155219386,10324260
2021-10-20,1569.7972412109375,1609.5571565198998,1562.5682333583247,1593.3570895202022,5876115
2021-10-21,1527.380859375,1579.9440255087377,1521.4582041825172,1579.9440255087377,8779629
2021-10-22,1497.8985595703125,1535.6986813056806,1486.7500689564513,1524.11481075835,7369809
2021-10-25,1487.2291259765625,1506.564672832556,1469.5047506520364,1499.8582271507623,5905209
2021-10-26,1497.0264892578125,1517.1485436893581,1490.1727607226414,1502.6062654350915,5871709
2021-10-27,1519.2135009765625,1523.7827607577628,1494.785943644436,1501.77149758961,5090259
2021-10-28,1497.2022705078125,1515.522964410046,1486.7897990608278,1510.7780094844702,5329972
2021-10-29,1465.4375,1504.8467856229756,1459.5503108556832,1492.8966047069405,5875091
2021-11-01,1493.8194580078125,1500.102016130917,1472.6868855107523,1474.0049226994552,3636806
2021-11-02,1491.9300537109375,1499.4428003412402,1481.7811257877784,1489.3818273621403,3471772
2021-11-03,1495.9720458984375,1509.1084388738689,1492.896626127134,1501.6835397594302,3530713
2021-11-04,1501.4197998046875,1508.7129805889124,1498.1686848596946,1506.955597967376,483407
2021-11-08,1526.726318359375,1529.80173828125,1496.4114648437499,1520.1361328125,5245903
2021-11-09,1531.1197509765625,1537.7099364183555,1516.621343004618,1524.3098926867096,4016134
2021-11-10,1529.0548095703125,1538.5446120128352,1513.0625622726295,1516.6213052274068,4780368
2021-11-11,1523.0357666015625,1528.7032829292987,1501.6835237971957,1522.7281388179986,4731349
2021-11-12,1564.246337890625,1566.5748914793885,1527.20958236198,1531.559061749532,5069009
2021-11-15,1570.353271484375,1581.6444339073435,1560.1164957791602,1565.9158372510615,4354074
2021-11-16,1574.878662109375,1589.508788323187,1561.4346405883132,1572.8576289550256,6034233
2021-11-17,1570.616943359375,1583.401946486974,1564.6857762457305,1575.0983554327267,4732492
2021-11-18,1563.54345703125,1572.3742410091222,1545.618131495533,1565.476535154988,4326924
2021-11-22,1545.9696044921875,1568.8155799150782,1538.7204007522319,1567.5853905552658,6621839
2021-11-23,1526.19921875,1535.2936539110958,1502.5623970170118,1524.6175312167047,8436160
2021-11-24,1490.2606201171875,1529.3623875671963,1483.2310888902196,1528.9230418655106,7333061
2021-11-25,1513.4581298828125,1516.7970929361409,1491.0953687886788,1493.7754205362603,4476260
2021-11-26,1486.4383544921875,1509.8993723813282,1479.716343711144,1496.0161123736239,4494181
2021-11-29,1490.568115234375,1504.319656915026,1466.6677523751573,1485.867137758942,3942776
2021-11-30,1504.890869140625,1520.0482960069558,1493.8193787950365,1497.7734901514705,14808963
2021-12-01,1506.867919921875,1530.59258798338,1505.1983847910458,1506.9557676104166,5193264
2021-12-02,1536.1722412109375,1538.1492968624316,1503.748507074007,1506.9557521388576,5559574
2021-12-03,1525.012939453125,1569.914049638286,1522.3768651886874,1556.2503551294296,6754012
2021-12-06,1489.6456298828125,1523.6069679725288,1486.3065595311832,1520.1361797156055,3991449
2021-12-07,1504.0120849609375,1515.6547454589877,1488.5031610337503,1494.741848225563,4202122
2021-12-08,1540.653564453125,1546.3211884129332,1522.4207176698017,1522.7722156867264,3029169
2021-12-09,1549.5283203125,1554.7565985466379,1530.680432518433,1545.6181864523098,2082171
2021-12-10,1545.837890625,1549.7920020405534,1534.1952292347592,1546.496909194259,1823469
2021-12-13,1533.0089111328125,1556.4699276693766,1527.8685881008832,1552.691619157812,4040584
2021-12-14,1539.59912109375,1549.1329011030184,1502.8697785484514,1520.9269292908916,4768144
2021-12-15,1523.8265380859375,1535.9085444800232,1512.4035502224383,1533.3164478312353,3053149
2021-12-16,1556.6895751953125,1561.9617232986577,1544.7393942801555,1548.8253305126736,4481031
2021-12-17,1599.9652099609375,1618.549554473689,1587.5756827064808,1599.2183437253605,18887243
2021-12-20,1580.677978515625,1607.6977390246545,1570.4851797435072,1583.1382500746142,5773891
2021-12-21,1591.83740234375,1615.0348779738215,1582.5232944672757,1582.5232944672757,5353584
2021-12-22,1603.3480224609375,1607.258263225774,1592.4962060182195,1603.6116727640501,4156428
2021-12-23,1632.257080078125,1635.771845585297,1605.3691454006876,1609.1035837520574,4112933
2021-12-24,1637.441650390625,1648.2056215294954,1629.0940809359906,1645.7452423643226,3780347
2021-12-27,1639.769775390625,1647.1068262235926,1621.2294105889453,1634.365802494469,2647733
2021-12-28,1658.969482421875,1665.911166433166,1650.5340658280904,1652.554991836044,3340933
2021-12-29,1656.8165283203125,1664.065732003417,1648.7764809648074,1655.0151681366292,3236635
2021-12-30,1663.2310791015625,1678.124963441618,1646.9752873799528,1655.8940269931556,4584738
2021-12-31,1658.749755859375,1668.0638636147924,1644.6028452130947,1660.7268115874554,4619420
2022-01-03,1668.1517333984375,1681.8594057710459,1658.7497778274603,1658.7497778274603,3329616
2022-01-04,1668.7666015625,1675.3567863034766,1650.1822591405219,1668.1514532960693,3921999
2022-01-05,1620.878173828125,1672.061949815919,1616.7922372110065,1669.5137232070176,6995719
2022-01-06,1597.2852783203125,1606.2478877431283,1581.6445284122708,1606.2478877431283,6449205
2022-01-07,1594.2098388671875,1613.2773992100788,1587.619653412898,1595.2202481604722,4834389
2022-01-10,1626.2381591796875,1643.065121465988,1593.0675577969869,1594.8249406516995,7857560
2022-01-11,1630.49951171875,1643.1526875566367,1625.7106871652104,1629.9723184051127,5142287
2022-01-12,1649.69921875,1659.8481478952956,1634.3660958630228,1642.1864712150102,5362535
2022-01-13,1666.701904296875,1680.497316486841,1639.9456865869017,1673.9071309319909,14277630
2022-01-14,1695.30322265625,1698.5104677026313,1652.8185151312207,1653.6972065268249,7688506
2022-01-17,1704.2220458984375,1716.8752240721528,1696.3138229476326,1703.3873319362635,5262464
2022-01-18,1687.7464599609375,1709.0547258227377,1679.5745872616628,1688.9326718657662,3690315
2022-01-19,1640.5609130859375,1683.5728166181689,1636.8703446421212,1683.5728166181689,5747770
2022-01-20,1602.4696044921875,1623.8218502987,1595.2643772820832,1620.3070843889625,5533463
2022-01-21,1569.0791015625,1588.6739615819963,1560.5558383681557,1577.2509740263736,8252758
2022-01-24,1526.111328125,1554.0976288940496,1518.378800587523,1550.890383701955,7116712
2022-01-25,1513.23828125,1528.9228998912874,1494.2145926811118,1517.1484147270562,9137653
2022-01-27,1474.9713134765625,1502.29859365424,1463.0211322868854,1495.5327130043718,11231734
2022-01-28,1481.6494140625,1517.9833897106614,1475.7622245146904,1477.0802616309584,10998502
2022-01-31,1525.583984375,1537.2706230423364,1507.2632899140617,1509.591843604878,8788872
2022-02-01,1557.0850830078125,1564.0706364850143,1524.2658745729877,1551.8568050061044,5119935
2022-02-02,1570.3094482421875,1575.3180537987653,1557.0412289736769,1571.9789834277135,4253717
2022-02-03,1527.64892578125,1563.191948829261,1523.6508371388077,1563.191948829261,3832922
2022-02-04,1529.8896484375,1541.1808120164233,1502.6941912084785,1521.8935777665583,4700077
2022-02-07,1506.9556884765625,1521.8934416567965,1489.7333592035418,1513.2822233892216,4310209
2022-02-08,1508.9769287109375,1515.7428102343724,1490.2607571927513,1502.562437971465,6053401
2022-02-09,1526.5506591796875,1531.5591574092173,1515.7427117216866,1524.5296259925371,3867244
2022-02-10,1554.932373046875,1558.7107891978585,1536.6116777128484,1542.6746701881318,4334630
2022-02-11,1512.535400390625,1534.1511870988509,1505.1983487478708,1528.9230162412698,7551371
2022-02-14,1478.1346435546875,1510.0751620435087,1474.6638553981247,1484.9884794415796,7459637
2022-02-15,1527.38525390625,1534.8541304534688,1485.383764065274,1492.896618085269,4669915
2022-02-16,1523.0357666015625,1542.4986942805128,1517.368143011698,1527.3852458984643,5350642
2022-02-17,1515.567138671875,1536.83143001885,1511.6130269308317,1532.4379725288018,3937950
2022-02-18,1499.8822021484375,1513.5458959572875,1496.850759804493,1502.5622537515017,5602215
2022-02-21,1520.7510986328125,1526.550547436766,1486.3064401172699,1494.6540080635389,5120890
2022-02-22,1523.9583740234375,1538.5886069583632,1485.911101612414,1493.687498875911,8878515
2022-02-23,1531.4273681640625,1544.9592379110045,1523.1237768881938,1537.7100334675147,5478811
2022-02-24,1474.575927734375,1506.9117054360172,1467.8539173756792,1485.0762465850694,13592379
2022-02-25,1489.030517578125,1518.5106587861058,1473.565569428914,1506.9558447051804,9737281
2022-02-28,1507.4830322265625,1518.4228051512885,1463.0212662482625,1478.1347163040493,15076542
2022-03-02,1496.23583984375,1506.428639183248,1485.8672378574524,1502.5623753614689,6771489
2022-03-03,1512.09619140625,1523.563157969651,1498.6522763017938,1511.5250204995646,7344147
2022-03-04,1514.2491455078125,1525.4084849525482,1477.0804511550884,1489.6018053662485,9074499
2022-03-07,1528.791259765625,1538.5886906416126,1490.260662094903,1491.139353523025,9742588
2022-03-08,1562.4891357421875,1581.6446527750986,1509.9873201847918,1509.9873201847918,10984500
2022-03-09,1593.375,1609.411117760778,1573.7362690166242,1573.7362690166242,10193515
2022-03-10,1604.402587890625,1620.9658987002945,1590.6070690763233,1620.9658987002945,6547182
2022-03-11,1600.975830078125,1609.2355512027455,1591.310224078751,1593.9462984422166,4758657
2022-03-14,1661.341796875,1665.1202128221414,1609.367286068122,1609.367286068122,10289724
2022-03-15,1616.1771240234375,1659.2768725454414,1608.0052511537049,1659.2768725454414,7140443
2022-03-16,1660.199462890625,1664.1974441872826,1624.7003107966714,1638.7593724368805,5233979
2022-03-17,1629.62109375,1689.9872589454178,1610.6853579171534,1689.9872589454178,17731459
2022-03-21,1628.2591552734375,1658.0028379594185,1617.7587285984619,1635.2447090569246,8362085
2022-03-22,1658.4422607421875,1660.7268370550205,1615.9135731979802,1625.57917912793,5709382
2022-03-23,1645.261962890625,1669.513826496781,1631.7300925286959,1666.8777520338913,6192824
2022-03-24,1657.8270263671875,1664.7687099000984,1630.9830683752546,1630.9830683752546,3784303
2022-03-25,1648.9085693359375,1664.241693032674,1632.608799184112,1662.4843100410872,3438588
2022-03-28,1646.5799560546875,1652.7307963034818,1627.907762442276,1639.6382720357626,4008555
2022-03-29,1657.2120361328125,1660.1996084457126,1634.8493821555994,1646.5798912876753,3917785
2022-03-30,1672.9842529296875,1686.20859986159,1665.1200087221018,1678.300378184282,7795839
2022-03-31,1675.53271484375,1680.9366885358509,1664.417246914596,1669.5137000617442,5399145
2022-04-01,1672.6331787109375,1678.564346091196,1650.4462192514522,1657.9589669091613,6171518
2022-04-04,1654.5321044921875,1663.3629969051792,1645.7891670382464,1660.5072495518027,7364074
2022-04-05,1635.33251953125,1660.3752240705198,1631.8617314560988,1655.278878381211,5472024
2022-04-06,1606.9947509765625,1632.169281125761,1601.107561481124,1629.9725526181892,5407453
2022-04-07,1591.3101806640625,1606.3797601498356,1588.2787381336382,1600.1410724456011,5797544
2022-04-08,1594.4735107421875,1615.034912473109,1588.6741685263228,1601.854540499716,5131446
2022-04-11,1552.25244140625,1593.9463082740529,1548.737675566616,1593.9463082740529,8248407
2022-04-12,1531.07568359375,1544.3000311752362,1518.1589637911889,1544.3000311752362,6456184
2022-04-13,1536.4359130859375,1544.3001583273306,1521.8935272961232,1542.0594523193558,6257693
2022-04-18,1424.710205078125,1449.8407567425704,1397.1192746792042,1410.738990878907,30523965
2022-04-19,1372.515869140625,1438.1101989357824,1361.9715730908893,1438.1101989357824,17044923
2022-04-20,1395.098388671875,1402.6552210404843,1373.3947525064125,1383.9390500304542,10678747
2022-04-21,1422.4259033203125,1429.806826423052,1396.4605254912638,1401.5130018301497,7766514
2022-04-22,1393.12109375,1415.3080493150037,1390.4411496132832,1409.728380952071,8134245
2022-04-25,1371.7249755859375,1382.0057282177281,1365.5741364473374,1382.0057282177281,7000570
2022-04-26,1389.2109375,1398.8765417457305,1376.5138911911388,1385.8718676738993,5345435
2022-04-27,1364.43212890625,1381.9619804602605,1362.279270492614,1381.9619804602605,8819356
2022-04-28,1390.616943359375,1407.4878820528004,1368.5178339093395,1379.5454535287045,9245177
2022-04-29,1377.392822265625,1403.533892844543,1371.4616549914167,1397.1194023690618,9831395
2022-05-02,1354.0634765625,1364.3881007348616,1345.276562373256,1362.7625430622788,7072627
2022-05-04,1349.274658203125,1379.545534836563,1344.5297030639988,1359.5553049527848,6220959
2022-05-05,1392.8577880859375,1396.592226787759,1368.5179703073688,1370.8026539111372,6144870
2022-05-06,1355.6890869140625,1372.384224522361,1348.8353579374136,1361.9717522559292,6171472
2022-05-09,1379.85302734375,1394.3075653232786,1337.5001444983088,1353.1847646359806,6832202
2022-05-10,1364.6075439453125,1378.7984294252421,1358.5006825163414,1369.0010003005775,6212545
2022-05-11,1341.5419921875,1361.927588201104,1328.2297970447912,1361.927588201104,7846080
2022-05-12,1325.7696533203125,1342.201139918884,1321.8155419424827,1330.3388057853947,7034979
2022-05-13,1321.9034423828125,1343.7389035215306,1316.3676433280884,1334.9959664754047,6723761
2022-05-16,1308.4593505859375,1328.4495800627174,1299.2770683025562,1326.8240224148346,6145331
2022-05-17,1334.2489013671875,1340.0043728900273,1301.2541039526504,1313.555783441477,6516378
2022-05-18,1326.1209716796875,1361.70797213733,1322.694161149026,1337.3682641118933,6594126
2022-05-19,1254.0244140625,1304.5930382065774,1245.676846021442,1301.3419230322806,16561140
2022-05-20,1278.6279296875,1288.8207294119443,1271.20292231775,1276.7387215514266,10488908
2022-05-23,1290.2705078125,1307.4928382619098,1274.1465416425442,1278.5838689742561,5887569
2022-05-24,1266.1944580078125,1291.2811433666081,1261.1419818568445,1290.4463220800299,5693167
2022-05-25,1239.35009765625,1267.512196646024,1229.508798029081,1260.9220119147622,9630092
2022-05-26,1251.2125244140625,1256.528650069207,1236.3627261774936,1245.9843537049899,13040065
2022-05-27,1284.07568359375,1289.040311563104,1263.0310670153488,1268.7864314520264,8284860
2022-05-30,1341.5860595703125,1344.3978291185176,1304.8567164973847,1306.6140992805463,10904213
2022-05-31,1335.1922607421875,1347.9794391568867,1321.4727505210642,1341.4970177305668,16033857
2022-06-01,1312.9482421875,1345.0936959690998,1307.220595475762,1343.539700941573,8738508
2022-06-02,1339.0997314453125,1344.2944932066457,1310.3286014773466,1317.78779937987,7205840
2022-06-03,1351.2650146484375,1380.8353586133414,1347.9794690514807,1354.1066701358748,9395707
2022-06-06,1358.68017578125,1364.4964924732922,1325.7798357609638,1346.2037716099271,6624883
2022-06-07,1337.9453125,1349.6224971381034,1334.3045457286844,1349.6224971381034,4904592
2022-06-08,1331.99560546875,1349.9331029298305,1324.89162890625,1349.9331029298305,4697608
2022-06-09,1345.3155517578125,1347.0471026731207,1315.5676501182832,1318.675639841816,4361061
2022-06-10,1311.3941650390625,1326.6232286366903,1308.5525092706785,1319.6524730579197,6516436
2022-06-13,1264.951904296875,1281.9126277011962,1253.5854977400272,1281.9126277011962,6987685
2022-06-14,1279.2044677734375,1286.619223049743,1245.9933493091928,1252.0761087251524,6090247
2022-06-15,1262.9095458984375,1284.3991426909397,1259.934777025382,1278.8934951366866,4651958
2022-06-16,1240.70947265625,1282.0457799508679,1236.0919312149667,1276.93979675799,6641772
2022-06-17,1231.9183349609375,1240.4874196646322,1214.0251729542306,1235.2483238555576,9692047
2022-06-20,1255.7611083984375,1263.0426411881947,1227.2119802322318,1234.360400176754,4595194
2022-06-21,1287.5069580078125,1292.9237183901334,1263.397816167282,1264.5078124914492,6270787
2022-06-22,1276.2738037109375,1296.1205167768,1274.2758102801847,1275.2082505737685,6253366
2022-06-23,1289.771484375,1294.699912173582,1272.4999822666275,1278.5384065605574,6254281
2022-06-24,1279.6925048828125,1303.1356482758742,1268.8589844199196,1294.699676447172,6114340
2022-06-27,1309.4405517578125,1317.7877464947417,1301.049022203048,1303.6242355705597,4511097
2022-06-28,1314.369140625,1321.5618966121417,1290.2599938030853,1304.4679496880472,4412178
2022-06-29,1299.36181640625,1311.5717770934775,1293.8118342756918,1300.649368901304,5060038
2022-06-30,1298.1629638671875,1316.0116836459267,1292.0357622839565,1300.960176372367,9165177
2022-07-01,1313.702880859375,1318.6756427483724,1280.8025462113708,1291.147733707834,4651635
2022-07-04,1321.3397216796875,1325.1137094600226,1298.2517964352844,1314.4577439626057,4800224
2022-07-05,1310.6392822265625,1340.831183761111,1307.1317370251647,1330.9301027704544,7379669
2022-07-06,1324.580810546875,1331.9955641744978,1305.3556528910078,1316.1891734537298,5209162
2022-07-07,1330.8411865234375,1344.3831420553722,1328.1771952712536,1334.7040605575694,3323472
2022-07-08,1344.827392578125,1347.047385704239,1331.9514324466636,1345.3158344251108,3652582
2022-07-11,1308.1529541015625,1331.9068766093092,1302.1589736556825,1327.555669124535,4702638
2022-07-12,1277.47265625,1304.1125702899615,1275.1638853794875,1298.0742548130895,4710356
2022-07-13,1282.66748046875,1296.4758799465965,1277.4727186568018,1287.5959081661404,5264025
2022-07-14,1268.814697265625,1290.215406752036,1255.6279613595361,1288.4838556808252,6157606
2022-07-15,1270.1466064453125,1284.043782478867,1252.6531072631665,1284.043782478867,5620018
2022-07-18,1323.02685546875,1326.3124012665216,1285.8641997914458,1287.5957507176618,5835171
2022-07-19,1317.9208984375,1320.3184472133253,1305.4444960050953,1306.7321568201792,3418540
2022-07-20,1345.5819091796875,1354.9058777609023,1331.995511602117,1333.1055078617853,5079392
2022-07-21,1361.2108154296875,1363.475143060979,1334.7484577291702,1347.0916394538826,5008061
2022-07-22,1337.5902099609375,1367.515671889144,1325.0250280493503,1362.1876887519136,7020642
2022-07-25,1335.1922607421875,1347.2246633903328,1314.324331348125,1314.324331348125,7859626
2022-07-26,1288.6170654296875,1329.0209351127858,1283.1558613643324,1329.0209351127858,7268273
2022-07-27,1306.2882080078125,1308.019759034265,1283.1558396500427,1288.483822375233,4517285
2022-07-28,1347.447021484375,1353.7073369309664,1322.982654384117,1328.7990796128186,6636841
2022-07-29,1376.129150390625,1381.457133330871,1356.859655449305,1361.122085160738,7009465
2022-08-01,1377.328125,1388.8276455859902,1365.6509399319816,1388.8276455859902,2983249
2022-08-02,1370.7122802734375,1373.7314920454614,1357.1703247119033,1373.3319367159932,4374635
2022-08-03,1390.692138671875,1394.1553487975477,1367.4266596498978,1375.5074110110838,6011955
2022-08-04,1420.7066650390625,1424.214210429917,1398.5510710597634,1409.6954786756162,7402209
2022-08-05,1435.5804443359375,1443.6167525535413,1422.8377084210715,1428.254468715417,5361971
2022-08-08,1438.022705078125,1440.3314761469533,1417.2435486624768,1435.8914900922462,3763409
2022-08-10,1422.970947265625,1439.6208933320956,1410.2282102223699,1439.6208933320956,4423829
2022-08-11,1438.510986328125,1448.6341758452916,1435.0034408313697,1447.4354013336217,3462090
2022-08-12,1415.5562744140625,1433.2274398690179,1412.0487289334715,1432.6058852060069,3562286
2022-08-16,1417.6429443359375,1428.7873514369574,1412.8921814722432,1428.7873514369574,3004430
2022-08-17,1426.34521484375,1431.4511977140078,1407.4752781493191,1417.6428006795595,4067324
2022-08-18,1405.65478515625,1419.196739188191,1397.7072554934534,1415.5559732264305,4635706
2022-08-19,1418.2200927734375,1425.1465132491517,1407.5641279788495,1407.7417924309402,4739884
2022-08-22,1399.172607421875,1419.9073173622771,1397.707390574249,1408.3633554325027,3950555
2022-08-23,1369.6468505859375,1380.391594615452,1361.2996555455054,1374.619613036166,5551574
2022-08-24,1365.2955322265625,1372.8435075266768,1359.5235511147102,1363.0755394912346,2888426
2022-08-25,1348.1129150390625,1375.2411633369209,1344.205705841227,1374.6196086818957,4331088
2022-08-26,1351.132080078125,1371.911126256518,1347.4912051170422,1363.2088193983936,3079136
2022-08-29,1298.02978515625,1304.068208908207,1287.5958190364718,1304.068208908207,8079050
2022-08-30,1325.7353515625,1328.5325643697543,1301.8038708297447,1308.108629152098,6725875
2022-09-01,1300.205322265625,1303.668532666685,1288.5282470130728,1296.5202209856338,8140604
2022-09-02,1290.2598876953125,1312.459816939898,1285.8199018463954,1312.459816939898,5175653
2022-09-05,1297.6302490234375,1302.6917893036236,1284.3546268952266,1288.4838352280558,3669352
2022-09-06,1292.1246337890625,1305.3558130293177,1283.5554395953404,1297.6302811685841,3428442
2022-09-07,1294.388916015625,1301.5816704099107,1276.9841955904926,1278.715746471275,3600574
2022-09-08,1310.5948486328125,1315.2123898661405,1299.672441718108,1309.79562961987,4061475
2022-09-09,1342.3406982421875,1349.7554515761658,1314.2355712715298,1321.339547332457,4816910
2022-09-12,1364.1412353515625,1372.7548731045804,1350.7769427256635,1354.9061513249576,5494819
2022-09-13,1371.9111328125,1379.0595531212691,1368.6700299824238,1378.0827779506399,4947158
2022-09-14,1310.15087890625,1331.06314454904,1307.1316672343812,1329.3315936480085,14332197
2022-09-15,1272.3223876953125,1309.9733809599834,1268.9923983100107,1309.7958248853374,12784100
2022-09-16,1222.8165283203125,1265.3959486362396,1215.0908880161,1265.3959486362396,20464045
2022-09-19,1234.5823974609375,1248.5239084132897,1225.9687606499624,1236.0919491545515,6595241
2022-09-20,1233.0284423828125,1255.2283703476603,1229.964787284812,1250.2554997650657,7219797
2022-09-21,1222.993896484375,1233.2503054303857,1215.13514453256,1225.347110268316,7917054
2022-09-22,1214.7357177734375,1228.9436728727633,1207.676183442698,1213.3149439431238,9168498
2022-09-23,1212.5157470703125,1238.5785519030435,1209.4522000549628,1214.336184710104,10426200
2022-09-26,1225.657958984375,1242.7074594125004,1203.2360329098556,1207.6760182711466,9414587
2022-09-27,1237.4683837890625,1248.967902705002,1223.6599857287542,1237.3794973619085,8561254
2022-09-28,1238.489501953125,1248.3906912173352,1222.7719967699986,1224.5479909555759,7022098
2022-09-29,1241.9971923828125,1251.9427167580907,1236.9799869799815,1247.547174377518,6119965
2022-09-30,1255.1395263671875,1260.3343964051253,1221.884076510353,1233.3835962258331,8120130
2022-10-03,1237.6458740234375,1253.8518199971973,1230.7638969660875,1253.8518199971973,4943169
2022-10-04,1269.3028564453125,1271.8336260621052,1255.627681795648,1260.6892210292333,6631341
2022-10-06,1292.1690673828125,1296.2982757871803,1282.3566555701389,1283.1558746803535,6180672
2022-10-07,1288.6614990234375,1294.566702109372,1278.8491949585682,1284.3547342638644,3994466
2022-10-10,1298.8291015625,1300.915873263201,1266.5947604561948,1266.5947604561948,5274677
2022-10-11,1264.3304443359375,1313.925065790571,1261.0447896892608,1298.829113538426,12824774
2022-10-12,1268.6815185546875,1279.6927051868731,1255.2284480932105,1276.0519384547556,5481467
2022-10-13,1260.8673095703125,1276.8955948000812,1256.516101391175,1270.7240573079657,4821514
2022-10-14,1309.1298828125,1326.6678276560115,1302.913902361635,1318.6758527906138,14990688
2022-10-17,1323.0712890625,1327.55571795731,1310.2397738100408,1311.4829914797187,4286396
2022-10-18,1335.28125,1341.7192292357881,1329.5537118322238,1340.875675315851,4692004
2022-10-19,1319.0753173828125,1336.3912617326525,1315.3902159447794,1335.54770780305,3553171
2022-10-20,1332.794921875,1335.5476913144482,1309.085333326775,1309.7957743941563,4583939
2022-10-21,1332.439697265625,1337.3236814941895,1324.314501823941,1332.2621411983666,3594485
2022-10-24,1347.84619140625,1351.3538445082654,1341.7634337864347,1348.4234111215758,982837
2022-10-25,1355.3502197265625,1361.2109797831833,1350.6882342545528,1356.9485497066773,3914341
2022-10-27,1368.052490234375,1377.8823898027329,1357.7738493894442,1374.201834673,6760137
2022-10-28,1358.447021484375,1371.6431919026134,1352.8363861734367,1369.892717518689,3053981
2022-10-31,1380.35107421875,1388.2059642832278,1373.70805956196,1373.70805956196,4542336
2022-11-01,1412.0845947265625,1413.879997898497,1388.834101733467,1394.1754919196,4542692
2022-11-02,1394.4000244140625,1411.8602777690894,1386.9490568451713,1411.1870015279026,2938906
2022-11-03,1374.15673828125,1385.9615363587588,1365.987675554083,1381.3383511548413,3174027
2022-11-04,1359.120361328125,1364.9104934069014,1347.5849165055247,1364.9104934069014,4509682
2022-11-07,1353.240234375,1371.598297862103,1338.5628351175721,1365.763237456549,4898592
2022-11-09,1356.6068115234375,1372.5859461620792,1347.5400459604302,1372.5859461620792,3334755
2022-11-10,1348.302978515625,1357.32492412614,1333.086979052459,1333.086979052459,3435763
2022-11-11,1409.4814453125,1412.5336530698069,1388.4303838615199,1388.4303838615199,7214098
2022-11-14,1423.1265869140625,1428.602545514008,1408.000225198226,1414.0148924987643,4908813
2022-11-15,1430.9364013671875,1434.3925307337452,1411.8602416877316,1416.438498094257,3497614
2022-11-16,1438.8363037109375,1444.4020103215976,1430.4876342122222,1433.7642672771042,4497697
2022-11-17,1425.01171875,1438.8363470236297,1421.0168803841925,1433.8091297730527,3469515
2022-11-18,1430.39794921875,1434.527355233414,1414.3290664394517,1428.8717905380126,3126064
2022-11-21,1407.7757568359375,1425.4156170914362,1404.0503824610678,1420.2538323357628,3071764
2022-11-22,1422.9022216796875,1425.550398044472,1402.210152232661,1408.4940645666102,3399329
2022-11-23,1421.1964111328125,1429.1410489418556,1417.7402816433105,1426.3581957002846,3245067
2022-11-24,1463.0743408203125,1468.6400477795382,1422.6328335688406,1426.4480659668009,5282215
2022-11-25,1468.32568359375,1475.8214702395546,1448.710925020796,1464.5104516907584,4563255
2022-11-28,1457.3291015625,1484.3499034092538,1454.2768935730214,1461.458507862271,3825766
2022-11-29,1462.4010009765625,1471.1086636498967,1449.8331771528563,1455.3539549520883,3131710
2022-11-30,1467.697265625,1477.3924872568878,1448.1274354474258,1454.2317409044451,11868134
2022-12-01,1487.58154296875,1501.49592004661,1483.2726403329877,1486.7735894799405,5407928
2022-12-02,1470.345703125,1491.800796645968,1466.799715499316,1486.5940827164045,4283343
2022-12-05,1472.00634765625,1476.5846043633042,1457.2391986740056,1470.4353696971718,3824966
2022-12-06,1447.903076171875,1459.6629463817758,1443.100394052047,1458.765244692734,4822398
2022-12-07,1441.2601318359375,1457.6881173772813,1433.3603127551614,1443.5043861676659,4898087
2022-12-08,1454.4114990234375,1457.7778805554876,1434.976234395189,1441.260146588349,4206837
2022-12-09,1408.76318359375,1461.4582243868986,1401.4019646254637,1461.4582243868986,8880658
2022-12-12,1388.9239501953125,1405.7558561467295,1373.5284545512598,1391.437558650479,8037679
2022-12-13,1411.32177734375,1416.1244596167126,1383.4930240961316,1388.924053738368,6135067
2022-12-14,1417.830078125,1425.9991416279158,1412.0847653639985,1420.164080614015,4976020
2022-12-15,1382.9093017578125,1409.3914987080593,1378.19636840226,1408.7631514270713,6443866
2022-12-16,1366.4814453125,1390.9887448634156,1357.369860981026,1368.9950538345975,9630453
2022-12-19,1353.150634765625,1361.7237298285659,1342.1089696118938,1353.689233868756,6222740
2022-12-20,1353.1058349609375,1360.9157960258838,1330.797859741164,1347.4502703396117,7396259
2022-12-21,1355.1256103515625,1365.4042507201466,1348.662092527513,1360.0180406581342,6236361
2022-12-22,1366.3468017578125,1373.4385569270282,1357.1004311899765,1365.8530220311222,6302640
2022-12-23,1343.9490966796875,1355.4397214479377,1340.268541890437,1354.3624137356346,6283822
2022-12-26,1348.70703125,1355.4397938764648,1343.2758922315616,1347.0013761347504,4115459
2022-12-27,1359.8834228515625,1365.8082322618604,1344.3083199922382,1355.484662525693,4860076
2022-12-28,1355.6640625,1368.9499801299278,1345.2058171799563,1351.1306256894318,5029860
2022-12-29,1362.30712890625,1365.6735099605971,1347.4501233533117,1350.1432281967893,4624745
2022-12-30,1353.9136962890625,1373.8427403112848,1350.1883218006867,1371.688234257162,5060544
2023-01-02,1368.097412109375,1370.3416663943312,1350.188306748515,1359.1203949695496,3801140
2023-01-03,1366.7957763671875,1375.862541681665,1360.1078329075388,1364.3719160112378,4551130
2023-01-04,1341.884521484375,1365.4042617792377,1338.5629595029297,1365.4042617792377,7059590
2023-01-05,1324.2896728515625,1351.849184304989,1318.948390888649,1351.849184304989,9868404
2023-01-06,1300.3209228515625,1324.1100180918568,1298.5255194372007,1319.6215095559523,6443714
2023-01-09,1332.5931396484375,1336.9918995481128,1300.051455589557,1300.051455589557,11498717
2023-01-10,1319.3970947265625,1332.0995959017448,1305.3032216437111,1330.3939407278556,7158624
2023-01-11,1320.74365234375,1341.1663664241717,1314.2353148895497,1319.621525196474,6173092
2023-01-12,1329.1370849609375,1333.0869942679058,1306.1559438786553,1330.348960311909,6591385
2023-01-13,1349.8291015625,1363.9679024832087,1317.8260159746374,1331.7403914839063,11610426
2023-01-16,1369.4439697265625,1371.6882240197885,1348.617333718516,1355.5295931085607,6073063
2023-01-17,1382.01171875,1384.435469422026,1368.097342887301,1370.7904478929847,5922644
2023-01-18,1387.30810546875,1393.0982370846807,1382.1013922396473,1386.7245774992048,5843098
2023-01-19,1381.4730224609375,1391.0335664749514,1370.0273269921345,1382.3707240663339,6165284
2023-01-20,1369.4888916015625,1386.9491460799632,1368.0974101138277,1380.6652340912512,6496429
2023-01-23,1389.6422119140625,1394.4000746897525,1371.777926420586,1377.9720899793838,4855020
2023-01-24,1393.143310546875,1408.3144914155778,1391.2132299470666,1400.414672506807,5200802
2023-01-25,1385.1539306640625,1396.82405451282,1381.3386978673534,1388.7447380021417,4158617
2023-01-27,1363.7435302734375,1392.2903779726057,1353.1955355242728,1387.8467984858346,6209955
2023-01-30,1381.383544921875,1386.0515503516226,1364.5067076000428,1372.4065271087168,6964719
2023-01-31,1376.8499755859375,1390.450178190422,1358.2226654027863,1390.450178190422,9448126
2023-02-01,1392.4251708984375,1395.9711585819437,1371.733211185899,1384.43560335875,6194199
2023-02-02,1421.7349853515625,1424.607586792744,1393.2329580209157,1393.2329580209157,6916834
2023-02-03,1435.7841796875,1440.4971138054802,1412.084831920539,1434.0785244711133,7040194
2023-02-06,1409.2569580078125,1434.5272821728975,1401.8509191605494,1434.5272821728975,4570612
2023-02-07,1402.5692138671875,1414.822864476851,1396.0159473630506,1408.494023406654,4336238
2023-02-08,1427.7945556640625,1439.0158269283195,1405.3520131355485,1405.3520131355485,7983338
2023-02-09,1451.58349609375,1454.0521755088755,1423.7996752366064,1432.9112588662606,6904911
2023-02-10,1443.998046875,1450.955234729636,1433.1357691390035,1447.9478465069383,4786762
2023-02-13,1407.1024169921875,1433.6295447624907,1405.8007934239577,1433.6295447624907,4001199
2023-02-14,1430.26318359375,1432.731863182567,1416.7079103135172,1422.5877904936112,5043736
2023-02-15,1433.674560546875,1435.4250350492096,1414.7778957082892,1421.9595093920875,3465747
2023-02-16,1437.9384765625,1449.2943142141119,1434.3924894685822,1436.3225698383455,4290289
2023-02-17,1421.780029296875,1431.8342447371726,1414.3290611808247,1430.9365430163343,2857734
2023-02-20,1429.5450439453125,1439.0158408168427,1420.6129557658476,1422.8122811217777,2417716
2023-02-21,1417.9197998046875,1437.80391388057,1414.7778439330089,1435.1556281819492,2723288
2023-02-22,1402.0306396484375,1413.880258937871,1396.1955782623447,1403.107837917392,3656244
2023-02-23,1392.0660400390625,1409.257050222941,1389.7769663588479,1409.257050222941,4766854
2023-02-24,1392.0211181640625,1408.4939219116857,1386.9490818059621,1400.4146068720393,2790986
2023-02-27,1354.9013671875,1382.4607685455396,1348.3481002307794,1382.4607685455396,4920268
2023-02-28,1335.376220703125,1368.0974041544362,1329.7655850233577,1360.5566878842833,9679811
2023-03-01,1343.0068359375,1347.315738873462,1329.94523077616,1339.7302024162723,5125043
2023-03-02,1321.551513671875,1336.3186620674148,1317.197682560526,1333.0869580251103,4644499
2023-03-03,1327.969970703125,1337.3958371481567,1322.3144070030216,1334.6578035381822,4615015
2023-03-06,1353.240234375,1364.8655358556944,1340.40316723241,1341.6599713901492,6561742
2023-03-08,1339.999267578125,1342.961726985448,1329.585949900398,1338.0692966126087,4137080
2023-03-09,1328.95751953125,1345.0712200119858,1323.7508062262864,1342.0639414577045,5104656
2023-03-10,1321.012939453125,1323.481619051477,1308.5348642940003,1310.6444413069564,3699580
2023-03-13,1288.291748046875,1327.072529051493,1281.9180875951263,1314.4148468229184,8798403
2023-03-14,1274.736328125,1300.1861476889799,1266.657013369278,1293.5880625550176,7402784
2023-03-15,1274.4222412109375,1295.2488768323813,1271.9086326160925,1290.8950455008883,7556182
2023-03-16,1260.462890625,1272.7614692311392,1255.615279699322,1272.7614692311392,7323117
2023-03-17,1275.36474609375,1295.2937893448818,1267.016186133299,1283.7134156369266,9090018
2023-03-20,1260.0589599609375,1274.4670058884406,1243.1821248798633,1274.4670058884406,8221829
2023-03-21,1248.433837890625,1261.2710173450973,1247.805490469527,1255.8848065948691,8536755
2023-03-22,1247.1319580078125,1263.2905869400715,1240.758298512187,1259.4753551088436,8356487
2023-03-23,1233.9359130859375,1242.3742213827816,1229.851326526063,1242.3742213827816,7607718
2023-03-24,1239.411865234375,1255.8397404782686,1236.584082982878,1246.0099507660507,7559127
2023-03-27,1246.86279296875,1252.967208658463,1233.5319439925304,1244.4390420940674,4170193
2023-03-28,1236.6739501953125,1254.987088423621,1235.1029720803328,1249.6906260051426,6633366
2023-03-29,1242.015380859375,1247.7157654262332,1224.9590464995765,1237.9307937980113,8813966
2023-03-31,1281.8731689453125,1283.668572443724,1251.306490134495,1260.373255884927,8711975
2023-04-03,1266.5223388671875,1288.2018554237902,1261.4054833442367,1288.2018554237902,5242764
2023-04-05,1277.92333984375,1281.469217839355,1256.7824202977913,1256.7824202977913,7506334
2023-04-06,1276.44189453125,1282.2769547830226,1266.0733974815537,1271.1454333092524,6948465
2023-04-10,1281.558837890625,1287.304150296638,1270.247819156027,1278.2822049918059,4993788
2023-04-11,1262.3033447265625,1286.7207886297933,1246.9077377115614,1282.7260596530837,6942255
2023-04-12,1282.1873779296875,1285.059979527605,1256.7823760661174,1268.4974270475386,5831169
2023-04-13,1247.0870361328125,1266.7019040302373,1241.5213299689306,1265.5348481010121,11267238
2023-04-17,1129.5780029296875,1132.136430654267,1064.0457840517952,1122.3963899019734,53171705
2023-04-18,1130.5205078125,1140.0361230223534,1124.9098727143887,1140.0361230223534,12430884
2023-04-19,1106.14794921875,1126.0320630409092,1103.6344503031144,1126.0320630409092,11307230
2023-04-20,1098.248291015625,1111.2200368576048,1096.4528876003903,1104.801447731595,8621249
2023-04-21,1101.794189453125,1107.0906515432816,1095.1961036957662,1102.4674657463806,8691352
2023-04-24,1100.8515625,1104.1730147274745,1093.4005950715969,1102.3776114514949,8313774
2023-04-25,1099.5946044921875,1109.1102186074058,1090.7073376025885,1100.5371253306166,6808576
2023-04-26,1101.9736328125,1106.8660626545704,1095.6897216700977,1102.3775546957118,5680192
2023-04-27,1118.7606201171875,1120.152101431663,1100.0435636550399,1104.1729691026203,8020704
2023-04-28,1124.5958251953125,1130.2064609226888,1117.5937079744554,1127.2440014255426,10118277
2023-05-02,1146.768798828125,1148.833556221912,1126.2115210420693,1126.2115210420693,8886401
2023-05-03,1139.318115234375,1142.3253939620522,1132.9892745231455,1136.4903330105763,5549783
2023-05-04,1143.2679443359375,1145.2877729850925,1133.3482975814445,1139.1384292092687,4505401
2023-05-05,1130.2962646484375,1148.160551597661,1125.9424330268698,1148.160551597661,5373791
2023-05-08,1136.13134765625,1140.350611760026,1126.7952272539592,1133.3035651406553,5260842
2023-05-09,1140.7095947265625,1141.876650860064,1131.7325770311218,1136.4904402427994,4969897
2023-05-10,1134.0216064453125,1145.8264050289897,1130.3410516063245,1145.8264050289897,6515734
2023-05-11,1127.6029052734375,1145.3774399578563,1124.8649812707113,1140.3054042377769,6888461
2023-05-12,1117.8179931640625,1127.513214317715,1112.2972159671344,1125.1342831512181,8292212
2023-05-15,1129.6229248046875,1139.0937216777986,1118.2221569213568,1122.0373891886634,5534710
2023-05-16,1134.9642333984375,1143.6269666049225,1133.5727520158546,1135.5925807167341,5236469
2023-05-17,1119.3443603515625,1131.9570044864442,1115.349521720346,1131.6428307830922,10465667
2023-05-18,1118.5362548828125,1130.7899043107132,1115.3493701951222,1129.8472737459822,6948732
2023-05-19,1139.09375,1143.0436595385552,1124.6407740269224,1127.5583046568154,11094136
2023-05-22,1160.548828125,1163.0623271928262,1140.3056104941186,1142.7293613064382,7625947
2023-05-23,1167.0570068359375,1179.7145774568664,1164.3639020407309,1166.293872811124,7436031
2023-05-24,1165.8004150390625,1171.5007993107326,1159.2023290054685,1163.6908378150881,4824077
2023-05-25,1170.9171142578125,1173.2960455245018,1157.361841386736,1162.0747750049484,4334121
2023-05-26,1182.6771240234375,1188.0633345112276,1172.398482842331,1172.398482842331,5521606
2023-05-29,1179.9390869140625,1196.3669615854992,1175.8545005172648,1196.3669615854992,4419365
2023-05-30,1188.4222412109375,1190.7114241239608,1175.2260715243845,1180.4776039676979,6274719
2023-05-31,1183.4403076171875,1194.930824721551,1179.7148232909426,1184.8316796350223,17800782
2023-06-01,1184.517333984375,1193.4943505359809,1183.2605297506059,1187.2553678657034,4277841
2023-06-02,1181.7880859375,1194.4338775054596,1179.104315999841,1190.8857617337856,10909311
2023-06-05,1186.791748046875,1191.2950529177192,1180.2414662246276,1186.3368642798964,5002553
2023-06-06,1163.5927734375,1172.3265202842344,1158.134167776339,1172.3265202842344,10008100
2023-06-07,1172.6448974609375,1177.2392682391398,1166.7769408938925,1174.0550816558036,5397578
2023-06-08,1167.0499267578125,1175.4197442918237,1165.5032551977433,1170.1430477667195,5034942
2023-06-09,1151.72021484375,1166.7769126021076,1149.9462124982956,1166.7769126021076,5339073
2023-06-12,1175.3741455078125,1178.785773831074,1158.1340948031748,1158.5889785796096,4785588
2023-06-13,1187.1102294921875,1188.611368241848,1180.0141088524708,1182.6069242988215,4846587
2023-06-14,1183.0616455078125,1188.7931139611715,1176.5112530610595,1188.4747175563625,3457981
2023-06-15,1170.6890869140625,1177.1938369363772,1166.9135288571645,1177.1938369363772,6161155
2023-06-16,1175.101318359375,1184.0625068222432,1165.4578042106698,1170.8708768960637,8536287
2023-06-19,1177.2392578125,1182.2429795419966,1170.9164175038359,1177.2392578125,4451787
2023-06-20,1185.791015625,1187.24662145551,1174.6008306327171,1177.239178669295,4009180
2023-06-21,1182.1064453125,1186.154977548267,1178.1489786763307,1182.6522836320391,4041529
2023-06-22,1165.9127197265625,1173.0543732215287,1158.5890460770524,1173.0543732215287,6676607
2023-06-23,1150.8558349609375,1163.9109757788215,1149.3546964433472,1161.272627938147,7239467
2023-06-26,1155.7232666015625,1159.0439406048426,1148.3541711369407,1155.6323120512568,3403244
2023-06-27,1163.7293701171875,1166.3221858386987,1159.2259533902843,1164.502650447375,3240024
2023-06-28,1176.64794921875,1179.695648586696,1165.7762703962558,1173.600249850804,5662358
2023-06-30,1214.99462890625,1218.0878609550978,1186.7463005247835,1190.1579290222737,12821692
2023-07-03,1213.35693359375,1224.5471188494619,1208.5806539697087,1209.9908380904787,7732412
2023-07-04,1223.77392578125,1224.5472060405089,1211.2646211133026,1223.0006455219911,5797775
2023-07-05,1225.7298583984375,1235.4187939129251,1219.9982784398992,1235.3278393695025,5414936
2023-07-06,1222.6368408203125,1225.866449539315,1216.495908812267,1221.408676629829,5963897
2023-07-07,1210.1727294921875,1224.3651918692738,1205.7603791627248,1213.6298905441663,6295647
2023-07-10,1209.217529296875,1220.8170652524432,1200.256341377616,1215.9498311998555,3940315
2023-07-11,1226.9124755859375,1229.0049853388443,1207.2615190395204,1213.129475218487,6126128
2023-07-12,1212.9932861328125,1229.914942685519,1207.2617053550714,1229.0961295664667,8102770
2023-07-13,1241.923583984375,1252.5679302987028,1210.7640473114604,1214.4486500848052,9977644
2023-07-14,1297.2830810546875,1300.9676843031073,1256.0706748916025,1256.0706748916025,12833381
2023-07-17,1294.5537109375,1327.3053432456984,1286.68431035238,1297.2830136298498,11569884
2023-07-18,1342.08935546875,1344.5912168093819,1300.058129368387,1304.606968169536,16743977
2023-07-19,1341.8616943359375,1363.559740717556,1328.8975058703597,1351.9146708665796,13687062
2023-07-20,1318.7081298828125,1338.2681331891117,1310.7021306189188,1338.2681331891117,8347221
2023-07-21,1211.446533203125,1228.1862795203028,1187.2467368696261,1201.0751601871634,45548305
2023-07-24,1215.995361328125,1228.0953149237007,1213.8574296627578,1219.998361010124,8859789
2023-07-25,1214.17578125,1221.681363730559,1204.759709076421,1216.359245637285,6801982
2023-07-26,1227.139892578125,1228.186147433356,1218.5426339683336,1221.817774817035,5528885
2023-07-27,1231.0521240234375,1240.7411717559758,1225.5025635415454,1236.0103133187197,9191861
2023-07-28,1219.54345703125,1240.7865080925476,1215.4495028674003,1231.6888321728816,6122735
2023-07-31,1233.371826171875,1235.0094521881804,1212.9475890459607,1227.0489861059361,7902180
2023-08-01,1242.0146484375,1245.471809643269,1234.55459874793,1239.1034366209878,6064652
2023-08-02,1234.4180908203125,1248.1555587567932,1226.7760211098619,1245.7447635687552,7419145
2023-08-03,1241.196044921875,1243.2430221271263,1227.2765555039189,1228.186323150697,6503741
2023-08-04,1253.9781494140625,1260.8469392172133,1239.1034713632262,1245.380890015176,5712345
2023-08-07,1267.30615234375,1269.1256873794193,1252.7498720583947,1262.666360213914,3729093
2023-08-08,1264.7587890625,1267.8065991644844,1259.482203966465,1267.1696952534337,4161877
2023-08-09,1268.579833984375,1270.0354397844685,1257.7535784398478,1259.1182297003613,4090828
2023-08-10,1263.758056640625,1269.8535657391153,1260.5738702782457,1266.0324754708959,3873025
2023-08-11,1248.0645751953125,1270.8087636526227,1243.6977576448737,1266.396413303026,5783517
2023-08-14,1267.806640625,1269.1257591782453,1242.378570429603,1248.0646177377491,4304135
2023-08-16,1290.5052490234375,1291.8243675275844,1278.5873165202784,1283.5000834227826,7735313
2023-08-17,1284.1824951171875,1291.8699868845008,1279.1332405349353,1291.8699868845008,5618346
2023-08-18,1263.4852294921875,1281.5895150593437,1261.0743232513742,1277.0406772674733,5134103
2023-08-21,1278.5872802734375,1280.042886077757,1261.9840232223223,1264.3493965362918,3032722
2023-08-22,1277.0863037109375,1279.178813670877,1270.6269757839684,1277.9505385325194,2890714
2023-08-23,1280.9072265625,1288.7767383819312,1278.8148277508842,1288.2309000421885,2559125
2023-08-24,1295.1451416015625,1296.4643712635414,1286.8207457961107,1293.2346518402169,5171963
2023-08-25,1291.9609375,1294.14440193583,1284.0460038576823,1285.5016097963642,4307172
2023-08-28,1287.91259765625,1296.2369938760085,1284.0460851385783,1291.9610192819164,3133464
2023-08-29,1289.73193359375,1295.8728642902074,1287.5940021549932,1295.508935074852,3074444
2023-08-30,1305.6529541015625,1307.0176054605395,1295.5090234553786,1298.2383261733323,3070887
2023-08-31,1305.9256591796875,1314.5230283307505,1299.7393070701485,1305.6527955743893,9792735
2023-09-01,1313.5679931640625,1315.524015813637,1299.3301072963106,1301.8319683222358,3582133
2023-09-04,1332.900390625,1337.358273748617,1305.2434354057439,1312.7945503532342,4609014
2023-09-05,1345.4552001953125,1346.5014550487228,1325.0763856474239,1332.8094095252152,5496840
2023-09-06,1344.1361083984375,1349.094408496813,1331.2629855860807,1348.184640888555,5075786
2023-09-07,1333.901123046875,1340.4515159698167,1330.1256765994524,1337.90412243496,4411743
2023-09-08,1336.994384765625,1341.679709913553,1328.442547485381,1331.4448248574233,3125838
2023-09-11,1343.2261962890625,1344.6819131501657,1332.3545189621761,1336.9943110540305,4182226
2023-09-12,1365.652099609375,1368.2904478169532,1343.8176775697427,1348.7304447397828,6793161
2023-09-13,1363.1502685546875,1369.2002453382354,1354.3255672096375,1369.2002453382354,4804686
2023-09-14,1370.97412109375,1376.068908054887,1363.878001064633,1369.200118850372,6444213
2023-09-15,1375.2047119140625,1381.3911761511094,1372.839338313645,1381.0272468920564,8657816
2023-09-18,1357.19140625,1369.1093400919283,1353.7342448047293,1369.1093400919283,3991916
2023-09-20,1355.78125,1360.193600922578,1342.9989700048607,1342.9989700048607,4169337
2023-09-21,1366.243408203125,1368.790801746706,1342.8168939622524,1352.4149859666784,6779195
2023-09-22,1361.148681640625,1370.9741041105199,1351.186660777571,1357.2821697249913,5455613
2023-09-25,1341.1337890625,1355.4170944618959,1338.768415761757,1355.4170944618959,4217863
2023-09-26,1328.85205078125,1346.3650768655104,1327.3509120486192,1345.682751173916,3996528
2023-09-27,1334.6290283203125,1336.994401796738,1319.2085123948889,1324.6215850268404,3863586
2023-09-28,1309.56494140625,1339.7237598799838,1305.51651996519,1335.4478965364908,5814602
2023-09-29,1305.9256591796875,1316.251608720033,1288.230726462314,1302.8779603924677,6068968
2023-10-03,1304.6065673828125,1307.3358698250358,1292.1427973188988,1306.471635140572,4181867
2023-10-04,1314.022705078125,1319.1173810169118,1290.2322620419864,1296.41872564626,4510406
2023-10-05,1331.3992919921875,1342.4985228636597,1319.3448718155562,1320.982497846701,7384621
2023-10-06,1345.2733154296875,1350.5500119701062,1331.2629831328265,1336.9034978713848,3598672
2023-10-09,1342.3165283203125,1356.4634585781648,1330.2621079137662,1332.7185470073355,3567552
2023-10-10,1360.239013671875,1361.9220614766054,1336.5395238912695,1350.0041284403374,5688951
2023-10-11,1359.556640625,1381.254574348816,1347.7750842911132,1361.9220140294271,7220129
2023-10-12,1333.264404296875,1368.654385789573,1320.982541821264,1357.2822909047482,11081662
2023-10-13,1302.0137939453125,1308.2456791767233,1273.6745138020951,1278.2233513513881,17973439
2023-10-16,1304.7431640625,1313.340423053773,1300.9676064898863,1302.8780961484347,4850745
2023-10-17,1312.294189453125,1322.2106781963569,1308.2913009819003,1310.2927452175127,3923764
2023-10-18,1310.5657958984375,1322.8021260257406,1308.5642404911625,1311.8849145317179,4264837
2023-10-19,1304.2882080078125,1309.7468130472434,1297.4194189109537,1297.4194189109537,6795691
2023-10-20,1298.4658203125,1308.700705916645,1296.6462850939854,1300.9676812379575,3928622
2023-10-23,1281.544189453125,1303.1056377818345,1278.4509573114844,1296.9647063021316,2636516
2023-10-25,1262.560302734375,1292.5104566531788,1254.4967997562355,1289.2389333048216,6940777
2023-10-26,1252.7918701171875,1266.2003688015045,1246.9400932403355,1248.7371699932087,6357656
2023-10-27,1272.0521240234375,1276.3373223697179,1256.6623976967833,1256.6623976967833,4634358
2023-10-30,1269.0111083984375,1272.0521334622172,1256.155513264206,1272.0521334622172,2667696
2023-10-31,1261.0396728515625,1272.7893480503349,1256.0633173275878,1271.6834287710847,3451595
2023-11-01,1247.90771484375,1269.379603358429,1245.6038569027073,1265.3249033766447,3090672
2023-11-02,1262.652587890625,1268.32010174213,1254.8194697606157,1262.514333895597,3758060
2023-11-03,1280.069580078125,1282.7880874213406,1269.6560973022642,1271.7756915818663,3349045
2023-11-06,1293.2017822265625,1296.8418333328405,1281.6824907597581,1284.5392525449095,2736381
2023-11-07,1294.1231689453125,1295.5976155760281,1285.4145181543718,1290.1604881630135,2272209
2023-11-08,1281.8665771484375,1294.7681818070128,1277.6735106371746,1294.7681818070128,3550635
2023-11-09,1266.9376220703125,1287.8566074771882,1262.5602919196745,1286.3821608724284,5498051
2023-11-10,1261.4544677734375,1265.4171487849635,1254.2203756878132,1262.4681428598753,2943649
2023-11-13,1265.7857666015625,1273.9874114709824,1263.2975323492624,1271.5914215374528,3462092
2023-11-15,1299.836669921875,1303.062071087934,1283.7096640915788,1289.2389232333946,8551860
2023-11-16,1331.537841796875,1339.3709592887674,1299.9288638617754,1304.9973516506468,6673907
2023-11-17,1324.764404296875,1337.1591147047359,1322.4605464148888,1327.9898053316556,4901251
2023-11-20,1323.8887939453125,1338.0805801730312,1321.1702867996207,1328.865149180104,3584210
2023-11-21,1326.1007080078125,1336.2376835381015,1324.0272357402534,1328.8653376978914,3793135
2023-11-22,1343.4256591796875,1344.4853438157159,1323.5202369954038,1323.5202369954038,3108786
2023-11-23,1335.5465087890625,1352.733312304696,1334.1180718038254,1352.733312304696,3186928
2023-11-24,1324.626220703125,1338.6797545299087,1321.3546973396635,1332.1368202960523,2973195
2023-11-28,1329.5103759765625,1331.6299704076575,1315.088314388403,1330.7084271755414,3755373
2023-11-29,1345.0843505859375,1346.0980255458026,1336.0532952698873,1337.2512338613426,3875778
2023-11-30,1340.983642578125,1346.0521303013406,1335.8230230312827,1339.2326879569457,10120867
2023-12-01,1338.357177734375,1345.3608832594507,1332.6896647955414,1345.3608832594507,3489187
2023-12-04,1349.4617919921875,1356.4194883018783,1335.592634024112,1345.8677509348179,5511948
2023-12-05,1339.877685546875,1351.8117374373267,1328.8652893459846,1350.798062419795,5123039
2023-12-06,1358.63134765625,1361.1194695973477,1337.2054656873006,1342.4582175598755,5269178
2023-12-07,1350.8902587890625,1357.2949393135057,1347.1119540015106,1357.2949393135057,4424453
2023-12-08,1374.1591796875,1377.4305905862009,1351.2127312666094,1355.0371580856024,6323433
2023-12-11,1371.717041015625,1380.471701337861,1365.727010268832,1373.0993558033465,3862018
2023-12-12,1360.2440185546875,1373.0995024562922,1352.5030324180634,1361.5802113283032,6103494
2023-12-13,1335.3160400390625,1360.2438275366712,1320.7096034385588,1360.1977053814053,8549258
2023-12-14,1383.6510009765625,1392.4517835867966,1346.697140932601,1348.5863495012065,12489858
2023-12-15,1454.5638427734375,1463.917528966799,1401.6672393803897,1403.5564479809898,18395389
2023-12-18,1441.6160888671875,1468.0183241638513,1437.88390638634,1444.9336219034078,6467243
2023-12-19,1436.0408935546875,1450.4629554436433,1422.1716226248461,1446.915036424613,4221721
2023-12-20,1415.85888671875,1459.2635456213156,1409.9609881911038,1442.2611198785871,6592367
2023-12-21,1415.4903564453125,1425.3048140325604,1401.897594233354,1401.897594233354,5319038
2023-12-22,1440.280029296875,1443.136790994993,1403.510429556433,1414.5228268659648,6741060
2023-12-26,1422.816650390625,1426.5489455360587,1403.5103643743007,1414.5688833319446,6878067
2023-12-27,1444.1502685546875,1446.8227662265847,1422.862643983342,1422.862643983342,4225849
2023-12-28,1440.049560546875,1445.8552154390939,1432.9997322913293,1445.8552154390939,5702253
2023-12-29,1421.8489990234375,1437.1004712006081,1419.1765012951132,1420.144166634131,4388990
2024-01-01,1429.635986328125,1434.8427277811138,1414.799163664711,1418.254950581332,2808451
2024-01-02,1414.015869140625,1427.6086309615123,1403.5102544550214,1424.7057474638627,5396313
2024-01-03,1373.099365234375,1400.6995390215577,1371.2562788380874,1400.6995390215577,7550363
2024-01-04,1394.018310546875,1400.5152349032498,1375.7718232468026,1386.8763509676678,7056038
2024-01-05,1412.3111572265625,1418.9001014903272,1388.0745246781073,1388.5352963045564,8895403
2024-01-08,1403.3260498046875,1415.4903752195028,1394.52526712299,1408.9934505703893,4440136
2024-01-09,1409.3160400390625,1431.1565685607613,1406.1366485499625,1420.9274616897512,4412074
2024-01-10,1400.653564453125,1414.983494047482,1386.9225479581153,1405.3072902245185,4096845
2024-01-11,1376.9698486328125,1405.3534251009314,1369.9661425866611,1405.261293276588,11296088
2024-01-12,1486.21875,1491.056851650907,1433.368271607278,1439.450434041234,26754401
2024-01-15,1522.481689453125,1534.3234985619054,1507.6448645681546,1515.8926322468913,13228305
2024-01-16,1503.5439453125,1519.1640585147397,1497.5077919845023,1515.7543934625273,6500917
2024-01-17,1511.5150146484375,1518.2423245739706,1493.130273985418,1493.130273985418,9209876
2024-01-18,1513.7269287109375,1519.6248280436816,1500.5028054955274,1513.7730508709333,6375464
2024-01-19,1529.0244140625,1534.830181149936,1515.1552565650597,1522.0207083253042,4522736
2024-01-23,1513.3123779296875,1543.30854535104,1509.2114426801818,1520.6386022901127,9401255
2024-01-24,1543.95361328125,1548.1926898142694,1515.9386754431387,1529.669692631178,8999681
2024-01-25,1538.147705078125,1548.6994420250173,1527.9185982399085,1541.6956238359799,8865304
2024-01-29,1526.6285400390625,1547.5936491768944,1518.3346507098104,1534.5077798990815,4253785
2024-01-30,1521.882568359375,1557.4081059509288,1518.933674931135,1532.0195441969254,4995943
2024-01-31,1530.5911865234375,1536.4429635862402,1509.5799556993886,1518.93364206389,6763779
2024-02-01,1527.043212890625,1545.4279548337279,1520.8688059210901,1529.3470709031976,5760011
2024-02-02,1560.4952392578125,1583.6720744845543,1534.3695106294924,1535.3371760388302,7858483
2024-02-05,1554.82763671875,1567.3145920332188,1549.8974031142452,1561.7853328521521,3634135
2024-02-06,1593.7628173828125,1597.034340689009,1542.6171705805966,1554.4129683538292,7694265
2024-02-07,1560.86376953125,1593.3481668011993,1554.5050990563916,1593.3481668011993,4613877
2024-02-08,1559.34326171875,1572.4752526176906,1550.7729772594932,1564.7803892211357,5919715
2024-02-09,1538.3780517578125,1560.0804381745947,1529.5773820750176,1552.5237167662156,4600004
2024-02-12,1548.2847900390625,1560.126598289278,1539.2997433619348,1539.2997433619348,3555808
2024-02-13,1552.3856201171875,1556.5785741207376,1532.9870910403704,1550.9571831806093,2696481
2024-02-14,1535.4752197265625,1538.4702350970776,1507.1838887623073,1529.9459605809961,3768579
2024-02-15,1544.8289794921875,1555.3345948697918,1531.2362167759502,1545.428005093551,4834391
2024-02-16,1568.1439208984375,1574.9172405402414,1555.5187122701257,1556.4863775731233,4880654
2024-02-19,1566.39306640625,1577.2211990906292,1555.2884257624896,1571.2311682439513,3690993
2024-02-20,1553.03076171875,1561.324650966914,1537.8252980971156,1552.800375906301,3706389
2024-02-21,1525.6610107421875,1542.663439133254,1516.2151921931338,1542.663439133254,4300508
2024-02-22,1549.4365234375,1552.4315386183323,1515.3855496864917,1534.3693157186938,5841277
2024-02-23,1545.2896728515625,1565.194983220865,1540.728079066558,1563.8587905950133,5373072
2024-02-26,1529.900146484375,1543.5389199577103,1515.9387428585212,1543.5389199577103,2782438
2024-02-27,1533.079345703125,1539.9909201570279,1523.1267459853489,1530.6833557243867,5159088
2024-02-28,1540.129150390625,1555.380736114235,1531.6509975218291,1538.9772213327412,3188916
2024-02-29,1542.5711669921875,1550.2660301238518,1523.5873997921522,1534.369410109207,7814722
2024-03-01,1524.87744140625,1540.774061120071,1521.467776667757,1538.05555376044,6387291
2024-03-04,1508.7506103515625,1533.862664687169,1505.4791992091916,1527.7805015485362,4445156
2024-03-05,1480.459228515625,1508.888815229402,1476.312283897934,1505.8016678459578,4596579
2024-03-06,1490.642333984375,1493.0383239437163,1452.3521668225044,1477.0495710017406,6420684
2024-03-07,1489.6285400390625,1500.6870590284748,1478.3396352373709,1489.7667940250446,6348359
2024-03-11,1475.022216796875,1487.1866561274735,1463.41079345323,1481.979913866256,6752895
2024-03-12,1486.4031982421875,1497.5078398363585,1472.3036534614205,1474.46925768503,4614222
2024-03-13,1484.974609375,1497.0468017752844,1473.1328027552288,1486.3569240580796,5688997
2024-03-14,1523.58740234375,1527.6882245455754,1481.8414508033693,1487.7393497230903,8803799
2024-03-15,1505.801513671875,1516.6757678865583,1491.3793408128192,1512.3444475668186,11809997
2024-03-18,1476.9112548828125,1504.5575513115562,1473.4093456712776,1502.11543929507,4958904
2024-03-19,1438.943603515625,1473.5475961267095,1435.764324431153,1467.4193112677192,6870411
2024-03-20,1432.95361328125,1451.3844780457566,1430.5576233604784,1440.3720813461923,4759059
2024-03-21,1432.7232666015625,1453.2276042120811,1422.309895221054,1441.2936639483573,11062497
2024-03-22,1390.470458984375,1408.9474454626866,1380.6560012352104,1401.6672315575609,14673890
2024-03-26,1375.54150390625,1389.1802760076575,1371.164173630106,1374.9424783172167,8351081
2024-03-27,1367.431884765625,1381.3932870499673,1365.3124028550521,1378.628657389427,6857402
2024-03-28,1380.5177001953125,1393.188917951044,1370.472857803067,1370.472857803067,12499530
2024-04-01,1378.121826171875,1409.9150687111335,1375.6798265220143,1405.353474561426,6580002
2024-04-02,1366.5103759765625,1376.0023163808078,1364.6672894897633,1368.353462463362,7279400
2024-04-03,1364.4830322265625,1377.799287158803,1359.2762903783632,1362.9624633692197,8736248
2024-04-04,1370.05810546875,1378.3059838522345,1352.82529419792,1373.6061364595587,11186915
2024-04-05,1363.0545654296875,1370.0582714607572,1360.24392608138,1363.93009899174,5072482
2024-04-08,1360.8427734375,1373.9747637962018,1358.4467836601393,1366.6485404880466,6610887
2024-04-09,1377.56884765625,1395.0321590156452,1370.6112639030227,1373.0993855776476,9423230
2024-04-10,1388.5814208984375,1391.3920603288602,1368.0770834855082,1382.6373994109804,6744595
2024-04-12,1368.26123046875,1388.581302495331,1363.4231287950938,1386.0009366054892,12275616
2024-04-15,1352.9637451171875,1374.8964069734686,1346.420810540168,1363.884010132131,8531224
2024-04-16,1303.476806640625,1340.983684459676,1302.1867360834249,1337.159257468646,16173541
2024-04-18,1307.9002685546875,1331.3534994670702,1297.072135276183,1309.6051010829012,22107945
2024-04-19,1300.52783203125,1314.903883353496,1270.5776782377934,1276.3373231980736,20603621
2024-04-22,1320.341064453125,1324.1193692022916,1302.1867077963823,1308.4992564312556,5859087
2024-04-23,1329.2340087890625,1333.334831262017,1320.571479724218,1329.786912241484,4856174
2024-04-24,1318.4979248046875,1330.9848800805114,1315.0882599841418,1330.9848800805114,4268213
2024-04-25,1325.59375,1331.5377710414832,1308.5913232271268,1308.5913232271268,9089398
2024-04-26,1318.037109375,1331.9985107982977,1315.042094094127,1326.745647271391,8062444
2024-04-29,1322.18408203125,1326.8379201034072,1316.1940513407444,1317.7606297548816,5055957
2024-04-30,1309.0982666015625,1323.8429581264434,1306.3336369406475,1322.1380131744238,6936588
2024-05-02,1303.476806640625,1312.2775896866656,1301.08081668616,1302.1406139236367,10076354
2024-05-03,1305.1817626953125,1313.0148803966708,1293.109456008172,1310.5266461015717,8842345
2024-05-06,1314.0284423828125,1332.2749298443393,1305.9188174045357,1308.5913151241766,6445422
2024-05-07,1327.8974609375,1330.1091868361195,1304.5363662735126,1313.1527716041048,6080661
2024-05-08,1315.318603515625,1326.791770914921,1313.751912640343,1322.6448266752147,6234983
2024-05-09,1326.6075439453125,1336.1915031252968,1313.0607915586831,1315.5490256671164,6088406
2024-05-10,1313.1068115234375,1323.289795482951,1302.1404259190676,1322.4604966710783,8777481
2024-05-13,1311.770751953125,1313.199189050727,1300.4818466437416,1313.199189050727,3735954
2024-05-14,1312.922607421875,1321.2626187308836,1306.7944348778417,1314.489298423798,3463230
2024-05-15,1308.545166015625,1319.4655424641765,1307.255095585117,1314.120547134986,4327544
2024-05-16,1339.3248291015625,1341.5365553493355,1315.0421875208667,1321.4468679639122,9249145
2024-05-17,1330.98486328125,1342.6884167000094,1326.3310252131012,1342.6884167000094,7542860
2024-05-21,1321.6312255859375,1331.3534390178734,1316.332352094495,1317.8067987413262,6752663
2024-05-22,1340.6612548828125,1345.40711294369,1315.9638491315707,1316.6550066153582,7173285
2024-05-23,1356.88037109375,1362.17924504405,1336.237778771356,1340.5689872639355,8641428
2024-05-24,1350.15283203125,1359.7369031866842,1345.4529845154584,1353.0557154211108,5277938
2024-05-27,1355.91259765625,1363.5153292403581,1345.6834903871545,1356.373369267408,5821844
2024-05-28,1351.949951171875,1360.1977175377685,1345.7295347806962,1359.7369459532367,6186922
2024-05-29,1337.113037109375,1350.5215354265988,1336.237616082271,1350.4294036068611,7401634
2024-05-30,1315.456787109375,1336.0993771509409,1310.0197722599248,1329.6025651299135,9663150
2024-05-31,1322.4598388671875,1350.5182603744363,1315.9739443356261,1325.1858078435043,37113815
2024-06-03,1321.519775390625,1353.5731158092904,1319.7337879140582,1353.5731158092904,10589244
2024-06-04,1310.0048828125,1330.0734594103187,1276.8234990229753,1324.4335719499218,13736134
2024-06-05,1344.267333984375,1351.6932097544602,1316.1149378567663,1316.1149378567663,9233424
2024-06-06,1383.8875732421875,1385.8145809499692,1351.2232206049546,1358.2260359203012,12660930
2024-06-07,1441.555419921875,1447.289283385155,1388.5874921626576,1392.1124223339962,24075302
2024-06-10,1409.7369384765625,1437.9834221145236,1407.434030215548,1433.753506313127,6810606
2024-06-11,1405.97705078125,1416.0348049461413,1404.2850385180848,1410.0190163300265,4853054
2024-06-12,1396.0601806640625,1418.1967861734406,1393.7572723769142,1416.5518188986746,9564320
2024-06-13,1404.2850341796875,1414.6718735675256,1399.9611430962834,1405.27206045412,7307565
2024-06-14,1399.5382080078125,1413.4498626747718,1396.8592841989566,1413.4498626747718,4237727
2024-06-18,1408.2799072265625,1416.5517883847267,1405.6480284899164,1407.151975588544,5420939
2024-06-19,1420.6407470703125,1424.6827126496337,1406.8699977638037,1414.6718886285164,5493456
2024-06-20,1424.4476318359375,1426.4215695435462,1409.125891319924,1425.2936379231433,7927010
2024-06-21,1440.7093505859375,1464.2559289959652,1432.249518545518,1452.271166938704,17301941
2024-06-24,1435.4925537109375,1437.325471461373,1424.4477727552649,1433.0486251290843,5564989
2024-06-25,1449.4041748046875,1451.237207255743,1429.1006009006553,1434.4115183965616,4551525
2024-06-26,1448.229248046875,1455.89011914625,1442.8714001458156,1448.5112883548547,4851004
2024-06-27,1478.919677734375,1483.6666295895413,1440.0985156795878,1446.114304702132,14757754
2024-06-28,1472.7158203125,1493.160415233066,1470.3658668733547,1478.1677581888457,8197544
2024-07-01,1495.3223876953125,1503.8761950899986,1465.900925341744,1465.900925341744,6801771
2024-07-02,1523.7569580078125,1535.7417213583608,1491.280553383894,1500.3983274471718,10493173
2024-07-03,1529.7255859375,1537.809402144264,1509.609963229638,1527.4696078755678,7269965
2024-07-04,1551.5802001953125,1560.3690026530594,1530.2896001922775,1530.4775505601317,8008311
2024-07-05,1548.572265625,1565.8679458210338,1535.3185512266714,1552.332191113537,7065022
2024-07-08,1561.919921875,1566.008817507365,1541.5693041489067,1544.4832231774994,5880533
2024-07-09,1557.6900634765625,1566.7138611771477,1551.9091554243114,1560.2750121000736,5191182
2024-07-10,1549.3240966796875,1573.5286138885465,1539.266343193334,1557.5489326244456,9852770
2024-07-11,1553.5072021484375,1565.0690191786375,1543.4964921091096,1556.6091866425368,8857679
2024-07-12,1609.0130615234375,1616.5329122564228,1566.6199259649964,1579.1686539269024,17078316
2024-07-15,1604.59521484375,1624.2877782953476,1600.4592739409936,1622.5957659620963,6942230
2024-07-16,1622.454833984375,1633.593589888385,1597.9682742375035,1615.4519041715741,6886281
2024-07-18,1652.5343017578125,1659.4431419133819,1615.827983176718,1615.827983176718,11248896
2024-07-19,1685.3394775390625,1733.3255702708213,1679.2295989019908,1733.3255702708213,29819116
2024-07-22,1702.1651611328125,1713.5859571917674,1685.3394724496927,1692.1074068427617,8462126
2024-07-23,1726.6517333984375,1729.5186076175692,1676.2217119382558,1701.3662125939957,7113056
2024-07-24,1723.878662109375,1731.7745279912915,1710.3899533806657,1727.2156416274588,6002845
2024-07-25,1715.324951171875,1721.0118842620095,1703.246213719811,1710.7660645530111,5815599
2024-07-26,1766.1309814453125,1769.9848820315087,1715.7949342558115,1715.7949342558115,11369047
2024-07-29,1758.799072265625,1788.78450012986,1752.1252276626687,1779.9486525351583,4635931
2024-07-30,1764.486083984375,1767.1179630223214,1748.3653802446454,1758.799150694115,2721265
2024-07-31,1756.1201171875,1772.0058245898792,1753.1122228334534,1764.344953812893,5004209
2024-08-01,1741.409423828125,1755.7911843622094,1734.3595637121655,1744.699358548906,7475014
2024-08-02,1711.8939208984375,1747.895251074617,1707.147084115294,1732.3855594141,7400938
2024-08-05,1646.75341796875,1689.616546348778,1615.405061601391,1677.8197340219435,10736703
2024-08-06,1646.0013427734375,1689.0994653436978,1640.126459251215,1654.5551502330297,7690163
2024-08-07,1684.1175537109375,1689.9924369566963,1656.341059827465,1688.206449501223,5094329
2024-08-08,1638.5284423828125,1673.1196857214622,1623.4416964698462,1673.1196857214622,6227910
2024-08-09,1664.471923828125,1673.8717370362467,1650.6071993461458,1664.9419144885312,4258524
2024-08-12,1689.5224609375,1695.2563240862842,1661.9809621451984,1666.6339385624474,4315329
2024-08-13,1689.5693359375,1701.366147109179,1681.673584839887,1701.366147109179,4176918
2024-08-14,1713.821044921875,1715.4660123309595,1689.5694795075585,1693.8464406687062,7450718
2024-08-16,1747.378173828125,1750.1041425189478,1719.6957707243737,1738.9653871768742,7335657
2024-08-19,1752.8773193359375,1755.46226812506,1738.2135180462226,1748.3653628246682,2585989
2024-08-20,1759.8328857421875,1772.5226328723743,1756.0729606665764,1767.1647855371516,3870333
2024-08-21,1760.3028564453125,1766.2247842698705,1755.0389843478197,1762.5588344138969,1966902
2024-08-22,1767.39990234375,1779.9956751616294,1757.4830533776285,1770.9248323444356,4300287
2024-08-23,1750.3392333984375,1769.6088509029312,1745.5453515046195,1765.4729100507645,5015935
2024-08-26,1763.5460205078125,1775.3897624868237,1752.125224235838,1757.7651122966831,3728589
2024-08-27,1786.0584716796875,1788.5494451104064,1761.431007151832,1763.54596510821,3830679
2024-08-28,1822.7177734375,1833.903574209478,1783.5205978872887,1792.450420519267,6514531
2024-08-29,1817.31298828125,1833.4336919875568,1805.6102659320495,1816.9840177451665,7228284
2024-08-30,1827.041748046875,1832.9636765918535,1812.284086394407,1821.6839001205192,13466759
2024-09-02,1846.5933837890625,1857.1681741009113,1826.195834151735,1826.712755054023,5573739
2024-09-03,1824.7388916015625,1848.943412636329,1820.226934986873,1848.943412636329,4694322
2024-09-04,1807.067138671875,1811.5320501789129,1786.0116477811107,1805.7981867712704,4778310
2024-09-05,1817.1248779296875,1823.5637269032381,1794.9882723576418,1810.638983993486,4081810
2024-09-06,1787.7034912109375,1820.2738676395406,1783.00358450389,1806.6441381891027,5848106
2024-09-09,1780.935791015625,1805.5632579164233,1775.624873131343,1776.5648545358595,4772612
2024-09-10,1797.5263671875,1818.8638977650467,1782.2046254069915,1790.5704823041315,6909600
2024-09-11,1795.50537109375,1810.4040523138208,1790.6644442667855,1799.7822173243185,5312946
2024-09-12,1833.3865966796875,1838.9795546148218,1796.1164275717779,1809.464116978717,8555092
2024-09-13,1827.417724609375,1841.0474542218399,1819.4749280775688,1833.3865832495185,3843127
2024-09-16,1833.19873046875,1834.8436979233431,1817.0310962411352,1828.9688141569388,1570181
2024-09-17,1835.3604736328125,1840.906271327735,1825.5846454813945,1830.8485176417557,2793127
2024-09-18,1778.5858154296875,1822.388925387728,1768.3870402660307,1822.388925387728,6385468
2024-09-19,1780.5125732421875,1809.370068657787,1766.036952686509,1795.9282898631557,7976570
2024-09-20,1791.369384765625,1800.0642118988178,1755.3211244108263,1790.6643987818527,15242974
2024-09-23,1782.627685546875,1803.7303368872645,1765.7080202954846,1794.4244980502351,3636672
2024-09-24,1784.6484375,1796.2102531560402,1759.0809925494216,1774.6846588682515,7277616
2024-09-25,1781.546630859375,1787.4684442930745,1764.156976545127,1773.1337292502485,4268341
2024-09-26,1786.1995849609375,1802.8372091877666,1779.384720079492,1783.8966765192179,8952803
2024-09-27,1792.3095703125,1856.0872866298698,1789.0666803151419,1816.1380763305222,14908931
2024-09-30,1763.029052734375,1787.1395980713203,1758.2351706468926,1767.1649937536263,6986955
2024-10-01,1790.0533447265625,1794.3772357071236,1762.464916843665,1762.464916843665,4029072
2024-10-03,1779.7606201171875,1797.1032292411892,1768.1048290238766,1776.0946700907043,7503887
2024-10-04,1803.0252685546875,1836.8175525476968,1772.8048448832324,1776.1418246086153,10001483
2024-10-07,1818.2059326171875,1825.4437429610623,1801.0512733437376,1807.772048058558,6112575
2024-10-08,1831.6007080078125,1840.436440915146,1791.9334261359113,1821.5898836675146,5637391
2024-10-09,1835.548583984375,1858.3431317562972,1828.3577036972526,1835.3606336116181,4857163
2024-10-10,1803.8240966796875,1846.1232547571165,1799.2181654069389,1840.3893918331603,4782119
2024-10-11,1818.9578857421875,1830.1436867455332,1795.4583520140732,1802.8842276209207,4709431
2024-10-14,1841.3294677734375,1851.2932470173037,1815.1979406537325,1816.1849669571325,3751378
2024-10-15,1841.7054443359375,1871.925751948734,1834.6085394794932,1842.3633853617557,5353705
2024-10-16,1804.858154296875,1841.9404871358424,1801.3332242595482,1837.6635261263593,3111512
2024-10-17,1849.9771728515625,1859.2830106666543,1814.304928428157,1819.0517651449982,8162822
2024-10-18,1766.7889404296875,1820.6028732629586,1757.0601563072833,1780.1367445813487,10526196
2024-10-21,1741.5504150390625,1784.8366013292746,1727.6856903747387,1777.5986762175419,4654601
2024-10-22,1740.4693603515625,1765.0969393741664,1736.098424337156,1746.6732140121014,4125240
2024-10-23,1760.9609375,1772.8046785756571,1733.3254651609286,1734.5004417506527,4311910
2024-10-24,1751.51416015625,1770.9247972575436,1748.3652457001226,1749.6812424897346,2906475
2024-10-25,1750.2923583984375,1763.7340231622866,1735.5816269882255,1751.6082405232555,4689120
2024-10-28,1753.3941650390625,1768.9509020729429,1745.5453438193326,1748.0832475331754,7018940
2024-10-29,1748.5933837890625,1760.2867290719619,1738.8012907344037,1754.9629211020826,4621252
2024-10-30,1713.2276611328125,1748.3079249245552,1707.76122797984,1741.653136738328,5919715
2024-10-31,1670.589599609375,1699.728089871948,1660.3697457491953,1699.728089871948,7395236
2024-11-01,1674.0120849609375,1678.9081313172524,1665.646134457717,1677.4821051581494,371966
2024-11-04,1676.6739501953125,1679.8587185569368,1633.275200045737,1639.4546463788554,7336722
2024-11-05,1667.68994140625,1681.2371893406507,1658.9436944231081,1673.2039554066878,3160880
2024-11-06,1733.762451171875,1737.0898453384439,1675.723259696614,1677.0066599508023,10421494
2024-11-07,1714.131103515625,1735.6640066783782,1698.8725764841015,1723.5427837627808,4550965
2024-11-08,1739.704345703125,1749.829154713953,1723.7329222391422,1728.3437169759088,4210960
2024-11-11,1768.367431640625,1775.8778590726738,1732.669314114394,1738.8011800020988,3804234
2024-11-12,1776.6385498046875,1788.2368497786626,1769.223167165386,1778.825053675029,5012450
2024-11-13,1776.2581787109375,1780.8213927172376,1764.7549244206982,1769.3181384269985,4257495
2024-11-14,1772.5980224609375,1783.4833086013102,1764.469627272938,1773.5961711004963,4311431
2024-11-18,1722.1165771484375,1758.0049000608628,1706.4778709351956,1758.0049000608628,4839244
2024-11-19,1734.7607421875,1767.987103735295,1730.7679155470983,1735.4737552340218,4669769
2024-11-21,1743.602294921875,1774.9272909423237,1730.8155235974339,1751.1601874214036,5436504
2024-11-22,1808.4388427734375,1819.6569616576032,1743.554652462339,1762.6633798054363,6301486
2024-11-25,1796.507568359375,1824.647908539123,1789.187347735094,1821.5106048142616,12764638
2024-11-26,1829.2589111328125,1842.996250535251,1803.7330651846873,1811.0057060152076,6850495
2024-11-27,1829.591552734375,1845.6581372544963,1817.4703304442407,1834.9153604909611,4447143
2024-11-28,1765.0875244140625,1820.4648690644453,1760.3341042723987,1820.4648690644453,8468790
2024-11-29,1766.2283935546875,1784.4340168837268,1754.0121263454853,1759.811276019277,5244346
2024-12-02,1787.095947265625,1789.9479994533772,1744.6953452341356,1767.3216723437565,2868263
2024-12-03,1798.789306640625,1806.0620629902432,1778.8725217831325,1793.9408410909798,4715792
2024-12-04,1796.0799560546875,1819.56180716774,1782.5327074778559,1791.0888644737497,4705573
2024-12-05,1839.4310302734375,1853.7388717964993,1795.7946087095554,1806.2997139926326,9050038
2024-12-06,1827.594970703125,1842.3780374823932,1818.0881305684336,1837.4821076532628,3573331
2024-12-09,1828.783447265625,1835.0103583375276,1803.6377838079438,1829.3062538776032,4274645
2024-12-10,1852.45556640625,1868.664660829215,1836.721697987323,1843.3764867481466,6174921
2024-12-11,1876.79296875,1880.4530791874988,1855.7352935156714,1858.5873457085745,5025612
2024-12-12,1889.0091552734375,1900.227273174294,1873.370449502188,1877.791037372581,6462130
2024-12-13,1901.0828857421875,1907.500003205855,1857.4465798294907,1872.6099443049989,5362693
2024-12-16,1882.4019775390625,1900.9877808683423,1880.072732013709,1897.0424188970678,3119221
2024-12-17,1879.1220703125,1884.255787393359,1861.4393701898068,1870.9462106912868,5811050
2024-12-18,1881.5465087890625,1887.060407082662,1864.861955978867,1869.8055830579622,3064095
2024-12-19,1850.2213134765625,1863.1031292043601,1825.3134369549032,1838.623014099366,5323592
2024-12-20,1827.357421875,1882.3068918972044,1816.9949422253026,1877.7436779576376,11056720
2024-12-23,1829.4014892578125,1844.3271834459897,1814.855975875461,1834.867922920088,2781793
2024-12-24,1814.903564453125,1846.2285597653754,1749.2587795923225,1832.0158786013108,2360544
2024-12-26,1813.3348388671875,1825.0757640546135,1808.4863732653307,1814.9034908105154,3623321
2024-12-27,1822.2237548828125,1829.25884045684,1810.007487366256,1815.236249934069,3937500
2024-12-30,1812.00390625,1821.510747311123,1793.4655661808106,1821.2254956591669,7789055
2024-12-31,1787.2860107421875,1803.4476395627287,1754.0596496753712,1798.9794709559926,3613063
2025-01-01,1789.6627197265625,1799.5973216045268,1781.5819053214227,1781.5819053214227,1838368
2025-01-02,1861.2967529296875,1865.8600828114977,1792.324694404524,1793.9408108770863,7083645
2025-01-03,1843.1387939453125,1856.6384617090841,1827.214835312903,1856.6384617090841,6218003
2025-01-06,1842.2830810546875,1875.69964894824,1832.9188662808956,1855.7352837034794,7164403
2025-01-07,1835.6282958984375,1861.9623140172655,1828.7834170796311,1849.08049857111,4294832
2025-01-08,1837.81494140625,1842.9961231909604,1795.6045452981161,1834.8202633622047,5482050
2025-01-09,1822.74658203125,1855.5926464465324,1816.3294646707038,1838.6705399259386,6833503
2025-01-10,1869.947998046875,1880.2630131182193,1836.9593070090002,1841.475056372847,8036913
2025-01-13,1865.4322509765625,1885.0164358188285,1852.8832675701437,1859.538056114521,5804152
2025-01-14,1844.374755859375,1874.5589763818855,1835.8660634362316,1871.7543886244132,5792162
2025-01-15,1853.501220703125,1861.4869901029845,1841.5700892018165,1850.981884706997,2985439
2025-01-16,1833.3466796875,1869.948017007702,1822.3187674971882,1868.9973329214629,7533579
2025-01-17,1725.9193115234375,1766.3709642563163,1722.6394979722525,1759.7161759087412,16409953
2025-01-20,1723.87548828125,1737.8029172097529,1704.7191808636662,1733.0494968108637,4333011
2025-01-21,1711.896728515625,1741.3204695981628,1704.6240883474466,1729.3418737355341,7169109
2025-01-22,1764.8974609375,1773.7864501626696,1716.1274359637641,1718.2664752007781,8373913
2025-01-23,1773.4534912109375,1786.8582289789933,1761.3322697336553,1766.370941552174,5907471
2025-01-24,1782.96044921875,1801.4513245969808,1772.312833717117,1773.501188842313,4887027
2025-01-27,1732.1463623046875,1771.1244088768565,1722.6395216773292,1757.577160982871,7652371
2025-01-28,1739.5142822265625,1771.5998715284597,1734.9034874184256,1739.7519532584283,6999495
2025-01-29,1788.474365234375,1795.5094503993766,1749.7339902797964,1754.0120684956396,5145155
2025-01-30,1768.224853515625,1794.1309953598945,1753.0614884709362,1780.7739533235829,7336056
2025-01-31,1787.095947265625,1803.875428129993,1778.729881094765,1778.729881094765,5820470
2025-02-01,1760.0489501953125,1797.3633003755383,1754.9628135718901,1787.571323971164,1701402
2025-02-03,1771.40966796875,1784.0062318529979,1742.0335070965566,1745.4559465267448,4823228
2025-02-04,1805.158935546875,1816.947325024505,1782.5326085489075,1795.8421853594061,7334787
2025-02-05,1803.495361328125,1825.0282638663168,1800.880979990787,1812.0039378058837,4996744
2025-02-06,1821.177978515625,1829.116167362465,1806.2997494743677,1822.46137881177,4765255
2025-02-07,1809.769775390625,1828.8309215990796,1796.2699917999128,1824.648004479721,4126260
2025-02-10,1787.5712890625,1811.0531389851265,1785.9550565261386,1811.0531389851265,3828734
2025-02-11,1783.1505126953125,1809.1516975397526,1777.779124750046,1790.2330622534764,4411601
2025-02-12,1771.2669677734375,1801.1659339967016,1755.91339753029,1792.0393905493213,5633947
2025-02-13,1752.348388671875,1781.1065814060805,1745.1232130462338,1776.353161119435,5237744
2025-02-14,1764.849853515625,1767.606860408019,1738.1831200991312,1762.5681886374266,5292961
2025-02-17,1751.4453125,1761.3799146336082,1732.2890052365772,1747.880247229523,4428956
2025-02-18,1760.619384765625,1769.8410902296603,1746.977091046225,1751.445375977347,4365260
2025-02-19,1721.498779296875,1758.004955145868,1716.840404092615,1756.2937934312417,4611411
2025-02-20,1735.14111328125,1740.7025920720746,1716.5077280780874,1716.5077280780874,2218020
2025-02-21,1725.4915771484375,1739.6092122968646,1717.1255109603246,1731.956275207461,3379879
2025-02-24,1677.101806640625,1718.8368620656656,1663.9348549947076,1711.2789698500455,7594720
2025-02-25,1680.524169921875,1690.744023588038,1659.0863139546623,1659.0863139546623,5092963
2025-02-27,1677.2919921875,1688.2723238346587,1664.7428925260701,1668.640674098442,5757079
2025-02-28,1604.4696044921875,1668.5457398498413,1599.4785126706022,1668.4982752722037,12182167
2025-03-03,1624.3388671875,1643.3525496222132,1608.8427856333933,1608.8427856333933,7504969
2025-03-04,1605.0399169921875,1615.212189837081,1587.642352576766,1611.4094536632444,6759673
2025-03-05,1627.0958251953125,1647.4879525703643,1608.9852468032536,1608.9852468032536,8180782
2025-03-06,1631.231201171875,1637.3631829139892,1607.7017709749155,1630.4231429408271,10610547
2025-03-07,1602.853271484375,1620.9162680194895,1592.8710891886537,1619.109945155919,8019331
2025-03-10,1617.5413818359375,1634.225933863566,1593.5366088108908,1602.8533592169706,7558981
2025-03-11,1579.6566162109375,1597.1492261839649,1556.3173920894415,1597.1492261839649,12671234
2025-03-12,1512.3956298828125,1556.1746748414012,1486.6796971141694,1556.1746748414012,14870008
2025-03-13,1501.938232421875,1526.8462251444753,1492.8592690164621,1520.381526929375,7822888
2025-03-17,1511.63525390625,1515.3904095675546,1468.949515897204,1468.949515897204,7526032
2025-03-18,1511.63525390625,1511.63525390625,1511.63525390625,1511.63525390625,0
2025-03-19,1508.307861328125,1523.9465678973438,1495.2359553339961,1523.9465678973438,7387068
2025-03-20,1535.8778076171875,1551.4214700841842,1513.4891497172634,1513.4891497172634,7186750
2025-03-21,1514.011962890625,1524.8022038807094,1486.5371700431922,1500.131882621123,10074677
2025-03-24,1514.2021484375,1527.844442496362,1495.140885206093,1519.1456594946171,8857726
2025-03-25,1548.1414794921875,1555.46181670782,1525.84798372026,1525.84798372026,9890140
2025-03-26,1520.571533203125,1556.9827781599724,1516.3410356679321,1545.8122407498795,6651302
2025-03-27,1524.469482421875,1540.0606082841557,1507.7849306219216,1516.8640098840594,9426573
2025-03-28,1493.19189453125,1519.620840928022,1483.0670864043914,1511.5876072967835,6799047
2025-04-01,1451.21923828125,1471.0885586286036,1442.9957978349414,1463.3404602190724,12680733
2025-04-02,1473.7030029296875,1478.9317655581158,1459.4902057913214,1459.4902057913214,6193478
2025-04-03,1422.69873046875,1458.9673514518697,1411.8134441365378,1458.9673514518697,10459504
2025-04-04,1380.0606689453125,1399.4070681791675,1376.5906485892897,1388.4742004590178,9590254
2025-04-07,1327.8680419921875,1336.5668248830998,1242.5441423903983,1285.3249277060586,21715252
2025-04-08,1358.3375244140625,1384.671428260199,1345.218037067066,1360.4289830692378,12805001
2025-04-09,1334.4752197265625,1339.9416532809853,1313.7503760547593,1335.758736096975,8546854
2025-04-11,1339.941650390625,1367.844321400648,1328.1532604606723,1341.652928180614,12567440
2025-04-15,1355.675537109375,1376.3053358191778,1339.513907284088,1374.3089224037624,10178530
2025-04-16,1343.4117431640625,1357.1016180730755,1327.9156612183533,1354.7249077086744,12022740
2025-04-17,1349.49609375,1359.2881865002564,1310.327954849587,1329.0563853909828,14264227
2025-04-21,1379.442626953125,1399.2169026224717,1340.4645789137878,1340.4645789137878,15648970
2025-04-22,1352.6334228515625,1368.985143422317,1349.3060284057444,1368.985143422317,9399738
2025-04-23,1402.1640625,1414.427911126592,1368.6048659090611,1374.6892676203474,11136642
2025-04-24,1398.836669921875,1409.7695375562273,1389.4248737048488,1397.4106437086987,7114292
2025-04-25,1407.2025146484375,1427.642222162945,1391.3261370921732,1402.7343459374797,8329979
2025-04-28,1409.0087890625,1416.1389193452367,1393.0373668593481,1407.2024661808139,5886253
2025-04-29,1423.6494140625,1435.3428747016321,1401.4033833138335,1408.9138107783806,8056743
2025-04-30,1426.1212158203125,1434.3922372400868,1409.4842438297574,1422.9840278751349,7704183
2025-05-02,1432.5858154296875,1448.081895785028,1422.4134264838601,1425.7408206525301,7402310
2025-05-05,1434.2020263671875,1447.8919007730015,1428.6881281546378,1440.2864278864722,4282493
2025-05-06,1436.958984375,1440.856765886036,1425.170478593818,1431.7302219442606,4270530
2025-05-07,1433.9168701171875,1443.8990531370239,1422.7937965506155,1426.026145690909,5691799
2025-05-08,1436.8638916015625,1441.7123570303784,1427.166844693632,1433.6315426322524,8424409
2025-05-09,1433.2513427734375,1436.8639888159648,1420.4171072727893,1426.6915991963783,4478653
2025-05-12,1546.6678466796875,1551.5163119444549,1456.4479104772702,1461.2013305506293,11372857
2025-05-13,1491.242919921875,1532.6927196880702,1487.4401838690076,1529.6505772658943,12846210
2025-05-14,1513.869384765625,1516.3411402167324,1492.0986956552736,1496.3767741072957,4870057
2025-05-15,1533.4534912109375,1538.7772990924948,1493.524758023796,1511.3976659657826,11151167
2025-05-16,1511.49267578125,1533.0731584594146,1503.5069061207216,1533.0731584594146,4576751
2025-05-19,1482.8770751953125,1506.8342676039738,1478.9791776249906,1498.7534529196623,8855798
2025-05-20,1483.6375732421875,1505.4082621953962,1481.1658178089215,1492.5740269319685,7143998
2025-05-21,1491.1480712890625,1493.5247816353951,1475.5568282070587,1490.5776840160047,4157309
2025-05-22,1471.18359375,1483.8277382618005,1464.0534632471729,1478.789066286349,6158990
2025-05-23,1487.6304931640625,1508.9257236923431,1473.5603223754533,1473.5603223754533,5038421
2025-05-26,1502.55615234375,1505.693456152503,1485.6339297061554,1489.3416207391451,3170102
2025-05-27,1492.6690673828125,1504.8378701621398,1479.6447417622219,1501.985817890451,7775714
2025-05-28,1494.2852783203125,1509.4010623010483,1492.5740005619675,1503.0315254066693,3623370
2025-05-29,1507.404541015625,1529.5555248389078,1498.8483849371494,1510.6368898553303,8609500
2025-05-30,1506.5369873046875,1515.5027951891782,1499.2101525439637,1514.5387348868949,13148092
2025-06-02,1497.9569091796875,1503.9340358386107,1483.6887699715526,1503.9340358386107,4374509
2025-06-03,1487.5450439453125,1510.9717563250315,1480.410974183671,1502.9700087561519,6853403
2025-06-04,1495.4503173828125,1501.3311794658816,1486.0025968815146,1487.545069852834,4548307
2025-06-05,1498.43896484375,1511.3572786610305,1486.195328477135,1492.2689554139665,6948539
2025-06-06,1507.5975341796875,1512.5142181403369,1487.641415492617,1498.8244913615613,3960020
2025-06-09,1516.3704833984375,1530.9277705261318,1514.5387452749073,1521.2871674371763,2903202
2025-06-10,1538.6402587890625,1549.726952383094,1520.8051430073597,1527.0715350387688,8591925
2025-06-11,1572.4786376953125,1575.8528485433976,1532.9521677606,1532.9521677606,10597410
2025-06-12,1550.7874755859375,1569.4902701551284,1540.6648417796544,1558.8856061675938,10483574
2025-06-13,1544.4246826171875,1551.1731050755648,1513.7675163758718,1519.3591134860721,6968315
2025-06-16,1565.441162109375,1576.0458254086714,1539.7006814911979,1542.4964798976407,5591842
2025-06-17,1580.962646484375,1588.193099360836,1557.535932091381,1562.452616510744,7622083
2025-06-18,1574.214111328125,1585.589952431105,1562.7417700471647,1562.7417700471647,5629707
2025-06-19,1560.2352294921875,1571.4183055533617,1553.5831898154863,1565.5375611980423,5147760
2025-06-20,1564.573486328125,1572.0930860674746,1551.076642111549,1560.8136276168789,9202821
2025-06-23,1527.071533203125,1543.4605584963404,1518.7806380620095,1543.4605584963404,7943676
2025-06-24,1524.7576904296875,1551.172965207259,1519.9373891083474,1543.4604830931148,8083992
2025-06-25,1556.8609619140625,1561.6812632899293,1528.1319186406413,1532.8558375256184,7813533
2025-06-26,1557.9215087890625,1565.6339915058402,1548.8593180602195,1550.9803214172216,6519233
2025-06-27,1550.208984375,1571.0326636135578,1544.8102701550988,1560.8136478253264,8912268
2025-06-30,1544.2318115234375,1556.9573602116636,1536.8084767193552,1556.9573602116636,6294505
2025-07-01,1549.0521240234375,1559.5602870581276,1542.978497111504,1551.1730095922587,4178937
2025-07-02,1552.619140625,1589.735462831807,1545.7743359105034,1559.8495930029494,8653641
2025-07-03,1560.5244140625,1573.7321112354073,1556.9574379034102,1560.331649069145,5259695
2025-07-04,1581.7337646484375,1584.3367981958825,1554.3545449332526,1566.5980642699803,4411273
2025-07-07,1568.526123046875,1584.91514830305,1564.669881810128,1581.058907066303,3294523
2025-07-08,1579.8056640625,1587.0361167588558,1563.2238729521173,1569.4902652889589,4590681
2025-07-09,1574.9852294921875,1579.1307357618878,1565.248244218562,1578.937970779495,4580828
2025-07-10,1557.7286376953125,1579.998406486553,1549.341242702206,1579.998406486553,5330179
2025-07-11,1537.579833984375,1549.3413228616234,1506.8262861181436,1522.3476337948875,11391755
2025-07-14,1513.8638916015625,1534.5911874414394,1503.7412587495296,1534.5911874414394,9173426
2025-07-15,1528.614013671875,1545.967099361679,1507.790334380739,1508.8507771918205,7614807
2025-07-16,1550.112548828125,1554.0651724422496,1521.7691530397587,1522.2511831800944,6223491
2025-07-17,1526.5894775390625,1552.1370753633664,1523.3116489985612,1540.5683518202854,7374814
2025-07-18,1529.0960693359375,1541.8217363306167,1523.2153248462614,1534.8804313290245,5161833
2025-07-21,1527.36083984375,1531.8918763569468,1510.4897839367352,1523.2153333190533,3682661
2025-07-22,1514.4423828125,1528.806905141675,1508.7544033781517,1508.7544033781517,8473741
2025-07-23,1517.9129638671875,1534.6876368616054,1494.2934861823694,1519.648319505044,8035026
2025-07-24,1496.70361328125,1525.14339208434,1492.558106924831,1523.21527148752,14169664
2025-07-25,1461.2261962890625,1493.8114825426642,1456.9844249801497,1487.930738061539,10851259
2025-07-28,1461.515380859375,1464.6968268487494,1429.2193615593824,1459.4908778130184,6439855
2025-07-29,1459.2979736328125,1462.6721845547067,1442.3305365336291,1458.5267960319763,7070448
2025-07-30,1464.40771484375,1467.0106307922656,1451.8749299240865,1465.2753927209724,5719051
2025-07-31,1454.76708984375,1472.21655890233,1443.198365471235,1455.4418850255533,6851407
2025-08-01,1416.782958984375,1444.8370894973941,1412.83033538686,1440.2096707795008,8702978
2025-08-04,1427.291259765625,1429.5086455065348,1398.8514812022438,1408.9741142502269,8610216
2025-08-05,1407.8173828125,1425.5559991895734,1402.7078158601623,1425.5559991895734,10213323
2025-08-06,1385.0654296875,1403.768223634903,1378.895537719122,1399.8155998166778,10566934
2025-08-07,1385.25830078125,1390.1749848888187,1363.3740608530718,1378.6062610201184,9892020
2025-08-08,1371.9542236328125,1381.6912093691872,1366.169861688454,1373.785961785155,10048009
2025-08-11,1376.8709716796875,1381.8841562074572,1363.1813615156616,1368.8693412283471,6625368
2025-08-12,1372.918212890625,1389.2108550605094,1369.9296495773656,1376.8708364780418,9899184
2025-08-13,1375.328369140625,1382.4624387348806,1371.279363046038,1373.7858962323605,10318063
2025-08-14,1395.6700439453125,1417.1686356270611,1374.9427475738962,1374.9427475738962,12902347
2025-08-18,1384.1978759765625,1412.05912550974,1378.2206312900619,1412.05912550974,7254561
2025-08-19,1388.246826171875,1397.3090164904586,1381.2091389381637,1381.2091389381637,3986094
2025-08-20,1442.427001953125,1445.1264179190935,1388.921654258322,1388.921654258322,10413061
2025-08-21,1442.619873046875,1453.802949118853,1430.9547668193538,1453.802949118853,6565539
2025-08-22,1434.0396728515625,1450.2359327005538,1432.6899649169563,1444.258688328196,5543397
2025-08-25,1477.0367431640625,1483.6887826854402,1452.549588321255,1452.549588321255,10694531
2025-08-26,1474.6265869140625,1483.1103644867733,1464.021923789744,1468.2638125760993,15994798
2025-08-28,1446.1868896484375,1474.6266696224122,1444.162386475055,1474.6266696224122,5443364
2025-08-29,1416.782958984375,1447.922152992462,1414.951220922169,1447.922152992462,8169075
2025-09-01,1445.511962890625,1449.3682038919694,1423.145694472945,1423.6277245981132,4546057
2025-09-02,1444.837158203125,1458.4305028963795,1432.8829043510907,1445.5120710387366,5218763
2025-09-03,1425.941650390625,1447.9222736017668,1420.0609057500144,1446.09053538698,4623483
2025-09-04,1410.420166015625,1430.6654315565193,1407.6243677138264,1430.6654315565193,5787724
2025-09-05,1392.6815185546875,1419.771590084351,1381.4984423486478,1417.1686742864704,5466487
2025-09-08,1381.4019775390625,1405.5998666589085,1376.9673238557784,1398.8514448025214,3811567
2025-09-09,1450.2359619140625,1453.0316426482493,1419.5787971834648,1427.7733097648295,13072640
2025-09-10,1477.518798828125,1479.7361846012639,1455.056264347903,1455.8274419814547,7281071
2025-09-11,1455.4417724609375,1472.6020926929066,1452.3568266067848,1469.1314991861996,8003662
2025-09-12,1470.7703857421875,1487.4486761823323,1466.4321143461764,1481.7606968153777,12856963
2025-09-15,1454.1885986328125,1472.6021270614033,1447.2472937742573,1470.7703889313757,6167414
2025-09-16,1456.9844970703125,1459.5874130189484,1449.4647790449067,1454.18869843609,8923112
2025-09-17,1467.685546875,1471.830935901443,1459.58741614181,1462.3832147820146,4795698
2025-09-18,1485.2313232421875,1499.1138155530703,1483.2068200825713,1494.2935138953433,9331945
2025-09-19,1484.845703125,1495.546867150236,1465.4681136380061,1489.0875921991392,12988129
2025-09-22,1445.6083984375,1460.2620677071914,1428.7373434373958,1429.4121385641438,15655204
2025-09-23,1443.6802978515625,1458.6232324870878,1439.3420265057648,1439.3420265057648,9832164
2025-09-24,1440.884521484375,1442.909024606748,1429.4121802134027,1433.7504516255494,4937004
2025-09-25,1431.4368896484375,1448.6934761875953,1423.4351414751138,1435.4858961438838,9491867
2025-09-26,1396.8270263671875,1425.555953399892,1389.4036912657584,1421.9889772759154,8597058
2025-09-29,1389.982177734375,1412.3483294621576,1384.872611107433,1407.5280279964163,10513117
2025-09-30,1389.982177734375,1400.0083106366037,1386.4150840398418,1391.1390030128964,7556305
2025-10-01,1393.8385009765625,1397.405477197979,1376.0997670015454,1394.0312659732858,6250692
2025-10-03,1394.609619140625,1396.2485922754322,1381.6911874663804,1387.282784330546,6877533
2025-10-06,1422.9530029296875,1425.6524188431904,1390.4642178899833,1394.6096065704758,4630590
2025-10-07,1406.0819091796875,1429.6050033943986,1401.743637948074,1424.5918193613172,5570320
2025-10-08,1441.2701416015625,1444.1623224877194,1402.707729786136,1404.6358503769075,4657192
2025-10-09,1455.0562744140625,1459.5873108023447,1433.557682406266,1448.0185870707542,7028753
2025-10-10,1460.4549560546875,1467.0104954131987,1444.933608930849,1455.7310370996563,3738353
2025-10-13,1439.5347900390625,1450.6214834671307,1430.087069727637,1443.1982662450723,5859355
2025-10-14,1436.353515625,1459.9729938155936,1433.075686951717,1445.1264411305913,5600789
2025-10-15,1421.4105224609375,1435.1001315764527,1414.75848288892,1430.5690952632847,6986098
2025-10-16,1418.61474609375,1421.5069270236047,1408.0100826842827,1420.9285143742625,8005748
2025-10-17,1389.3072509765625,1405.9855409539045,1382.462446500531,1402.6113299617484,16959378
2025-10-20,1408.395751953125,1414.276496397426,1397.8874708768014,1401.4544470050912,6994246
2025-10-21,1419.482421875,1432.5936185349226,1417.1686535978035,1424.881136066363,1698704
2025-10-23,1473.566162109375,1490.4372172856354,1451.8748054541832,1455.7310466373283,20358624
2025-10-24,1470.57763671875,1487.5450748262833,1463.4435668090073,1484.1708637038648,8652257
2025-10-27,1472.633056640625,1483.2043487095048,1466.3685916918344,1478.0165606695539,7273211
2025-10-28,1468.4241943359375,1474.5908017388306,1458.9296979699484,1467.9347848431598,8211019
2025-10-29,1478.408203125,1488.0005573851865,1465.1941469679696,1468.4241778932897,4884976
2025-10-30,1462.1597900390625,1476.2546872805226,1457.5592692997866,1475.0801523386458,5608867
2025-10-31,1450.9034423828125,1465.3898918009988,1449.3372364048548,1458.4403008415877,4819814
2025-11-03,1454.0355224609375,1459.8105780526128,1442.974820743242,1450.9033496746388,5470600
2025-11-04,1436.808349609375,1450.511814804534,1431.9142548968182,1448.3583414401685,8691330
2025-11-06,1435.6336669921875,1451.58846323567,1430.9354078512456,1447.2816360762577,7944752
2025-11-07,1445.5198974609375,1449.533031326473,1418.4065403991735,1438.8638806951196,8765759
2025-11-10,1481.4425048828125,1487.8048281611332,1458.4402591842686,1458.5381171839108,9787975
2025-11-11,1497.88671875,1500.9210336624128,1479.0933228205395,1492.6989304110698,13692989
2025-11-12,1518.8333740234375,1526.1745164244364,1505.5214596999074,1507.3812396717751,14635417
2025-11-13,1509.14306640625,1524.5104757353395,1497.8866487683968,1524.1189242683809,19655689
2025-11-14,1470.9691162109375,1497.59294295853,1457.2656513734084,1487.8047537888665,9739549
2025-11-17,1475.66748046875,1478.212385937251,1460.8873376663598,1464.3132041198487,7910354
2025-11-18,1454.91650390625,1474.1013313334302,1451.784211591062,1474.1013313334302,7525119
2025-11-19,1508.4578857421875,1510.317665675936,1458.9296699222182,1458.9296699222182,10981126
2025-11-20,1503.955322265625,1522.0634729079381,1501.5082748815287,1522.0634729079381,7387584
2025-11-21,1512.2752685546875,1518.6375916910017,1493.9714020948772,1498.5718033380108,9186302
2025-11-24,1515.2117919921875,1551.4280945139647,1508.3600590826622,1530.4813442936104,19270381
2025-11-25,1498.1802978515625,1517.7566773334454,1493.5798964672151,1516.1905908718425,8107952
2025-11-26,1524.902099609375,1527.251289037942,1499.6485223505715,1499.6485223505715,7575038
2025-11-27,1533.2220458984375,1540.954739594805,1519.3227449478784,1530.8728564928056,7552252
2025-11-28,1527.055419921875,1535.179665000364,1524.0211050739736,1531.8516566735827,4453221
2025-12-01,1530.872802734375,1540.6609920101703,1523.042251313739,1529.4045743430058,5341800
2025-12-02,1527.9364013671875,1546.4361036663386,1523.1401645511503,1533.8093151456649,6335969
2025-12-03,1545.261474609375,1552.406900951154,1521.182551618934,1522.1613705980963,12895312
2025-12-04,1563.7611083984375,1565.1314788059085,1534.7880917871573,1534.7880917871573,12609619
2025-12-05,1581.9671630859375,1597.2368345243183,1566.1103436503722,1575.8985332981872,10344725
2025-12-08,1576.681640625,1595.4749170068917,1566.306063981828,1582.8481284293375,7550413
2025-12-09,1565.1314697265625,1572.8641631737528,1548.883099378693,1567.2848235795727,6957599
2025-12-10,1551.2322998046875,1573.9408513587562,1549.2746619298632,1573.9408513587562,5116140
2025-12-11,1564.1527099609375,1573.3536321517727,1547.023378030827,1564.1527099609375,5159319
2025-12-12,1564.348388671875,1567.8722324584342,1549.0788370408115,1567.4806809838458,4633912
2025-12-15,1572.766357421875,1576.6816332735752,1551.4280562362142,1551.4280562362142,4190558
2025-12-16,1559.1607666015625,1569.0468143358012,1552.0153403019585,1566.1103574156468,5499258
2025-12-17,1568.0679931640625,1572.8642300238714,1552.4068896118622,1553.5814245843821,4817628
2025-12-18,1592.3427734375,1595.4749463972676,1572.6684162407605,1576.3879761796316,6577293
2025-12-19,1603.9906005859375,1619.847539612933,1595.2792073285575,1615.0513027562847,13149023
2025-12-22,1653.8125,1657.3362243784013,1628.7547583833573,1628.7547583833573,23098923
2025-12-23,1632.9637451171875,1643.4370603643276,1621.3157754082474,1643.4370603643276,6593060
2025-12-24,1628.16748046875,1632.2784723030877,1617.4983299175808,1625.8182910699556,4271167
2025-12-26,1621.0220947265625,1633.453167508233,1616.7152673020842,1628.167521100225,2006491
2025-12-29,1609.863525390625,1637.6620082639456,1602.4245250544589,1622.8818655924697,4062817
2025-12-30,1587.2528076171875,1612.9957941560388,1582.554548282334,1612.1148331917736,9395937
2025-12-31,1581.1842041015625,1594.1045668429529,1575.1154547350545,1586.6655664923117,6538656
2026-01-01,1595.2791748046875,1604.8715288376811,1579.9116455766828,1581.184158007412,3658165
2026-01-02,1605.6546630859375,1608.6889779975038,1593.0278744696911,1601.2499777187402,2524526
2026-01-05,1572.374755859375,1602.3265912739637,1549.568226955718,1602.3265912739637,5917885
2026-01-06,1578.0518798828125,1585.5888575673962,1565.1315174017209,1566.2081943610224,4466729
2026-01-07,1604.2843017578125,1607.2207586859843,1580.7926463324388,1580.7926463324388,4508079
2026-01-08,1579.128662109375,1609.472049603195,1574.5281413468902,1604.186403368615,3942131
2026-01-09,1579.91162109375,1596.747378487979,1572.9620305433675,1575.898487352098,6816681
2026-01-12,1562.09716796875,1579.1286413969012,1558.867017677559,1575.996349102621,6985362
2026-01-13,1565.1314697265625,1583.7290294043642,1552.7983751003353,1583.7290294043642,8080618
2026-01-14,1565.91455078125,1582.7501883551427,1549.5682031809922,1554.3644397699236,7557157
2026-01-15,1565.91455078125,1565.91455078125,1565.91455078125,1565.91455078125,0
2026-01-16,1654.00830078125,1658.119292555676,1618.3792672921977,1628.461030733189,19335957
2026-01-19,1645.59033203125,1649.309891747184,1631.201741600405,1649.309891747184,5104958
2026-01-20,1623.7628173828125,1644.6115898062917,1617.889903547792,1637.5641409981627,6406503
2026-01-21,1619.358154296875,1621.9030597634667,1596.6494821313709,1616.0301458476063,6224582
2026-01-22,1628.265380859375,1635.8022392467942,1618.7708845027832,1630.712428320841,6228892
2026-01-23,1635.4107666015625,1640.2068839190629,1626.9928279555104,1631.8869227568262,5869137
2026-01-27,1647.05859375,1653.6167523834592,1625.9161283991023,1650.0930280724322,10673087
2026-01-28,1631.2017822265625,1653.029492632909,1615.05126953125,1644.4158380681818,8588664
2026-01-29,1624.35009765625,1631.2018305177105,1607.318623503672,1622.8818691859371,4749582
2026-01-30,1606.241943359375,1619.9454090553113,1583.8269648597889,1619.9454090553113,9207926
2026-02-02,1594.8875732421875,1626.7970461591942,1583.7290136495644,1626.7970461591942,6784887
2026-02-03,1620.9241943359375,1691.3991593070652,1617.9877374621406,1690.616056346825,8805868
2026-02-04,1503.2701416015625,1551.3301265638145,1478.1144237257668,1540.66097646391,28828622
2026-02-05,1488.00048828125,1518.1481590925844,1483.5958031001303,1501.5082372972433,10628127
2026-02-06,1475.177978515625,1492.6988611765453,1448.6520095352703,1489.86026239605,13900866
2026-02-09,1465.4876708984375,1495.6353420798034,1461.376679139494,1489.8602864300617,8294615
2026-02-10,1466.0750732421875,1483.7916723660803,1459.4190565785855,1468.2284271414342,8657000
2026-02-11,1440.7236328125,1474.003477029586,1437.885033967625,1469.4029562852068,7934411
2026-02-12,1356.64306640625,1405.2903204885395,1351.259562174479,1398.6344233110094,26048896
2026-02-13,1340.1009521484375,1348.1273389393946,1254.3564391221673,1266.493817560756,45785709
2026-02-16,1336.6751708984375,1346.854912154694,1309.953484521095,1344.6035807140283,14621891
2026-02-17,1361.73291015625,1400.6899531531467,1338.0455387563604,1340.9819956812096,25347684
2026-02-18,1344.603515625,1371.3253201935424,1316.805153615715,1361.4392729027982,20241373
2026-02-19,1341.471435546875,1372.3042339560152,1334.326009074035,1355.6643110050506,14574228
2026-02-20,1324.5377197265625,1336.0878308198503,1309.8554358713993,1330.4106332686276,12633552
2026-02-23,1299.3822021484375,1323.3632672728343,1290.0834217940796,1323.3632672728343,12887826
2026-02-24,1248.4835205078125,1275.988307999553,1237.3249610296912,1273.4434027288626,27839061
2026-02-25,1262.7742919921875,1295.564726518415,1258.9568742250233,1258.9568742250233,16669618
2026-02-26,1261.7955322265625,1286.168148899459,1259.054910753846,1277.848187510079,11493914
2026-02-27,1272.5625,1306.723305439908,1266.7874442662774,1298.207628321947,23141724
2026-03-02,1261.5997314453125,1271.290062662244,1246.0364867011174,1263.6552272829085,9700361
2026-03-04,1279.7078857421875,1289.104523520103,1264.6340504084835,1264.6340504084835,15154950
2026-03-05,1278.141845703125,1292.0410271405913,1262.7743163409898,1292.0410271405913,10362147
2026-03-06,1280.686767578125,1299.0884925711757,1275.4011212294208,1275.4011212294208,8724291
2026-03-09,1287.14697265625,1290.0834296280893,1255.3353554613236,1262.676497890922,10068514
2026-03-10,1268.1578369140625,1293.0198627132945,1256.9014187299574,1292.0410437407636,9600171
2026-03-11,1249.2667236328125,1271.975276386956,1244.3726286871142,1260.7188580118502,7868891
2026-03-12,1238.9891357421875,1251.5179472285731,1231.3542997621664,1245.5471752363726,7599940
2026-03-13,1221.8597412109375,1242.7085131232232,1216.280401513626,1224.5025045780033,7366098
2026-03-16,1223.3280029296875,1227.7326883178384,1198.2701415781937,1213.931245180508,12314450
2026-03-17,1206.785888671875,1218.6295738865974,1189.3628638376754,1218.6295738865974,11223276
2026-03-18,1240.261474609375,1263.459555545422,1208.7435520363658,1211.7778669014497,12365381
2026-03-19,1194.9422607421875,1228.4178221249233,1189.3629208552388,1217.846529327881,9156461
2026-03-20,1229.2987060546875,1238.0102183433878,1203.1641691885866,1215.6930991638783,27299975
2026-03-23,1230.1796875,1234.3885372371806,1201.4023868626336,1211.9735596886824,12420293
2026-03-24,1251.224365234375,1269.5282325903943,1224.5025589595862,1242.1213008151199,13613495
2026-03-25,1252.00732421875,1263.263742406015,1230.4733068170258,1243.100095463166,10824030
2026-03-27,1242.806396484375,1267.3748481809973,1236.444073189259,1257.9780904958054,13092541
2026-03-30,1224.1109619140625,1238.6953882487069,1216.6719617488286,1223.5236944376795,14108486
2026-04-01,1248.6793212890625,1275.4011271577126,1242.610691424955,1262.6764804554484,8137156
2026-04-02,1273.247802734375,1277.7503462365091,1233.116223742555,1233.3119397486187,12873492
2026-04-06,1278.5333251953125,1292.041075138383,1271.4858762157266,1273.8350657038357,10208682
2026-04-07,1311.0301513671875,1316.609371698259,1266.1023367797188,1274.4222980187042,15355792
2026-04-08,1317.68603515625,1347.7358488962445,1302.8080347694565,1320.4267760360608,16030133
2026-04-09,1303.395263671875,1309.170319257509,1286.1680743957882,1301.7313192842819,14894607
2026-04-10,1265.12353515625,1290.9643801968148,1256.1184483091881,1290.0834192154255,19233369
2026-04-13,1249.756103515625,1261.6976471062894,1238.8911174058185,1245.0577246851824,10366082
2026-04-15,1277.6524658203125,1294.4881045276459,1272.9540869097948,1278.631284802942,12098912
2026-04-16,1291.2579345703125,1302.808046184627,1281.2740288923192,1294.0965334739733,18527029
2026-04-17,1290.7685546875,1300.165312581974,1278.4354593069281,1285.1893342368037,12064048
2026-04-20,1284.7977294921875,1296.8372503675125,1280.3930442184933,1292.0410136169874,7172300
2026-04-21,1285.385009765625,1296.9351212811175,1271.7795218169556,1282.2528368892558,10057440
2026-04-22,1241.729736328125,1270.2133447995752,1229.2987830540255,1267.5705813427946,20088378
2026-04-23,1214.32275390625,1238.891085420282,1200.0320212693207,1227.438951608261,14792854
2026-04-24,1130.144287109375,1197.9764852174349,1127.7950978335834,1174.5826894228176,42078914
2026-04-27,1145.5118408203125,1154.9084786451926,1130.04645394258,1130.1443119385692,19579883
2026-04-28,1127.697265625,1144.6308809119316,1125.4460537763027,1138.0727223885278,12720276
2026-04-29,1142.7711181640625,1153.2444330805374,1132.2978032475876,1133.961747660014,8303109
2026-04-30,1156.768310546875,1164.5988623339997,1135.0384576467616,1142.7711514334947,12205669
2026-05-01,1156.768310546875,1156.768310546875,1156.768310546875,1156.768310546875,0
2026-05-04,1143.652099609375,1169.6886601132755,1140.5198072387318,1169.6886601132755,7735811
2026-05-05,1153.1466064453125,1160.0961972461241,1135.5278649580357,1144.728787187228,8164108
2026-05-06,1142.4774169921875,1166.2627649868193,1139.443102180398,1161.8580797644604,9856963
2026-05-07,1138.07275390625,1150.5038263553197,1134.6468875555572,1148.1546369607545,12013987
2026-05-08,1154.2232666015625,1158.4322359116547,1134.2554554613432,1136.4088093734103,7582770
2026-05-11,1152.0699462890625,1161.8581361470833,1147.2737093616843,1151.0911273032605,7336288
2026-05-12,1116.1473388671875,1137.3876630949442,1099.2137225952,1137.3876630949442,16891948
2026-05-13,1099.3115234375,1118.398492694932,1097.2560275682617,1112.5255790772605,6664111
2026-05-14,1071.8067626953125,1098.137016652994,1065.933848927119,1096.0815207310736,16914842
2026-05-15,1095.2984619140625,1109.1976439317652,1078.266987402901,1078.658538900176,17482450
2026-05-18,1118.3006591796875,1121.8243835304838,1094.319594715878,1095.2984136735845,12096377
2026-05-19,1171.5484619140625,1173.0166903851343,1137.3876555901809,1137.3876555901809,32175705
2026-05-20,1168.4161376953125,1181.3366195800531,1159.802602590221,1161.8580984968487,15121010
2026-05-21,1156.180908203125,1176.3446743746752,1152.0699163634372,1170.7653346096859,10021033
2026-05-22,1149.622802734375,1166.5564175672662,1147.6651649263981,1157.4533539662823,8803066
2026-05-25,1143.75,1159.900513478819,1141.4008105061328,1157.9428754813864,5856136
2026-05-26,1142.966796875,1155.6914427435413,1138.2685377836078,1141.5965459846338,8005767
2026-05-27,1135.3321533203125,1142.5754376343073,1130.5359164445094,1136.4088302961693,6371871
2026-05-28,1135.3321533203125,1135.3321533203125,1135.3321533203125,1135.3321533203125,0
2026-05-29,1136.3109130859375,1184.370898370815,1129.1654871448488,1156.96396849116,69085430
2026-06-01,1177.02978515625,1191.222659904496,1148.8397516554953,1150.1122640819906,19439331
2026-06-02,1243.8831787109375,1251.811588367994,1206.3943648530496,1206.3943648530496,36032600
2026-06-03,1196.7039794921875,1223.425783618914,1190.2437985614154,1215.7909483013548,18534303
2026-06-04,1175.855224609375,1189.4607121046952,1170.8631524946943,1182.4132636253246,12755957
2026-06-05,1172.1357421875,1197.8787294549086,1169.0035692089534,1194.159169493737,8692290
2026-06-08,1162.4453125,1175.26781631171,1151.5804465064052,1152.559265415463,8631711
2026-06-09,1155.300048828125,1168.3182691086097,1142.5754025403635,1168.3182691086097,10984054
2026-06-10,1145.300048828125,1171.4000244140625,1143.300048828125,1160.0999755859375,8887626
2026-06-11,1114.5999755859375,1133.699951171875,1109.0,1129.699951171875,9372176
2026-06-12,1116.4000244140625,1123.300048828125,1111.5,1120.0,8075333
2026-06-15,1134.9000244140625,1151.0,1123.0,1130.0,7856192
2026-06-16,1143.5999755859375,1153.800048828125,1123.199951171875,1136.9000244140625,10456090
2026-06-17,1157.699951171875,1162.5,1148.0,1149.0,5995119
2026-06-18,1127.5,1142.9000244140625,1125.300048828125,1142.9000244140625,16781447
2026-06-19,1051.4000244140625,1066.0,1030.0,1062.300048828125,45665442
2026-06-22,1065.4000244140625,1080.300048828125,1055.0,1055.0,10178505
2026-06-23,1029.300048828125,1055.300048828125,1026.0,1053.800048828125,19323064
2026-06-24,1056.5999755859375,1065.5,1037.699951171875,1040.9000244140625,12346266
2026-06-25,1041.199951171875,1068.0,1039.0999755859375,1065.0,15866779
2026-06-26,1041.199951171875,1041.199951171875,1041.199951171875,1041.199951171875,0
2026-06-29,1036.699951171875,1046.5999755859375,1029.0999755859375,1037.0999755859375,15080892
2026-06-30,1000.4000244140625,1030.4000244140625,996.0,1030.0,24128263
2026-07-01,985.2999877929688,1014.0,982.4000244140625,1006.0,13037982
2026-07-02,1040.9000244140625,1045.0,1006.0,1006.4000244140625,18741111
2026-07-03,1047.199951171875,1068.699951171875,1042.0,1063.0,11653534
2026-07-06,1042.199951171875,1053.0,1033.0,1050.0999755859375,5559747
2026-07-07,1071.800048828125,1087.5,1040.5999755859375,1040.5999755859375,18866296
2026-07-08,1069.300048828125,1079.699951171875,1064.4000244140625,1071.9000244140625,13022221
2026-07-09,1050.800048828125,1062.699951171875,1040.4000244140625,1062.699951171875,9003333
2026-07-10,1068.0,1091.300048828125,1064.699951171875,1075.0,9747266
2026-07-13,1102.5999755859375,1114.9000244140625,1057.0999755859375,1057.0999755859375,20994760
2026-07-14,1092.9000244140625,1113.5,1090.0,1107.800048828125,14819413
2026-07-15,1076.300048828125,1088.0999755859375,1073.0,1079.0,8501933
2026-07-16,1082.4000244140625,1097.300048828125,1077.9000244140625,1082.5,8592146
2026-07-17,1096.5,1116.800048828125,1092.0,1105.0,12547728
2026-07-20,1087.0999755859375,1103.800048828125,1083.199951171875,1102.0,6372645
2026-07-21,1073.5,1094.5,1067.199951171875,1080.0,9485229
2026-07-22,1052.0999755859375,1069.300048828125,1046.199951171875,1064.0,7517203
2026-07-23,1047.4000244140625,1058.5,1032.0,1046.9000244140625,13794578
2026-07-24,1040.9000244140625,1043.4000244140625,1013.9000244140625,1028.0,29036900
2026-07-27,1079.199951171875,1082.0,1057.4000244140625,1065.0,15956349
2026-07-28,1105.699951171875,1118.5,1097.0,1097.0,28100895
2026-07-29,1155.5999755859375,1164.5,1128.4000244140625,1147.0,34400369
2026-07-30,1155.0999755859375,1187.699951171875,1151.300048828125,1168.0,22630218
2026-07-31,1130.0999755859375,1139.300048828125,1107.199951171875,1118.9000244140625,14367075
2026-08-03,1180.0,1180.0,1138.0999755859375,1145.0999755859375,8582270
2026-08-04,1167.5,1175.699951171875,1153.300048828125,1168.0,9243589
2026-08-05,1174.0,1177.5,1162.300048828125,1174.699951171875,9964155
2026-08-06,1165.0,1185.800048828125,1163.0,1174.0999755859375,8521064
2026-08-07,1175.0999755859375,1183.0,1155.5999755859375,1160.0,7581410
2026-08-10,1183.0,1195.0,1175.199951171875,1178.0999755859375,9377001
2026-08-11,1190.699951171875,1193.5,1182.0,1188.0,10160091
2026-08-12,1176.0999755859375,1190.4000244140625,1163.300048828125,1185.5999755859375,7529777
2026-08-13,1175.0,1175.0,1157.0,1170.0,6234215
2026-08-14,1169.199951171875,1174.0999755859375,1158.9000244140625,1170.4000244140625,5844763
2026-08-17,1139.9000244140625,1166.5,1129.699951171875,1163.9000244140625,5817153
2026-08-18,1115.0,1131.9000244140625,1112.5,1124.5,8851110
2026-08-19,1119.800048828125,1134.699951171875,1113.800048828125,1125.5999755859375,8408573
2026-08-20,1130.0,1144.699951171875,1125.699951171875,1143.0,8559841
2026-08-21,1121.0,1133.5,1118.0,1133.0,6094967
2026-08-24,1130.0,1144.5,1122.0,1126.5,8565354
2026-08-25,1144.0,1144.0,1119.9000244140625,1132.0,8121237
2026-08-26,1120.0,1142.0,1118.300048828125,1142.0,6323984
2026-08-27,1110.800048828125,1130.699951171875,1107.199951171875,1120.0,6933998
2026-08-28,1144.0,1145.0,1123.300048828125,1123.5999755859375,9621969
