Date,Close,High,Low,Open,Volume
2014-01-01,135.26756286621094,135.68712318395941,134.72212448022805,135.22560683443606,1930884
2014-01-02,132.14181518554688,136.35844162690444,131.86910594154267,135.24659172797246,7046088
2014-01-03,132.05787658691406,132.58233191120854,130.2117914518994,132.16277164093646,12462028
2014-01-06,132.4355010986328,132.8760444031208,131.5334314880576,132.16278191530031,8469206
2014-01-07,132.87608337402344,133.1697756721819,131.21879475927676,132.79216131592287,8078735
2014-01-08,132.93898010253906,133.42147946141728,131.6383331257056,133.21169929949414,7763390
2014-01-09,132.41453552246094,132.87606188928387,131.17681750669405,132.87606188928387,7959027
2014-01-10,135.35147094726562,136.14864550044203,131.74321242915636,133.29560550496882,9541138
2014-01-13,136.54722595214844,136.90384720746212,135.35146418215018,135.77102446658338,6603277
2014-01-14,136.12765502929688,138.45623952878972,135.87591885986765,136.77797845344352,7859778
2014-01-15,137.97377014160156,138.24648937075224,134.82703742254003,136.4004037820708,9189578
2014-01-16,136.5682373046875,138.83388342224706,135.79204557421096,138.0367186581178,4928354
2014-01-17,136.2954864501953,137.61711636992595,135.3095147472768,136.77798578726,11712237
2014-01-20,138.54017639160156,138.66604449885352,135.56126793457307,136.14866240799296,8938669
2014-01-21,138.05764770507812,139.44220656402612,137.82688457095057,138.56113000018294,7243659
2014-01-22,137.3444061279297,137.93180056591456,135.4353916570718,137.8269054964104,11806241
2014-01-23,138.01568603515625,138.4562292855196,136.48427615839506,136.92481940875842,6535486
2014-01-24,136.0437469482422,138.6240676925655,135.68711571134162,137.57515698305048,5324998
2014-01-27,136.0227813720703,136.56820978498695,133.6941966769592,134.4703882510263,9599991
2014-01-28,137.05072021484375,137.59615864475933,133.79909258520414,136.0018093630775,13619641
2014-01-29,136.35842895507812,137.8269000324595,136.02278070262747,137.3234276537835,9476826
2014-01-30,136.1906280517578,136.65214447757415,133.42149957812532,134.91095391171802,15933336
2014-01-31,136.40040588378906,136.65214211169416,135.1417147713522,136.3164938078207,9742894
2014-02-03,134.38645935058594,136.25351748947753,134.13472319154837,135.37243095993742,6870129
2014-02-04,136.3164825439453,136.673113823798,132.54039954574242,133.63126641610384,13377546
2014-02-05,133.820068359375,136.25353821266884,133.21170089605152,135.30952248624556,9475363
2014-02-06,136.16966247558594,136.48433779264926,132.7921660218767,134.26064751053465,12047787
2014-02-07,135.70811462402344,137.1975688040029,134.34452854719444,137.1975688040029,12389542
2014-02-10,136.35842895507812,136.50528005198018,134.6801677470053,135.3304912225833,7082805
2014-02-11,136.40040588378906,136.88290530706286,135.3305119558254,135.98084550394722,7869507
2014-02-12,134.4914093017578,137.19759904833097,133.8410756660862,136.5682484209319,9472266
2014-02-13,132.95999145507812,135.5193299220657,132.2677018137559,134.55433099855102,4303860
2014-02-14,134.1767120361328,134.38649221997395,132.03693421513123,133.46344943816194,6031797
2014-02-17,134.30255126953125,135.20461085254834,133.23265760261685,134.68015551925515,5141648
2014-02-18,132.95999145507812,134.91096233631671,132.64531615864297,134.26063870923718,6074237
2014-02-19,132.85508728027344,133.7781300993372,132.62432408227963,133.33758670903606,3359398
2014-02-20,130.84117126464844,132.9809490702246,130.652364114097,132.58236173734429,7077222
2014-02-21,133.25369262695312,133.35857775081496,131.15587047476276,131.53347487190842,7146272
2014-02-24,134.28158569335938,134.47039282917507,132.58235138974868,132.58235138974868,4309197
2014-02-25,135.0787811279297,135.2675882928621,133.88301903821076,133.88301903821076,5560257
2014-02-26,137.93177795410156,138.39329424385878,135.30950137548226,135.43536945450694,12391503
2014-02-28,137.47027587890625,139.29538827815867,136.3374529954587,136.3374529954587,12367281
2014-03-03,138.1206512451172,138.85488704438728,136.79902082268302,137.53325662195311,9759053
2014-03-04,139.14854431152344,140.13452611397108,137.70104611444194,138.62408887662045,9650893
2014-03-05,139.8408203125,140.1135395251714,138.2254980132387,139.1904967866063,6304100
2014-03-06,140.3652801513672,140.61702634101525,138.60311666129616,139.58908849663882,5899637
2014-03-07,141.87571716308594,142.4001726002102,138.8758256800722,139.33735204957165,20820893
2014-03-10,140.8058319091797,141.81278680905402,140.23942040130734,140.9736560636735,9347006
2014-03-11,140.13455200195312,141.0995410053654,137.95280781463077,140.7219366127258,9354714
2014-03-12,143.07147216796875,143.91060287949173,140.2394147428759,140.26039774779673,10726780
2014-03-13,144.07843017578125,145.50495540841771,143.19735338098445,143.21832641345253,6257265
2014-03-14,145.67274475097656,146.07133200173982,142.65188082906735,143.53296738623783,6897445
2014-03-18,149.322998046875,149.78451447340487,145.86158994271085,146.84756184038946,13749124
2014-03-19,150.9173126220703,151.04318071765357,149.17612234047053,149.36492947030032,8840284
2014-03-20,149.2810516357422,150.4348477629348,147.81257023807137,150.4348477629348,11469950
2014-03-21,150.0782012939453,150.4977716393723,147.917450416122,149.5747288469263,11193774
2014-03-24,151.31590270996094,152.42775253420936,149.09221303437414,149.3859052628339,10948547
2014-03-25,152.21795654296875,153.14099919838984,150.497749298106,150.6236173911757,9008127
2014-03-26,150.64459228515625,152.53263365039493,148.42090266757643,152.30187049045549,15149289
2014-03-27,151.00123596191406,152.17601491466172,149.38591365527222,150.62363164696643,26459965
2014-03-28,150.39288330078125,151.67255745367956,148.52582460003268,151.67255745367956,9733769
2014-03-31,148.04331970214844,151.4627716704645,146.70070655362588,150.68657001578666,12461507
2014-04-01,147.6656951904297,148.35798472211633,145.10635712875586,148.31602868743022,10255405
2014-04-02,144.47698974609375,148.10622122736956,142.7987385819275,147.93839710824386,26083709
2014-04-03,145.1272735595703,145.8615188395852,142.96652365656877,144.5818453213695,10760165
2014-04-04,144.64480590820312,146.3440499531475,143.61687824865066,145.54687545824427,10707643
2014-04-07,144.9385223388672,145.5049337519609,142.92461287610962,144.64482014473725,11748896
2014-04-09,145.98745727539062,146.63778085937483,143.91060843487583,145.00147541009312,9400948
2014-04-10,144.26722717285156,146.72168014635722,143.9105958898074,146.09232965005452,11032927
2014-04-11,144.12037658691406,144.66581501540912,142.7987564965426,143.82668434159936,12132005
2014-04-15,143.0504913330078,144.30918234517915,141.2673449013559,143.78472692569855,7200749
2014-04-16,145.19029235839844,145.86159899337133,143.05051430225546,143.05051430225546,6787207
2014-04-17,148.21115112304688,148.42093132125962,144.3301825509201,145.67278579239337,8527505
2014-04-21,148.27406311035156,149.23906188384456,146.46994364069997,147.85450276227226,6880755
2014-04-22,147.1621856689453,148.54674443739694,146.4489232862118,148.06424517370803,5147127
2014-04-23,148.1901092529297,148.94532763942064,146.2391392251448,147.68663697720757,11759510
2014-04-24,148.1901092529297,148.1901092529297,148.1901092529297,148.1901092529297,0
2014-04-25,144.09942626953125,149.36496434866265,143.70083888732148,148.39996541761,7124547
2014-04-28,143.49102783203125,144.9385259174342,142.6518972063456,144.9385259174342,7566809
2014-04-29,142.7777862548828,143.86865323647044,142.0225675836571,143.07147852644945,6681067
2014-04-30,142.9665985107422,144.72877214876272,142.06452868513077,142.77779134297944,6704337
2014-05-02,142.75680541992188,143.70082122767755,142.6519103422108,143.11342674373535,4510618
2014-05-05,144.6238555908203,144.9595038633134,142.86168221441088,142.86168221441088,6812515
2014-05-06,145.98745727539062,147.26713141053966,144.87560729444246,145.16929956429402,7776414
2014-05-07,145.44200134277344,147.0153675589105,144.95950197090835,146.00841278166638,7307541
2014-05-08,143.55397033691406,145.94549433999669,142.90364678366174,145.58886304271712,8634471
2014-05-09,144.9805145263672,146.5119250211469,143.17638477170192,143.82670841018205,8210979
2014-05-12,150.68653869628906,151.04316992808774,144.74970576103107,144.89655684850968,11539433
2014-05-13,151.3998260498047,153.07808742608728,150.20406407123502,151.04319475937632,11467467
2014-05-14,153.4137420654297,154.819284281014,151.58863947485506,151.58863947485506,10709542
2014-05-15,154.46263122558594,155.11295470170302,152.78437001612207,153.41372046289848,9930518
2014-05-16,149.7635040283203,162.5811961871905,147.89644568552302,155.15490887418002,40343155
2014-05-19,141.854736328125,151.46276846043145,141.1834397410021,151.04319812056863,25167174
2014-05-20,143.008544921875,148.94537907423847,140.36528464282216,143.4910443391825,9597444
2014-05-21,143.34417724609375,143.86863264241683,142.10646929235008,142.4630905846053,11070806
2014-05-22,145.0853729248047,145.79863548147898,142.79875409396087,143.91059399040086,10932427
2014-05-23,143.9525604248047,146.5119086231219,142.94560555500811,146.42799654838146,10369650
2014-05-26,144.60287475585938,145.92450480798618,142.71484322186174,145.08537414125914,12807080
2014-05-27,144.24624633789062,145.84058555047136,143.57493984301396,144.74971872936558,7111658
2014-05-28,143.84767150878906,144.41408298474425,142.90364573358977,144.33017091222578,6491105
2014-05-29,143.70083618164062,146.00843837522166,142.8197493504941,144.74974717626037,15904432
2014-05-30,143.38613891601562,144.66581292576836,141.03658104161522,144.66581292576836,11472325
2014-06-02,141.24635314941406,143.9525421484919,140.7218977624159,143.49102579601384,11280670
2014-06-03,142.5207061767578,143.41840854228298,141.49476206772636,142.4779589289224,11193101
2014-06-04,141.47337341308594,142.69168504467774,140.53292393341536,142.13596074083523,15654413
2014-06-05,142.6703338623047,143.58940481788122,139.35738642355983,141.51614795121537,22003710
2014-06-06,143.93136596679688,144.85043674988822,142.3710763930038,143.2046526921322,16024262
2014-06-09,144.4657440185547,145.7054244754248,143.3329266101494,144.7435960733489,12511733
2014-06-10,144.209228515625,145.3206670494826,143.01229549154607,144.91457330142165,8811973
2014-06-11,142.47796630859375,145.21382079470874,141.2810331462252,144.91459004436206,17591289
2014-06-12,142.81996154785156,143.71765384337957,141.55890236742223,142.77721429568356,10194744
2014-06-13,142.17874145507812,143.99551489900594,141.8581319859186,143.99551489900594,8416552
2014-06-16,143.71762084960938,144.2305979188416,142.26420444858118,142.88404454320937,10149136
2014-06-17,143.65353393554688,144.5512363663729,142.92682050850067,143.61078668460192,6098558
2014-06-18,142.328369140625,143.97415366079247,142.0291282016981,143.824533191329,6865546
2014-06-19,143.73902893066406,144.01689114325072,142.43522253089606,143.1405572543991,8788560
2014-06-20,143.50387573242188,144.59394558628148,142.52067905830586,143.84586381101388,6990450
2014-06-23,134.63375854492188,143.20466783696318,133.586445925126,143.20466783696318,33376555
2014-06-24,137.0062713623047,137.9467210509062,134.65515222129187,134.65515222129187,18077894
2014-06-25,135.10398864746094,136.6642783889215,134.86887371080775,136.40778474849031,13574151
2014-06-26,135.18946838378906,135.87342425433152,134.01390398982454,134.65512277943787,13659957
2014-06-27,136.6856689453125,137.1986461478103,135.12537895256307,135.51011439468203,11439941
2014-06-30,138.95126342773438,139.95583890664503,137.02762728016648,137.04899582174951,22314069
2014-07-01,139.01541137695312,140.041355559827,138.50243420502525,140.041355559827,14962757
2014-07-02,140.7894287109375,141.15278540141784,139.14364441245334,139.42150660646553,9306027
2014-07-03,141.64437866210938,142.20010302983226,140.55430863049028,140.8535495181784,10115952
2014-07-04,142.5207061767578,143.24741955094126,141.04591088496377,142.00773920273267,10708319
2014-07-07,143.11917114257812,143.6321380927151,140.93904128253448,142.52069953977093,17027402
2014-07-08,143.5466766357422,144.25201143499118,141.7085344804215,142.77722603346132,15803786
2014-07-09,145.9832763671875,146.62448509557606,143.50390546780764,143.8458936172629,26261085
2014-07-10,146.26112365722656,149.1893456519697,144.05962518637634,145.57716770246813,42430312
2014-07-11,147.86415100097656,149.83054456431523,146.62447075304055,147.47942580157653,14437515
2014-07-14,147.45806884765625,149.317589365688,145.8977790637836,148.44126570658867,6912659
2014-07-15,146.34661865234375,148.74048465794337,145.94051475052197,147.69316192988083,5904027
2014-07-16,147.137451171875,147.56492362531372,145.34204654547113,146.06875987729757,8598157
2014-07-17,147.15879821777344,147.90687998250516,146.45346369214127,146.66719988763904,5706924
2014-07-18,147.0947265625,148.33440702922366,146.06878235538696,146.62449663037452,6100526
2014-07-21,149.55271911621094,149.6168349136741,147.0947267255097,147.47945199323513,8177341
2014-07-22,150.8565216064453,151.26262559740334,149.4885993259959,150.0443237855119,8148776
2014-07-23,151.17710876464844,151.75420168531681,149.25346230876016,151.1129929740081,8044919
2014-07-24,152.37400817871094,152.65187030602766,150.68547703729223,151.3266957678725,6278041
2014-07-25,152.73739624023438,153.54960408999318,150.64276082616115,152.60915449990102,8495970
2014-07-28,152.69464111328125,153.14349226177438,151.58320259343643,151.86106476364273,4496205
2014-07-30,153.57098388671875,155.8152399094659,152.9938909324383,154.0625823411785,11848905
2014-07-31,152.2030487060547,153.8915801745143,151.32672507738044,153.0366250884761,10259935
2014-08-01,149.42445373535156,153.01526322116584,148.82599226170336,152.1816868023795,9545592
2014-08-04,151.54046630859375,151.75420254691016,149.3175891081409,151.32673007027736,6475186
2014-08-05,152.18167114257812,152.69463806720555,148.9969659220855,152.18167114257812,4971636
2014-08-06,147.9282989501953,151.90383391255287,147.09472248035615,151.49772995007177,7650927
2014-08-07,148.0137939453125,149.89469330592482,146.8168607597361,148.0565411961909,4920727
2014-08-08,148.99700927734375,149.40311329133235,146.71000567045533,147.58633966316046,4388250
2014-08-11,148.63363647460938,150.4076626551187,147.92830174365815,149.8305696787966,5595000
2014-08-12,148.3557586669922,149.48857595529753,146.83821615523388,149.48857595529753,4348476
2014-08-13,152.73739624023438,153.03662696767884,148.54812541208793,149.4030805086245,10789938
2014-08-14,152.5450439453125,154.68242682188531,151.75421471961621,152.5450439453125,6878404
2014-08-18,149.89468383789062,151.75420437511696,148.1420263406193,151.58321538240392,7225243
2014-08-19,149.0183563232422,150.6213933300209,148.48401065431594,150.0443004140198,8052736
2014-08-20,147.45806884765625,150.04430273819835,147.00921766592705,150.04430273819835,7099498
2014-08-21,147.97100830078125,148.7618373173278,147.15880058385164,147.45804142333895,6235710
2014-08-22,146.90232849121094,148.6977330228866,146.0046262253731,148.01376697249108,7123904
2014-08-25,149.31759643554688,149.61682718387385,146.8809828772066,148.20615778077922,4210814
2014-08-26,150.6641387939453,151.24123170311637,149.42444832148445,149.59544746874107,6166860
2014-08-27,150.6213836669922,151.71144347795942,150.1939010626875,151.17709784331382,7417246
2014-08-28,151.88243103027344,152.60914433808688,150.407635873171,150.47176181955817,13099525
2014-09-01,149.85194396972656,153.03663951830245,149.4672085561932,153.03663951830245,7340711
2014-09-02,151.6259307861328,152.2671495351194,149.1893178297463,149.83052641775373,7618002
2014-09-03,149.14657592773438,152.05340861934695,148.8900823223737,151.88241965642615,10204218
2014-09-04,149.78781127929688,150.8351341056275,149.23209705059637,149.44583329240425,9127941
2014-09-05,149.9588165283203,150.47179372524744,148.911503749442,149.87332202232955,7591967
2014-09-08,151.30531311035156,151.75416417782034,149.72365518573093,150.89920927973796,6563491
2014-09-09,153.1221160888672,153.7205876837394,150.0442941068919,150.0442941068919,6017390
2014-09-10,150.065673828125,152.60916051409197,149.93743208273776,152.60916051409197,10499079
2014-09-11,150.1298065185547,150.87788848070863,149.40309310110024,150.06568056249267,9151782
2014-09-12,152.03204345703125,153.01524017664812,150.10839725947733,150.12977596080714,8462450
2014-09-15,150.34352111816406,151.75419033854755,149.61680780536997,151.5190754148235,6591435
2014-09-16,150.96334838867188,151.88241914174648,149.61679506876436,150.30076107910932,8095323
2014-09-17,151.64732360839844,153.25036046916873,150.38626469307883,151.11297798814167,9693797
2014-09-18,153.33583068847656,153.46407239772495,150.98470220265426,151.79690985553913,6594580
2014-09-19,153.63510131835938,154.23357294488247,151.41222412438407,153.03662969183628,8646616
2014-09-22,158.48695373535156,159.02129939017357,152.7801405160954,153.46410661222063,13115537
2014-09-23,158.50830078125,160.26094767599676,157.22586333702327,158.16631272099949,14202136
2014-09-24,161.24415588378906,162.01361637341992,158.33731304816754,158.42281769010825,10508318
2014-09-25,161.0090789794922,162.39836961580562,159.1495482946302,161.3724255059091,13621698
2014-09-26,158.89305114746094,160.92356048826596,157.5678764163886,160.11136284853214,10573858
2014-09-29,156.49917602539062,159.4060087832237,155.81520999714652,158.46556946573517,3128759
2014-09-30,158.25181579589844,159.19226523098268,155.17398405225345,155.7724555694813,10195275
2014-10-01,155.64425659179688,158.16636475054284,155.32364712527425,158.16636475054284,4091374
2014-10-07,155.06715393066406,156.6274437533656,153.07938145897305,155.04577522577296,10091137
2014-10-08,156.32821655273438,157.29003475302926,154.853421194229,155.1740204870062,8661042
2014-10-09,156.24270629882812,157.43964957147557,155.53737162239818,156.47782124463188,6208759
2014-10-10,150.9420166015625,156.15723237879163,150.621417278018,155.85800160169154,5365779
2014-10-13,149.85194396972656,150.8565094318799,148.41989584375634,150.8565094318799,5717478
2014-10-14,148.33438110351562,150.47176364801675,146.8382072257766,149.85192352298986,8105627
2014-10-15,148.33438110351562,148.33438110351562,148.33438110351562,148.33438110351562,0
2014-10-16,150.6641387939453,151.11298996340955,146.8168459588177,147.47943336112664,13245841
2014-10-17,151.30531311035156,153.84879910568185,150.19387479113803,150.42898967433086,11709385
2014-10-20,150.4717559814453,152.97249505685525,149.95877891319154,151.75418341060993,8346354
2014-10-21,150.19390869140625,150.85649609270362,148.76186069206193,150.51451812067424,6726352
2014-10-22,149.18934631347656,150.8992463689354,148.97559991568576,150.66414158893522,8451846
2014-10-27,149.42445373535156,150.21529306700143,148.76186630903612,150.1511671143342,5825822
2014-10-28,149.6809539794922,150.3862886850001,149.12522956849705,150.15117372950354,5101908
2014-10-29,151.5191192626953,151.75423425445888,149.74509287253218,150.85653170498276,7158670
2014-10-30,151.7114715576172,152.92978348805448,150.25805482032712,150.9420108562367,15426750
2014-10-31,151.8397216796875,153.8916102224258,150.57867258851286,152.54505646106952,15343260
2014-11-03,151.94654846191406,152.88699793668363,150.9847202858867,152.5663885446745,7727962
2014-11-05,153.52821350097656,153.80607566401238,151.96792387290338,152.05341835984052,7884245
2014-11-07,152.03204345703125,154.10529991997484,150.8992263110449,153.18622914336763,9694742
2014-11-10,158.89305114746094,159.23502910103306,152.05342094915605,152.1816728427259,24492668
2014-11-11,155.64425659179688,159.10681444388425,154.98166911350722,158.29460650495548,7493377
2014-11-12,157.95260620117188,158.16634242836145,155.66560316779183,155.70835041322974,6902166
2014-11-13,157.46099853515625,158.52968976921665,156.60604351571192,158.52968976921665,5038832
2014-11-14,157.82435607910156,158.4441961855074,157.03352700002932,157.3541364042689,7768029
2014-11-17,158.25181579589844,158.78616137303865,155.8579500489454,157.7388489191139,6218698
2014-11-18,158.2732391357422,158.89307936716662,157.09767447008505,157.84576661785712,9904004
2014-11-19,157.247314453125,161.2655972640184,156.71296865894186,158.273258784396,13208757
2014-11-20,158.187744140625,158.7648371184677,157.35416765284822,157.73889291774933,5258120
2014-11-21,160.79531860351562,161.03043352686413,157.97398016725472,158.23046363219112,6902462
2014-11-24,160.2823486328125,160.70982106626326,159.02128971266256,159.02128971266256,8904624
2014-11-25,151.92520141601562,161.9281596294451,149.0397366086732,159.96176578711342,26184187
2014-11-26,155.3450164794922,156.5846968584991,153.07938180498414,153.25038096155527,22267406
2014-11-27,154.1480255126953,155.36633697093845,151.8610331625436,154.81062290714604,16590815
2014-11-28,155.23812866210938,156.45644038246223,153.89157520713735,154.14805867637568,10866476
2014-12-01,155.8579864501953,156.86256205998987,154.81067375166657,154.81067375166657,8533342
2014-12-02,156.37098693847656,156.841206755508,155.4305371434305,155.77251519218066,8924397
2014-12-03,155.2808837890625,156.4564483242141,152.65190269347082,156.4564483242141,8164612
2014-12-04,163.7876739501953,164.15103064544033,159.47016117801257,159.47016117801257,27702699
2014-12-05,167.29298400878906,167.5708360371815,163.57393283058457,163.72355327739675,16908709
2014-12-08,170.0502166748047,170.86241442449324,167.69908744276123,168.0838228535954,15662453
2014-12-09,168.575439453125,170.99068473961236,167.4853692197433,170.34946575986044,14415357
2014-12-10,168.853271484375,169.49448018844635,165.1555888998158,169.1738707559202,9649673
2014-12-11,169.5372314453125,170.5418070135895,166.9296289984515,168.853275478126,11225006
2014-12-12,169.15248107910156,171.11886435355558,167.9982953949956,169.28072280389335,9041914
2014-12-15,167.8059844970703,170.8624387077407,167.33576468042224,168.85330751198848,8901903
2014-12-16,162.6976318359375,166.7159041454564,161.54344583115258,166.28843161071475,14072416
2014-12-17,158.93582153320312,164.45026764237574,156.71294418936583,161.3938138348449,16246094
2014-12-18,160.23960876464844,161.79989846002772,156.0289593769487,161.79989846002772,6500408
2014-12-19,157.6533966064453,160.70985046722967,157.09767218031251,160.70985046722967,9788570
2014-12-22,159.91900634765625,161.6716638041866,157.73887641928002,157.99535990238758,17438456
2014-12-23,160.1540985107422,161.37239996272825,159.36325930882788,159.8548576620267,5262474
2014-12-24,158.7648162841797,161.77852253287955,156.99079033179666,160.08999107258862,21419026
2014-12-26,157.29005432128906,159.40605868957994,156.62746678694597,159.40605868957994,3026088
2014-12-29,158.10223388671875,158.78618984507196,156.8839220944305,156.92666934182756,3433537
2014-12-30,157.43963623046875,158.78617951637747,157.01215362332374,158.27321258097996,3283195
2014-12-31,157.6106414794922,158.4228493720317,157.09766433015827,157.71750452157488,3824375
2015-01-01,156.94802856445312,157.69611038153496,156.45643019991707,157.14038607337255,2636761
2015-01-02,157.43963623046875,158.2304653363635,156.9907850815057,156.9907850815057,6853849
2015-01-05,158.05947875976562,158.93580236820986,157.119029202932,157.61062760398184,8556295
2015-01-06,153.99844360351562,157.90985195101092,153.4640979787544,157.58924254395814,13597291
2015-01-07,151.13438415527344,155.60151790425988,150.89926917875243,152.60917965366104,12421217
2015-01-08,154.9175262451172,155.32363017025153,151.94656718974383,151.94656718974383,8774566
2015-01-09,152.56639099121094,156.39230473345512,150.9419754648383,155.216740330897,11224780
2015-01-12,152.97250366210938,154.46866738680274,152.22442179976272,152.80151468339935,10249032
2015-01-13,153.934326171875,154.61829226735261,152.7373931255247,153.20762299147205,12071158
2015-01-14,148.6763916015625,153.76336560955255,147.94968828683722,153.76336560955255,16849719
2015-01-15,152.99388122558594,153.84883633053096,150.00155359974994,150.94199303811033,16665762
2015-01-16,153.934326171875,154.7251553016274,151.47633412982495,153.2289915339347,11230052
2015-01-19,153.37863159179688,154.63968058780057,152.18169839236216,153.8915986082766,7117173
2015-01-20,158.6365966796875,158.9572061502562,153.07939295244938,153.50687563353503,12477394
2015-01-21,150.77102661132812,159.42743183268314,149.27486257451784,159.42743183268314,33697892
2015-01-22,149.89468383789062,153.80609260963612,149.12522320970064,150.89924925057045,30768622
2015-01-23,149.38172912597656,152.16033115766876,149.10387705159357,151.0916396317845,17392494
2015-01-27,153.95570373535156,154.31906040335292,149.33895040677868,149.61681258360096,26228540
2015-01-28,154.87477111816406,155.36636951189473,152.84426175678715,153.89157433070272,12792194
2015-01-29,158.25181579589844,159.0212762720545,153.89155669931282,155.17398405225345,21906152
2015-01-30,157.5465087890625,159.0213040589885,155.4518733542231,158.1663489539759,14453148
2015-02-02,154.16946411132812,157.82438974514758,153.63511837727245,156.88394003389172,8820985
2015-02-03,156.47781372070312,156.88391763993513,154.5114200743084,154.5114200743084,6541497
2015-02-04,157.14041137695312,158.38009175819093,156.17859319453936,157.09766412797876,6030862
2015-02-05,157.69613647460938,159.0640586088424,155.47325919611265,156.41370883870457,9843219
2015-02-06,159.6625518798828,160.04727717445994,156.49922453041125,156.49922453041125,7606977
2015-02-09,157.26864624023438,159.81213284533393,156.75567927499463,158.6579470125635,7464839
2015-02-10,158.12362670898438,159.0213292031416,156.84119892918093,157.3541761376919,8320305
2015-02-11,158.657958984375,159.4060409456213,157.2472895625402,158.61521173404614,4720532
2015-02-12,158.33734130859375,159.02130743933927,155.87935930078157,159.02130743933927,5498120
2015-02-13,161.60751342773438,162.1204904773997,158.18770368689027,158.67930203570396,9373648
2015-02-16,166.54489135742188,167.14336298161138,161.58617001834202,161.75715900783015,12053473
2015-02-18,168.10519409179688,171.84561408873452,164.57851034820214,164.57851034820214,14195768
2015-02-19,166.395263671875,168.29753122247863,163.98001904546882,167.97692182022453,7249013
2015-02-20,169.30209350585938,170.09293272697587,164.30062553120123,165.64716873919775,9275383
2015-02-23,166.82275390625,170.4776892888699,166.39528143160615,168.85327356326107,6077614
2015-02-24,169.15248107910156,170.1356777968184,166.1387649830652,167.57081281804324,8556081
2015-02-25,170.86241149902344,170.99066340776002,168.19068301833852,169.96471926473777,16358450
2015-02-26,169.131103515625,171.58909532645305,167.54944540490592,170.09293169950368,12153247
2015-02-27,168.29754638671875,169.55860540742034,164.1724015115664,168.767766101008,35742645
2015-03-02,146.7313690185547,153.03664452714168,146.19702329203096,153.03664452714168,52676159
2015-03-03,146.00462341308594,147.69315472402656,144.91456365483637,146.83819971774503,46726874
2015-03-04,147.15879821777344,149.95876778124187,146.58170540943993,147.47940759150964,33411001
2015-03-05,148.0137939453125,149.23210583681904,146.0687787888736,148.33440340739128,21288890
2015-03-09,144.63673400878906,147.43670440893496,144.1665040772024,146.9237373864573,16929751
2015-03-10,144.7222137451172,146.49623975830445,143.24741846450846,145.34205391452042,13538973
2015-03-11,144.5725555419922,145.64124661165607,144.29470358622322,145.49163636492935,13191922
2015-03-12,148.18478393554688,148.86875011513712,144.82909931679512,144.9359623642117,28375424
2015-03-13,145.0855712890625,149.61682019602316,143.9313854384401,148.89010682304564,16254309
2015-03-16,143.3756561279297,146.0260158811645,143.20466714274954,145.76952224241347,8926276
2015-03-17,145.34207153320312,145.61993375619969,143.7390343157371,145.12833526973745,11361862
2015-03-18,143.91000366210938,145.8763973392629,143.63214147708098,145.8763973392629,9094350
2015-03-19,142.49935913085938,145.70543368513015,141.70852984610846,144.70085796797497,10865286
2015-03-20,139.9772491455078,142.648978102979,139.52839786777398,142.648978102979,10980106
2015-03-23,139.9558563232422,140.98180047140795,138.9299121750764,139.5070051233583,11832346
2015-03-24,139.5924835205078,140.9817842093717,139.35736859507415,139.8275984459415,11128170
2015-03-25,139.67799377441406,140.49020167323314,139.35738432372426,140.49020167323314,7528966
2015-03-26,137.8184356689453,140.6184051422649,137.04897522894808,139.35734638796094,25124845
2015-03-27,135.72384643554688,139.03679403894023,134.69790222348163,138.50243814586116,22227555
2015-03-30,140.01995849609375,140.85354502106367,136.64289563384818,136.64289563384818,17152877
2015-03-31,139.2932586669922,140.55430751430583,138.5024193683606,140.55430751430583,12752488
2015-04-01,142.1146240234375,142.34973900305852,138.56657142635095,139.29328491191623,11257250
2015-04-06,145.76953125,146.0473934485782,140.68256798262672,140.78943102447735,20059841
2015-04-07,145.59852600097656,146.62447002190788,144.05961505006977,145.8122622217997,10955870
2015-04-08,148.0137939453125,148.31302470146113,145.98328428711685,146.19702054150872,12858493
2015-04-09,148.39852905273438,149.16798978059774,147.05198548020175,148.29166599893668,7962836
2015-04-10,148.18478393554688,148.59088790208654,146.3038845624102,148.33440439510844,5808788
2015-04-13,150.25804138183594,150.64276661762676,147.41531379839137,148.3343948809192,11311123
2015-04-15,151.73284912109375,153.2931390577308,150.215306436379,151.32674514734086,18165922
2015-04-16,149.65956115722656,152.352668136207,148.18476592982978,150.83512566284134,8168670
2015-04-17,150.4076690673828,151.00614077548184,148.6336428112422,149.83057606645778,9146535
2015-04-20,146.1542510986328,150.51451067009475,145.59852676061297,150.51451067009475,11709786
2015-04-21,146.17564392089844,149.06111895978916,145.7695399512695,146.13289666941023,11309747
2015-04-22,146.7954864501953,147.47945264571536,144.72222947902912,145.34206971582017,11183242
2015-04-23,146.23976135253906,148.12066063032367,144.61534556873016,146.7954755894864,9268343
2015-04-24,148.7405242919922,149.59547956780156,145.83368041863358,146.1970371729263,17985818
2015-04-27,147.415283203125,150.38625191522425,147.13743122654455,149.14657180731714,9732828
2015-04-28,144.2947235107422,147.47941846082028,142.6061820394157,147.43667121857024,11098180
2015-04-29,140.27642822265625,143.6321118098736,139.91307161897512,143.22600796816997,10479677
2015-04-30,137.79708862304688,140.38332250183558,137.30549019581477,140.1268390165791,20809376
2015-05-04,141.1527862548828,141.45201699433068,136.83527351320984,138.24594287444535,7487026
2015-05-05,139.46424865722656,140.63981318132554,138.3314313797686,140.4688140337806,13976353
2015-05-06,136.08717346191406,140.14820217184075,135.16809250024255,139.35736293856945,20990280
2015-05-07,137.88258361816406,138.37418204717895,134.9116245007165,136.15130484493284,11010190
2015-05-08,140.2123260498047,140.76805039926677,137.92532302552559,139.16501346025314,12625098
2015-05-11,139.5497283935547,141.3878801267008,138.67340484959217,141.06727073030626,9134733
2015-05-12,138.6092987060547,140.21233575603895,138.11770027095358,139.998599514904,14846868
2015-05-13,140.14825439453125,140.9818310202338,137.2200316081685,139.72077164625995,11037270
2015-05-14,138.80165100097656,139.78484776207503,137.8184542398781,139.78484776207503,8347876
2015-05-15,139.5283966064453,140.16961561483512,138.86580905030021,138.97268227202625,5659055
2015-05-18,142.34974670410156,142.73448217538316,139.46428147440602,139.9131327502457,7175678
2015-05-19,142.15733337402344,143.5893812556382,141.38788300021434,141.8153554301083,8901031
2015-05-20,141.90086364746094,142.86269194926595,141.28102348364442,142.13597858714408,5360856
2015-05-21,139.9558563232422,142.52071161316582,139.3573846697365,142.3497226153018,7458421
2015-05-22,140.7039337158203,142.45659120916895,139.12227537578326,140.63981792418704,12962351
2015-05-25,135.42457580566406,138.71614373356198,135.25357668650508,137.41233768597252,24332194
2015-05-26,134.2276611328125,135.72383515491916,133.69331544512755,135.72383515491916,11448185
2015-05-27,135.80929565429688,136.25814673246776,134.2276275309855,134.65511007070856,9485450
2015-05-28,137.41233825683594,137.8398106540612,135.29632448812268,135.9802904846624,20765291
2015-05-29,139.82760620117188,141.04590781848506,136.21542827417642,137.64747628700087,20563442
2015-06-01,141.94358825683594,142.67030150305857,139.14361861418556,139.14361861418556,10448028
2015-06-02,136.21543884277344,140.76806671590958,135.76658763494413,140.59707771501874,11266482
2015-06-03,132.82955932617188,136.9532169784047,131.17137734408712,136.93139374477732,21470134
2015-06-04,131.60772705078125,133.81137559043967,130.12408957542542,133.09137489839551,11429057
2015-06-05,132.785888671875,134.35680842737543,128.72770177672163,131.54225510204853,17605227
2015-06-08,132.8077392578125,134.50956761479998,131.8913709403776,133.96411127082766,10689359
2015-06-09,131.17138671875,132.2186634457467,130.77866183572377,131.73865599423235,10292547
2015-06-10,131.38954162597656,132.3931820594367,130.2986290132815,131.17136117788917,9861385
2015-06-11,129.6222686767578,131.78228111410112,128.81499580630737,131.78228111410112,11520780
2015-06-12,129.84043884277344,130.9749874922787,128.7277134231902,129.5131629997463,8653038
2015-06-15,130.2550048828125,132.10955442021495,128.29135992522092,129.60045310619566,8680427
2015-06-16,130.4513702392578,130.9750033537086,128.8368140585169,130.03682217085486,8231138
2015-06-17,131.38954162597656,132.26227379058426,129.70953661731647,130.25499292366402,10881861
2015-06-18,131.73863220214844,132.8295448302396,130.99681866818202,131.4331795705152,11296145
2015-06-19,133.09136962890625,133.28772684570671,131.95682092861117,132.13136528677072,8757082
2015-06-22,135.44773864746094,136.21137539737447,132.96046080947534,133.61500214986208,7197508
2015-06-23,137.25869750976562,137.45506516324136,134.22596236122777,135.4477836414138,7586161
2015-06-24,136.8659210205078,138.8077424689789,135.73137237539174,137.54228556160993,7368751
2015-06-25,136.29864501953125,137.65138450880642,135.16409634521702,135.5350082839413,10885448
2015-06-26,134.37863159179688,136.2986401636972,133.98590680892258,136.2986401636972,5507615
2015-06-29,135.25135803222656,135.6877292560458,132.54590000802668,133.1786284289204,9719271
2015-06-30,137.5204620361328,138.2622858928954,134.4222687193685,135.36046015521705,11639874
2015-07-01,136.84410095214844,138.06592180032723,136.36410397946517,137.5641015973022,8850821
2015-07-02,137.476806640625,138.45863402590282,136.80044219597016,137.06225868314183,6562181
2015-07-03,137.7168426513672,138.28412221253262,136.29865412071211,137.14957346246024,5122200
2015-07-06,138.93865966796875,139.04775507965877,136.1459291490925,136.53865396111186,4419337
2015-07-07,138.48046875,139.33138802607402,137.93501246278944,139.0477482673827,7595780
2015-07-08,136.56045532226562,137.8913715204386,135.01135869134066,137.5204595986316,11611813
2015-07-09,135.53501892089844,137.41139161992126,135.2077430450298,136.49502331639246,6711914
2015-07-10,135.22955322265625,136.01500280220674,133.7677287245509,134.83681806062341,7493999
2015-07-13,137.28045654296875,138.06590604500107,134.81499189761476,136.58226883557234,6623752
2015-07-14,136.27685546875,138.10958187316456,135.5568546985593,136.99685623894067,5465329
2015-07-15,137.01864624023438,137.54228967717208,135.86228470293742,135.86228470293742,5687830
2015-07-16,138.74229431152344,139.5932136429977,136.27683961573072,137.3677522611772,5838516
2015-07-17,140.6405029296875,141.33868044773382,138.61139858721705,139.00413381337742,6133622
2015-07-20,139.85501098632812,141.1422910503328,139.28774188215692,140.42229046275628,4946419
2015-07-21,136.75682067871094,140.7059227503399,136.36409590613016,139.8550138902863,7069753
2015-07-22,137.23684692382812,138.7422972791578,135.57865468859748,136.1895703469084,8060271
2015-07-23,137.49867248535156,138.52412589741004,136.14594317676062,137.49867248535156,5631003
2015-07-24,137.25869750976562,137.71688178636805,136.36415219461867,137.45506516324136,4199466
2015-07-27,135.99319458007812,136.73501846942005,135.18592174300483,135.92773526008878,5315522
2015-07-28,135.79681396484375,136.97499863356012,135.0768133753234,136.12408978887763,6795594
2015-07-29,132.65501403808594,136.14594310285818,131.17137644613922,135.70957178363201,9718356
2015-07-30,137.86959838867188,138.69868427201996,130.90957315876832,132.65502749597195,20744023
2015-07-31,142.25502014160156,142.86593571902426,137.58591744166503,138.74227890899977,16948958
2015-08-03,144.6768341064453,145.5277428844847,141.86228091025222,142.2550056449805,14905871
2015-08-04,143.9568634033203,144.6768640856451,141.62230662137355,144.63322799496657,10317915
2015-08-05,144.7859649658203,145.33142130602832,142.51686742033573,143.95686883936207,5929897
2015-08-06,142.36412048339844,144.4368502026685,141.38229295406717,144.2404929946083,8786024
2015-08-07,141.5786895751953,142.08050987162997,140.50960002363342,141.38232195459835,4644064
2015-08-10,140.05137634277344,142.8004703948531,139.35318862256335,141.60047289193,5799938
2015-08-11,139.68045043945312,140.46591024942555,138.04408188582642,139.68045043945312,5520369
2015-08-12,138.21864318847656,139.63683151699271,137.89136736308714,139.63683151699271,12386018
2015-08-13,138.04412841796875,139.50595314485716,132.2186527438358,138.50231259721016,6900635
2015-08-14,138.82957458496094,139.74593247938515,137.28047782409465,138.54593481246243,7890438
2015-08-17,138.2841033935547,139.54956024577513,137.67318782407392,139.33137981819522,4495638
2015-08-18,137.38958740234375,139.0259566358997,136.4077700111142,138.10958820554677,9429541
2015-08-19,138.2841033935547,138.76410033423045,134.8368111487641,137.01863616907715,7657887
2015-08-20,143.7168426513672,144.15321387858944,138.0440996755341,138.80773635785178,18701959
2015-08-21,144.3277587890625,144.56775207411013,140.83683044656226,143.54229887477425,18452566
2015-08-24,139.72412109375,143.78231901516793,137.71684017837643,140.09503305058098,17120031
2015-08-25,139.59320068359375,142.32048204401752,136.3640991379617,140.53138173756687,22094589
2015-08-26,138.6114044189453,140.00778025830562,136.84412694364778,138.5895915567183,16777892
2015-08-27,142.12413024902344,142.9314031320102,138.04411937010914,141.16412585888034,20810590
2015-08-28,142.69142150878906,143.71687493443304,141.68778094466464,143.71687493443304,10099873
2015-08-31,141.88412475585938,143.34594936836334,140.33502796102013,141.70958039118878,10005743
2015-09-01,137.65138244628906,141.33865780336814,137.149562249462,140.72775257295288,9835616
2015-09-02,139.68045043945312,140.96773035409464,137.52043855509288,139.1568071087196,13515913
2015-09-03,139.6368408203125,141.68775770750418,139.24410565477638,139.35320106126034,10476984
2015-09-04,138.3713836669922,140.29138191437877,137.34592003893457,139.63684059331212,16321889
2015-09-07,136.7786407470703,139.41864981016735,135.77500042363226,138.0222743509667,7386243
2015-09-08,136.5386505126953,137.71683529125536,135.40410182325755,136.62592269093992,10634960
2015-09-09,137.1932373046875,138.065959310305,136.51686219194306,137.56413897094464,6359030
2015-09-10,136.73501586914062,137.80410522132453,135.42591247231283,135.70955223310935,9313670
2015-09-11,136.90957641601562,137.9568530339918,136.21138854661183,137.32412449107483,6970833
2015-09-14,136.8659210205078,137.54228556160993,135.97136567005998,136.90955710792545,7762278
2015-09-15,138.3495635986328,138.7204755418428,136.36410598763558,136.58228643297738,5374153
2015-09-16,140.57501220703125,140.8804648029607,138.41501043457336,139.0477388551271,5804856
2015-09-18,138.76409912109375,143.1277491235709,137.34591079583726,141.81865619727915,13322309
2015-09-21,137.12777709960938,138.45869370813733,136.7568650634409,138.06595843583634,7060328
2015-09-22,136.21139526367188,138.87322821957764,135.27321401948907,137.84776441168853,15513834
2015-09-23,137.93502807617188,139.22230837882336,133.96411249404102,133.96411249404102,12103872
2015-09-24,140.7495880126953,141.098687144057,137.2368564435792,137.3677647282426,14665105
2015-09-28,139.30953979492188,141.81864034025003,138.93862792662262,141.01136766939624,6603226
2015-09-29,139.81137084960938,141.8186514430189,138.3277336325164,139.17864245024202,8618175
2015-09-30,143.47686767578125,143.93505185121344,139.6368602677055,140.5095925243506,13981834
2015-10-01,143.45501708984375,145.68047805430763,142.71319331093696,142.71319331093696,6445786
2015-10-05,143.78233337402344,144.65506564685342,142.60414843599375,144.0005138491661,9680157
2015-10-06,149.60780334472656,149.9568920915076,143.47686480970162,144.87324054134362,11133386
2015-10-07,151.52781677246094,152.72781456188838,149.36780415587668,150.08780490398502,11119883
2015-10-08,147.97146606445312,151.30965385311004,146.35690951932753,151.30965385311004,9729114
2015-10-09,149.86962890625,150.4587213879544,148.4514402288847,148.75689290066416,5747871
2015-10-12,148.69142150878906,152.02960827737334,147.86232543821936,149.6950619368981,6302130
2015-10-13,150.1314239501953,150.938696795963,148.21141525843046,148.3641467585452,7275026
2015-10-14,150.15322875976562,150.82959325342355,149.45504103780092,150.19686484412236,9432417
2015-10-15,152.46597290039062,153.775065897155,149.956871939442,150.10960343176325,9861249
2015-10-16,152.22593688964844,152.7277569752164,149.89138077465734,151.87684826395085,10008030
2015-10-19,153.16416931152344,153.60053021097175,150.63324497794892,151.8550658686623,11618584
2015-10-20,152.13873291015625,153.27328182434678,151.7678208930105,152.9460059049676,7671159
2015-10-21,152.09506225585938,152.72779071584634,151.70233746518878,152.33506592517577,5676290
2015-10-23,156.37144470214844,156.63326123654167,152.77143105133865,152.77143105133865,9060774
2015-10-26,155.56417846679688,157.00417983929745,154.90962673079204,156.58963178946217,8200648
2015-10-27,155.3459930419922,155.76053070630616,154.1459850217965,154.77871350597007,15515511
2015-10-28,154.99688720703125,156.63325605120397,154.4732541555796,154.62597527612422,10086513
2015-10-29,152.72779846191406,155.3459949826142,151.4623414777585,154.9532597997672,7932853
2015-10-30,146.02957153320312,153.3605062818321,144.39320281793593,153.3605062818321,28847862
2015-11-02,147.14234924316406,148.233262031433,143.97869593382833,145.30961243974915,10723717
2015-11-03,146.11685180664062,147.8841392447462,145.22230684512982,146.96777105380474,4061707
2015-11-04,146.48779296875,147.57870572386025,145.74597934841142,146.98961325099108,5171885
2015-11-05,147.1204833984375,148.01503867886598,145.4186657500982,145.74594156624246,5595613
2015-11-06,147.36048889160156,148.12412555732809,146.18230423653625,146.46594397222967,4635192
2015-11-09,149.695068359375,150.1096164124455,144.15323290844654,144.655053144031,12462025
2015-11-10,146.9459228515625,150.56775891320927,146.24774558455053,148.71319961706985,7507146
2015-11-13,143.91322326660156,145.65868758918634,142.73503847914714,144.17503980331188,19348452
2015-11-16,147.62229919433594,147.92776214559342,143.8259288814104,144.00047321226816,9111652
2015-11-17,152.33505249023438,152.8368726424073,147.9714026008201,149.32413157719694,12018593
2015-11-18,151.78964233398438,153.22964391552108,150.15327312868908,153.16419495577478,10350049
2015-11-19,153.622314453125,154.03686241650817,152.20413660796646,152.72776958976232,17590094
2015-11-20,150.30599975585938,153.7096569543958,149.7169072353935,153.7096569543958,10237807
2015-11-23,147.1641387939453,150.4805127300651,146.72777789666299,149.82597138414164,9335921
2015-11-24,146.57504272460938,148.18959874862358,145.00413316148808,147.99323116363675,13590345
2015-11-26,149.58595275878906,150.54595700915044,146.1168476691033,146.68412715114926,9778092
2015-11-27,150.26229858398438,150.5459382897386,147.86229344263452,150.2841218100835,5895769
2015-11-30,151.0478057861328,151.33144558087844,148.604163798153,149.76052546556355,17919712
2015-12-01,151.0914306640625,151.41870652814728,148.80050998772742,150.6332465287955,10516942
2015-12-02,152.46597290039062,152.6186940204543,149.41141565976875,150.98232518143448,4813524
2015-12-03,149.82594299316406,151.8114002579553,149.3677589517113,151.02595079168438,5809665
2015-12-04,146.5968780517578,149.1277921459519,146.1823299893883,148.9314349170201,14148517
2015-12-07,136.82229614257812,146.5750506436261,135.5131926682826,146.18232582469247,52829599
2015-12-08,137.3459014892578,138.85136188277303,135.53498852049864,135.70953284920947,19736148
2015-12-09,138.50228881835938,139.41865701951497,137.56409738752987,139.41865701951497,15655011
2015-12-10,140.18228149414062,140.40046191054904,138.32773239628432,138.5459128126927,8649047
2015-12-11,140.0731964111328,140.70592485142305,137.62955482295968,140.0731964111328,9358275
2015-12-14,139.68045043945312,140.6840906487913,138.3931705248116,139.63681435957997,7573029
2015-12-15,140.9241485595703,141.33868629192133,138.76413584315222,139.6368681490559,10478148
2015-12-16,139.30953979492188,141.66590887322803,138.80771968585623,140.94590836288512,8099047
2015-12-17,139.85501098632812,140.40046723415966,138.0222746744919,139.50592230683816,9018268
2015-12-18,138.3713836669922,140.94593360770313,138.06592067823672,140.0295653859521,14774200
2015-12-21,142.4950408935547,142.88776571541152,138.3495707293655,139.63685098161721,8352379
2015-12-22,139.7458953857422,142.03681544435466,139.41862998215933,141.8404479044006,6326849
2015-12-23,140.2913818359375,141.382294409363,139.6368405152368,140.50957264842873,5475581
2015-12-24,141.2513885498047,141.70957266822387,139.89865942507083,140.94593592827786,3799114
2015-12-28,142.34231567382812,142.71322765253538,140.7059466187729,140.8150420380135,9432149
2015-12-29,141.75320434570312,143.1277566581851,141.098663034229,142.45139211686637,4606143
2015-12-30,142.4950408935547,142.90958894719947,141.49140042099546,142.47321766176674,4984557
2015-12-31,143.0404815673828,144.00048584356563,141.09866015787475,142.0368412046579,8342404
2016-01-01,142.90957641601562,143.56412810064035,142.10230361130064,142.95321250350676,1536435
2016-01-04,141.8623046875,142.2986655770023,140.31320797137997,142.03684904330092,6133919
2016-01-05,141.75320434570312,142.42956888702182,141.40411564625026,141.8622997504109,6040492
2016-01-06,137.49867248535156,142.6914196183727,137.25866877825985,142.6914196183727,15821205
2016-01-07,135.09866333007812,136.93138963716714,134.68411525392753,136.93138963716714,12264018
2016-01-08,136.8659210205078,138.3277455073849,135.16409286670495,135.79682132038943,10219316
2016-01-11,137.91319274902344,138.24046857953198,135.16408821946015,135.27318362038207,7141566
2016-01-12,137.5204620361328,138.28410912268606,136.3641005359226,137.56409812345663,7222615
2016-01-13,137.7823028564453,139.81139668044733,137.30229547511675,138.48048032418353,7126884
2016-01-14,138.4368133544922,139.09136495675935,136.2549885099433,136.86590403020975,11933785
2016-01-15,136.97500610351562,138.50228990821205,136.27682870457556,137.4986495249782,8287068
2016-01-18,137.62957763671875,139.04776624123835,136.69139643545637,136.97502585855307,12285620
2016-01-19,137.04046630859375,138.54592689319745,136.12409809429082,137.56409936119107,7099389
2016-01-20,134.8149871826172,139.63682090994325,133.0913463883882,135.447715556587,10015115
2016-01-21,133.7022705078125,135.99319106434413,132.50227289859976,135.99319106434413,13042954
2016-01-22,134.7277374267578,136.47319136612347,132.04409201168482,134.83682246357307,15828472
2016-01-25,135.01133728027344,136.0804367895986,132.67679146167043,133.24406049686397,9688748
2016-01-27,136.56045532226562,137.1059115902742,133.94226938472735,135.0331819207445,8839231
2016-01-28,139.0041046142578,140.44410581500188,135.99318358337734,136.45136766947903,14425495
2016-01-29,139.72412109375,142.2550350971732,138.26229649789065,140.88048268265544,12977498
2016-02-01,141.70957946777344,141.81867488111087,137.38956498129255,139.04775717937497,7634682
2016-02-02,141.49139404296875,142.2113947033799,140.26957316889857,141.33866254411322,7338991
2016-02-03,140.48773193359375,141.49137220601577,139.46227880599199,140.40045976836197,5111345
2016-02-04,140.42230224609375,141.64412309909292,140.0732031650527,140.6841187776812,3309501
2016-02-05,141.36045837402344,142.23319036412232,140.5095496104986,140.94591041942007,6754583
2016-02-08,137.56411743164062,141.77504712458523,137.12775649715573,141.73141103113673,6509280
2016-02-09,136.32046508789062,136.90955745565367,135.16409320999998,136.69137701801137,11915170
2016-02-10,134.8368377685547,136.56047904510658,133.96411588594043,136.18957743112506,8168586
2016-02-11,130.2768096923828,135.5786409930773,129.79680235814266,135.5786409930773,14580660
2016-02-12,130.95318603515625,133.15682420850294,130.40772970671046,130.56045084042987,13703734
2016-02-15,132.5240936279297,133.52773408637887,130.21136007610366,132.21864099300203,12478912
2016-02-16,128.94590759277344,133.5277387663072,128.1386347003276,132.87318701054866,10988951
2016-02-17,130.8440704345703,131.69497927143928,126.13133180297982,129.3822460402974,13598699
2016-02-18,133.2877197265625,133.83317600280625,131.28044934268175,131.56407872341282,9751124
2016-02-19,132.89498901367188,133.57135352137286,131.3458924284591,133.0913565834827,7194078
2016-02-22,130.8440704345703,132.0658911771213,128.02951704378634,132.0658911771213,15270590
2016-02-23,128.2040557861328,130.014968778584,127.70223564839581,130.014968778584,9198036
2016-02-24,125.49864196777344,128.90228873379033,124.8004540264392,127.85501200791897,14353186
2016-02-25,124.88772583007812,126.67682658972811,123.92772130335814,124.18953789093813,15129076
2016-02-26,126.96044921875,127.41863340852746,124.42953493027225,126.10954016870309,12468580
2016-02-29,129.01133728027344,131.62953354008468,116.94585067073153,126.54588287885854,79431944
2016-03-01,141.97142028808594,142.6914210442968,133.09138675954685,133.09138675954685,67402048
2016-03-02,139.4405059814453,145.7023535199329,138.96050889916822,143.1277925982117,24680589
2016-03-03,138.82957458496094,141.81867269503775,138.21865894975326,140.94594051856603,10227569
2016-03-04,137.5422821044922,140.40047168915072,137.34591452991975,139.6368349924073,11818471
2016-03-08,139.7458953857422,141.3822638926781,137.89134648566588,137.89134648566588,13109801
2016-03-09,139.59320068359375,139.94228937860564,136.45137131171467,138.3277437919183,20903665
2016-03-10,137.93502807617188,140.4223164954231,136.51683949444276,139.52776103000446,13915900
2016-03-11,140.2041015625,140.50956453344298,137.45500742981287,137.93500437060496,12149994
2016-03-14,141.84051513671875,142.25506326630872,140.50960892158602,140.72778941814383,7708725
2016-03-15,138.1095733642578,142.25504371824496,137.45503196452864,142.25504371824496,16209915
2016-03-16,140.5313720703125,141.12046438874964,137.8913630652498,138.13136671268913,9728463
2016-03-17,141.2295684814453,141.81866083615864,140.29137706198006,141.055024135198,13035516
2016-03-18,141.70957946777344,142.60413488926878,140.5095817823533,141.9932192446441,14383934
2016-03-21,144.63323974609375,146.70596978011577,142.36414210193482,142.5823225730541,16781906
2016-03-22,141.0114288330078,144.34961635112617,140.61869356810425,143.34597569766643,19781991
2016-03-23,141.49139404296875,141.86230598857642,139.7895761860438,141.818669899226,16015333
2016-03-28,140.7059326171875,143.9132214544048,139.76775151966038,142.69140059288418,17073110
2016-03-29,139.6368408203125,142.71321096497115,139.20046956663433,140.13866102007492,18701607
2016-03-30,142.84414672851562,143.67324293508267,139.8986842812482,139.8986842812482,14435320
2016-03-31,143.2368621826172,145.09141158787128,141.77503759199368,142.1677624066243,28529105
2016-04-01,146.64047241210938,146.96774819686902,142.03681931620488,142.2986357951103,14850746
2016-04-04,144.30593872070312,145.30957908531522,142.27684513429557,142.69139314335337,14209372
2016-04-05,142.45138549804688,144.15321357332144,141.46956839032578,143.1713860933433,8964083
2016-04-06,142.2113800048828,143.52048329460726,141.81865524131965,142.62592799699465,6892514
2016-04-07,139.39683532714844,142.6913962417071,139.20046774694737,142.6913962417071,10412846
2016-04-08,140.16049194335938,140.70594830156793,139.20048750824125,139.4186783493319,4985755
2016-04-11,142.80047607421875,143.25866016316408,138.32774095810754,140.50956600174928,14365804
2016-04-12,140.6841278076172,142.10231633646356,140.07321215577653,141.8186765562426,6187731
2016-04-13,144.54595947265625,145.17868798964093,141.60049734664852,141.81867780556416,12397612
2016-04-18,146.3568572998047,147.64413742911088,144.45867195040086,146.18231295120538,14746380
2016-04-20,146.40048217773438,147.62230289663782,145.13502537502208,146.33503323814946,9345601
2016-04-21,143.97869873046875,146.83689941883955,142.95324525337185,146.44416416918804,7212220
2016-04-22,142.1677703857422,144.50232728994035,141.57867794460455,142.23322971131697,6515084
2016-04-25,140.05137634277344,142.0368337344008,139.8113726932861,140.20409745150982,6324530
2016-04-26,142.86593627929688,143.28048428484206,136.36409719385142,136.66954979763204,15023308
2016-04-27,145.5496063232422,145.96415439944633,142.27686817956018,142.27686817956018,9677599
2016-04-28,140.90231323242188,144.87323917874346,140.3132207916401,144.0005069477404,20225037
2016-04-29,141.79685974121094,142.29868000113464,139.68049365421206,141.01141006048954,10729330
2016-05-02,140.13870239257812,141.38233645790768,139.37506543851842,141.0550708863541,3388196
2016-05-03,137.91319274902344,141.1422942236773,137.01863742933241,140.33501107582097,11124246
2016-05-04,136.42955017089844,139.41865847060208,135.33863761002692,137.45501378658187,6402669
2016-05-05,138.6114044189453,139.76777654025,135.97139463711252,136.14594939622737,6576427
2016-05-06,138.63316345214844,139.3749871250024,133.52769063969222,136.5604238874844,16183901
2016-05-09,141.73141479492188,142.21141183560195,139.41868103621758,139.63686150925398,8857475
2016-05-10,141.16412353515625,142.25503618250775,140.37867389708921,141.8186752724705,8564326
2016-05-11,138.76409912109375,140.4004678720227,137.9350031312814,139.63683119604056,11154663
2016-05-12,138.85140991210938,140.1168671052465,137.49868052442898,139.22232192504816,5782937
2016-05-13,139.3531951904297,140.37865877695248,137.52045882115988,138.76410283920114,9804509
2016-05-16,143.73866271972656,144.0004792269489,138.37137246038483,138.89500547482947,13469690
2016-05-17,144.21868896484375,145.50596927873644,143.43322891126016,144.00050849780914,12444300
2016-05-18,145.1786651611328,146.09503331674352,142.16774418477107,142.95320408561693,7908685
2016-05-19,141.75320434570312,145.7459530208542,140.72775110493154,145.7459530208542,8918517
2016-05-20,144.15325927734375,147.7969098667122,141.73142983892788,142.58233896021872,21044560
2016-05-23,151.35324096679688,154.69143804722904,148.145962524408,152.5750618197192,54852807
2016-05-24,151.8768768310547,153.5132456301861,151.26596124891907,151.8550536017161,16271995
2016-05-25,155.36781311035156,155.9787287642431,152.6623546900312,152.90234800740063,10338908
2016-05-26,158.1605224609375,158.8368869307747,154.29869282847568,155.34596918841055,13074273
2016-05-27,156.78599548339844,158.79327636012366,155.43326632639076,158.3787283206036,10925400
2016-05-30,159.4823760986328,160.37708980987634,157.82715413780662,158.0955650611283,7646107
2016-05-31,157.0442657470703,160.80205014622857,156.2390224352852,159.25868219610356,15054842
2016-06-01,161.6743927001953,162.0322738710681,157.91659787201985,157.91659787201985,12409528
2016-06-02,160.15341186523438,161.27180140497893,158.0061030982444,160.98102820610927,13708259
2016-06-03,158.3192596435547,160.98102802110841,157.71532971812687,160.98102802110841,7381218
2016-06-06,159.07974243164062,159.6836723006263,157.1784825206489,158.22977454331183,7694861
2016-06-07,162.27835083007812,162.72570237178627,159.70605288149454,159.70605288149454,11008034
2016-06-08,162.30068969726562,163.2848735806733,161.36125159508404,162.83752210344397,7611794
2016-06-09,158.40870666503906,162.3678046237366,157.73766878722446,162.21122628331221,12065100
2016-06-10,156.88771057128906,160.44419264268143,156.59693737795587,157.93900267339478,11163385
2016-06-13,156.52980041503906,158.162649235708,154.62854071156232,155.94824350228873,12184759
2016-06-14,158.05084228515625,158.36399902039466,155.59038736167196,156.97719850778603,7849407
2016-06-15,160.84681701660156,161.04811989581242,158.25214614589405,158.3639893492927,9890057
2016-06-16,158.7666015625,160.77970473615753,157.06665509671453,160.77970473615753,9057747
2016-06-17,160.9810028076172,161.36125689249724,158.9678998269897,158.9678998269897,9326214
2016-06-20,160.17578125,161.49548428070008,158.8560782192999,161.27179787084893,9020745
2016-06-21,160.37709045410156,160.91391230290128,159.03501456509295,159.92972827993046,6913784
2016-06-22,158.6771240234375,160.66785421286983,157.71531295067896,159.23631873321656,9255264
2016-06-23,161.15994262695312,161.7191373059019,158.81132072196684,158.81132072196684,8991200
2016-06-24,158.40870666503906,161.09283690929027,156.66401456282327,157.7153065291659,12511364
2016-06-27,160.57838439941406,161.6744115633437,158.40871359760013,158.40871359760013,10639592
2016-06-28,164.8506622314453,165.1414354405321,160.57840680872022,161.04813128259838,16301081
2016-06-29,163.866455078125,165.49930405920742,162.8375359594427,165.49930405920742,11999827
2016-06-30,164.80589294433594,166.2821634802323,163.79933615154022,164.6269417166031,21706947
2016-07-01,169.33538818359375,174.3010326841541,162.7928056196248,163.26253004132022,29020448
2016-07-04,164.336181640625,170.44258838873643,163.73225177030645,170.44258838873643,14535927
2016-07-05,163.43026733398438,165.7453298636929,162.52437792388247,164.97364589829112,9335877
2016-07-07,165.74534606933594,166.85255970500006,163.66514552283826,164.06776189630432,9305981
2016-07-08,164.97366333007812,166.01376892828526,162.72569796843894,166.01376892828526,7165465
2016-07-11,167.18809509277344,168.8321200877491,165.57760817366804,166.61771386586088,7547920
2016-07-12,166.68479919433594,169.0669700573252,165.74535033191714,168.3959427509579,4302932
2016-07-13,165.81248474121094,167.22165825887836,165.0743492701012,166.7183850407132,4510416
2016-07-14,166.8861083984375,168.4294871135302,164.47038889081566,165.74534605678036,6326605
2016-07-15,166.98675537109375,169.4695827789743,166.1144146296506,167.08741211693405,9705885
2016-07-18,167.0203094482422,167.72489605828713,166.1479686787359,167.12096619732063,7088259
2016-07-19,167.1209716796875,167.75845026675782,164.80590890895473,167.08742297339546,6980063
2016-07-20,167.92617797851562,169.10048877443216,166.38279959438273,167.1209347708154,9671252
2016-07-21,168.1610870361328,170.10708225008327,165.4098483899079,169.77156326717682,12168179
2016-07-22,167.6577911376953,171.9188486787789,165.8459910024511,169.87219698421052,16388121
2016-07-25,168.9327392578125,169.1005040343697,167.08740115020413,167.42292006981555,9212323
2016-07-26,168.9327392578125,170.14059886161124,168.0939472755354,168.865641853992,7080363
2016-07-27,166.0137481689453,170.24125681232496,165.2756129206492,168.4294673937337,9241105
2016-07-28,170.64389038085938,171.38203633724245,166.5841461050252,167.35583013344296,11787316
2016-07-29,169.40248107910156,172.12017078451603,168.6978944653458,170.57679210202784,12596909
2016-08-01,168.1610870361328,171.2478446652642,167.45650036208076,169.1005359348689,9926094
2016-08-02,175.005615234375,175.8108586004269,168.4294841175435,168.4294841175435,17425566
2016-08-03,169.57022094726562,174.46875655112774,168.59721293307803,174.46875655112774,11408861
2016-08-04,169.16761779785156,171.01296671742074,167.89265003343127,170.44258556227186,8995366
2016-08-05,169.46957397460938,172.1201553988504,168.49657653787557,169.20115245514586,4533189
2016-08-08,167.72491455078125,170.94587770889768,167.42295490375747,169.77156656268255,8739307
2016-08-09,166.18154907226562,167.75847675251342,165.1414433114613,167.75847675251342,9718838
2016-08-10,165.40980529785156,166.68476221384122,164.94008097085467,166.41635135084363,5457692
2016-08-11,168.86563110351562,169.63731499934158,165.44335535495586,165.74531491993042,11158153
2016-08-12,170.5096893310547,171.44913817844957,167.9597643406289,168.1275185061618,8603626
2016-08-16,171.1807403564453,173.1267356129256,170.07353725881052,170.61035913638912,10689714
2016-08-17,170.24130249023438,172.28795464001752,169.234756087671,170.81168374732303,8649054
2016-08-18,169.20115661621094,171.3820243604056,168.7649915741747,170.71098649549904,6939437
2016-08-19,168.39593505859375,169.36893258350804,167.5906916942321,169.10052167322218,5531361
2016-08-22,170.5096893310547,170.94586504834643,168.76500772889656,168.86566448161807,4345966
2016-08-23,168.69786071777344,171.11357969110392,167.95972554631155,170.71096340671616,6694732
2016-08-24,167.92617797851562,169.10048877443216,167.15448346969816,168.563656424798,5590189
2016-08-25,170.07350158691406,171.11359641494528,167.92619325997424,169.16760156662573,9884849
2016-08-26,170.3083953857422,171.04653076638303,169.1340842649477,170.00642511175005,4936367
2016-08-29,169.63734436035156,170.40903902324555,168.46303332997212,169.77154981618006,4437169
2016-08-30,172.65699768066406,173.05962469093578,169.80510243642507,170.2412781530513,7989072
2016-08-31,174.50233459472656,175.47533207973373,172.05305589668805,173.32802361850972,13265582
2016-09-01,175.13983154296875,176.48189681388507,173.86486368717064,175.13983154296875,8695602
2016-09-02,176.414794921875,176.95161676321663,174.63655396379792,175.8108650336134,9506919
2016-09-06,176.2134552001953,178.42786091655992,175.2069090806665,176.48186608093596,9519864
2016-09-07,176.34767150878906,177.7903933735629,175.81084971422374,177.15291483414066,6656556
2016-09-08,177.75686645507812,178.19304219174643,176.28059570559296,176.81741756594943,8645619
2016-09-09,173.32803344726562,177.45488581655545,172.48924136433237,176.48188827637335,10131678
2016-09-12,169.26828002929688,172.25438072237742,168.93276106637126,171.75110759474117,7627126
2016-09-14,168.99984741210938,169.83863939496703,167.45646888763096,168.42946631172546,13020551
2016-09-15,171.71754455566406,173.059620378454,169.43603054382692,169.43603054382692,8077776
2016-09-16,174.70364379882812,175.94506286171264,171.38203487422805,171.78465123776937,14578809
2016-09-19,173.69711303710938,176.21348945865446,173.29449663772394,175.47535407636204,6724348
2016-09-20,172.422119140625,173.96549772233016,171.28136753106236,173.93194901915274,6944197
2016-09-21,170.2077178955078,173.66354278711955,169.77154220848274,172.2543696138112,9139238
2016-09-22,171.2813720703125,172.5898884974469,170.27481524678404,171.41557752008222,7988449
2016-09-23,170.07350158691406,172.45567209440992,168.96628808800546,171.11359641494528,5143011
2016-09-26,166.44993591308594,169.93932041787454,166.08086823857062,169.77155561722836,10060086
2016-09-27,164.97366333007812,167.25517739806145,164.4032821547062,166.8525610214189,6900812
2016-09-28,165.7117919921875,167.35582740585303,164.73879447938657,165.27562692677907,7646466
2016-09-29,164.8730010986328,167.28872054522,161.71914633597774,166.48348781869362,18104875
2016-09-30,161.9540252685547,165.71181028101518,161.38364405321988,164.8394694204182,9912734
2016-10-03,162.5914764404297,163.86644412404766,162.0882033609895,163.86644412404766,6714964
2016-10-04,161.85336303710938,163.69870145550613,161.28298184105773,163.06122284433357,8002732
2016-10-05,161.18231201171875,163.22896377648823,160.5112847474113,162.25596626811455,6470467
2016-10-06,159.3034210205078,162.39016762548175,158.12911004570614,162.39016762548175,8986109
2016-10-07,160.34352111816406,161.21587251834123,158.86725049248574,159.6389345104074,4164582
2016-10-10,161.1151885986328,162.7927724389013,160.74612100445393,162.39014551179545,5241260
2016-10-13,160.34352111816406,162.0211052413454,159.00145594631977,161.1152157695897,11089281
2016-10-14,160.9810028076172,161.38361915034127,159.73958380892012,160.3770729767793,9579094
2016-10-17,161.4507293701172,162.22241336246364,160.0415562013068,160.98100498051372,6379993
2016-10-18,165.04075622558594,165.44337256526848,161.24941248460436,161.719136864319,12234489
2016-10-19,160.6790313720703,164.83944274974132,159.97444480245238,164.83944274974132,8734555
2016-10-20,160.6119384765625,161.95400361345574,159.77314643681626,161.71914141698664,4572220
2016-10-21,161.14878845214844,161.81982645466692,160.2093395020248,160.37710431940718,10999941
2016-10-24,161.9540252685547,162.3901903821006,160.84682218008487,161.71916304068182,9944640
2016-10-25,160.20928955078125,162.9940868228132,159.8066732549042,162.9940868228132,6177333
2016-10-26,160.20928955078125,162.7256653253929,156.68636771972587,160.94742474330698,24852951
2016-10-27,163.1282958984375,164.26904741232033,160.81322290330334,161.85332831609554,15943817
2016-10-28,163.1282958984375,163.93352850817743,160.71256616871023,163.93352850817743,9674418
2016-11-01,161.0145721435547,162.92701862518632,160.47773965096263,162.92701862518632,5730426
2016-11-02,159.23631286621094,160.343515798738,157.7600422895082,159.03499937538652,4867894
2016-11-03,161.24945068359375,162.5915161006325,158.36400631523335,159.06859305171753,9210542
2016-11-04,167.1209716796875,172.0530674782944,165.77890645945843,168.76500715705794,36621117
2016-11-07,172.1201629638672,174.23392270909125,165.7453350243512,170.3083734537481,25202734
2016-11-08,171.51625061035156,172.72411040688525,169.234736479843,172.1201805086184,10317962
2016-11-09,166.5170440673828,171.11362096517584,160.07511816231917,160.47773454382144,23914156
2016-11-10,168.46302795410156,169.77154439855306,164.77234081932818,169.67088765151775,12012673
2016-11-11,163.02767944335938,167.05387538732532,161.71916283735655,166.4163967554027,13232720
2016-11-15,159.37051391601562,165.6782336638484,158.22976231101057,162.3566143244601,22012736
2016-11-16,154.9416961669922,160.44417276679735,153.02924990201717,159.67248877340558,31846924
2016-11-17,155.34434509277344,157.02192939960017,153.26413374686499,153.29768245562008,9640577
2016-11-18,152.89505004882812,155.27722079123686,152.39177693615113,154.337771976371,8575440
2016-11-21,150.44577026367188,153.39832214314885,150.04315390290392,153.12991123597018,7878052
2016-11-22,151.7207489013672,153.0628141669901,149.9760672461088,150.98261353694983,9570300
2016-11-23,150.74774169921875,152.86150153531824,149.9760576766133,152.4924338766586,10720504
2016-11-24,149.97605895996094,151.15035935656067,149.03661013587785,150.98260519519047,18697423
2016-11-25,153.53256225585938,154.63977610655058,149.67412003525666,150.64711776855606,7890103
2016-11-28,156.8206024169922,157.15612137625422,152.52598525884832,153.26412058912226,9472016
2016-11-29,155.0423583984375,158.12911574823116,154.5055259476671,156.38442357510743,8945347
2016-11-30,156.01535034179688,157.29031806249665,153.76738513694607,155.67983140124392,11507955
2016-12-01,156.6864013671875,157.692947639781,155.04236586401387,156.21667693770934,5358757
2016-12-02,153.33123779296875,156.35088733968456,152.99571881366592,156.35088733968456,8693600
2016-12-05,156.04891967773438,156.48509542147235,152.62665367873043,153.59965129152587,5320355
2016-12-06,154.4720001220703,156.35089802780345,153.7674134074204,156.35089802780345,5100487
2016-12-07,152.45887756347656,155.34433211294856,151.98915314613257,155.34433211294856,8419775
2016-12-08,156.5522003173828,157.89426559648936,153.19703180286405,153.7003049533409,7648947
2016-12-09,158.4646453857422,160.7797082374357,156.04891514464342,157.0554720701441,8648965
2016-12-12,155.88111877441406,157.49159453232815,155.6462566187285,157.1560862814932,3155645
2016-12-13,158.12911987304688,158.96791195953358,155.81404648356067,157.5587387021949,7727181
2016-12-14,156.4515380859375,158.69950346404403,155.6798433998391,158.3639844976319,6556449
2016-12-15,154.136474609375,157.29034033699975,153.3312417982201,155.67985344767962,5538310
2016-12-16,151.8885040283203,154.8746046366695,151.6536418242871,154.8746046366695,13422991
2016-12-19,152.32469177246094,153.6667571523558,151.2174886315606,151.2174886315606,5665425
2016-12-20,154.30422973632812,154.8746109168957,152.6601942414293,153.33123217545054,6145411
2016-12-21,151.85494995117188,154.20357207288183,151.3181281139264,153.66673960213194,13379223
2016-12-22,152.6937255859375,153.26410670164952,150.4793197957661,151.1503470199832,6668113
2016-12-23,150.78128051757812,152.6601780264648,150.17735069450788,152.6601780264648,11177602
2016-12-26,150.9825897216797,151.5529708254893,148.96948682403013,150.9154816839067,9071721
2016-12-27,157.05545043945312,157.6258315553298,150.54641724489667,151.6536307738053,16206836
2016-12-28,157.99488830566406,158.63236678332558,156.14953964024525,156.14953964024525,14711711
2016-12-29,158.36398315429688,159.0350104479247,155.88115558411306,157.89425873200523,14593942
2016-12-30,162.15533447265625,162.65861829021233,158.5653034972876,159.33699826186992,10821396
2017-01-02,161.68560791015625,162.55794873610557,160.10866979506847,162.3901839322853,5075736
2017-01-03,163.2960662841797,164.87299359372656,160.54482801002231,161.65203093372497,7798116
2017-01-04,164.7052459716797,165.7453408957105,161.11521552811215,162.96055380744426,9668664
2017-01-05,165.57760620117188,166.31574159967468,163.79936512286685,164.0677760616851,9532162
2017-01-06,162.8599090576172,167.08742900928524,162.52440071556825,165.74535310707043,8404984
2017-01-09,164.97366333007812,165.47693645925744,162.45728705067722,162.96056017985651,5041639
2017-01-10,167.05386352539062,167.6578040392821,164.87300621474296,165.07431971937345,12438618
2017-01-11,166.1144256591797,168.09396946929488,165.47693643769819,167.62424504652088,7931415
2017-01-12,164.1684112548828,166.2150630031321,163.83290294218924,166.2150630031321,5816779
2017-01-13,167.5236053466797,168.42950557810198,162.7257145115302,165.07433686447283,4553691
2017-01-16,166.95321655273438,168.32883047132916,165.81245421033492,167.25517617463143,4813933
2017-01-17,169.0669403076172,169.30180248189458,166.9531913726233,166.9531913726233,4996927
2017-01-18,168.32882690429688,170.64388961263202,167.62424029012874,168.83210001913005,7534139
2017-01-19,170.5432586669922,170.9458750679723,167.45650102562948,167.59070649262284,9538148
2017-01-20,171.3820343017578,171.98596416180453,170.24127199194515,170.61033964900125,11261533
2017-01-23,174.23391723632812,174.56942553123483,171.14716010856148,171.1807088113515,11101905
2017-01-24,174.36814880371094,174.97207871192452,172.69056454383934,174.20038399762086,8341113
2017-01-25,178.15948486328125,178.76342541326323,174.20038638115332,174.4352486060891,18123606
2017-01-27,172.72412109375,179.13249878683789,171.85178021639175,176.81742517232183,25440485
2017-01-30,171.8517608642578,175.13982111388322,171.4491338635049,173.39513955563436,9253765
2017-01-31,173.19381713867188,174.43522551557194,170.84519520020837,171.91884942443403,10380649
2017-02-01,180.977783203125,181.24619406461335,173.4622046469362,174.46875069426858,35144107
2017-02-02,184.06454467773438,187.82233936785937,180.8435717241973,181.85013906405567,30867395
2017-02-03,183.22579956054688,184.8698245240868,181.51465591252835,183.86327819402132,9356904
2017-02-06,185.74215698242188,187.21842761748235,183.93035676038798,184.46719984614387,8538188
2017-02-07,185.9434814453125,196.04252491564898,184.93693515905764,186.95002773156733,25251605
2017-02-08,184.40005493164062,187.21840097957727,182.5211575663495,184.8697792729634,11114871
2017-02-09,186.31253051757812,186.81579297693673,182.9573623871585,185.20532758658052,5070408
2017-02-10,183.42709350585938,187.2855242371997,182.2192337852734,187.01711332895925,7975779
2017-02-13,181.5817413330078,185.4401934881787,180.2396867372593,184.802714896822,9312915
2017-02-14,181.71595764160156,183.52775793177196,180.60875462366755,181.17913580266548,6911954
2017-02-15,183.46063232421875,184.86980554847258,181.9843616893837,181.9843616893837,7827599
2017-02-16,178.93118286132812,182.18569472818348,178.2936935914095,181.21268646886108,10982700
2017-02-17,179.93771362304688,180.4409973803476,177.15292645566944,179.40089179326512,9700816
2017-02-20,178.52853393554688,179.467982737312,178.19302562077695,178.49499586427456,5934404
2017-02-21,176.58251953125,178.6627304020093,175.00559234438586,178.49497626304606,10251239
2017-02-22,176.7838592529297,178.6627569291017,175.5759994992489,177.42133783584336,8815003
2017-02-23,178.26014709472656,179.97129077186932,175.54245707038655,177.1529439861085,12837302
2017-02-27,177.55555725097656,178.49501679641617,173.02607750186687,178.19304651750645,5270544
2017-02-28,175.94503784179688,177.5555137004517,175.0726971947548,176.48185958351434,8558167
2017-03-01,180.1725616455078,180.97779427925437,176.07924790653348,176.07924790653348,15139871
2017-03-02,177.6562042236328,181.34689161712672,176.81741211754348,180.1725911754053,10453722
2017-03-03,175.50888061523438,176.75029963183025,173.22736670656263,175.8108508517589,10371862
2017-03-06,177.22003173828125,177.85751030958485,175.50888825714406,176.28058291730494,9927375
2017-03-07,177.3206787109375,177.82396246282235,175.240478192662,177.35423805006593,7183529
2017-03-08,177.25357055664062,178.15945998812057,176.81739487594436,177.45487341168976,5993605
2017-03-09,177.7904052734375,178.69629477077544,176.01216435128728,178.56209994665576,9847115
2017-03-10,176.7838592529297,177.85751354881307,176.24702678823584,177.79040550316225,5880374
2017-03-14,179.23313903808594,182.28633714434352,177.95817123208033,178.62919852457983,18508020
2017-03-15,179.9712371826172,181.64882101742262,177.9581344541502,177.9581344541502,14475482
2017-03-16,180.1389923095703,182.01788961767076,179.5015138515372,181.34685182663426,9020039
2017-03-17,188.72825622558594,193.86166533935727,185.74215563827457,185.74215563827457,54015422
2017-03-20,189.16441345214844,190.70780268967604,186.41318581474013,189.835451326421,16509511
2017-03-21,193.1905975341797,193.66032186623033,189.90252720982537,190.03674327627039,13734401
2017-03-22,187.78880310058594,193.1570636598664,186.9500110590104,191.24462801323776,12874461
2017-03-23,186.27899169921875,189.56706278398076,184.6014074492191,186.21189428398145,17547913
2017-03-24,188.56051635742188,189.90257099629088,187.0506862800609,187.11778369525194,7398317
2017-03-27,188.9630889892578,189.8354403018516,185.40660760245993,188.1914156823155,12623097
2017-03-28,188.22499084472656,189.36575326285447,187.92304183628917,188.9631262289246,6532115
2017-03-29,190.03677368164062,190.37228200092665,188.02365996490036,188.02365996490036,8828112
2017-03-30,189.7347869873047,191.00974401048416,187.92300819299768,190.57357897981882,14948411
2017-03-31,188.09078979492188,189.90256885370593,187.05068416965247,188.56051422997874,9929324
2017-04-03,188.9295654296875,190.30517927414255,186.98357044477382,189.76835747147825,7507187
2017-04-05,187.1848602294922,190.23807938472007,186.34606819863987,190.03676589459437,10685034
2017-04-06,183.9303741455078,187.31910207229635,183.32645485908606,186.6816234439028,16243974
2017-04-07,182.95736694335938,183.9639131541499,181.78304530826392,183.1922185101738,9480161
2017-04-10,183.56129455566406,184.5343027396869,182.58830763864998,184.5343027396869,5687364
2017-04-11,189.2650604248047,189.63412804654843,182.38697041939554,183.2593217376107,11355730
2017-04-12,189.16441345214844,191.11040840063393,187.58748614446182,189.03021863749817,7507416
2017-04-13,187.31910705566406,189.23156425873316,186.21190394526016,189.16444557300395,4085766
2017-04-17,187.2855224609375,189.5670470598547,184.90336238101656,185.5744002787574,5017073
2017-04-18,187.2519989013672,190.57360804214363,186.61452029256247,188.0236723399153,4497780
2017-04-19,187.01715087890625,188.89604888084895,186.4467696092442,188.66119726411227,5143709
2017-04-20,187.55393981933594,188.89601566099105,186.7822664140424,187.68815591030489,4400814
2017-04-21,184.09811401367188,189.2315226578345,182.99088987967085,189.2315226578345,9041742
2017-04-24,185.7085723876953,186.2454154004418,181.950798900501,185.47372084906044,7392939
2017-04-25,188.76181030273438,189.23153469439873,183.79615548614075,186.5473831608839,13211107
2017-04-26,195.20372009277344,196.54579589842572,189.23154017854228,190.1038703119091,19671557
2017-04-27,191.7814483642578,195.8747517948055,190.90911825850628,195.53924348751758,14075606
2017-04-28,186.54736328125,192.2511527816271,186.11119827368756,191.78142844001945,12851433
2017-05-02,187.35264587402344,188.7618191148017,185.54084563102043,188.22497602283258,7298698
2017-05-03,186.04412841796875,187.5539371344568,184.86980675657907,187.5539371344568,6271881
2017-05-04,188.6947021484375,189.3657400692309,185.30599573899494,186.48029615012697,8070845
2017-05-05,185.9770050048828,188.52694049579867,185.47374253453617,188.52694049579867,4192254
2017-05-08,183.15870666503906,186.8829430651353,182.89027445451808,186.24546441592227,11038927
2017-05-09,182.18568420410156,185.64150939167203,181.85017586758389,183.52776008419056,7008749
2017-05-10,183.8297119140625,185.0040336439953,182.5211953542576,182.65541145113917,4754549
2017-05-11,185.64149475097656,187.31907883527984,183.86325392025446,184.86980011743495,9778012
2017-05-12,184.500732421875,186.0776597593519,183.89681321052583,186.0776597593519,4672675
2017-05-15,186.5138397216797,187.15131824908778,184.86979376467275,185.13820465689685,5673245
2017-05-16,190.20449829101562,190.77487935879358,186.5473603507358,186.88288988490186,11635819
2017-05-17,188.9966583251953,190.84199651966844,187.38617168865196,190.64068303172465,8617269
2017-05-18,186.48028564453125,188.59403477229168,185.9099045073404,186.547383052728,8229448
2017-05-19,192.0498504638672,198.39111881031081,189.19796618156977,189.39927966352138,37099971
2017-05-22,203.7258758544922,204.53110865300033,195.4721705520011,196.24384400877602,37323445
2017-05-23,201.41079711914062,203.9271733420762,200.13583997162925,202.5850975163739,20546707
2017-05-24,201.2430419921875,202.61865588337727,199.90096617292403,201.31013940304823,9822098
2017-05-25,201.34364318847656,204.4639377701697,198.18976801010612,201.3100838588016,23646915
2017-05-26,207.41656494140625,210.57041984776973,201.0081771078919,202.65222324159853,22579834
2017-05-29,211.94601440429688,214.63014463648346,203.65875088140453,203.9942591853002,20422509
2017-05-30,208.99351501464844,211.50989159744432,208.0540660557104,209.96650205046984,8876322
2017-05-31,209.22833251953125,210.3019974120441,206.0073803760085,208.99348095158,12782086
2017-06-01,210.83883666992188,212.54998026503688,208.5573118764352,209.36256592919972,8570891
2017-06-02,214.1939697265625,214.66369409059465,211.50983961795285,212.11375879056212,11500232
2017-06-05,216.3633575439453,216.90862725304567,213.5348586813522,214.69352711205156,9847609
2017-06-06,212.00137329101562,217.41981203607372,210.8086186282586,216.3974663257324,10220219
2017-06-07,212.81922912597656,214.52314571207867,211.5242594328042,212.1717442793904,11978598
2017-06-08,212.37620544433594,213.5007877340303,210.87674079058243,213.33037880461154,8081100
2017-06-09,208.5594482421875,213.05777788932633,207.6734037961617,211.79689424020225,10453119
2017-06-12,207.46890258789062,209.58176589150008,206.1739330022343,209.24099124290436,6507632
2017-06-13,208.04823303222656,208.55941659676054,205.96945587116625,207.91193181556864,5303687
2017-06-14,204.36781311035156,208.55945429470572,203.89071556415814,207.84379717500028,15135338
2017-06-15,205.76498413085938,206.4806411270692,204.12923991260504,206.4806411270692,7713717
2017-06-16,209.1046600341797,211.01304983174074,206.17392473101845,206.17392473101845,12798297
2017-06-19,211.89913940429688,212.54662430951012,209.99074919893312,210.60414799303956,7251573
2017-06-20,210.39967346191406,212.78516120653092,209.99074813485888,212.6488599644561,8579082
2017-06-21,210.57005310058594,211.96725944190553,209.37729859391519,210.87674165297307,8598645
2017-06-22,212.17172241210938,214.14826285617804,210.0588591508378,210.36556928892432,9289243
2017-06-23,211.96728515625,213.2622549369277,210.3315190748258,211.28571415558739,7453263
2017-06-27,212.88739013671875,215.71588921566757,211.96728118352576,212.47844322381965,10061814
2017-06-28,210.16107177734375,212.37617149744216,209.30911366974038,212.37617149744216,8224059
2017-06-29,212.37620544433594,213.5007877340303,210.3314926987599,210.67228895676973,10311615
2017-06-30,220.58909606933594,221.30473154924542,211.4560925682928,211.4560925682928,24090343
2017-07-03,233.4365692138672,241.81984925178963,231.9371263715265,235.82205628160222,48892799
2017-07-04,229.85842895507812,234.08413493678046,229.17685789975013,233.6411234711917,11664585
2017-07-05,225.6326446533203,230.2672959796375,225.0873750378289,229.8583491682251,12439637
2017-07-06,229.75613403320312,230.88071626933026,225.80305315454535,227.84774420189893,13946670
2017-07-07,227.84774780273438,230.50585916679796,226.99578958606853,230.36955794859452,10301830
2017-07-10,227.16624450683594,228.32491321048366,225.59865042606745,226.58693175584546,1316454
2017-07-11,225.1896514892578,228.35894663547208,224.91702743380313,228.32486052822958,8657755
2017-07-12,224.13320922851562,227.3706548360665,223.1449497740929,223.82652068107635,10643992
2017-07-13,230.88070678710938,231.3918903283669,225.59857046436,226.28014131909478,18165609
2017-07-14,229.79025268554688,231.698642787159,228.18857276472878,231.698642787159,5801768
2017-07-17,221.6114044189453,228.32483307983478,218.57843246548566,228.32483307983478,21102802
2017-07-18,193.9398193359375,199.46051585874446,188.38505830673148,199.46051585874446,155236591
2017-07-19,198.64263916015625,199.6308986380913,195.06439721356764,196.15491501085188,40641441
2017-07-20,197.3135986328125,200.99405598085264,196.5638554389097,200.38063562243116,15896377
2017-07-21,196.90467834472656,198.847133207316,195.30299821566183,198.67674584055365,13681787
2017-07-24,199.86944580078125,201.30071656976392,196.3593762845214,197.6543458378041,18479650
2017-07-25,198.6085662841797,201.1644412158173,198.23370549157266,201.06220449048544,9927828
2017-07-26,200.14207458496094,200.55099984259653,198.67669607602107,199.01749232501567,9564282
2017-07-27,196.6660919189453,201.3348304160949,195.4392728044688,200.85773289375237,19620418
2017-07-28,198.71080017089844,200.89181427877296,195.71189227205284,200.58510410715877,19206912
2017-07-31,194.41693115234375,197.85885060600555,193.9057691112532,197.31360245517695,22065527
2017-08-01,196.18893432617188,196.66603170243354,194.24648032334986,194.45095371329384,14063559
2017-08-02,194.55322265625,197.58619470789304,193.76941506515305,197.5180224993966,10247374
2017-08-03,191.79287719726562,194.51913914956006,191.2816936308487,194.24651511441328,10592033
2017-08-04,191.349853515625,193.83757765807513,190.60013198241992,191.11131557361787,11717562
2017-08-07,190.7364501953125,192.8833780247788,190.4638261535412,191.9291830781655,8776750
2017-08-08,186.85153198242188,191.79289436369749,186.40852058576,190.90684996954494,13231816
2017-08-09,185.96548461914062,187.7034872719424,184.29565418075893,186.74929227834477,10291858
2017-08-10,186.13587951660156,187.19228955050158,184.5341782117783,185.82916937732733,10380837
2017-08-11,185.04539489746094,187.0560218136938,184.09119980503962,184.70462019338075,14964550
2017-08-14,184.875,187.02192806990877,184.36381636391232,187.02192806990877,10066349
2017-08-16,190.29344177246094,192.03142276575304,184.9431327675203,185.38614414215118,19412233
2017-08-17,190.83871459960938,192.81525538984562,189.4074219720251,192.09961987646872,14231781
2017-08-18,192.09957885742188,193.56493568175503,188.65766006407753,190.32749030595156,15442589
2017-08-21,191.92918395996094,194.24652072690495,191.48617259015057,192.44036754114782,13592218
2017-08-22,192.81524658203125,194.24653914423396,191.07724384203593,192.20184782727551,12417415
2017-08-23,192.57669067382812,194.65546790596355,191.9291842696707,193.22417547715804,9084531
2017-08-24,191.82696533203125,193.22419338541778,191.58842737220272,192.2018477274694,11235986
2017-08-28,192.50852966308594,192.88339044476265,190.3616016953765,192.26999171148654,10358573
2017-08-29,191.0090789794922,192.81523220179466,190.42974477603406,192.44037143494856,6377756
2017-08-30,192.2018585205078,192.81525730939026,191.24766342595228,191.6225242416112,6785885
2017-08-31,192.3722381591797,192.98563692346605,191.1113329203274,192.8834001959467,11654017
2017-09-01,193.29232788085938,193.80351146761305,191.31578734679127,192.33813291947095,7526993
2017-09-04,192.9515380859375,193.4627000317613,192.2018166180685,193.19007600715676,8807199
2017-09-05,192.78114318847656,193.49680020582733,191.929184949325,192.64484196667573,8121365
2017-09-06,187.907958984375,191.52026548392075,187.60124882479207,191.17946921744144,14710804
2017-09-07,184.295654296875,189.16886598873538,183.7163200789094,188.79398361167372,19958290
2017-09-08,185.62474060058594,186.27222553869055,184.02306051132766,184.8068682999536,10090288
2017-09-11,186.47665405273438,187.02190212169137,185.04536167110223,185.6587819492989,9672742
2017-09-12,189.23699951171875,189.64592475742364,187.15822237656184,187.7716210455324,11906324
2017-09-13,185.04539489746094,189.1347993505766,184.67053408264047,189.06664872992667,12593161
2017-09-14,185.38613891601562,185.7269351645171,184.2956427627958,185.5906123449511,7312288
2017-09-15,183.5459442138672,185.89734573906762,182.79622261455197,185.38616210279372,13653947
2017-09-18,181.97830200195312,185.1816829828862,181.4671400417727,184.70458552622182,10543289
2017-09-19,182.55764770507812,184.02302627199862,180.00178374062622,182.659884423739,35187337
2017-09-20,185.0794677734375,185.38615634484657,182.4895067648081,183.6140891288523,9974675
2017-09-21,183.71632385253906,185.65879998806773,182.0464933788061,185.386154326272,8058682
2017-09-22,182.96658325195312,184.6704996563714,182.01238833741277,183.6822186374451,7142399
2017-09-25,178.7408905029297,183.78447895564045,177.82078157459355,183.00069286153123,18260404
2017-09-26,178.877197265625,179.76324165991664,177.9230022566428,179.45653149256623,9950366
2017-09-27,176.1850128173828,180.9559771279839,175.0263443474463,180.68335306461574,18208892
2017-09-28,178.26377868652344,179.52468379887978,176.59393750552968,177.4799818548649,22436773
2017-09-29,176.0487060546875,179.1839152784992,175.46937180238024,179.11575386040988,12640792
2017-10-03,178.16152954101562,179.0816491317812,176.18498914652733,178.9112510147586,11940746
2017-10-04,182.25091552734375,183.00063688418896,179.35424519333012,180.0017406563967,11194466
2017-10-05,180.7855987548828,183.614097853545,180.20626449118137,182.25097746909762,7204474
2017-10-06,181.39898681640625,182.31909561211555,180.37663050955763,181.16042729110308,8158755
2017-10-09,182.65988159179688,183.4436892224355,181.56938541075846,182.65988159179688,6323114
2017-10-10,181.43307495117188,182.59174342310143,180.71742868328855,182.0464952954272,5683301
2017-10-11,180.88783264160156,182.4895125686795,180.2403369686441,181.63755424147507,7959877
2017-10-12,181.97830200195312,183.47776658063154,179.9336109595782,180.9900425851083,9518815
2017-10-13,181.26266479492188,182.387247017004,180.06992116525302,181.46713821726888,12504487
2017-10-16,182.31910705566406,183.98893743429068,180.9559652276395,181.29676148505945,9504724
2017-10-17,182.14871215820312,183.1369715817505,181.26266784672384,182.65987412185035,11038203
2017-10-18,184.26153564453125,184.5341596517462,182.04645748560063,182.6598561016281,7508323
2017-10-19,183.7845001220703,184.9090826308501,183.34148866126273,184.70463075720713,1283342
2017-10-23,182.0124053955078,185.8973360257079,181.16044711345367,184.0230321253545,10144269
2017-10-24,181.97830200195312,182.96658301962452,181.3649033295713,182.96658301962452,8723712
2017-10-25,183.51182556152344,185.04535459756775,182.79619019847658,182.9324914100922,6169387
2017-10-26,182.93251037597656,184.56827629073678,182.08055211215972,184.56827629073678,9616793
2017-10-27,183.5800018310547,188.11243896699574,182.2850321355452,184.43196012564331,23852749
2017-10-30,180.71743774414062,184.43197050130144,179.55878001453257,183.34147419127743,18266520
2017-10-31,181.09228515625,181.94425423616644,179.86546609780007,181.33083390652718,8452918
2017-11-01,183.92080688476562,184.84091583859023,181.501233116225,181.97833064799147,7516426
2017-11-02,181.0582275390625,183.98896344285748,180.81967876547847,183.8185760904755,10056813
2017-11-03,180.88783264160156,182.59174929601042,180.54704715063684,181.97832893202494,6210456
2017-11-06,180.5470428466797,182.59174494331077,180.13810674751932,181.4671625703088,9368140
2017-11-07,180.8196563720703,182.45541147377156,179.69507406462483,181.09228042228486,9872847
2017-11-08,180.88783264160156,181.63755424147507,180.4107351143339,180.85375733262956,6186540
2017-11-09,177.24142456054688,181.63752758778284,176.73025179931724,181.56937697983932,21026098
2017-11-10,178.3660125732422,180.75149993680586,176.798408134388,177.58221575402195,17438746
2017-11-13,176.0487060546875,179.45653935002676,175.84423260083437,179.25206589617366,7681031
2017-11-14,174.85595703125,177.78669271388475,174.48109624396517,176.1850128408651,8656529
2017-11-15,172.64085388183594,175.40120200536168,170.66431337876466,175.16265326875558,17666898
2017-11-16,173.86770629882812,174.20849181670312,172.02747746280204,173.59508220469442,10343428
2017-11-17,175.84422302246094,176.525793964569,174.481091938659,174.82187740971304,10383570
2017-11-20,176.662109375,177.68445500732008,175.33305357273522,176.25317328215485,8221147
2017-11-21,174.34475708007812,176.86655627515427,173.93582104861153,176.86655627515427,17266541
2017-11-22,175.9464569091797,176.2872423747434,174.20846507534304,174.4810891276284,8941555
2017-11-23,175.9464569091797,177.68444874301633,174.75371317991372,176.08276893532235,7814131
2017-11-24,177.71853637695312,178.1956338727591,175.87830780759336,176.1850071689462,7630740
2017-11-27,176.69618225097656,177.54814053299032,175.36712646700198,177.20735506010195,5022804
2017-11-28,175.1626739501953,176.66211715709352,174.48110296501525,176.59395573840953,18183221
2017-11-29,175.87831115722656,176.32132255433064,175.162664899888,175.84422504943825,9032800
2017-11-30,174.51515197753906,175.98051965449554,173.5609570622347,175.77605703008268,22967997
2017-12-01,173.9358673095703,176.93475393875178,173.5609956805069,175.12860041867708,6847473
2017-12-04,173.86770629882812,174.68558938164495,172.81127443354038,174.4811159108368,6347174
2017-12-05,173.01571655273438,174.0380621206877,172.09559690124536,173.7995133814434,9337698
2017-12-06,171.48219299316406,172.6067861150871,170.97102019251585,172.6067861150871,8562019
2017-12-07,172.67495727539062,173.18613013686482,170.39170625366847,170.39170625366847,5635445
2017-12-08,178.70680236816406,179.38836248830717,172.7090085084212,172.94755725057476,13638732
2017-12-11,181.46714782714844,182.3191060648268,179.45652120202888,180.37664085090356,17842707
2017-12-12,178.26377868652344,180.75150280520594,177.54813246609754,180.27440532492201,9599026
2017-12-13,176.52578735351562,178.84311334931715,175.57159239046547,176.9347234232169,8986735
2017-12-14,180.10401916503906,181.39901046948575,175.5375282936676,177.8207791295606,8353203
2017-12-15,180.34259033203125,182.0124318315059,179.55879335088284,181.29679627500406,12742052
2017-12-18,179.3883514404297,180.95595582083666,176.55985281510144,180.95595582083666,9650962
2017-12-19,180.10401916503906,180.88782684920034,179.32022228129236,179.52469572940652,6107682
2017-12-20,179.45651245117188,180.41070735890835,179.04757640517622,180.41070735890835,7728106
2017-12-21,179.28616333007812,181.22861806271888,178.29788210763965,181.22861806271888,7032195
2017-12-22,179.3202362060547,180.06995784013873,178.67275130396672,179.59286029110064,6652053
2017-12-26,180.03585815429688,180.61519235689414,179.01350177316982,179.4224486457862,9917650
2017-12-27,178.67274475097656,180.13811265487402,178.33195925696006,180.0699512359047,6325599
2017-12-28,178.46826171875,179.96770485147184,177.92300279749654,179.5246934533937,16501935
2017-12-29,179.42247009277344,179.93364294423228,178.74089909055155,178.9112864408994,6818477
2018-01-01,178.77496337890625,181.50122561888702,178.05931711081803,179.42245903122296,10863895
2018-01-02,177.71853637695312,180.06993774884384,177.5140629357751,178.97943072991794,5907460
2018-01-03,177.99114990234375,179.01349544692775,177.61628914930205,178.09338661688486,11443370
2018-01-04,178.26377868652344,179.08166162421216,177.61629387774403,177.854842617886,9729737
2018-01-05,179.1839141845703,179.5928502893651,178.50234320949755,178.50234320949755,9566733
2018-01-08,181.0241241455078,181.84200707097307,179.4224444000981,179.93361717835873,14989106
2018-01-09,184.39788818359375,185.38614766900642,180.4447962398729,180.95596903593304,26728897
2018-01-10,183.61410522460938,186.74931463594436,183.37556724806643,186.37445381506905,17074502
2018-01-11,183.88668823242188,184.70458191403793,182.72801991734988,183.68221481201786,11722150
2018-01-12,182.3531494140625,184.9431099324278,181.39897617132266,184.19338849831615,8494789
2018-01-15,182.38726806640625,184.7727556010542,181.9783211745155,182.65989212739046,10944192
2018-01-16,178.3660125732422,183.13697649995586,177.7526030798135,182.79620184837276,13433905
2018-01-17,181.33082580566406,181.97831061302708,176.90064727033467,178.57048844767553,17006334
2018-01-18,186.34033203125,187.60123709682384,181.73976632842536,182.6598751488249,27461089
2018-01-19,187.12413024902344,189.13475671198006,184.77272915881093,188.11241122938668,26700710
2018-01-22,186.5107421875,187.77162566058422,185.18168650443403,187.4308510139835,8660321
2018-01-23,188.52137756347656,188.96441059649044,186.44260004201755,186.74931023391244,18947034
2018-01-24,191.82696533203125,192.2018477274694,188.1465080029195,188.5554549064306,17971710
2018-01-25,191.69065856933594,193.019714366585,189.88450526536084,191.52027123139712,13629982
2018-01-29,187.8738555908203,193.0878414206675,187.43084424607062,191.6224845722044,9938281
2018-01-30,187.5671844482422,188.41914281190066,185.35210566322863,187.43088320652205,13560150
2018-01-31,184.9772186279297,188.11242755389694,183.92078695060263,186.68113511372746,19675610
2018-02-01,187.63536071777344,197.85886130222556,182.25098633539505,185.38617417256228,61648368
2018-02-02,187.66940307617188,194.68954277164346,184.56828011580836,187.02191823838484,36356576
2018-02-05,190.3275146484375,191.9973667047079,185.28393717455378,186.44258402076412,20465290
2018-02-06,186.4085235595703,188.9984629670084,182.76213080318328,183.9889498911353,16432103
2018-02-07,187.5330810546875,189.9867189052145,186.74927347440558,189.47553535267713,13455081
2018-02-08,186.8174591064453,188.72584925927612,185.82919952069167,187.90797702270444,10156564
2018-02-09,184.9431610107422,185.72696876317943,182.52360873256328,184.70462303438313,14751166
2018-02-12,183.92080688476562,186.6470692373611,183.54594608129412,185.6928741738282,6972242
2018-02-14,181.6375274658203,184.7045856319652,180.6833325519453,184.0230147505078,11738542
2018-02-15,182.72805786132812,183.95489863850904,180.47889297149106,181.6375615271637,12188244
2018-02-16,181.6034393310547,184.5341746478106,181.02411596874762,183.92077598193563,6401588
2018-02-19,180.0017852783203,182.52358475864676,178.91126747023108,181.29676572506398,6303342
2018-02-20,179.42247009277344,181.16046210789955,178.67274847057848,179.93364294423228,9659227
2018-02-21,182.79620361328125,183.3073655955912,179.55875798867478,179.93361874936642,10961665
2018-02-22,182.04647827148438,183.34144785381983,180.92188521259632,182.11462888086334,19855003
2018-02-23,183.3755340576172,184.0230188491334,181.36490747282585,182.28501630283168,6780714
2018-02-26,181.67164611816406,183.68225141756403,181.29678530632708,183.03476652446653,8701511
2018-02-27,181.56939697265625,182.79621605485912,180.95597663114032,182.65989322313482,7716072
2018-02-28,180.64927673339844,181.50122422649395,179.28614562386537,180.61520142577407,13969189
2018-03-01,179.93360900878906,181.36490136326447,179.1498014240183,180.06992102344196,8081243
2018-03-05,177.37774658203125,179.45652384859045,177.20734845173433,179.45652384859045,6878708
2018-03-06,174.82188415527344,178.84312694787792,174.1403131868667,177.9230072205703,8495423
2018-03-07,177.13917541503906,177.54811143523736,172.8112232995202,174.82184969975683,15736814
2018-03-08,176.42356872558594,178.5023461937725,175.6738471207206,177.4118390956734,6259151
2018-03-09,176.69618225097656,177.82077539154957,176.01462210561414,176.52579491473952,6345666
2018-03-12,184.09115600585938,184.60233954118894,179.21795577221522,179.93360192126386,20666810
2018-03-13,183.64816284179688,185.38614383218305,182.1146336849409,183.78446406415034,8647577
2018-03-14,182.6939697265625,183.37554064769407,180.81965509365762,182.6939697265625,8211627
2018-03-15,180.9900360107422,183.95485735523422,180.75148729107516,181.978295391689,5771710
2018-03-16,177.54812622070312,181.56937935604952,176.42354397119783,181.56937935604952,21477001
2018-03-19,176.62803649902344,178.70681390033027,176.0487022592062,177.58223152921306,13423983
2018-03-20,176.662109375,177.17328219116004,175.50344091131706,175.94646311221015,7769207
2018-03-21,176.5598602294922,178.33193810797226,176.32131149201246,177.24143113669538,13418488
2018-03-22,176.0487060546875,178.19564491890057,175.74199587390783,177.2073637588871,8319663
2018-03-23,174.4810791015625,176.38946895872778,173.62912088681563,174.4810791015625,11616470
2018-03-26,175.91238403320312,177.2073536996572,172.09560404681832,172.36823890328455,12981125
2018-03-27,176.45761108398438,177.54811797844772,175.0944801660084,176.38946047831269,9107151
2018-03-28,174.14028930664062,176.49170126489946,173.3564925208298,175.8442056935811,12743051
2018-04-02,176.01461791992188,176.49171541053715,174.1062279574607,175.162659658168,7299774
2018-04-03,176.1850128173828,177.2073584552207,175.50344185854786,175.84422733796532,5294559
2018-04-04,176.25315856933594,177.07103068675394,175.2308022219431,176.86656805760623,8716184
2018-04-05,176.9687957763672,177.2073336981781,174.14028641273677,174.14028641273677,9464602
2018-04-06,177.78668212890625,178.5704897650464,177.24143403455994,177.54813338752626,6333848
2018-04-09,181.16046142578125,181.7057095851736,177.82078944846518,177.9911767981715,9572467
2018-04-10,181.77386474609375,183.13698501664467,180.6833469288247,181.53530519822962,15248015
2018-04-11,180.71743774414062,182.35319300959176,179.52470470494808,181.91018158374825,5433736
2018-04-12,178.53640747070312,180.71742149548209,178.16154669773306,180.68334618896137,6360898
2018-04-13,177.71853637695312,179.59284025303788,177.20735277400806,179.25205478454586,5183544
2018-04-16,180.24029541015625,180.54700552143004,177.2073236005958,177.54810901298472,5412918
2018-04-17,182.38726806640625,182.93251618837468,179.04759631831354,180.88782493057863,13716437
2018-04-18,187.66940307617188,190.08897669201974,182.65989010917585,183.13698761083398,24733011
2018-04-19,189.0325469970703,190.83870030125783,187.60125447672385,188.96439638205254,13317329
2018-04-20,188.2487335205078,190.32751082153698,186.40851576593283,188.11243229467243,11206130
2018-04-23,187.7716064453125,188.93027468650786,187.43083183358434,188.11240265786543,12198602
2018-04-24,188.1124267578125,190.0548811750043,187.19229630677972,188.1124267578125,8774762
2018-04-25,186.8174591064453,188.31690234057515,185.8632640300299,187.77165418286071,5118640
2018-04-26,189.64593505859375,190.2252692557059,186.0677147595624,187.12414643660057,21064135
2018-04-27,190.42974853515625,191.4861802446207,189.74817759993775,190.5660713625313,10107682
2018-04-30,191.82696533203125,193.46273134524628,190.56608171425438,190.56608171425438,6146923
2018-05-02,195.78009033203125,196.7683499921356,191.00911459101474,192.2700199513188,16690653
2018-05-03,194.2465057373047,197.44986499667283,192.91745012960666,195.95042207533675,9727173
2018-05-04,188.89622497558594,195.60967620722514,188.01020217407185,195.60967620722514,11324148
2018-05-07,192.3722381591797,193.15602426905505,188.72584527959197,189.68004033588616,6725168
2018-05-08,192.67889404296875,194.89399396220895,192.20181819661207,192.9856041734776,6842664
2018-05-09,192.4062957763672,193.56496424619996,191.86104764967965,191.86104764967965,4376684
2018-05-10,190.94091796875,193.53085708924434,188.99844202755253,192.84930780542584,5890656
2018-05-11,193.326416015625,193.5649539580614,190.66830453826785,192.13366150095925,4042002
2018-05-14,194.11016845703125,195.8140846680543,192.20180044537773,192.88334964912764,6728839
2018-05-15,192.09957885742188,194.92807739814359,191.31577129045715,194.14426983117886,8077078
2018-05-16,194.8258514404297,196.836478022766,190.53197423760034,190.80459827575706,18758524
2018-05-17,190.12303161621094,196.76831019693367,189.78225696112875,196.2912127193221,11169294
2018-05-18,192.4062957763672,194.6213959921752,188.11243977766657,189.8504208815867,16016090
2018-05-21,192.4403839111328,193.5649662845794,189.8163583730908,192.40629780254503,8909610
2018-05-22,189.98672485351562,192.9515463494057,189.5096273898187,192.20182484942865,4913188
2018-05-23,186.37440490722656,190.42972225091955,186.03363028706718,190.157098234627,8195839
2018-05-24,187.32861328125,188.6576689570893,185.21575000149858,186.74927910451729,6524303
2018-05-25,189.2737274169922,191.15048691253565,186.80615866586456,189.34325253018147,9600297
2018-05-28,191.35903930664062,192.88823949347216,189.34327342131672,190.4554110010102,7266559
2018-05-29,190.4901580810547,193.06199254722247,189.37799856223606,191.01146426810678,9171106
2018-05-30,188.99569702148438,190.24686270161888,188.12683135390478,189.41275959136388,8313920
2018-05-31,188.82191467285156,189.5517520879885,187.3969803678922,189.20421465782852,13721531
2018-06-01,187.64028930664062,188.85671461199775,187.04945793481122,188.4744145513442,6862252
2018-06-04,186.91043090820312,189.0304622862823,185.9372995842155,187.84879967436817,8291604
2018-06-05,185.93728637695312,187.57075197701226,185.48546127537102,186.97992071302238,6011246
2018-06-06,187.95306396484375,188.47439218090588,186.1458295316686,186.28483570294907,7577818
2018-06-07,188.4048614501953,189.27372709806548,187.74452708253452,188.02256144631258,7059595
2018-06-08,186.21531677246094,188.71764793763037,185.5897229664174,188.43961358922292,7030323
2018-06-11,187.15367126464844,188.99566795902794,186.38907135711364,186.63236516196596,8903144
2018-06-12,187.84877014160156,190.87242928216108,187.15367330096132,187.18843585331865,8774931
2018-06-13,186.1805419921875,188.92616680035925,185.72873895938108,188.71763554537142,8118945
2018-06-14,185.7635040283203,186.91040391679005,184.89463847376737,185.2421758837881,9522749
2018-06-15,183.85202026367188,186.1110688351061,183.2264374128939,185.93730010451583,11231098
2018-06-18,183.8867645263672,184.5470988941687,183.15691606023046,183.81725042803197,6522996
2018-06-19,184.9293975830078,185.6939975854988,182.56608347769395,184.1300460389722,7618626
2018-06-20,183.3306884765625,185.58972585357964,182.84412285190453,185.20742586488427,9907628
2018-06-21,181.31491088867188,184.0605248900509,181.00212499724958,183.78249053884196,7412366
2018-06-22,184.30380249023438,185.45071343235958,180.7240745216866,181.10638551222897,17468481
2018-06-25,182.53131103515625,184.47757337482065,180.55029715792656,184.30379365749323,14142177
2018-06-26,184.06051635742188,184.99890703244085,182.21853060498918,182.42705085135378,10475574
2018-06-27,182.63558959960938,184.19955209258742,181.76672399567738,184.13003799778235,10423520
2018-06-28,181.07164001464844,183.50446828498704,180.02900562150447,182.1142854225444,15200725
2018-06-29,185.03367614746094,185.97204493797398,180.93263047192582,181.97527592385998,11327082
2018-07-02,182.8441619873047,185.65929070183142,180.75888186597945,185.5897655766403,18794988
2018-07-03,184.51235961914062,185.41597686906206,181.52346247230219,183.1569282368822,10784961
2018-07-04,183.7825164794922,185.10318534152108,182.253316317247,185.10318534152108,8184810
2018-07-05,189.41278076171875,190.31638705811358,183.15694064708936,183.9215407576572,16069118
2018-07-06,189.5170135498047,190.97671042488628,187.7792823217794,189.58651663066496,13434995
2018-07-09,190.73341369628906,191.84557312064905,189.20421376360858,191.15047623411184,10158808
2018-07-10,192.57540893554688,192.8882058363203,189.82980599631887,191.49801207477304,11928591
2018-07-11,191.67181396484375,194.83450201538102,190.2816419921681,192.4364360866978,11800272
2018-07-12,192.67967224121094,193.34000655964206,189.96880985959746,191.67177847184107,10284221
2018-07-13,187.95306396484375,193.44429237951357,187.1189608486485,193.2357610930887,19306087
2018-07-16,188.7871551513672,189.96881768010135,187.4664864601365,187.88354900663157,10676970
2018-07-17,187.57077026367188,189.7603047858298,187.18847023552516,188.40487340794513,10419746
2018-07-18,186.66712951660156,188.57862952948352,186.00679515119717,188.43962336282127,7321779
2018-07-19,189.9688262939453,190.8724545091573,185.06842926843848,186.91042622631048,9301711
2018-07-20,190.45538330078125,191.0114520097522,188.1268207987748,189.93405511768177,6825663
2018-07-23,197.51058959960938,199.24832097550362,192.64493293530364,194.2783986662839,27059765
2018-07-24,198.55322265625,199.49161345403445,197.09352566697856,197.75388209006908,12577993
2018-07-25,198.90078735351562,199.4568561174601,196.85025900327727,197.5800965022663,13814116
2018-07-26,199.63059997558594,202.37622495336197,197.5453313558969,199.4915938166745,21495638
2018-07-27,210.30026245117188,213.49769020832332,205.05230677973302,208.52776885974544,78783846
2018-07-30,209.2576141357422,211.03010779435724,208.5277767642543,209.91797046075644,17738557
2018-07-31,206.92910766601562,209.46617963408428,205.4346480965052,209.04913908056193,15124149
2018-08-01,209.63995361328125,210.57834444857474,205.81695327154762,207.1723846707996,15187911
2018-08-02,207.97174072265625,210.9606378124628,206.65104989494785,208.87534694058328,10226827
2018-08-03,211.2734375,212.28130937612613,207.241883906981,208.52781219325038,12950643
2018-08-06,209.7789764404297,213.32394230543298,208.52781072163413,212.00327349934452,7979881
2018-08-07,209.2924041748047,211.44719807852124,208.3540354226556,210.57833241147478,7465742
2018-08-08,209.18812561035156,210.19601941484726,208.5277912689073,208.70155998568168,6690368
2018-08-09,210.2655029296875,211.72519966786703,208.56253441656165,209.74417479837317,9576528
2018-08-10,211.86424255371094,213.32393954500125,209.32717062005565,209.9180019281616,15347074
2018-08-13,212.66355895996094,213.9494869412116,210.71729672763547,211.30812790741282,10341087
2018-08-14,214.01902770996094,215.61775283790004,213.28919025903465,213.39345589909604,12790249
2018-08-16,213.7062530517578,214.43611260821774,212.0727872266409,214.01905000452635,19393491
2018-08-17,218.08531188964844,219.16270876938876,213.9495151160666,213.9495151160666,26392504
2018-08-20,217.7725067138672,218.95416918416274,216.38233501013863,218.39810050267133,19958265
2018-08-21,217.49447631835938,220.34436691432643,216.86890454770938,218.60663573101792,14143291
2018-08-23,216.86891174316406,219.9273116778205,213.63672106080892,218.2590835182339,11745180
2018-08-24,215.7567596435547,216.8689191310001,213.39345653067653,216.17382220503467,5655583
2018-08-27,217.84205627441406,218.84992811906534,215.82626852610323,216.31283418440168,5482067
2018-08-28,216.6256561279297,219.5102878532536,216.1738529750195,218.2591220202275,6864300
2018-08-29,217.4249725341797,219.2669693448733,215.4787100904655,216.66037257836368,10748094
2018-08-30,222.3253936767578,222.8467218993305,217.9115621671585,217.9115621671585,25934792
2018-08-31,222.3253936767578,224.236893777017,220.48339666300683,223.81985322846327,18781195
2018-09-03,217.7030029296875,224.48015880556758,216.2085655993405,224.48015880556758,9463966
2018-09-04,215.20066833496094,217.00790252924673,213.39343414067514,216.8688963763408,11615187
2018-09-05,215.65248107910156,218.57187477549456,214.9573841947934,215.7567467132229,10529696
2018-09-06,216.03475952148438,216.6950937854133,214.123259802348,216.45182201638684,7902786
2018-09-07,215.79153442382812,217.70303455638353,214.15806867150764,216.59089703544396,7465327
2018-09-10,213.08065795898438,216.0000518077226,212.38556103840335,215.61775180582856,10006954
2018-09-11,206.58154296875,213.21967142409537,205.43464292380844,213.15016833850913,27008217
2018-09-12,213.25440979003906,213.81047847065673,205.3303539879812,206.9638195057342,20171661
2018-09-14,213.49771118164062,214.5403455021693,212.03801432109955,213.39344554663754,13317349
2018-09-17,209.91799926757812,212.7678680981405,209.57043978100683,212.0032680689894,6049990
2018-09-18,210.786865234375,211.9337652797047,208.04124001349183,210.057005732208,8515415
2018-09-19,208.28453063964844,212.45506818387076,207.1376085825331,211.65572763794697,6387203
2018-09-21,211.2734375,213.1154345475462,208.80584657388877,208.80584657388877,16966413
2018-09-24,207.10284423828125,212.94160934643938,203.3145851094071,212.00324070985172,15009283
2018-09-25,209.32717895507812,210.16128211352603,203.21035637127778,206.37302229691946,13785151
2018-09-26,203.7664031982422,210.61306255462142,201.4031001557447,210.61306255462142,20657879
2018-09-27,203.8706817626953,205.121847459706,201.22934419650846,204.00970996436507,12550275
2018-09-28,206.96385192871094,208.52781461377268,202.8280546707623,205.0523517711933,25554548
2018-10-01,206.51202392578125,210.57831760518803,203.94016763327474,209.11862074364439,9373133
2018-10-03,205.1913604736328,208.52779479238555,204.8090384489654,206.44252609685296,7861709
2018-10-04,199.5611114501953,205.5389054274023,198.2056801396947,204.25297720142626,8417940
2018-10-05,192.19309997558594,198.79648699014803,191.21996879387152,198.4489275512494,18301682
2018-10-08,189.89930725097656,194.20887262316305,187.08417923006772,193.9308382794254,17063274
2018-10-09,186.6323699951172,191.4980038936604,186.11104184943343,191.4980038936604,10946626
2018-10-10,187.7445068359375,188.4743662379615,185.72874139380173,187.60550068379084,11921765
2018-10-11,184.3385772705078,187.18845701572235,183.26118035013656,184.1995600896134,11018554
2018-10-12,191.2895050048828,192.9924958826245,185.79827640230812,185.93730460785014,13942941
2018-10-15,196.36367797851562,197.12827797654992,191.84558107299395,193.8960872334478,18623988
2018-10-16,196.46792602539062,197.232525954962,192.08883567734446,196.71119780775368,12325066
2018-10-17,199.1092987060547,202.72378976861123,195.70336096904575,197.33682674870448,15896854
2018-10-19,201.194580078125,202.65427705156588,197.92764867402101,198.10141740263214,8341467
2018-10-22,200.53424072265625,203.73166896198745,199.70011559878506,202.96706895144126,12965700
2018-10-23,198.7965087890625,202.41097754934336,197.09351801957123,198.7965087890625,11261603
2018-10-24,200.01287841796875,201.3335469329189,199.03974729237396,200.67321267544384,9024700
2018-10-25,199.8739013671875,201.22933263016643,197.75387011273364,198.79650446206287,9953333
2018-10-26,195.25152587890625,201.43785120890502,191.84558831526957,201.36834812359717,22302628
2018-10-29,197.05877685546875,198.2751799473128,193.89608916356798,195.94661737393685,11779416
2018-10-30,193.89608764648438,197.30204711830362,193.23575328582115,196.8850065918077,7110853
2018-10-31,194.69546508789062,195.32105896971967,189.65603959245277,194.31316505883012,14021856
2018-11-01,192.8187255859375,195.87712578803936,191.01146907605482,194.62596006631543,9816770
2018-11-02,196.885009765625,198.7617472388682,193.44428768217307,193.44428768217307,12093152
2018-11-05,194.347900390625,198.27516577801435,193.5137753317091,198.27516577801435,7665505
2018-11-06,192.74917602539062,195.91186350185512,191.9150729931868,195.390535338289,10142476
2018-11-07,194.66067504882812,195.32100929202915,193.7918095647217,195.32100929202915,994001
2018-11-09,192.7144317626953,194.41740034814183,191.7760410864785,193.93083474808546,15613827
2018-11-12,190.35110473632812,193.37476393394562,189.93404221817363,193.09672959834305,7318920
2018-11-13,192.43641662597656,193.166254084136,189.86456018497805,190.42062891781416,6958821
2018-11-14,192.15835571289062,193.51378698575564,190.9071900786693,193.30527773797144,7182329
2018-11-15,190.80291748046875,194.10461118158247,190.10784262086787,192.43640508313752,12621945
2018-11-16,192.2278594970703,193.44426244028128,191.32423140558456,191.70653136169378,13122152
2018-11-19,197.75389099121094,198.10142846784532,192.1931371585229,192.78396849240565,17364041
2018-11-20,197.30203247070312,199.2482948815389,195.87709821616323,198.10139496718958,8096904
2018-11-21,195.8423614501953,197.96239284911846,194.6259582980034,197.7538835886462,5867663
2018-11-22,194.97349548339844,197.7538833064486,194.3479236438653,196.01615193179452,6937634
2018-11-26,198.55322265625,199.0397883193405,195.11252248622014,195.49482250511235,9292657
2018-11-27,197.9971466064453,199.10928406421507,196.572212227614,198.86601225639177,7146777
2018-11-28,196.15513610839844,200.15192663370442,195.18200488535874,198.37943289970312,9197861
2018-11-29,199.8739013671875,201.09030443648777,197.02401064755102,197.16303884122968,14183469
2018-11-30,198.657470703125,201.57686442306436,197.96237381321052,201.22932699285835,8972623
2018-12-03,196.67645263671875,201.2293115830811,196.3984183079448,199.66534920791455,8895477
2018-12-04,195.91184997558594,196.9197216495584,195.28625622249925,195.32101877417088,6548740
2018-12-05,191.3937530517578,195.87710936252225,190.59441253928662,195.32104065049805,11894383
2018-12-06,189.79507446289062,191.0810028010245,188.71767742602233,190.8029463796666,10055005
2018-12-07,190.4901580810547,191.984595586009,189.96882986449845,191.11572991141801,8415885
2018-12-10,187.98780822753906,189.27371431950834,187.08418008414003,189.06518305337764,6940479
2018-12-11,190.9419403076172,191.88030896532683,186.4238436995872,186.5628498558025,10633126
2018-12-12,191.88031005859375,193.0272099866628,189.4822445699492,191.63703826907997,10473073
2018-12-13,191.35903930664062,194.20890837673466,190.1078735147325,193.9308739818113,16430755
2018-12-14,191.67181396484375,192.71447048123292,190.38590764380703,190.69870459872377,8925774
2018-12-17,194.52166748046875,195.59906431958936,191.77604256691947,192.5406425115531,12703296
2018-12-18,193.34002685546875,195.04301767598528,192.54066426684884,193.96562071512892,9172963
2018-12-19,197.0240020751953,197.40630205429923,193.58330226326,193.930839688081,13639278
2018-12-20,196.46792602539062,197.68432899620836,195.32102613103356,195.32102613103356,5155693
2018-12-21,192.3668670654297,197.40629163639636,191.88030147865703,196.71119479393528,7079146
2018-12-24,191.84556579589844,195.1124968054379,191.3242376435245,193.8265687159165,8869498
2018-12-26,192.29737854003906,193.79183796588234,191.01145038566253,192.08884726857232,8821251
2018-12-27,195.1472625732422,195.77285643701688,192.7491968211145,193.93085943301938,11881735
2018-12-28,196.18992614746094,197.40632933191918,194.0351321332154,194.0351321332154,13702437
2018-12-31,195.77285766601562,197.30205774772563,195.39055764558813,196.57222026491112,5662393
2019-01-01,196.50267028808594,197.09350152299777,194.48690479635817,196.155132869668,2586466
2019-01-02,195.04298400878906,196.88498068271687,192.92295301061745,196.18988385735724,10316782
2019-01-03,193.82659912109375,196.3289305860213,193.06199906400505,195.0430243242839,6350450
2019-01-04,195.28628540039062,196.6764792619597,194.03511973677993,194.03511973677993,8105747
2019-01-07,195.77285766601562,198.2751890778146,195.32105455901163,197.6148546815766,10133320
2019-01-08,197.580078125,198.4489437489129,195.5643125210624,196.01613762555908,7768619
2019-01-09,201.85491943359375,202.7585476859219,197.82338790075363,198.5184848618134,12651287
2019-01-10,201.29884338378906,204.1487121825315,200.81227773162524,202.09820596152332,10684824
2019-01-11,205.2956085205078,205.74743363692764,202.61950849649756,202.89754285994636,17419014
2019-01-14,204.56578063964844,204.91331810284123,201.5768835558751,204.70480884262827,6646635
2019-01-15,206.12974548339844,206.72057680073672,204.35725153138353,205.2261172281449,7490965
2019-01-16,204.3920135498047,206.12974493873577,202.75854780656982,205.74744491435112,8083821
2019-01-17,204.32247924804688,205.46937914598828,201.6811200097719,204.42672284831306,11009380
2019-01-18,202.5847625732422,205.12183433319612,202.02867183165372,203.83592819018614,11418250
2019-01-21,201.5073699951172,203.8011700037725,200.67324487960371,203.55787616857995,8519267
2019-01-22,201.4031219482422,202.2719876664619,198.205693461653,201.4726250374383,10727385
2019-01-23,192.74917602539062,204.63525988918036,191.1504730396245,202.61949437256132,41735950
2019-01-24,193.86134338378906,196.9545058789985,193.13148392485604,194.13937773926259,29105831
2019-01-25,194.06988525390625,196.50269150450558,193.58331959788555,194.62595399521442,9240591
2019-01-28,190.97671508789062,194.24364635162516,190.5944150895707,193.86134635330524,9338450
2019-01-29,193.5485382080078,193.930838184147,190.97670400757164,191.35900398371083,7267917
2019-01-30,191.4980010986328,194.76493201856502,190.5943950319712,194.69542894332204,10852162
2019-01-31,193.6875762939453,194.3479106474353,190.1773512212581,192.1931168375181,15937442
2019-02-01,195.21681213378906,198.24045009880476,194.00038681174206,195.07778391459533,19060690
2019-02-04,192.6101837158203,195.9466181140106,191.8803242343545,195.9466181140106,6289877
2019-02-05,190.5596466064453,193.09674035065743,189.41274664715826,192.7839434446239,10205529
2019-02-06,193.0272216796875,193.5137873176917,190.83768732342025,191.15048423988793,8409442
2019-02-07,194.83448791503906,195.32105357763885,192.54066577449476,193.16625963905346,6177040
2019-02-08,191.4980010986328,195.4600288594976,190.87242936244408,194.2783664328623,4575570
2019-02-11,192.6101837158203,193.3747837243536,186.59762725826013,191.7065555105067,10335615
2019-02-12,191.35903930664062,194.97350847015042,190.87247360814825,192.57544253811864,7624089
2019-02-14,193.166259765625,194.7649629269265,192.54066590065634,192.54066590065634,10378675
2019-02-15,194.69546508789062,195.28629641089418,191.42853356146338,193.9308650297696,38998388
2019-02-18,190.9419403076172,196.3289024952492,190.38587162375234,193.79183086405266,42232590
2019-02-19,191.77606201171875,194.06988410769944,190.45539325153587,190.45539325153587,35777932
2019-02-20,191.74131774902344,192.88821775992088,190.6291582651358,192.7144490363613,6208106
2019-02-21,191.18519592285156,192.36685829823057,190.594386764662,191.77602711054107,7264425
2019-02-22,190.66390991210938,191.8108098573827,189.82980686904756,191.56753806421966,9100951
2019-02-25,192.3321075439453,192.64488236708115,189.76025168383694,190.80288582978685,31204722
2019-02-26,191.4980010986328,192.54063534528126,190.49012940435628,191.115701140545,12233273
2019-02-27,191.22000122070312,193.8613608803464,190.3858980790023,191.84559509910738,13634026
2019-02-28,191.88031005859375,192.74917564314623,190.62914449801826,192.74917564314623,44873000
2019-03-01,193.37477111816406,193.93083981002815,192.01933991330654,192.15834607152152,9170950
2019-03-05,196.39842224121094,197.4062939495135,191.88030372702312,194.62592857659104,14103324
2019-03-06,198.6227569580078,201.0208228264657,197.92765997437377,198.1014287129059,20817638
2019-03-07,201.64637756347656,202.27197140446162,198.69224317083433,199.28307445526346,14837761
2019-03-08,202.96705627441406,203.66213112822192,200.46470308859742,201.7853937757372,13169854
2019-03-11,203.62741088867188,204.9828422358293,202.3414826279187,203.6621514171218,15287916
2019-03-12,204.7047882080078,205.50412869867714,203.76639749887067,204.35722875034514,14686757
2019-03-13,204.9828338623047,206.44253079419227,204.46150566180788,205.05233694586977,11496644
2019-03-14,205.3998565673828,205.74741601405194,201.88965375368545,205.33035348984964,10503481
2019-03-15,202.13291931152344,206.12970963330562,201.12504761509203,205.71264712195418,22219476
2019-03-18,204.04443359375,204.4962586896285,202.48049312414,202.96705874543048,9519926
2019-03-19,208.14547729492188,208.52777725793987,203.90541514890356,204.77428070389914,16363247
2019-03-20,207.76321411132812,209.8832455596373,206.1644888706002,208.52781417271797,16221492
2019-03-22,207.27662658691406,208.5277921945472,206.1297266157089,208.5277921945472,8378083
2019-03-25,205.0870819091797,206.4425130846934,203.80115381126882,206.4425130846934,8324586
2019-03-26,203.94017028808594,205.9906984319118,202.3067046899881,205.05232973352645,11178168
2019-03-27,203.73162841796875,206.23395923259383,202.68897222062563,204.3572001068754,8757278
2019-03-28,208.52777099609375,209.91796465414123,203.66211522242804,204.42671512550402,18436077
2019-04-01,206.61630249023438,207.9717338015218,206.12973683927214,206.4425337640701,6442182
2019-04-02,207.06809997558594,208.52779688893582,204.80904050812708,206.72056253267067,10228747
2019-04-03,205.85166931152344,207.83267212378962,205.15657248933346,207.13757530159964,9413878
2019-04-04,204.91331481933594,206.65104616646374,204.1834773465241,205.74743996483994,7233298
2019-04-05,204.7395477294922,206.02547598610212,203.41887894454425,205.0871072194025,8107661
2019-04-08,203.48837280273438,205.05233536264586,202.75853535717746,204.80904152779132,5492542
2019-04-09,205.95596313476562,206.2339974958086,203.14083493863836,203.31460366060233,6413515
2019-04-10,204.84376525878906,206.12969321335382,204.00966233203036,205.78213380507998,5540095
2019-04-11,206.02545166015625,206.7552890526368,203.66212671402548,204.7395235553791,11179559
2019-04-12,212.52459716796875,213.67149721646524,205.46940611822933,206.19924359290738,22658578
2019-04-15,212.350830078125,215.47875567139778,211.55148942854967,214.0190585298376,13098155
2019-04-16,213.5324249267578,215.44392461291295,212.8025876027712,213.2543906114534,10121522
2019-04-18,211.586181640625,214.26230347042593,210.99535040662357,214.26230347042593,9178504
2019-04-22,209.7789764404297,212.35081096531368,209.25764821197123,211.20391089220982,6929432
2019-04-23,210.89114379882812,211.8642531454995,209.60521547398602,210.02227807220626,7784732
2019-04-24,213.01109313964844,213.53239915686868,207.48510396243367,210.89106246549332,11888770
2019-04-25,211.41241455078125,215.33970195633827,209.9179772070397,213.56720824075936,24135743
2019-04-26,211.6905059814453,212.97643443734844,210.30033389486815,211.72526854467515,4834044
2019-04-30,209.46617126464844,213.775759038388,208.18026506753594,211.69046823607744,11593138
2019-05-02,212.00326538085938,213.04589976834475,208.94486530303456,209.29240275569506,7781859
2019-05-03,211.48194885253906,213.70624594912456,210.82161443831143,211.48194885253906,6112578
2019-05-06,213.39344787597656,213.74098531011225,209.04911980176706,211.30815718265438,6997113
2019-05-07,209.8484649658203,215.13118388260264,209.11862752612842,214.26231824846775,8989234
2019-05-08,208.9796142578125,210.89113641304,207.58944236160715,208.52781114523384,8179360
2019-05-09,208.42355346679688,209.43144740589145,205.99072501855622,208.11075651712903,10617358
2019-05-10,206.96385192871094,208.84061155668604,206.37302060193184,208.52781461377268,7170576
2019-05-13,201.09030151367188,210.9606202067982,199.97816409841957,205.1218326882155,37262425
2019-05-14,204.60052490234375,207.311387367256,200.77750300155597,202.27196242455997,21959611
2019-05-15,206.47726440429688,208.04122692389154,202.96706140355408,206.82482386948612,18583184
2019-05-16,204.87857055664062,206.44253314644774,203.83593617327048,206.44253314644774,7637614
2019-05-17,209.5009307861328,210.16126515363695,205.12183999128453,205.12183999128453,11626049
2019-05-20,213.39344787597656,213.77574786532688,209.98748849753557,213.2891822398353,11437612
2019-05-21,212.62879943847656,215.47866743150246,212.2117369889615,213.39339924292244,10923996
2019-05-22,212.5022735595703,214.66451380712056,210.41092017328845,214.20371550672354,14266773
2019-05-23,204.31407165527344,216.64948408539058,203.46336207902647,216.22411806321836,32589058
2019-05-24,205.90924072265625,206.7599505837784,203.67609082654,206.653609042625,11298665
2019-05-27,206.19277954101562,208.10688205653497,204.91670370796885,206.47634945190362,9371741
2019-05-28,204.81039428710938,207.00808952610933,204.24325437643364,206.8662933143878,16199349
2019-05-29,204.2432403564453,206.79539224740245,203.88876108552685,204.7394933612483,7534947
2019-05-30,204.63311767578125,206.3345370070689,204.3849799807394,204.88123290272324,8989691
2019-05-31,197.472900390625,206.65356852272154,196.69307755380837,205.12937751188926,27294002
2019-06-03,197.472900390625,199.56425366576988,195.1688865429761,199.49336680826855,20323304
2019-06-04,197.96917724609375,200.02507610681184,197.65017511474858,197.96917724609372,14384170
2019-06-06,195.48788452148438,198.78442664527515,195.16888243539185,198.78442664527515,11071548
2019-06-07,195.1334228515625,196.23227019844362,194.38905471198797,196.23227019844362,7995725
2019-06-10,198.07550048828125,198.89077801110747,196.3031717235902,197.2956776292653,8947150
2019-06-11,198.39453125,199.49337871329877,197.9337329465916,199.1388994684368,8787243
2019-06-12,198.46542358398438,199.49338421389533,197.26023456080674,199.49338421389533,8565517
2019-06-13,198.9262237548828,199.4579088795881,197.47289715724767,197.72103485659036,7475823
2019-06-14,197.11843872070312,198.85531272883844,196.48038961479622,198.85531272883844,8212601
2019-06-17,194.95619201660156,197.68557178465937,194.5662806211647,197.68557178465937,10398919
2019-06-18,195.027099609375,196.97665679387774,194.2472767355739,195.7714902867953,14378973
2019-06-19,196.515869140625,197.7210581810896,195.38158943296625,195.4524762976692,9394923
2019-06-20,196.3740692138672,197.04757305411513,195.20433486201938,196.3740692138672,10973042
2019-06-21,194.4245147705078,196.1259567923759,193.71557872238753,196.1259567923759,19311989
2019-06-24,195.84239196777344,196.7285564339796,194.42451983460217,194.42451983460217,9279182
2019-06-25,197.43743896484375,198.50083154232857,194.42446711585654,194.99160682810214,12856683
2019-06-26,196.6576690673828,197.5792657303062,195.91327833552572,197.40203733113657,7707084
2019-06-27,193.89280700683594,197.22478133008238,193.39655407775027,197.04755295571613,24205884
2019-06-28,194.1409149169922,195.2752169127463,193.18386375702107,194.3181432846758,8775151
2019-07-01,194.92074584960938,195.84236485539225,194.35360606209696,194.53083443718205,5236646
2019-07-02,194.1409149169922,195.41699061965346,193.68011666739486,195.20430759119336,10360661
2019-07-03,196.16139221191406,196.76398667028658,192.93573687967285,194.45995035698581,18818695
2019-07-04,196.83489990234375,197.26024357199373,195.09800315191902,196.69310370039136,10071080
2019-07-05,198.1109619140625,199.81240387730827,189.99368600875215,196.83488605865367,38474130
2019-07-08,196.69308471679688,200.5567668468837,195.52335041897362,198.60720968384496,12637923
2019-07-09,193.60926818847656,196.7640146436929,192.9357643088272,196.33864850246252,8003290
2019-07-10,193.64466857910156,195.13342736075282,191.9432267617715,193.92823847063985,8477115
2019-07-11,195.4169921875,196.3031565011273,193.96368810549512,194.2472579896839,8727346
2019-07-12,194.99163818359375,195.98414407367142,193.60924333823658,195.23977589016363,10872126
2019-07-15,192.08506774902344,195.38161063482437,191.80149779133714,194.95624446424222,8865479
2019-07-16,192.79397583007812,193.36111566294457,191.83690208550112,192.12049447003642,6602372
2019-07-17,193.4674530029297,193.64468138835196,191.90780726225108,193.14842842830862,6536611
2019-07-18,193.538330078125,195.02708888298295,193.04207714317235,193.50289788369298,9447100
2019-07-19,190.2063751220703,194.42451426549047,189.99369206137638,194.31817273514352,8294444
2019-07-22,187.4415283203125,190.13547613719822,187.15795841349842,189.9936799497405,14037538
2019-07-23,191.87234497070312,192.61673561522824,187.86688925335602,188.22134601011035,14951457
2019-07-24,192.01414489746094,193.78647365198452,189.9227915747788,191.62423347018978,12537555
2019-07-25,189.88734436035156,193.1838867577756,189.21386300210847,192.12049395696536,18350433
2019-07-26,191.69512939453125,192.1204955055248,189.21386452723942,190.52539505740128,4972441
2019-07-29,189.8164520263672,192.2268299422785,188.93028763988826,191.4115524156495,5738104
2019-07-30,190.63174438476562,191.48245417345686,188.96575700601412,189.99369519216984,13743007
2019-07-31,191.55331420898438,192.19136331221208,188.57581913155508,190.4190346496018,14175457
2019-08-01,189.67465209960938,191.90780158782428,188.93028391560503,191.7305732076424,6153824
2019-08-02,187.51243591308594,189.42654973212254,186.51992995490744,189.42654973212254,9233326
2019-08-05,184.18043518066406,187.5124208052417,182.65623293456642,187.44152271363353,12001827
2019-08-06,183.5424041748047,185.38563105118035,183.01070778698215,183.43606265043005,9770895
2019-08-07,179.82052612304688,183.8614368224412,179.4306146725835,183.64875376435162,8816780
2019-08-08,182.7271270751953,183.40060837768428,179.35969809465027,180.77755878970342,6616227
2019-08-09,180.21043395996094,183.5069651239915,179.71418099040355,183.5069651239915,10309668
2019-08-13,174.60989379882812,180.0686657372331,172.979349780751,179.9268807661897,21801393
2019-08-14,176.3467559814453,179.7850834202778,173.01478130614004,174.60988178017627,14340858
2019-08-16,179.35968017578125,179.64325003965192,175.38966837944514,176.34671947852087,10735480
2019-08-19,178.33177185058594,182.40812608830285,177.9064169573286,179.71418929623667,13006987
2019-08-20,174.7516326904297,178.6153030262122,174.00725336319474,178.36717658380053,15577976
2019-08-21,171.1715545654297,175.03523689317262,170.74619968102044,174.89345193170288,15303762
2019-08-22,170.17904663085938,174.39719693046712,169.4346784002739,171.70326022562813,10917955
2019-08-23,167.3787841796875,169.75370775735593,166.35083469846958,169.4346943761756,17073495
2019-08-26,171.91592407226562,172.5894166427669,166.56349434235915,170.6398482589641,13352257
2019-08-27,174.04273986816406,174.60989097722484,172.05772783752914,172.94389231776947,15089362
2019-08-28,174.36172485351562,175.56690243108528,172.34126984830974,174.50350979005034,9237042
2019-08-29,170.9943084716797,174.00726948466706,170.24992907547926,172.943865532645,11532941
2019-08-30,174.1490478515625,175.2478951902524,169.470099847981,172.0931493496683,12225631
2019-09-03,171.242431640625,173.298330180621,170.60439377531418,173.298330180621,9913882
2019-09-04,172.4476318359375,173.36925094396025,171.06521440795478,171.277897468891,7303230
2019-09-05,173.1565704345703,175.03524087638644,171.56146992214678,171.56146992214678,8777107
2019-09-06,172.908447265625,174.29086474058425,172.44763769595468,173.19201720047516,9039911
2019-09-09,174.04273986816406,174.75167594597707,172.41219587643565,173.4401453254282,9435127
2019-09-11,172.8020782470703,174.00726712957376,172.27038189528056,173.40467268832205,9314093
2019-09-12,170.67530822753906,173.68826966970488,170.1436117928161,173.1920166682163,8395088
2019-09-13,170.07272338867188,171.88049574400608,169.15110426049614,170.85254631708852,14572355
2019-09-16,169.71824645996094,170.7461958329886,168.93842357242622,169.78913332207262,7357494
2019-09-17,168.15858459472656,170.2144831440644,167.87500347126104,170.00180010997772,11083300
2019-09-18,169.61190795898438,171.77414827083734,165.92546527592276,168.51306047018815,20724917
2019-09-19,167.80413818359375,170.10816349081622,167.37877206074862,170.10816349081622,8810026
2019-09-20,168.7611846923828,176.16952462469612,166.10269143641318,168.0168052326252,66016326
2019-09-23,180.67124938964844,184.67670547361476,177.16203505736925,177.23292192158826,54044544
2019-09-24,181.48651123046875,182.9043720542421,179.9268654477232,180.77757520155654,17828419
2019-09-25,175.49606323242188,181.663760199623,172.0577354601585,180.8484937846662,21390350
2019-09-26,177.5164794921875,178.22540421043234,174.57440540080935,175.31878478050382,18534981
2019-09-27,179.3242645263672,182.90436550588123,177.23291117978678,177.23291117978678,18211017
2019-09-30,184.21588134765625,184.88936263364718,176.8075422655565,180.60032599149204,21381205
2019-10-01,181.4156036376953,186.05910854568697,180.77756573869308,183.6841853306034,16035574
2019-10-03,185.49197387695312,185.84644188267197,181.52195018738317,182.6916957296605,12832216
2019-10-04,182.3726806640625,187.08707280720643,180.91937636909915,186.44903485726252,18781574
2019-10-07,178.57989501953125,182.90437567292076,177.72917401481567,182.54990765145166,22082491
2019-10-09,175.17701721191406,178.7925729527488,174.609877381066,178.15453502601926,22332047
2019-10-10,172.41217041015625,175.5669163925616,172.02225899516685,175.1061068866422,25230638
2019-10-11,172.94387817382812,174.53897860142868,170.92342287475785,172.41218177597824,26037798
2019-10-14,173.05023193359375,174.68077590723823,172.2704089970794,174.0072945046216,15280471
2019-10-15,175.53146362304688,176.66575437921284,173.72369159211192,173.72369159211192,10373904
2019-10-16,172.731201171875,175.53147926830232,171.6677971740345,175.3896943154004,16681940
2019-10-17,174.29086303710938,174.8934575683152,172.87300214266463,172.979343675707,14175284
2019-10-18,174.7516326904297,175.67324037622336,173.75912692078307,174.39716473926316,13327812
2019-10-22,176.45310974121094,178.01276689154165,173.65283128514153,173.6882747194064,18979485
2019-10-23,177.97727966308594,178.6153175333876,176.55941897731,177.5164813997875,13325639
2019-10-24,176.5594482421875,180.06866272752694,175.7796252974569,179.07615671276008,17438024
2019-10-25,175.60238647460938,182.33724553914251,175.1061334649269,182.1245624681209,33846376
2019-10-27,177.5164794921875,178.01273241198385,177.02022657239118,177.1974549434399,3252338
2019-10-29,179.53695678710938,180.84847610348575,176.91390692030535,177.9064128825583,12397313
2019-10-30,183.8968505859375,187.15793785829226,180.28129535197036,181.48648417464256,35611812
2019-10-31,182.65623474121094,186.34267715814093,181.62828542405214,184.32222195295282,17296427
2019-11-01,185.2438507080078,186.44902846813625,183.43606721673865,183.86143332482598,13055757
2019-11-04,184.85391235351562,187.8314185063999,184.35765945569332,186.41355789864312,8199342
2019-11-05,186.37814331054688,187.1579662037703,183.32973860028193,185.0311693460375,10674212
2019-11-06,185.279296875,187.01618229588604,184.32223435172165,186.41358778989786,9198544
2019-11-07,188.469482421875,188.7884957665917,185.74010234021205,186.37814026369634,15351749
2019-11-08,184.67666625976562,188.18587984690586,184.32219831178344,187.76052504975667,12357632
2019-11-11,183.9322967529297,185.98820646729982,183.47149850661106,184.74757420019273,7524183
2019-11-13,179.96231079101562,183.7905384260931,179.46605781231472,183.54241193674264,10664859
2019-11-14,179.99774169921875,181.41560243940842,179.53694341823612,180.13952664983267,9222757
2019-11-15,177.6937255859375,181.30928132876667,177.23291604758103,180.2458772942635,17386229
2019-11-18,177.76466369628906,178.82805673610864,176.34679133112493,178.26090554323227,8167820
2019-11-19,176.7366485595703,178.50897723742975,176.3821918112385,178.47353380940658,12621028
2019-11-20,177.7291717529297,178.1545378668997,174.89345008536864,176.73666579906796,10362358
2019-11-21,174.1845245361328,178.22543545777492,173.72372619699675,178.22543545777492,10793493
2019-11-22,175.56692504882812,179.11158262099102,174.858000274826,175.21245704480168,17000856
2019-11-25,175.63783264160156,176.09863096110982,174.57442857201423,175.63783264160156,10994413
2019-11-26,176.6303253173828,177.51648969164205,175.6023647572776,176.275857320869,20539741
2019-11-27,175.0706787109375,177.26837367858482,174.82255222214025,177.05569062131542,9182137
2019-11-28,174.8934326171875,175.77959695404752,174.14905322613907,175.31878745462228,11416080
2019-11-29,174.6807403564453,175.389676282114,173.68823455412894,174.9288668070244,10185713
2019-12-02,173.65280151367188,175.03521878756908,173.36923162006477,174.39718090992807,10356741
2019-12-03,173.0147705078125,174.25540288418148,172.02226460671733,173.65280841079505,8442322
2019-12-04,172.37673950195312,173.01477743046476,171.56146195026815,172.62486598715492,12406762
2019-12-05,175.0706787109375,175.46059015989727,172.34129856821903,172.37674199974688,11699738
2019-12-06,172.51853942871094,175.21247633460624,171.91594487892914,175.10613479828567,10773814
2019-12-09,171.1715545654297,172.4830851186146,170.8525412106356,172.27040205938434,6981671
2019-12-10,167.02430725097656,171.3487992568405,166.5989523539964,171.27790115698465,15972570
2019-12-11,168.44216918945312,169.29287893196835,167.02429715049252,167.02429715049252,14331297
2019-12-12,169.1156463623047,170.28538065487666,168.44216502428762,168.76117836132968,10704007
2019-12-13,171.2778778076172,171.91591568313305,169.57644721759158,170.14358700291675,8521473
2019-12-16,167.94590759277344,172.55395778045917,167.55599617231005,172.2703878808586,12476974
2019-12-17,170.88800048828125,171.3488100813255,168.37129191221308,168.37129191221308,16534369
2019-12-18,173.79458618164062,175.35423182802745,169.96635892193655,170.5689533704224,17794641
2019-12-19,173.2274932861328,175.74420204571638,172.44765901779664,174.43267127528298,9699414
2019-12-20,170.95889282226562,173.75917125305025,170.24995673905727,173.22747480766998,14495913
2019-12-23,169.36375427246094,172.12858864929007,169.18652590842805,171.5614376630959,19817033
2019-12-24,169.25743103027344,170.28538036753093,168.86751960007408,169.4346706474872,8200254
2019-12-26,167.875,169.7182267111875,167.55598668951643,169.36375873972264,15017235
2019-12-27,167.94590759277344,169.04475499628865,167.62688303018498,168.3712624421743,9048085
2019-12-30,168.86752319335938,170.78163695526362,168.37127022908223,168.72573823700174,13680470
2019-12-31,168.5130615234375,169.39922595954062,168.30038969792764,169.11565603615992,7417112
2020-01-01,168.79664611816406,169.15110291258225,168.0877100612246,169.15110291258225,4370931
2020-01-02,170.03724670410156,170.81708076559153,168.79662560629293,168.8675124629419,8726602
2020-01-03,169.0802001953125,170.85252893744607,168.7257322000757,170.85252893744607,9642051
2020-01-06,166.66986083984375,168.938442899874,166.59896273556993,168.37129176784026,7930726
2020-01-07,166.84707641601562,168.65484874434767,166.31537999404168,167.34332940560506,8740894
2020-01-08,166.0318145751953,167.16610554876365,165.35832193729263,165.89002960775574,7314466
2020-01-09,167.1660919189453,167.7332317424621,166.63438429183475,167.02429572901525,9816703
2020-01-10,168.7257537841797,169.25745022802647,167.87503273359363,168.44218384533497,10357864
2020-01-13,169.61190795898438,170.49807238954875,168.9029719209124,169.080211547456,12715178
2020-01-14,172.4476318359375,172.83755452567107,168.93842873479804,170.32084616278075,12299570
2020-01-15,171.84506225585938,172.27041717759715,170.92344307434905,171.95140379480688,5687654
2020-01-16,170.67530822753906,172.90844673423763,170.21450989333664,171.9159407312605,9730522
2020-01-17,170.108154296875,171.63235660857052,169.71824286137505,170.67529411794737,7677106
2020-01-20,171.49057006835938,172.44762131608647,170.17903958466198,170.17903958466198,8329721
2020-01-21,169.04473876953125,171.17152404643394,168.72571423756628,171.17152404643394,9939680
2020-01-22,168.7611846923828,169.8600321664133,168.0877033291002,169.8600321664133,7949731
2020-01-23,168.6548309326172,169.25742538977138,167.94590618953902,168.79662711528312,6356150
2020-01-24,168.83206176757812,169.5055430470056,168.01678431285566,168.30036542939592,7063834
2020-01-27,166.3153533935547,168.3003650344295,166.10267036516106,168.01678391855475,7100949
2020-01-28,163.58595275878906,167.23695128305283,163.40872440159237,166.4216851122794,15144538
2020-01-29,167.7686767578125,168.47761277795658,163.86956234917295,164.1176888328183,21258057
2020-01-30,165.92544555664062,168.01678752252198,165.18106617534562,167.98134409504598,10794458
2020-01-31,166.7052764892578,169.0093016003741,165.92545364248465,167.1306313418476,19166671
2020-02-03,147.17420959472656,153.767283004754,145.33099395093242,152.42030908501926,82836335
2020-02-04,152.88111877441406,154.26352489169392,148.2730571919617,149.44279149414893,37145337
2020-02-05,153.44825744628906,154.19263687867561,149.93904333190986,153.34191592251233,22072147
2020-02-06,151.39234924316406,155.89405775015317,150.15171693389738,154.54709515784933,28443398
2020-02-07,151.2860107421875,152.916554490581,150.82520123697296,151.56958063737326,17793265
2020-02-10,149.26553344726562,151.74679774736072,148.91106551381654,151.71134309018183,9987781
2020-02-11,150.7188720703125,153.80273144386646,150.15173223345957,153.48370686009835,30951617
2020-02-12,151.0378875732422,152.27851993433143,150.1517232058999,151.28601404546004,10310789
2020-02-13,150.22259521484375,151.32144251662416,149.72635355351156,151.0378726432774,9505645
2020-02-14,147.2451171875,150.93155994694317,146.60707923363583,150.47075038924348,14260540
2020-02-17,145.18923950195312,147.9186201109765,144.622088330356,147.4578217202353,16161290
2020-02-18,144.5157012939453,145.04740886059213,142.14077827642146,145.01195420011595,21741128
2020-02-19,146.53614807128906,146.85517259326429,144.51569313425938,145.50819889056154,9403278
2020-02-20,147.06788635253906,147.84772055083383,145.65002539627503,146.74887297355443,16193373
2020-02-24,143.9131317138672,147.06787806158314,143.06242192849885,146.7488647005829,17233132
2020-02-25,143.0624237060547,145.61457556197334,142.84974064004425,144.48028460000376,15903285
2020-02-26,140.79383850097656,143.1687619025744,139.16329457901617,142.24714279404154,18557438
2020-02-27,140.04945373535156,141.18374462807463,138.87971941180774,140.65204822955934,17936226
2020-02-28,140.04945373535156,141.71544102658993,136.1503280894878,138.24168148677919,33885063
2020-03-02,138.45436096191406,144.23215727153953,137.28462657368704,141.43187893273011,19274852
2020-03-03,137.42640686035156,139.97855861470816,136.5047990010675,139.6595452624392,18638624
2020-03-04,132.92469787597656,138.6315958924486,132.25120527167437,138.20622977729957,28729502
2020-03-05,133.31459045410156,135.54771730631794,132.25118655081076,132.96012248633795,20797182
2020-03-06,128.8483428955078,131.0460380432645,127.4304819436322,131.0460380432645,27795285
2020-03-09,125.6227035522461,126.8987794718119,123.70858967289736,126.8987794718119,22633662
2020-03-11,124.52383422851562,125.30365701682217,122.18435462954639,123.35410004605582,29032759
2020-03-12,110.45156860351562,119.91579666975024,106.72967106371385,119.80946636922889,54043896
2020-03-13,115.02415466308594,116.26478694673652,95.4221982835561,106.33973991158167,63962722
2020-03-16,104.39019775390625,112.08209653755651,102.97232566592245,112.01120967358813,34535653
2020-03-17,105.7371597290039,110.45156304203901,103.53947598333994,104.92189339507975,49492914
2020-03-18,106.83599853515625,109.63627656274977,104.4610753558129,107.82850441512365,52178352
2020-03-19,114.74058532714844,115.94576295555522,102.61785478454897,106.8359933350474,93204936
2020-03-20,124.41751098632812,125.1264470256547,117.0446256071573,117.0446256071573,64384067
2020-03-23,109.3881607055664,114.8469323409452,105.7726048254836,112.01121060938917,53330913
2020-03-24,106.1270751953125,116.05212394315485,104.496531231723,115.52042751099673,54576761
2020-03-25,104.4610824584961,107.75761365021627,98.54150143909015,107.04868885493033,64913270
2020-03-26,110.87691497802734,113.00371180372137,101.55446136299486,106.33975141229368,60694283
2020-03-27,115.69763946533203,117.6826511795652,109.88440050283496,114.8469185543678,33893412
2020-03-30,112.86190795898438,116.90281788133703,110.6287699806161,110.6287699806161,29203338
2020-03-31,121.72357177734375,123.24777412018514,114.52791493763289,116.26480033474783,44272500
2020-04-01,117.96623229980469,122.46795251332514,116.65471299752843,121.72357304963825,18840671
2020-04-03,126.11896514892578,129.55728167971387,118.39159977087937,119.0296377741797,65288649
2020-04-07,128.70654296875,131.64860606799985,123.10598668086578,131.64860606799985,37509626
2020-04-08,126.65065002441406,130.44343426201596,125.23278917281691,128.2102958377658,39007671
2020-04-09,131.32958984375,132.03851460472436,127.60769272094504,130.44342546699414,44268652
2020-04-13,128.7419891357422,132.32210146105575,128.3520776918448,130.797899116534,18427550
2020-04-15,134.23622131347656,137.35552423961815,129.52182910862115,130.47888042903912,50983406
2020-04-16,132.1094207763672,135.54773697098562,131.47138283544885,134.44890071576867,28122965
2020-04-17,133.35003662109375,135.68950503512178,132.53475915507804,135.01602374636522,27694463
2020-04-20,128.1039276123047,134.6615453227045,127.25321801905693,134.6615453227045,37141676
2020-04-21,127.32413482666016,130.65612083671286,124.80742641119386,126.18984386805636,24232310
2020-04-22,129.20278930664062,130.1243970859263,124.7719675526996,126.89876424140134,26132520
2020-04-23,127.99758911132812,130.443410143003,127.35955128438016,129.69903080588887,34237726
2020-04-24,127.64314270019531,129.5926997638918,127.11143510641432,128.31662400691772,18744844
2020-04-27,127.5013656616211,129.23823979553677,127.11144299064624,127.78493557319293,13589672
2020-04-28,127.21778869628906,128.17485122185602,126.22528273912368,127.60770014602528,18488267
2020-04-29,129.1319122314453,129.66361991569232,127.35958324142742,127.962177794206,22287597
2020-04-30,129.0609893798828,131.0814443145495,127.9266986931568,131.0814443145495,31326446
2020-05-04,123.38958740234375,128.84836009799713,120.97922009213248,128.84836009799713,31461042
2020-05-05,123.28321838378906,125.79992668483521,121.93625565509613,124.06304127599046,18389548
2020-05-06,116.19392395019531,121.51091142813799,113.7835567428901,121.51091142813799,68112675
2020-05-07,114.13800811767578,117.5763243861056,113.78354009087805,116.26480504441065,25183509
2020-05-08,112.18843078613281,116.37112621249001,111.37316449910202,116.22934125970424,26281664
2020-05-11,112.33023071289062,115.91034337566123,112.01121733510983,113.4290782860234,18792383
2020-05-12,117.00917053222656,117.61176504014203,111.65674052639514,112.33022189756464,22211224
2020-05-13,117.25727844238281,123.07051707446674,116.619240603937,122.92873213637316,20785966
2020-05-14,116.12303161621094,119.27777857541565,114.8115120173492,116.61928470422428,15525762
2020-05-15,116.72557830810547,117.32817270088195,114.24432512133909,114.98869321353465,15526021
2020-05-18,116.79649353027344,118.60426573982153,115.66220266203625,117.68265792001966,21602419
2020-05-19,121.05006408691406,121.68811317016139,117.04460862463685,118.03711444206648,20917906
2020-05-20,124.5947494506836,125.48091387454804,121.22732014637826,121.90080151361886,26295911
2020-05-21,133.95265197753906,135.0160448347266,122.39705934357302,124.48841285917388,60630670
2020-05-22,132.1094207763672,136.04398995103895,130.86878832623393,133.27915512904232,40516307
2020-05-26,135.90220642089844,138.2062317188011,133.13737156979474,134.69702862383224,55283582
2020-05-27,136.2212371826172,137.46185846796058,132.49933962443131,136.46936368649625,25491463
2020-05-28,135.15782165527344,136.75292207898326,133.98808733604673,136.32755597450014,25524647
2020-05-29,139.9076690673828,140.36846737115866,133.98808810767696,135.01603747601285,37214719
2020-06-01,142.17623901367188,145.5082133254732,141.07739164103523,142.4952523332454,29606349
2020-06-02,139.83676147460938,143.1332924092014,139.44685005910227,143.1332924092014,23502975
2020-06-03,139.44686889648438,142.42438690881576,138.66704596012667,141.78634893960927,19710133
2020-06-04,141.8927001953125,143.55868771605,138.2417005303503,140.1912580048192,22843181
2020-06-05,141.78634643554688,143.2042073160705,140.8292838816138,143.06242235142327,15193091
2020-06-08,140.12034606933594,144.3739398916826,139.65954774851687,143.84224347240212,20304292
2020-06-09,140.72296142578125,146.1817338579126,140.12036681880525,140.54573300446035,41451482
2020-06-10,141.1128387451172,144.01945829519107,140.5811423759434,141.39641987818686,28247205
2020-06-11,137.70994567871094,142.67247434032117,137.2491474701676,141.78631011275488,20611505
2020-06-12,137.46182250976562,138.38344141683416,133.17278619841244,133.95262017378943,23431727
2020-06-15,132.71202087402344,137.4973112494431,132.0739829062376,137.4618565821954,25404661
2020-06-16,131.15234375,135.37049361416646,128.9546602484532,135.26415209676017,28700454
2020-06-17,128.4584197998047,131.15235648819663,128.10395178537257,130.44343169338353,24952658
2020-06-18,132.28665161132812,132.92470079807796,128.1039558694051,128.45842389513786,30000032
2020-06-19,130.47889709472656,133.24373234517,130.15988369185777,132.6411377425753,31707306
2020-06-22,131.15234375,132.92468365002162,129.840824581439,132.21574769001296,32605144
2020-06-23,131.75494384765625,132.9246893552822,130.97512099860597,131.435930515795,27569189
2020-06-24,136.00856018066406,138.0290157355246,131.9676490709429,132.8538135908984,56757828
2020-06-25,143.2751007080078,144.26760673980164,135.86677137192177,136.29212628523968,78484846
2020-06-26,138.38348388671875,148.45030699871847,137.03650977118923,146.03993995212255,74727243
2020-06-29,139.83676147460938,143.9131152402156,139.0923820720821,143.55865848724568,95027403
2020-06-30,137.99356079101562,141.36097894555812,137.5327512348134,141.36097894555812,42797633
2020-07-01,143.8422393798828,144.51572074287316,137.99355646609823,137.99355646609823,46004000
2020-07-02,145.93359375,146.5716316859501,143.5941138288155,144.9410877976218,40835235
2020-07-03,147.13877868652344,147.81226008668065,146.03993115232865,147.45780328705163,39352660
2020-07-06,149.2232208251953,150.82897533369285,148.58838461982663,149.63399440863932,36046969
2020-07-07,145.07809448242188,149.74598600253603,144.89138355566718,149.37256414902663,32467210
2020-07-08,146.60919189453125,147.8415126073863,145.07811708315327,145.07811708315327,22093693
2020-07-09,145.97433471679688,147.13197561489287,145.00341658281707,147.05728414222142,19492371
2020-07-10,145.1527862548828,146.75854046772344,144.89138385580995,145.75027068983528,16815128
2020-07-13,147.54275512695312,148.43899365983398,145.71293824089958,146.31043454119524,21079233
2020-07-14,146.31044006347656,148.9991439284752,143.95781826403987,147.4307293955174,19185879
2020-07-15,148.40162658691406,149.37255649463359,145.2648098004041,146.6465013589101,24692471
2020-07-16,144.7793731689453,148.51368692420033,143.39768134014645,148.40165561792247,22997164
2020-07-17,144.9287109375,145.93698062677876,144.14450380919953,144.36856637017786,15455455
2020-07-20,143.92047119140625,145.89965916873956,143.65906878241648,145.6382567597498,19643434
2020-07-21,143.58438110351562,145.040764301371,143.0242364509079,143.472349805969,29089491
2020-07-22,146.79586791992188,147.80413761287255,143.77108251131725,144.14450433414282,33826583
2020-07-23,149.8953857421875,150.4928702428517,146.98261921363462,147.61744353680882,32700809
2020-07-24,149.0738067626953,150.6422211188027,147.35602130150022,150.11941633343358,62500933
2020-07-27,146.6838836669922,149.74602170772303,145.75030514036848,149.74602170772303,23517850
2020-07-28,145.93701171875,148.36431325103314,145.6756092869579,147.13199257335302,20029937
2020-07-29,146.90789794921875,148.02819891352203,144.44325713097402,144.4805969459137,15402845
2020-07-30,144.40594482421875,148.17761037930032,143.771120456792,148.17761037930032,16943579
2020-07-31,145.00341796875,147.09463720204022,144.51795297955763,144.51795297955763,17294202
2020-08-03,143.8457489013672,144.8913583133312,143.32294419538516,144.8913583133312,13776301
2020-08-04,144.6299591064453,146.23571307114182,143.8457520304136,143.8457520304136,17849565
2020-08-05,143.99514770507812,145.33949954066262,143.1736006761237,145.26481990264398,50646546
2020-08-06,145.89964294433594,146.086353857798,144.21919738268207,145.04074433811326,18574935
2020-08-07,146.42245483398438,147.13198243431208,145.0034233035797,146.01168130306456,21717194
2020-08-10,148.513671875,149.11116816956095,146.68385500650882,146.68385500650882,17108987
2020-08-11,151.65049743652344,155.1234083267358,149.37256727386398,149.37256727386398,57266693
2020-08-12,152.50941467285156,153.03221958501538,149.67133931762453,151.23975405411602,22106836
2020-08-13,150.4555206298828,152.50938826117394,147.20666040477204,151.98658343954978,23573090
2020-08-14,146.6838836669922,151.8745812218302,146.0117076012282,150.56758075265898,29858596
2020-08-17,148.43898010253906,148.99912469625824,147.01993687467615,147.91617532570137,12192938
2020-08-18,148.2896270751953,149.2978850997635,147.3186970369344,149.2978850997635,12969115
2020-08-19,148.21495056152344,150.64225223199364,147.9535481148496,148.3269818722589,16070316
2020-08-20,146.2357635498047,147.2813733454444,145.3021850658588,147.13200220822827,17561721
2020-08-21,146.98260498046875,148.77507014401266,146.60917128615236,147.87883164467829,17897538
2020-08-24,146.90789794921875,148.62568329305157,146.6464955743937,147.31867141892621,15304895
2020-08-25,145.93701171875,148.10291081924103,145.712949110035,147.3187035238647,15784633
2020-08-26,145.60089111328125,146.7958717488135,144.62997304538754,146.75853193258175,23502769
2020-08-27,145.07809448242188,148.5510171351065,144.8166920838905,148.25226308312443,49030500
2020-08-28,146.04904174804688,146.60918642981792,144.92874054937872,145.33951410501922,35979788
2020-08-31,142.72547912597656,148.62569093527134,141.90393214431833,148.62569093527134,100730476
2020-09-01,142.05332946777344,143.65908391062814,140.59694615505327,142.72550547094224,41311165
2020-09-02,142.91220092773438,144.14452149405923,141.64254054170652,142.87486110803138,21378178
2020-09-03,143.09890747070312,144.33123983434172,141.90393859587132,142.94953636134915,16295787
2020-09-04,139.43931579589844,141.90396921994386,138.6924482528235,141.90396921994386,42983034
2020-09-07,141.2317352294922,142.2773447144402,135.03278161890526,139.85004374445285,33918419
2020-09-08,140.52224731445312,142.31472445246388,137.8708832643596,141.60519682756865,26574542
2020-09-09,137.2733917236328,139.1031967543211,136.15309061114237,138.54305211563846,28901363
2020-09-10,138.09495544433594,138.69243997503347,136.8252830639138,137.4974590785118,18469229
2020-09-11,137.38540649414062,139.28990277064526,136.48916807896987,138.09492216212547,19997552
2020-09-14,136.9373016357422,138.8044583731987,136.67589921909325,138.76711855228473,32185628
2020-09-15,135.77963256835938,137.57210929299097,135.0327771290321,137.4227382051255,31956903
2020-09-16,134.9207763671875,137.0493355621172,134.47266300224862,135.81701493219097,52591750
2020-09-17,133.3896942138672,135.55559291736876,132.7921979785182,135.0327881496099,35240133
2020-09-18,133.76312255859375,134.32327900498044,132.1947200140848,134.09921642642576,30929813
2020-09-21,131.26113891601562,134.8834207380241,130.73833413396036,134.43529559047712,24811451
2020-09-22,130.10350036621094,132.0079967715983,129.76740649960607,131.26114123768392,19242719
2020-09-23,128.83384704589844,132.6055124254329,128.23636253139372,130.66366408304006,64164525
2020-09-24,124.3899917602539,128.2736758061116,124.09124956483188,128.23633599046482,32698988
2020-09-25,127.5268325805664,127.8629264902691,124.72609734021488,126.14514078930503,27650738
2020-09-28,129.4313507080078,130.55164015356024,127.34013111884126,127.7135648790677,24087933
2020-09-29,126.51856231689453,130.51427801441463,126.21982009383926,130.51427801441463,26602326
2020-09-30,128.23634338378906,128.53508559643473,125.99575311869752,126.9666712273582,19193371
2020-10-01,127.60152435302734,130.40225959978645,127.04137967070074,130.32757995421014,20517295
2020-10-05,126.40653991699219,129.05790396215846,126.0331061943401,127.78823167216656,25234767
2020-10-06,126.89200592041016,128.16166638508662,125.54765397657586,126.59325183890466,22728054
2020-10-07,126.5932388305664,127.63884842057736,126.21981697852645,126.96667251773098,16913783
2020-10-08,124.83810424804688,127.26540528165877,124.65139333589356,127.04135455409953,26484289
2020-10-09,125.36093139648438,126.14513867082799,124.24064205320829,125.09952897170318,23234939
2020-10-12,128.60977172851562,130.85035006547534,126.9666659569214,127.34009962478936,68801924
2020-10-13,127.07870483398438,130.5889554844144,126.5932398532362,129.09523255881385,37058708
2020-10-14,125.32359313964844,127.71355481460452,124.7634484610144,127.3774609063485,39688050
2020-10-15,123.26970672607422,125.32358621440517,122.8962848510371,125.24889473832253,28161148
2020-10-16,123.75514221191406,124.5766890772223,122.33609918584911,123.60577113050552,21006060
2020-10-19,125.6596450805664,126.14510999770569,124.09124272350712,124.57669580552324,19748904
2020-10-20,125.06216430664062,125.69700033144873,124.50201974627255,125.4729377732521,16770677
2020-10-21,125.21153259277344,126.14511078416106,124.42732549179306,125.58496623635314,17113482
2020-10-22,125.88373565673828,126.29450920302492,124.72609466168004,125.13688004309248,22893091
2020-10-23,127.5268325805664,127.71355536433214,125.28625385638603,126.18248061200777,20921450
2020-10-26,125.88373565673828,128.16166598982812,125.65967305508164,128.08698634602644,16699886
2020-10-27,124.87548828125,126.44389112137736,124.53939435006974,125.84640657944824,47652264
2020-10-28,123.60578155517578,125.84637163551596,123.23234790259849,125.84637163551596,17468592
2020-10-29,122.37350463867188,123.94191943575811,122.07475050937374,123.23239169319373,21816186
2020-10-30,123.41907501220703,124.57670399048536,122.0000318162663,122.48549676530169,16976909
2020-11-02,124.53936767578125,124.87546153497571,122.82158223296624,124.57670749287254,14924105
2020-11-03,127.04133605957031,127.52678909454676,124.80074626429418,124.87543771935626,23473408
2020-11-04,126.81731414794922,128.31103721151865,125.62233333006849,127.00403692784903,19533203
2020-11-05,130.5142822265625,130.70099316321662,127.11605086548023,127.90025810265305,28037401
2020-11-06,129.9167938232422,132.3441071580456,129.50602026953337,131.8213023014842,35571152
2020-11-09,129.0579071044922,132.41878701994094,128.3483912987658,129.9167940358912,36645472
2020-11-10,133.20297241210938,134.09921085396047,128.34837020273704,130.70097983930057,59672371
2020-11-11,138.39369201660156,138.84181723131684,133.38971785491447,134.13657348756308,65757234
2020-11-12,140.4102020263672,140.97035847314675,137.3107249181017,138.31899468718032,48153554
2020-11-13,139.73806762695312,141.0077401699079,138.5804382417552,139.81275912041497,29284742
2020-11-14,140.8583221435547,141.9039316932961,140.44754865403115,141.19440416447205,8066280
2020-11-17,139.92474365234375,141.45580632260885,139.21521612466984,141.15706411891676,21757459
2020-11-18,137.46011352539062,140.74631381265243,136.48919528590744,139.51399314310154,27620283
2020-11-19,140.3355255126953,143.2482917602601,136.45184112765057,136.52652076546642,50871154
2020-11-20,143.17361450195312,143.39767710789584,138.95383582241234,141.00771542826007,47052232
2020-11-23,142.53875732421875,143.77108964006771,140.89566334991915,143.3976559636021,24073204
2020-11-24,146.04904174804688,146.72121773319734,142.35206791215623,142.35206791215623,47160760
2020-11-25,144.7793731689453,147.84151092165948,143.77111508269724,146.38512761029992,43263598
2020-11-26,145.48887634277344,146.27308358339363,143.8084424001233,145.7129389358436,25155854
2020-11-27,144.6299591064453,146.19837325850875,144.29387712250193,145.2274552841888,32594141
2020-12-01,145.1901397705078,146.64652301200533,143.6964167070843,145.63826497412293,16505446
2020-12-02,146.34779357910156,148.43901315205633,144.55531627796123,145.63827772476057,29520716
2020-12-03,146.5344696044922,147.2813369410923,145.3021491507136,147.2813369410923,29087754
2020-12-04,148.02821350097656,148.88710033997026,146.75854131667094,147.01994371725593,23005484
2020-12-07,151.72518920898438,152.17331441460868,147.58010206771476,148.02822727333907,37068111
2020-12-08,151.202392578125,152.88283852030887,149.03649341696135,152.28535399383333,32042241
2020-12-09,153.40560913085938,155.1980741450125,152.84546455363179,153.1068669343545,41212760
2020-12-10,158.85772705078125,159.56724281369318,151.72518226077713,154.33920639012428,67739601
2020-12-11,161.54640197753906,162.77872234629535,159.34316360628895,160.16471051879319,62645643
2020-12-14,161.24766540527344,163.2641929429462,160.57548955938253,162.77872800725467,28029531
2020-12-15,159.4925537109375,161.62111270852063,158.03617061600562,160.76221404477897,24151252
2020-12-16,159.8286590576172,160.9863001058097,159.45522531609123,159.64194810441737,20304621
2020-12-17,159.1190948486328,160.65015733766197,157.77474325602873,159.97798154135992,23248344
2020-12-18,160.20208740234375,161.28503693169873,156.65448473004648,159.15647769534556,24690701
2020-12-21,151.57583618164062,160.35147653959325,148.73776082607003,160.20210539826084,43445980
2020-12-22,151.91192626953125,154.04048569095517,147.05731104139454,151.68786364565705,42564860
2020-12-23,155.1607666015625,155.53420034242708,150.86630816943568,151.6131638160385,24608258
2020-12-24,155.7955780029297,157.32664071134087,153.55498774916688,156.84118757702728,23645158
2020-12-28,156.46774291992188,156.9905476702979,155.23542250908855,156.09430926463565,16347233
2020-12-29,157.99884033203125,159.45521167972097,156.91587902368136,157.2146330924289,27568853
2020-12-30,157.70008850097656,159.45521394231827,156.50510771440608,158.85772946659577,19654130
2020-12-31,156.09432983398438,157.8121154065636,155.75824778452605,157.25197076738291,18947950
2021-01-01,159.7165985107422,159.97800089844017,156.31837930579243,156.76649261250722,20279389
2021-01-04,159.3805389404297,161.3223753781856,158.40962072155173,159.8286523102674,27927482
2021-01-05,157.92413330078125,159.26848505479006,157.2892972405204,158.6710006463969,18718244
2021-01-06,153.40560913085938,157.9614690504922,152.7334332711615,157.92412923471008,50957586
2021-01-07,151.46376037597656,155.04870222029766,150.94095561731783,153.928413071814,36298522
2021-01-08,150.4928436279297,153.85372293760332,149.55926538440232,152.62140249657696,58600546
2021-01-11,151.23974609375,153.92845016614518,150.30616763332796,152.36003551220577,44625924
2021-01-12,154.18983459472656,154.52591664694873,150.56755248509452,151.61315029710536,36989137
2021-01-13,157.77476501464844,159.08177697524127,153.29358453122282,154.93667851875418,66387977
2021-01-14,159.94065856933594,161.69578378697142,158.0361622518085,158.33490445159242,50164605
2021-01-15,162.70408630371094,163.18955135256485,157.7374518493937,160.50083550713518,60567280
2021-01-18,164.1231231689453,165.803557190015,160.27677826241498,163.1148532882028,70211602
2021-01-19,163.45095825195312,165.5795177782099,162.44270006511587,165.05672468863386,33009228
2021-01-20,162.55467224121094,163.5629300612194,161.09828931442252,163.1895082524004,46392916
2021-01-21,159.60459899902344,163.9363970104556,158.48429783959654,163.56296329064665,30116008
2021-01-22,157.36399841308594,160.38878412856906,156.20635750653227,159.82863950237774,25663922
2021-01-25,155.19808959960938,158.70835218102644,154.48857385347588,158.33491848064696,25929487
2021-01-27,157.32666015625,158.82039506679413,154.67530791082373,155.34748388651823,50338134
2021-01-28,154.30184936523438,157.58803723557793,153.66701331387293,156.28103715175894,22984352
2021-01-29,151.79986572265625,155.94495245527017,151.12768981561413,155.75824152808474,24679902
2021-02-01,161.2850341796875,162.77875723485778,150.7169296580851,152.3600238352598,59968324
2021-02-02,162.96548461914062,166.92386088706314,162.06924602666032,164.30983659029806,50324035
2021-02-03,161.8825225830078,165.80354689039115,161.09831535450613,165.43011318608674,55709225
2021-02-04,171.74111938476562,172.82406889657946,161.32237414102494,161.39706561965468,109894300
2021-02-05,175.02731323242188,178.3882050087993,169.72459680739257,173.3842190022826,130323308
2021-02-08,174.09373474121094,177.79070859261626,172.8987657271518,177.3799350352519,43093963
2021-02-09,171.03158569335938,178.64959549781003,170.4341012260203,175.2140243052343,73377134
2021-02-10,169.94863891601562,172.60000291092584,166.6250989671229,171.03158840659154,49104142
2021-02-11,169.12710571289062,171.25566504758524,167.67072238730344,171.0316024328406,45311749
2021-02-12,162.40533447265625,168.60428926051785,161.17300201128708,168.60428926051785,114826417
2021-02-15,163.2642059326172,165.0566828876889,162.44265892617787,163.15217464353464,33000365
2021-02-16,163.00282287597656,165.65418697004534,162.25596725202294,163.60031921026544,30271502
2021-02-17,162.62936401367188,163.11482897056237,161.7331374034305,162.51733272861065,20615018
2021-02-18,163.45095825195312,164.75797056371212,162.74144235491005,162.96550498981946,24997592
2021-02-19,161.2850341796875,163.4882848582861,159.8286509462369,163.45093320144068,29208388
2021-02-22,158.44786071777344,162.2359189757715,157.64433247354873,162.2359189757715,53531490
2021-02-23,159.5574951171875,161.12629185630135,158.40960452893054,159.17487300557852,27703323
2021-02-24,159.82533264160156,160.55234130864272,158.02696511971078,160.01665581786065,13667471
2021-02-25,160.05490112304688,161.62369766890586,159.78705840188624,160.3227438442075,26953713
2021-02-26,155.99900817871094,159.17486120735873,155.34853123444574,158.60090382905761,45101885
2021-03-01,158.3330841064453,158.98356114524904,156.15208213206262,157.22345322498268,16850430
2021-03-02,160.62887573242188,161.31761255187553,158.02697973373967,158.40961399492852,26590262
2021-03-03,160.66714477539062,162.23592945349318,159.78708477771534,162.23592945349318,21648963
2021-03-04,160.47581481933594,161.70023710560426,158.8687582948497,159.78707804122968,25858155
2021-03-05,159.59579467773438,160.7054256724034,158.56268326795725,159.17490058067776,17990773
2021-03-08,159.17486572265625,161.31759553114463,158.94528276482325,160.47580752137623,23874105
2021-03-09,159.0218048095703,160.51406980529654,156.68775179096565,159.7105415670813,23463213
2021-03-10,158.0269775390625,160.09318796872793,157.49129200618083,160.0166683935823,20358192
2021-03-12,157.03211975097656,159.1748616311007,155.7311658589829,159.1748616311007,31973696
2021-03-15,157.2234344482422,157.64432845209234,154.27717642129102,157.52954910017226,42699297
2021-03-16,159.0601043701172,159.8636327480085,156.8408303197292,157.95047340828157,50641203
2021-03-17,161.16453552246094,163.68991154143941,159.59575106697173,162.3889576866021,81604999
2021-03-18,166.55963134765625,167.66926191583465,162.15935672597087,163.00115672325225,95536034
2021-03-19,170.61553955078125,173.06438389532923,164.95259458321027,167.59274996569854,139352860
2021-03-22,172.94961547851562,173.25571800925047,169.50591956424753,170.88339307926893,47823778
2021-03-23,170.04161071777344,174.55666563993816,169.35287393733188,172.1843527576872,43165463
2021-03-24,165.25872802734375,170.50079211798618,164.7230424687859,169.12331843218487,28672557
2021-03-25,161.9298095703125,165.25870176077854,159.97839084670926,164.6464967207125,42248040
2021-03-26,161.39414978027344,164.11083736299213,160.97325571657072,163.95778607861988,27083832
2021-03-30,164.1873321533203,164.53170658620238,161.01149119696362,163.19249289174041,28862387
2021-03-31,167.21014404296875,167.82234912489022,162.7716086921781,163.80471992631433,37890481
2021-04-01,168.39630126953125,168.81719531214873,166.29183105644387,168.35804148203388,30182056
2021-04-05,162.65682983398438,168.35804770383515,161.0880450947464,166.52140806207035,32586507
2021-04-06,162.7333526611328,164.49346050234212,160.82019354591165,163.6134005183798,26663018
2021-04-07,163.6133575439453,164.68472830733901,162.58025868403863,162.77156969462516,15790468
2021-04-08,163.1925048828125,165.37350673784513,162.8864023377906,164.4169271896153,14660557
2021-04-09,163.07769775390625,165.25869939973143,162.6568037631956,163.57512343688884,16994483
2021-04-12,157.10865783691406,161.47066167751757,156.87908698463505,160.70540529206158,35840817
2021-04-13,159.71055603027344,160.47582455312724,157.64434557062702,158.40961409348083,21027436
2021-04-15,158.18002319335938,161.0497618203388,157.64433767951934,159.9401310064459,18205903
2021-04-16,159.1365966796875,160.1314480970825,158.026965908022,159.174868591159,13824608
2021-04-19,157.3382568359375,157.72089113098272,155.92252328365868,156.87910295791332,16400507
2021-04-20,155.76943969726562,158.40959517030885,154.96591148227108,157.79737799981643,22187707
2021-04-22,157.5677947998047,157.87389729765914,153.47363447918335,154.58326512894067,24030915
2021-04-23,157.1469268798828,158.4096089878505,156.30513880790437,156.30513880790437,20381213
2021-04-26,157.10865783691406,158.21830081757744,156.64950400564047,157.49129209299983,20652091
2021-04-27,157.1851806640625,158.3713431529424,156.91733791259657,157.10864896648013,11885588
2021-04-28,157.26171875,158.0269751233358,157.10865534861748,157.6443408733102,13197445
2021-04-29,156.34341430664062,158.83051898562448,156.1520910995086,158.48615661553333,13601150
2021-04-30,155.0424346923828,157.4147596095508,154.58328089876056,156.0372861019695,17130954
2021-05-03,153.7797393798828,154.46847607417362,153.05274290444072,153.97105041235278,21405441
2021-05-04,152.7466278076172,154.85110979191376,152.36400574384825,153.97104994113286,18962501
2021-05-05,154.12413024902344,154.5832840520117,152.6701250161551,154.16239003426043,14396547
2021-05-06,155.15724182128906,157.6060865543553,154.65981606632644,154.8128794730194,14872429
2021-05-07,157.1469268798828,157.98871495186125,155.31028733491587,155.31028733491587,20213092
2021-05-10,157.29995727539062,158.75395025155598,156.87906329526763,158.5243794339431,16922951
2021-05-11,156.11378479003906,158.0269435309776,155.92247376663036,156.03726523136075,14277000
2021-05-12,155.5398712158203,157.0703960943987,155.2337686654477,156.03729695521233,17174525
2021-05-14,162.42723083496094,163.15423951290225,156.11380845804487,156.87907692112583,64021335
2021-05-17,162.695068359375,166.06223251139312,161.9680718314961,165.90918124903519,39465392
2021-05-18,160.74366760253906,164.22562362283887,160.43756504355238,163.84298936074762,31653409
2021-05-19,158.9835662841797,161.77678559911055,158.8305149983462,160.74367426133918,25345241
2021-05-20,158.40960693359375,160.1697147552306,158.2565556612838,159.51923775287705,21688686
2021-05-21,159.97837829589844,160.59058328793506,158.71568427807475,158.8687355260839,23509878
2021-05-24,161.853271484375,162.2741654644753,158.98353318730196,160.32274681794547,29977506
2021-05-25,161.39414978027344,163.30730902500073,160.89672401102655,163.00120645625623,26310600
2021-05-26,161.16453552246094,162.58028084998548,160.93496470380018,162.08285517724528,18253046
2021-05-27,161.58543395996094,163.88122709686766,160.93496914132055,161.47064248410848,49385674
2021-05-28,162.92466735839844,163.3838211906822,161.89156820408112,162.61856480354263,26583388
2021-05-31,165.75611877441406,166.7509579758039,164.07253074893097,164.5316966316598,75852502
2021-06-01,164.72303771972656,167.89889119010536,163.95778132007536,166.8275201038779,40247686
2021-06-02,159.94015502929688,162.58032320883484,159.63405244018773,161.08805792853158,100377464
2021-06-03,159.97837829589844,161.27931996733287,159.71052345349085,161.27931996733287,48454441
2021-06-04,159.74879455566406,160.475791011723,159.17484934684313,160.32273976448496,31286264
2021-06-07,161.8150177001953,162.5420142151847,160.85843823238224,161.01148949202664,32643869
2021-06-08,163.4986114501953,163.95777740573968,161.62372422077416,162.3889806021556,22080199
2021-06-09,162.61856079101562,164.34039671463094,161.85329229604307,163.76645140675916,25846432
2021-06-10,164.80076599121094,166.4542880114318,163.38346496740442,164.32832399838225,31902690
2021-06-11,163.69842529296875,165.70626642019633,163.58031478948354,165.58816839405145,22249404
2021-06-14,163.2259979248047,164.13149100132011,161.57247580872559,163.7377934769193,18358717
2021-06-15,163.02914428710938,164.09212636414568,162.98977827754229,163.4228418148021,15426377
2021-06-16,163.6590576171875,164.84013768532822,163.02913909746297,163.02913909746297,20878518
2021-06-17,161.9268035888672,163.77718080571756,161.41500800912107,162.95041970304175,22304032
2021-06-18,161.0606689453125,162.5567145579304,159.4465253041258,162.20238304020225,24475206
2021-06-21,160.98191833496094,162.202364307951,159.36776240284755,159.91893638187756,19809308
2021-06-22,161.4937286376953,162.39923417655115,160.9031885995469,162.2811236734534,18737552
2021-06-23,160.58824157714844,162.0842872100579,160.3126545520688,161.92679821514892,13059519
2021-06-24,160.0370635986328,161.13941167189247,159.485889562003,160.9819351581897,23299321
2021-06-25,161.45436096191406,161.88742448390704,160.43075740787063,160.6275999261074,14411660
2021-06-28,160.31265258789062,162.12365123374792,160.11579758533665,162.12365123374792,15190488
2021-06-29,160.07643127441406,161.65120890517827,159.95832076857215,160.3126522860979,13839294
2021-06-30,159.60400390625,160.94256054359553,159.4858933987964,160.8638285235203,16556397
2021-07-01,159.8402099609375,160.4701284984582,159.17093789133125,159.76147794208526,10583793
2021-07-02,159.36776733398438,160.39137083642413,159.24965683806064,160.07641783218722,13187847
2021-07-05,160.35202026367188,160.7063517855465,159.60400368727977,159.8402122245221,10642939
2021-07-06,159.44651794433594,160.47012148606845,159.24966295112662,160.03705796928392,11515716
2021-07-07,160.43075561523438,161.57246965839852,159.2890415720702,159.446518080368,18568033
2021-07-08,159.0528106689453,161.0212856161284,158.89533417045138,160.23389064631948,21730892
2021-07-09,158.54104614257812,159.32844132819045,158.18672704319243,159.0528542609604,12289809
2021-07-12,158.3441619873047,159.4858759723706,158.2260514927566,159.05281247725384,13589278
2021-07-13,158.93472290039062,159.21030993149353,158.54102535919486,159.05283341048343,11247522
2021-07-14,160.7063446044922,161.533105641249,158.81660152695088,158.93471202896475,21269167
2021-07-15,162.39923095703125,164.1708510363546,159.76147136460884,160.9425514174911,29963443
2021-07-16,163.69842529296875,165.07636037139565,163.147251261598,163.5409487807686,30137464
2021-07-19,163.58033752441406,164.95827279435093,162.4779893084646,162.8323208681664,17099088
2021-07-20,162.8323211669922,164.80079656270246,162.51736809824064,163.93466938496465,24567907
2021-07-22,162.98976135253906,163.9739988308965,162.08426836247955,162.98976135253906,19016769
2021-07-23,167.24168395996094,168.18655554411333,162.59608301411097,162.98978054728622,46241640
2021-07-26,166.25743103027344,169.56447503109806,165.9818440302047,168.5014930373074,49084040
2021-07-27,164.2889404296875,167.71409460220303,163.7377664818652,166.92669968321732,25378089
2021-07-28,164.64329528808594,165.3519458249621,163.34409223936285,164.01337676789592,15304399
2021-07-29,162.2417449951172,165.50941043138877,161.926779519006,164.6432834460965,16204679
2021-07-30,161.37562561035156,163.06852626338937,161.1000510601445,162.28113119115508,15515733
2021-08-02,163.2259979248047,163.38347443909691,161.76931833225575,162.55671338105736,10046707
2021-08-03,165.27320861816406,166.06060368378436,162.5567168532533,163.3834779289524,19179805
2021-08-04,164.24960327148438,166.21807843730218,163.8559057428527,166.06060192131764,11421835
2021-08-05,169.48574829101562,170.66684090529424,162.91103808462148,164.24960721866907,48995450
2021-08-06,168.6983642578125,170.0762869134104,167.3991611454184,169.60385735812034,24489836
2021-08-09,168.3440399169922,170.98179978727154,167.4779127899969,169.2889115452331,21142199
2021-08-10,165.23382568359375,168.85582265070977,164.21022218500514,168.5014911642717,18855165
2021-08-11,164.2889404296875,165.8243517875727,163.34406902237234,165.23381183700266,16012451
2021-08-12,164.48580932617188,168.65896781361658,164.052745827261,165.54877883173876,28758718
2021-08-13,166.49365234375,167.1629368419656,164.7220198431415,165.2338278377781,19576945
2021-08-16,166.06060791015625,167.91097263638235,165.74565486682863,166.45430545298632,11621038
2021-08-17,164.7220458984375,166.5330446920648,164.407092841461,165.9818706036851,8161139
2021-08-18,164.5251922607422,166.53303346022534,164.0527627071405,165.03700030181625,11149120
2021-08-20,164.48580932617188,165.90311031848736,162.7535428531889,162.98976384435466,20168965
2021-08-23,162.43858337402344,165.50940622739756,162.20236239227495,164.95823225487712,10319044
2021-08-24,162.0055389404297,162.98977651031956,161.1787778844413,162.98977651031956,12971124
2021-08-25,162.51731872558594,163.69839861326398,162.2023532751786,162.51731872558594,10994627
2021-08-26,161.10003662109375,162.8716566588231,160.90318163200843,162.51733764221314,15407558
2021-08-27,162.12362670898438,162.87164316444998,161.3362317725605,161.41497625713836,10879860
2021-08-30,163.77716064453125,163.93463714793995,162.2023706557649,162.2023706557649,12550267
2021-08-31,166.37554931640625,166.6117703210501,163.18661566307497,163.81653418301187,26802390
2021-09-01,164.958251953125,167.1629481064773,164.80077543893418,166.13933204822632,16867486
2021-09-02,165.15509033203125,166.53302539329775,164.56455029929995,164.56455029929995,14872714
2021-09-03,165.8243865966797,166.33619464919067,165.1551020227825,165.1551020227825,10622796
2021-09-06,164.80076599121094,166.29681150626882,164.60392347909217,166.13932252376608,11041632
2021-09-07,166.7299041748047,168.7771115773067,165.4700794358258,166.0606195528036,38933378
2021-09-08,166.336181640625,167.71411669166727,165.1157230986533,167.12356418597767,17897021
2021-09-09,167.43853759765625,168.42277518388516,165.78501545822996,166.17871298818963,19784972
2021-09-13,168.61959838867188,169.40699335836646,166.76923393496278,167.9896923947876,16661794
2021-09-14,170.15501403808594,171.06051952328042,168.65896854973911,169.2101425466385,20377545
2021-09-15,170.07627868652344,171.0211502287393,169.5251171373494,170.94241821200308,21028598
2021-09-16,181.6903076171875,183.9737484792687,170.31251922903218,170.82432730589102,154986538
2021-09-17,182.0052490234375,186.8476921958144,180.39109298108522,183.4619160804491,82563658
2021-09-20,184.05245971679688,188.46185193671064,181.29658957935078,181.88714209261795,73101936
2021-09-21,190.15476989746094,190.90278656197884,182.43834477784247,184.99736032039408,58854434
2021-09-22,191.72950744628906,193.5405059437902,189.52481145327206,191.72950744628906,54648494
2021-09-23,190.942138671875,193.38305599281068,190.31223257443435,192.91061394238892,22630330
2021-09-24,187.75320434570312,192.1232181484446,187.16265182316474,192.1232181484446,25779310
2021-09-27,187.9500274658203,190.43031037241508,185.4303785542336,188.81615443967712,23772123
2021-09-28,187.2020263671875,190.23347102478863,186.06029983255104,188.85553596345167,16319138
2021-09-29,187.4776153564453,190.07599651893244,185.58787225887255,185.82409326540423,16045073
2021-09-30,185.9421844482422,189.28858181391658,185.2335339796202,188.8948968137236,16987893
2021-10-01,185.31228637695312,186.61147696614174,183.38317725894132,185.19417587296502,16570661
2021-10-04,186.29652404785156,187.67445913294048,185.35165249274198,185.82409450896697,11098123
2021-10-05,184.8004608154297,186.9657907359382,184.64298431750277,186.1390297638174,9578825
2021-10-06,182.083984375,186.13904508167212,181.57217635661507,184.8792205172433,18179336
2021-10-07,183.4225616455078,184.99733930221277,182.91075360420888,183.46192765565672,10770973
2021-10-08,182.4383087158203,184.87921325467937,182.04461121540055,184.83984724783932,10114327
2021-10-11,187.43821716308594,188.57993111238127,182.43829788435596,182.67450638871222,22000303
2021-10-12,189.99725341796875,191.33582249501308,187.39887223642205,187.87130177561045,30347455
2021-10-13,196.21763610839844,197.5561926521574,189.09175244542632,190.98149547787875,52091422
2021-10-14,202.0049591064453,206.17813037151106,197.12313729423073,199.40657792601294,88696178
2021-10-18,206.7293243408203,208.89464219998482,202.6348971760919,205.50886565074128,62614961
2021-10-19,193.6586151123047,206.7292895233663,192.94996461617106,205.82378404215478,61336411
2021-10-20,194.17044067382812,195.66648638712743,190.82403018299684,193.65864508356523,49663940
2021-10-21,192.6743927001953,195.5483609157645,191.4145681109761,195.27277389695593,23385990
2021-10-22,186.29652404785156,193.54051850812448,184.01309589389874,192.67439144816584,36905793
2021-10-25,183.77687072753906,186.33588584060786,181.49344262525247,184.32804474910344,23194065
2021-10-26,186.37527465820312,188.18627333269242,183.1469748432162,184.32805496785062,19663381
2021-10-27,187.75320434570312,189.9972540219873,185.98157173276883,189.1705054451144,26909428
2021-10-28,177.24154663085938,185.78473183439743,176.4935175841915,185.11544728429377,48064941
2021-10-29,175.74549865722656,179.721814940213,175.03684810701768,177.1627997576443,27668175
2021-11-01,178.6194610595703,179.17063507818324,175.19431892448145,176.4935094780662,24090945
2021-11-02,177.6352081298828,180.50918847465022,176.76908116921504,179.52495102346612,14896284
2021-11-03,175.15496826171875,178.61947670813132,174.56441570622468,177.95020460747324,18530527
2021-11-04,178.38323974609375,178.97377973017126,176.37538633195544,177.04467080333487,7295341
2021-11-08,180.94227600097656,181.65092656091036,177.71397623298014,180.86353150438808,21051238
2021-11-09,180.11549377441406,181.80838171744574,179.40684329773424,180.98162074842946,11964518
2021-11-10,181.76902770996094,183.34380526459802,178.89504713120877,179.09190212387588,13948380
2021-11-11,181.0997314453125,182.2808238926723,179.95801748033549,181.41468444033944,8448263
2021-11-12,183.3831787109375,184.20993976806014,180.43046599721686,182.04462210226785,12312123
2021-11-15,187.4776153564453,188.18626589870001,183.54065264939214,184.209937183005,40247848
2021-11-16,185.39102172851562,188.6980532903774,185.036690234027,188.22562377506563,15241184
2021-11-17,188.57994079589844,193.10744329840165,185.5484962693945,185.8240832697439,48496295
2021-11-18,187.0051727294922,191.33582046342798,186.06030118380758,188.9736478378866,21005037
2021-11-22,181.8083953857422,189.56418520729864,180.74542582947836,187.3201231162149,23443628
2021-11-23,182.3595733642578,183.22570042218587,180.43046424965607,180.43046424965607,13950744
2021-11-24,179.2887420654297,183.22569213417566,178.69820205058576,183.02884962167428,14684422
2021-11-25,182.12335205078125,182.8320025949266,177.75333828232814,178.73757584238228,24825493
2021-11-26,176.3754119873047,181.13912351250804,175.6667614078644,180.23363040218916,28067913
2021-11-29,174.40692138671875,176.09980942592364,173.38331785721667,174.80061889109334,22985358
2021-11-30,174.13134765625,177.32028146424997,173.22585455676426,174.80063221697557,24408641
2021-12-01,174.72189331054688,175.82422889511213,173.6982772660115,174.8006253279171,13496307
2021-12-02,177.5171356201172,178.06829719281234,174.24945732994973,174.72189935988953,16517389
2021-12-03,174.52503967285156,178.10767090197103,174.28883114155934,177.162799344781,14325920
2021-12-06,171.57232666015625,174.95810288343574,171.2573736341164,174.52503935329582,13644352
2021-12-07,173.73764038085938,174.76124385749264,171.72978695545592,172.35970542538814,9246755
2021-12-08,177.12344360351562,177.67461767071597,174.0132542113658,174.0132542113658,10241656
2021-12-09,185.35166931152344,186.17843043759697,175.58803728057515,175.58803728057515,39714672
2021-12-10,185.90281677246094,188.1468787997626,184.052452245576,185.9815612634802,36517117
2021-12-13,184.7217559814453,187.98942186818215,184.36742445097596,187.39888179474096,22903720
2021-12-14,179.99742126464844,186.69024243907808,179.17066012117124,185.03672015212368,38953007
2021-12-15,176.41476440429688,182.8319846816125,175.90295643137156,181.09973073838705,35987634
2021-12-16,175.50926208496094,178.0682770406119,173.85574012198424,177.950179023833,25131188
2021-12-17,171.61166381835938,175.4698814094098,170.66680489908597,175.43051540710798,30827201
2021-12-20,167.24168395996094,170.2731412403354,165.19447675119494,170.2731412403354,38778895
2021-12-21,167.32041931152344,169.6432134188103,166.17870526186178,168.5014993691486,20142586
2021-12-22,166.9267120361328,168.65896601328555,166.21806154753946,168.50148951330252,17903428
2021-12-23,171.09988403320312,172.0053770331392,167.87158456988493,168.4227585619641,23065082
2021-12-24,171.6510772705078,173.5801739817325,170.43061865444832,171.6510772705078,17220191
2021-12-27,171.29673767089844,172.00538820999964,169.80070457576272,171.96602220153298,8467106
2021-12-28,173.2652130126953,173.69827653843848,171.65106941262357,171.65106941262357,12014352
2021-12-29,170.66683959960938,173.46207587814067,170.3125080748343,173.22585486162396,11923119
2021-12-30,170.07627868652344,171.5723242552535,169.68259364816203,170.54872069630147,10116360
2021-12-31,171.6904296875,172.28096970494306,170.1943841629497,170.7849366577326,7875890
2022-01-03,172.51719665527344,173.1077366930921,170.9030405760728,171.6904356113912,8064567
2022-01-04,173.42269897460938,174.5644131026343,172.4778398545935,172.8321589052642,9398805
2022-01-05,173.65890502929688,174.40692155418895,172.1628595021728,172.95025451167805,11663111
2022-01-06,172.20223999023438,173.5407965491586,171.80854248090134,172.43844851396216,9295303
2022-01-07,171.9660186767578,173.73765122686788,171.25736815218178,173.06836670995165,9196075
2022-01-10,175.8242645263672,176.92661281166656,172.35975560381806,173.14713832378703,16451394
2022-01-11,174.76124572753906,176.57224419163154,174.17070573382918,175.8635937037118,8329596
2022-01-12,175.3911590576172,176.09980957515606,174.48566602639414,175.194316543933,13665682
2022-01-13,176.33602905273438,177.79270855985848,175.39115754505113,176.296663045805,11944029
2022-01-14,175.2730712890625,177.00532543830553,175.03685027695096,176.33604088888322,10976796
2022-01-17,176.84783935546875,177.63522189101,174.28882427961491,175.2730618070464,12792728
2022-01-18,173.81637573242188,178.97378417460632,173.46205672411227,176.84783269273032,14948456
2022-01-19,173.50143432617188,175.11557792910602,172.2022437466385,173.81638734957264,11915686
2022-01-20,172.24159240722656,174.91871779117625,171.65105242849364,173.65889334712116,17997322
2022-01-21,170.90304565429688,173.61954987272554,170.0762845858482,172.04477223263598,17225050
2022-01-24,166.7692413330078,171.4542079217043,166.06059081978196,170.90303391393533,18023332
2022-01-25,168.73773193359375,169.05268497356252,164.99762403260675,166.92673323776202,19028606
2022-01-27,168.97393798828125,169.68258850412488,166.2180679392561,166.33617843812,24041247
2022-01-28,171.33612060546875,172.635323786618,169.36764530490862,169.36764530490862,15865353
2022-01-31,173.38330078125,173.81636425020906,170.94239645826812,172.04474437101433,15618203
2022-02-01,179.32810974121094,180.15487076062183,172.55655755632915,174.01323708081785,44871108
2022-02-02,182.7926483154297,183.69815391609362,180.3123650130985,181.0997601026027,42714702
2022-02-03,184.60360717773438,185.19414712867592,182.5170218707142,182.7926088447987,28918394
2022-02-04,184.4855194091797,187.79256350541536,182.3202018299825,186.80832597353665,58889867
2022-02-07,181.25721740722656,184.83984846407847,179.91866086979937,184.24930844823294,25101983
2022-02-08,182.083984375,182.91074541515704,180.35173027791294,181.3359678289561,16825239
2022-02-09,181.2178497314453,183.46191175286648,180.115501724103,182.91073774919533,12351873
2022-02-10,182.87136840820312,183.77686141067338,179.32810345568086,180.07613243407573,20317032
2022-02-11,183.0288848876953,183.6981695229015,180.94229895284204,182.67455332411245,18793513
2022-02-14,176.9430389404297,182.22432189577324,176.17705601787924,182.22432189577324,23621214
2022-02-15,179.80540466308594,180.20855825834957,176.21735938618892,178.1928030590604,13371177
2022-02-16,179.60382080078125,181.17611087246988,178.87814944285026,180.4504395145389,11664158
2022-02-17,179.52320861816406,180.89391558745996,178.07186581442502,179.84572640187724,14564261
2022-02-18,178.91847229003906,180.16823181034263,178.59594175144989,179.52319628722194,9004891
2022-02-21,175.77391052246094,178.43470149865473,175.08855062482428,177.6284070105794,16750193
2022-02-22,173.2340545654297,174.88698062987757,171.74240017602617,173.35500193319785,26741024
2022-02-23,174.12098693847656,175.37075938405545,173.3953155003731,174.8063468458605,11438476
2022-02-24,168.11402893066406,171.9842807836957,166.90458081654236,169.32348982181588,42933709
2022-02-25,172.50836181640625,174.56442848327544,169.76693533490447,170.53291820006524,24543858
2022-02-28,174.0403594970703,174.52413618462094,169.96852446299005,171.90365676725256,20806226
2022-03-02,173.59689331054688,174.64508251587702,171.29893169849586,172.8712091179761,20039140
2022-03-03,176.90274047851562,177.547776086827,174.16130081210073,174.20162512039306,29631546
2022-03-04,181.82118225097656,183.35314821377685,174.96760861866514,175.53202116612752,69409780
2022-03-07,181.37770080566406,183.03061399137795,177.46713763260496,178.99910345799256,47001716
2022-03-08,182.94998168945312,184.19974120325904,180.41012558205549,180.531072936269,37424203
2022-03-09,184.84478759765625,186.5783365104748,182.3049315163985,183.59501531968408,43923809
2022-03-10,187.06211853027344,187.46527212609863,183.71596796127955,186.25582411565208,37523806
2022-03-11,190.5695343017578,191.17425828648996,185.57045799238347,186.9814891414442,43305144
2022-03-14,192.7062530517578,193.06908236240744,189.72293162439257,190.4889145512315,36465969
2022-03-15,191.77899169921875,194.6413656631645,190.20670159540308,192.70624626148398,34269168
2022-03-16,195.6089324951172,195.9314502671168,192.78687004754755,193.51254142306126,22462538
2022-03-17,197.4634246826172,197.86657827762363,195.68955141999467,197.7456309214188,35541798
2022-03-21,197.14088439941406,199.76137624895958,196.5764847267275,198.26970929884382,29052540
2022-03-22,201.37400817871094,202.18031545063138,196.37493120227074,197.1812384741912,38368305
2022-03-23,203.18817138671875,204.55887826971855,200.36610901432374,202.74469349074622,42051087
2022-03-24,205.48614501953125,206.81654045540617,202.74470553659432,203.1478591533221,39712133
2022-03-25,204.27667236328125,206.21180450092265,200.9708333404203,205.84896243372904,30412482
2022-03-28,207.26002502441406,208.02600802406144,203.63166768788602,204.80080434204334,25876007
2022-03-29,205.28457641601562,207.62284967141937,204.59921649656022,207.26002033449217,18820674
2022-03-30,200.93052673339844,206.73589773439286,200.48706160287966,205.68770858744202,18281803
2022-03-31,202.09967041015625,205.08299184798207,201.1724285889963,201.25305164629907,26644916
2022-04-01,204.2363739013672,205.88928713001454,200.60801688248176,201.57557023616474,14856664
2022-04-04,205.96990966796875,207.94535333067904,202.4625002389773,204.075101834708,16520039
2022-04-05,209.1951141357422,211.13024628404852,205.68770468535183,206.45368757316572,28230046
2022-04-06,209.31607055664062,212.33970348940832,207.46157415796623,207.62283304780362,20352716
2022-04-07,206.93746948242188,211.41244484442637,206.25210967241398,208.02597009640755,16679649
2022-04-08,215.92776489257812,216.77437088247606,206.4133880353562,208.02598973458663,39283623
2022-04-11,215.6858673095703,220.24146609129272,214.47641924542074,216.6937449553715,47924937
2022-04-12,213.50885009765625,216.6131317873587,212.13814308084844,215.2020876863866,24460888
2022-04-13,217.3387908935547,218.1853969126668,212.58160868930068,213.91200417879702,22239115
2022-04-18,217.78225708007812,219.71738941664793,215.48430819307558,216.08901947983708,25339139
2022-04-19,210.88836669921875,219.71738380228194,208.67104092963092,219.31421740068245,24280577
2022-04-20,209.27577209472656,214.03295436155142,207.66317031863906,211.9768874164656,25454589
2022-04-21,209.96112060546875,213.2266355111114,209.31607226382857,209.3967080979197,24313956
2022-04-22,210.52554321289062,212.05750914085087,208.46946350373835,209.63860010345599,16274820
2022-04-25,205.8086700439453,208.8323031102524,203.59133146243536,208.671044213293,25140992
2022-04-26,208.79197692871094,210.2029953723481,206.61495002995184,206.89715627408512,21327644
2022-04-27,207.6228485107422,208.42915579700934,206.21182992532042,206.57465926021928,17219401
2022-04-28,210.52554321289062,212.62192167547732,208.14694570596043,209.2354592447487,28999835
2022-04-29,209.27577209472656,212.0575104779033,208.4291532874488,212.0575104779033,21206335
2022-05-02,212.17845153808594,213.26696505137113,207.26001051760238,208.02599346363607,19696250
2022-05-04,209.43701171875,214.51671131786773,208.50976993537478,212.86379816318995,26951488
2022-05-05,211.29150390625,213.83136004436236,209.9611085478702,211.25119238003424,18623544
2022-05-06,215.00051879882812,215.56493133244766,208.75166939862066,208.8323052364364,35818441
2022-05-09,212.0171661376953,214.59734646799694,210.08204686125455,214.59734646799694,22228031
2022-05-10,209.43701171875,215.12144810814414,208.91291075952014,211.2511965355209,18727774
2022-05-11,206.1311798095703,211.41246278167694,202.98659949875966,208.83229497675688,18012072
2022-05-12,203.91387939453125,206.7359294971347,200.89024607079318,205.60710434528085,20816708
2022-05-13,208.50978088378906,210.3239530187892,205.20394162382166,205.56677094000975,12380764
2022-05-16,204.8813934326172,209.5982635764521,203.99446320598744,209.5982635764521,8502159
2022-05-17,213.42822265625,214.0732582327937,205.4458243458276,205.60708323996352,18483427
2022-05-18,215.12147521972656,215.9277825236939,212.1784650595734,214.47643959817728,20978307
2022-05-19,222.2572479248047,225.15993384702543,211.7350050682389,211.7350050682389,81302807
2022-05-20,225.76461791992188,227.65942563276792,223.34569651450448,223.34569651450448,33617466
2022-05-23,221.32998657226562,226.12750606040817,220.1608627089333,225.764663942521,22535903
2022-05-24,218.38697814941406,221.73312880083532,217.70161829733135,221.73312880083532,16146766
2022-05-25,219.87860107421875,220.84617986787484,218.10474069125786,220.08019702560142,15877459
2022-05-26,220.28396606445312,221.56418425757377,217.929962440469,221.56418425757377,19129574
2022-05-27,222.34884643554688,223.58778318265777,218.9210970032313,222.18364265327773,13986762
2022-05-30,222.22494506835938,223.835570655958,221.02728966132824,223.4225742982746,12274291
2022-05-31,223.54649353027344,226.7264375429228,220.03616810384014,222.22496787513762,24102167
2022-06-01,224.5376434326172,226.39603544320983,223.1747842317455,223.5464731047105,15265925
2022-06-02,225.90048217773438,226.68514125578938,221.2337828455851,223.58778625686693,14789457
2022-06-03,225.23968505859375,227.71758467425326,224.33112971932005,227.13941071497763,12968807
2022-06-06,226.97421264648438,227.80017920581665,222.7618172241413,224.9919243166268,11345943
2022-06-07,226.23086547851562,227.13942085836277,224.86803240874488,225.65269149342043,11245578
2022-06-08,221.27508544921875,226.64382876002753,219.87094493154248,226.2721398858574,14915091
2022-06-09,223.71168518066406,224.41375546325983,219.4992765736481,221.1925041323462,10239939
2022-06-10,223.1334991455078,223.83556939019513,221.9771512339188,222.2249438117044,8693455
2022-06-13,218.59071350097656,222.26622930546105,217.22786738607,220.0361484176604,11519902
2022-06-14,219.25148010253906,220.90340014110433,217.26917867397242,217.39306187880416,7708043
2022-06-15,217.55824279785156,220.7794806446632,217.26915583984268,219.70574778428298,5254329
2022-06-16,215.32815551757812,221.27508589641178,214.33701136157097,220.53170814656917,14843837
2022-06-17,217.4756622314453,218.17773249664828,213.55234071513075,213.9240295926705,17296080
2022-06-20,218.13644409179688,219.82967165509365,215.86504253991671,217.47566820974785,17738981
2022-06-21,222.92701721191406,223.71167626793147,218.13643480874302,218.87979946406426,14417711
2022-06-22,219.12757873535156,223.2573983689782,218.797197353,220.5317061546247,11756920
2022-06-23,219.29278564453125,220.73823374847439,216.73231010910726,219.29278564453125,9416459
2022-06-24,219.5818634033203,221.64677983019354,219.04499691203588,219.78836159028685,7283228
2022-06-27,222.9683074951172,223.54648148235842,220.1187450498274,220.5317152505209,8487729
2022-06-28,224.5376434326172,224.86802481621402,221.81195120798998,222.10105127933483,11673046
2022-06-29,226.35476684570312,227.1394259479608,222.30754885934925,222.39013766560856,16635367
2022-06-30,225.90048217773438,226.8916263536275,224.66151923647192,226.27214488299626,20003893
2022-07-01,234.86216735839844,235.39903385180315,224.00075795552715,225.900483693465,36520000
2022-07-04,241.09814453125,242.25449243143217,235.23381623093056,235.93588646869227,41417701
2022-07-05,236.96836853027344,242.00673095256107,236.01853177223742,242.00673095256107,19283789
2022-07-06,238.95065307617188,239.52882702764057,235.64681314368588,236.30757589475996,18997440
2022-07-07,241.13946533203125,242.13060951099857,238.28990291252288,240.3548062515425,14326277
2022-07-08,242.04806518554688,243.20441336205664,239.85926514980494,241.92416886826928,11538313
2022-07-11,243.65866088867188,245.26928663623846,241.22206852081908,242.00672764809948,12828405
2022-07-12,241.75892639160156,243.9476996632051,240.27217098300977,242.00669278258547,14616684
2022-07-13,242.87399291992188,243.49344822974726,241.7589524205421,242.00671883820172,9634877
2022-07-14,240.23094177246094,244.7737192490885,238.82680103345953,243.08050456935644,13930984
2022-07-15,242.4610137939453,242.83270271256686,239.11589205770966,241.18079559167012,11450042
2022-07-18,243.90643310546875,244.73239965671624,242.62618887760257,243.65864052238285,11751684
2022-07-19,243.32827758789062,244.15424420176777,241.75895934550684,243.6586589980178,9542292
2022-07-20,246.30172729492188,247.37548647073535,242.50230195410182,243.5760611299153,16397373
2022-07-21,247.416748046875,249.60554753792005,246.13650387168468,246.96247038894765,16660697
2022-07-22,248.2427215576172,249.8533471496641,246.2191257838622,247.78844388689194,10351425
2022-07-25,248.69699096679688,250.22502770716503,246.79729154608424,246.96246914243397,11050533
2022-07-26,249.8120574951172,250.8858166921778,248.16015047323685,248.61442817639366,10114261
2022-07-27,251.21621704101562,251.91828739467778,248.2840654953629,250.14245776298176,9706094
2022-07-28,250.6380157470703,252.08346379233228,249.7707678616067,251.83567120302354,11256515
2022-07-29,250.30763244628906,252.66163584966696,248.90349190231746,251.9182580874055,17584873
2022-08-01,253.98318481445312,255.05694406650312,250.34896300308267,251.0923146567179,16501510
2022-08-02,256.0067443847656,261.54069130203305,254.5613226002641,256.0480518729657,40483892
2022-08-03,254.52001953125,256.79143405649836,250.80320937351948,256.79143405649836,18376724
2022-08-04,255.63511657714844,256.33718690964423,253.6941093778855,254.39615353326226,16514348
2022-08-05,256.7501525878906,257.53481171702884,255.30473063180642,255.63511204527944,10477269
2022-08-08,258.64984130859375,259.310630284681,256.08937891830647,256.8327305228681,8627072
2022-08-10,257.0391845703125,259.43449523713565,256.6675219014942,258.6498100589064,9267241
2022-08-11,252.95071411132812,258.89763160348264,252.16605502237957,258.5259427159437,11305242
2022-08-12,254.8503875732422,255.5524577853966,251.50526645949168,252.95068819344138,6669853
2022-08-16,256.5023498535156,257.2870089516655,254.8504166742715,254.8504166742715,8941455
2022-08-17,258.154296875,258.7324709010254,256.8740525190067,257.4522265450321,8283028
2022-08-18,260.7147216796875,261.00382173942165,258.1955408259595,258.52592219628764,10264507
2022-08-19,257.70001220703125,261.12774877710746,257.03922321144205,261.12774877710746,10823811
2022-08-22,259.6822814941406,261.8297997613308,256.87402663436967,257.03920423823575,11793184
2022-08-23,260.9212951660156,261.0038839840148,257.7826321337123,258.48470252950864,9698555
2022-08-24,259.4345703125,263.85345172472415,258.5672960876847,260.7974036315165,11783894
2022-08-25,257.9891052246094,261.3342532343233,257.36964985284914,260.5495940571549,8057930
2022-08-26,258.4433288574219,260.50823201853126,257.6999773315222,259.97136557331953,7224507
2022-08-29,258.9802551269531,260.13657696446035,255.09821469092915,256.0480775980396,11798961
2022-08-30,264.720703125,265.46405479077004,259.5584180737679,259.5584180737679,18516092
2022-09-01,262.32537841796875,265.877011292771,261.0038527794927,263.8947228350569,13765474
2022-09-02,266.90948486328125,267.8180665355072,262.69708882441705,263.2339553868557,26750910
2022-09-05,271.617431640625,272.2369131163737,267.4050361368849,268.4374878117214,18144801
2022-09-06,270.2132873535156,272.5672643466169,269.59380594632364,272.5672643466169,12431779
2022-09-07,269.34600830078125,271.1631188247693,268.6439381115834,269.26341950708553,8397233
2022-09-08,272.4847412109375,273.06291527126564,270.50242640736667,271.74136334317825,11331350
2022-09-09,272.9802551269531,275.2929245868496,272.56725880485067,273.06284392052817,9770432
2022-09-12,273.3106994628906,274.5496363604841,272.56732161806275,274.2192549329338,9048240
2022-09-13,276.2015075683594,276.697066509693,273.0628454467155,273.9714007124599,10925371
2022-09-14,276.9862060546875,280.000946149529,273.35195829632676,273.3932657877927,12739464
2022-09-15,275.9537353515625,278.39032746072826,274.9625650416018,277.8534348171276,8742900
2022-09-16,273.64105224609375,276.3667183709045,272.3195004971111,274.508300130491,12973988
2022-09-19,277.1927185058594,278.26647779585454,271.823974410124,271.823974410124,14918717
2022-09-20,277.5230712890625,280.49653005595815,276.6971047033432,279.7944597669526,9892945
2022-09-21,281.6115417480469,285.121892834061,277.1100727439219,277.52304290598715,21800547
2022-09-22,284.998046875,288.0540946744189,281.57031015782064,281.6528989693943,25111230
2022-09-23,286.1130676269531,288.7148636938839,283.5526052286243,287.0216230226694,23718397
2022-09-26,274.7147521972656,285.74131061447514,274.0126820721091,284.83275543535757,16829922
2022-09-27,276.5732421875,280.45528299682456,275.871171812743,276.6971384993466,10375837
2022-09-28,268.396240234375,275.29299525331317,267.85934749553525,274.17795463392656,16151900
2022-09-29,275.08648681640625,276.6145237344205,270.70888734748166,271.74133906460094,18985406
2022-09-30,274.3844299316406,277.3166076109009,272.69121531523365,275.0865002748844,12906555
2022-10-03,267.94189453125,275.0451859223406,266.9920578666383,274.9625709433268,9462192
2022-10-04,274.92132568359375,275.87116247276526,270.91541487516855,271.49358891850414,9142294
2022-10-06,278.0599365234375,280.2487361859203,274.673507567667,276.6971034429115,23091432
2022-10-07,275.9537353515625,278.2251236833629,273.6410395311418,278.18381619474263,10910698
2022-10-10,270.79150390625,273.7649627746661,269.3047744720419,272.5673072579149,9750594
2022-10-11,269.5112609863281,272.93899758370264,268.52009057360976,271.7413420607075,11018577
2022-10-12,272.64990234375,273.7649690779184,268.2310214320715,270.87409895119845,10735673
2022-10-13,271.4522399902344,273.6410395218355,270.91537352376776,272.5259991002834,7546587
2022-10-14,274.30181884765625,275.78854822524454,273.2693671638556,274.467022634996,6672357
2022-10-17,274.42572021484375,276.49062362060135,272.2369205105713,273.47585731860227,7195922
2022-10-18,281.07470703125,281.65288102967787,275.49947832843105,275.82985973080156,21691854
2022-10-19,286.07177734375,286.98033271098154,280.6617264534334,283.387392555128,16923690
2022-10-20,288.8387451171875,289.8711967570723,284.79152735924646,286.60863805710517,19186222
2022-10-21,285.4523010253906,291.72959990597735,284.54374564177084,291.72959990597735,28426343
2022-10-24,287.1867980957031,288.83873111025656,286.60862415832094,288.2192496855203,3292671
2022-10-25,286.0304870605469,288.67356451798145,283.84168731405646,288.6322570253071,17906260
2022-10-27,285.61749267578125,287.72367725871584,284.00686707741687,286.3195367520154,19273344
2022-10-28,285.61749267578125,287.93016235037976,285.0393187128526,287.0629144945448,13572499
2022-10-31,288.01275634765625,289.49948554729417,284.7501978994183,287.43458242684625,14358449
2022-11-01,288.673583984375,289.4995506537312,286.7738842042639,288.467098861316,20422565
2022-11-02,292.92724609375,294.24877163638735,287.8475766628655,287.8475766628655,17427813
2022-11-03,292.14263916015625,296.1072426726224,291.5644650878048,292.3904317878956,11149636
2022-11-04,292.0599670410156,294.0422814980806,291.15141170175997,292.39037459812306,8709851
2022-11-07,291.97735595703125,294.33135910335125,289.08648638133735,293.21629258172464,10437370
2022-11-09,297.92431640625,298.54379789803886,291.72960619683226,291.9773987935478,21404869
2022-11-10,294.0423278808594,297.26357956529773,292.4730095340736,296.52022788733814,20071989
2022-11-11,294.3313903808594,298.1308156302202,292.92724984100755,297.3461303799853,11372654
2022-11-14,286.7738952636719,294.8269986133815,286.27831000752195,294.3314395343526,18319254
2022-11-15,285.1632385253906,288.2192861946013,280.12485004591844,288.2192861946013,16046491
2022-11-16,284.2133483886719,286.4847367209948,282.18972645678036,285.53487389943587,7897812
2022-11-17,283.8829650878906,286.98031993201676,282.9744097611162,284.21334646334356,10379179
2022-11-18,281.6941833496094,284.7502308982674,280.6617316697377,283.8829830051067,8140173
2022-11-21,278.51422119140625,280.8269172079522,276.20155135197825,280.0835655895584,9553090
2022-11-22,281.0334167480469,281.65289827612287,277.2752986167039,278.3490578729959,6746019
2022-11-23,280.6617431640625,282.4788540067165,278.7620173361109,282.4788540067165,8067471
2022-11-24,281.4463806152344,282.8918024441172,278.80330336293036,280.6617215551485,8454385
2022-11-25,281.07470703125,282.39625881784985,279.00980363359594,281.65288102967787,7200274
2022-11-28,280.8681945800781,282.27233503627656,279.79443549408256,280.8268870923846,10284123
2022-11-29,282.72662353515625,284.9567044138289,280.82689786224057,280.82689786224057,10582296
2022-11-30,280.8269348144531,284.2546715620514,280.0009681600286,281.8593865882039,23425220
2022-12-01,280.4552307128906,282.2310338897691,278.1838162038997,282.2310338897691,17270904
2022-12-02,278.472900390625,281.4876662830838,278.1425190318385,280.2900109525078,8711914
2022-12-05,278.1425476074219,279.87706955208654,275.99502928900836,278.88589919678276,10090597
2022-12-06,278.5968017578125,279.34015328437266,275.95372466215963,275.95372466215963,6571118
2022-12-07,280.9095153808594,282.06583714281305,278.0599268457191,279.5879636603009,10191144
2022-12-08,279.5054016113281,282.60275684949386,278.76202378915127,280.9921310785629,6439244
2022-12-09,281.9832458496094,282.89180119697886,279.1749910060446,280.62041282855523,8445424
2022-12-12,283.4699401855469,284.13072904701573,280.90947823938944,281.65282971501165,11646572
2022-12-13,285.4523010253906,285.78268242151444,282.809223679283,284.54374564177084,11105261
2022-12-14,285.287109375,286.8977351103185,283.9242762415949,285.7826945788267,7664099
2022-12-15,279.8770751953125,285.86527405280185,279.17500490518864,284.7502335577192,8469001
2022-12-16,276.77972412109375,279.9183605491572,273.64106151591244,278.762012546044,12907968
2022-12-19,281.2398986816406,282.7679093295101,276.9861957719093,278.1838250316687,8113695
2022-12-20,280.9508056640625,281.6115684568815,278.1425507060231,280.86821685923945,5693354
2022-12-21,276.82098388671875,281.85934571787766,276.28411741889363,281.6528606284923,7316532
2022-12-22,274.5909118652344,278.6794110041144,272.4847010607174,277.2339891548351,6838031
2022-12-23,269.8416442871094,274.1366550256779,268.7266037421143,273.3106884016703,10461859
2022-12-26,276.3667297363281,276.7797261273581,268.85049383872786,269.6764342665518,9934633
2022-12-27,275.1690979003906,277.85345662057523,272.69119810816125,277.19269381349454,6986433
2022-12-28,276.2015075683594,276.697066509693,273.80619694727284,274.9212634637795,8035558
2022-12-29,276.9862060546875,277.3165874550625,273.8475434854481,276.16023946519107,8417520
2022-12-30,273.8475036621094,278.1425135966331,272.98025588438105,277.02744708326475,7228324
2023-01-02,274.92132568359375,275.87116247276526,272.27824808221965,273.3106998612389,6181118
2023-01-03,273.4758605957031,275.3342789185782,272.7737902880784,273.8062420033292,6228015
2023-01-04,270.0894470214844,274.6322243582212,269.2634803664996,274.09535781218494,6947412
2023-01-05,275.4168395996094,275.7885284616498,271.08054807381785,271.45223693585825,8486143
2023-01-06,276.7384338378906,278.8033373751231,275.1278080317646,276.449333730576,8603181
2023-01-09,279.2162780761719,281.9006628614671,277.64695993055625,278.30772271006634,11027747
2023-01-10,275.37554931640625,279.50535562110275,274.6734791033541,279.09235928436436,7217255
2023-01-11,274.0539855957031,276.779677531154,273.6410154542993,276.779677531154,4760847
2023-01-12,272.443359375,275.54071395793477,270.99793770714246,275.375536372695,6894087
2023-01-13,271.5348205566406,274.42569024440866,269.59381366137814,272.4433758617799,14967746
2023-01-16,272.7325744628906,274.38448189768627,270.54377420680254,272.85647079264083,8571826
2023-01-17,274.42572021484375,275.45817191772255,271.82395030026686,272.7325057046308,14240647
2023-01-18,276.4080505371094,277.97736883807625,274.54963213079003,275.87115782063177,13039078
2023-01-19,274.3431396484375,277.2340097387525,273.9301432486104,275.8711504141537,8667564
2023-01-20,276.3667297363281,276.8623149347169,271.9478489744216,274.21923750517345,13608325
2023-01-23,278.9684753417969,279.2988828966497,275.08646143199167,277.52305354205777,7399204
2023-01-24,279.9596862792969,281.4464157834227,278.8446456954824,279.0098233197633,12776694
2023-01-25,280.20745849609375,281.652880400375,276.90359212553494,279.9183584089669,12978859
2023-01-27,285.78265380859375,288.1366570138262,282.0658176643802,282.313610230943,21850457
2023-01-30,284.79150390625,290.5319355983613,282.35491195427085,286.52602565967004,14634225
2023-01-31,291.02752685546875,293.2163264889536,281.694180516648,285.7826797040602,17794183
2023-02-01,298.5024719238281,302.05410451023636,271.8239331250567,291.56441053096563,67003785
2023-02-02,312.7090148925781,317.7473765717263,297.67651865297285,298.66766275838864,57892084
2023-02-03,314.4022521972656,315.7237777677234,307.257679322767,315.4347038656046,23153980
2023-02-06,316.6736145019531,320.63824324042014,313.53495226542634,315.9302629741873,26783409
2023-02-07,308.2901611328125,317.0866418304203,304.32555785670064,317.0866418304203,21438758
2023-02-08,310.18988037109375,311.63530234613074,306.8860138388054,309.5290913583647,10821785
2023-02-09,309.1160888671875,313.86537687881804,307.38156697190806,308.90960377475056,12318006
2023-02-10,306.7208251953125,311.3461910554725,305.8535510997639,307.42289549933633,10674456
2023-02-13,309.0747985839844,309.8594576851963,305.6057546003046,308.08365437884055,10282470
2023-02-14,319.1929016113281,320.1840722145693,308.70317851547384,309.7356566195579,30246745
2023-02-15,320.85595703125,321.4016217851001,317.79178430847446,320.4781768449944,12679568
2023-02-16,321.1497497558594,323.41640413620297,319.84852470474647,320.6880273125074,10151755
2023-02-17,321.86334228515625,322.8287716643076,318.3794315586062,319.8905256882678,7967611
2023-02-20,322.4089660644531,325.3052538338516,320.1003540216937,322.9546573517298,8105569
2023-02-21,320.89788818359375,323.96206065154666,320.43616575193863,323.20652694797917,8577674
2023-02-22,322.2411193847656,323.12257986608466,319.0090621451135,320.6880408252716,9306194
2023-02-23,325.3892517089844,330.7620369844762,321.61150291630275,322.7448435177751,19555814
2023-02-24,323.2904968261719,326.5645385687466,319.84854390951875,326.5645385687466,13407431
2023-02-27,320.85595703125,324.71764796537934,317.41400412221884,323.29049611026613,8455904
2023-02-28,316.2386779785156,322.5768918805146,314.8115528547274,321.1077823154553,16997837
2023-03-01,317.9176940917969,319.344845870841,313.63626536077516,314.18193008554056,8065784
2023-03-02,315.27325439453125,318.7991224382744,314.5596785768632,318.58925345804454,5212922
2023-03-03,323.16455078125,323.5423309457619,315.73500724306933,316.49054096598246,8495772
2023-03-06,325.8509521484375,329.50277396052957,323.41641314241326,323.9620778799033,11126980
2023-03-08,329.4187927246094,330.0484263258889,323.29047429863346,325.72501321339706,9261146
2023-03-09,325.3052978515625,330.42622947791915,323.7522192644157,329.1669887938517,10005328
2023-03-10,325.7250061035156,327.5718958188082,321.9472577905193,324.84354568707505,8684320
2023-03-13,322.0732116699219,328.15957264032426,321.1078088957629,326.732420792291,9130473
2023-03-14,318.7572021484375,324.42379831258455,316.6584588867369,323.79419129774107,10623744
2023-03-15,318.50537109375,322.61891562561215,317.3300726560751,319.84855410474245,8748113
2023-03-16,320.226318359375,320.9818787200227,316.364627485881,319.5127424430228,16315136
2023-03-17,315.27325439453125,323.2065040536425,310.32020810934387,323.2065040536425,50787703
2023-03-20,318.0016174316406,318.46333984958386,312.29303726156525,313.38439325220804,10512002
2023-03-21,316.44854736328125,318.0016258127998,314.01400849486106,318.0016258127998,12057999
2023-03-22,317.12017822265625,318.0436231202378,314.139947920916,316.44856016486983,4958761
2023-03-23,319.5547180175781,321.3176655373776,314.3078599013099,316.4905454279664,10127917
2023-03-24,317.9176940917969,321.52753137601337,317.3300449243146,320.2682907617259,10317108
2023-03-27,319.1769104003906,322.7028051367832,315.9448535284185,317.288036319744,11232922
2023-03-28,318.7991943359375,320.9819067196904,317.45601127465636,319.1769745492156,9523719
2023-03-29,321.31768798828125,322.3670596848559,316.6164942736706,319.1769601490683,10551626
2023-03-31,321.947265625,322.78676822677375,319.00904642795757,320.6880250253946,9877493
2023-04-03,318.0856018066406,322.3670574554572,317.74980605879256,322.3670574554572,7331070
2023-04-05,324.3818664550781,324.9275312328671,318.0856095595966,318.0856095595966,12055499
2023-04-06,325.1793518066406,327.65584858262633,322.53491726045695,324.591702641501,13394394
2023-04-10,326.18670654296875,327.4039891947738,322.9966075913583,325.1793194769324,7044256
2023-04-11,332.4410095214844,334.2039571512757,325.72504135609034,326.18676383488474,18939829
2023-04-12,330.38421630859375,333.95209564371703,329.1669601754004,333.9101112023239,10122932
2023-04-13,332.1051940917969,332.9446967142466,330.51015773342004,332.02125181138524,6292395
2023-04-17,335.92498779296875,337.47803998899025,329.83862593698495,329.83862593698495,11466474
2023-04-18,334.53973388671875,337.47797976938756,333.2804932530353,335.7990011265133,9860308
2023-04-19,334.7496337890625,336.93231935583754,332.4409948905821,332.4829793344839,10119480
2023-04-20,336.0509033203125,338.02372014067595,333.8681908587961,335.799049835821,6924577
2023-04-21,342.7248229980469,343.35445659053994,335.00146836475506,336.05083994817016,14801099
2023-04-24,343.10260009765625,344.1939561128873,339.32485178856473,344.1939561128873,6212135
2023-04-25,345.49517822265625,347.1741567634121,342.0112412126051,343.10259721867857,9180650
2023-04-26,346.08282470703125,346.712431677691,343.3964324563322,345.87292911070205,7914219
2023-04-27,349.23095703125,350.4062553632205,345.03347059024406,346.04085775788565,13100076
2023-04-28,357.2481689453125,359.51479684583404,347.30011703160113,350.90995450060126,13208557
2023-05-02,356.32470703125,358.4654081012991,353.59633018552336,357.6259320928701,10648421
2023-05-03,358.5913391113281,359.7246796272577,354.30991031392773,355.9469311197148,7607609
2023-05-04,356.45062255859375,358.46539684287774,355.9469156844678,357.0382717097041,8292456
2023-05-05,359.9345703125,362.578978463399,356.2407904691982,357.58397346453967,12890455
2023-05-08,362.2011413574219,363.88014644389597,360.4382206045652,361.8233878281575,7522610
2023-05-09,355.77899169921875,363.62829937621586,353.848159761522,363.3344881143071,10377820
2023-05-10,357.08026123046875,357.9197638931349,354.43585311887716,355.9049628239586,10130159
2023-05-11,352.92474365234375,358.80123542986723,351.66550301604906,358.67530870562666,16597954
2023-05-12,352.96673583984375,354.8555835326713,349.2729295245968,352.9247513954721,11564770
2023-05-15,359.13702392578125,359.89255764989645,351.79142265487985,352.5889408216,9503538
2023-05-16,355.9049377441406,360.98391120139394,355.5271841877558,360.98391120139394,8302077
2023-05-17,358.96905517578125,360.10236888320355,354.7715694086254,356.07279425342074,9844782
2023-05-18,352.33709716796875,363.040682567462,350.99391424061633,360.9839237326619,24919291
2023-05-19,352.4630126953125,355.19138951321884,345.327280453651,353.38645758005697,26759905
2023-05-22,356.5765686035156,357.4160446310784,351.83339069600646,354.2259718716724,16015615
2023-05-23,360.27032470703125,361.9912876995608,356.1148228603138,357.62591685967556,9068926
2023-05-24,363.922119140625,364.9714906342844,358.46536608870997,359.5567220203145,11921823
2023-05-25,370.34429931640625,371.43562871411757,365.01347261947217,366.8184044789324,18905572
2023-05-26,372.4010925292969,373.36652190656764,368.9591662541491,372.2331813569451,13496209
2023-05-29,377.018310546875,379.2849650000539,372.8208239793013,373.57638433239805,20589822
2023-05-30,386.1734313964844,387.5038840272775,378.5340810421522,378.5340810421522,19627897
2023-05-31,382.3966369628906,387.97595767203387,379.7786593147629,385.6583907555271,14821960
2023-06-01,377.4181823730469,383.6841793386211,376.8173337216044,383.6841793386211,9142172
2023-06-02,380.5941162109375,381.8816685853723,377.5040449197469,377.67572763758034,9558309
2023-06-05,378.2336120605469,383.5554221471092,377.7615186370993,381.96745917563834,7427630
2023-06-06,380.0791320800781,380.76580856133046,378.01907543259387,378.36241367322003,6703067
2023-06-07,381.06622314453125,382.5254037767352,380.036181282122,381.109123419648,7833952
2023-06-08,380.1649475097656,382.61126980001274,379.30658833417493,382.568342319929,7294955
2023-06-09,376.34527587890625,381.7099867726844,373.5127150558858,373.5127150558858,7329661
2023-06-12,375.0577697753906,378.491179481239,372.3968643315873,377.6757477365194,9054977
2023-06-13,382.3108215332031,383.1691806856377,376.2165069157611,378.5340739069618,16732376
2023-06-14,381.5382995605469,384.32793267131706,380.8945234252868,383.04040760452125,9039402
2023-06-15,384.6283874511719,385.1863086570211,381.7528992605887,381.9674822471672,7787525
2023-06-16,388.920166015625,391.0660503441356,384.4567146426835,385.40090157093005,12181426
2023-06-19,389.3493347167969,391.32356354688983,388.19056478835836,390.3364491318434,4350517
2023-06-20,388.7055969238281,390.3793606443439,386.3880297965198,390.3793606443439,4644353
2023-06-21,383.72711181640625,389.8643540714859,382.01042067086826,387.975980209531,6292873
2023-06-22,384.2420959472656,385.95881413204916,382.6970604624499,384.54250666755473,6892713
2023-06-23,381.7529296875,384.2421523784055,379.9933109720935,384.1133971354511,6325479
2023-06-26,382.568359375,387.460976969883,381.1091514318163,383.59837410939156,5688287
2023-06-27,382.05328369140625,383.8558296212413,380.37949298539684,382.91164278233583,5052984
2023-06-28,385.7013244628906,386.7742665852522,381.5383112044259,381.9674771718805,12548096
2023-06-30,387.63262939453125,387.93304013384915,383.34083366071934,386.2592493189664,9456776
2023-07-03,397.6324462890625,399.9499860582149,386.3021762961916,387.6326288913875,11111199
2023-07-04,400.2933044433594,401.7096119255575,394.6711108059222,399.13453461619395,8022597
2023-07-05,407.8039245605469,412.5678138010311,398.53371095448574,400.29332954380067,16878943
2023-07-06,406.77392578125,409.7781693460262,403.8555371781294,409.73524186519836,9835812
2023-07-07,402.052978515625,408.147293213273,401.3662748624045,406.0014089058079,7605499
2023-07-10,399.8641662597656,404.1988623491033,398.0186926997213,403.42633094153337,6772454
2023-07-11,406.1301574707031,407.3318276357208,399.9929153943561,399.9929153943561,8783282
2023-07-12,405.4006042480469,410.07861187163576,403.8126409828385,410.07861187163576,12816220
2023-07-13,405.1430358886719,409.220221374186,404.28467675429124,406.7738992013875,8214385
2023-07-14,405.91552734375,407.71807330833167,404.5850748077213,406.00138229710444,5277090
2023-07-17,405.4434814453125,408.404797590093,403.9413732339311,407.2889551029162,6325310
2023-07-18,405.5722351074219,407.03144303513886,404.2847099021475,405.6151625889643,5558415
2023-07-19,411.0227966308594,412.3961495805734,401.7954828864581,405.7868136998256,14401395
2023-07-20,422.4388732910156,423.76932589488507,408.83396371516045,411.92403489665855,21030102
2023-07-21,420.9796447753906,427.2027143115705,418.0183289722278,422.1384146106013,14510084
2023-07-24,404.5851135253906,428.919472774112,401.8383804408482,423.5547346399295,40477929
2023-07-25,396.8170166015625,402.13879980516936,390.89435750965157,401.6237788744661,45211370
2023-07-26,405.357666015625,406.0014422422148,396.6024453526449,399.0487678099579,18842179
2023-07-27,399.1774597167969,407.8468240381567,395.78695080095144,407.2030751174403,14528232
2023-07-28,402.09588623046875,402.95424541008026,397.7612172595792,401.45213724855495,10362522
2023-07-31,399.7353820800781,403.1687912786355,397.8470083810578,402.5679426286087,8510403
2023-08-01,398.9629211425781,402.4392309902516,398.1045619490417,399.99293585258584,6686176
2023-08-02,394.9285888671875,398.96287387850526,393.12604293542176,398.791191178646,10715605
2023-08-03,391.4522705078125,398.0615782365644,389.95013533038855,394.928579864411,11026824
2023-08-04,390.5080871582031,396.0444804861132,389.9072384807844,391.6668842384768,7097614
2023-08-07,390.4652404785156,391.8815210117445,387.07473093261945,389.77856395399175,9513953
2023-08-08,388.2763977050781,392.26775569479224,387.160528038295,392.26775569479224,6638681
2023-08-09,393.68402099609375,394.75696314088793,383.5983485127932,388.2763827929899,10134166
2023-08-10,387.76141357421875,394.24199478643493,385.4009459816001,393.8986565187567,13702317
2023-08-11,385.18634033203125,389.606864474708,381.75293065325945,389.606864474708,12028396
2023-08-14,385.5726013183594,387.3322200165696,382.01043644013106,385.18633559327105,7854074
2023-08-16,386.4737854003906,392.61102671135717,384.71416704550506,387.11756148326197,15494896
2023-08-17,378.5340881347656,386.25926638958845,377.6757289500683,386.25926638958845,16896158
2023-08-18,379.0920104980469,380.5512183960282,376.38820490169604,378.5340892680003,20068497
2023-08-21,384.370849609375,384.9716982512353,378.834456609111,379.3924049789464,9940689
2023-08-22,389.9072570800781,390.67978850377847,383.6842142287713,385.400905386339,10234488
2023-08-23,386.6455078125,391.1089317665518,385.05754478075903,391.0660314924344,8770272
2023-08-24,387.0317687988281,389.26348074873505,385.65838876553767,386.7742583423534,6322751
2023-08-25,380.5512390136719,387.11764770661836,379.435369289396,387.03181994435965,9628041
2023-08-28,378.87744140625,383.5554760253628,378.53410315948867,381.96751283082983,7176903
2023-08-29,377.76153564453125,381.1091172355908,376.9890314639849,380.2078578243325,9845106
2023-08-30,380.0791320800781,381.1091468019567,378.1049031918186,378.5340963953967,7648569
2023-08-31,377.4181823730469,381.8816333842939,374.3281113666927,380.25074292825076,20666732
2023-09-01,378.5769958496094,381.967505174474,376.2165284481097,377.6757363703921,11879159
2023-09-04,375.52978515625,380.5511570280995,374.80018132491574,380.5511570280995,14128562
2023-09-05,380.33660888671875,381.53830622437647,376.3881786635184,376.73151687374565,8701612
2023-09-06,384.0704345703125,384.97172118866524,379.39242758395017,381.0662183857372,13358433
2023-09-07,382.7400207519531,385.40089880165283,381.62415111580424,385.22924329069207,8401953
2023-09-08,379.9503479003906,384.456699370507,379.26367147143907,384.456699370507,10322317
2023-09-11,383.8558654785156,384.6283968936341,379.950362534242,382.8258507954172,9679540
2023-09-12,387.2463684082031,389.9501739098533,382.4825063700108,385.3150671054277,14961276
2023-09-13,389.2635192871094,392.26776290387056,387.20346263508355,388.14764959981886,12268130
2023-09-14,386.21630859375,391.323535820513,383.81294115046234,391.323535820513,14986708
2023-09-15,384.8429870605469,388.0618136094338,383.68421711999105,384.58547658403967,15657801
2023-09-18,388.0188293457031,389.69261999432916,382.997457399825,384.8429307422405,8513132
2023-09-20,388.7914123535156,390.6368587375678,385.8729965971384,387.7184701849169,10343224
2023-09-21,384.1133728027344,389.3064008592601,381.53832251422546,388.66265188899587,11132308
2023-09-22,380.33660888671875,384.88588777874793,379.6070049885891,384.1133564029431,7795399
2023-09-25,379.90740966796875,381.79578339599294,376.25941743916974,380.3366028267079,6005673
2023-09-26,379.7786865234375,381.538332376587,377.4182191640011,380.76580094782963,5533023
2023-09-27,385.5296630859375,386.08758431524456,376.6457148790023,379.7786864629706,10894817
2023-09-28,378.3194885253906,386.21632194812275,377.3323741461521,386.21632194812275,10610213
2023-09-29,381.45245361328125,382.48249545401796,376.98902964917204,379.39242433925773,8474326
2023-10-03,377.46112060546875,380.16492601214424,377.0319274400804,378.5340627133526,7770032
2023-10-04,374.328125,379.13491438660606,371.9247303066969,377.46112359689323,13912656
2023-10-05,374.2852478027344,378.10492333834895,373.4269157572981,377.6757573156308,10416552
2023-10-06,379.5211486816406,380.76577349254103,374.800214303173,375.8302289301865,8742804
2023-10-09,378.0619812011719,380.42244847223975,375.31524823018594,378.4911471763749,5827256
2023-10-10,381.45245361328125,381.8387193035575,378.0619717641228,378.0619717641228,5207891
2023-10-11,384.75714111328125,385.7871557668888,381.7957979771746,383.85585448811497,7946195
2023-10-12,386.860107421875,388.4051430421808,382.95460449328624,385.95884797824914,12227957
2023-10-13,384.8429870605469,387.8043031329266,383.68421711999105,386.1305122393563,7926432
2023-10-16,385.3580017089844,387.11762033136023,382.9975071821044,384.5425428121438,4377288
2023-10-17,389.2205505371094,390.1218371284394,385.4008756015914,386.08755201155043,7203352
2023-10-18,387.6755065917969,393.29772738412527,387.11758542128985,389.90721847754884,7160492
2023-10-19,386.60260009765625,390.4652027817204,383.5554563119322,386.04467887581023,9830006
2023-10-20,376.216552734375,385.4009396561479,375.40112096155644,381.96752983198763,13521824
2023-10-23,374.1564636230469,377.632800630929,371.7530959964487,375.9590097457904,7555671
2023-10-25,371.40972900390625,375.9590081702813,366.56003908686273,375.0148212342857,11308597
2023-10-26,372.8260192871094,374.7572933458955,368.705906299922,368.705906299922,19525305
2023-10-27,372.3110046386719,374.92898237526947,370.98055203087665,372.8260255716831,13638258
2023-10-30,369.47845458984375,375.2294039584859,367.6759084759495,372.99769185716616,7911426
2023-10-31,367.71881103515625,371.9676794741852,367.28964504506666,369.09219117015067,8952141
2023-11-01,367.46136474609375,370.03641535324755,365.22962520258255,369.0922283170425,8297973
2023-11-02,370.07928466796875,371.4097100435163,367.9334004313936,369.1350977801737,8465990
2023-11-03,371.8818359375,372.86895038950234,370.03638947895035,371.49559741604463,14334179
2023-11-06,373.6843566894531,374.9289815402163,371.2809891494467,372.0964208224146,7589690
2023-11-07,371.40972900390625,373.2981300796239,370.93763553590844,373.2981300796239,5321353
2023-11-08,375.0577697753906,375.52986326989816,371.0664116096857,371.7960155927843,7248663
2023-11-09,372.8689270019531,375.958998202141,372.43976102559816,375.7873426930893,8085620
2023-11-10,374.7143859863281,375.9589835916255,371.23804922028273,372.86891251152394,4236307
2023-11-13,374.2423400878906,376.3023696004869,373.38398085577813,376.3023696004869,3888975
2023-11-15,379.3494873046875,379.8215807352238,375.5298123835396,376.04483329093347,7722827
2023-11-16,376.5169677734375,381.5383405568395,375.61568108723014,379.3495286654918,11276031
2023-11-17,377.0318908691406,378.96319191674627,376.2164592988392,377.0318908691406,6911592
2023-11-20,374.928955078125,377.9331982957535,372.95475365152544,377.5469326241177,4502356
2023-11-21,374.4568786621094,377.07485632698126,373.81310251348316,375.22938283673597,6228803
2023-11-22,377.4181823730469,378.01903102448927,373.21224181294997,375.10064272014324,5074887
2023-11-23,377.97613525390625,379.6070258467537,376.17361635210193,378.4911561994082,6611803
2023-11-24,375.787353515625,379.6070287486021,374.971921814831,378.5340865730886,7084608
2023-11-28,373.5985412597656,376.817367782649,373.2981305087519,375.95900860246815,9082513
2023-11-29,375.2723388671875,376.38820854179903,372.6543610031265,374.24232415474165,14316126
2023-11-30,374.0706481933594,376.3452878610397,372.95480570231217,374.8431796444481,15710110
2023-12-01,386.08758544921875,387.074699876353,375.4440185618797,375.87318455434155,20081576
2023-12-04,389.735595703125,391.752724785251,387.1176179239576,390.55102739116836,13293194
2023-12-05,387.76141357421875,392.9544694817092,386.3451330186476,390.5510744042322,12603697
2023-12-06,397.6324462890625,398.70538842019147,388.061794862349,389.60683044302573,21203900
2023-12-07,393.2119445800781,398.9629212542833,392.61109586480706,398.91999377329,11746535
2023-12-08,385.5296630859375,396.2161846263528,384.97174185663044,394.7998770071899,19386851
2023-12-11,388.3622131347656,389.3493275315955,385.65840761706403,387.5467814518858,6854157
2023-12-12,388.920166015625,394.8427980571218,388.27638983558137,389.86435294387155,10549319
2023-12-13,391.10894775390625,393.8556807624182,388.9201631652517,391.66689617376363,11718443
2023-12-14,394.9285888671875,395.7011202109686,385.7871311881189,394.84276111911964,14924265
2023-12-15,393.2977294921875,397.3749148156606,390.55099669356895,396.47362823907736,16397959
2023-12-18,387.6755065917969,391.4093536958949,386.559637047059,390.5509946002291,12490839
2023-12-19,391.49517822265625,393.1260414483939,388.01884159623785,389.134711131793,10664235
2023-12-20,387.11761474609375,394.19901661338577,385.6584068932969,393.98443362414525,10766954
2023-12-21,387.50390625,389.4781079676765,381.4954189288496,385.40092208573355,11584223
2023-12-22,390.7226867675781,391.3235354287296,386.7313291177024,388.83428582987034,11450973
2023-12-26,391.795654296875,393.898611145563,390.29351894461826,391.45231606874586,6097422
2023-12-27,392.35357666015625,393.55527406397204,389.478088387006,392.26774890380545,7833901
2023-12-28,398.362060546875,398.8770542846564,391.4952144071042,392.4394013307172,21493169
2023-12-29,396.6453552246094,401.6238004767668,396.0015790266033,398.3620736168077,13384631
2024-01-01,401.7525329589844,403.3834235003086,397.1174262070781,397.8470301222474,9706230
2024-01-02,403.7267761230469,404.5851080974229,397.93287207365034,403.4263381690342,10924918
2024-01-03,409.6493835449219,412.610699407938,402.8683926924601,403.6408968636394,24961710
2024-01-04,408.9197998046875,413.25449592440776,407.03142595569284,412.00987104917436,12240910
2024-01-05,406.81683349609375,411.49486773368767,405.14304267730904,411.49486773368767,9564086
2024-01-08,399.5637512207031,408.1472883482497,398.7482923424567,407.71809516963697,8311403
2024-01-09,398.7483215332031,403.3834558606761,397.9758172811093,401.28047170009194,5916180
2024-01-10,397.6753845214844,400.6367279371857,394.8857510365176,398.74832675502415,6123200
2024-01-11,397.117431640625,400.4650133189814,395.7869790243903,398.3620565020552,6786448
2024-01-12,400.5937805175781,401.45213970243634,395.1432418595045,397.6324644529848,9714589
2024-01-15,401.3662414550781,403.8554909838262,400.07871641851017,403.4262978358211,7167978
2024-01-16,405.4006042480469,407.7181443177645,398.4908571155898,401.5380011935456,12531058
2024-01-17,400.5079040527344,409.43477864142636,399.3062067808217,404.6279895537756,11536527
2024-01-18,399.5637512207031,401.5808802693785,390.1647552149102,399.349141029534,9495938
2024-01-19,404.7138366699219,406.00138895410885,400.33624051486,402.1817139863782,12673308
2024-01-23,394.241943359375,406.64515567762464,391.7527208406185,406.64515567762464,8728196
2024-01-24,397.932861328125,401.1946152353453,393.2119267816324,394.9286178877544,22459072
2024-01-25,391.10894775390625,399.09163630931187,388.06180399939313,397.889966121581,20435547
2024-01-29,386.08758544921875,392.48233828149625,384.1133837986769,391.3235683388679,18557346
2024-01-30,376.0019226074219,389.43514944296885,375.4440014019763,383.68420026968823,45190319
2024-01-31,379.0061340332031,379.8215656350089,376.5598120240627,377.6756815444787,20648695
2024-02-01,380.1649475097656,384.3279609474678,377.07487624062026,379.3924432943424,19903526
2024-02-02,377.76153564453125,383.85585015123644,377.2465419254087,381.9674763724285,17816750
2024-02-05,376.0019226074219,380.8087120811852,374.71439748515684,379.39243172632115,12505666
2024-02-06,370.2938537597656,378.4481972306161,368.66296330261633,377.6756930803656,19487043
2024-02-07,370.6372375488281,373.3839706946024,369.7788783400748,373.3839706946024,13376903
2024-02-08,361.2610168457031,373.9406548583127,356.07587448707574,373.8535172676072,50039587
2024-02-09,362.0888671875,369.67052751049914,356.07584909868194,357.3830233416138,33527317
2024-02-12,354.5508117675781,364.2675230445882,353.8536558100145,363.87536246137586,11326971
2024-02-13,354.4636535644531,357.99304337034437,351.4571445057712,354.5943737512555,16207766
2024-02-14,358.64666748046875,359.25668585200435,352.41576356986315,353.81010311289634,12618012
2024-02-15,351.98004150390625,361.26100948205914,351.3264405397178,359.9102525686611,21169031
2024-02-16,352.5900573730469,356.9037408495518,348.0584884974271,352.93863534518886,38963810
2024-02-19,356.64227294921875,359.692364493742,352.59003016919024,352.9386081144379,17602580
2024-02-20,353.8972473144531,357.6880778097314,352.3286325610428,357.6880778097314,14626643
2024-02-21,351.500732421875,357.3830304413687,349.714232381529,354.6815166984585,20162369
2024-02-22,361.173828125,361.7838464113563,351.58783831892254,354.59434715207726,19321180
2024-02-23,358.51593017578125,362.43745298945976,357.73160904171374,362.43745298945976,11576964
2024-02-26,356.5987243652344,359.9538113149577,354.94294457199726,358.2544765395862,8289561
2024-02-27,358.29803466796875,359.69237410510254,356.03226415387263,357.29588340568495,8083518
2024-02-28,355.81439208984375,359.34378171395946,354.50721790803016,358.29802027340105,8949664
2024-02-29,354.07147216796875,358.21088006238347,352.50285763753504,356.42440777306143,15468800
2024-03-01,356.8601379394531,360.04094973021984,355.1172481779193,356.3372848204357,12873024
2024-03-04,356.5115661621094,359.86668079658443,355.94513043216057,359.25666246476044,7103794
2024-03-05,353.9407653808594,358.5159165850442,352.02357283988704,356.99085697735416,10108373
2024-03-06,355.4222717285156,357.25232683748783,349.19139545598193,354.245817593779,11534613
2024-03-07,360.3895568847656,361.60959362614113,351.76216210472074,355.4222723288473,23907135
2024-03-11,356.77301025390625,364.5289458598365,355.55297357754284,363.22177159770035,18298683
2024-03-12,352.4593505859375,354.24582311819125,348.0149191296,354.24582311819125,36226074
2024-03-13,368.1454772949219,381.69657345167786,367.01260581088286,379.08222489894086,105525827
2024-03-14,365.70538330078125,370.80338754824123,364.2674889159415,367.70974101459535,31949569
2024-03-15,365.22613525390625,373.4613697646107,361.87104789588255,363.57038287805614,76074975
2024-03-18,363.7882080078125,366.62044193009535,363.3089098568447,365.13896487478166,16547358
2024-03-19,356.9037170410156,365.61824861989226,356.16297854254486,364.26749180614473,21803126
2024-03-20,362.26318359375,363.09105972476596,356.9037386154801,357.2958991887677,20364534
2024-03-21,367.0997314453125,367.75330475277406,362.69888298530844,365.13895628515684,19968509
2024-03-22,373.5049133300781,374.419927016119,367.0997346711346,367.0997346711346,40358503
2024-03-26,372.67706298828125,374.0278199287093,370.84700787081954,370.84700787081954,10669833
2024-03-27,372.9820251464844,373.7663462493522,371.6312683263577,372.1105664607041,12698464
2024-03-28,373.28704833984375,377.55714895063414,372.1105666848334,372.98202537113855,29009002
2024-04-01,371.8491516113281,375.90139442993103,371.02124791223844,373.94061930272346,9743648
2024-04-02,371.10845947265625,373.5920880235266,370.0191428902278,373.5920880235266,9194659
2024-04-03,370.5419616699219,373.679218545448,366.88187928309895,371.23914520830874,13152268
2024-04-04,368.40692138671875,372.4156094618312,365.9232929984776,370.84699479060345,19065447
2024-04-05,372.58990478515625,376.20643221522545,365.96684064487147,368.1890562257562,16768902
2024-04-08,373.94061279296875,375.94497048593604,372.76415878467856,373.24345690797344,8844633
2024-04-09,371.5441589355469,376.0321452699147,370.8470029815778,375.1171315326912,6967273
2024-04-10,380.7815246582031,381.52226312429957,371.0212320403527,373.24344743864197,14547618
2024-04-12,374.8121337890625,379.735863640498,373.24351897752365,379.08226262781966,18785009
2024-04-15,371.1519775390625,373.9842114191919,368.5376290488552,372.9820325297619,9083087
2024-04-16,371.1519775390625,372.1105738267309,368.7990694216531,368.84262440452886,10357752
2024-04-18,365.00823974609375,372.0234367437925,363.96250587237773,371.2391432432269,22133191
2024-04-19,370.14984130859375,371.45701560681107,362.52462568029154,364.26751553828564,17221280
2024-04-22,370.629150390625,372.6334806910874,368.9298154672141,372.11059990884166,7386048
2024-04-23,374.0278015136719,375.1606729933093,370.45482904533475,370.62913183698697,12484384
2024-04-24,373.766357421875,375.42210964113116,373.243476671,374.07135278062805,6070285
2024-04-25,381.304443359375,381.9580166930137,373.8535029761323,375.5964204369422,30337038
2024-04-26,383.4394836425781,386.31527251993987,380.30225439111325,382.78588270732047,15342965
2024-04-29,381.8708801269531,385.5745452174713,378.7336507842141,385.182412263794,12075706
2024-04-30,379.64862060546875,383.87516597072283,379.1693225007147,383.3958678659688,12528665
2024-05-02,382.5680236816406,385.70525292282576,378.9514962957991,379.9536751869483,24123523
2024-05-03,380.3458251953125,383.4830821961626,375.9014215073461,383.4830821961626,23786388
2024-05-06,378.8643493652344,383.8316334777261,377.6443127327708,381.6965555614722,10753860
2024-05-07,383.7444763183594,388.6682055521619,379.2564902446458,380.73796727495403,26969062
2024-05-08,384.31097412109375,387.53534122419063,381.870900586258,384.52883191122805,10916481
2024-05-09,370.454833984375,384.74666881049484,368.9298019173525,383.4830771249932,24314298
2024-05-10,377.6443176269531,380.2586660910364,371.6748545706709,371.6748545706709,14524604
2024-05-13,376.337158203125,379.47438753102364,374.2892177623848,377.5571672805197,7584217
2024-05-14,374.4635009765625,377.6007301404288,373.4613221101125,375.1606568754472,11423749
2024-05-15,372.8077697753906,377.55716877013117,371.8927284401261,375.37853574944563,7856433
2024-05-16,375.9885559082031,376.9907348358264,368.5376430939357,374.7249642167052,23911954
2024-05-17,380.2151184082031,381.260852290136,373.7663570890688,376.8164487683138,11894830
2024-05-21,378.9079284667969,380.91228632724113,377.5136165803025,379.9536900005545,11175153
2024-05-22,383.3523254394531,385.13879774122665,379.43077527659403,381.1301099979817,11036895
2024-05-23,384.6159362792969,387.70961053618345,380.4329731658347,384.65951888111425,27244733
2024-05-24,380.1279602050781,385.5745427258716,379.34366668390487,384.310951047624,13252938
2024-05-27,376.0321044921875,382.48086541430223,375.3349486138195,382.3937278342273,12282545
2024-05-28,373.8534851074219,376.9035767086136,373.19988418613605,376.55499875688963,9668761
2024-05-29,375.5528564453125,376.81647580985464,370.80342960528895,370.80342960528895,10832067
2024-05-30,369.3655090332031,375.55282998521824,368.0583347743574,373.4177796163997,21314885
2024-05-31,371.6312561035156,374.33276965491694,369.71406362918606,371.89269646253956,29300711
2024-06-03,375.0299377441406,378.99507062030193,373.54848835957597,378.2107495176925,16116836
2024-06-04,368.496826171875,378.3482827063766,357.5360024211148,378.08202332328574,47791986
2024-06-05,381.8983154296875,386.95715897011706,371.0262361922414,374.5319094827672,28197030
2024-06-06,386.42462158203125,388.4658963975464,382.60830317461443,386.95714028519546,32318523
2024-06-07,389.7528076171875,391.9715980453364,382.60830356366677,382.8745629155196,29543660
2024-06-10,387.75592041015625,391.3947516185539,386.82404073501334,390.50722975348344,11872688
2024-06-11,384.29461669921875,388.55471053198954,383.6289963758289,387.844704269185,13158571
2024-06-12,383.6733703613281,385.53715797573835,381.80958274691795,382.1202280799728,10751658
2024-06-13,381.8983154296875,387.7559089354638,381.4101826375395,387.7559089354638,9641349
2024-06-14,382.6527099609375,383.3183302481955,380.7889225262687,382.51958027789186,9572809
2024-06-18,380.5226745605469,385.3596448481991,380.0345417507453,384.29460735192566,14641141
2024-06-19,375.996337890625,382.2976782837194,375.4638191590513,381.6320579972225,11329972
2024-06-20,375.6856994628906,378.5257525366393,374.08817136690516,376.351347889539,15147549
2024-06-21,372.40191650390625,377.46076039319195,371.47000866410593,377.1945010103919,26176371
2024-06-24,375.6856994628906,376.26257601400545,372.7569026415791,372.7569026415791,9723008
2024-06-25,375.6856994628906,376.3069619517722,372.53502920868647,375.41944009223124,10655609
2024-06-26,376.2625732421875,378.43700600124004,374.5763014110614,375.41943732662446,11511714
2024-06-27,377.7270202636719,379.19141874299106,373.7331857724581,376.2625936563807,38438054
2024-06-28,377.1057434082031,379.8570246308186,375.86321841942026,377.63823402627366,18554411
2024-07-01,380.7889404296875,381.8539498161556,376.8838497566948,378.3482763390493,13391362
2024-07-02,377.63824462890625,382.20895565283456,375.02006489132174,381.6320790804071,11177863
2024-07-03,380.123291015625,381.32143008834834,377.63824099221983,378.1707597480842,7435499
2024-07-04,380.7889404296875,382.9633451417158,379.0138966576025,381.6320763766379,9478861
2024-07-05,384.87152099609375,385.1821381877556,379.5020318353326,380.7445568579234,13427543
2024-07-08,393.7023010253906,394.54543698466966,384.8715242308732,386.20279301541757,21311436
2024-07-09,401.6899719238281,403.8200190152989,394.05733365136314,397.25239022458226,27489709
2024-07-10,400.6693115234375,404.1306271806451,396.2760880434586,402.6662006020045,12065662
2024-07-11,407.0594482421875,407.81384048178734,398.22864294708677,399.3824242772935,19556596
2024-07-12,407.4144287109375,411.1420037598132,404.5743755491234,407.0594255817072,19693114
2024-07-15,411.2751159667969,413.98203932408734,405.77249737770325,407.41441139257415,16876907
2024-07-16,413.18328857421875,414.24832611511465,409.5000993772223,411.3195010056231,13497253
2024-07-18,417.3546142578125,417.9315189735093,410.6094983275924,410.92014365573266,21907158
2024-07-19,421.1708984375,425.47537796795797,416.6001876694199,418.02022824325525,25939326
2024-07-22,414.07080078125,425.51975718184343,413.44953827294006,421.21530556282863,18762384
2024-07-23,436.8355712890625,441.4506680930601,413.93765914854197,414.07078883419376,56125835
2024-07-24,438.47747802734375,453.210261927794,435.4599375014016,440.20813578403585,43693692
2024-07-25,434.83868408203125,440.20814495659073,430.13484351054876,434.8830418921205,18567567
2024-07-26,445.7107849121094,449.438331919922,432.57552818447857,438.47750808548517,21534703
2024-07-29,440.2525329589844,449.2608250855603,438.47748921984754,448.63956258965953,12978187
2024-07-30,434.7942810058594,441.80565564865844,433.6848857498221,440.47438696700766,13891052
2024-07-31,439.6312561035156,441.93879038664625,435.32680471107363,437.0574624554141,11982586
2024-08-01,438.1669006347656,440.8738242304474,435.72620830215726,440.1637898116665,12114803
2024-08-02,434.08428955078125,443.2700690816439,430.26797086538403,430.26797086538403,22141163
2024-08-05,431.3329772949219,436.56933654734354,425.60848524167875,426.0522602329523,25022076
2024-08-06,431.5992431640625,436.3918274973879,429.60232599318414,431.55485722587554,14251363
2024-08-07,437.2349853515625,439.8531651484879,433.1967929971014,434.88306494116813,11320399
2024-08-08,439.0987548828125,441.98319394772153,437.1018376938733,438.4331345718136,21349889
2024-08-09,440.11944580078125,441.983233468581,437.63439557704834,441.983233468581,9556181
2024-08-12,438.96563720703125,443.7582217148487,436.65810276874254,436.65810276874254,9425644
2024-08-13,434.883056640625,441.85007398597685,433.32991441946837,440.16377394612385,8056478
2024-08-14,436.8355712890625,442.87070869735584,434.7942963223527,436.61369785563306,9609981
2024-08-16,446.11016845703125,447.4858232645307,437.2350051859108,438.87691939201966,13643352
2024-08-19,445.04510498046875,452.01209380136623,443.40319097362044,447.97390175378985,10591508
2024-08-20,442.69317626953125,446.77575417595006,441.71691069712347,444.6457074143468,6888634
2024-08-21,448.55084228515625,451.7458986802193,442.91509358922156,443.7582295645892,8801221
2024-08-22,447.7964172363281,451.3020905746001,445.0451079369473,450.72521402910553,8686423
2024-08-23,448.90582275390625,449.9264461841349,443.7138493421569,448.24017431856487,8195369
2024-08-26,448.8170471191406,450.8583502184477,445.53324716421866,449.0833064910477,8126402
2024-08-27,444.2907409667969,450.50336614741735,443.7582222004659,450.4589802075658,8260450
2024-08-28,441.3619079589844,445.79948897470337,440.651901747182,444.1131890617107,8081932
2024-08-29,448.2845764160156,450.5921108617591,441.4063027627872,441.9832074702022,19389694
2024-08-30,445.44451904296875,451.87901762056,443.9357346345459,445.4888768545288,15523349
2024-09-02,452.6777648925781,455.20720087112886,446.6870413627012,447.30830387252314,16497266
2024-09-03,452.10089111328125,457.9141271779408,450.769622334864,452.67776768740197,12481552
2024-09-04,449.39398193359375,452.6777821087004,443.7138753786177,443.75823319159593,8739052
2024-09-05,453.69842529296875,454.3196878148697,450.01523610168874,451.16898926523896,11318636
2024-09-06,445.2669982910156,454.40842025952134,441.2288060631329,454.40842025952134,14245025
2024-09-09,454.1865539550781,454.98530397420916,444.06886619293823,445.5332646679885,14265060
2024-09-10,455.8284606933594,457.0709575777058,451.5239809612763,454.3196763029774,11332248
2024-09-11,456.49407958984375,461.06479055779437,454.36403269993195,455.29594052025584,15497555
2024-09-12,461.0647888183594,461.95231069647195,451.3464903537594,457.15972630822966,19085324
2024-09-13,456.0503234863281,461.50852809733834,454.4084094452432,461.06478122957145,9165077
2024-09-16,453.60968017578125,458.84601159207153,452.36715513571806,457.8697459360179,7821668
2024-09-17,450.636474609375,455.78406201482926,449.30517775626555,453.56527143027444,10889862
2024-09-18,450.2814636230469,454.76343093157726,448.2845745094767,450.72523863670733,5638729
2024-09-19,451.0802307128906,456.89346666395045,450.4145822727039,452.63337290269794,14461616
2024-09-20,456.5384521484375,459.15663177722325,450.8583460271267,454.4084053209533,24725118
2024-09-23,458.8016052246094,461.0203958219378,455.8284505768036,457.4703364918065,8105508
2024-09-24,457.2928466796875,459.55599507559924,456.31658107204504,458.84598883876305,7015487
2024-09-25,459.3341369628906,460.88730730174024,454.67468220228506,457.51473537232573,8802667
2024-09-26,463.9492492675781,464.836771186585,458.84601932926836,459.4228959190351,16086557
2024-09-27,463.9048156738281,469.0524028961381,461.7304111043963,461.7304111043963,17916386
2024-09-30,459.8666687011719,465.3692595674388,456.22783728937105,462.041073483364,10936940
2024-10-01,458.135986328125,461.28665660969307,456.1834550969594,459.8666441244711,5285319
2024-10-03,455.0740661621094,457.6922177343659,450.9471020792447,451.3464911442906,16481353
2024-10-04,446.9089050292969,459.15663932880176,445.1338612892048,452.63336905434744,18930962
2024-10-07,452.8108825683594,457.0265903354445,449.7489560397519,449.97082947423615,17114457
2024-10-08,450.81396484375,454.8965429194943,449.08330705216247,452.63336638342724,9868331
2024-10-09,436.3918151855469,452.4558677197935,435.37116365980967,452.4558677197935,24874940
2024-10-10,436.7024841308594,439.8975404359125,434.39492158878744,439.63128105582945,13292273
2024-10-11,433.2855224609375,438.38875219322694,432.57551620558445,437.5456162489988,14949380
2024-10-14,441.0513000488281,442.8707297967612,433.6849216890066,435.7705826929564,6970606
2024-10-15,442.4713134765625,443.2257056420901,438.8768682699775,441.98318067862937,8347216
2024-10-16,437.7231140136719,442.73760011362725,436.9687218016791,440.2081640936547,6939430
2024-10-17,433.9067687988281,439.3206155181232,433.10801882331054,439.3206155181232,7669729
2024-10-18,431.95428466796875,436.2587365756036,424.58790595263207,433.77368637573744,22616838
2024-10-21,429.247314453125,432.7530159179544,423.65595210991864,431.95423781408044,7680088
2024-10-22,427.60540771484375,433.46302952571807,426.71788584919966,429.24732175988674,12772970
2024-10-23,426.31854248046875,428.9366941192119,425.56415026999287,426.8954190593147,10553961
2024-10-24,418.6414794921875,428.1379038851162,417.13269521294427,427.78290078317127,13596626
2024-10-25,428.0491943359375,437.98936636836663,420.86030359535795,422.2803161165742,32154050
2024-10-28,429.6910400390625,431.24421023259157,422.4577921648733,427.73850894134046,8946214
2024-10-29,433.0636291503906,434.1730244214629,427.1616496836426,430.4454495599473,7131161
2024-10-30,436.2586975097656,437.76748187143,431.7767303629288,433.0636412897533,6640080
2024-10-31,433.81805419921875,437.5456293433338,430.17922280768573,436.6581074335961,8111694
2024-11-01,435.1492919921875,436.74682006469067,434.26177014569237,435.7705544719371,1517892
2024-11-04,430.0904541015625,437.9449648846851,425.60848700060944,437.9449648846851,8754385
2024-11-05,426.1853942871094,430.48984579156854,423.3009552621551,428.6260583162402,7610046
2024-11-06,426.9841613769531,429.91298645719,424.2328800557218,426.18541135723177,11749720
2024-11-07,424.1440734863281,428.4041670029908,422.5465454495721,427.5610311124764,9267980
2024-11-08,424.2772216796875,426.62914196530926,421.21529515296464,424.14409199348466,6325023
2024-11-11,423.3009338378906,427.3391257660674,420.77152618880274,424.27719940013185,5700343
2024-11-12,419.66217041015625,424.1884955450853,418.1533859891892,423.8778783496949,5236095
2024-11-13,419.0852355957031,421.30402612785196,415.57956230657123,417.17709036459956,11548660
2024-11-14,413.53826904296875,419.7508939310638,410.254469103816,418.1977517730254,12087836
2024-11-18,414.07080078125,415.18019610837695,410.0326085412211,413.582667962433,8448573
2024-11-19,414.78082275390625,420.46092929422525,413.8045570792864,415.35772747288905,7121472
2024-11-21,405.7281494140625,411.8520025055283,404.17497910804383,409.14507908254996,20313155
2024-11-22,421.2596740722656,422.90155996145944,404.26371361127775,404.8849760938828,20214206
2024-11-25,423.1678161621094,427.9604003657754,419.26275380237485,425.12034734197664,14427013
2024-11-26,423.3453674316406,428.3598254865603,420.7715735570813,426.00790505967507,6791715
2024-11-27,423.3009338378906,426.09662897337176,419.7952606265615,423.78906661901124,7339184
2024-11-28,421.4815673828125,429.3804644079403,417.6208626211006,423.3453549185364,14967609
2024-11-29,423.1235046386719,425.0316500902855,419.44028717704947,419.9728059672548,8668142
2024-12-02,423.5228576660156,425.38664526883133,420.15031373251634,422.45784823353785,5689595
2024-12-03,419.3959045410156,420.150296739833,410.69822941298054,413.5826685185779,23073942
2024-12-04,414.5589294433594,424.41035759923045,413.93766694127874,421.0378138404822,13957078
2024-12-05,414.9139404296875,419.57339521958045,410.4763590816044,414.9583263692382,27432375
2024-12-06,418.1533508300781,421.52592252373137,415.0914244336676,417.1326993219514,7842234
2024-12-09,412.6507568359375,418.9077678081534,410.87574120351246,418.4639928040686,12154116
2024-12-10,413.0945129394531,413.982034779044,410.5650771030177,413.00576919388504,9163636
2024-12-11,412.9169921875,415.5351717369577,412.42885940098836,414.64764990839933,7005617
2024-12-12,408.79010009765625,415.2689566944341,407.5031890897079,413.13893783213524,13380617
2024-12-13,417.1327209472656,421.0378115655174,400.84679442097826,408.2575584671943,32976794
2024-12-16,417.22149658203125,421.0378437429753,415.35773707139464,417.3546262796443,9354160
2024-12-17,416.7333679199219,422.28034494961406,410.9645174346367,417.1327570167734,20608409
2024-12-18,417.57647705078125,420.50527378595007,414.38139282481444,419.5290082075605,12841386
2024-12-19,414.07080078125,420.9934321229976,412.96140545412305,416.24520549634906,15161531
2024-12-20,412.384521484375,414.8695714730185,407.63629494293747,414.02640741203714,20231570
2024-12-23,420.90472412109375,423.9666509835454,415.0027157268919,418.1978004181174,19562956
2024-12-24,424.6322021484375,426.229730169681,419.4846149830941,421.4815320416408,12009880
2024-12-26,423.3009338378906,427.64977106021837,422.4577979548613,426.49598988303813,9188830
2024-12-27,424.7653503417969,427.69417528170976,422.4578160167487,425.78600188340243,16906420
2024-12-30,423.3453674316406,427.294816060941,422.45784551297163,426.67355353066995,13578360
2024-12-31,429.247314453125,430.1348363036615,421.1709021796047,424.6322177071176,13787501
2025-01-01,429.5136413574219,432.0874354390994,427.9161130264505,431.33304315392195,18931186
2025-01-02,434.0399169921875,434.8830529409553,428.0491934724373,430.75611694752047,27131131
2025-01-03,427.42791748046875,435.7705610825458,425.8747471935482,435.104912655584,38500784
2025-01-06,407.98931884765625,425.5937435344478,406.69894820698454,419.9253105618029,22009958
2025-01-07,406.56072998046875,412.551763098371,405.68510619666324,410.61619292699265,14294780
2025-01-08,414.3490295410156,416.65327289988676,402.8739144906199,408.31192319196157,13482926
2025-01-09,414.8559875488281,424.57988345002826,411.1230963623607,414.21078814534843,19732649
2025-01-10,410.0631408691406,416.60719760759747,407.8510728791192,414.71772931211405,9145729
2025-01-13,404.6712341308594,409.23364753360545,400.93837089441075,400.93837089441075,17799607
2025-01-14,402.41302490234375,406.9293358009281,401.72175196496954,406.468487176012,18048459
2025-01-15,403.1043395996094,407.2058759094838,401.2609449089771,402.4130665906223,9786805
2025-01-16,398.9566955566406,405.03990357000157,397.3437252265509,403.7495048035536,15774070
2025-01-17,405.731201171875,407.20589448929087,398.63412003792996,399.09496873161544,11270061
2025-01-20,403.42694091796875,406.65288163954455,401.86004417344355,404.6251362205085,8742771
2025-01-21,403.2886657714844,411.99871701322076,401.16877310962934,403.7034408317465,15686500
2025-01-22,402.78173828125,407.34415137338146,402.36696322633964,405.45465494630946,9619648
2025-01-23,405.731201171875,407.2519962354426,400.10884148331786,400.9383635063573,8888248
2025-01-24,407.02154541015625,410.1553106977586,404.6712003484769,404.99380003866463,9665384
2025-01-27,405.6390075683594,410.1553189378108,402.36696511353375,406.2841788337263,10480203
2025-01-28,401.3531494140625,407.2059054794515,400.4775256212389,405.54686138859637,20813072
2025-01-29,399.4175720214844,403.2426105877509,396.42205548568967,401.81399087571464,15158510
2025-01-30,402.04443359375,403.7034777304941,397.6663707644809,399.09499054178985,22496695
2025-01-31,412.4595947265625,413.1047941706201,401.0305523642032,402.3209231243453,13546181
2025-02-01,426.33111572265625,434.5803185994335,405.1320757909766,412.92042997358686,30393007
2025-02-03,418.7732238769531,428.77364640147414,416.88372730958895,425.8242034381593,16991730
2025-02-04,419.5105285644531,424.3033658681254,413.6116713562202,422.1373715457356,18923681
2025-02-05,413.05865478515625,420.1557355112139,411.53785980899255,419.5105361259467,12836283
2025-02-06,406.56072998046875,414.76383123938655,403.88781313807607,414.76383123938655,17469129
2025-02-07,397.1133117675781,410.6161724179037,394.8551419924304,405.5468369559543,18875982
2025-02-10,393.7491455078125,399.37147721649563,393.1039460684688,393.5647947742935,12227140
2025-02-11,385.5459899902344,396.83678252001545,384.8086433619268,395.22381215861816,14288751
2025-02-12,383.76715087890625,387.4185038147077,381.61379694988227,386.80994975406657,13884574
2025-02-13,383.5799255371094,387.55897028927046,382.92454203150083,383.8139869931189,12989029
2025-02-14,384.0948181152344,389.6654917445899,382.3627577670518,385.49918673722794,14124236
2025-02-17,382.550048828125,385.1715257026187,380.8179883419268,383.6735266720701,11975265
2025-02-18,379.4136047363281,384.6565868517638,378.243297503952,381.98828064755554,12998403
2025-02-19,380.49029541015625,382.7372796630362,378.7114340671244,378.9922963842513,7079032
2025-02-20,376.4176330566406,378.14969359579993,370.9406176845331,374.4515396266307,15355585
2025-02-21,375.3409118652344,377.5410950710494,373.7493112486519,376.4175887530304,8240986
2025-02-24,376.2771911621094,377.6815598988965,373.3280225292474,374.49832980990334,7037625
2025-02-25,379.03912353515625,381.05204632098673,374.96644852961964,376.3708172507043,15760891
2025-02-27,375.9963073730469,380.5839059368619,374.0301855394252,379.03910612899966,19051003
2025-02-28,369.81707763671875,376.8389208829856,367.1956009202271,373.5620607013944,31954776
2025-03-03,372.11090087890625,373.5620704254616,366.2593646880312,370.7065321930963,10702826
2025-03-04,369.6766357421875,371.8768189431307,367.80414426427035,370.19155946983375,13404774
2025-03-05,379.226318359375,386.4354218493058,369.34893741865807,369.34893741865807,15665018
2025-03-06,379.8349304199219,383.57991359952393,375.01324171862086,383.06496126915613,17869996
2025-03-07,378.1496887207031,379.97537953583947,376.08996501773333,377.82199696260744,11180761
2025-03-10,379.1795349121094,380.9115952921479,374.8727986777293,375.48135271072846,9785018
2025-03-11,380.30303955078125,382.36276308182994,375.6218107457345,375.902673045256,11099475
2025-03-12,386.1077575683594,386.9503730638485,378.2432986572043,380.49028283582663,13844306
2025-03-13,385.7800598144531,387.9802430981233,382.17553644149433,386.66950472868797,8196569
2025-03-17,381.9414978027344,389.7123267634701,381.052052835393,386.66952781576737,5257805
2025-03-18,383.01812744140625,385.68643344159955,381.7541900126882,383.86074286990106,13861897
2025-03-19,377.3538513183594,384.56295527450226,376.9325578592833,383.8607709374216,12830387
2025-03-20,378.1965026855469,380.72434920469203,376.27718165061447,379.17954934766647,16994037
2025-03-21,379.6944885253906,381.5201793399715,376.08996490330134,380.06900971850354,25302035
2025-03-24,384.7033996582031,386.5290904261833,379.7413082676257,381.0520466941976,14362572
2025-03-25,383.6734924316406,388.77604313821394,382.6436449762537,385.73324448631945,20338110
2025-03-26,381.3797302246094,384.9842822489654,380.34985413594273,384.14163817608556,13891436
2025-03-27,383.3458557128906,384.5161629673909,379.78810451603715,381.98828786888856,18642328
2025-03-28,383.626708984375,389.10375252075136,382.12871001952664,384.70338591875066,12981873
2025-04-01,380.724365234375,387.9802704965241,379.74131853086607,383.67353391685737,15206240
2025-04-02,382.9713134765625,383.8607583698592,380.1625762201977,381.0988219723193,8001323
2025-04-03,383.29901123046875,384.0480249871138,380.77116480316903,381.09882796400086,7059566
2025-04-04,383.5799255371094,386.4822647340628,378.7114358233303,381.520173295444,18627592
2025-04-07,380.16259765625,382.0819186994949,365.27629507252,365.27629507252,26762866
2025-04-08,386.2481994628906,389.29099836095855,381.2861080732848,385.639645397668,18600796
2025-04-09,389.7591247558594,392.3338007695701,385.0310947776454,386.66952496818857,21785572
2025-04-11,394.67437744140625,395.51702145893296,390.4144707836984,393.2232079835811,8939356
2025-04-15,393.59771728515625,401.8366972313636,392.2869789172459,401.8366972313636,11685880
2025-04-16,397.3895263671875,398.8874967335651,391.3507297543969,391.3507297543969,13034594
2025-04-17,400.0110168457031,400.5727700384027,394.6744043729881,397.9044638020452,22410217
2025-04-21,395.89154052734375,401.7430767519647,394.6276029884348,400.76000152305585,27388236
2025-04-22,405.9561767578125,407.0796545529523,396.5468895062768,398.7939022404639,32031936
2025-04-23,403.3815002441406,409.5607281098517,401.5090086831345,408.39042088422286,19566317
2025-04-24,402.6324768066406,408.2499513547456,401.9302924881275,404.317736314244,26064089
2025-04-25,400.52593994140625,405.11356719755287,396.3128338610747,402.63249298157206,22944377
2025-04-28,401.462158203125,403.05378737531595,397.67037441966426,399.4492355949674,6287095
2025-04-29,398.8406982421875,402.21118873045583,397.90445247166593,401.5558052623093,11189930
2025-04-30,398.6534423828125,401.9303026184644,395.0957198414577,400.151441347787,10026546
2025-05-02,402.1175537109375,403.990045229964,397.06183232395665,397.06183232395665,9263372
2025-05-05,409.0926208496094,410.5437904360518,401.9771469315377,402.8197624517931,11525305
2025-05-06,407.7818603515625,411.6204739738847,405.3944449107777,409.60755115118997,15026568
2025-05-07,403.662353515625,407.2669054042834,402.30481430744925,405.76890647461266,9710361
2025-05-08,403.1474304199219,403.9900458904708,396.54688066139005,401.6494314878609,19937960
2025-05-09,396.5469055175781,401.7898878224534,396.031981745509,398.7939183424925,8226512
2025-05-12,407.73504638671875,408.3904298762828,400.85363403411344,402.1175715800131,8031891
2025-05-13,400.61956787109375,410.02885520481095,398.23215253511023,407.1732884018215,14976369
2025-05-14,401.74310302734375,404.31777913456966,398.7471048556076,399.8706113129977,9557309
2025-05-15,405.06671142578125,407.64138719634747,398.84068300407523,401.7430504961949,24263510
2025-05-16,407.92230224609375,408.3904251412249,404.5518116867584,407.17328847071144,16402035
2025-05-19,407.5946044921875,410.54377297361634,405.0667294669892,407.266912756039,7543854
2025-05-20,407.17327880859375,412.69712312567145,405.30078727250276,409.13940063587995,9868414
2025-05-21,405.3944396972656,410.2629293856914,404.4581938781033,408.7649303606408,5776672
2025-05-22,398.934326171875,405.3944162358384,395.9383282951614,405.3944162358384,19451749
2025-05-23,408.4840393066406,411.01191444613914,401.6494562583,406.3306853522196,18536884
2025-05-26,414.66326904296875,415.2718231131618,408.90536294937203,410.30973168302756,13107662
2025-05-27,406.237060546875,415.8804097538671,403.381522189769,414.6632730298236,26986022
2025-05-28,400.65911865234375,402.9475037342144,393.79393430833676,398.2753781298962,431851622
2025-05-29,399.2765197753906,403.1381676108757,397.22650883681956,402.37538231693094,21478547
2025-05-30,398.60906982421875,400.5160622005545,397.03580693342064,399.61025828083166,30656239
2025-06-02,399.8009338378906,400.8974777159352,395.2718270145734,398.8474376645607,14973380
2025-06-03,397.5602722167969,402.0893793944988,396.32070963544066,399.5149278857097,13216486
2025-06-04,397.60791015625,399.5149025311001,396.60675079881145,397.7509287646849,12598933
2025-06-05,399.6102600097656,401.37423378518696,396.4160419459044,399.0381564747108,13212523
2025-06-06,401.4695739746094,401.7079480309055,399.5149183523392,400.7544518057209,8774988
2025-06-09,403.3765563964844,403.9009967663349,400.94515272206996,402.375397024289,10473123
2025-06-10,407.14288330078125,408.62079079284285,403.3765616168375,404.75914276623337,13041075
2025-06-11,406.3323974609375,408.1917266795449,405.09286404746234,408.0963712404173,20789182
2025-06-12,401.421875,407.3335627082408,400.0392939574362,407.1428518408551,18508835
2025-06-13,394.6520690917969,399.8486349912841,394.27067643366814,395.70092072544685,17873926
2025-06-16,398.75213623046875,399.4195661344484,394.0323182383462,395.65327347360335,7006629
2025-06-17,397.98931884765625,399.5625818006199,396.3683927227586,398.65677784510535,9028406
2025-06-18,396.5590515136719,398.99048420762057,395.60555534311806,397.6079031209599,8036215
2025-06-19,396.6544189453125,398.799785393935,395.51021186668925,396.3206894558478,12601006
2025-06-20,399.0858154296875,399.9916484421562,396.6544118043789,396.6544118043789,13203184
2025-06-23,394.6520690917969,398.08466121174473,392.6020580932596,397.60791311448514,14839890
2025-06-24,395.0811767578125,401.0881914896625,394.50907318849437,397.51258055441934,16690068
2025-06-25,396.9881286621094,398.7044100961672,395.7962584722378,397.0357918303469,9946718
2025-06-26,400.7544250488281,401.32652856542074,396.89277723401676,397.7986102268212,13703918
2025-06-27,399.1811828613281,402.37540098742386,398.370705262409,401.4219047765532,21409935
2025-06-30,397.08349609375,401.1835180314217,396.46370029757674,400.27768502039476,12317124
2025-07-01,395.7962646484375,399.3718752738479,395.6055537757248,397.60790154563335,13670465
2025-07-02,393.7462463378906,397.512538667108,392.5543761517345,397.512538667108,15990899
2025-07-03,394.1276550292969,396.65441410717574,392.125307215327,394.7474217316605,14185298
2025-07-04,393.3648376464844,395.70091492818915,392.60205234140216,395.60555949045533,8256733
2025-07-07,396.7974548339844,397.7986433459749,392.8404512538974,393.7939474948049,6845218
2025-07-08,397.79864501953125,398.656785820279,395.3672121359503,396.7974565033287,6807192
2025-07-09,399.9440002441406,400.7544487506528,396.13001537247743,396.84513753591426,9930533
2025-07-10,397.46490478515625,400.75444928229246,397.0358198471668,400.75444928229246,6220360
2025-07-11,397.4172058105469,398.6090760644153,396.1776723858816,397.6079166905238,8578844
2025-07-14,399.89630126953125,400.42074163962934,397.1788312743534,397.6555793753181,6896989
2025-07-15,402.47076416015625,402.75680138955454,399.5149200299927,401.3265570457718,8532755
2025-07-16,404.8544921875,405.66496977687433,400.7544410700043,402.47075168839604,9780773
2025-07-17,404.2347106933594,406.0940107556235,403.3288776974709,405.99865531946784,7240795
2025-07-18,403.09051513671875,405.4265924462953,400.56375604779373,405.4265924462953,6730256
2025-07-21,400.5637512207031,403.09051027917883,398.9427960746048,402.3753881438521,4822343
2025-07-22,396.6544189453125,400.8497964029397,395.8916336251602,400.5637591824813,9869507
2025-07-23,395.65325927734375,398.46605560438246,394.74742624924966,397.7032702848046,12196187
2025-07-24,390.8857727050781,396.5113943772586,390.4090246125477,396.5113943772586,9005157
2025-07-25,390.361328125,391.1718056932205,388.7880652563331,390.93343164953177,5824089
2025-07-28,390.8381042480469,391.7439373183991,389.59857077130863,391.69624504720383,8123337
2025-07-29,389.4555358886719,392.2683322294525,389.02645095781634,390.9334433644723,6811772
2025-07-30,388.6450500488281,390.26597610105154,386.8810762904252,389.979938885481,10915863
2025-07-31,392.79278564453125,394.7474412869076,386.6903864618624,387.07180823457605,19364174
2025-08-01,397.08349609375,399.8486291981142,392.6497155747587,393.22181910286025,14324065
2025-08-04,397.46490478515625,402.85215260384814,395.79628640159,400.6591229390907,18352458
2025-08-05,394.89044189453125,398.5137448813091,393.7939270939727,397.798622737676,8495104
2025-08-06,392.8404235839844,395.700912105227,391.4101793233631,394.8904345378628,9080543
2025-08-07,394.36602783203125,395.4625426248142,392.5066986324122,392.84042811675334,11514878
2025-08-08,395.22418212890625,396.03465973340934,393.74627463123227,394.6520785787631,9814361
2025-08-11,397.46490478515625,397.6079233983543,394.74743474081214,395.22418285040254,8514272
2025-08-12,396.9881286621094,400.277672927119,395.9869402435813,397.60789534116395,13635738
2025-08-13,394.8427734375,398.08465462555023,394.3660253481281,397.79861741128474,10874910
2025-08-14,392.3160095214844,395.7485724437067,391.8869246070097,394.98578714952254,9580361
2025-08-18,387.4054870605469,394.4613820852118,386.02293505585004,393.79392311853456,30950814
2025-08-19,390.0752868652344,390.36132407533586,385.68919868718467,387.45317241186046,16681331
2025-08-20,387.1671142578125,391.17180987394187,386.5950398255606,390.07529508093324,18188129
2025-08-21,386.69036865234375,387.9299311597819,384.59269449100873,387.16711674788274,15028966
2025-08-22,379.7774963378906,387.5961762308591,379.01471107445633,387.1194281666145,13087624
2025-08-25,380.7787170410156,381.92289503325094,377.82287297221643,380.44498754804886,10440286
2025-08-26,384.59271240234375,386.5473680457286,379.87289439733723,380.7310351895941,13715752
2025-08-28,382.2566223144531,385.6892144680879,381.39848155064317,385.6892144680879,12471719
2025-08-29,390.695068359375,391.3625273394323,383.21011736185324,383.3054728016321,25255050
2025-09-01,386.9764404296875,391.12415473908817,386.1659628361549,390.69506980769,12268090
2025-09-02,387.8345947265625,388.88344640782555,385.6415650189729,387.6438838396435,19808255
2025-09-03,392.60205078125,394.03229504639114,388.3589811553069,389.50318820677745,12936588
2025-09-04,396.5590515136719,407.1428648264985,395.7009107798522,404.2347131456668,27274123
2025-09-05,388.40667724609375,397.60790962272006,385.59385185760647,397.5125541844266,16000675
2025-09-08,388.5973815917969,391.4578703163545,387.88225941065747,388.5020552463618,7419022
2025-09-09,390.9811096191406,391.8392794876205,388.4543504800707,389.5032021316832,8825896
2025-09-10,393.8415832519531,394.46137904411546,389.9322722150785,391.8869277335158,9252397
2025-09-11,395.74859619140625,397.32188823995943,393.26952928734954,393.8416037431192,8274406
2025-09-12,394.509033203125,397.65555886786507,393.6508924853225,396.03463286721455,7803379
2025-09-15,393.460205078125,395.03346800431143,392.60206430915014,393.84159774229215,5707331
2025-09-16,393.8892822265625,395.0811524650244,392.84043059703714,393.98463766531836,8239087
2025-09-17,390.2659606933594,395.31950772328065,389.0740905115468,394.6997410484167,14113882
2025-09-18,392.4113464355469,393.84159072448466,391.02879441527705,392.22066465605855,15647808
2025-09-19,391.5531921386719,393.4125212893377,389.932266126311,392.411332862674,19505321
2025-09-22,388.0252990722656,391.8869471309128,387.16712919399254,391.5532176336283,8930779
2025-09-23,384.4496765136719,389.1218020379517,383.4008248820839,388.16830584530703,14936357
2025-09-24,382.3519592285156,385.83221438435834,382.0659220205699,384.4496624147626,12380865
2025-09-25,381.49383544921875,384.2589686096089,379.4914876094897,382.7810611389299,22006368
2025-09-26,386.26129150390625,387.02407677530545,381.20774451111,381.49381081167934,14414044
2025-09-29,388.3113098144531,389.02643193197514,384.44966201919163,387.97758033993085,19717660
2025-09-30,382.8763732910156,387.8345649867495,381.7798585213034,387.8345649867495,9465490
2025-10-01,386.7380676269531,387.1194602903188,381.16010899274613,383.6392049522153,17643039
2025-10-03,385.4985046386719,386.6427117258004,383.5915122257209,386.0706081822361,16987141
2025-10-06,382.11358642578125,385.1170935125061,381.20775343369894,384.25895278749806,13989077
2025-10-07,381.2077941894531,383.8776011840606,380.92175695000077,383.78224573811093,12298968
2025-10-08,381.16009521484375,383.0670875611344,379.4914769118394,381.3984692581301,8402463
2025-10-09,381.3031005859375,382.73334479601107,380.3972967119267,380.4449598795719,15656267
2025-10-10,384.0682678222656,385.0694563176354,380.92174191886477,381.82757497204756,15085738
2025-10-13,380.683349609375,382.3043047536442,380.0158906444655,381.3984717438948,9508594
2025-10-14,378.3472595214844,382.2089363761892,377.77518511195166,381.3984588314936,10291102
2025-10-15,381.3031005859375,382.2089335583413,378.7763416344861,379.4914637395229,16043867
2025-10-16,386.3089904785156,387.11946809099607,380.96940578861586,382.3519869568705,22962049
2025-10-17,392.9834289550781,394.60438403521437,386.40431139747704,386.49966683131913,21071344
2025-10-20,393.8415832519531,395.5578938251509,392.17296494651845,393.3648351646861,13083621
2025-10-21,393.6509094238281,394.6997610566706,393.1741613269356,394.27067613010945,1142130
2025-10-23,396.60675048828125,400.89748332833454,394.3183363615374,396.65441365825745,24305990
2025-10-24,397.4172058105469,398.5137497228218,394.22301680889524,396.6067573166322,14935678
2025-10-27,401.0881652832031,403.0428499257912,397.22651736481293,397.60791001997336,11603679
2025-10-28,398.466064453125,402.04167527754,396.559072013437,400.9451604443985,17163147
2025-10-29,401.9940185546875,402.56612211545064,396.7020969906232,398.7521371748908,11470661
2025-10-30,399.2765197753906,402.08934510630013,396.7974239224796,401.9939896699586,12938674
2025-10-31,400.8021545410156,406.5707952146441,398.7521434230218,400.94517315884843,18599864
2025-11-03,394.69976806640625,402.041671429904,394.07997225072296,400.42074533071906,7635440
2025-11-04,389.88458251953125,395.22416695182824,389.36017125943533,394.7474188614159,10085404
2025-11-06,388.5496826171875,394.07994866906864,387.6438496318514,390.933423001342,10095563
2025-11-07,385.2601318359375,390.0753051532848,384.3543278958865,387.1671242550703,8411611
2025-11-10,386.69036865234375,388.1683052075514,384.8787317089743,385.26012436572665,6650003
2025-11-11,387.929931640625,389.07410961230016,385.7845652080402,387.11945405752516,12005318
2025-11-12,388.07293701171875,389.1217886071048,386.6903559407471,389.0264331714527,7987236
2025-11-13,386.83343505859375,388.54971664613856,385.68922793463327,388.07296852755434,6617185
2025-11-14,389.1694641113281,389.74156764498133,381.49383142153096,385.87991971501265,64020258
2025-11-17,388.1683044433594,392.8404299507648,387.1194528155595,390.69506352506284,7855399
2025-11-18,386.9764404296875,390.74273297855876,385.73687790475674,389.26482550088946,7661681
2025-11-19,384.78338623046875,386.6903786619881,384.06826406864894,386.0229487699935,7882450
2025-11-20,386.59503173828125,388.07293915467255,384.49732853592553,384.78336574606783,6693410
2025-11-21,388.8834228515625,389.5031895489138,385.8799157040955,386.1659529187517,5808131
2025-11-24,384.78338623046875,389.78924136320717,384.1159563384741,389.40784869658233,11037491
2025-11-25,382.1612548828125,385.6892023658129,381.49382502007865,384.78336936119564,8199785
2025-11-26,383.5915222167969,385.16481427717554,382.3043255832445,382.3519887554517,11443953
2025-11-27,385.4985046386719,387.07179665807234,383.40083044346284,384.7357193128495,8679529
2025-11-28,385.4508361816406,386.1659583266901,383.782217843192,385.4984993519528,6883500
2025-12-01,385.4508361816406,386.6427064233897,379.6821958509331,384.0682550618539,13442658
2025-12-02,382.3043212890625,386.64271745343586,381.8752363504342,385.45084717768543,8093808
2025-12-03,381.875244140625,383.496199388071,380.3019811642192,383.0194512680452,10772192
2025-12-04,384.3066101074219,384.7833581805478,380.49262552241476,381.493813935015,8057989
2025-12-05,386.1182861328125,386.49967878158014,383.3054607886625,384.3066201289768,4419747
2025-12-08,383.5915222167969,386.40434773852076,381.92290381200377,386.11831050848593,6056866
2025-12-09,382.399658203125,385.6892318944884,381.3984987831776,383.30549127709355,9426717
2025-12-10,384.4019775390625,385.5938477590759,382.35196658031816,382.447322017598,6969146
2025-12-11,384.1636047363281,385.2124563530077,382.44732325332086,384.40197878110104,6980147
2025-12-12,381.49383544921875,385.21246480963276,381.2554613992128,384.1636131699276,12407516
2025-12-15,383.5915222167969,384.5927107187102,380.9217444084862,381.49384796695153,7756564
2025-12-16,383.0194091796875,386.8810568881978,382.39961341304394,382.7333428800691,12347384
2025-12-17,381.2077941894531,384.35434931541226,380.54036426459874,382.35200134405585,8087490
2025-12-18,381.7798767089844,383.2578132936943,381.2554654327811,381.3984840446188,7227668
2025-12-19,382.399658203125,383.9252580179369,381.63687284491715,381.63687284491715,10654835
2025-12-22,383.9729309082031,384.87873483805475,382.5426866099581,382.92407926981116,6847871
2025-12-23,388.40667724609375,389.8845846952617,383.114755953949,383.78221492360865,10081997
2025-12-24,387.6915588378906,390.45669198464753,386.7857258129762,388.9787845212552,5777430
2025-12-26,385.3554992675781,388.21598798528635,385.0694620351657,387.5962212494621,3152453
2025-12-29,383.8775634765625,385.97523758942174,382.7810487018413,385.30780773012765,6647710
2025-12-30,381.9705810546875,384.6880510266874,381.68451473751173,384.258966100121,12340527
2025-12-31,384.25897216796875,384.97409432460887,382.2089611386127,382.4473351908261,9945109
2026-01-01,346.9295959472656,383.9729288975114,345.833081144032,383.9729288975114,282626710
2026-01-02,333.77130126953125,343.25859919211456,329.19453158632655,343.25859919211456,118790358
2026-01-05,333.4376220703125,337.4899807901625,329.9573377733733,333.91437015500077,48358124
2026-01-06,326.5248107910156,334.39115505441515,322.04336666220496,333.96207009159815,72582738
2026-01-07,325.3805847167969,328.5271105999748,323.5212554504856,327.0492030999599,29440734
2026-01-08,325.0468444824219,329.0992032790893,323.2828707159584,325.61894801457146,36706319
2026-01-09,321.47125244140625,325.1422187958776,320.47009302582137,325.0468633519181,35193201
2026-01-12,322.6631164550781,323.71196812139505,320.1840204524369,322.52009784112477,16156143
2026-01-13,319.13519287109375,323.71196303607496,318.18169666185645,323.23521493145626,24922339
2026-01-14,319.182861328125,320.37473160941005,317.9433278749468,320.37473160941005,14913422
2026-01-15,319.182861328125,319.182861328125,319.182861328125,319.182861328125,0
2026-01-16,313.8909606933594,321.8049675143545,313.2711648846159,321.8049675143545,30526898
2026-01-19,317.7049255371094,319.0874774812901,312.07927503151404,314.65372624927437,15507440
2026-01-20,311.12579345703125,318.9444738116522,310.3630081485584,318.5153888891398,18771011
2026-01-21,309.64788818359375,313.9862842154765,309.2664955266801,310.8397584229455,14177965
2026-01-22,309.7432556152344,313.4142219142513,306.1199524882791,310.9351259007337,18622852
2026-01-23,308.36065673828125,311.2211452592271,307.6932268757636,310.41066769194697,11950089
2026-01-27,303.83154296875,309.60021214650556,303.06875768662377,308.551360559787,47847784
2026-01-28,306.2153015136719,308.64673430417406,304.499019977878,305.07112352260765,28400238
2026-01-29,303.7839050292969,307.5978899534603,303.25946464318696,307.5978899534603,17719420
2026-01-30,307.1687927246094,310.02928130332384,301.7338818840886,303.9745746586993,41975824
2026-02-02,300.06524658203125,300.7326764202941,287.9558339773994,295.0593918522917,35227572
2026-02-03,301.924560546875,309.64788544935533,297.1094164617701,306.26298563884325,33168353
2026-02-04,305.5264587402344,306.5972918224836,303.09276069340797,304.2122558533025,11196759
2026-02-05,301.9732666015625,306.98667865411124,301.09711153502366,305.62381368471375,15816704
2026-02-06,317.1595153808594,319.0091496502099,300.12362917115206,301.7785557148148,68057745
2026-02-09,314.23907470703125,319.9826257687896,313.11957956571865,319.25251636686045,20059198
2026-02-10,312.876220703125,314.9691951201795,312.2434651409776,314.43379342333833,11489090
2026-02-11,309.80975341796875,313.6550081166595,307.91145710682224,313.41163831821643,24843366
2026-02-12,309.0309753417969,311.90272107711473,308.49554397172875,308.8849296992704,13294561
2026-02-13,305.4291076660156,309.9557801328065,304.9423680522052,307.6194359281623,8730618
2026-02-16,309.5177307128906,309.80976259638305,304.8450126194144,305.4291060946274,11693763
2026-02-17,316.8188171386719,319.34983928901715,309.7124011623626,310.0044627469445,39360672
2026-02-18,323.6331787109375,324.11991832114603,316.18603890816456,317.35422585595626,35473203
2026-02-19,317.3542175292969,325.38542088701683,316.3807383344217,325.19071316475083,19911747
2026-02-20,318.32769775390625,319.1551610138723,316.4294014344681,316.4294014344681,11282027
2026-02-23,316.7701416015625,319.39854745647875,315.79666235281263,318.3277143412081,13486092
2026-02-24,314.9205322265625,316.7701368296786,313.5089754538475,315.4072718436051,13135859
2026-02-25,311.2699890136719,317.93832779267075,309.6637541988749,316.86749468006315,13492101
2026-02-26,309.8584289550781,312.87622052851447,309.1770113147723,311.5133555396741,11270119
2026-02-27,305.2830810546875,309.32301376648314,304.3582639374763,307.6194251776827,13892595
2026-03-02,306.548583984375,307.376047218612,298.85810450075655,298.85810450075655,22194311
2026-03-04,303.6768493652344,307.13268865380064,302.2652926371002,302.3626464990797,24165489
2026-03-05,303.23876953125,305.28308178434213,300.026300067982,303.9202168516899,19938009
2026-03-06,301.48651123046875,304.0175333092302,300.9997716448259,301.8272051738374,21288269
2026-03-09,297.8846435546875,299.05283051074235,295.54829935080625,296.9111643273846,14084931
2026-03-10,300.8537292480469,301.77854635403554,295.69430146786544,300.8050671722483,18352950
2026-03-11,300.8050842285156,302.41131902789596,299.53957310372596,300.85374630707344,14842485
2026-03-12,296.0350341796875,299.83159716315987,294.8181851652266,298.9067800288785,23319679
2026-03-13,293.455322265625,297.8846408259882,292.67652106597967,295.937682389217,25659996
2026-03-16,300.0749816894531,301.2431686839447,293.99073631862075,294.52613802796225,37472204
2026-03-17,296.76513671875,301.7298865244703,295.98633554258623,301.7298865244703,25649286
2026-03-18,295.986328125,298.8094414690324,295.45092646773946,297.7872705212262,16702554
2026-03-19,290.0968017578125,297.3978957617843,289.2206764189814,293.50397895966603,17851126
2026-03-20,291.9950866699219,300.56169141647746,290.2428063525175,293.0658899820715,58679529
2026-03-23,282.7470397949219,291.07027490300464,281.87088476609046,290.9729210433315,31788160
2026-03-24,283.52581787109375,288.14984408530046,281.0921198636166,288.1011820084419,33335721
2026-03-25,287.8578186035156,290.58354854916115,284.49930339528424,284.9373809296547,26184716
2026-03-27,286.88433837890625,288.9773127628988,283.81785506545845,286.88433837890625,22179022
2026-03-30,280.0699768066406,286.64096138513423,279.38852948557997,285.813498126197,24586921
2026-04-01,283.9638977050781,286.64096553507443,283.1850965114152,285.22940879596706,18604340
2026-04-02,285.0834045410156,285.86217605837106,280.75140999162466,282.5523525472668,18082775
2026-04-06,287.0303649902344,287.51710461894146,282.552354464483,285.2294224223722,18047063
2026-04-07,290.5348815917969,291.0702832730548,284.98603822136056,286.3489031712945,26963485
2026-04-08,294.4288024902344,296.52177687527063,293.5526474241106,295.8403295367806,22310207
2026-04-09,294.9642028808594,296.32706784361375,293.26061425035937,293.5039840547165,17691477
2026-04-10,296.1810607910156,297.30055598300885,294.57482597570106,294.96421173271233,17744386
2026-04-13,290.72955322265625,293.4553127708808,290.19415155315835,292.0437560666014,16522014
2026-04-15,294.0393981933594,295.9376946310278,292.57917930537735,292.725224960759,18701403
2026-04-16,295.35357666015625,297.2518729405252,293.84469581756434,294.91552885499743,16512053
2026-04-17,298.6634216308594,301.729905030981,295.7916756720069,295.7916756720069,35111203
2026-04-20,296.9111633300781,299.7829389242669,296.37576164015127,298.8581217781442,13540471
2026-04-21,301.4378356933594,302.849392451092,296.4730857105753,296.91116324455527,24411865
2026-04-22,297.39788818359375,302.3139461377078,297.0085024549496,301.77854447435044,24500511
2026-04-23,297.20318603515625,298.22535701375915,295.2075655708127,295.93767496628874,10701849
2026-04-24,293.6013488769531,298.5174072251711,293.114609250071,298.5174072251711,17011704
2026-04-27,295.7916564941406,297.5439071449768,294.8181773085145,295.5969487737246,14382348
2026-04-28,296.3757629394531,297.6899361310764,294.526128639099,296.32707115310103,12907339
2026-04-29,307.86279296875,309.0796419528162,297.00850597252486,297.00850597252486,31199038
2026-04-30,306.548583984375,309.07963576218305,304.99101137432183,307.86278680248944,11541956
2026-05-01,306.548583984375,306.548583984375,306.548583984375,306.548583984375,0
2026-05-04,302.8493957519531,309.4690426623296,302.26530226968964,309.4690426623296,20245091
2026-05-05,303.19012451171875,305.38045282577866,301.4378440355334,302.8494008323303,26795704
2026-05-06,302.4599914550781,305.28307511999276,301.04843476850743,304.504273955316,20287609
2026-05-07,299.24749755859375,303.38478412292693,298.85811182359606,303.1901061095417,25718615
2026-05-08,299.29620361328125,300.70773068347654,297.59261494674206,300.70773068347654,17739844
2026-05-11,297.7386169433594,299.83159126541733,297.05716962537434,298.85811207299713,14968661
2026-05-12,292.7252197265625,298.1280176321973,292.141126240168,297.25189225671994,15968338
2026-05-13,296.3757629394531,297.6899361310764,293.0659097966479,293.99072694682496,13024778
2026-05-14,299.0528259277344,300.9997843525029,296.7651438369858,296.91115977719784,11113377
2026-05-15,301.2431640625,303.77418633135375,298.17668067606064,299.0528357626027,11954564
2026-05-18,301.924560546875,304.01753483399096,298.371367495507,301.24314294849347,14422870
2026-05-19,302.0705871582031,305.91584192326644,300.17232052251813,303.67685162223455,17519355
2026-05-20,299.3935241699219,301.43783648682927,298.07935098097914,300.8050809313701,12127920
2026-05-21,299.8802490234375,303.0440563532439,297.68992087203304,301.6325293694972,21868988
2026-05-22,293.6986999511719,298.8581280637695,293.01725259672514,297.7872949531656,30751752
2026-05-25,295.8890075683594,297.3978884085819,294.33143494437775,295.8890075683594,15734247
2026-05-26,293.6499938964844,296.32706168880947,293.1145922213104,296.27839961224,37560542
2026-05-27,291.95001220703125,296.3500061035156,291.04998779296875,295.6499938964844,25446093
2026-05-28,291.95001220703125,291.95001220703125,291.95001220703125,291.95001220703125,0
2026-05-29,286.8999938964844,292.3999938964844,285.8999938964844,292.0,31930439
2026-06-01,279.6499938964844,288.54998779296875,278.29998779296875,287.79998779296875,23477875
2026-06-02,283.25,283.6000061035156,277.1000061035156,279.5,20206131
2026-06-03,277.0,282.3500061035156,275.20001220703125,282.3500061035156,28001438
2026-06-04,280.29998779296875,280.6499938964844,275.04998779296875,277.0,22017634
2026-06-05,280.70001220703125,281.3999938964844,277.8500061035156,280.0,16065822
2026-06-08,279.45001220703125,283.45001220703125,276.95001220703125,279.0,15779677
2026-06-09,280.0,281.70001220703125,277.1499938964844,281.70001220703125,12302522
2026-06-10,283.6499938964844,285.8500061035156,278.6499938964844,280.0,19823743
2026-06-11,282.3999938964844,283.25,281.20001220703125,283.0,12603100
2026-06-12,285.1000061035156,285.8500061035156,283.0,283.54998779296875,12893433
2026-06-15,287.8999938964844,288.8500061035156,286.70001220703125,287.0,11194950
2026-06-16,291.6499938964844,292.1499938964844,287.5,288.1499938964844,14467499
2026-06-17,290.75,292.3500061035156,290.0,291.95001220703125,8626353
2026-06-18,291.1499938964844,291.8999938964844,288.0,291.04998779296875,10409670
2026-06-19,292.5,294.54998779296875,288.3999938964844,289.79998779296875,13874008
2026-06-22,291.25,293.95001220703125,290.04998779296875,292.79998779296875,9947873
2026-06-23,290.0,293.1499938964844,289.6499938964844,291.25,9410364
2026-06-24,290.3500061035156,291.3999938964844,289.45001220703125,290.0,6218635
2026-06-25,290.0,292.25,289.20001220703125,290.3500061035156,11230239
2026-06-26,290.0,290.0,290.0,290.0,0
2026-06-29,290.70001220703125,291.8999938964844,289.3500061035156,290.45001220703125,10110022
2026-06-30,286.95001220703125,291.6000061035156,285.5,291.5,18180676
2026-07-01,290.29998779296875,291.0,287.1000061035156,287.8500061035156,6551425
2026-07-02,289.8999938964844,291.0,287.70001220703125,290.70001220703125,12722639
2026-07-03,289.95001220703125,291.6000061035156,289.0,291.29998779296875,6517591
2026-07-06,288.25,290.3999938964844,287.6000061035156,289.95001220703125,27126124
2026-07-07,288.75,290.70001220703125,286.54998779296875,288.29998779296875,18491160
2026-07-08,280.6499938964844,287.8500061035156,280.0,286.8999938964844,21593793
2026-07-09,282.04998779296875,284.3999938964844,281.0,281.25,12512120
2026-07-10,281.75,283.6499938964844,280.8500061035156,282.8500061035156,11774274
2026-07-13,279.6499938964844,281.5,279.5,281.3500061035156,12559492
2026-07-14,275.54998779296875,280.6499938964844,275.0,279.25,15018851
2026-07-15,276.6499938964844,277.70001220703125,275.29998779296875,276.6499938964844,8523722
2026-07-16,279.3500061035156,280.45001220703125,276.0,277.0,11220653
2026-07-17,280.70001220703125,281.95001220703125,277.79998779296875,279.3500061035156,15215868
2026-07-20,282.70001220703125,283.70001220703125,279.5,280.70001220703125,9913943
2026-07-21,281.0,283.95001220703125,278.79998779296875,283.0,9858768
2026-07-22,280.79998779296875,282.20001220703125,278.5,280.5,12995017
2026-07-23,281.29998779296875,284.0,279.6499938964844,279.95001220703125,21143589
2026-07-24,283.45001220703125,284.8500061035156,279.54998779296875,279.54998779296875,24954082
2026-07-27,285.8500061035156,287.8999938964844,285.5,287.75,19312804
2026-07-28,284.6499938964844,287.95001220703125,282.29998779296875,284.8999938964844,14843878
2026-07-29,286.25,289.04998779296875,284.1499938964844,285.6000061035156,19030590
2026-07-30,285.04998779296875,288.3999938964844,283.75,286.1000061035156,18283697
2026-07-31,281.0,285.79998779296875,280.04998779296875,285.54998779296875,16833813
2026-08-03,287.0,292.54998779296875,283.0,284.45001220703125,45392755
2026-08-04,289.0,289.0,284.70001220703125,286.04998779296875,12689243
2026-08-05,286.95001220703125,288.5,285.0,288.25,11771241
2026-08-06,285.8999938964844,286.3500061035156,283.70001220703125,285.45001220703125,12447629
2026-08-07,286.1000061035156,286.1000061035156,284.3999938964844,285.0,6128841
2026-08-10,282.6499938964844,286.1000061035156,281.3999938964844,286.1000061035156,9347929
2026-08-11,279.0,282.6000061035156,278.0,282.0,13053722
2026-08-12,276.1499938964844,279.54998779296875,275.3999938964844,279.0,12630816
2026-08-13,278.5,278.5,276.04998779296875,276.20001220703125,11335590
2026-08-14,278.20001220703125,278.3500061035156,275.95001220703125,278.3500061035156,7338537
2026-08-17,273.04998779296875,278.20001220703125,273.0,278.20001220703125,12795275
2026-08-18,270.0,273.6499938964844,269.1499938964844,273.04998779296875,14561572
2026-08-19,267.04998779296875,270.95001220703125,265.8500061035156,270.0,13821291
2026-08-20,271.6499938964844,271.6499938964844,265.0,268.20001220703125,28272797
2026-08-21,269.3999938964844,271.6000061035156,269.0,271.6000061035156,8312928
2026-08-24,269.70001220703125,270.6000061035156,267.0,270.6000061035156,8518400
2026-08-25,271.3999938964844,271.3999938964844,267.6499938964844,269.70001220703125,8414719
2026-08-26,270.25,273.95001220703125,270.25,271.8500061035156,11693367
2026-08-27,269.0,271.25,268.0,269.5,8834890
2026-08-28,266.0,269.0,264.79998779296875,269.0,15200847
