Date,Close,High,Low,Open,Volume
2014-01-01,152.29013061523438,153.13999813998882,151.96225893093646,152.88977611815432,5904780
2014-01-02,150.3531036376953,155.82332314135985,149.4557879986414,152.3634503484938,19451900
2014-01-03,148.3729248046875,149.78362573904127,147.6266035548121,149.00708985346762,13759590
2014-01-06,145.65512084960938,148.7482841116569,145.12448851163884,148.56710157263817,13907830
2014-01-07,143.34707641601562,146.8500785974207,142.7948792223767,146.06491930423138,17352910
2014-01-08,142.9804229736328,144.77506768390234,142.44980374315412,143.59302329651402,14248790
2014-01-09,141.4834442138672,143.4635896820157,140.63789491236898,142.6223586393091,14791100
2014-01-10,138.7526092529297,142.88115281741713,138.0494179239128,141.46182855306975,20473070
2014-01-13,141.60853576660156,141.9407125123211,138.92519908623524,138.92519908623524,15564850
2014-01-14,140.42218017578125,142.2772144633939,140.06412019423234,141.0692869968678,10197000
2014-01-15,141.56109619140625,143.05375225689258,140.8104433174915,140.8104433174915,13624980
2014-01-16,141.1727752685547,142.5144498330276,140.84922196024544,141.85870670232015,7241970
2014-01-17,139.90879821777344,141.88894337608676,139.51621852643507,141.0304525979657,11207380
2014-01-20,141.66029357910156,142.00973017091866,139.48601121246813,139.9087923620809,9468650
2014-01-21,143.18316650390625,144.32208082729088,142.03562882913428,142.6999955177753,12351890
2014-01-22,142.09170532226562,143.04942388784107,141.09084367140062,142.70861062910092,9821920
2014-01-23,143.07962036132812,143.48514165111305,141.1685015551546,141.4143921184074,9241310
2014-01-24,139.87860107421875,143.64908563184267,139.60250902009057,142.27720921601517,16616560
2014-01-27,137.57489013671875,138.3945560400493,136.586970161775,137.86824203215573,15688040
2014-01-28,137.73020935058594,140.46531238945593,136.17283220904952,138.31259491214075,18296910
2014-01-29,135.77597045898438,139.93038557445817,135.46104037079928,139.17112245353002,17594550
2014-01-30,130.85365295410156,134.42568269353242,130.2885139531661,134.16683728754558,20955320
2014-01-31,131.47914123535156,132.7862963090365,130.54300086783678,132.05291657775626,13174950
2014-02-03,128.4162139892578,131.9235223532781,128.12716711241308,131.57840393698987,14150230
2014-02-04,130.75009155273438,131.3195487460114,126.55683859706092,127.17806223237719,18002040
2014-02-05,131.2936553955078,132.00116515658593,129.51627080703386,131.05206990768156,13227190
2014-02-06,129.8397979736328,132.69137507159812,128.85619635326086,131.32814859379653,16116300
2014-02-07,131.80270385742188,132.4153040669645,129.7233440823177,131.151291986455,18203400
2014-02-10,130.63792419433594,132.2556911974397,130.05120718185776,132.0399889303592,10494640
2014-02-11,131.12109375,131.79408376278903,130.67242935300015,130.71125418080476,7118720
2014-02-12,132.22547912597656,132.8725858753696,130.97871380274412,131.7595680591986,15539930
2014-02-13,129.46881103515625,132.51022096149822,129.08054957967607,132.26863547073626,13251910
2014-02-14,127.27294921875,130.698301958069,125.54733124087323,129.61979072189604,45823350
2014-02-17,127.14353942871094,128.11851784739596,126.25052892126514,126.83292765070462,16601150
2014-02-18,129.50335693359375,130.26693838914483,126.92787076586364,127.43692506956437,13981720
2014-02-19,130.1159210205078,130.71557966908546,129.24880682073461,129.4127426574802,9753850
2014-02-20,127.74751281738281,129.51195584120146,127.38081631801018,129.16251921008995,10363320
2014-02-21,129.60255432128906,129.8527631551814,128.1271450401624,128.1271450401624,9430050
2014-02-24,130.32730102539062,130.92264133702633,128.48951365737094,129.48605699104968,10295950
2014-02-25,129.93902587890625,131.23323923162278,129.3436856301896,130.88810777164696,9445490
2014-02-26,131.1814727783203,132.4239198278446,129.87863594563822,130.28415722334185,31769610
2014-02-28,132.29019165039062,132.8208239424244,130.97441314820878,131.94075504711162,13109410
2014-03-03,131.00462341308594,134.4774247193261,130.72419992769682,132.0097902058547,16179310
2014-03-04,133.76559448242188,134.1538558935551,130.71556155314755,130.97440688237648,17249460
2014-03-05,136.0304718017578,136.4963828748024,132.87258766254442,134.5982056841359,25001030
2014-03-06,136.09950256347656,136.62581660393005,134.77076927066292,136.62581660393005,22604310
2014-03-07,142.33331298828125,143.6102800517161,136.52229264378377,136.66896862429522,51525570
2014-03-10,146.00021362304688,147.6266169231021,141.5006680989901,141.84578641355142,44180640
2014-03-11,145.79563903808594,149.91323512120718,145.03392905831103,147.11884180795334,25625230
2014-03-12,143.210205078125,145.72602429329135,142.54861020354915,144.44635021079515,17206710
2014-03-13,143.819580078125,147.6411879899021,143.0186846149818,143.63676380686684,29306490
2014-03-14,143.998046875,145.27337751087643,142.24393758418267,142.41805340398528,17043720
2014-03-18,148.10256958007812,148.77286493186975,144.072030576772,144.072030576772,29193580
2014-03-19,148.75979614257812,149.68690824233948,147.68905313080577,148.85991139124425,17798490
2014-03-20,146.0698699951172,148.51170168741484,145.59543504440867,148.51170168741484,14052620
2014-03-21,148.17654418945312,149.01659838902708,147.03180065004446,147.81528183111828,16902930
2014-03-24,150.21792602539062,151.46278479434176,148.94260894943855,148.94260894943855,16494770
2014-03-25,151.7674560546875,152.1417890344048,150.4355527199494,150.8447008850696,16789650
2014-03-26,153.86544799804688,154.43128450202744,151.60643229576135,152.70329011340996,20279380
2014-03-27,159.9156036376953,161.37809404289996,154.9536087119796,154.9536087119796,48585150
2014-03-28,165.56964111328125,166.78837177431572,161.6130901360927,161.6130901360927,33298740
2014-03-31,166.9407501220703,168.7775602425397,164.11154103926776,166.705704417442,25924470
2014-04-01,164.84713745117188,168.3205271985642,162.57070750127417,167.8373917128358,22272160
2014-04-02,168.4380340576172,168.8819974132059,164.33785188407336,167.14094589348215,19202730
2014-04-03,165.06910705566406,168.70791200774042,163.97224926906878,168.35969369862025,20425470
2014-04-04,165.6436767578125,166.47067375395005,162.8014100614548,165.31287264608872,20800500
2014-04-07,167.34988403320312,167.63715914025525,165.2606141500522,166.24431255148795,22630300
2014-04-09,172.7993927001953,173.40875817902776,168.01585708739663,168.01585708739663,26631730
2014-04-10,176.54698181152344,177.5872665379984,173.25205169179952,173.6699003643661,28796540
2014-04-11,173.5959014892578,176.6906277033379,172.7471467800709,175.4109536783657,20895560
2014-04-15,170.97561645507812,174.518662790762,169.5479546930362,173.66989483357077,16863520
2014-04-16,170.57081604003906,173.63941396781186,169.761220192602,171.14536621781133,19376260
2014-04-17,175.61114501953125,176.02029315950213,170.86242575157968,171.2454591833114,21513800
2014-04-21,180.38165283203125,180.96490351101838,176.02031017025536,176.02031017025536,18872420
2014-04-22,178.33155822753906,180.80820517991327,177.60467662642446,180.54704478446877,18364100
2014-04-23,179.781005859375,180.8952779070221,177.6612774975086,178.02253988789386,23265390
2014-04-24,179.781005859375,179.781005859375,179.781005859375,179.781005859375,0
2014-04-25,181.5264129638672,183.81590039428718,177.83973514490734,179.32834031933805,22655730
2014-04-28,183.35015869140625,184.46443076789313,180.32508919372015,181.06938511034258,16889200
2014-04-29,179.83323669433594,184.97804779905118,179.32833009329667,184.52972750514476,16514320
2014-04-30,180.94749450683594,183.4894282655376,178.7972947040712,180.19448490295312,22114870
2014-05-02,178.30108642578125,183.22825196323706,177.5959494264961,182.37514046697467,15446470
2014-05-05,177.9833526611328,180.18578185550354,177.1519989345603,178.84952157484236,13172760
2014-05-06,178.64930725097656,179.65476349583452,177.64820788576978,179.31090208263615,9841880
2014-05-07,180.70375061035156,181.50463276767218,177.93547160621503,178.60578020430884,19519520
2014-05-08,182.09225463867188,183.15864087781918,180.30767391791352,181.63522057917658,19363440
2014-05-09,189.18702697753906,190.22731174026782,181.0693761136915,181.0693761136915,27635400
2014-05-12,195.23281860351562,197.15667312103912,190.47104156807606,190.47104156807606,26436870
2014-05-13,198.14036560058594,202.31017807979885,196.7736338032918,198.47987011023721,32756640
2014-05-14,198.70187377929688,201.6007263317689,197.36997034750834,198.65398795231374,28870930
2014-05-15,198.41461181640625,200.4821107601573,197.81394684007233,199.35042447115418,21093980
2014-05-16,210.4235076904297,218.24082603599985,200.30800165221925,204.5735729667689,79653680
2014-05-19,223.55972290039062,225.88403841660582,213.19175769749268,213.19175769749268,36044700
2014-05-20,219.95138549804688,227.64248643896337,218.5367811368105,227.2681667377573,23419880
2014-05-21,214.08839416503906,220.24301767520402,213.45291407838607,220.0689151795254,23542300
2014-05-22,218.64559936523438,220.93944327238262,215.1069232650073,215.45512826003872,20116860
2014-05-23,239.6992950439453,241.74503607853927,217.39207042310417,219.37251139324738,89947940
2014-05-26,235.20738220214844,246.7853654133633,228.86124129912145,246.70702127460257,43472930
2014-05-27,228.89169311523438,235.04195985679422,227.7904918215124,234.7982137018185,21141040
2014-05-28,227.224609375,230.33239250983496,225.47922765665425,229.5576384488581,22103120
2014-05-29,227.77186584472656,231.37480264629943,225.8938048768299,227.898838766027,38177620
2014-05-30,222.5885772705078,229.39603046415886,221.60357523130102,227.90321690815725,23614930
2014-06-02,231.55865478515625,232.17155562171683,221.22707532240437,223.17956448360295,22338560
2014-06-03,231.6024169921875,235.35418338483473,229.51423091451716,233.43671068063668,31312470
2014-06-04,234.8813934326172,235.84886715466013,229.5974018864782,229.5974018864782,19581210
2014-06-05,236.2166290283203,238.4142598453487,233.86137757844634,235.04338536539157,21508380
2014-06-06,239.88519287109375,241.18976466617602,237.7444489115984,239.46491575809912,23003760
2014-06-09,237.08778381347656,241.7851401206822,236.14654903942863,241.21603322655722,16762200
2014-06-10,233.4060821533203,238.01152267145133,232.11901169429353,237.626275274199,15604840
2014-06-11,236.16844177246094,239.3554832547884,233.24846558085304,234.9120191511289,20880260
2014-06-12,236.51429748535156,237.27602806040025,233.78256298729218,236.14655166297206,17608610
2014-06-13,228.33660888671875,237.27604195251178,226.41913615179917,237.10091979448018,18537170
2014-06-16,225.95069885253906,228.95385400655042,223.00882576292372,228.5992543655653,17379420
2014-06-17,232.31163024902344,233.97956600614646,223.5735846081955,224.5016733028739,22808210
2014-06-18,231.28286743164062,235.02587002936076,228.2271806097188,231.14715710138054,25021300
2014-06-19,228.1221160888672,233.62935293394355,227.24217662070913,231.76005604177578,21446630
2014-06-20,226.16522216796875,229.72436501556774,224.80811893205973,228.25781710837927,15397210
2014-06-23,227.66241455078125,229.79439457938423,224.7555844300683,226.24401590636015,17948990
2014-06-24,233.17843627929688,234.1065249184349,227.6624090271804,227.6624090271804,17354830
2014-06-25,235.69129943847656,236.77698206777288,231.77755677848154,233.24848680266842,23118070
2014-06-26,232.24595642089844,237.93707888398927,231.09897849285122,236.40047154377262,17973090
2014-06-27,231.05517578125,233.76502659640016,230.09643950332418,232.50422199200764,10927310
2014-06-30,235.19662475585938,237.00903512673386,231.6330994496225,232.02272893551506,15140470
2014-07-01,234.6668701171875,237.18847954736083,234.34291817454115,236.31292220187785,9828620
2014-07-02,236.5974884033203,238.93959360835638,235.73066846405257,236.40486471902634,16497960
2014-07-03,236.06776428222656,238.19536219255414,234.40859275230176,236.40048034456046,14368590
2014-07-04,236.234130859375,237.68755929379256,232.90264149343975,236.48804997716653,15306300
2014-07-07,235.0608673095703,237.60436017465736,234.2115756673269,236.14654980155188,13937420
2014-07-08,225.4735107421875,236.13781917450189,224.14267323899097,234.91201755431507,17690110
2014-07-09,226.09080505371094,228.94948594512573,222.87312907769146,226.76935666500464,18223190
2014-07-10,222.89064025878906,232.1934370715082,219.32711544340216,226.16959824841925,37386490
2014-07-11,212.3445281982422,222.71550545426624,211.18441745122908,221.64732448269157,22975720
2014-07-14,211.1012725830078,213.71481207274263,207.19191182437663,211.88490023167438,16142970
2014-07-15,220.43031311035156,221.06509753159338,212.5108985013358,212.5108985013358,20244400
2014-07-16,225.32907104492188,226.45416544414385,222.03696686415998,222.2164577237979,21653240
2014-07-17,227.8419189453125,229.6499470280925,221.78743233009652,223.88001388238212,16169410
2014-07-18,224.36155700683594,226.3315609220179,222.18579659278163,226.0338746478881,13962750
2014-07-21,220.920654296875,226.0689361939605,219.99255221070797,224.23026027073112,12814270
2014-07-22,221.00819396972656,223.179572548175,219.19141506413143,221.3409100518884,10256470
2014-07-23,222.4221954345703,225.27652069981173,220.37776332023225,222.56665650648793,15629540
2014-07-24,223.88877868652344,225.10142082207358,221.52914518557196,223.17956600167457,12997790
2014-07-25,218.9374542236328,224.7555490509756,217.4096111499892,222.61042317412603,13895680
2014-07-28,217.98313903808594,221.69112506203186,216.7004506878759,219.34463770574095,12536680
2014-07-30,216.21890258789062,219.47597726497443,212.78671909847944,218.1013590602613,24264520
2014-07-31,213.57034301757812,217.31334558577524,213.11066736327334,215.12445206988318,18349440
2014-08-01,213.3908233642578,217.57598613335952,211.0093064713869,211.4470851155184,20333530
2014-08-04,215.50965881347656,216.1750775072056,213.71476379703702,214.77419393725867,13946260
2014-08-05,216.6041259765625,217.48843406473932,213.77169749736922,216.83614813316032,17961890
2014-08-06,212.43211364746094,215.7986329108964,211.98120212197853,214.94934116620982,12928410
2014-08-07,213.29452514648438,214.42398824208175,210.59780692326214,211.44709861589797,15579810
2014-08-08,211.70538330078125,214.10878389981642,209.25820216319582,211.18442561990577,32789900
2014-08-11,211.39895629882812,213.6316169116213,210.57154816871787,212.76044160082512,12536370
2014-08-12,212.68601989746094,213.53969370625794,210.30888476335267,211.88489075500715,12331020
2014-08-13,207.41514587402344,213.31202469739887,205.9748504056418,212.32264069444477,20923880
2014-08-14,206.85040283203125,208.6890784234045,205.76470701922736,208.47018910823834,15800260
2014-08-18,211.98992919921875,212.6947597728844,206.10618307446762,206.1937441484446,16556210
2014-08-19,213.83297729492188,215.56219486848636,212.70350094728033,213.12814675303116,15948060
2014-08-20,211.4252166748047,214.36270784659874,210.8779933304346,214.07377231757795,16065950
2014-08-21,216.0481719970703,216.86681603410548,211.01808561473572,211.35955246868477,27963970
2014-08-22,221.05197143554688,223.17956944306547,217.11634531187588,217.11634531187588,26474960
2014-08-25,219.4278106689453,225.66614344449894,218.162623882025,221.5160101447215,26784130
2014-08-26,218.5391387939453,219.6773527593737,215.84678902201952,218.8762235932519,14312180
2014-08-27,219.32711791992188,221.9756735807653,216.61288476935002,219.76927866037198,14200130
2014-08-28,215.44842529296875,220.9688085296424,214.7742423245748,219.94002586747055,14700480
2014-09-01,219.2701873779297,220.37339811165302,216.51655596518935,216.8755376598118,15193550
2014-09-02,220.8155517578125,221.8662178618576,219.2395459217727,220.39090592643436,16508080
2014-09-03,219.32711791992188,221.45471588457505,218.31146817945478,220.88999100849256,15715840
2014-09-04,217.6766815185547,219.67731978234934,216.78799139929274,219.4146632820308,12428860
2014-09-05,220.26834106445312,221.51601297950853,217.67231668789827,218.10134460562065,16913550
2014-09-08,224.6592559814453,225.19335985631943,221.33213539794863,222.1464106760942,17875080
2014-09-09,224.78619384765625,226.76057986295206,223.44222352623638,224.75557285521418,12975200
2014-09-10,223.2627410888672,224.39659960828632,221.13076108970486,223.1795620722311,16289770
2014-09-11,227.91635131835938,228.42418958834256,224.427267802922,224.427267802922,15981320
2014-09-12,230.30661010742188,231.2346987498771,226.5504616386839,228.08268698310013,16374410
2014-09-15,229.68060302734375,231.48863117534518,227.16337553101005,228.8531948809924,17437540
2014-09-16,224.41409301757812,231.49734848157235,223.26711507380966,230.18401251054993,15687360
2014-09-17,224.34841918945312,226.59860793593796,222.12452281391066,226.1914769846687,13044950
2014-09-18,229.43104553222656,230.0964509198634,222.74177484258664,223.61733215464074,20121200
2014-09-19,224.84312438964844,230.43794887074856,223.70491048414334,229.92137322317987,15558510
2014-09-22,227.78060913085938,229.83379207552963,222.59292943773715,223.35467337623524,14346980
2014-09-23,223.80996704101562,229.8075402729365,223.19269750190986,228.51170576703808,19379150
2014-09-24,217.69419860839844,225.29842547490992,215.01062653203684,223.29777370814313,23106290
2014-09-25,208.18125915527344,218.88057023443636,206.83289345635905,218.45154235570106,28369080
2014-09-26,214.0956573486328,215.39586055800672,205.76036093023612,206.62278546116687,28118450
2014-09-29,214.4852752685547,216.96310405869056,212.4102087193362,214.59910199402043,13845560
2014-09-30,214.13507080078125,216.78800854335117,211.9111476159551,213.29014779145805,18632180
2014-10-01,212.17819213867188,214.86176414155537,211.2019409029452,214.07376788595303,10544750
2014-10-07,207.19189453125,212.18695090688053,206.57462498509983,210.54089878381345,13002440
2014-10-08,211.1187744140625,211.86737223729654,205.41013652426923,205.41013652426923,13589310
2014-10-09,217.09881591796875,218.75800077277185,212.41021023101175,212.41021023101175,17279230
2014-10-10,214.6166229248047,218.29397464670345,213.03624825037238,214.9318241192547,12525220
2014-10-13,217.61538696289062,218.39901448514973,212.86548595067768,213.3733107865585,13926640
2014-10-14,220.95127868652344,222.74179192378827,218.2195439386107,219.28772501002692,17315970
2014-10-15,220.95127868652344,220.95127868652344,220.95127868652344,220.95127868652344,0
2014-10-16,215.94747924804688,223.687403552513,214.72170421700324,218.9112362737874,19073950
2014-10-17,220.8068084716797,221.9494043915363,216.70919315921424,217.83866961326825,14633000
2014-10-20,224.97007751464844,227.09767534705438,223.50788506265098,225.63112755325042,18824230
2014-10-21,226.25717163085938,228.25782348411715,224.98322065844368,225.89380783049273,15022310
2014-10-22,225.47789001464844,228.83564480354013,224.58921324288426,228.43289592411497,14511170
2014-10-27,227.45228576660156,229.3872600153667,225.98135584138345,226.94447426380827,13429580
2014-10-28,232.6137237548828,233.27477393014806,228.17028555778964,228.34538102256383,22963480
2014-10-29,231.47547912597656,234.56181350367817,230.35914882594284,234.38671806204192,17372970
2014-10-30,230.97203063964844,232.28974879731038,229.57116018036749,232.01394607966526,15544270
2014-10-31,236.64561462402344,237.25851539257974,231.67245581134415,232.19779551012283,20770240
2014-11-03,238.4536590576172,240.20915575699513,235.89701992996754,236.9258158114919,17780640
2014-11-05,243.5712890625,245.13854412160782,238.50618684155285,239.2898010111625,26605100
2014-11-07,240.12161254882812,243.4925138210214,239.02716581888814,242.96717404667203,18163030
2014-11-10,239.85894775390625,242.44182591560087,239.28981409804223,241.56626856182848,12068890
2014-11-11,239.933349609375,241.87270583620904,236.8382513255911,240.59439965073395,17405950
2014-11-12,240.4324188232422,242.6606971592961,239.51306763840148,241.04091083162356,16233230
2014-11-13,238.09031677246094,241.8508475527875,235.96271870856762,241.31236158361108,16859020
2014-11-14,244.09222412109375,245.7601595655344,238.1515651444677,239.02712236926354,50846690
2014-11-17,257.4664001464844,258.4032529526607,244.47313187801686,244.6307257931052,49164120
2014-11-18,257.9172668457031,260.8284784356836,256.0216780704699,258.89788661158644,32898390
2014-11-19,254.83096313476562,259.8654180376368,254.22247106666586,258.20186437023136,20735930
2014-11-20,260.12811279296875,261.5727771806997,255.00609658202106,258.0705475280711,18099509
2014-11-21,267.4827575683594,268.79609353023346,260.2594097780518,262.5796313000517,21009207
2014-11-24,270.4158935546875,271.2914509068348,267.964316936741,269.4965423029988,18631463
2014-11-25,266.5634765625,271.3790425415113,263.54279266952665,271.33524863703906,26776620
2014-11-26,268.1394348144531,270.32832815987723,265.81921321228145,266.9574270639462,11131807
2014-11-27,267.7892150878906,270.1094366715615,266.0381004255142,268.7961006747792,15378080
2014-11-28,281.4041442871094,282.367262775438,269.6716804180927,270.0218980356964,27760604
2014-12-01,279.828125,286.26347665020984,278.07701035884844,282.6298923939092,18449916
2014-12-02,279.0401306152344,282.62989427760937,272.7798743554824,279.2152260485832,23776383
2014-12-03,278.3834533691406,282.71744595891505,276.98255634945957,279.8718847426425,13699078
2014-12-04,280.4410095214844,281.0539103566355,274.96877606438477,280.04702474450715,13809486
2014-12-05,278.033203125,281.31654291967357,276.6761000311567,280.1783291454751,11391988
2014-12-08,273.96185302734375,278.9525399464153,273.4365133432489,278.9525399464153,9814223
2014-12-09,268.4020690917969,275.2751989709923,267.4827446508373,273.7867676513488,14926558
2014-12-10,276.63232421875,277.726770782806,265.5565036145938,265.73162575279747,15381613
2014-12-11,274.9687805175781,278.90878867049935,271.8167953711535,274.57479573422023,13151866
2014-12-12,272.60479736328125,277.464130165632,270.5472321630469,274.618568662299,11727933
2014-12-15,271.9043273925781,276.6761256913502,269.27765531322984,269.9343233330669,15117938
2014-12-16,258.81475830078125,272.29833616226597,256.5383038441927,269.75922518833215,20951938
2014-12-17,264.199462890625,268.27079972540827,251.28499038810065,257.76411023182914,28290440
2014-12-18,268.8836364746094,273.6992013434419,266.60718228354756,272.12318226352835,18921827
2014-12-19,266.3007507324219,273.1738809660913,265.7316438243869,272.7798694882809,14130478
2014-12-22,269.40899658203125,270.2407599995597,265.60031691683406,268.18319496480825,11565161
2014-12-23,268.97119140625,273.61163403146924,268.1394013508399,269.32140895383304,12836868
2014-12-24,267.7016906738281,271.3790426564054,267.04502258550315,267.92058003660316,14866629
2014-12-26,269.3652648925781,271.2477082110682,267.9643675207152,268.66482956659416,7373519
2014-12-29,269.277587890625,271.59783568901014,268.79604215127154,270.98493500266625,7699059
2014-12-30,271.20391845703125,272.079475901606,267.92057803987586,269.84681510589746,8113742
2014-12-31,273.04254150390625,274.00565985021154,271.42275520146836,271.46652237725556,6305857
2015-01-01,274.925048828125,275.80060630846936,272.03571983094616,273.56794542154876,6138488
2015-01-02,276.01947021484375,278.6899095955796,275.23147389920786,275.23147389920786,9935094
2015-01-05,273.83050537109375,277.37650122751387,273.2613985536279,276.89495547116996,9136716
2015-01-06,262.57965087890625,272.38590414671006,261.52899806299973,271.4227856922112,15329257
2015-01-07,262.79852294921875,264.8998551628078,258.4207363709546,262.6671946958486,15046745
2015-01-08,266.9136657714844,268.35833006734686,264.72477237778656,267.0449940311282,8939749
2015-01-09,265.4689636230469,269.54029941082484,264.41828425592973,268.53341393727123,11953948
2015-01-12,268.8836364746094,269.4965105168924,263.6302929813375,266.3007319024627,8536142
2015-01-13,267.132568359375,272.07946233049665,266.3007781405609,269.8030077441715,9484804
2015-01-14,266.7823486328125,268.7961199510036,264.63722232961186,266.16944776907195,8855660
2015-01-15,280.4410095214844,283.4179258980585,274.92500888468396,280.090791924208,30729523
2015-01-16,276.1945495605469,280.44098091417294,274.1369846465882,280.17832442298123,21598514
2015-01-19,274.1807556152344,278.3834465716575,273.6116487298538,277.15764500943766,9975658
2015-01-20,278.5585632324219,280.0032275038803,274.92500560424185,274.92500560424185,13104643
2015-01-21,285.6068115234375,286.83258644055616,279.30278806412844,280.09078431656974,22617660
2015-01-22,284.2496337890625,286.83253816388674,281.75429047641416,286.2196374485399,12232626
2015-01-23,286.7012634277344,291.16658451318426,284.24968682877847,287.4016986160705,17127278
2015-01-27,288.9776916503906,290.8163674228204,282.45480544805486,288.4085847188954,13734088
2015-01-28,292.9615173339844,294.1872923749014,287.3579552041551,289.28416549134135,19428852
2015-01-29,286.3072204589844,292.085903647088,284.64366702965265,291.3854418158679,14911660
2015-01-30,270.50347900390625,289.3717309545922,268.7961313254457,287.7957382666996,30252827
2015-02-02,269.23388671875,273.0863337375769,267.132554410289,270.98500142911587,17639807
2015-02-03,262.92987060546875,273.1739026425195,261.83542388013814,273.1739026425195,23743882
2015-02-04,256.58209228515625,265.25013215427526,255.57520659204516,265.03124279838624,21477507
2015-02-05,254.61204528808594,260.74094622286,253.21117502176193,256.66961023159473,15722348
2015-02-06,254.17430114746094,258.1581033276945,250.14675850531356,254.78720201207878,15985714
2015-02-09,244.71826171875,256.3631629480019,243.40492578823793,253.47383458883053,17088719
2015-02-10,251.54762268066406,254.612073487452,241.39117852550794,242.96717110961407,22589681
2015-02-11,250.36561584472656,256.97606264561085,248.3956119573241,254.61204729277276,17366588
2015-02-12,248.9209442138672,253.03607445173014,243.66760010760288,252.94851337264777,20957180
2015-02-13,268.7522888183594,269.6278460039935,249.84024826468453,252.1604694626381,70540056
2015-02-16,268.533447265625,274.1807760850964,266.78233258301873,271.9481155527293,21372131
2015-02-18,267.65789794921875,269.58410812590336,264.4183250013127,268.62098967761585,13472484
2015-02-19,264.72479248046875,269.05878569717123,259.86543274551536,268.00813282034585,17762135
2015-02-20,264.680908203125,268.3582588161279,260.0842332968129,264.3306906970969,15792502
2015-02-23,259.646484375,266.6947360678885,257.7640416853055,265.4689612969167,12440505
2015-02-24,259.3838195800781,261.7916018715388,255.75026255694183,259.9529264140827,15046698
2015-02-25,258.7709655761719,263.2363134305442,258.2894197188893,261.7916491388064,12845169
2015-02-26,253.3862762451172,260.040517042022,252.20426855094854,260.040517042022,18707345
2015-02-27,262.57965087890625,263.5427693334051,253.99919930949576,255.00608494469844,18316053
2015-03-02,264.4183044433594,267.83297256735887,259.77786144406366,267.83297256735887,15085595
2015-03-03,264.9436340332031,267.3951836900262,262.4045233058033,265.7316302286186,14387971
2015-03-04,257.2825622558594,275.8005969958906,255.6627756279367,274.92503954511,38674148
2015-03-05,257.23876953125,259.3838959834586,253.69277252728145,258.07055980126387,16803823
2015-03-09,254.480712890625,257.4138350626978,252.77339226142718,255.66272053846177,13199803
2015-03-10,251.81033325195312,256.7572276043585,249.62143958098673,254.5683339333921,14064427
2015-03-11,249.66519165039062,254.69964678880064,248.43941661284305,252.64208151868948,16329314
2015-03-12,251.1536407470703,253.4300952876601,250.4969727095862,252.29185465741978,9969794
2015-03-13,245.81272888183594,254.83095900414847,245.15606086167074,253.91163446387327,13414248
2015-03-16,246.6007080078125,248.52694475425864,245.15604380792203,246.46937975689306,15132928
2015-03-17,247.87030029296875,248.65829659312374,244.71828837245803,248.57073551090855,11350496
2015-03-18,251.54762268066406,252.55453503594967,246.90717928977,248.74585511782084,12394230
2015-03-19,246.5569610595703,254.17429415663338,245.6814036884212,253.91163763324485,11046649
2015-03-20,243.6238555908203,247.25741359168248,242.3542866257504,246.732073788209,11482652
2015-03-23,240.55938720703125,245.15606339570064,239.50870767595066,244.63072363016033,13058026
2015-03-24,236.8820037841797,242.00401905113614,235.5249007318579,239.7275648525014,17585259
2015-03-25,232.37290954589844,238.23915433243047,232.02269195861797,238.06403217884565,15824629
2015-03-26,224.71177673339844,232.81068179560663,223.44222131455464,231.5849069139528,22253318
2015-03-27,230.79693603515625,231.97894386939663,224.14269444970245,227.5135957844282,19423101
2015-03-30,234.5618133544922,235.83138222502683,230.40291585983846,232.11026341402086,12303870
2015-03-31,233.8175811767578,237.58249383860482,232.8982566411304,235.43736762895418,19482636
2015-04-01,239.42117309570312,240.47182590593124,230.402916168542,233.4673669581822,12383589
2015-04-06,240.47181701660156,241.4349354302923,237.45116023898123,241.1722789174173,12925445
2015-04-07,238.19537353515625,241.96028628519167,236.66314812662677,241.0409350081396,12933524
2015-04-08,239.81515502929688,242.835838602568,238.02027313322512,238.0640403131722,9913899
2015-04-09,245.9002685546875,246.73203194255248,238.58935988933047,240.7782530993243,13471276
2015-04-10,250.1905059814453,251.59140304745398,245.1998185337548,246.03160868166626,16880558
2015-04-13,250.67205810546875,252.5982949594936,248.08917996017382,251.98539412778848,11985436
2015-04-15,253.91159057617188,257.80783084365703,250.3655945681485,251.63513648909807,17289500
2015-04-16,256.01300048828125,257.6327871619101,250.84721672688949,254.13055725996398,15043998
2015-04-17,255.44383239746094,258.20183244183653,253.2111720567491,254.7871644478531,16819018
2015-04-20,251.85406494140625,256.8447524957855,249.40251506339973,254.78718739108916,13788536
2015-04-21,253.211181640625,255.66273139066234,246.68826907301067,251.63516246998248,15487948
2015-04-22,248.52694702148438,256.75718036614,241.12847708683202,254.39316494847074,17741741
2015-04-23,243.09849548339844,251.6351797371961,241.87272052426704,249.53384741870084,13874710
2015-04-24,241.25979614257812,244.8058191339142,240.20914344579845,243.71137254150568,10049508
2015-04-27,233.8175811767578,242.13537605679818,232.98581772068778,242.13537605679818,12394191
2015-04-28,238.58938598632812,239.46494336609447,232.15403390106735,233.77382039761324,12693457
2015-04-29,238.06402587890625,239.37736183636974,236.00646086823573,238.37047627962542,8217676
2015-04-30,236.1815948486328,239.4211677272836,233.51115562263755,236.48804526470352,21635216
2015-05-04,242.66070556640625,243.40493463137926,237.84514031290774,239.90270535610762,8012690
2015-05-05,238.19537353515625,242.5293932358102,237.58249940367884,242.5293932358102,7102772
2015-05-06,232.37290954589844,239.55249032464906,230.49046663436295,237.67004741311356,16335660
2015-05-07,228.4766845703125,233.9926847865875,227.33844406607832,231.14712360583385,15962706
2015-05-08,229.35226440429688,234.64937581973393,227.90757336382268,231.14714632988714,14044596
2015-05-11,241.69757080078125,242.70448302513157,229.92134169225523,230.6217768119113,17198308
2015-05-12,234.12400817871094,241.1284663244907,233.20468373503226,241.04090525369097,12792368
2015-05-13,240.1653594970703,240.77826030215851,234.69312630838488,236.31291267621347,9245732
2015-05-14,245.9878387451172,246.81960216381322,238.983380213502,239.90270470782096,13101418
2015-05-15,251.6790008544922,252.46699721915815,246.9072020419651,246.9072020419651,18247889
2015-05-18,253.69273376464844,253.91162309490267,249.8840540742471,253.82406201882318,13266119
2015-05-19,252.5545196533203,255.0936305374568,250.58451568323167,253.21118764334986,14541041
2015-05-20,256.1880798339844,258.11428992603584,253.2549574375748,253.47384676984584,11807544
2015-05-21,254.13050842285156,258.0705163053764,252.55451595779704,257.41384832495555,12118415
2015-05-22,247.30117797851562,267.04498503671726,245.81271983297827,256.5382971008464,69490117
2015-05-25,243.09849548339844,248.9209465791901,241.78515944435264,245.33118278171034,20356833
2015-05-26,242.66070556640625,245.85648443611385,241.65381999374344,244.28049195019716,9675703
2015-05-27,245.81272888183594,246.55695798200117,240.07783886034935,242.52938878101,12176680
2015-05-28,246.12303161621094,248.07355809677034,244.79311612879323,248.07355809677034,13024987
2015-05-29,246.61068725585938,249.7138237805243,245.6797571213412,247.05399247366864,14809918
2015-06-01,246.65501403808594,250.0241225977281,246.078695655841,247.0539724674851,11567692
2015-06-02,236.05999755859375,247.76326459846305,235.26205368251166,247.18694624504852,21653784
2015-06-03,228.2135009765625,236.99093811850705,226.12997475024255,236.72496583370906,25967877
2015-06-04,228.3908233642578,231.75993175030928,224.97736822797955,230.43001627309954,20210546
2015-06-05,228.56814575195312,232.2919201807853,226.61761914506138,227.85886826893824,13539638
2015-06-08,226.04129028320312,229.41041208426682,223.91343100284678,229.41041208426682,17384700
2015-06-09,228.3908233642578,229.0114343526359,225.19902080751453,226.08563112565434,15275972
2015-06-10,231.0506591796875,232.77953310211365,229.18877206098222,229.6320772293787,10910978
2015-06-11,225.1990203857422,233.13419354111178,224.00209104705522,232.51355549669643,20857622
2015-06-12,225.15469360351562,226.52894233908137,223.24848678000845,225.2433600491393,11440479
2015-06-15,221.87423706054688,226.61760777977486,220.63298799892092,226.08563616559223,13545280
2015-06-16,225.73101806640625,226.75061463671437,220.76599430905915,221.87425733269902,9896598
2015-06-17,226.17430114746094,227.77018892248304,224.75571920455235,226.972245034972,11241061
2015-06-18,228.83413696289062,231.1393292865112,226.2629588282984,227.371235295447,11598549
2015-06-19,230.6516876220703,233.26719909630165,228.87846684149366,230.43003502449824,12216399
2015-06-22,235.83836364746094,237.07961278153354,231.22797879838924,231.31664524879483,11051382
2015-06-23,237.38992309570312,240.4487396503488,236.06000756015297,238.85282477336813,16180083
2015-06-24,232.6022491455078,237.5229261546224,230.96201445673537,237.3456203049082,8361760
2015-06-25,234.77439880371094,235.83834199649968,229.6763895312302,231.62694303227647,16506503
2015-06-26,235.12908935546875,236.63631080404863,231.44963454262464,234.15381250215106,14588452
2015-06-29,230.2083740234375,231.22797052360954,226.08564127053268,229.41043011274638,15040805
2015-06-30,232.95687866210938,233.4888503045574,228.39084059073386,229.8537423145646,14181965
2015-07-01,237.38992309570312,238.94149122051164,232.77953841624893,233.2671903469378,12072024
2015-07-02,237.4785919189453,240.4930617515802,235.92702377861252,237.52291161436008,8741783
2015-07-03,238.852783203125,239.38475473620022,236.54759126459643,237.03524311041377,7238541
2015-07-06,240.0940704345703,240.71470849851482,232.29191022692774,233.355853463061,9458200
2015-07-07,241.9559326171875,243.50750055984085,239.3847682950872,239.7394069848256,12523410
2015-07-08,237.0352783203125,240.27140062952847,235.48371023506647,239.29612385021952,12669850
2015-07-09,237.38992309570312,240.53737904029148,236.72496532792806,236.72496532792806,6469504
2015-07-10,239.87240600585938,240.27139146401134,236.0599925361366,239.60643373855746,8788162
2015-07-13,242.665283203125,243.2415745656967,237.52292652377074,241.1580346635964,8423083
2015-07-14,237.78892517089844,242.5766160214985,236.85796799673557,242.5766160214985,10337307
2015-07-15,237.65589904785156,240.89204854673017,236.85795512564636,238.27653713023406,7483918
2015-07-16,241.33534240722656,241.8229672653583,237.70023464642645,239.16313627802163,8354120
2015-07-17,240.36009216308594,242.93125698985918,239.82812049546317,241.51267489526614,5571891
2015-07-20,237.1239776611328,241.1580444195339,235.97136783215828,241.1580444195339,6418930
2015-07-21,234.33108520507812,239.207441724767,233.62180780691185,236.72494377398655,5638653
2015-07-22,238.09921264648438,238.85283689966366,232.20325888432112,233.79917384232465,11322177
2015-07-23,239.42913818359375,241.15803936219672,236.9466397777466,238.0549028262861,6376216
2015-07-24,233.40017700195312,239.69511596216392,232.38058050056424,238.23221428128417,7796401
2015-07-27,229.14447021484375,233.53317548948044,228.78980440674184,233.3558696426318,6788558
2015-07-28,229.80941772460938,233.9764702111148,229.05579350195592,230.7403477861688,10788886
2015-07-29,224.84439086914062,231.13932978511417,223.691794704844,230.51869171530805,9997136
2015-07-30,227.68153381347656,230.0753926523936,224.84439684360603,224.84439684360603,10536937
2015-07-31,239.42913818359375,242.70960763015205,228.3465076981987,228.74549321855426,20534806
2015-08-03,249.18177795410156,250.91067861193824,239.29607995026458,239.384746378881,21901780
2015-08-04,255.87576293945312,257.07269237259413,245.05910540194404,250.46743417069857,28858887
2015-08-05,253.03857421875,258.7128747275387,252.01897778514876,256.3190431517617,10169558
2015-08-06,256.27471923828125,257.82628740159913,250.02412688893838,253.21592966491832,15372143
2015-08-07,249.40345764160156,255.78706239602815,248.42820799226257,255.78706239602815,13845614
2015-08-10,250.68907165527344,253.57055523751796,248.33955968426795,250.0684335992946,14694901
2015-08-11,238.3208770751953,256.62940443187813,237.16829431821253,253.393254658035,39233644
2015-08-12,227.28257751464844,237.123958195625,226.1299813088925,237.123958195625,29724325
2015-08-13,229.89805603027344,233.04553904950996,228.87845952547326,230.2970415160305,16360033
2015-08-14,238.054931640625,238.8528757207165,229.8537840887599,232.20329662460966,14852873
2015-08-17,248.0292510986328,249.93545798339295,240.09407746133672,241.15802072860814,27500063
2015-08-18,252.50665283203125,255.34381717912552,244.30550592610447,248.9602109267656,27728824
2015-08-19,246.4777069091797,253.52627086129857,244.30550046785393,251.70870319113519,15452575
2015-08-20,239.87240600585938,249.713785754017,237.61156056219573,246.16734455159616,14577599
2015-08-21,237.1682586669922,238.40950769343561,227.14957295552801,231.84859679034938,19030056
2015-08-24,217.57415771484375,228.4794804139277,214.91432686977916,225.81963604026384,29561705
2015-08-25,224.6227264404297,225.90830867843204,212.78647344368488,221.65257650383842,23492839
2015-08-26,217.8401641845703,224.5784083764998,217.21953963419273,223.8691173780966,16325529
2015-08-27,221.1649627685547,223.42582200648337,219.96804683925205,222.67219775097342,21076926
2015-08-28,220.72166442871094,226.8836042278482,219.3917487801805,225.6423550339938,16644381
2015-08-31,219.30307006835938,222.84951138078176,217.21953038587122,220.7659716982936,21645114
2015-09-01,211.98854064941406,217.08655017521227,210.74727803901604,217.08655017521227,19689080
2015-09-02,204.4080352783203,215.44633231464675,204.00906329456902,215.1360132558394,23655457
2015-09-03,205.91525268554688,208.70806986166104,204.80698975397775,206.26989141220892,14680299
2015-09-04,199.62033081054688,205.60495115031333,198.60073423817536,205.60495115031333,20466346
2015-09-07,196.029541015625,201.70384147422948,195.18725041516078,201.34920276879149,15424783
2015-09-08,202.4574737548828,204.14202796618224,196.07386857214829,197.71410308993978,16189253
2015-09-09,205.38327026367188,207.9101150261761,203.1224248250728,207.42247665621568,18237115
2015-09-10,201.65953063964844,203.74307046903394,198.68939394824895,201.5708777177475,14195882
2015-09-11,204.00906372070312,206.84621436826245,202.1471764211728,204.71834123614187,13650937
2015-09-14,208.57508850097656,209.2400462751561,203.9203840817199,205.2946328540777,10671222
2015-09-15,206.49154663085938,211.41223681547496,206.26989404171994,208.53075315666229,13193410
2015-09-16,209.9493408203125,210.79161797611624,208.35343942959966,209.59468855093144,11272509
2015-09-18,214.55970764160156,218.5051210474729,212.34318173621313,212.7864869172908,16049395
2015-09-21,217.44119262695312,218.10615040257073,210.34830968703213,212.38751623797953,9602436
2015-09-22,210.96893310546875,220.27834191411546,209.46169819455082,219.83503673275132,13667322
2015-09-23,212.65350341796875,214.47104386010128,207.11218858561185,208.35343769661952,13614082
2015-09-24,211.9442138671875,214.0720733659648,211.05760348793015,212.29885260745013,9299508
2015-09-28,212.29885864257812,216.02261963559604,211.58956761328872,213.6731074752136,8588230
2015-09-29,214.4710235595703,217.57415957196608,205.87090645950764,209.24002826440005,24488685
2015-09-30,210.2596435546875,217.57417909746866,208.97406122561577,217.08655421749705,17011911
2015-10-01,208.48643493652344,214.47105527396235,207.82147712125246,213.8504306854297,11590498
2015-10-05,212.78648376464844,213.9834131472647,210.34830530484518,211.10192951295176,18307463
2015-10-06,212.87515258789062,215.26899785125184,210.74727960932478,215.18033140391975,10087077
2015-10-07,215.93397521972656,216.5545998215809,211.944228242461,212.91949160863157,10608795
2015-10-08,215.71231079101562,217.39686512212378,213.76177063694274,214.95868654738246,9230511
2015-10-09,215.84527587890625,219.70203611410096,213.3627643211142,217.66282970846467,12171416
2015-10-12,216.820556640625,217.7958198762698,213.9390730982474,216.42158470201576,7566962
2015-10-13,216.15562438964844,219.43608025747423,214.60405614540366,216.3329437689847,10200698
2015-10-14,216.55459594726562,218.81545523298806,215.62365229683857,216.06695750860368,7895820
2015-10-15,220.72166442871094,221.56394163372656,217.6628611428113,218.1061663589881,11582401
2015-10-16,227.68153381347656,227.99185285662526,220.18969236797957,221.51960793244427,11738832
2015-10-19,225.642333984375,227.9475263048893,224.75572363473108,227.5485408246693,8969153
2015-10-20,225.95265197753906,227.94752525505024,224.48973679020406,225.6423329451528,8811740
2015-10-21,221.4752655029297,226.88358045647806,220.36700257860417,225.19902622294336,8606466
2015-10-23,224.6670684814453,225.95266437593102,223.42581934099132,224.3124297352016,7544810
2015-10-26,222.76084899902344,226.97224813432837,221.9629051006163,225.86398520398498,13085058
2015-10-27,220.58865356445312,223.60312328532697,219.9680290370497,221.7412497031167,6565348
2015-10-28,214.60403442382812,221.164945495404,213.8504102271768,219.8793632145871,12310403
2015-10-29,210.0823211669922,214.38238680541127,209.63901598895313,214.11640099286774,16114932
2015-10-30,210.17098999023438,213.14112659951624,208.4421024820553,211.6338916828627,8669606
2015-11-02,210.03797912597656,211.01325588816007,206.3142184924937,211.01325588816007,7611610
2015-11-03,209.19570922851562,212.52049803865924,208.35343210233265,212.21019253353936,8323201
2015-11-04,211.89988708496094,213.22980269428078,210.1266662725345,212.07720646048335,8418352
2015-11-05,207.37814331054688,211.8998612422181,206.6688658949588,211.01325094413352,8906564
2015-11-06,215.44631958007812,217.04222094935437,206.58021589365515,208.88540826356535,30821077
2015-11-09,218.19480895996094,220.14534899217975,208.88540043798014,209.2400391607108,22806485
2015-11-10,213.8504180908203,219.21441352381683,212.87515480302133,217.1308737472362,11767845
2015-11-13,213.0081329345703,214.38238165922303,210.7472738751223,214.11639585306443,9082062
2015-11-16,220.14535522460938,221.07629880888297,211.98854261347978,212.34318134625045,14051479
2015-11-17,219.7463836669922,223.1154922202308,218.72677363337482,221.65259053414565,11273394
2015-11-18,213.67311096191406,220.50000848194787,212.29886210685368,219.52474513828668,10397889
2015-11-19,216.2442626953125,217.21953950862817,214.02773678195913,215.4906520019327,7325199
2015-11-20,215.40199279785156,221.56393233847763,214.55971562817192,216.2886031930093,13718619
2015-11-23,215.1803436279297,217.44120287732858,213.27413665940583,216.24427341335235,10552151
2015-11-24,214.02772521972656,216.3329174565229,213.31844778865062,215.00300198035575,6651669
2015-11-26,215.0030059814453,217.13086537147115,213.67309048052917,214.51536759205604,13629888
2015-11-27,221.3865966796875,222.09588764935754,215.26899081455838,215.44631017482587,15149912
2015-11-30,220.45565795898438,224.31241839017656,217.21953559523024,221.34226830835266,12865469
2015-12-01,221.8299102783203,223.33714519079712,221.0319663624798,222.40621513185005,9501537
2015-12-02,216.86489868164062,222.22888051732411,216.11127446693115,222.1402275988056,10881754
2015-12-03,213.7617645263672,216.77623435752653,213.14112644765743,216.46591531817165,7155630
2015-12-04,213.7617645263672,214.69269458723073,211.0576002059622,212.78648771290946,11115170
2015-12-07,211.58956909179688,215.4019965633412,211.01327773631047,215.4019965633412,7531729
2015-12-08,209.19570922851562,212.74215062600214,208.6194179128642,211.10192959682482,8254434
2015-12-09,207.82147216796875,211.1905943907613,207.11219467146594,208.70808256719832,7408777
2015-12-10,205.64927673339844,209.90500930032908,204.45236082709354,209.24005150951496,11713559
2015-12-11,201.5265350341797,207.37815522044158,199.57599497209242,206.49154487143824,12872949
2015-12-14,200.32958984375,201.88115783207297,198.60070250533855,199.39864634503638,12464883
2015-12-15,200.7285614013672,201.3935191094485,198.60070214694673,201.26053297927191,10404430
2015-12-16,201.5265350341797,203.56574154260744,199.70898111300278,201.92550698551113,13030720
2015-12-17,204.71832275390625,206.04823826818958,202.59046334249302,203.92037885677632,14539096
2015-12-18,200.81724548339844,206.0039214735489,200.19662094038395,203.87604850358443,18871084
2015-12-21,204.31936645507812,204.80700488671914,200.81725803827655,201.17189679114207,9557098
2015-12-22,202.4574737548828,205.91524862169737,201.7038495648489,205.38327701360285,9155574
2015-12-23,203.61004638671875,204.8069756820144,202.94508867346545,204.1420179687611,7914311
2015-12-24,202.41314697265625,204.80699222804316,201.79252242920043,204.6740060860885,7257958
2015-12-28,202.94509887695312,203.87604242803272,202.1471549923706,203.07809854345018,8756879
2015-12-29,202.32449340820312,203.87606162993566,201.70386882523036,202.90079829343597,7263286
2015-12-30,200.1966094970703,203.6543842737893,199.35433241336693,203.03375976624994,11702877
2015-12-31,198.99969482421875,200.86158201250404,198.60072286347207,200.3296103791081,11558305
2016-01-01,201.96986389160156,202.94512727270413,199.0440466910901,199.48735191757362,6449426
2016-01-04,195.67489624023438,201.21621077767077,195.09860493978096,201.21621077767077,14092071
2016-01-05,193.0594024658203,197.53678741012772,192.39444470761427,197.53678741012772,15074848
2016-01-06,192.26145935058594,194.96561008875895,191.86247387115688,193.1923893929863,11921123
2016-01-07,185.7891845703125,189.8232639998877,185.30154621665412,189.73459756155017,14342279
2016-01-08,185.2572479248047,188.40471767880624,184.94694238931822,187.96141246073847,11745840
2016-01-11,181.1344757080078,183.97162578548594,179.6715606870122,183.35100131988114,19287860
2016-01-12,176.79010009765625,181.75512351737598,176.08082263363954,181.62213737502293,20318816
2016-01-13,178.12002563476562,179.44994124735553,172.0024192282926,178.51901114142356,23788247
2016-01-14,173.8199462890625,178.65196955900817,172.26837831522496,174.66222334056877,20256636
2016-01-15,163.40231323242188,175.37155464376463,160.4764959594843,175.37155464376463,29090426
2016-01-18,160.4764862060547,166.8157453049638,158.83625151571246,163.93426143662305,35653244
2016-01-19,162.20535278320312,166.50541817890795,160.91977054517372,161.49606183265598,24501774
2016-01-20,153.9598846435547,160.1661572055182,152.0536777681061,160.1661572055182,28655794
2016-01-21,155.68878173828125,158.3929324632192,152.5413123129696,156.93003080780687,28697205
2016-01-22,163.66830444335938,164.37758202364915,158.08265556266005,159.50122425184227,21432409
2016-01-25,162.20535278320312,167.39202848494196,161.80638085120773,166.59407109235156,17534650
2016-01-27,163.490966796875,165.08686836363108,160.5208298115534,163.490966796875,16569813
2016-01-28,164.24456787109375,164.82085918902587,161.80638940067266,163.31362429484926,20241030
2016-01-29,159.50119018554688,164.68786593741132,157.90530244214222,163.3136172440575,24259147
2016-02-01,153.16195678710938,161.31877030391522,152.5856654002195,161.31877030391522,22915269
2016-02-02,150.19178771972656,157.28467051222557,149.48251026335691,153.4722568341376,35957332
2016-02-03,147.22164916992188,148.77321725972828,144.7391375205116,148.77321725972828,24132003
2016-02-04,144.38450622558594,150.5464456792659,142.03498059440957,150.10314048794217,23811109
2016-02-05,149.12786865234375,150.10314551737446,143.80820617821544,145.1381217967475,22732245
2016-02-08,152.6299591064453,156.84135806932625,149.43817011489534,150.23611398063292,22289005
2016-02-09,148.1082305908203,152.85158685070635,147.26595364080293,148.9505075408377,19008384
2016-02-10,140.97105407714844,147.35464627303492,140.0844436741475,146.29071649515404,32294785
2016-02-11,136.75962829589844,148.50721387074873,134.9420746144472,141.41433201423536,72749830
2016-02-12,137.24728393554688,139.77411529839324,131.43998347753117,138.44419978260035,41187889
2016-02-15,148.81756591796875,150.72377292886378,140.08444778094398,140.9710582099373,35956266
2016-02-16,138.66586303710938,151.38872786182796,138.00090522805303,151.38872786182796,33816243
2016-02-17,140.9267120361328,141.72466946608108,134.09981506577694,137.42460386906066,32447698
2016-02-18,141.6803436279297,145.13811875213773,138.6658601719987,143.58655056306472,21024178
2016-02-19,146.0247039794922,146.55667553550435,139.28647426539692,139.9957516352816,24592575
2016-02-22,146.24636840820312,147.88660289852,145.13810551707004,147.1329787211096,15815058
2016-02-23,140.52772521972656,146.29069186911596,140.08442009285045,146.29069186911596,20200068
2016-02-24,138.57720947265625,142.47828985631824,137.6905990646784,138.31122364454265,19440950
2016-02-25,134.58746337890625,140.1731116856876,133.87817234289253,139.72980647925417,22713124
2016-02-26,138.22254943847656,140.70506114727405,135.25241285552636,137.86791070661997,30051402
2016-02-29,140.74937438964844,145.31541167494407,135.65136555348795,140.2617360561221,66981910
2016-03-01,143.67520141601562,144.42881205173313,140.57206537475653,142.3009527491667,23588231
2016-03-02,160.60946655273438,162.42702055586864,152.94029209947635,152.94029209947635,53333757
2016-03-03,162.0280303955078,163.66826484241508,158.25993666537974,163.1362932573102,33507048
2016-03-04,167.03736877441406,168.32296448354322,158.25993254869894,162.60431744251773,38860711
2016-03-08,162.56002807617188,165.75181751337706,160.8311269113423,165.75181751337706,27928279
2016-03-09,162.6043243408203,163.13629593465578,158.43725861777457,159.58985471868502,29453018
2016-03-10,160.03317260742188,163.80126669928637,159.0578957839696,163.80126669928637,20472928
2016-03-11,159.67852783203125,161.93937337879302,157.41766875666931,159.58986138648757,21869157
2016-03-14,161.14144897460938,162.60435080282812,160.21050529819664,161.76207358268394,14369755
2016-03-15,164.28890991210938,165.08685386108854,161.05277383324704,161.05277383324704,22369600
2016-03-16,164.20022583007812,164.82085033804643,161.0084368482699,164.02290647474427,19237834
2016-03-17,165.2198486328125,167.83534653081142,164.02291921628046,166.68275033870663,21560986
2016-03-18,169.56423950195312,170.22919730392155,164.90953488817402,165.66315914184537,21144216
2016-03-21,174.4849090576172,174.92821420586895,171.11578722518382,171.11578722518382,20678069
2016-03-22,175.10556030273438,175.7705181266688,172.44572900699666,174.4849357061159,16728809
2016-03-23,174.30758666992188,175.19419695099248,173.15499059881023,174.57355893136364,13362780
2016-03-28,166.94873046875,175.77050068518687,166.3724256280319,173.59830804826527,19760603
2016-03-29,168.01268005371094,169.56424833916736,165.48583486309832,167.1260696048787,16804848
2016-03-30,175.14988708496094,175.81484488442655,168.89928106426402,170.45084926301712,20709407
2016-03-31,172.2240753173828,176.2138222359322,170.5395209187692,175.41587826366293,30132473
2016-04-01,173.46533203125,174.8839141864082,170.22920924608556,171.73644433056486,21752206
2016-04-04,172.623046875,175.06122554139435,170.71683987453227,174.92823938921342,15732565
2016-04-05,163.44664001464844,172.490063796331,162.51569634698959,171.913758893208,36635637
2016-04-06,163.00331115722656,164.46621275955087,161.54039602630252,164.02290760386475,16350631
2016-04-07,161.31874084472656,164.59919623813636,160.47646376823747,162.9589753057312,19430601
2016-04-08,162.3383331298828,163.091943683181,159.7671554311648,161.0527375162248,15805231
2016-04-11,166.90438842773438,167.48067970940494,161.3630740709039,163.00330853196553,18990364
2016-04-12,166.50543212890625,168.67762485495822,165.17551655843351,167.1260566894067,14563344
2016-04-13,170.14053344726562,171.82510135510668,169.16527010666417,169.8302279187748,17573045
2016-04-18,165.57447814941406,169.78587719203637,164.55488168737705,169.74154397007825,13985439
2016-04-20,166.06214904785156,167.259065103471,163.22499815883197,166.99309277684617,20163005
2016-04-21,172.31271362304688,175.01686415877515,168.45595348703557,168.8992586277909,31008152
2016-04-22,177.45506286621094,178.651992295512,169.83022168440664,171.64777567650796,34049763
2016-04-25,174.70657348632812,179.58293044797918,173.59831054049832,178.16434846587688,23835613
2016-04-26,178.1643524169922,178.56332438061875,172.49005141994598,173.73130053536212,21809451
2016-04-27,173.90863037109375,178.12002991209317,173.3323390032397,178.12002991209317,22801603
2016-04-28,170.27352905273438,175.72617757013614,169.51990480560036,174.4405952032025,24555479
2016-04-29,167.5693359375,172.00238715277777,165.3084771119886,170.14050023092165,21021661
2016-05-02,164.90953063964844,167.08172336439677,164.4662254497569,166.32811265874165,14469844
2016-05-03,163.18064880371094,167.87968668639044,162.8259965222514,165.79614680969445,16247931
2016-05-04,159.5455322265625,163.4909456389233,158.83624122995144,162.6930017231112,17826594
2016-05-05,159.90017700195312,161.9837031417253,158.25994249463045,159.8115105583033,17742028
2016-05-06,163.44664001464844,163.9785981614523,159.67854564489724,160.43215640168648,18336962
2016-05-09,167.3033447265625,167.92396917083013,164.06722285592534,165.3528049608936,13863696
2016-05-10,168.01268005371094,168.7219711184971,165.5301680912603,166.3281256123704,13845979
2016-05-11,164.02293395996094,167.12607054839265,163.22498996294783,164.37757273005522,18128414
2016-05-12,167.12603759765625,168.0126478766889,164.3775403212153,165.88478861845022,17398341
2016-05-13,163.8899383544922,166.63842248576788,163.40229992727518,166.63842248576788,15546644
2016-05-16,156.7527313232422,164.02293435656975,155.28981595371164,164.02293435656975,30937008
2016-05-17,156.7970733642578,158.34864174942845,155.37849114351786,158.2599752874062,22183140
2016-05-18,159.5455322265625,159.98883740836933,153.87123131087512,156.84136791182067,25345278
2016-05-19,153.1175994873047,160.47646784561357,152.4083085259135,160.47646784561357,25480517
2016-05-20,151.9207000732422,154.89083684733927,151.21140903528124,153.8269070546985,16720624
2016-05-23,149.30519104003906,153.11761859576745,149.12787165971247,152.7629798351143,16193112
2016-05-24,150.28045654296875,151.07840045830537,147.53195900596393,149.6598319945291,14816798
2016-05-25,155.2454833984375,155.8661079605123,152.00934738491756,152.05368060976593,18900887
2016-05-26,163.26930236816406,164.46623183880885,153.82690686810423,155.24548894230537,30700988
2016-05-27,173.6869659423828,179.44993334309672,160.91978203531846,163.13630795866996,85585820
2016-05-30,176.30245971679688,180.77983081115184,172.53436602407487,177.49937547850195,46075949
2016-05-31,181.71078491210938,182.37574266138176,173.95294450393175,176.25813677951598,39457647
2016-06-01,175.77052307128906,184.6809608683913,174.30762122892088,182.59742088334383,41868032
2016-06-02,177.80972290039062,179.36129113943662,173.37667078883067,175.41587746586853,23499884
2016-06-03,176.59707641601562,181.58238459483024,175.5191586090667,180.54939602051417,24568749
2016-06-06,178.6630401611328,181.98659697273104,177.0461909845959,177.3605722327922,23623536
2016-06-07,188.7684326171875,189.6666883302482,179.78587548658055,180.05535494175763,66063192
2016-06-08,189.26246643066406,190.3403704905743,186.43296656011293,188.76842307220284,35163093
2016-06-09,188.58877563476562,191.14880978302105,187.10665925817173,188.63369115963383,27858182
2016-06-10,184.99575805664062,189.98107991626966,184.41189733610594,188.0498356502295,25598224
2016-06-13,181.26800537109375,181.98661268174743,179.8307907497864,180.99852591631182,21192525
2016-06-14,186.5677032470703,187.3761415882733,183.06451155407282,183.55855492264786,23918910
2016-06-15,194.06813049316406,195.41551393046032,187.33121330668274,188.4091173152611,48362742
2016-06-16,194.02320861816406,196.26884760680022,191.37335735283193,194.02320861816406,48122379
2016-06-17,191.732666015625,195.37060414440012,190.07090128460968,194.69691240597118,26486677
2016-06-20,193.9333953857422,194.65200266935673,186.74734996218464,186.83718101249667,32633757
2016-06-21,192.22674560546875,195.37064097752082,191.46322267545196,193.12500142605506,18960306
2016-06-22,191.23863220214844,193.34953857033528,189.9361641841646,192.2267189502985,16395548
2016-06-23,195.41549682617188,195.81970908072233,191.10386746295265,191.3284313495131,20666649
2016-06-24,189.75650024414062,190.74458691136107,181.89676354763776,184.95082718147592,47224652
2016-06-27,195.05621337890625,196.583258983888,189.12773417700723,189.35229809464644,29021651
2016-06-28,193.9333953857422,196.4035985000901,193.48426754676984,194.69691819451276,21784062
2016-06-29,195.1011505126953,196.53836522728676,194.1130773894221,195.72992681046833,18019568
2016-06-30,196.53834533691406,199.3229297184692,195.72990700191244,197.61624941062232,30600995
2016-07-01,197.2569580078125,198.51451051042872,196.6281680502101,198.33486211095416,15346865
2016-07-04,200.31101989746094,201.52367056769864,199.41276420285348,199.72715917848376,16534518
2016-07-05,200.76014709472656,202.24226350351228,199.00855123717236,200.53558317180182,15357018
2016-07-07,197.66114807128906,201.74821380392066,197.03237189079792,201.11942391713674,12917872
2016-07-08,196.08920288085938,198.3797574331852,194.47234003767096,197.75096753962262,16017389
2016-07-11,201.8380584716797,202.5117502647803,199.41277075777646,200.84998539890893,15831791
2016-07-12,203.6345672607422,204.08369511694423,201.34401245285295,202.10753529091417,19374179
2016-07-13,204.53282165527344,205.25142896182535,201.1643627554623,203.9040454019009,18377333
2016-07-14,208.3953094482422,209.15883222830698,203.00577558320145,203.9040312273749,21208021
2016-07-15,207.94618225097656,210.55111814438933,207.31740603942453,209.20373467408064,15068302
2016-07-18,205.4759979248047,210.057107623351,204.98195453279757,208.75462585179736,11816985
2016-07-19,206.239501953125,208.53004288704517,203.90403178932027,206.59879872926723,19767339
2016-07-20,207.63180541992188,209.06902006291517,205.8802094968513,207.18267755727328,18051608
2016-07-21,202.69137573242188,208.48513546251885,201.56855620430898,208.08090946736374,13306837
2016-07-22,200.76014709472656,202.9159552722865,199.50259460886562,202.46682742643702,12341622
2016-07-25,206.50897216796875,207.4970588832637,200.04153411286603,200.31101355397317,18427070
2016-07-26,203.6345672607422,208.57497367896454,202.91595994956006,206.59881385293448,14162638
2016-07-27,205.92510986328125,207.49705726681773,203.72438623958888,204.57772637453567,17626617
2016-07-28,207.49703979492188,211.22479498404525,205.97000804418312,206.73351706640625,26838284
2016-07-29,206.0598602294922,209.024106897733,205.16160449404316,206.59881915327955,15577230
2016-08-01,204.1735076904297,208.9791670930421,202.37699642822847,207.31740239928186,16071228
2016-08-02,204.84719848632812,207.4072187995987,204.17350676605272,205.97001802012042,16145066
2016-08-03,203.5896453857422,207.0479352531828,202.82613627778235,205.25142388439164,14838944
2016-08-04,202.69137573242188,205.43105812227594,200.49065219857923,205.20649421665337,17810908
2016-08-05,209.06903076171875,210.10201941615432,203.81422901730565,204.21845507941075,21264296
2016-08-08,209.51815795898438,211.89853026249543,208.12585877684032,210.14693425554432,16972827
2016-08-09,211.22482299804688,213.7848572331464,208.97918374139618,210.41639834817036,19854185
2016-08-10,207.94618225097656,212.79675726157052,207.54196995114265,212.66202439705702,16279843
2016-08-11,204.0387725830078,208.03602133096874,203.0956150824088,207.94619028029553,16673286
2016-08-12,218.5456085205078,222.72249192772932,201.56856803521154,203.90403827328208,86616475
2016-08-16,221.64456176757812,222.67755018995572,217.96170845022002,220.29717841336793,27709873
2016-08-17,221.19546508789062,224.38427554919826,219.4438692223621,221.37511348578948,18294050
2016-08-18,223.126708984375,224.92322037299735,221.46494417367586,221.77932544290826,14314950
2016-08-19,232.1990966796875,233.5464802194149,227.7078182139295,229.05520175365692,39822529
2016-08-22,228.8755340576172,233.90575729134378,228.15692682242968,233.3667984383799,19769886
2016-08-23,228.83062744140625,229.77379861765408,225.46216874501656,228.96536030674443,17583721
2016-08-24,228.5162353515625,230.13311199369568,227.7078107367896,229.01027870783201,11560293
2016-08-25,224.69866943359375,229.549258686941,223.3063839919938,228.96538422812316,21230706
2016-08-26,221.50987243652344,225.19271277118696,220.8361806270526,224.8334159553205,16531983
2016-08-29,223.7105712890625,224.4291785468369,219.39894144870942,220.83615596425827,11786129
2016-08-30,226.58499145507812,227.16885215470455,224.38426781748674,224.6986490764034,15323228
2016-08-31,226.8095703125,229.77381694299157,225.6418351300282,227.4832621055074,15601566
2016-09-01,226.36045837402344,228.92049285005743,225.5969354723865,226.31554284340442,12175873
2016-09-02,228.69590759277344,229.23485279109488,226.0460423024228,226.36043728116434,11380257
2016-09-06,233.6363067626953,234.8938592263225,229.95345300932527,231.03137078534158,16620963
2016-09-07,239.65460205078125,242.79849689918964,233.9057712390663,236.15141041650085,30862337
2016-09-08,241.0469207763672,243.96625177955337,239.74443905606418,240.7325258011987,14339143
2016-09-09,237.2293243408203,241.0918126983553,236.5556325985116,241.0918126983553,11455826
2016-09-12,227.03411865234375,232.4236526262866,226.18077851439486,231.30083304838186,18989750
2016-09-14,231.34573364257812,231.7499596535203,227.2586813656614,229.05519268080496,12754966
2016-09-15,229.9534454345703,232.06435168572534,228.3365825300998,232.06435168572534,7783662
2016-09-16,228.42642211914062,235.34298811248541,227.61798378352748,231.70506357425506,18013477
2016-09-19,229.63905334472656,232.0194253544532,229.23484104013252,229.95344830735172,11433295
2016-09-20,228.56117248535156,230.31276845382686,227.8425651452272,230.31276845382686,9914599
2016-09-21,225.596923828125,230.1780335889001,225.14779595770764,228.6060860424393,12817180
2016-09-22,231.66012573242188,232.15418278551186,229.14502088744567,231.66012573242188,20797370
2016-09-23,228.65098571777344,232.46855864534393,227.9772939588562,232.46855864534393,12730223
2016-09-26,226.04603576660156,228.56115440492982,225.14778008907675,228.1120265661674,8800173
2016-09-27,223.66566467285156,228.06711202927764,223.03688843711842,227.39342026821484,11345387
2016-09-28,227.93238830566406,229.77381526771748,222.8123334573967,224.56392936518625,17277539
2016-09-29,222.09371948242188,230.6271485424138,218.72526064295135,229.05520108399423,27870695
2016-09-30,225.686767578125,226.80958731731965,220.79127625649545,221.7344475786781,14826293
2016-10-03,229.3246612548828,230.53729811137885,226.94427565131423,227.25867059908705,9314647
2016-10-04,233.32191467285156,235.34298996838154,227.97729607704215,229.77380745084662,21532806
2016-10-05,234.30999755859375,237.94792206570017,233.14224873726732,235.34298609902996,20868556
2016-10-06,230.67205810546875,235.34299881803798,229.63906950920511,234.7591380821141,11081154
2016-10-07,232.37875366210938,233.4566440225834,229.27976062399773,231.07627197070877,11934100
2016-10-10,230.49241638183594,233.8159459994719,229.9983593029711,232.96261953839527,9399844
2016-10-13,224.24954223632812,229.36961097023024,220.8361813554534,229.0103004468837,18050638
2016-10-14,226.45025634765625,227.75272430752585,223.75548937980452,225.46216964359317,12133951
2016-10-17,227.43832397460938,230.3576684938038,226.36041995418145,227.93236731497439,16865537
2016-10-18,230.7618865966797,231.48050761279413,227.97730211728188,228.96537517527682,20218355
2016-10-19,229.41448974609375,231.7499599411969,228.9204600988509,231.7499599411969,9546481
2016-10-20,233.72613525390625,234.35489777254213,229.32467426681154,229.68397105068738,14179531
2016-10-21,232.1990966796875,233.32191629612697,230.04328849864132,233.32191629612697,8833390
2016-10-24,236.1963348388672,237.94791691405302,232.91767977649297,232.91767977649297,14483254
2016-10-25,234.8489532470703,237.6335238627045,234.22016332010224,237.1394942147919,9079178
2016-10-26,232.4236602783203,237.903025481409,230.67205071408608,233.90577668743254,15020687
2016-10-27,229.41448974609375,231.83979098958304,228.4264167453144,231.7499599411969,10938008
2016-10-28,231.7499542236328,232.46854776781876,228.15693167753,229.86361190441153,11430184
2016-11-01,232.6033172607422,234.35489937382536,230.40257989901093,230.8517077350714,10000632
2016-11-02,225.50709533691406,229.95345829311984,225.0579674886853,228.24677795236826,13716294
2016-11-03,220.65650939941406,227.07904594155346,219.93791579736003,225.59691579815464,12902390
2016-11-04,218.1414031982422,222.22845568639408,215.85084841179042,221.19546710931502,12657669
2016-11-07,226.98919677734375,228.06710080071636,220.52175893081477,222.76739802379657,11224419
2016-11-08,226.9442901611328,228.24677185121556,223.35126747134615,227.88746135846057,9367228
2016-11-09,233.54647827148438,234.48963577639168,211.09008612999548,211.09008612999548,31761606
2016-11-10,252.67930603027344,255.284269372666,238.26231366159095,239.83426106557883,50227559
2016-11-11,245.22378540039062,259.41621329735676,242.97814633994747,250.38875523940985,57937113
2016-11-15,249.89474487304688,254.61058726347483,243.15782717243547,247.1550485605786,48658808
2016-11-16,248.9964599609375,255.8231804997326,248.05327514597772,255.10458699435998,27532708
2016-11-17,249.2210235595703,253.48773759750165,247.55924524122742,249.7150531673494,19500760
2016-11-18,247.73892211914062,251.51160719205737,246.8855956137214,249.8498285905919,13389671
2016-11-21,231.1660919189453,249.35576843084613,229.81870847361935,248.95154243221376,26002028
2016-11-22,231.1660919189453,235.92683579406258,225.5968960465634,234.26505739564325,25631435
2016-11-23,232.3338165283203,233.86086208611906,228.83062500390835,233.3668050350257,16190033
2016-11-24,235.11843872070312,236.24125838985643,228.651000167639,231.57031760114282,28927720
2016-11-25,234.3998260498047,237.58862268603795,232.06435584523166,236.6903670237089,19303589
2016-11-28,227.75274658203125,231.52541796473696,222.7674244626761,227.66291552513317,22315183
2016-11-29,226.98919677734375,230.40257093993478,226.3604205725675,228.38149575625113,12656706
2016-11-30,232.06434631347656,233.68119547422384,226.9891938059967,228.15692886031997,16501691
2016-12-01,229.63905334472656,234.44472659460467,228.74079768727597,233.23207597452895,12986151
2016-12-02,228.24679565429688,234.8040517819564,227.2587088290438,228.1120490656013,21139754
2016-12-05,230.7618865966797,231.5703112537932,227.43834320834327,228.5162473199261,8406973
2016-12-06,232.73805236816406,233.68120986792985,230.2678492460663,232.19909347718877,10048459
2016-12-07,229.59414672851562,236.01666906254323,226.04602599070438,233.8608610122343,22193202
2016-12-08,233.45664978027344,233.99560868009652,231.79487126106412,232.1541954693384,9047721
2016-12-09,239.51986694335938,240.01392400532856,232.4685545096207,234.2650658347726,16004173
2016-12-12,236.8251190185547,241.94518767240567,235.61246829394898,241.5409616266739,14296268
2016-12-13,239.07073974609375,239.60969862758614,234.9387582047688,237.94792016489606,9084137
2016-12-14,236.1514129638672,239.16057497660688,235.61245407295164,238.93601105644103,8672531
2016-12-15,238.39703369140625,240.28337595713833,232.6482032631732,233.45662783060527,12274497
2016-12-16,237.81317138671875,239.25038583701206,236.28612589342228,239.25038583701206,11017555
2016-12-19,234.75912475585938,237.58862463286368,234.30999692101463,236.5556360952383,8371299
2016-12-20,228.65098571777344,236.15141240994248,227.48325059439142,235.20825491249346,12765309
2016-12-21,229.36959838867188,231.74997051023215,228.24677876410678,230.04329016341092,8778450
2016-12-22,224.38426208496094,228.3814969501053,223.08179414548155,228.3814969501053,12981595
2016-12-23,223.8004150390625,226.18080100469058,222.58777799812296,224.33937397256565,10557157
2016-12-26,219.35401916503906,223.0368726812001,218.8150740180377,222.7673932545529,8592983
2016-12-27,223.44110107421875,224.51900515221246,218.36596194942243,219.71334547348806,8756536
2016-12-28,222.54283142089844,226.8095456459207,222.0038725625889,223.89021486037916,11747088
2016-12-29,222.4530029296875,223.53092065868194,220.5217587934435,222.4530029296875,10658616
2016-12-30,224.7435760498047,226.62991852457358,222.09372444480604,222.54285230010393,10538497
2017-01-02,218.8151092529297,227.8425687020669,217.91685349032537,226.80958005759004,25988990
2017-01-03,219.98280334472656,221.33018682059782,216.56944283755422,219.17437874172123,15963085
2017-01-04,218.18629455566406,221.33018936889434,217.55751833427672,220.79124419611676,11225978
2017-01-05,220.3870391845703,220.88106884939492,218.90490907121412,220.07264421032363,11970913
2017-01-06,220.88107299804688,223.66567117389422,220.52177619755435,220.97090405131718,12354302
2017-01-09,221.91407775878906,223.08181293284613,220.97090651411625,221.33020331861326,8329253
2017-01-10,223.03688049316406,223.66565670650195,221.33018653548294,222.49792162099243,9352013
2017-01-11,226.4951629638672,227.4383341638557,223.66566307019554,224.24952377641543,13415303
2017-01-12,225.686767578125,228.5611833692042,225.05799126543513,227.1688841513437,11282323
2017-01-13,225.3723602294922,226.89940595622764,223.7555108586109,226.36044702840397,9333736
2017-01-16,229.72889709472656,230.31275782183374,225.19270303253566,225.50709801254374,13234727
2017-01-17,229.9534454345703,232.33381741455923,228.51623091808688,231.2559270866368,9480201
2017-01-18,232.06434631347656,232.91767271008743,230.49239896896648,230.94152678168365,8048897
2017-01-19,232.10926818847656,235.34299420201432,230.40258783517814,231.03137779235635,13029151
2017-01-20,225.50709533691406,233.99560892717858,224.83340356457094,232.1990975342636,15341756
2017-01-23,228.29168701171875,229.2348582641677,224.65376229073576,225.4621869606665,9339939
2017-01-24,228.96536254882812,230.85170491979528,228.15693793629572,229.14502464609635,13540202
2017-01-25,232.827880859375,234.44473010193954,228.3365887986379,229.54923943685512,16343545
2017-01-27,239.34024047851562,240.91218794201194,233.0973524441664,233.81594603387225,18039379
2017-01-30,237.09461975097656,240.6427135693987,236.60056263347622,238.8013002191813,11884795
2017-01-31,233.86087036132812,237.00476522238378,233.23208042408191,234.5794639359629,8899165
2017-02-01,243.15782165527344,244.23571201536134,234.9836895481487,235.34298633484468,27253142
2017-02-02,245.49327087402344,247.0203165230193,241.36131660043637,244.19081656172781,20139955
2017-02-03,249.3108673095703,250.20912304105872,244.32555896484547,245.22381469633387,15366890
2017-02-06,248.86170959472656,253.75721370919507,247.9185521548242,251.51157464982165,14725291
2017-02-07,249.62525939941406,251.51160189615305,248.18804476320395,249.58035757839684,10981984
2017-02-08,248.9964599609375,250.8378729513205,244.86447877358225,249.80488450762795,13622088
2017-02-09,247.7838134765625,251.78103446085277,243.29253546325734,250.43365105686124,16080181
2017-02-10,248.2329559326172,254.0266884642693,247.02030531491744,250.3887640237572,37580487
2017-02-13,244.01113891601562,249.93963161749232,242.708684686675,249.53540561480133,19853043
2017-02-14,242.70867919921875,245.22378396718105,240.822336916954,244.32552834825364,13306738
2017-02-15,241.58590698242188,244.77470408900354,239.8791990421869,243.38241857206594,12201568
2017-02-16,242.97817993164062,248.81684229598687,242.2146570630158,248.81684229598687,21794688
2017-02-17,241.9451446533203,245.80763266149768,240.4630284368143,243.56199372358415,17830528
2017-02-20,242.21463012695312,243.92131037652544,240.73251378949786,242.43919403907017,9229363
2017-02-21,243.15782165527344,243.8764152286654,241.31638107800163,242.52903171911476,7754157
2017-02-22,244.59500122070312,246.750836699233,242.0798963792007,244.23570444514374,12617613
2017-02-23,242.93325805664062,245.2237990608553,242.16973525103984,244.05607764941013,13146194
2017-02-27,240.9571075439453,243.83153694007416,240.37324678264767,243.2476487661862,9645350
2017-02-28,241.81045532226562,243.65186861775103,240.7325374730222,241.54096215365996,7941592
2017-03-01,244.10096740722656,245.4932526684338,242.3493579640169,242.52902005501812,7656892
2017-03-02,240.103759765625,246.75087448809174,239.3851661044567,245.22382869237026,14220808
2017-03-03,238.08265686035156,241.5409467085652,237.36406328186547,239.1605746406686,10120034
2017-03-06,242.394287109375,242.84341492413665,239.25039240604352,239.47495631342434,9515073
2017-03-07,240.55288696289062,243.33748536391732,239.2953343531792,243.24765430338272,11599142
2017-03-08,242.43919372558594,242.79849050199127,238.9360021836068,240.5528513837243,9122987
2017-03-09,245.44834899902344,246.03220967149016,241.09180374470287,241.63076260105143,15594429
2017-03-10,244.37045288085938,247.51434783936196,242.07991180470006,246.5711903168466,9557026
2017-03-14,246.70591735839844,250.07437616288937,245.94239454686291,250.07437616288937,15734886
2017-03-15,249.1312255859375,251.96072557782313,244.90941280195096,244.90941280195096,20055974
2017-03-16,250.88282775878906,251.6912798888311,247.96349648112192,249.71510621275854,18005184
2017-03-17,246.25680541992188,251.06247910717465,245.67294467195802,251.01757728525038,14265642
2017-03-20,246.03224182128906,246.79576468317262,244.1458992838679,246.79576468317262,9678185
2017-03-21,244.63995361328125,248.86173909785384,242.6637800417183,246.4813668952367,11898233
2017-03-22,240.2833709716797,243.42726554514093,239.65458109195336,242.7984756654146,9887203
2017-03-23,241.18167114257812,241.99009584266088,239.5648217424126,241.63079902180078,7998170
2017-03-24,248.3677215576172,250.56845916936658,241.31640824787556,242.07993113843702,20133467
2017-03-27,251.01759338378906,252.23021677941034,247.20000624734354,247.91859991975554,15966114
2017-03-28,253.39791870117188,254.11651224012502,250.16419295071006,252.09543707265968,18673371
2017-03-29,259.1018371582031,260.4042913224741,254.34106606054345,254.34106606054345,31008407
2017-03-30,261.43731689453125,263.8626183087022,259.46117075390043,259.5959036296679,19683170
2017-03-31,263.5481872558594,264.9854016967316,259.1467403034138,262.2906348998157,20185269
2017-04-03,263.3236389160156,265.61420727629604,262.4703124941201,264.80575525938116,10509610
2017-04-05,267.0963439941406,268.3538965204214,260.17976398071255,263.45839187827687,21936647
2017-04-06,263.05419921875,267.2759847536455,261.7966466639426,265.3896696277293,18413111
2017-04-07,260.0001525878906,264.80579919359997,258.38327569839015,262.02122814032253,10765502
2017-04-10,259.9103088378906,260.80856459512364,257.39517627008405,260.3145074810913,10307875
2017-04-11,264.53631591796875,265.1201766675278,259.4162472254883,259.86537509631677,11682024
2017-04-12,260.6288757324219,265.3896472047518,259.6857182491519,264.0871655253909,13251421
2017-04-13,261.88641357421875,263.2787262249459,260.49412833607755,260.71869223981554,9944020
2017-04-17,260.404296875,262.9643308560302,259.1467444985985,261.4822145762504,8146800
2017-04-18,260.7636413574219,266.6921349740366,259.05696086194257,261.4373331908419,13457050
2017-04-19,255.14952087402344,262.06610073594584,254.11653230051257,261.88643863073156,18149995
2017-04-20,255.8231964111328,257.70953874579186,253.48775366712206,255.0147718141609,14514929
2017-04-21,253.48776245117188,257.79937872615614,250.83789724487488,257.79937872615614,12042308
2017-04-24,256.946044921875,258.56292171061557,252.32003331710894,254.4309398006206,10077853
2017-04-25,256.946044921875,259.4162482209101,256.00288735455206,258.2485267173113,11531902
2017-04-26,257.3053283691406,260.04499699245525,254.5207305181378,257.88918902840277,13836891
2017-04-27,253.35299682617188,258.6527271269848,252.4547411701137,257.3053436428975,22622372
2017-04-28,260.2695617675781,261.1678173733333,253.75720862585268,254.2063364287303,14152004
2017-05-02,258.96710205078125,262.7397868786899,257.8892116803702,260.71871159500773,9754789
2017-05-03,260.31451416015625,263.3686057431816,256.7214910390356,259.9552173305624,13950914
2017-05-04,268.6233825683594,269.47673653241515,263.27877707468787,264.08720180176687,24534923
2017-05-05,265.8836975097656,273.8781680672373,262.42540744815113,270.37497618391706,34756331
2017-05-08,268.9377136230469,270.1503641315909,263.997307961455,265.97348119112564,11560550
2017-05-09,266.3327941894531,270.2851134773696,265.2099746523981,270.2851134773696,7843574
2017-05-10,264.4914245605469,267.81495448861943,263.1889427185756,266.7819658273616,8699405
2017-05-11,267.77001953125,268.9377409320766,264.49139183269443,265.7938461009107,11934889
2017-05-12,267.5903015136719,271.8121132268821,265.8836215873505,269.47664350069306,13376269
2017-05-15,270.7342834472656,271.2732423914887,267.23109142870163,268.0395161387409,10383539
2017-05-16,276.2135925292969,277.0220170736949,268.8928149903057,271.27318680926066,17533439
2017-05-17,276.3483581542969,277.3813467175531,274.41711389906334,276.66275312900655,14120513
2017-05-18,272.1265563964844,276.57290535538783,271.2732025756653,273.8332366255358,15471393
2017-05-19,276.6627502441406,283.22000576216465,271.27321614847557,273.4739535359073,55250969
2017-05-22,264.356689453125,277.9203584637247,263.3686299341343,277.51615977302674,35771221
2017-05-23,259.4611511230469,265.79384251828805,258.0239365942257,264.9854179122596,19846852
2017-05-24,254.34107971191406,260.8983623502461,252.99369624805516,260.53903816314767,16435958
2017-05-25,260.5839538574219,261.70677335231545,254.70036325662824,255.23932209669422,15018467
2017-05-26,261.4450378417969,263.7562932649734,258.58992181723573,263.30310375764526,12304394
2017-05-29,257.4116516113281,263.6203536699677,256.77717520865207,261.8529034485798,10619968
2017-05-30,261.8075866699219,262.623322259596,254.73781368492965,256.86780992387907,9643418
2017-05-31,261.3091125488281,264.2095370558358,260.31211755626117,261.94358905364174,10697171
2017-06-01,260.5386657714844,264.1188463785066,257.95547997876383,260.99185529089175,12186700
2017-06-02,260.1761169433594,263.3031359909267,259.5416681517269,262.759302983459,12004368
2017-06-05,260.3573913574219,262.62333906288245,259.90420181632976,261.0824835589715,7917410
2017-06-06,260.4026794433594,265.5237429966321,259.76823073037775,264.6626718698449,12346121
2017-06-07,263.3484191894531,264.2094903422443,260.31207153175325,261.21845057237846,10864355
2017-06-08,261.58099365234375,264.6626768229785,260.81056594456186,264.6626768229785,8370299
2017-06-09,261.5356750488281,262.3061028065242,259.0431325542489,261.30908027659365,10804887
2017-06-12,258.2727355957031,260.130801686408,257.6835670523379,259.90420691141986,10326846
2017-06-13,257.2757263183594,260.13081509831477,256.50529851157864,258.68060293152104,9171049
2017-06-14,257.59295654296875,259.4963305634302,256.1427444212636,259.1337844481278,11566255
2017-06-15,257.4116516113281,259.04312284607573,255.00975264775778,257.2757002851814,11925641
2017-06-16,259.1790771484375,259.81352583019486,256.7318428688977,258.04610343763034,19246907
2017-06-19,261.8075866699219,262.71396569411377,258.5899245377451,259.7682338654902,14848661
2017-06-20,262.9405822753906,263.75631793277444,258.8618763279766,260.6746345268273,14927701
2017-06-21,263.6656494140625,265.0705534808514,261.26375056112374,261.26375056112374,10537576
2017-06-22,266.9286193847656,268.1975444711346,263.80160072505953,263.98288759189467,26110402
2017-06-23,261.8982849121094,267.88036559525654,260.8559266877594,267.15527328835947,20648597
2017-06-27,253.4689178466797,262.35144990556273,250.88573179740004,262.1701630155973,25523129
2017-06-28,250.52316284179688,252.38125648283415,248.12126390142512,251.6108287614525,17241351
2017-06-29,246.94300842285156,253.15168342019052,246.21788851259922,251.20297379603687,30457363
2017-06-30,248.03062438964844,249.0276468883612,244.45044369673988,246.53510447182617,12235472
2017-07-03,249.11827087402344,249.70741168528423,247.033582601227,248.438486631686,8951033
2017-07-04,247.44149780273438,250.56851680619786,246.5804265813472,249.25425602839545,7856082
2017-07-05,249.16358947753906,249.79806586187712,246.85233401836558,248.25721044876627,10048734
2017-07-06,254.69253540039062,256.2333909848049,248.89171450344176,249.29956851543665,16115817
2017-07-07,253.87677001953125,255.9614307094259,253.06103443046342,254.3299595312903,5914038
2017-07-10,258.8165283203125,260.1307890154241,256.68655966757063,257.5022952856945,2095795
2017-07-11,257.0037841796875,262.578037804292,256.50528673609455,260.58399270893,12400820
2017-07-12,260.7199401855469,261.39972450429616,256.6865698239312,258.04613846142985,7524835
2017-07-13,261.7169494628906,262.8499232700893,259.72290449802364,261.8529007876558,8434324
2017-07-14,264.3001403808594,266.1128985073941,260.3573859235476,261.7622624074145,13750192
2017-07-17,265.5690612792969,266.56608376500384,262.5326859339366,265.3877744053525,10549310
2017-07-18,263.75628662109375,268.65072764485075,262.84990762926867,264.52671429624337,11913832
2017-07-19,265.8409729003906,266.4754493201125,264.1188581817813,264.2095016218122,9006728
2017-07-20,263.71099853515625,266.70203836854995,262.8952352528727,265.56906454370477,6256500
2017-07-21,263.4390869140625,264.84399115285623,261.2637825481028,263.8016330316398,7266604
2017-07-24,266.97393798828125,268.56010132503843,263.4844007758101,263.5750165523729,11195781
2017-07-25,268.37884521484375,269.46648349061536,267.0645845135642,268.2882017767393,10846999
2017-07-26,268.10693359375,271.59649875036945,267.6084361401597,268.5148152634117,12527914
2017-07-27,270.4181823730469,271.7777508840622,268.46947303935667,269.19456518103465,22286060
2017-07-28,271.0979919433594,272.59351191302767,267.9256651214289,269.19459031810214,15766196
2017-07-31,283.2434387207031,284.467055908075,270.1009431640625,271.36986823743285,41547584
2017-08-01,280.0711364746094,285.32812408857575,279.11944950224296,284.6030318868199,14888804
2017-08-02,278.8927917480469,282.60892301843364,276.7174603130549,280.9774521026779,17005571
2017-08-03,272.4122009277344,278.6209026905589,271.0979679569418,278.2583566179435,14459919
2017-08-04,276.6722412109375,277.6239282737542,269.7384461033525,272.185653262237,9615344
2017-08-07,282.065185546875,282.6089908757079,276.5815754235209,277.1707163034198,11420767
2017-08-08,275.22198486328125,282.6089683702815,273.0013728527312,281.8838762159167,13578680
2017-08-09,273.9983825683594,278.666256920399,272.0043652050408,274.40626421520557,15852734
2017-08-10,268.9226989746094,274.089043420069,264.6627059987867,273.0014050602071,14519518
2017-08-11,253.92205810546875,274.6328227099152,251.47485152910042,266.9286016107922,67652562
2017-08-14,252.15469360351562,255.96146948264933,250.61383796592781,255.1004258761712,23773509
2017-08-16,256.5959167480469,257.32100892995595,248.52914866721048,252.92506496833636,21074533
2017-08-17,254.5565643310547,258.0461292413837,253.78613659856742,257.2303659596362,12134114
2017-08-18,252.60787963867188,253.4689232330656,250.16064487461296,251.9734031708058,12653217
2017-08-21,248.93701171875,254.3752862627336,247.75872996508477,252.87976629523706,9247153
2017-08-22,248.25721740722656,251.06699800727677,245.8100105572424,250.16061895309886,11814388
2017-08-23,252.87979125976562,253.5142677500644,248.52918225928047,249.02767974415988,11317821
2017-08-24,254.0580291748047,255.10038718002667,251.5201789736817,253.51422388920167,14138226
2017-08-28,253.19700622558594,255.68954874180963,252.87976800960394,255.68954874180963,10505317
2017-08-29,251.06700134277344,254.5565662798169,250.2059301656674,252.38126205298914,10335964
2017-08-30,250.70445251464844,253.10635148184022,250.1606195487481,251.97337766142016,7648702
2017-08-31,251.74681091308594,253.3329744381909,248.5291759692146,250.93107520370276,14222467
2017-09-01,251.83741760253906,254.1486730518551,250.70444382140516,251.65613073336056,8255209
2017-09-04,251.74681091308594,253.42361788601053,250.52319351876278,252.83447696592805,7168751
2017-09-05,250.6591033935547,253.33293252916854,250.11529811759243,252.06400745110298,9565430
2017-09-06,248.574462890625,250.74976715228183,248.0306299100872,250.1153183920664,7306781
2017-09-07,248.5291748046875,250.97638192137026,247.53215220433674,249.61681319193653,16102724
2017-09-08,246.35382080078125,249.61679099334336,245.71937204643208,249.1636014571679,7077895
2017-09-11,245.5834197998047,247.8946753614635,244.31446697486084,247.07893973149532,14489224
2017-09-12,247.849365234375,249.8433825717938,245.1755359408777,246.5351045320471,8375133
2017-09-13,247.80404663085938,250.70447088789402,246.98831095247326,249.2089508674369,10150073
2017-09-14,248.5291748046875,249.79810008672632,246.80703228567413,247.80405488602486,8015217
2017-09-15,246.0819091796875,248.8010462976951,244.6316971846515,245.4021249001856,18404860
2017-09-18,245.08485412597656,248.34782376594822,244.2238107493591,247.4414448470944,17538678
2017-09-19,242.72830200195312,245.4474391908943,241.50471239532467,245.13022864724627,14331316
2017-09-20,244.76763916015625,246.58039716959416,242.41107587628065,243.04552458328865,12355806
2017-09-21,243.36277770996094,245.99127145294185,242.32044732263157,244.4957515354263,8509419
2017-09-22,237.33535766601562,242.36575028462622,236.6555733845551,242.22979896043276,12860892
2017-09-25,234.5255889892578,237.29003414309759,230.5828344248757,237.0181314809311,13937050
2017-09-26,234.07237243652344,235.34129748104135,232.03301972410455,234.29896718234775,11728345
2017-09-27,226.95729064941406,235.56789094384044,226.14155510098772,235.56789094384044,17080769
2017-09-28,228.90602111816406,229.8124001256957,226.14156237914335,226.8213466347921,17776419
2017-09-29,230.08433532714844,231.57985527924032,229.35922929603677,230.85474924812868,10073641
2017-10-03,227.77305603027344,232.3955808465208,227.13859346689597,232.3955808465208,10547836
2017-10-04,229.49517822265625,230.80942511076805,227.81838523790913,228.09028789526207,14063896
2017-10-05,228.0449676513672,230.31091520819618,225.86964969866358,229.94835530095574,13476692
2017-10-06,232.71282958984375,233.7551600033274,228.49817238545668,228.54348027541465,11932139
2017-10-09,232.803466796875,234.38963014985674,230.44687571177482,232.75813124763644,8009211
2017-10-10,232.8941192626953,234.02709313017195,231.76113156497127,232.80347582119822,9742878
2017-10-11,228.18093872070312,234.2536897627709,227.00264312312666,233.0753803349469,14192548
2017-10-12,227.68243408203125,229.26859755529614,225.23521320361502,228.4075401501448,13404759
2017-10-13,228.4981689453125,231.4439009210878,226.7760404151726,227.5917898758432,15697555
2017-10-16,228.4528350830078,230.85473395733638,226.6853987575353,230.7641043533548,12171830
2017-10-17,227.63710021972656,230.8547487170879,227.18391068010519,228.45284968919339,13505216
2017-10-18,220.92990112304688,224.60073916929466,219.8422489912598,222.9692540564904,20677891
2017-10-19,220.0235137939453,222.28946141283248,218.57330178575884,220.97521455992725,3458869
2017-10-23,222.92393493652344,223.87563574928038,219.6156567824488,221.1564984729733,8901335
2017-10-24,230.62815856933594,231.39858633423145,222.92393624137063,222.9692579622905,17197805
2017-10-25,294.4825439453125,297.3376323832165,253.65017934328208,253.65017934328208,262677081
2017-10-26,290.4945068359375,318.41097255971704,287.7753694864591,299.1051084426189,112804243
2017-10-27,281.9292297363281,293.3043049149978,281.06818612121185,290.2679291636996,27580765
2017-10-30,282.790283203125,292.1713125530201,281.52135797726135,282.790283203125,28530254
2017-10-31,277.1706848144531,284.46705229964005,275.81111632583975,283.6966246239941,16455750
2017-11-01,289.90533447265625,291.35554643372114,280.4336626692727,280.4336626692727,34907283
2017-11-02,284.9202575683594,292.89638207890073,284.1951377379963,290.04129362685995,23110527
2017-11-03,294.5732116699219,296.8391594519982,283.3341162029224,285.9173022065885,26898400
2017-11-06,298.1986999511719,299.1050789783791,291.3555493599545,293.30425873635147,17143407
2017-11-07,287.5034484863281,300.64594483759197,285.96259302232727,298.1534024261454,21883541
2017-11-08,280.56964111328125,289.40683739410963,277.94114723877493,288.2285556208639,20242447
2017-11-09,284.33111572265625,288.22853452786086,279.3460310059794,283.83259065469264,21846178
2017-11-10,302.3227233886719,306.8093107848786,280.52431813270294,285.5094029460466,82984969
2017-11-13,300.05682373046875,312.5195377568294,298.8785418321757,305.22319624559566,38777555
2017-11-14,298.2893371582031,303.3650651366892,296.83912521285106,299.4223109185575,25647162
2017-11-15,294.52789306640625,300.1474267652741,292.08065848657236,297.29233819579747,17389606
2017-11-16,302.1867370605469,302.9118568184312,293.34954227866837,296.7484633486216,22506014
2017-11-17,305.9029235839844,314.24162175032274,304.5433550347222,312.70076633029515,26518142
2017-11-20,301.82427978515625,305.5857480101388,300.2381161526517,305.54044011340955,13507662
2017-11-21,299.6942138671875,303.9995141609925,299.10507304329155,303.63696808940205,14189920
2017-11-22,303.90887451171875,307.8516287830217,296.3859397057097,299.8755044667592,22861716
2017-11-23,303.5916748046875,305.1325025981774,300.6006073341008,304.0901722195385,13338423
2017-11-24,301.2803955078125,305.44974473661284,300.464659881861,304.5433656721125,11716981
2017-11-27,304.2261047363281,305.44972191407635,297.3376188287194,299.0144255048565,13114683
2017-11-28,300.9178771972656,305.17787025793154,300.1927849429166,304.5433937900038,16054996
2017-11-29,298.10809326171875,303.50106020254606,296.5672653218368,301.235112355223,11264624
2017-11-30,290.35858154296875,295.9328080772554,288.6817744949643,295.29833157460575,27276288
2017-12-01,283.4700622558594,292.12597155790746,282.11049361194637,291.4008793453518,16425620
2017-12-04,284.240478515625,286.3704748369817,282.0198387562437,285.23750101290835,13887727
2017-12-05,289.2255554199219,290.6757674071145,279.889834768958,283.2434482605602,15130931
2017-12-06,283.15283203125,287.684727638858,282.3370963539797,287.0502788500903,18658202
2017-12-07,286.7783508300781,288.00196818609936,283.1981698674926,283.2434777597358,12278558
2017-12-08,283.7872619628906,288.9989410573558,282.8808829899402,286.9595883682173,16418832
2017-12-11,288.5910949707031,289.4068306146486,285.60005505607165,286.3704828099902,14014369
2017-12-12,288.6364440917969,290.49451023817034,285.19218681248833,288.00196763862283,17658856
2017-12-13,283.96856689453125,289.0896310448454,282.0198573209449,286.5517529155623,17540585
2017-12-14,284.6030578613281,285.8719831604576,280.52435161809257,284.8749605466784,13894451
2017-12-15,283.016845703125,289.45214220237216,282.3370614460318,288.59107107919056,16050711
2017-12-18,289.04425048828125,293.2135993182589,272.2762393989836,279.16472516236087,32119915
2017-12-19,289.8600158691406,292.0806556574992,288.5910907017189,289.5428053226558,14741481
2017-12-20,287.77532958984375,289.134898076095,286.86895059900957,289.134898076095,9895770
2017-12-21,287.0956115722656,288.40987247633785,285.8719941202842,286.95966022437835,9916409
2017-12-22,289.90533447265625,293.53085054507216,286.8689592299094,287.4127921728703,13821639
2017-12-26,287.4581298828125,289.99600799309917,286.6877021053952,288.7723906596123,9329690
2017-12-27,285.3734436035156,290.3131927289579,283.74194475049904,286.8689634734111,14276027
2017-12-28,279.52728271484375,286.8689582689923,278.8474984535428,285.7812923867138,20353152
2017-12-29,280.88690185546875,282.7903036622178,280.1164740217254,280.9775453054087,11939569
2018-01-01,278.3489685058594,283.47000380997696,277.62384878231416,281.52129468758574,12182400
2018-01-02,274.8594665527344,280.07114646263784,273.1373517667784,280.07114646263784,14797364
2018-01-03,274.49688720703125,277.75985715725665,273.86241083930975,276.71749917307244,13857373
2018-01-04,279.6179504394531,281.1588059631229,274.76881675548685,275.9924340642252,24517099
2018-01-05,277.66925048828125,282.2464540055379,276.9894661445008,282.2464540055379,14580575
2018-01-08,277.1706848144531,280.52429815056286,276.44559268472267,278.439637532219,13557197
2018-01-09,275.81109619140625,280.5242776720633,274.9047172651637,278.7115198195782,15574755
2018-01-10,272.9107360839844,277.21603654934955,271.9137136020117,276.1283706307442,13064599
2018-01-11,273.9077453613281,274.6328374984474,271.91370049351224,272.72943606289437,12298455
2018-01-12,273.9530334472656,276.12833736189526,272.4121781916375,276.12833736189526,17594228
2018-01-15,274.27032470703125,276.67222382071395,273.3186100435375,275.4939420398116,18189668
2018-01-16,268.4241638183594,274.95010437546057,267.65373605445933,274.08903316983793,18040940
2018-01-17,278.3489685058594,279.5272500234478,265.2064743244216,268.2881570831437,26277307
2018-01-18,274.8594665527344,288.0472716083789,272.36692398712836,285.50942115123274,40000111
2018-01-19,280.2977294921875,280.9775137997676,274.17967072396675,275.49393144948596,18461642
2018-01-22,277.8052062988281,279.844559363012,275.5845663425183,279.48201323925633,12622645
2018-01-23,288.3191833496094,290.53979544131346,277.6692294377711,277.71453732639,35252217
2018-01-24,299.0144348144531,300.55529022114536,286.59705876828815,287.95662730578385,38070520
2018-01-25,283.83258056640625,301.59761463923815,282.6542989212687,301.59761463923815,42466150
2018-01-29,282.88092041015625,287.23152899163176,281.8838978759238,283.8326073934494,23600898
2018-01-30,284.19512939453125,288.9989547754903,281.8838739679939,282.83556087056985,25810404
2018-01-31,283.9232482910156,286.959623756953,279.02880676558385,283.69665351983366,16409938
2018-02-01,277.3973388671875,287.68474816246703,276.44565178589414,287.2315585693754,19515991
2018-02-02,269.5118408203125,277.12542000797447,267.8350338915992,274.5422339459563,23274673
2018-02-05,270.1462707519531,272.2762670985728,262.84993030257914,265.2518293060039,18940578
2018-02-06,264.4360656738281,269.4664579155091,256.41460622154693,258.3180075991123,30577218
2018-02-07,265.3877868652344,270.0103257629074,262.84993647382294,268.8320440084296,21463818
2018-02-08,273.1826171875,274.9047317057244,265.16115773679377,265.4783959097409,18932796
2018-02-09,268.6507263183594,272.45752912942487,267.3818012681681,269.1945592428675,15750824
2018-02-12,261.7169494628906,265.02522744781203,258.4539793660598,261.26375994001114,50839665
2018-02-14,250.3419189453125,261.6716577161812,249.25425295911108,261.6716577161812,45641149
2018-02-15,252.60787963867188,255.87082244342184,248.5744813654442,249.07297883269865,26058237
2018-02-16,246.2178497314453,254.87378577470105,244.76763779985615,254.23930941072706,30338112
2018-02-19,243.36277770996094,246.53510442126395,232.6221803124505,246.08191489107782,43847791
2018-02-20,244.4051055908203,248.52914686951686,240.00916166099805,243.81596473971894,33458021
2018-02-21,247.71337890625,248.43849872968212,242.3657481382182,246.71638409733194,23714454
2018-02-22,247.07894897460938,247.98532807747992,244.2238603326662,245.08490388409615,25584062
2018-02-23,250.20591735839844,251.24827535959082,246.98828290221795,247.84935403524838,15482147
2018-02-26,248.75575256347656,253.78614545380952,248.21191957683374,253.78614545380952,15306032
2018-02-27,242.5470428466797,250.06997800711227,241.05152292448452,247.44148425590654,20824909
2018-02-28,242.90960693359375,244.4504625193858,236.38366613088093,239.51068519478414,26810799
2018-03-01,237.60726928710938,244.72235056717994,236.79153365065096,241.3687369211357,22859175
2018-03-05,238.83090209960938,240.19047080226372,234.5256012078707,236.06645680174404,18484565
2018-03-06,232.5315399169922,241.09683321378483,231.1266634192298,240.96088188504882,20778164
2018-03-07,223.55838012695312,231.44388867841448,223.0145610121861,231.17197220590785,31262500
2018-03-08,232.75814819335938,233.8005063153159,221.42842296317318,223.87564383417737,33133336
2018-03-09,229.5404815673828,233.3019488822919,228.0902696364382,232.93940281467872,21536191
2018-03-12,229.17794799804688,231.35325218284862,224.1022197931805,230.31092180893253,25332474
2018-03-13,230.854736328125,237.83385209770643,226.23221157020578,227.77305315617886,37647221
2018-03-14,232.9847412109375,233.70986110161377,226.59477949342124,228.86072728835546,25471485
2018-03-15,229.9483642578125,234.57088915565058,228.90603387316926,232.93941791538236,18339890
2018-03-16,228.67942810058594,231.76111121746658,226.68539703494284,227.18389442866896,25728297
2018-03-19,224.7366943359375,229.85774453215504,223.0599013046297,229.2232681000547,18167594
2018-03-20,225.779052734375,228.63414153662802,222.38013090776508,223.73969963840904,20556571
2018-03-21,224.78199768066406,230.4921882910205,223.96626209214728,228.1809190165612,19533972
2018-03-22,218.9358673095703,224.19286868606235,218.1201178477327,223.87563047919545,26828240
2018-03-23,212.81781005859375,217.21374028416284,210.59718408585812,215.53694728975913,27150262
2018-03-26,223.4224395751953,224.6460568453327,212.31929602632658,212.77248555893348,30373940
2018-03-27,230.5375213623047,231.57985175788326,224.78200875129176,226.59476688638284,31205051
2018-03-28,226.50411987304688,232.21432450476684,225.41646777520597,228.40752141695353,36673566
2018-04-02,223.10520935058594,228.40753260384562,221.97223547854304,228.22625955036824,14993188
2018-04-03,227.04795837402344,229.1326330133673,225.0086054544963,226.18690101849472,19883309
2018-04-04,224.1475372314453,229.31389494438008,222.51605220887473,228.13559943750985,18824449
2018-04-05,235.0240936279297,237.38068486075974,226.59477891643644,228.9513701492665,22880821
2018-04-06,235.38665771484375,236.97282110197747,230.99071365268853,235.34132216462905,24868860
2018-04-09,236.24769592285156,238.15109747664758,233.48325086029823,236.24769592285156,20208874
2018-04-10,238.64959716796875,240.19045264536302,234.29898871255222,236.65557981777533,21201141
2018-04-11,232.9847412109375,238.37770802707914,232.30495687245724,238.37770802707914,14885838
2018-04-12,230.0390167236328,233.3926166039311,228.6341263624917,233.3926166039311,18660913
2018-04-13,227.45582580566406,231.987721174696,226.32285196340607,230.22028474682295,25654020
2018-04-16,225.68838500976562,227.77305960522247,223.96627033496253,226.0056232115568,16408377
2018-04-17,224.91796875,228.86072337791657,223.51309220534347,227.86370083308208,15922452
2018-04-18,223.37713623046875,226.50414149662845,222.33480575183154,226.14159537281935,16142387
2018-04-19,223.10520935058594,225.18988404119435,222.24415197388282,223.9662805575365,13166927
2018-04-20,218.61863708496094,222.83330821605804,217.07779537444858,222.83330821605804,15546939
2018-04-23,219.7515869140625,221.92690482339705,216.89649858147808,219.25307569544964,12111837
2018-04-24,218.07481384277344,220.6126642219251,217.1684347558629,219.34373903234928,9486349
2018-04-25,214.9931182861328,218.21076683521454,214.58525045996694,217.25906602066257,13124853
2018-04-26,211.36758422851562,216.44331226134122,210.73312168197398,216.0807523559987,24495144
2018-04-27,219.88755798339844,222.7879681103589,211.41290852953708,211.41290852953708,31401889
2018-04-30,223.33180236816406,226.32285613287775,221.60968762830478,221.88160412150555,17263193
2018-05-02,218.43736267089844,223.24117465751127,217.30438879812408,222.87861472007498,12887066
2018-05-03,219.25308227539062,220.61265082318405,216.39799385712297,218.39202496117073,12939642
2018-05-04,219.2984161376953,221.06585258165742,217.8482179045521,220.70330648093343,12777310
2018-05-07,223.4224395751953,224.96328122000935,219.3890555010434,219.75160159503014,15122614
2018-05-08,226.6400909423828,228.95136035450165,221.70032773938198,224.78201106870898,23293920
2018-05-09,224.78199768066406,226.41348268794394,223.2411561077733,226.41348268794394,11429823
2018-05-10,224.7366943359375,226.7760473041951,223.2411743579809,225.008610831088,13160967
2018-05-11,226.91200256347656,228.04497638528292,223.01456985041332,224.41946015550258,11958589
2018-05-14,229.8577423095703,231.85177353764718,224.9179652144686,226.5494503393487,18673849
2018-05-15,224.78199768066406,233.3472905113219,222.87859620046314,229.31389279519357,18026861
2018-05-16,220.3407745361328,225.41648942359723,218.0748266854126,222.51607894072498,17222004
2018-05-17,219.97816467285156,222.96921792323664,218.57327455809923,221.33773307482252,11721064
2018-05-18,216.48863220214844,221.1564785743864,215.58225319159766,220.25009956383565,11873041
2018-05-21,221.56434631347656,222.74264179297796,217.80287895263154,220.74861073626198,18780730
2018-05-22,230.129638671875,235.3866538360447,218.43735428577267,220.83925327175396,68713602
2018-05-23,238.55899047851562,244.495762526642,230.4922081804149,230.80943256765778,71202072
2018-05-24,243.36277770996094,244.4504436466052,236.24769655393968,239.14812061132852,34679642
2018-05-25,241.9578857421875,243.27211869930338,237.96979600344304,242.7282857657935,22317308
2018-05-28,246.58041381835938,248.5291509384748,241.14213942286096,242.3657566939469,18959368
2018-05-29,239.5559539794922,245.58339634072877,238.19638550591847,245.1755147344601,16107543
2018-05-30,242.13914489746094,242.90957258140335,235.61323267813634,236.11173006513272,19320209
2018-05-31,244.314453125,249.07294296730487,238.51363294457443,241.8672463738244,31935892
2018-06-01,241.7313232421875,244.5410763959498,239.82792155120654,244.0425789423457,16574717
2018-06-04,238.37770080566406,243.22683447202272,236.83684528758928,242.90959625824323,12933824
2018-06-05,238.87620544433594,240.4170610088738,236.47430631414093,236.47430631414093,14102731
2018-06-06,244.85829162597656,245.99126542367262,237.6525948689254,238.37768703525364,18315171
2018-06-07,244.4051055908203,247.35083750682062,243.27213177697402,245.67403073022945,18773700
2018-06-08,247.44149780273438,248.25723347218278,242.0032231257512,243.7706734599689,14096549
2018-06-11,248.34788513183594,252.3359478281311,247.5774573283423,247.71340866766556,18219428
2018-06-12,256.3692932128906,257.7741695303639,248.3478339209374,248.3478339209374,31358021
2018-06-13,260.7652587890625,262.5326813066475,257.09440711009137,257.41164530365575,26748300
2018-06-14,256.1427307128906,259.7229114430773,254.96442132559972,259.7229114430773,18513730
2018-06-15,251.4748992919922,256.91317404191744,250.70447150365362,256.27869759022786,16949917
2018-06-18,250.93106079101562,253.55955466383207,249.66213557591405,251.97339122983135,13542420
2018-06-19,247.07894897460938,250.79510882847762,244.49576299932932,250.1606323922702,20726975
2018-06-20,247.71337890625,249.0276395696318,245.7193616279209,247.62276313125236,14002946
2018-06-21,243.4987335205078,249.0276514226826,243.00023609232161,249.0276514226826,12954943
2018-06-22,247.48680114746094,248.07596968837316,240.87024480955264,243.8159768721342,20784133
2018-06-25,243.31748962402344,247.57745495818278,242.1845157063487,246.39917314799948,10934401
2018-06-26,242.36575317382812,245.81001017058247,240.5529950683238,242.22980184801403,16867009
2018-06-27,237.1994171142578,242.32045340173417,236.56494069188255,242.32045340173417,16277655
2018-06-28,232.9394073486328,237.4713024332366,231.7611118605866,236.0210904740649,21349738
2018-06-29,235.06942749023438,238.78558736984976,234.02709704681058,234.07240493806998,16244724
2018-07-02,234.6162109375,237.24470451946635,230.22026723187946,234.70685437008342,21896701
2018-07-03,233.3926239013672,236.47430738388806,232.3956013351263,235.29602558955514,16099030
2018-07-04,233.3472900390625,234.16302562592836,230.67346086270445,231.80643463904386,14206935
2018-07-05,232.44093322753906,234.4802862198086,231.262623791264,233.75516633737118,11215032
2018-07-06,233.12071228027344,236.3836548656331,231.62517848832053,232.12368975230484,16174019
2018-07-09,237.06341552734375,237.83384320665226,233.80047326755314,234.0270680167326,13220744
2018-07-10,239.0574951171875,240.8702533740003,237.8338777617397,239.14813856212731,11487165
2018-07-11,234.8428192138672,238.06045380219877,233.75515328120918,238.06045380219877,12857179
2018-07-12,238.15110778808594,239.73727120817784,236.70089570047435,236.92749047477318,10642215
2018-07-13,233.61920166015625,237.83385873802735,232.75813049284665,237.56195608545255,11976239
2018-07-16,228.0449676513672,233.39259835338504,227.5011347056297,232.93940884201925,8965623
2018-07-17,234.79750061035156,235.52262050462096,227.00264845530157,227.2292432359178,16067598
2018-07-18,235.25067138671875,237.92450064868228,232.16898814851072,235.74919646056446,17641125
2018-07-19,235.83984375,238.8308835999575,232.2143274904181,235.11472390178727,9958284
2018-07-20,237.01812744140625,238.37769605005676,234.34429811352925,235.56791539341353,6120163
2018-07-23,241.4140625,242.4563928624502,236.20238302725573,237.4713081493905,17013119
2018-07-24,241.8672637939453,243.997260170771,240.68895438992743,242.18450200504608,9320281
2018-07-25,246.39913940429688,247.30551841431048,240.77957847801562,242.90957468364604,13099277
2018-07-26,260.7652587890625,262.30608654845764,248.52914184681126,249.3448774441961,53496546
2018-07-27,259.90423583984375,269.19462264841707,258.40871569056327,262.3967786421439,32175436
2018-07-30,269.5570983886719,271.5058076293701,262.12480747941726,262.12480747941726,40949610
2018-07-31,266.0222473144531,274.08901521028855,264.48139188761684,269.19457394341595,36510328
2018-08-01,267.47247314453125,270.1009669552858,261.3544143292689,266.9286401621868,33885474
2018-08-02,266.38482666015625,268.650774535218,263.34845097547424,265.56909095723336,15665209
2018-08-03,271.23394775390625,271.86842419296727,266.92864699590774,267.0192904387015,18254462
2018-08-06,279.6179504394531,282.201136388902,272.45756113047696,272.45756113047696,31576923
2018-08-07,275.5845642089844,282.518386701926,274.6781850763641,280.8415797744793,23928622
2018-08-08,279.7992248535156,281.7932421747332,274.678161073324,275.5845401267394,20498279
2018-08-09,287.6846923828125,289.9053320225971,281.1134445570938,283.65132238263226,46464355
2018-08-10,275.9471130371094,295.8421166027624,272.3669047228118,287.91129990950253,111510771
2018-08-13,266.61138916015625,274.4515623263,263.84694415156287,268.2881959167345,58127432
2018-08-14,267.29119873046875,270.9620507871372,265.8863221493399,268.92269775359773,25294933
2018-08-16,265.29718017578125,270.46352457687374,263.0765402618277,266.02227240946223,31083900
2018-08-17,273.8171081542969,274.36094109974636,266.5207404288762,267.3818115642122,21931134
2018-08-20,278.8475341796875,279.7992488637386,275.17670976255084,275.62989932814776,20240462
2018-08-21,278.25836181640625,279.93516855163296,274.95008389368434,279.4366434895424,14139592
2018-08-23,274.1343688964844,278.21307483216066,270.3728735162981,278.21307483216066,22721004
2018-08-24,272.3216247558594,277.08011525970767,271.0073639334551,272.45757609529863,18869585
2018-08-27,279.1647644042969,281.2947608336365,274.9047715456177,275.53924798346185,28111768
2018-08-28,276.76287841796875,281.20413071177666,274.9954280148887,279.2100855216606,16890236
2018-08-29,280.7055969238281,282.79025763062594,277.1253886877048,278.07707560591837,24320824
2018-08-30,279.7085876464844,281.4307023542343,277.3519965230135,280.34303640171106,19935935
2018-08-31,280.6149597167969,281.5666466561329,276.0377289130307,279.0741042659264,18100140
2018-09-03,277.66925048828125,283.24347657518166,276.2643462481709,283.24347657518166,14708076
2018-09-04,268.6507263183594,278.66623072486874,267.7896828766721,278.0770622546982,42859084
2018-09-05,268.78668212890625,270.8713704309649,263.2124567955938,268.74137424297777,22922686
2018-09-06,268.6960754394531,271.77775862004086,266.928625260627,270.1009518766277,18001336
2018-09-07,264.3454284667969,268.1975391971082,262.35141127328376,268.1975391971082,23716678
2018-09-10,258.1820983886719,265.79567748004195,257.2303837144408,263.43908623115476,23354395
2018-09-11,256.1427307128906,264.1641910144516,255.28165953219704,260.4480312953703,28361400
2018-09-12,258.5899353027344,259.85888811782314,253.78613733873445,257.41165358643065,22717796
2018-09-14,263.4390869140625,264.4814173747832,261.6716642181872,262.9405894599557,15149585
2018-09-17,258.5899353027344,261.49035936508886,257.5022970247218,261.49035936508886,16089996
2018-09-18,248.16656494140625,260.0401356512747,246.89763984381943,258.318021043086,33901000
2018-09-19,246.0819091796875,256.36931680824824,245.17553014035164,249.61678190099877,40759431
2018-09-21,245.2661895751953,253.2876501286594,229.67645801749674,248.5291598617479,39308482
2018-09-24,239.601318359375,247.4414919683993,238.01515494932116,247.1695893051594,24633374
2018-09-25,245.5380859375,247.3961796379408,236.38365174595876,239.28407585077187,28948831
2018-09-26,239.1481170654297,248.34785885970322,238.15109458170446,248.34785885970322,23951904
2018-09-27,240.5076904296875,243.45342239093551,239.05747839358966,239.73726269233921,24829383
2018-09-28,240.6436309814453,247.8946631767431,237.92449390820863,241.4593665713178,33803139
2018-10-01,248.2119140625,249.43553134013848,239.37471812249117,240.64364328947056,17711738
2018-10-03,246.26321411132812,252.60786785196086,245.26619156284397,247.7587341038068,19714943
2018-10-04,245.94593811035156,247.16955524731668,240.82490248134,242.8642551561182,17754204
2018-10-05,234.16305541992188,245.62874596322794,232.0330589172928,245.62874596322794,36628643
2018-10-08,240.87022399902344,243.3627662981667,234.16302479888196,235.43194989180185,21100804
2018-10-09,238.33238220214844,243.04553666467476,235.65855294111913,242.9095853393074,16010883
2018-10-10,252.5625,254.19399877809212,236.74620322276147,237.10874928661804,31772330
2018-10-11,237.60726928710938,246.08191918144206,236.20239278323623,242.90959241483046,46291120
2018-10-12,239.0574951171875,242.81896296797487,237.01814207827312,241.09684815610188,42967696
2018-10-15,238.55899047851562,240.8249382313112,236.65558883406834,239.6466288035605,21965859
2018-10-16,244.99424743652344,245.49277251293577,238.69492960226094,239.82790342070675,33597068
2018-10-17,236.7008819580078,249.2542372574355,235.65855158884813,248.1212634517199,21631573
2018-10-19,236.65557861328125,239.4653592374967,233.93644142736187,235.38665345861764,28474307
2018-10-22,235.9757843017578,241.0968202524654,235.16004871270138,241.0968202524654,19933462
2018-10-23,231.71580505371094,234.752180487873,231.12666418690202,233.84580141263027,20206307
2018-10-24,231.76112365722656,237.2900276437166,229.13262990646456,235.8851511601782,25636533
2018-10-25,226.1868896484375,231.12665259470646,225.144545466039,230.67346307981487,33066232
2018-10-26,224.87265014648438,228.86071247534207,224.23817374077106,228.40752294568793,20543437
2018-10-29,242.81893920898438,244.04255644470547,225.14454793443744,226.59475993008866,37768359
2018-10-30,247.57745361328125,252.97042049631548,241.09684837148527,242.4564170653094,33401683
2018-10-31,255.05503845214844,256.278655602508,243.45339861727473,249.25421853471158,28137370
2018-11-01,259.1337585449219,261.9435390635149,252.74379746241385,256.50526489610627,29144808
2018-11-02,258.6352844238281,265.387792193199,256.68657487053304,260.9465400888184,27760214
2018-11-05,267.3365173339844,271.9137205659808,256.9584659348518,259.63229525128156,44619891
2018-11-06,259.6322937011719,270.37286347100735,257.3210104938639,268.3788461283917,40688243
2018-11-07,259.722900390625,261.8528966465722,259.1790951001644,261.8528966465722,3312160
2018-11-09,256.73187255859375,260.5839836208145,256.00678036402047,260.13079408408265,19201007
2018-11-12,251.9280548095703,257.1397340739556,250.93103237471993,257.1397340739556,24044907
2018-11-13,252.01870727539062,253.5142549756642,247.7587419396758,250.43254379006683,25633628
2018-11-14,257.04913330078125,260.76529335986083,251.9734045123187,254.1487089472322,52674807
2018-11-15,258.6805725097656,260.17609239381653,254.82846158938048,257.27569606182243,18445463
2018-11-16,263.6656494140625,264.48138499386346,256.1427146685202,259.13375434795455,24805910
2018-11-19,261.1731262207031,266.0222598280319,259.2697246216916,266.0222598280319,13799970
2018-11-20,256.91314697265625,261.53565789465233,256.05207583044523,259.1337589986069,12900924
2018-11-21,260.1761169433594,262.4420647573949,256.55060044090254,256.9131742195449,16167419
2018-11-22,256.23333740234375,260.17606366295394,255.23631503624514,259.17906895734546,12066797
2018-11-26,259.5869445800781,260.3573722755682,253.4235783371424,257.50228390803903,16846820
2018-11-27,262.3061218261719,263.30314442839597,257.4569878166477,257.95551294800805,21242956
2018-11-28,257.91015625,265.0705731131773,256.505279739652,262.3061003218067,19837609
2018-11-29,259.5869445800781,262.53267638128125,257.63823522830376,262.2154381936686,27919104
2018-11-30,258.00079345703125,263.6656625723731,256.68656041856815,261.7622610175195,17583510
2018-12-03,259.9494934082031,260.9465158681944,256.7318589323827,259.85887763406157,15772176
2018-12-04,256.097412109375,260.99188153962024,255.5082712069924,260.99188153962024,11897307
2018-12-05,253.92205810546875,256.686530507919,251.11227781957282,256.00674629329046,14893748
2018-12-06,249.8433837890625,253.10635395586536,249.3448863674025,251.9733801243709,11083451
2018-12-07,249.6167755126953,251.38422565836416,246.62573582363225,251.06698747061688,10165275
2018-12-10,248.5291748046875,250.52319234489235,244.8583226389184,245.62875045103019,11947887
2018-12-11,254.91909790039062,256.73185592990455,243.22681414212454,243.22681414212454,30927239
2018-12-12,258.54461669921875,259.0884496459344,255.78017173911218,257.18504816267597,21765939
2018-12-13,261.9435119628906,266.4754066335289,258.9977804269758,262.84989089701827,24097152
2018-12-14,262.12481689453125,263.57500116077307,260.17607992334655,261.49034053268156,12156361
2018-12-17,262.3967590332031,264.1642094069516,260.402713876179,262.2154721423842,12728014
2018-12-18,265.3424987792969,266.4754727279702,260.1308186153995,260.90124643259674,13606582
2018-12-19,272.5482177734375,273.72649958826133,267.1099429471806,267.1099429471806,26124125
2018-12-20,266.5207824707031,273.4092696585252,265.70504675409853,270.41822947747596,19222232
2018-12-21,264.5720520019531,268.74140136638044,263.5750294664713,266.15821541642583,15777301
2018-12-24,265.6143798828125,267.3818301633443,262.98588606754294,266.0222615353951,12048877
2018-12-26,266.61138916015625,267.3818168764752,260.2667358783416,265.4331074720165,12684324
2018-12-27,264.79864501953125,269.7384221131879,264.209504144447,268.9226864661101,15304564
2018-12-28,267.2005615234375,269.28525015824135,266.0675875894669,266.11292314312357,12876558
2018-12-31,268.19757080078125,270.3275672229859,267.8350246920112,269.3758802299027,9526067
2019-01-01,271.5511779785156,272.5482004989024,266.33949826701064,269.6477763778671,11837127
2019-01-02,266.38482666015625,274.17969288246786,265.6597344043351,271.09800930448324,25559853
2019-01-03,263.8469543457031,267.8803246343964,262.9405752704245,267.3818272071909,17548347
2019-01-04,269.7837219238281,271.00733918804684,264.2094962318249,264.75332920042143,19514041
2019-01-07,268.56005859375,273.27323996581373,267.56306392624606,272.86535839420645,14579399
2019-01-08,276.717529296875,277.3520057336664,267.1552408169875,268.1069278116795,22949961
2019-01-09,276.717529296875,278.3490282798407,272.5935154392162,277.3520057336664,21109911
2019-01-10,276.944091796875,278.71154190731323,275.086025915023,276.5362378440375,16295468
2019-01-11,274.40625,277.53326870251254,272.77477881811944,276.808148885738,12702551
2019-01-14,272.2762756347656,275.17669981392356,271.50584786900544,272.8201086259196,10372933
2019-01-15,273.40924072265625,275.1766909719915,272.9107432987381,273.7264789290105,9444374
2019-01-16,274.768798828125,277.9411254494702,273.81711190591864,274.6328475050231,12111480
2019-01-17,269.5570983886719,275.85644325330315,267.92562731750377,275.4485616552657,15974634
2019-01-18,267.3365173339844,271.7777692377966,266.7020409217995,270.7807467302892,9082501
2019-01-21,265.070556640625,268.9679753797401,264.1641776165989,268.19754767721935,10188647
2019-01-22,263.0765686035156,265.5691114585016,261.2185022667256,265.5691114585016,11297989
2019-01-23,259.81353759765625,265.5237419550451,258.7712072686027,263.25779443080165,10304608
2019-01-24,261.08245849609375,262.7592651692667,258.7712031225931,259.81353343494646,11532528
2019-01-25,258.6805725097656,263.75630066637177,256.6865552178622,262.48737554234356,11121223
2019-01-28,255.23635864257812,259.7682541168409,251.33891193841524,258.907182912533,18905470
2019-01-29,254.32994079589844,259.2243816302455,250.65908942477017,254.69248684649995,17435611
2019-01-30,260.5386657714844,262.30608830087715,254.01272562782125,254.87379677889245,18908654
2019-01-31,266.158203125,267.20053350284735,261.03716701258105,262.8499251168351,25546487
2019-02-01,257.774169921875,274.36092143662125,255.59886595647123,269.1039068880306,60015958
2019-02-04,257.3663635253906,258.4993374312772,251.83744533256504,255.96145928579384,20642919
2019-02-05,258.00079345703125,260.13078977649855,256.50527354267973,257.59293947702287,13291133
2019-02-06,261.98883056640625,262.62330691045537,256.958438340342,259.08843445480284,12149759
2019-02-07,260.4933776855469,266.47548596377203,259.7682853865794,262.3061360934637,19733315
2019-02-08,259.2243957519531,261.03715376420456,255.78016659287226,258.86184968160126,19781908
2019-02-11,254.23927307128906,259.1790489776893,253.7860836362244,259.1790489776893,15420017
2019-02-12,249.6167755126953,255.78016941873878,248.93699125059075,254.37526534742724,15326106
2019-02-14,242.09384155273438,243.2268153266984,238.9668228723966,242.90957713788995,26372671
2019-02-15,238.33238220214844,243.6800130637136,236.83683464162735,243.6800130637136,23366091
2019-02-18,235.6132354736328,240.64362793116072,234.57087748037705,239.6466054848465,14781744
2019-02-19,238.2870635986328,242.45641305618406,235.93047236953905,236.4743053701754,19064306
2019-02-20,242.6376953125,243.1815006422624,239.5559842545403,239.73727113812436,15514595
2019-02-21,242.90960693359375,245.62874432464145,242.27513047815094,244.99426786919864,13760702
2019-02-22,245.5834197998047,246.44446331902338,242.5470443866788,242.8189470431702,12536918
2019-02-25,244.85829162597656,245.99126542367262,242.8189387901236,245.9006219877583,20793897
2019-02-26,241.4140625,243.09086925376417,238.60428194781315,241.82191647113626,15274303
2019-02-27,242.59237670898438,247.1696080645482,241.5953541006093,242.90961494717146,20571652
2019-02-28,243.86129760742188,245.4474611092815,242.5923723380334,242.6377078915272,31636468
2019-03-01,247.39617919921875,248.89169913853513,244.8129933074027,245.22084729421942,20024726
2019-03-05,250.56849670410156,251.8374218281645,245.81000674349568,246.2631962635534,21533972
2019-03-06,252.06402587890625,256.09739615978805,250.5685059396918,251.33890602379117,22161376
2019-03-07,255.3722686767578,256.0520528879648,251.6561094567282,253.2876081599192,14899105
2019-03-08,254.87379455566406,257.6382395357378,253.4235825741119,255.46293539365598,19943319
2019-03-11,260.4480285644531,261.9435484821661,256.9584636494605,258.5899348941484,22931245
2019-03-12,260.0401611328125,262.7592984628743,258.99783068838786,262.1248496821571,20828136
2019-03-13,265.7049865722656,266.8379602721819,258.04610095712604,261.1277838888002,23725641
2019-03-14,264.5720520019531,267.1099300614064,263.52972157597003,266.92864317841156,16164017
2019-03-15,270.4635314941406,273.0920254840792,265.11590006761116,265.20654351426344,37928480
2019-03-18,270.9620056152344,272.72942802002524,267.0645594268023,270.9166700701939,23782967
2019-03-19,274.67816162109375,277.89582386343113,271.14328883782326,272.04966789304615,27218691
2019-03-20,275.3579406738281,276.1283683882089,271.9590192814068,274.4515616358491,18820555
2019-03-22,270.1462707519531,277.71454151862616,269.1492759033386,275.8111399395087,17865957
2019-03-25,266.4754333496094,267.7896940000545,264.84396216880884,266.4754333496094,16895511
2019-03-26,275.0860290527344,276.44559756535085,267.1552127291382,267.1552127291382,18303791
2019-03-27,279.88983154296875,281.74792513843755,275.8564614825225,276.6721970720122,35956450
2019-03-28,289.1349182128906,307.8516401450433,280.1164355618021,281.0681501647551,63244736
2019-04-01,292.5338439941406,296.975095892162,290.9929885154115,291.6727728159401,22372357
2019-04-02,298.1986999511719,300.0114580055863,291.94469019554066,293.34956662351476,27897583
2019-04-03,290.4945068359375,301.3257483422245,289.5881277194447,300.01148755911174,30552104
2019-04-04,291.67279052734375,295.2529991250616,288.5004635989087,291.400887854819,27832294
2019-04-05,287.36749267578125,293.3949360307065,285.5094265197716,293.3949360307065,23117232
2019-04-08,283.5153503417969,289.36150616644375,281.9745225826253,288.4551271338159,17394139
2019-04-09,285.2828063964844,286.1438775594162,279.2553912374421,284.55771421964226,25556039
2019-04-10,281.7932434082031,287.3674690790084,280.97750778865736,285.3734517490625,19237974
2019-04-11,285.41876220703125,285.87195173980217,279.79922859696813,281.8838893835168,14897935
2019-04-12,285.73602294921875,286.7783534247059,282.06519850843915,285.14688204224746,14751964
2019-04-15,286.0532531738281,288.8630339520912,284.3764462851473,285.96260973056246,13864791
2019-04-16,286.1891784667969,289.49745639124245,285.2374915503443,286.9596061737071,14940726
2019-04-18,281.7026062011719,286.2345015883239,279.21006373823826,286.2345015883239,15691168
2019-04-22,281.0228271484375,283.06218011079335,277.669241095527,279.88985328046203,15665440
2019-04-23,276.6722412109375,284.3764641439202,276.0831002834559,281.0228501559524,17324274
2019-04-24,281.6573181152344,282.74498414882396,275.17671278804505,277.21606585565337,15228591
2019-04-25,277.5332946777344,282.7902824540278,276.80817479309354,281.8839033435982,30842477
2019-04-26,283.2434387207031,284.14981772460936,277.8958081297547,278.1677107667297,14987906
2019-04-30,280.93218994140625,282.7902558789781,276.44560270220614,282.7902558789781,18178758
2019-05-02,279.3006896972656,282.2464215145476,277.0347421455103,279.2100462630969,16640100
2019-05-03,280.9775085449219,282.60897978840455,279.88984260893756,280.0711294850995,12452689
2019-05-06,279.84454345703125,281.2494199794193,277.2613575237905,278.0770931709995,10639216
2019-05-07,276.853515625,284.05921309404334,275.31266004368473,281.6120060455081,15219845
2019-05-08,270.3275451660156,276.7175062507553,268.9679766236886,275.4939166910553,22103678
2019-05-09,271.27923583984375,272.820091273359,268.3788395056588,269.7384080668217,12654440
2019-05-10,279.2100524902344,281.65728696490714,265.0705615803263,273.54518348450415,60739833
2019-05-13,278.1676940917969,284.78427701997265,276.7174822403823,280.97747436757066,40101505
2019-05-14,285.19219970703125,287.09560149211705,276.5362897159823,279.02883242822645,30521436
2019-05-15,282.88092041015625,288.1379080844804,281.8838978759238,286.5970802229346,27932459
2019-05-16,286.1891784667969,287.4127956883022,280.56961742162065,283.2434466219288,18147559
2019-05-17,289.3615417480469,291.8087765012657,284.1045537765722,286.0985712972539,25838962
2019-05-20,312.4288635253906,313.42585833261364,300.01145971759513,300.9178387499745,53207071
2019-05-21,305.9482421875,315.01203283338054,304.7699604677331,313.516512908909,33457162
2019-05-22,309.1658630371094,310.5254314518192,302.32268542010917,307.1718182980056,32002499
2019-05-23,310.1629333496094,329.9219863000871,307.44379609988334,319.9518163844251,74413322
2019-05-24,322.081787109375,323.5773069455121,311.34119029631205,312.6554509265342,35703403
2019-05-27,327.8373107910156,328.562402960939,320.85818109840665,321.80986802899275,31374994
2019-05-28,326.3417663574219,327.8373139204665,323.26008311509065,327.15752963198935,23501608
2019-05-29,316.0090637207031,325.39009282018054,314.64949508774976,324.4837137315449,28370210
2019-05-30,320.4503479003906,321.76460877507935,314.96676492771854,317.0061180819268,25712604
2019-05-31,319.4986267089844,324.39306822434224,312.3835453764159,321.1754335443786,32588069
2019-06-03,322.1724548339844,323.0788339133761,316.9154395772158,319.3626741557712,18380919
2019-06-04,319.407958984375,323.75859484763714,318.5015799704236,320.8581709387957,18130636
2019-06-06,305.3591003417969,316.8701254891006,304.45272128013494,316.3262925200047,41941144
2019-06-07,310.0269470214844,310.66142342893573,304.5433647618451,305.4497438236363,29739710
2019-06-10,312.0663146972656,314.78545201148114,308.30484694469993,313.6071702395191,20500542
2019-06-11,314.6041564941406,315.69179469805994,310.75204574338096,312.746062947479,16281297
2019-06-12,311.7944030761719,314.4682324225635,310.25354757816746,314.4682324225635,11564970
2019-06-13,314.0603332519531,314.9214043928872,307.9875826991901,310.88800665344854,15509948
2019-06-14,311.6131286621094,313.9244120015773,310.4801547683982,313.1539842217547,10347594
2019-06-17,306.22015380859375,311.5677844310945,305.4044182323635,311.5677844310945,13779496
2019-06-18,308.21417236328125,311.7943805294883,302.5493035309868,304.0901589175678,21957480
2019-06-19,307.1265563964844,312.882069079207,304.09018095027693,310.9786674815475,16416903
2019-06-20,312.8367004394531,313.83372285281666,304.18079221630126,309.0752331922324,20626861
2019-06-21,316.6888427734375,317.86715216537567,311.0239735636218,312.5194935029143,24749090
2019-06-24,320.13311767578125,321.53799425384784,316.91545518913523,317.232693414649,17919504
2019-06-25,323.16943359375,323.5773152233548,318.36563577648,319.6798964403239,15922634
2019-06-26,324.61968994140625,325.39011775789055,321.13012465062195,322.44438549406567,15835579
2019-06-27,328.24517822265625,329.0156059725973,323.803926263665,324.574354013606,29658120
2019-06-28,327.429443359375,330.82836491673874,325.1181877645654,328.29051455143826,22708464
2019-07-01,327.7013244628906,329.0155851094809,324.9368795089502,328.8342982408158,12348793
2019-07-02,330.37518310546875,330.82837265705376,326.6137153594122,328.2451866809202,14482172
2019-07-03,331.8706359863281,332.3691609885624,329.0155479207665,331.05490049052327,12626285
2019-07-04,333.003662109375,336.17598882887734,331.91602383041334,332.8677107820665,19252646
2019-07-05,335.9494323730469,338.62326197716254,331.7347747829045,334.86179397005685,30019347
2019-07-08,322.0364990234375,333.95540690374116,320.405027627299,333.54752522445835,27247892
2019-07-09,325.8432922363281,326.29648179437584,319.4986384236597,320.4050175397552,16579914
2019-07-10,321.03948974609375,327.6560461420251,318.4109682157284,326.79497492890613,18681819
2019-07-11,329.1968688964844,329.92196104337177,323.5773079463839,324.936876467167,20048321
2019-07-12,329.5594177246094,332.2332192415369,327.6560162475046,329.01558477965193,14661748
2019-07-15,326.3417663574219,330.8283537255688,324.1211542780258,330.0126181114949,15665939
2019-07-16,330.2392578125,331.734777918558,324.1665062782073,324.9369341087515,16251836
2019-07-17,337.53558349609375,338.57791396663265,329.0609330729806,329.96731220570933,17545177
2019-07-18,329.604736328125,338.80447816267355,328.607713840035,337.1276990469011,21691056
2019-07-19,322.6709289550781,331.7800269807647,321.9005012611487,330.9189835138373,22213173
2019-07-22,318.00311279296875,325.8885943673132,316.0544032599092,322.67095962624944,19682038
2019-07-23,310.1629333496094,319.9518163844251,309.07526738552116,318.32034509878736,27956145
2019-07-24,307.8063659667969,312.428905180336,304.76999027139885,309.84571906154974,20823143
2019-07-25,309.3471374511719,311.0692796562695,305.81226493108755,309.7097111746608,19857643
2019-07-26,310.5254821777344,313.7431168873018,308.6220805541123,308.89398321727487,16139052
2019-07-29,311.6131286621094,314.1056712282738,305.2684748573271,311.7491076577511,17060483
2019-07-30,296.88446044921875,314.24164218525283,295.343632589485,312.1569536778558,24437235
2019-07-31,301.09912109375,302.00550011250243,293.57615864180946,294.66382452850934,22741445
2019-08-01,287.4581298828125,300.46467567410747,282.2011420966039,299.83019923141194,40853304
2019-08-02,279.5726318359375,292.0806517869775,278.30367902483727,286.0079010269763,64472348
2019-08-05,272.1402893066406,274.49688019160243,264.3907600758438,270.5088182034701,48815899
2019-08-06,273.1826171875,275.76580279508215,269.4211499781041,270.8260263233813,30442970
2019-08-07,262.7593078613281,274.13438269525096,261.7622852725446,274.0890471418312,30820114
2019-08-08,266.79266357421875,267.8349938897455,258.8618473422889,262.84990940110384,32929233
2019-08-09,264.07354736328125,270.1009626418135,262.89523797693664,268.5601071598606,23377581
2019-08-13,256.822509765625,264.25480139136846,256.05208203977827,263.6656605400128,24231272
2019-08-14,262.6233215332031,263.9828900657305,257.86483166935733,258.363329067087,18523649
2019-08-16,263.6656494140625,265.3877640070851,257.68354239470153,260.99184792135424,20047399
2019-08-19,259.99481201171875,265.025204210419,259.22438435827604,264.6626581560021,19831459
2019-08-20,257.1397399902344,260.4933257803552,254.37526737270363,260.4026823459211,23204417
2019-08-21,251.4295196533203,258.86183823921976,250.43249725855466,258.77119481051545,28226325
2019-08-22,243.4080810546875,252.24527672833906,242.27510725037322,252.24527672833906,27728925
2019-08-23,245.71937561035156,249.48084328306544,238.10579682427516,242.09385926836333,35212444
2019-08-26,253.9674072265625,261.03715237245297,244.72233034917465,261.03715237245297,64066440
2019-08-27,258.9524841308594,261.03714470843164,256.14270377724677,257.4116288097034,45164811
2019-08-28,258.2273864746094,259.8135498161739,255.7801796296345,259.8135498161739,18979998
2019-08-29,248.80104064941406,257.6835439690577,247.71337476270594,256.6865491768165,27083514
2019-08-30,248.2119140625,251.92807378475635,241.86726056710904,250.1153156432161,45702652
2019-09-03,243.2721405029297,246.53511073594552,241.95790742802373,246.53511073594552,21241863
2019-09-04,249.34487915039062,250.0246634296117,242.2297981624447,244.45043787209747,27309675
2019-09-05,247.71337890625,250.47785155600303,245.6740260799291,249.2542343281119,25085139
2019-09-06,248.30255126953125,251.06699630179773,246.62574449859383,249.29954609395955,16675146
2019-09-09,251.97335815429688,252.60783450881007,245.62870525113112,248.30253432451903,18616889
2019-09-11,258.54461669921875,259.0884496459344,252.42655828477626,252.42655828477626,20999669
2019-09-12,260.1761169433594,261.76228041318427,257.54762301117734,259.9042142698734,21964832
2019-09-13,264.3907470703125,265.11583915594474,255.59886031444927,258.3179971263051,27303181
2019-09-16,258.046142578125,263.2578224383466,257.2303792542159,261.2184694495642,18267680
2019-09-17,248.30255126953125,259.6322893697929,247.441480109714,258.31802868596515,21533362
2019-09-18,254.14871215820312,256.45999562365347,248.7104371719627,251.2483154285064,25478758
2019-09-19,248.3931884765625,253.7408474496608,247.48680935034187,253.7408474496608,23387797
2019-09-20,273.45452880859375,278.84746673858183,243.27209444336265,248.80101133853915,84481749
2019-09-23,284.37640380859375,286.41575650522907,272.27623894312586,278.75684309144657,54178171
2019-09-24,274.27032470703125,285.64537149361104,272.63882570982565,283.83261327037945,40096711
2019-09-25,254.0127410888672,269.64778046008206,252.60786455739074,269.1945909130903,73063465
2019-09-26,255.46292114257812,262.75926087016575,251.06697755580242,255.1456829673588,79005946
2019-09-27,254.87379455566406,259.2697107271759,253.7861286543767,256.2333631020268,37851718
2019-09-30,245.44741821289062,255.46292259911098,244.85827740440507,255.05504099143326,41094131
2019-10-01,231.98773193359375,249.70744641434547,222.56139466094078,247.21490384578124,79350077
2019-10-03,230.3562469482422,236.29304675817804,226.68542259026694,230.2202956128534,56207921
2019-10-04,226.54945373535156,236.11175602566504,225.2805285248942,234.29899782201312,60029186
2019-10-07,225.779052734375,229.67647203135573,223.73969963840904,227.95435717130601,39160623
2019-10-09,236.5196075439453,237.47129441538286,221.47371083896397,226.68539001029393,60328507
2019-10-10,230.3562469482422,233.84581207919754,228.95137038173203,233.84581207919754,37577511
2019-10-11,230.7187957763672,236.92748412768142,227.95433683792936,232.21432954482393,43272106
2019-10-14,231.53453063964844,235.11472519970005,230.2202837543443,232.89411307474396,28265136
2019-10-15,234.25367736816406,235.56791039903277,230.94538552577347,232.44091926172982,23444973
2019-10-16,232.07835388183594,237.42601261707244,231.12666690583328,235.02408591102792,30892295
2019-10-17,240.59832763671875,241.09682504535962,231.67048854560963,232.39558071463145,37061013
2019-10-18,244.4051055908203,245.94596104184865,238.5589773076696,239.64661557266595,33203721
2019-10-22,245.175537109375,249.2542429023221,243.3627789791763,245.0848936707663,27574295
2019-10-23,249.662109375,251.79207792015998,243.49871551054903,245.40211696369553,31789622
2019-10-24,237.92449951171875,251.65613652286785,225.37114419585893,250.1606166294643,63943183
2019-10-25,255.19100952148438,257.54760057488573,238.8761866816965,240.91553953667,105518180
2019-10-27,255.4176025390625,258.2727186449243,254.0127260905378,258.2727186449243,12183625
2019-10-29,254.375244140625,258.3179980642297,252.47184283331688,256.6411914920656,51033578
2019-10-30,262.7593078613281,263.75633045011165,253.10637552643874,256.5052973105897,51469048
2019-10-31,283.15283203125,288.04727375536754,265.3424878254496,265.8863208304617,128449327
2019-11-01,284.19512939453125,285.5093900318909,279.70856986175414,283.15279905825935,44894016
2019-11-04,284.87493896484375,289.1349317825781,283.1075163229713,286.4157944930868,31535656
2019-11-05,289.3161926269531,291.85404280453474,283.5153448030654,284.51236725157685,50080853
2019-11-06,287.8206481933594,289.0896009561751,284.6030137202731,289.0896009561751,32157080
2019-11-07,288.3644714355469,293.03231772297823,287.1408542614359,288.45511486705357,33926772
2019-11-08,286.415771484375,290.9476666027987,285.0562029488479,286.597058353309,25423362
2019-11-11,288.4551086425781,289.72403367481485,283.7872624558727,285.2374743472109,20491942
2019-11-13,278.07708740234375,288.7723770165841,277.0347570047277,286.4610937935286,32675829
2019-11-14,277.35198974609375,280.52431642619615,271.64181278610687,278.2130609091761,43617772
2019-11-15,291.7634582519531,293.3949574043603,281.0228592254732,282.7903097254565,95199897
2019-11-18,294.6638488769531,298.9691495717795,293.4402315684298,293.6668263418417,39009263
2019-11-19,299.4676513671875,300.7365765846617,291.9447158446299,295.29830194363353,41372145
2019-11-20,298.01739501953125,301.37100828114194,294.6638094184117,300.91781879500485,29972583
2019-11-21,300.32867431640625,301.6882427581641,295.9780387064867,298.4252729658471,34116162
2019-11-22,298.4705810546875,302.54928638276215,297.51889420899977,300.419317950938,28974967
2019-11-25,304.634033203125,305.90295846168164,297.60959489770863,298.1987358041282,27561300
2019-11-26,304.0901794433594,308.1688852779201,301.46168565985244,306.3561271292264,36464072
2019-11-27,311.38653564453125,313.1992938847218,302.7759340036262,304.4980764602037,33971305
2019-11-28,316.5982360839844,318.13909175211097,312.2476270900348,314.37762369226954,42538227
2019-11-29,309.845703125,316.1903568712346,308.71272924174383,316.1903568712346,23081823
2019-12-02,306.8092956542969,312.11161840819045,304.7246349902667,311.7037367884708,20648850
2019-12-03,304.76995849609375,310.842709253745,302.1414647578916,309.0752590250348,26482178
2019-12-04,309.845703125,310.8427256743645,300.7819120589505,302.82126504881165,26789483
2019-12-05,304.7246398925781,312.3382181860548,303.7729253180855,310.88800621098954,30429507
2019-12-06,290.0412902832031,306.03887466828746,288.22853221893314,305.177831184055,47027528
2019-12-09,287.0502624511719,296.9750966685394,285.2828122009793,289.08961535808913,52435239
2019-12-10,284.05914306640625,292.4431479309122,283.0168128585925,287.5033994989291,52155809
2019-12-11,283.5153503417969,286.18917955224623,279.1647420493803,282.06516601798666,52557951
2019-12-12,291.7181396484375,292.7151622615621,284.1951759862216,284.6030576744762,37804216
2019-12-13,301.41632080078125,302.2320840167657,294.57317051907324,294.75445738051235,40955226
2019-12-16,300.7818908691406,305.6763321678994,299.83017627795573,304.4980504765199,35027613
2019-12-17,301.73358154296875,304.31676737895435,299.6942286714791,302.05081974396586,26734601
2019-12-18,296.3406677246094,304.1355061170248,295.2983095963366,303.6370086595433,26449075
2019-12-19,297.42828369140625,298.74254439562844,294.1200056468913,296.703191505935,27516289
2019-12-20,306.22015380859375,307.71567364176457,299.42231123918805,299.42231123918805,51839714
2019-12-23,301.2803955078125,307.12655153803723,299.4223294897844,304.27146301695996,30150335
2019-12-24,300.4193420410156,302.91188438582253,298.3799892134463,302.00550535134727,21747782
2019-12-26,298.9691467285156,302.23211696671456,297.382983329717,301.8242353142542,24616942
2019-12-27,305.67633056640625,306.6733530403078,301.8242196548948,302.1867657379973,33477173
2019-12-30,303.0931701660156,306.2201891732715,301.37105538164815,306.12954572977947,22775554
2019-12-31,302.5039978027344,304.8605887858804,301.416331914977,303.09313863339776,23801635
2020-01-01,303.13848876953125,304.49805736441243,301.0538003277505,303.3650835353448,17379320
2020-01-02,307.534423828125,308.0329489395735,302.1414846696056,303.18381512373156,20324236
2020-01-03,302.4587097167969,306.31082080242334,300.91785421834857,306.31082080242334,21853208
2020-01-06,289.1349182128906,300.6459432623662,287.9566365069415,300.6459432623662,35645325
2020-01-07,288.5910949707031,296.38596062944805,285.87195771722196,294.0747050281869,50966826
2020-01-08,289.8600158691406,291.4008713541847,281.8838911077805,282.88091361807403,44527485
2020-01-09,299.2863464355469,300.3739846013529,294.5731647355812,296.29527924347565,40348407
2020-01-10,301.1444396972656,306.31081135220614,297.3829721676829,300.01146588350616,42377838
2020-01-13,299.784912109375,304.04490529576304,298.2440564477885,302.7306444279101,23615129
2020-01-14,297.29229736328125,300.64591056236816,295.9327289302175,298.92376841876154,26296117
2020-01-15,293.8934020996094,298.3799893870697,292.17128746520297,298.19870251587196,32625740
2020-01-16,293.0323181152344,296.29528803040097,292.1712746659976,293.6667944761388,26653623
2020-01-17,288.228515625,293.21360001474056,281.0681272154709,283.69662072523585,58396326
2020-01-20,284.6030578613281,291.35559370599475,284.05922483013063,290.9477120174724,30682902
2020-01-21,284.33111572265625,287.2768476006926,282.79026029148616,284.4217314982013,30591772
2020-01-22,286.5517578125,287.3221856088501,284.3311455294863,287.3221856088501,24994911
2020-01-23,292.9417419433594,294.39192640347363,284.73899433079845,286.415801230863,33293610
2020-01-24,293.7121276855469,296.65785967424205,291.08363390465615,293.21363025935,22706879
2020-01-27,286.59710693359375,291.8540950978657,286.2345331342668,290.8570724707114,23309355
2020-01-28,285.60003662109375,290.04128831633915,281.92918496954445,288.18322237725965,26488426
2020-01-29,286.8236999511719,289.76943225922264,286.007936568237,288.09262525946355,23914114
2020-01-30,281.6120300292969,287.09561315479453,277.03479844820964,287.09561315479453,35802330
2020-01-31,288.6364440917969,291.58217625489846,279.7086041576822,284.33114323803306,92656638
2020-02-03,270.1916198730469,278.1224371339771,267.69907730532594,274.63287200706867,56060158
2020-02-04,277.5785827636719,278.75686445896116,269.2852200270764,274.5422074282808,51141567
2020-02-05,281.8839111328125,284.28581030972276,276.0830901978699,278.1677511452646,35014841
2020-02-06,291.8087158203125,293.2135921372996,281.0681196643288,282.06514204758923,57757656
2020-02-07,290.539794921875,294.573192779515,288.5910854863554,291.4008660880433,37126803
2020-02-10,288.6817321777344,292.57915109270243,286.8689740478899,289.86001389793574,24816396
2020-02-11,293.9840393066406,295.29827228325433,290.9929719582071,290.9929719582071,30188757
2020-02-12,290.22259521484375,299.0144557773891,289.3615240165325,299.0144557773891,38930849
2020-02-13,296.7938232421875,299.96614983440907,291.85404648438816,291.85404648438816,62516057
2020-02-14,289.4974670410156,300.82720532268104,288.7270393057636,297.3829759492523,48205947
2020-02-17,284.7843017578125,291.0836194082406,282.47301863933757,290.9023601988752,36950692
2020-02-18,287.8206481933594,289.31619571232187,280.433664675075,285.8719388225962,38588583
2020-02-19,290.35858154296875,293.66686008278947,287.54880049773135,292.1260043823534,39846727
2020-02-20,296.97509765625,298.38000181531754,288.9083294408246,289.45216241657675,40150409
2020-02-24,292.715087890625,300.2833298634892,291.7180655308166,295.2529378424191,45273936
2020-02-25,296.20465087890625,297.42826808059834,292.03532954053674,295.38891529794233,39050709
2020-02-26,297.4736022949219,299.8301655937063,293.8480862531093,294.43722707780535,43915281
2020-02-27,291.8087158203125,299.1050553487137,288.2285078814877,297.2922974375093,47010040
2020-02-28,274.6328430175781,285.19215306684856,272.91072841194267,282.7902541963181,59705346
2020-03-02,260.4933776855469,282.7903116350234,257.4570018201866,281.883932431065,66711413
2020-03-03,262.7139892578125,266.8380031235851,258.5899477315448,265.56907790800085,61949382
2020-03-04,258.5899353027344,265.56906514374714,249.34488546740536,264.48139920524073,73675736
2020-03-05,261.4903564453125,270.46350352606856,244.72234398694758,263.6656606375422,149245973
2020-03-06,245.175537109375,248.7104099311637,230.1749608159313,242.90958944662663,106043172
2020-03-09,229.72177124023438,238.15109931012452,227.63709662484803,235.70386477061837,101286241
2020-03-11,222.15350341796875,234.29897675845555,220.34074537728438,229.31389214657352,90845604
2020-03-12,192.69618225097656,210.18928600650852,189.0706662261623,210.18928600650852,99767083
2020-03-13,219.34373474121094,225.50711517767454,167.36288959172185,181.27581383571152,155701316
2020-03-16,202.43975830078125,209.73609829898814,199.94721601238243,206.5637717501169,75583409
2020-03-17,195.0074462890625,208.3765372226536,192.19767954354052,205.929316563571,65403057
2020-03-18,195.05276489257812,202.25847542990286,181.36644980947472,200.3097660434789,101356399
2020-03-19,184.58409118652344,199.17679967550816,179.59900632547544,183.94962860662127,93533467
2020-03-20,190.2036590576172,195.50596847747818,181.27581941912624,186.3062261740565,77391650
2020-03-23,164.5984344482422,180.82261326415568,163.3748172474389,172.21201263252922,61750037
2020-03-24,166.04864501953125,173.97946198527268,157.3020924122696,173.07308290347368,67491360
2020-03-25,172.12139892578125,176.97053301949026,159.93060185002741,161.33549233018832,71567553
2020-03-26,174.70457458496094,182.18220229093203,167.77077988061413,173.61692241196016,107260359
2020-03-27,177.60498046875,192.06172423291258,176.74392309663637,183.0885767462592,114740377
2020-03-30,169.4022674560547,176.74394453017703,168.81312650638705,172.21204851658277,60081554
2020-03-31,178.4207305908203,179.91625056721455,170.44459177947365,174.02478644284733,59543412
2020-04-01,169.08502197265625,176.290732970705,167.906726389836,175.83754342579317,52954239
2020-04-03,159.0695343017578,170.58054626865598,158.61634474534256,169.99140537741522,64448494
2020-04-07,168.94903564453125,169.76478502132113,160.97291171755637,167.1362776919923,72130500
2020-04-08,165.8673553466797,176.20007031158764,163.5560861536686,165.7767119154848,80435759
2020-04-09,170.17266845703125,172.21202134133654,166.41120089141134,170.39926322195407,62416005
2020-04-13,166.320556640625,171.0337249619394,165.9580105506188,169.31161028903983,51847146
2020-04-15,165.2782440185547,173.97947558588402,163.28419881851727,169.49290154629642,72190004
2020-04-16,170.85244750976562,172.1213726223019,163.37482049673875,164.96098380253233,61165773
2020-04-17,175.1577606201172,179.46306133393637,168.858428657526,177.6503031386441,89851063
2020-04-20,174.47796630859375,178.87391021262323,172.25734041253372,175.83753487723214,81958510
2020-04-21,167.4535369873047,170.58054208380568,165.86737357876459,170.39926903173628,53042420
2020-04-22,171.03372192382812,171.7588279212071,164.37184428413505,168.13331176455893,61503413
2020-04-23,169.22096252441406,172.12137266104008,167.8160722586314,170.1726632741537,50955312
2020-04-24,162.92164611816406,166.7737573615699,162.24186178109244,166.7737573615699,65137305
2020-04-27,163.96397399902344,166.32056519602526,163.60142789036817,166.32056519602526,42996571
2020-04-28,167.04566955566406,167.99737036907706,164.23588883611092,164.96099487634214,49590230
2020-04-29,172.30267333984375,173.84351505182246,166.3205657165763,167.68013437366005,57470466
2020-04-30,172.66522216796875,177.55966387842625,171.94011610672564,175.38435952494464,63063889
2020-05-04,162.1059112548828,166.320568633664,161.33548347025717,165.36886779096406,58118177
2020-05-05,154.4469757080078,164.2811933671904,152.99677760953466,164.05459861771843,91050439
2020-05-06,155.0814666748047,157.07549789188764,150.95743908000415,155.126774564769,73156432
2020-05-07,154.7642364501953,156.39572165027332,152.99679991271412,154.85487989529608,42942399
2020-05-08,151.04808044433594,157.52869969196897,150.5495829739589,156.30508230227474,55932236
2020-05-11,149.96041870117188,153.0874238170318,149.55255087392882,152.22636644168594,54591827
2020-05-12,151.274658203125,152.72487021800595,145.79107600430203,148.8274375294793,70752542
2020-05-13,157.8006134033203,161.83399779997566,154.53764297554966,161.83399779997566,81720683
2020-05-14,152.2263641357422,155.67060741519924,151.81849631467756,154.94550138316924,48136531
2020-05-15,150.82147216796875,152.49827898459358,149.2806305103997,152.22636249672914,35495540
2020-05-18,140.7606658935547,150.82146481186086,140.4887494189526,150.82146481186086,77349435
2020-05-19,138.49473571777344,143.07195315271184,138.13217576268286,142.75471492078862,71522334
2020-05-20,139.03854370117188,140.71535051150767,136.999190795208,138.67599760554378,66168767
2020-05-21,137.72430419921875,141.53109372835922,137.31643636221222,139.26514593360326,61147471
2020-05-22,136.72726440429688,141.03256423620238,135.45832562937795,137.76959462097614,87064198
2020-05-26,137.22579956054688,138.85728481779051,136.13814733246727,138.1321787223213,48275988
2020-05-27,143.75172424316406,145.74575540627197,136.68196481919344,137.72429520460872,88195120
2020-05-28,143.38917541503906,147.1959649900803,142.02960672179233,144.52214932607802,76968678
2020-05-29,146.1989288330078,146.74274791018718,140.67001165175625,141.4857610128933,58363280
2020-06-01,154.1297607421875,155.3533641656965,148.05702385260543,148.64616470500826,92740893
2020-06-02,154.31101989746094,155.2627205835825,151.54656126834425,153.99378172533858,70419104
2020-06-03,158.52569580078125,163.05759120766746,155.8972019968861,156.35039153757475,113168889
2020-06-04,157.7552947998047,161.01825146184825,155.44402518695193,158.52570878392336,83494674
2020-06-05,170.21798706054688,172.03074514675026,159.5227115858976,160.02122282565287,201321234
2020-06-08,169.3115997314453,179.00985225195788,168.40522073270122,178.55666275258585,151741826
2020-06-09,167.18161010742188,173.11839554802384,166.18460146785864,170.12734196884114,96654191
2020-06-10,170.12734985351562,171.3056454187416,166.59247698808488,167.27226129530212,67333317
2020-06-11,160.56503295898438,172.57455460734366,159.83994082931787,170.39925055785238,91726802
2020-06-12,162.3778076171875,163.1482353718758,153.9031714668523,154.08444451788273,92758901
2020-06-15,157.43804931640625,161.1995309371927,155.8972075888451,161.1995309371927,63613412
2020-06-16,156.71292114257812,162.196516773762,153.54059469167373,161.3354595031371,63925976
2020-06-17,156.75823974609375,159.7039713920288,153.40464033061681,154.99080352458182,73866905
2020-06-18,162.83099365234375,163.73737271821875,155.08146370331013,156.25974542475007,58261857
2020-06-19,167.22694396972656,167.63481179872517,162.69504846919196,163.420154515327,76895151
2020-06-22,170.12734985351562,173.79818787853807,167.0003448063658,167.68012911358304,80023958
2020-06-23,174.4326629638672,175.02181770381625,170.2633272123532,171.84949070950756,65487085
2020-06-24,167.3175811767578,176.6532744957671,166.68310476612868,176.5626448872822,74668987
2020-06-25,167.90672302246094,169.31161334956198,163.510778992878,165.14226408789057,73620385
2020-06-26,167.3175811767578,170.94309744208087,166.5924751576438,170.39926447018362,49176958
2020-06-29,162.46844482421875,165.95800970121698,161.7886605362513,165.86736626405596,50966428
2020-06-30,161.7433319091797,165.7767157461272,160.65567986093765,164.14524458888724,43613239
2020-07-01,167.49884033203125,168.04265942857847,161.87929335290136,162.6497071972381,54012853
2020-07-02,168.08799743652344,170.39926685405067,166.77375053800705,168.26927048627618,52127276
2020-07-03,167.408203125,169.35692632658993,166.2299076266369,169.17563945742148,38048810
2020-07-06,170.44456481933594,172.07604970022632,168.72243651107846,169.130318103985,43773740
2020-07-07,170.94309997558594,171.48691912529603,166.81907239661038,169.4928879158647,55124494
2020-07-08,173.93414306640625,178.9645498174568,170.7618162290182,171.2150057772165,143063102
2020-07-09,180.46006774902344,182.18218234857815,174.52328242385386,174.74987717801875,89539723
2020-07-10,177.28775024414062,183.54176024636234,176.56264422773523,179.46305446310984,111406477
2020-07-13,174.65924072265625,181.09453753015615,173.66223206264357,180.18815847728274,61949761
2020-07-14,168.6318359375,174.29670536680163,167.31758899595155,174.29670536680163,62239932
2020-07-15,166.59246826171875,172.1666937568148,165.86736227261977,170.35393569919052,58527305
2020-07-16,168.81309509277344,169.44755765056274,164.6437460040211,167.6801213002045,46546803
2020-07-17,170.58053588867188,171.7588314297007,167.68012567015637,169.31161074002347,47035238
2020-07-20,172.8917999267578,175.1577475011583,171.0790418672374,172.21201565443766,45672856
2020-07-21,176.2000732421875,177.83155821910972,173.57157965676828,174.4326369464576,59281860
2020-07-22,174.0247802734375,178.33008082707724,172.3026655840804,177.3783800439075,62276152
2020-07-23,179.6896514892578,180.46007923455144,173.2543545292965,174.38732837223006,70801412
2020-07-24,173.9794464111328,177.9222005961134,172.80115094422226,177.37836766361747,65265493
2020-07-27,169.62884521484375,175.11244160642897,169.0397043243646,174.93116855014677,50697767
2020-07-28,171.71351623535156,172.66521704812297,168.35991636057136,170.39926931783265,51488617
2020-07-29,173.2996826171875,176.9705207692313,169.49289313109477,170.03672612778558,73763368
2020-07-30,169.08502197265625,175.38435388088132,168.6318324277444,174.47797479105765,48472816
2020-07-31,173.52627563476562,176.6079728676896,169.22097491706452,170.39927051111644,145892485
2020-08-03,174.25137329101562,176.3813696019642,172.25734213643958,174.02477852730817,72454278
2020-08-04,173.66224670410156,175.65627802249043,172.66522412978318,175.24841018035943,43866676
2020-08-05,173.52627563476562,178.42073106461638,173.11840780650658,174.7045712288175,68888892
2020-08-06,173.0730743408203,176.29072268806567,172.438611781,174.2966915728104,59740172
2020-08-07,172.80116271972656,174.11542342444415,171.80415404920433,173.52626873571805,44822338
2020-08-10,175.65625,177.1970915079329,173.75284860004157,173.8888137458933,48784530
2020-08-11,176.7892303466797,178.37539362925392,175.61093485643244,176.74390862969975,43890305
2020-08-12,184.26687622070312,185.12793361098375,176.38138071299227,177.65030593759028,157818228
2020-08-13,182.9979248046875,187.89237997662775,181.9555944284786,186.26089491931432,70443118
2020-08-14,178.10348510742188,184.90132805045326,176.38137042728602,183.9949489913824,56169088
2020-08-17,175.0218048095703,180.05219760860393,173.57159275834172,179.87092455976216,54787889
2020-08-18,176.83456420898438,177.42370507944815,173.7528670358929,175.6562686378096,46294169
2020-08-19,178.60198974609375,181.54772157905566,177.55964556859018,178.01283508135356,59296062
2020-08-20,176.517333984375,177.96754611146773,175.15776530156853,175.83754964297177,37504602
2020-08-21,179.82559204101562,182.63537253519405,179.14580777599627,180.3694249851296,68041871
2020-08-24,182.59007263183594,183.81368998715251,180.00690041430352,181.2758256618372,53850253
2020-08-25,188.4815216064453,188.9347111336694,183.72303157059247,184.90132710742444,105394375
2020-08-26,190.2036590576172,190.65684860616503,186.8500453341654,188.98004174443912,66749637
2020-08-27,195.46063232421875,196.23106003196244,190.79278585093806,190.79278585093806,80997993
2020-08-28,203.7993621826172,204.75104924820727,196.50300708818557,196.6842801563814,95974037
2020-08-31,192.15235900878906,209.87207224003572,190.65683910520616,209.87207224003572,119986476
2020-09-01,197.6812744140625,198.40636658281144,191.42725073175336,193.14937920814862,75048313
2020-09-02,196.0044708251953,198.4970132287527,192.4242763206804,197.81722893687342,47608088
2020-09-03,193.19468688964844,197.81722552684164,192.42427300361393,197.13744124668068,38594129
2020-09-04,187.2579345703125,192.42429286678865,186.6234581124706,190.33961809305322,54435758
2020-09-07,188.4362030029297,190.02236637443667,186.1702553293483,188.07365690725547,35687359
2020-09-08,184.94662475585938,188.98000825716963,183.90428068075437,188.4361753631805,34146789
2020-09-09,176.6079864501953,182.54475893751572,174.4779898728943,182.2728562512633,72715826
2020-09-10,179.59901428222656,182.590068097417,176.92519868616526,179.19114645066594,67789617
2020-09-11,183.72303771972656,184.76538196537686,178.55667970250556,179.96157004997067,48487971
2020-09-14,179.91624450683594,186.89536054533383,178.87391411358027,186.62344405962676,63605531
2020-09-15,181.41177368164062,182.18220145871436,178.64732845504733,181.18517890370688,51761038
2020-09-16,179.6443328857422,181.32113973446985,177.87689642615595,181.1398666825054,52404964
2020-09-17,177.1518096923828,179.4630793899701,176.7439418234554,178.55670020113186,41223296
2020-09-18,174.56861877441406,178.73795430240605,171.94011110761187,177.65030215728848,55286316
2020-09-21,168.40521240234375,175.3843275813941,167.00032225773572,174.9764598181841,57611375
2020-09-22,168.76779174804688,170.6711934588765,164.190574361717,168.72247002536085,51210889
2020-09-23,166.59246826171875,171.26031472800264,164.0546042149955,170.53520873890366,44320497
2020-09-24,159.8399658203125,164.7797293347889,159.06953802427805,164.14526670700948,46114798
2020-09-25,165.1422576904297,165.64076892657266,159.6586617533502,162.24184753957047,46550127
2020-09-28,169.71949768066406,170.5352333924237,166.18462448937441,166.77376541117323,41921548
2020-09-29,167.72544860839844,171.2603214269355,166.093963526671,170.85245361406538,35688726
2020-09-30,168.0426483154297,169.31158711727966,165.32351152178038,167.72542398765088,37641083
2020-10-01,172.4839324951172,173.29966809153234,169.4022354892508,169.49287892451758,43588724
2020-10-05,171.07904052734375,175.65625735783323,169.5381989548686,174.02477235099337,41694686
2020-10-06,173.66224670410156,174.11543626874666,170.67119281139432,173.20905713945646,31098726
2020-10-07,172.84646606445312,175.06709176528778,171.39626801688038,174.52327268379005,34578053
2020-10-08,173.57159423828125,177.4690270577229,172.71053687625567,173.4356429080525,43351606
2020-10-09,179.7349853515625,180.1881749193525,172.71054705081755,174.0247940313589,64907230
2020-10-12,180.09750366210938,186.66875138029835,178.78325688452077,181.00388265772165,69122798
2020-10-13,177.37838745117188,181.27582035485065,176.83456828825584,180.0522030353564,34948525
2020-10-14,181.32113647460938,182.09155038916933,174.97648295818888,175.88286203196324,40548275
2020-10-15,174.7952117919922,183.54176441601447,174.0247840388878,182.18219579071067,49184123
2020-10-16,177.60498046875,178.33008650904208,173.66223971320423,175.8375440038331,36893126
2020-10-19,184.90135192871094,185.44518496648308,177.69564024459768,177.83159158891638,60220779
2020-10-20,184.04026794433594,185.21856346946814,181.91027165543366,182.1821881351175,39316753
2020-10-21,184.67474365234375,187.8923922587163,180.23349154568706,185.53580104074686,54515523
2020-10-22,184.26687622070312,185.44517183225707,182.2728449405144,182.99793716585745,33721637
2020-10-23,183.8136749267578,186.35153904413846,182.68070110919922,184.9013270255647,32707020
2020-10-26,178.28475952148438,184.90132946953173,177.28775084700274,183.72303391764706,45470123
2020-10-27,176.42666625976562,179.05517364959778,174.2513621987457,178.7832571844088,37794381
2020-10-28,172.61988830566406,176.74391577308543,171.35096316041756,176.74391577308543,46458319
2020-10-29,171.03372192382812,172.84648000215222,168.4958578481251,171.6228765974314,44822673
2020-10-30,171.53224182128906,174.02478430482168,168.72246112593524,171.62288526188007,41519686
2020-11-02,177.69561767578125,178.78326978293606,172.2573433097604,174.2060527588191,52600119
2020-11-03,185.58111572265625,186.53281651805264,179.1005108644401,179.4630569625687,69890201
2020-11-04,187.62046813964844,189.43322628592523,179.5083782011092,184.44814138366405,117577856
2020-11-05,198.1797637939453,200.309759986534,194.6448912086343,195.77786496421425,138023646
2020-11-06,198.6782989501953,201.0802118995668,196.72958938790606,198.49702589351105,73147085
2020-11-09,198.95021057128906,201.8052991772291,196.7295845633082,201.66934784561192,60359458
2020-11-10,210.00804138183594,212.99909527299567,202.12254572714056,202.21318917212187,135294550
2020-11-11,212.2739715576172,216.94183198115758,206.4278294287577,210.9597246961289,107094861
2020-11-12,205.56678771972656,211.50357373730427,204.52444343085153,211.36760857079997,58859905
2020-11-13,207.9686737060547,209.05632581804636,199.49403774613282,203.93528963270177,70676525
2020-11-14,208.14996337890625,211.09569557555668,206.4278485498868,210.27995988396808,7753219
2020-11-17,217.71224975585938,218.98118875147085,209.373565081436,210.14399282270892,80501583
2020-11-18,228.40753173828125,229.3139108324808,215.62758097796893,216.98714961926822,104514060
2020-11-19,217.3043670654297,228.22623687272366,216.62458280975056,224.78199387790016,82284278
2020-11-20,220.0235137939453,222.42541273786705,212.0473754094131,218.89053998450171,84411129
2020-11-23,216.35267639160156,223.10519754563808,215.808857259944,220.7032985960955,57538324
2020-11-24,221.02053833007812,222.06286871234346,217.07778390451534,217.98416296048407,47636611
2020-11-25,220.25010681152344,226.5041166580236,218.98118168709476,222.47073269439687,74767232
2020-11-26,222.47073364257812,223.1958396440192,217.66692194205854,221.15648679447995,64248318
2020-11-27,221.38308715820312,223.19584529255894,219.38905597646112,222.47073927276722,54355703
2020-12-01,224.82733154296875,225.64306717555135,221.38308830382,222.06287260772118,37003272
2020-12-02,223.830322265625,227.3652091530571,221.24715005622048,225.0992613394139,56723083
2020-12-03,232.30494689941406,234.75218147707943,224.7820116073965,225.96030717622665,79266442
2020-12-04,238.83090209960938,239.60132989654605,229.8124324713853,232.93943772144067,79252024
2020-12-07,244.3597869873047,246.03659369036802,238.3776799804126,239.10277212528158,76053084
2020-12-08,246.4444580078125,248.0759568930819,240.4170428612043,245.58341450715045,65617502
2020-12-09,245.0395965576172,249.1636104209801,243.997266119014,246.62575999129447,48495641
2020-12-10,244.314453125,245.6287137646907,240.68893705467244,243.81595572952693,38676657
2020-12-11,246.94300842285156,250.38723809993724,244.7676763525908,244.7676763525908,50255223
2020-12-14,248.5291748046875,250.29659755665338,246.8523678396199,248.34788790989768,31946501
2020-12-15,245.3114776611328,248.39316081500132,243.04553009792173,248.39316081500132,34890948
2020-12-16,244.17849731445312,248.03060806834267,243.36276174572785,247.26018038546636,24844177
2020-12-17,242.6376953125,246.6710656975439,241.73131621556948,244.72235617124227,25904699
2020-12-18,246.03660583496094,246.48979536299697,240.1904498590986,242.63768437469068,29816205
2020-12-21,230.854736328125,243.81595923177417,227.5464583985285,243.31746182914057,55160758
2020-12-22,233.3472900390625,234.4802638154019,225.00859198100738,230.94537733507516,51189571
2020-12-23,238.37770080566406,239.19343645502937,231.67050106794585,232.89411837224117,29056404
2020-12-24,241.8672637939453,243.68002195967023,239.87321874745012,240.1904569585509,28585509
2020-12-28,249.4355010986328,250.16059320314127,242.9095615160937,243.5893457367544,36870242
2020-12-29,251.88275146484375,253.69550970159756,248.98235488233496,250.43253934334157,45032526
2020-12-30,250.9763641357422,252.60786309174324,246.98830167745288,251.97338666543817,30971894
2020-12-31,249.2089385986328,251.29359941415575,247.0789422329063,249.25424648834206,29467966
2021-01-01,253.24229431152344,253.78612725917736,248.71039918189527,249.1635886948581,24531791
2021-01-04,254.73785400390625,257.3210401638089,251.74681381485922,255.4629739343247,31450608
2021-01-05,255.3722686767578,256.00674500474713,251.06696867244688,252.01865550394052,27393072
2021-01-06,258.3633728027344,262.0795329528111,255.05509434565894,256.50530655794466,40765708
2021-01-07,260.7652587890625,264.4813906949815,260.1307824019338,261.94354046745246,30546600
2021-01-08,259.2243957519531,264.11883685293355,258.4993036112494,262.940555209167,32543357
2021-01-11,256.05206298828125,261.21843426144494,253.42356946669452,261.03714740044245,29703173
2021-01-12,265.1158752441406,266.33949250813544,251.88273542635142,253.78613698584402,44307145
2021-01-13,278.07708740234375,279.1647533497221,266.9286359139389,268.2882045179148,78042133
2021-01-14,278.4849548339844,280.2977128800965,275.3579361402438,277.98645743550054,40123498
2021-01-15,275.4033203125,281.7932824890508,273.09203679933455,278.07712230630244,35307601
2021-01-18,266.8833312988281,279.75389764473476,264.8439783678452,275.08605091258386,54969750
2021-01-19,270.644775390625,274.17964796451537,268.6507305230499,269.7837042749694,35803901
2021-01-20,274.2249450683594,276.1736819734336,269.05860155903315,270.8260239462404,33759304
2021-01-21,267.2458801269531,276.5815736865538,264.20950464439545,275.5392432655102,29995203
2021-01-22,257.1397399902344,270.1009489600251,255.96143066357627,267.8350014016356,44440810
2021-01-25,254.64718627929688,261.0371470437761,251.11228611801926,257.86482060400795,34034630
2021-01-27,249.8433837890625,258.1820822530594,247.1695821430319,253.96742513199874,39211107
2021-01-28,255.91610717773438,256.8224861458436,244.2691319054328,246.4444358967967,48717297
2021-01-29,255.68954467773438,263.43907476807465,252.97040743052804,258.86187146614174,42300984
2021-02-01,281.6120300292969,284.5124268887054,256.27872018790265,258.40871685153746,103414068
2021-02-02,301.9148864746094,305.81230557568534,285.5094190840311,285.5094190840311,121434166
2021-02-03,304.4980163574219,308.0781965788335,295.2982479759378,302.5039716226049,66420168
2021-02-04,321.8551940917969,324.4836877059195,300.10209770927713,303.0931373976766,145203439
2021-02-05,356.2976379394531,370.1199195324629,349.0919128644727,350.7687197701501,214955688
2021-02-08,359.8778076171875,369.62138286167783,357.7931467686107,360.7388788192706,79389205
2021-02-09,357.83843994140625,365.7239487861223,352.58145248525796,359.6058901633061,63869990
2021-02-10,355.52716064453125,360.6481964321056,351.67504991734387,357.15863177067274,54163507
2021-02-11,353.623779296875,359.78717340653003,351.9016646414175,355.11929919081194,36392708
2021-02-12,356.3429260253906,361.9624873265371,349.4544395576771,354.39421655596686,53589755
2021-02-15,368.8509521484375,371.11689969165064,358.6541882039782,360.28565937089473,56608937
2021-02-16,364.681640625,376.8271151730423,362.8235468522633,373.4281935088236,80365431
2021-02-17,373.20159912109375,376.01137989854897,362.6875958966943,365.2707818962982,74161370
2021-02-18,376.32861328125,387.65835202815066,374.9690446316219,385.2564252854117,67154539
2021-02-19,362.1437072753906,376.147273459964,358.01969401611035,376.147273459964,66155518
2021-02-22,353.03466796875,363.4580278702664,349.54510281744757,363.0954817536171,52535049
2021-02-23,358.5635681152344,362.27972786015135,352.5814606795746,355.30059790846593,45462768
2021-02-24,368.21649169921875,372.0686026893029,358.20101418919745,359.8324854266827,39632090
2021-02-25,369.12286376953125,376.056657888352,368.4883873777989,372.5217851670408,46988836
2021-02-26,353.623779296875,363.45799747896564,350.76869083381473,362.0984289098423,64450414
2021-03-01,357.97442626953125,360.46696872253716,354.39421786374334,358.11037759850547,29677890
2021-03-02,357.2946472167969,362.14375320462744,353.98634142032154,358.0197394223151,30534337
2021-03-03,367.1288146972656,370.61837949163214,358.9260955475602,359.3792850621404,46268223
2021-03-04,358.60888671875,365.72396821235327,357.5212483909954,361.37335958034487,43603653
2021-03-05,347.7323303222656,358.019738465982,342.7019374662452,358.019738465982,72179228
2021-03-08,353.1252746582031,356.5695038986241,349.9076125141722,352.08294430864095,39147858
2021-03-09,351.3125,357.92905552407916,346.4633668997818,356.6148225925659,28054083
2021-03-10,351.4031677246094,356.2069656114055,349.59040962989485,354.4848509535254,22677399
2021-03-12,345.42108154296875,356.3882742168456,342.1581112414152,355.02870556290617,35336355
2021-03-15,347.9588928222656,349.86229425575544,334.7710894268219,346.6899677534364,42722585
2021-03-16,343.10980224609375,351.53914459535815,340.8891900149964,349.499791590608,38196452
2021-03-17,333.6834411621094,344.1068002195137,331.7800396282238,342.7925671955283,33143064
2021-03-18,332.73175048828125,339.89213935867195,327.2934762585425,336.7198127246577,39405038
2021-03-19,336.4025573730469,337.98872060916165,323.8038949154335,329.87664522646963,60309145
2021-03-22,332.64111328125,337.89810073757366,329.4687865878321,337.17300855756133,28461974
2021-03-23,337.8074645996094,342.56595435292553,332.68640111764705,334.18194859708285,41032380
2021-03-24,326.1605529785156,334.49922482603273,325.07288689990594,334.0007273419601,42318999
2021-03-25,321.9458312988281,327.0668671077367,312.88204131474504,326.29643942699124,57495003
2021-03-26,323.75860595703125,328.109214309087,321.35667935924687,326.2964562189816,40718848
2021-03-30,327.02154541015625,330.1938720389263,322.9428397445948,326.3870966806981,39405124
2021-03-31,330.1938781738281,333.4115404105168,324.43839331166174,326.56836195930134,38651025
2021-04-01,335.9494323730469,337.0824063306388,329.1062807333907,333.27563042942825,31883453
2021-04-05,320.4503479003906,334.6352041902815,316.37164159197414,333.09434852068074,51743981
2021-04-06,317.73114013671875,323.5772956175346,316.5981664125677,322.3990140086141,44147709
2021-04-07,324.9822082519531,329.1968931047109,315.0573739166869,318.3656520284423,48023602
2021-04-08,322.308349609375,329.287450699794,321.13004041662333,327.2027902471795,33370259
2021-04-09,319.9518127441406,330.3751720828308,318.3203414770651,321.2207379141432,46473100
2021-04-12,298.062744140625,311.79438066392925,292.3525397589146,311.79438066392925,75501713
2021-04-13,309.0752868652344,310.20826079069343,299.55830589137815,300.91787460192904,49773360
2021-04-15,310.6161193847656,315.01203576046936,304.63401197080003,310.07228640886075,52992349
2021-04-16,308.0782165527344,313.1539444845829,306.9452428027902,310.88799698469444,37766793
2021-04-19,300.14739990234375,300.96313546911597,291.21956123260605,296.5218839073633,53304377
2021-04-20,298.65191650390625,308.07825370819756,296.1140660621531,303.7276450479078,41296147
2021-04-22,305.13250732421875,306.03888639107254,293.0323412496223,295.47957579432506,49105833
2021-04-23,304.9512634277344,308.07825476918185,300.6006270919663,300.6006270919663,44223940
2021-04-26,312.0663146972656,314.921431005588,307.4891112825343,307.4891112825343,49234985
2021-04-27,319.9971008300781,321.71924309046227,310.34416983286343,311.794381791901,46003023
2021-04-28,329.378173828125,330.19390952173904,322.7162816193674,323.5773528662632,56696255
2021-04-29,325.7526550292969,335.3149714834763,322.21778194094685,330.82838370870775,63692926
2021-04-30,320.405029296875,328.562441641067,317.64058395554184,320.3597214036059,53832840
2021-05-03,317.7764892578125,319.49860385999483,309.43779122762413,316.87011023977,43691860
2021-05-04,318.5922546386719,328.9249708786379,317.41397286921335,321.7645814985164,57749307
2021-05-05,322.1271057128906,323.985199343661,315.419906340057,323.12412819031704,40872501
2021-05-06,322.2630615234375,325.7073185242703,317.7311662543103,324.48370126950726,36294427
2021-05-07,324.71026611328125,328.10918725194085,319.9517765191578,324.0304818855493,38357618
2021-05-10,327.8373107910156,332.6411086528679,325.2087894389335,326.7496448756373,41739324
2021-05-11,330.51116943359375,332.0973330320854,321.5380208942266,323.4414227445161,41892770
2021-05-12,333.27557373046875,338.5325609351442,328.018558865301,328.8342944438896,53436590
2021-05-14,326.704345703125,337.6262023942307,325.8885824145827,335.36025472715534,51722170
2021-05-17,347.2337951660156,349.1371965692474,329.6047128191782,330.28449705886874,106555796
2021-05-18,346.46337890625,355.79907170793757,344.46933400662135,353.48781628106605,70917710
2021-05-19,348.412109375,353.03464816939385,345.5117129439741,346.236805136607,48189573
2021-05-20,348.5480651855469,351.4937972043004,346.2368095888765,350.76870500234344,42898608
2021-05-21,363.6393127441406,366.5397093217611,342.61130616903847,353.48785557123017,192810772
2021-05-24,373.4735107421875,379.9541436724667,367.35545159355723,377.96009851538145,142964052
2021-05-25,373.74542236328125,376.60051095757547,370.25585734336846,376.2379648545769,56048127
2021-05-26,374.8330383300781,379.5462203696114,372.3404959873523,375.0596330885077,52357719
2021-05-27,385.3923645019531,388.9272370940486,373.4281505558692,374.9690059306121,73392997
2021-05-28,382.53729248046875,393.05129569321736,380.7245342596671,390.19620702755384,65137568
2021-05-31,384.6219482421875,386.11746811475876,378.8664358496929,381.5855729490926,38291043
2021-06-01,392.05426025390625,394.5921382759125,385.7549422399594,386.1627962299375,59299647
2021-06-02,396.3142395019531,396.9487159009735,388.9725636669023,390.46808356688643,38657806
2021-06-03,402.1686096191406,404.2725449742927,396.54291980030337,399.74453506974066,38909199
2021-06-04,396.6344299316406,404.2268212608921,394.94214186450716,400.20193877410975,36898769
2021-06-07,395.3995056152344,400.11044845061065,394.07311091356587,398.0065409057618,20201197
2021-06-08,390.780029296875,395.6281784678205,387.8528269834818,395.39949165945757,31113823
2021-06-09,385.52020263671875,395.44518701289496,382.5472743598681,391.0544118011243,27784834
2021-06-10,395.3995056152344,396.3599790779108,386.3892394645412,388.67610762888614,27397712
2021-06-11,392.97540283203125,398.3724057306271,388.99624692755265,397.77782563360597,26831924
2021-06-14,393.6614685058594,395.582443235397,381.17517463766893,390.597059760629,30106015
2021-06-15,392.8839111328125,395.9025656398954,391.5117903721624,392.6094981470298,16413658
2021-06-16,389.6365966796875,395.85686672355354,388.767575638383,391.5118173487716,19701175
2021-06-17,384.4224853515625,389.6365552127432,381.0836638757634,385.1085457061459,23048331
2021-06-18,377.6991271972656,387.76134676758494,368.3229680521954,387.76134676758494,45748727
2021-06-21,383.9651184082031,385.1085523522419,366.3562356700068,371.7075121112816,33128978
2021-06-22,382.9589538574219,389.17925228423195,381.7240394118449,386.93811021944884,28442965
2021-06-23,383.141845703125,388.5388482534306,379.6200636260711,385.2000267709772,27564829
2021-06-24,381.632568359375,386.7094044902972,380.80927349198566,384.51401664762466,19214547
2021-06-25,392.24359130859375,394.256046330923,383.3248060377666,385.1085742582798,29886797
2021-06-28,390.3683776855469,396.22275433362654,388.3559226272055,393.9816403852467,29370660
2021-06-29,385.5659484863281,392.38082635783167,384.6969274716719,391.0544317388026,22275961
2021-06-30,383.4620666503906,388.6761093385087,382.6387717749082,386.938095109136,18337773
2021-07-01,384.5596923828125,387.5783746967662,381.5867641754161,384.4682120855653,16161469
2021-07-02,388.21868896484375,389.13343612447625,383.279059886002,384.4682200271771,16423811
2021-07-05,395.7654113769531,397.45769945492987,388.08153968643035,390.13972109902784,16483761
2021-07-06,393.1125793457031,399.28712247678743,391.6947324597268,394.8963474165854,20195278
2021-07-07,395.9483337402344,397.00028744406666,391.1001567984235,392.7467185189113,14473774
2021-07-08,388.26446533203125,398.2809305547424,386.1148038004786,395.90258222017076,21433043
2021-07-09,387.6241455078125,391.054447680448,385.1543167771667,388.76757956535766,16844494
2021-07-12,391.0086975097656,393.56997847527344,388.4016624352391,390.1396765129672,12886781
2021-07-13,392.51806640625,394.9878673314468,391.7862518271803,393.3413333813156,12831125
2021-07-14,394.3017578125,395.4451917789159,390.04818904060664,392.4265372739253,12767351
2021-07-15,394.8963928222656,396.0398268669029,393.02114423953844,395.8111400579754,11030732
2021-07-16,393.34130859375,395.62817666696947,391.0087143254142,395.1708030523256,8713863
2021-07-19,391.4203796386719,392.83825475952995,383.1419274111027,387.3040166251212,14426686
2021-07-20,385.01708984375,390.59705333166187,383.18759544875394,390.59705333166187,14623321
2021-07-22,386.0690612792969,390.3226582758298,385.0171075370059,389.2706766176685,11799761
2021-07-23,392.3350830078125,393.2955843528593,383.73646459295605,386.84659960481434,17704661
2021-07-26,387.2125244140625,391.3288873011682,386.29777710581675,391.3288873011682,14037519
2021-07-27,393.29559326171875,396.31424803539767,387.8528359307758,387.9900424357847,24119619
2021-07-28,389.2249450683594,393.7986812031227,385.15430874207203,393.34130758964636,17636515
2021-07-29,403.9066162109375,405.78186472611054,389.22493477303783,389.6823083744162,35263606
2021-07-30,394.9878845214844,406.5137064216268,393.98168479476493,403.8609447572453,35196813
2021-08-02,397.82354736328125,399.4701090548665,394.9878254909973,397.6863408679497,16926025
2021-08-03,408.4346008300781,409.715241251747,396.6343682257757,397.86928245647573,40922962
2021-08-04,417.9937438964844,427.5985894893642,403.86088850061356,410.4013253925912,129761158
2021-08-05,404.1810607910156,423.07058511627656,401.0251717465032,421.6984642996832,58595639
2021-08-06,398.5096130371094,408.8919993647804,397.00028573672193,405.8733447640056,38236066
2021-08-09,396.4514465332031,404.1353177330876,394.256058749789,400.5678090955559,22196404
2021-08-10,390.0939636230469,399.19568172390404,385.74891432261467,397.3661872816168,27794251
2021-08-11,391.5575256347656,395.9940551134782,387.0752699626527,393.15833322593943,23827946
2021-08-12,390.7342834472656,393.75296613100426,388.7675824369353,393.34131870089925,16847144
2021-08-13,394.43902587890625,395.3994993263061,388.7675817551882,391.14593019145286,20908992
2021-08-16,388.63037109375,397.00030276942437,387.8528303553823,393.34131380380757,17608693
2021-08-17,385.5659484863281,389.545104427546,379.8487784316673,388.63035721880027,22957877
2021-08-18,383.91943359375,388.1730027408294,382.36435209591116,386.1605476160816,17668574
2021-08-20,372.0277099609375,381.7697623865227,370.60983500356787,379.6201008108056,25541790
2021-08-23,374.5889892578125,377.7906045506143,367.0423246390654,376.0525904034102,26559937
2021-08-24,381.9984436035156,383.0503973204456,373.3998253423619,374.5889855587402,19012313
2021-08-25,380.7635498046875,385.3830123356692,378.9797814680828,383.27910478838214,16410980
2021-08-26,375.732421875,380.3518841851432,375.04636145769933,379.16272396150333,15897679
2021-08-27,377.2875061035156,379.02552025699,372.7594961495837,375.36653133773024,15090541
2021-08-30,386.6636657714844,387.2124917774755,378.2479800785992,379.07124700345594,20308691
2021-08-31,389.7280578613281,390.5970789222341,383.00468785192083,387.7156306445066,26262421
2021-09-01,393.24981689453125,395.67389139874035,388.9047676812977,391.0544291910187,18776721
2021-09-02,393.1125793457031,396.54288108519444,391.2830850846411,394.6219065279059,14372717
2021-09-03,394.6219482421875,397.27470961796934,391.6947738645858,394.48474174127756,14233624
2021-09-06,394.3017578125,396.86306664679256,393.3870106393673,395.1707787933234,10694099
2021-09-07,392.51806640625,394.89641493545093,388.85907725851683,394.30180686624686,14928735
2021-09-08,394.5762023925781,398.28091731195707,390.91721366593475,392.42654093250144,22817464
2021-09-09,395.4452209472656,396.8173418081734,393.3413134602219,393.5700002703732,9662128
2021-09-13,395.9483337402344,396.81732683650046,392.24359080603887,393.4327789234805,9567921
2021-09-14,396.0855407714844,399.51584279895104,395.39948036599105,397.91503518613325,9981562
2021-09-15,406.0105895996094,407.06254339825074,394.6677288049449,396.085575935826,22181568
2021-09-16,424.16827392578125,426.36366155076513,405.00430954655894,406.92528418687044,42637448
2021-09-17,415.38671875,431.66920812179234,411.9564166703356,428.10169954211534,41529478
2021-09-20,400.15618896484375,414.83787091465945,398.50962719294813,411.08740166941243,18376916
2021-09-21,401.3910827636719,403.7237050043555,395.76539275051596,402.6259971362843,17279588
2021-09-22,401.43682861328125,405.05006343256156,398.9212737236087,401.4825548085636,14321143
2021-09-23,411.4532470703125,412.6881612764728,404.3639568272398,404.68412390526163,20516770
2021-09-24,403.1748352050781,413.37426107405764,402.4887747934983,412.64247446805365,10731274
2021-09-27,408.5260925292969,412.13932710856494,404.546936748596,406.9710111708125,11746892
2021-09-28,406.9710693359375,416.9418093509161,402.12291979859725,410.9044994865671,19241170
2021-09-29,420.7837219238281,422.88762936709935,401.6655105761151,404.18106543544235,38635938
2021-09-30,414.3804931640625,425.26597956466856,412.91689202004414,420.73799754782823,26530369
2021-10-01,413.14556884765625,416.71307735787383,405.96479771752786,410.26412074001394,14777309
2021-10-04,423.6651306152344,424.8085645356662,413.099812356791,415.1122393072307,16246765
2021-10-05,425.0830383300781,429.0164401544858,419.5945550871636,422.61320970441886,16487568
2021-10-06,418.2224426269531,430.84594317135833,414.9750732272012,425.35745981885697,19056690
2021-10-07,418.86273193359375,424.4426953653202,418.1309453493114,422.70468129074806,9984651
2021-10-08,418.9542236328125,424.442706911845,415.52392158341723,422.5217321810097,16521128
2021-10-11,429.2451477050781,434.45921820423183,419.5488212573886,420.7837356299114,20686981
2021-10-12,441.8229064941406,443.1035470167468,428.19317852294046,429.93119265475383,33763609
2021-10-13,440.6337585449219,444.70436703068015,437.24918257620556,444.70436703068015,17638983
2021-10-14,448.7750244140625,451.79367929366146,440.90819216569116,440.90819216569116,23431826
2021-10-18,455.4984130859375,458.2883810858803,449.78124266320947,451.8851502124249,20084248
2021-10-19,446.5795593261719,461.2155133830281,442.0515498734852,457.69373135492367,20645100
2021-10-20,457.2821044921875,464.2341885642044,441.9143632095128,447.1284053266244,34080545
2021-10-21,460.0721435546875,463.31948514702015,449.8269631215146,461.8558839542996,20808243
2021-10-22,460.0721435546875,465.3319402764947,457.37362798323807,461.581470943858,24080485
2021-10-25,463.3194580078125,471.5064566355026,455.4069002903594,463.3194580078125,35619415
2021-10-26,468.8536682128906,474.0220122478447,464.3256863029112,464.3256863029112,21107457
2021-10-27,474.89105224609375,481.9345613326672,469.03664757410104,469.9056686189385,29463032
2021-10-28,458.6085205078125,476.17165023590735,455.178218461403,475.30262921780246,28140401
2021-10-29,459.3403015136719,468.94517504243936,446.7625274967812,458.7457214160472,31355893
2021-11-01,471.735107421875,472.8785413375613,458.2883134070576,465.14891690117526,20679604
2021-11-02,477.2236328125,480.2422874529996,468.39629986281113,470.91185470185064,26797820
2021-11-03,482.6663818359375,496.0673948008811,471.27776804319853,479.3275322272319,80775924
2021-11-04,485.2276916503906,490.2130753469266,483.03227590990497,486.18816509995,9796046
2021-11-08,478.6414794921875,488.8866594503413,472.42120960636737,488.8866594503413,36802110
2021-11-09,484.0385437011719,486.6455511065455,477.68103896303666,481.3857542665781,25451967
2021-11-10,479.6934814453125,483.4439228470967,477.04069208091,480.7454072864268,15805538
2021-11-11,466.1551818847656,478.27555445162017,463.86831386915736,478.27555445162017,23086898
2021-11-12,467.7559814453125,469.2653087264636,459.8434238306619,468.35056153596366,19836221
2021-11-15,463.36517333984375,471.9180929806941,462.40469996620203,468.71647784739696,13328183
2021-11-16,452.8913879394531,464.14276841718083,451.4277866952607,464.14276841718083,19553216
2021-11-17,455.68133544921875,462.3132529890859,449.1408982172135,451.7479334539905,20488483
2021-11-18,460.84967041015625,463.04508622396435,450.3300766465004,456.5503749258373,22471070
2021-11-22,444.93304443359375,462.86209561777235,436.79179971835237,462.86209561777235,28800269
2021-11-23,451.0161437988281,453.1658055308073,439.0787027345806,443.88112604574,20000371
2021-11-24,451.10760498046875,457.3736292848453,447.3571356371588,453.5316796325042,13963769
2021-11-25,448.729248046875,453.2115318618765,444.8415722714062,448.22614823051543,12894211
2021-11-26,430.3885803222656,446.3051768594048,427.27844526124056,444.7958494828941,26305817
2021-11-29,425.4489440917969,437.0204910180489,415.56965721565007,429.93119995496176,22407465
2021-11-30,421.286865234375,436.56315657853776,418.95427074483035,428.10174390519785,23026652
2021-12-01,434.77935791015625,436.56312621872877,424.4427251241281,424.85437255406663,17156956
2021-12-02,436.3344421386719,437.3863959023729,430.8002323931985,434.047573993291,12962679
2021-12-03,432.8126525878906,440.45079765268446,429.9769305504625,435.1910010036649,16653993
2021-12-06,425.63189697265625,436.33445128369937,424.2597760566698,432.8126686828265,14353300
2021-12-07,436.0600280761719,438.8042698440122,429.1994236565711,429.1994236565711,13644942
2021-12-08,449.64398193359375,450.4215226487684,439.30734958040273,439.9019296864058,20397660
2021-12-09,446.9912109375,451.42774041328664,444.65861675824704,450.3300326137153,12560970
2021-12-10,452.52545166015625,453.66888566180825,443.10353873702195,446.8540078456145,13261408
2021-12-13,446.2137145996094,457.785290091264,444.88734778545745,455.31546125462404,14047645
2021-12-14,446.8997497558594,448.54631152566594,440.72520592979265,444.5671554768045,11642447
2021-12-15,443.4694519042969,449.14089597295117,442.2802916556454,448.22614873064373,8639835
2021-12-16,440.130615234375,448.7292334393856,437.47785390417283,446.71680632358755,11107781
2021-12-17,427.918701171875,440.3592678662067,426.7295410555377,439.1243536433227,12648603
2021-12-20,410.90447998046875,424.4427282496702,405.23303580733597,419.86899195387633,22336114
2021-12-21,407.97723388671875,419.1828866111858,406.60511314494727,418.08517885142146,16617447
2021-12-22,416.9875183105469,418.31388500613815,410.72149438321924,411.6362415867453,13102553
2021-12-23,422.43023681640625,425.3574389605467,418.7255219014844,421.69845023830544,14471377
2021-12-24,417.9937438964844,424.07680718880107,413.6486946997054,423.1620599894792,13221159
2021-12-27,418.99993896484375,421.2410807453631,412.13933504390945,415.0208110233969,8856482
2021-12-28,421.8814697265625,423.43652340104677,419.9147406811489,421.8814697265625,8832210
2021-12-29,415.6611633300781,422.7504548333301,412.9169214578515,421.69850103215094,11757303
2021-12-30,413.19134521484375,416.11851967398894,410.2641428398278,414.1518186638395,28879190
2021-12-31,421.19537353515625,422.06436665478475,414.4719758064491,415.5239295385626,10005842
2022-01-03,430.6629943847656,431.76070225175397,420.8752155535809,422.6132297464202,13124509
2022-01-04,442.2802429199219,443.37795065608043,430.89162984177966,432.2180243633156,23296671
2022-01-05,450.4215393066406,452.7998877344807,438.30113827132374,440.81669320318196,24694169
2022-01-06,449.7812194824219,452.2510202282293,444.01829524379843,446.1222306004526,18190843
2022-01-07,449.3695983886719,459.1574053876083,447.7230644616879,451.38205355798243,22746330
2022-01-10,460.71246337890625,461.90165159601725,450.51303675930643,451.2905775328268,15832274
2022-01-11,462.8163757324219,464.50863578819735,456.6875580780953,460.11786021688926,16107950
2022-01-12,466.749755859375,469.72268424064487,465.14894826946045,466.4295887582183,14489616
2022-01-13,467.7559814453125,469.12807431519354,463.776825583464,466.5210671549638,10450974
2022-01-14,465.01177978515625,466.8412743231792,462.08457735797106,465.60635992683945,8724574
2022-01-17,470.1800842285156,474.6623680645578,464.2799533281715,464.691600755031,17422211
2022-01-18,463.5939025878906,473.33598328973244,461.9473686777639,470.1800940601399,12592506
2022-01-19,471.82659912109375,473.51891495637545,457.6480173850423,461.94734043264435,16079457
2022-01-20,467.8017272949219,474.8910462350493,464.691592299712,472.0095701312035,17724642
2022-01-21,459.8434753417969,464.2342511816986,455.5441518984944,462.22179597081833,16947941
2022-01-24,452.0223388671875,463.5938857626072,446.39664897657883,459.56900352713996,20233933
2022-01-25,470.7746887207031,473.38169601825234,447.31139971579785,448.2261469544805,21791739
2022-01-27,483.8555603027344,485.59354654725604,460.3008190412504,460.6209582402638,35409230
2022-01-28,478.8244323730469,490.67041976372684,476.94921178187474,488.47500415393523,24715250
2022-01-31,492.4084167480469,494.78679301613647,482.1175105358289,483.9012787789612,28674232
2022-02-01,486.919921875,497.5767490544578,475.6685425164396,497.5767490544578,32245356
2022-02-02,493.780517578125,497.8511537035552,486.05089272542926,490.8990974544457,21661864
2022-02-03,494.0549011230469,498.2627714076758,491.35644176289344,491.35644176289344,22717677
2022-02-04,485.0904235839844,499.81788683878847,482.3461820145878,495.9302112821434,25332894
2022-02-07,487.7890319824219,502.19630296924447,480.4710530684803,486.55414537339357,52289545
2022-02-08,486.05096435546875,491.81391711559627,474.7538573278604,489.8471880521565,26567546
2022-02-09,489.6184387207031,490.76187272051794,482.7578347218143,489.34402572709524,14856155
2022-02-10,494.46661376953125,497.5767767456132,488.8409516930406,491.3107245973949,18659370
2022-02-11,484.4500732421875,491.8595587317058,482.1632053438922,490.5331641843474,14607095
2022-02-14,458.65423583984375,471.6436291984334,457.0991823651546,471.0948032167013,26153332
2022-02-15,480.05938720703125,481.934608065578,454.7209029372284,459.2031592672199,23842951
2022-02-16,472.6499328613281,482.9865660053206,470.1801040279068,481.6144450791691,19773807
2022-02-17,469.2196350097656,475.66859225767956,467.5730731331966,475.66859225767956,16408356
2022-02-18,471.3692321777344,476.49185011832066,466.61256337439534,466.61256337439534,15111223
2022-02-21,468.21337890625,473.3816952128393,461.6271876325928,467.9389379855899,16866932
2022-02-22,455.9100341796875,462.2217847649798,453.2572726775642,458.19690235666815,27108772
2022-02-23,456.1844482421875,462.2675116515027,454.8580536113119,460.117850108577,13899433
2022-02-24,432.3552551269531,446.3509039273894,428.1016862632802,439.0786525777233,32356037
2022-02-25,441.77716064453125,449.96413113557287,438.43831111317127,439.0786453039202,21792287
2022-02-28,442.005859375,443.92680616738363,432.7669070473986,436.2429352502415,18069367
2022-03-02,433.8188781738281,438.8957141848437,427.18696068988453,437.24918032069553,22003848
2022-03-03,427.5528564453125,442.1888123555731,424.99157532736507,439.0786773078168,20358590
2022-03-04,422.5675048828125,430.7544760513815,418.63407494359245,421.0581495819761,20684268
2022-03-07,402.7631530761719,415.24947382337933,396.49715752319395,409.34934362599853,33720472
2022-03-08,402.7631530761719,404.40971467156214,388.7675330526243,400.65924582835163,42510207
2022-03-09,413.19134521484375,415.56966573918965,401.16239650902844,404.3182856972216,32331325
2022-03-10,428.7420349121094,436.0142585909613,422.293050235539,429.83971483102124,34553299
2022-03-11,430.2513732910156,434.32198179141335,422.6132281939466,426.63811049833384,22091309
2022-03-14,443.78961181640625,444.56715254291663,430.4342967123957,430.8459441310982,27750689
2022-03-15,444.4299621582031,448.68353133693876,439.67326523660074,447.3114104460001,27204899
2022-03-16,450.74169921875,452.15954626404897,447.6772904039518,450.97038602708017,16211288
2022-03-17,459.11163330078125,460.5752344651753,455.8185376598621,456.458871892994,22947673
2022-03-21,448.7750244140625,459.2031378987074,447.3114231722468,459.2031378987074,19064060
2022-03-22,451.6107177734375,453.53166462015184,436.56311470170846,448.7749957825625,26157969
2022-03-23,448.8207092285156,459.5689888556171,447.4943425346927,456.00148034979554,15800195
2022-03-24,445.5733947753906,452.6169319096292,442.28029906474364,443.65241995119067,18174877
2022-03-25,448.866455078125,451.2447754276608,445.1159860345105,449.82692845652457,11541196
2022-03-28,455.08673095703125,456.092958457899,440.8624231959782,449.0951479771104,16738684
2022-03-29,452.7998962402344,458.6542731539036,449.7812414316479,457.37363256589333,14301429
2022-03-30,452.1595458984375,457.7395096003556,450.3300514332755,456.7332820613425,16461225
2022-03-31,451.4734802246094,455.1324691123894,450.2385938076794,452.15954064106813,10240982
2022-04-01,464.87457275390625,466.29241985292714,449.1409085782977,449.1409085782977,18527226
2022-04-04,468.71649169921875,471.0033597191569,462.86208723548157,465.8807418554522,16257176
2022-04-05,465.9721984863281,472.37545653271536,464.4171450612942,470.54596220970984,13602384
2022-04-06,470.13433837890625,471.27777238808164,462.8620869142029,463.77683412154323,13738275
2022-04-07,471.049072265625,475.5770819802615,466.56678874371477,466.56678874371477,19620958
2022-04-08,472.10101318359375,475.21117603315696,468.6707111429309,475.21117603315696,13572638
2022-04-11,471.0033874511719,477.4980706774985,469.44830593970516,469.72271895190704,12370288
2022-04-12,469.12811279296875,472.64992326429416,461.35278895185803,469.036660399113,14460680
2022-04-13,473.56463623046875,476.491838434493,469.951373626989,470.45447342024204,15440525
2022-04-18,466.0636901855469,471.0947996968727,461.03258067422104,468.3505581452404,14492183
2022-04-19,468.1676025390625,476.5375616935719,462.03881309118987,469.4939971361894,20362934
2022-04-20,465.8807373046875,469.90564731315845,463.7768299132433,468.35056590844295,11881305
2022-04-21,472.28399658203125,473.83907808185285,468.5335551692924,469.6312630416218,10035638
2022-04-22,457.9224548339844,469.7226881547967,456.45885372783556,469.1738621663764,16760456
2022-04-25,452.5711669921875,456.64180310672134,448.2718440828117,452.7998537870294,14057444
2022-04-26,462.40472412109375,464.60011188686263,455.955767324922,456.45886713437346,12137213
2022-04-27,454.8580627441406,459.9348987336095,449.91843325679,457.373617641167,12367342
2022-04-28,464.2342224121094,466.52109050280944,454.1720028130292,456.5960774059972,12154792
2022-04-29,453.9890441894531,468.80796064849517,451.88513670313483,464.78307837439434,12894773
2022-05-02,449.1408996582031,452.7998886574553,440.2678401686684,450.65022703722053,18590895
2022-05-04,438.75848388671875,454.12625342075836,436.79178301235004,450.0556172608926,14645323
2022-05-05,439.07867431640625,451.88513565063477,437.8437599617173,443.65241050720215,14130385
2022-05-06,442.69195556640625,444.65865662743096,430.84596717104483,430.84596717104483,16710020
2022-05-09,435.32818603515625,442.4632309305549,433.4072113357847,436.42589383933114,13544947
2022-05-10,434.68792724609375,441.411297554781,433.13284567289395,436.3344612164106,10884328
2022-05-11,435.9227600097656,438.1639017802081,424.1225269019901,434.7335998351647,14771351
2022-05-12,423.207763671875,432.6754022644287,417.4448677890341,432.6754022644287,18947096
2022-05-13,406.7423400878906,436.3344178232267,402.26008435589927,429.4280875753913,61403008
2022-05-16,416.21002197265625,422.1558794294085,401.436858644054,407.06254896226824,27940958
2022-05-17,427.46136474609375,429.6110262963001,417.261938826114,419.2286397659697,16880698
2022-05-18,418.9542236328125,428.6505496756105,418.1309567241316,428.0102154600422,15644497
2022-05-19,409.3493957519531,411.6362638846456,406.5594277964166,410.76724282787416,14201420
2022-05-20,422.97906494140625,424.44266592431865,415.4324011615019,416.07273531523447,13596860
2022-05-23,421.6070251464844,431.2118718001216,420.32638450917386,423.61948037359537,13499415
2022-05-24,422.658935546875,427.0039847772349,420.9666755477461,422.9791026522859,17175179
2022-05-25,421.8692932128906,431.48468563956214,419.9647793082008,428.27954538016223,12728644
2022-05-26,435.61883544921875,436.7336742783001,420.3828654437724,424.4241207597808,17055257
2022-05-27,435.665283203125,441.28586018700094,434.3181887103641,437.9413722079097,10977001
2022-05-30,440.9142761230469,443.05101746267394,437.66269595746616,439.42783380561843,9365470
2022-05-31,434.8756103515625,442.58648881837377,431.99563378932805,440.3568396046054,15441579
2022-06-01,435.0613708496094,438.4987665893312,431.71691141277614,434.78267534704867,9424008
2022-06-02,436.50140380859375,438.82396099779396,433.0640078279661,433.7607749847262,9370989
2022-06-03,431.5311279296875,441.7503796137059,430.6021050493222,439.66007813288394,11306291
2022-06-06,430.78790283203125,432.55304056011636,424.09892703436145,431.25241425266034,10661432
2022-06-07,430.50921630859375,432.8782417701939,427.81505550557466,429.0692421203595,7672515
2022-06-08,437.8485107421875,441.79685833151893,430.32344742962755,433.48211983078653,17168871
2022-06-09,433.8072204589844,437.47684361514746,429.62661773699557,435.66526611320165,12635601
2022-06-10,429.0692138671875,431.20595510609974,426.0498895700351,429.2085616259813,8621104
2022-06-13,414.204833984375,421.82280417134024,410.72099837558784,421.7763643705004,13426836
2022-06-14,416.2951354980469,417.36350608148376,411.88227705867666,413.41515905678415,11351101
2022-06-15,419.314453125,423.12345233593726,416.7596403843322,417.0848040398134,9920926
2022-06-16,410.25653076171875,425.26024538178035,408.9094361752225,422.84478009816445,10780703
2022-06-17,409.6990966796875,415.78418530109855,406.2152608235677,408.77007378472223,14326050
2022-06-20,403.8462219238281,411.9751714122182,400.13013072913554,410.1635656141952,12368534
2022-06-21,418.7570495605469,422.6589568704408,406.54040475559736,408.30554249996754,13801891
2022-06-22,415.8771057128906,419.17515409968314,413.0900369445457,416.8990365982563,11066447
2022-06-23,419.3609313964844,424.05251405247765,414.3442134067089,417.13128210675404,12229833
2022-06-24,422.0086669921875,427.67571254945517,421.0332042538962,423.44864119662316,10833364
2022-06-27,428.46539306640625,431.8563211413282,425.5389481119031,427.3041143865337,9509175
2022-06-28,431.29888916015625,432.6924235354718,425.4924959296749,426.3286108845583,13261290
2022-06-29,426.514404296875,429.85889229141424,425.4924734719425,427.3505192076278,11800876
2022-06-30,432.8317565917969,435.9904287315172,426.0499008697052,426.4215043535202,16926328
2022-07-01,433.7143249511719,435.5259025050999,427.86146396152674,430.4627449629893,9405495
2022-07-04,439.8459167480469,440.4962157869446,433.71435975090793,433.71435975090793,9186358
2022-07-05,438.6381530761719,445.9309884534772,437.5697824199745,441.4252217540061,12003244
2022-07-06,445.8845520019531,446.8600147059179,440.26394644847693,441.4252250729725,12059857
2022-07-07,452.2018737792969,453.59540805904817,447.4174117557896,449.64706093308615,11497832
2022-07-08,453.8741149902344,455.12830154386137,450.71544288032334,454.29218662528615,9057231
2022-07-11,453.5489501953125,456.4288982442216,450.5760658429546,450.5760658429546,7704792
2022-07-12,450.5296630859375,456.475403927994,448.810965064402,450.57610288995386,7364457
2022-07-13,451.9696350097656,457.4973325339497,450.15802903756315,453.1309136197599,8208853
2022-07-14,445.3271179199219,454.1992749781504,442.95809259308453,452.0625337200882,9385630
2022-07-15,445.0948791503906,450.01868920290036,441.0071840415013,448.2999911595239,6945602
2022-07-18,455.4999084472656,456.6147472480962,447.8819378133518,450.1580268670489,9934786
2022-07-19,462.6069641113281,463.1643551697625,453.3631749213971,453.3631749213971,11724183
2022-07-20,472.5010681152344,474.3591139762054,464.88306874464126,465.4404881732386,19280117
2022-07-21,475.7061462402344,476.9603611286514,470.78233640092463,473.61584479592835,13814893
2022-07-22,477.23907470703125,483.27772355243076,474.9165174588007,477.0068189822082,14699129
2022-07-25,481.04803466796875,482.16287346167064,473.0119924472466,476.9603680284706,10229778
2022-07-26,477.70361328125,483.835142083511,476.6816540121658,480.9551936134014,8862656
2022-07-27,490.70989990234375,492.3356899534286,475.8919735247016,478.7254819874095,15101546
2022-07-28,494.65826416015625,499.34981855668167,491.9640750160222,495.35503134884004,12160734
2022-07-29,490.8492126464844,498.885283185348,489.3627987297617,497.07367724099106,11921058
2022-08-01,495.8659362792969,497.02721481859265,489.0376411494592,491.499517630934,8295631
2022-08-02,503.6233215332031,506.2246311712478,493.4040690219345,494.1473327488394,16845027
2022-08-03,502.4620056152344,507.6181279991191,496.70210907985614,503.4375250087631,24262125
2022-08-04,495.4015197753906,505.38851712669947,486.99387288071557,505.06338175462685,18072293
2022-08-05,493.35760498046875,504.3665604850358,491.45311935571334,497.5382080751771,21110734
2022-08-08,483.4635314941406,486.8079911951748,477.37838624175544,486.8079911951748,32566317
2022-08-10,478.1680908203125,486.34348087745,476.9603724089837,484.53187490892833,16904151
2022-08-11,487.5047607421875,488.6660393528168,480.49064927459784,483.0919020217961,13862195
2022-08-12,493.032470703125,494.0543732250272,487.876404882512,488.3873561434631,12154012
2022-08-16,488.61956787109375,495.95881419262287,487.7369848436232,495.4478629776831,10721167
2022-08-17,490.6634521484375,492.89307301767894,487.1331198751237,491.31372279588953,12054183
2022-08-18,494.5653381347656,496.8414556724269,488.8518810905393,489.45571197812444,9013662
2022-08-19,483.4169921875,495.773040812657,481.6983226855611,494.24013050861817,11087222
2022-08-22,475.0093688964844,482.9989993783973,473.8016505396413,482.1628561373997,9676954
2022-08-23,484.8570556640625,486.8079809982914,472.1758708824076,472.1758708824076,8597965
2022-08-24,482.4415588378906,485.8789547532378,475.93839883163315,482.16286332109064,11930650
2022-08-25,483.4635314941406,490.8027782555925,481.6983653333934,484.9035056236676,15473450
2022-08-26,486.6221618652344,491.91760349846345,485.13574797309,486.6221618652344,12855886
2022-08-29,478.3074035644531,480.3048254229665,472.64038671940847,475.0093837053515,9421339
2022-08-30,493.5434265136719,494.70470516429225,481.1874330116826,481.4196887418067,14835308
2022-09-01,495.4478759765625,502.5084836785202,485.1821847954132,485.1821847954132,16670228
2022-09-02,498.6065979003906,499.67494020526334,493.5434117940799,498.88529342761575,10017930
2022-09-05,500.650390625,502.41549985626574,498.2348974147237,498.8852246906846,7819994
2022-09-06,499.6285400390625,504.1807752561006,496.1911437224278,499.8143559729734,8657868
2022-09-07,495.0298156738281,499.30335491557975,493.8220972783756,496.46984649081065,8445359
2022-09-08,505.9922790527344,507.5251326156154,497.4916979472062,497.95620933651264,12240707
2022-09-09,514.0748291015625,517.4657855661197,509.1045789770801,510.6374895329618,18587927
2022-09-12,515.5148315429688,518.952170921536,512.1238752658808,515.5148315429688,9677415
2022-09-13,518.3948364257812,520.2528824344759,514.4464886573053,520.2528824344759,16707275
2022-09-14,531.1688232421875,534.0487714434327,510.2658087726655,510.96257592164955,21632641
2022-09-15,531.5404663085938,537.4397389468393,527.5921190475323,531.9120414407419,12749947
2022-09-16,521.925048828125,533.2591394390437,520.5315144916118,528.7069045918777,14739280
2022-09-19,531.6333618164062,533.6307837600242,519.8347594839756,520.903158514852,11194003
2022-09-20,533.3056030273438,536.928815145089,532.1907641678022,536.928815145089,8484017
2022-09-21,529.2643432617188,536.3248944309445,525.2695562395763,534.1881531589202,9392526
2022-09-22,527.0347290039062,533.2591943552861,522.1109185151059,526.5237777018439,11869435
2022-09-23,511.5199279785156,527.6849472842902,510.49802558577016,524.7120630012332,12563239
2022-09-26,504.73809814453125,510.0335396785257,495.16917422341385,507.0606552468925,16158750
2022-09-27,498.42083740234375,511.7987912272668,495.35507285585913,505.89946118025637,11066799
2022-09-28,487.5976257324219,501.486528839793,483.4170228594841,495.07630512312164,12233485
2022-09-29,484.71771240234375,497.67759358102506,482.6738506213195,491.45312862643,17310168
2022-09-30,492.93951416015625,498.7924036275781,479.5151789961069,486.8079858742602,17466950
2022-10-03,482.8596496582031,493.91504478951293,481.6983710394965,490.1524567024575,9351162
2022-10-04,494.8905029296875,497.7704511963268,490.3382681050698,495.16919845499825,8745887
2022-10-06,499.16400146484375,503.3446045871675,496.6556282508377,496.6556282508377,9507322
2022-10-07,492.56793212890625,497.5846215553129,489.17697600581823,497.4917419504565,11065307
2022-10-10,493.07891845703125,496.0053633580189,485.13578377256994,488.3873640167519,9649292
2022-10-11,489.96673583984375,495.8195691956654,488.2015695200119,493.0789401003736,10825440
2022-10-12,495.91241455078125,497.02725337559986,488.66604724404766,492.38213885807085,8522604
2022-10-13,484.43902587890625,495.9124365653068,483.2777471979726,495.1692295501213,12972765
2022-10-14,489.7808837890625,496.8878749459658,488.66604496943324,492.5679524866068,8545479
2022-10-17,505.0633239746094,506.0387866822973,486.99381716787735,489.03767889540234,13485349
2022-10-18,522.5289916992188,523.5044544974211,507.9433194258474,508.26845479089377,20440781
2022-10-19,514.1212768554688,523.4579453205156,512.4025505311012,523.039873690099,9540583
2022-10-20,515.9793701171875,517.2799682278867,506.5962042820574,512.8206693998048,11225588
2022-10-21,521.0424194335938,525.6410936759931,517.6979600044227,517.6979600044227,11767639
2022-10-24,530.007568359375,531.8656141730801,525.7340856690766,526.7559881853911,3692065
2022-10-25,537.4861450195312,544.5931923246487,527.6849655389519,531.8655682588908,19899324
2022-10-27,538.5081787109375,543.4784288404763,536.6036362901586,542.5029660780416,13613533
2022-10-28,530.23974609375,541.2951397403938,526.7559107054863,538.7867669202338,10043644
2022-10-31,533.0733642578125,536.4643207503551,528.056674284823,534.1417633453428,9894639
2022-11-01,535.9533081054688,544.1751376967455,533.8165101750305,535.4423001724173,12069579
2022-11-02,533.1197509765625,537.8578016328036,529.4501560045153,535.0242932214652,10241440
2022-11-03,543.385498046875,546.2190064529988,527.684988900138,528.6140117679199,17557998
2022-11-04,551.793212890625,554.5802818436514,539.2049627934017,544.4074688244924,25759031
2022-11-07,570.5594482421875,578.5025828570365,564.5672390755263,569.4910492043815,44265903
2022-11-09,571.8599853515625,576.9231710597669,567.2148712528526,576.9231710597669,18939854
2022-11-10,562.7556762695312,571.4420185459949,559.4576559951925,569.5839725657406,11618405
2022-11-11,558.6214599609375,575.5761279324214,556.0202071744174,573.4393865971748,15525267
2022-11-14,550.4924926757812,561.0833761211366,549.656406110973,561.0833761211366,12957268
2022-11-15,558.203369140625,559.3646477289204,550.5854269638519,552.1182806785682,10286417
2022-11-16,557.181396484375,560.6652318104549,553.6975611582951,557.367212375709,11555749
2022-11-17,556.5311279296875,559.9685238213378,553.8369956817869,556.5775677316582,8167131
2022-11-18,559.9220581054688,562.7555663311978,554.76599285815,558.3427079901772,12933675
2022-11-21,555.6485595703125,559.3646510750879,553.0937466607794,559.3646510750879,7412419
2022-11-22,556.5775756835938,558.0640462892758,553.8370035945674,555.6950493243781,8048595
2022-11-23,564.5208129882812,566.3323623614517,558.3427877471263,558.8537390242528,12435924
2022-11-24,566.1000366210938,567.911642473298,562.8020169277778,566.4716684328985,8960032
2022-11-25,564.2885131835938,570.1413459163525,563.2201142032641,567.2149011984452,9994513
2022-11-28,565.4032592773438,567.5400571020017,559.596866716974,562.6161908483663,7934274
2022-11-29,565.3568725585938,568.3761969734692,564.0097780174993,564.0097780174993,6942919
2022-11-30,559.6898193359375,568.0045850653908,555.9272881877424,565.3103961576169,15606230
2022-12-01,564.9388427734375,566.5181931557748,558.8537536885804,564.7065870320074,14209313
2022-12-02,564.4279174804688,566.3324033073042,561.3621528929941,564.3814776706561,7533838
2022-12-05,573.4857788085938,574.1361061270183,564.4278062604734,565.3103892852598,11585602
2022-12-06,565.728515625,575.8083915750034,564.6601165911579,571.1168371932469,12996244
2022-12-07,563.96337890625,569.3981972670116,561.5943816888696,567.4936548285287,7613892
2022-12-08,568.2368774414062,570.2342426474543,564.0562744063031,566.471711256473,10020015
2022-12-09,572.7426147460938,574.1361490885416,565.8678226421276,570.7916893478897,11202267
2022-12-12,569.5374145507812,574.786416036808,567.6329291569044,571.1632044460752,9285187
2022-12-13,572.9749145507812,573.5788021601909,569.0265669434187,569.9555899098569,7455415
2022-12-14,581.103759765625,582.2650382623589,573.6715773865283,574.6006001839154,14010673
2022-12-15,572.231689453125,584.8663787165883,570.6987789256705,581.1502869681508,10622271
2022-12-16,560.5259399414062,571.9064703833176,559.3646613248847,568.5620106489584,9435071
2022-12-19,561.5479125976562,566.239466980178,560.2008180296101,561.1298409450822,8322012
2022-12-20,561.5479125976562,563.4523982337621,556.99567763062,560.2008180296101,6753785
2022-12-21,551.2822265625,565.9143376361941,547.7518940838596,562.8950131289239,9217253
2022-12-22,551.2822265625,556.4847322630342,545.847408427578,554.6266864124063,8740149
2022-12-23,533.2591552734375,548.7738493545831,530.9365979769505,548.1235219709549,13047046
2022-12-26,554.719482421875,558.993021256089,530.1933149117649,533.2590787626473,13201587
2022-12-27,559.1788940429688,560.2936761363036,551.1892632547101,557.7853597232435,9638618
2022-12-28,558.38916015625,563.9168573306621,556.0666030832242,558.2498407537006,7988631
2022-12-29,568.376220703125,574.1361742448994,554.7660687173757,557.413761402815,20130392
2022-12-30,570.1412963867188,576.505079803862,567.9580588128947,571.5812703676361,13052895
2023-01-02,568.7478637695312,575.2510244474183,567.8188408155474,571.3026768929869,6726084
2023-01-03,568.9336547851562,572.8355056585625,566.7039771120167,570.8845802218594,6818062
2023-01-04,562.2446899414062,571.3026635308936,561.1298510820882,568.4226584190668,7011191
2023-01-05,562.1516723632812,568.1903205500095,559.225284571544,563.9168383606225,8241475
2023-01-06,558.017578125,564.3349219446619,554.6266221592208,564.2884821443881,7972036
2023-01-09,564.5672607421875,565.7749792423224,557.506652266752,562.0588874246389,8878905
2023-01-10,552.9080200195312,565.7749649315789,548.6809203213877,565.2640136601837,10622660
2023-01-11,554.3479614257812,556.9492141378572,550.2137982871492,554.1157057067913,7419630
2023-01-12,552.6757202148438,555.4627887853612,548.2163651395716,555.4627887853612,8183715
2023-01-13,557.5066528320312,560.1079624694962,551.5145001323897,555.4628476926819,7877610
2023-01-16,560.2007446289062,563.0806926082987,557.9710672426951,560.2007446289062,5483191
2023-01-17,550.8641967773438,562.9879355336183,544.4539154242008,560.2008665458281,13461999
2023-01-18,549.4706420898438,554.766084312645,545.8938696651248,553.6048056104106,11538075
2023-01-19,547.984130859375,549.7492970376347,545.8473895456789,549.0525298677518,7475688
2023-01-20,550.1673583984375,554.2550250301911,548.8667036910736,551.6537723185195,6750607
2023-01-23,557.831787109375,559.0395054856419,550.8641156658481,556.0201811934469,6604469
2023-01-24,552.1647338867188,561.6872185419243,550.9570154661823,560.6653160406374,7609623
2023-01-25,528.3353881835938,553.558328456264,527.1276696316518,553.558328456264,25686294
2023-01-27,501.62591552734375,528.1959472210457,494.4724280088681,527.684995977524,40163464
2023-01-30,500.0001525878906,515.0038388951956,487.9228544901303,497.9562907999654,40797825
2023-01-31,514.2141723632812,517.4657524956598,499.67494137585163,506.3174777560764,21911943
2023-02-01,489.9201965332031,524.8979308924825,463.9075840617413,521.553471182178,38218810
2023-02-02,490.616943359375,494.8440426803204,466.833981131225,483.27769688183133,39287056
2023-02-03,505.5742492675781,507.2000392645869,482.30223807957736,497.95625051241154,32317232
2023-02-06,506.6890869140625,519.1379591275065,498.46720063982644,519.1379591275065,25338586
2023-02-07,508.2684326171875,512.2632766595542,502.64785511744986,509.10457595234817,16195947
2023-02-08,510.7303161621094,515.1431747374072,506.7819690157902,510.9625718765987,15502847
2023-02-09,511.7057800292969,512.8206188020864,504.2735971481072,512.8206188020864,15061047
2023-02-10,513.7960815429688,517.6979888967993,507.710993148678,507.710993148678,13824475
2023-02-13,499.3498229980469,517.3728904535258,495.4479153661014,514.6787012854288,18488732
2023-02-14,502.4620056152344,505.94584144053107,493.0788971403248,501.6259190389974,18559909
2023-02-15,503.7626953125,505.99237307671194,498.69950888760354,501.6723936721992,12796579
2023-02-16,501.76519775390625,508.0361017308311,500.27878393689315,508.0361017308311,12767016
2023-02-17,493.3111267089844,501.3471969345237,490.2918024871309,500.2787979901847,14192008
2023-02-20,487.8763732910156,496.0517630460272,485.0893047356897,494.2401571444544,12570032
2023-02-21,486.2970275878906,491.4066533197849,485.3215649251401,489.68792700631445,10223218
2023-02-22,479.7009582519531,484.8570807794608,476.1242427195758,483.78868174872025,14763050
2023-02-23,484.0208740234375,486.80794239593325,475.05580976221444,480.2583430611784,15535085
2023-02-24,484.0673522949219,490.05956111264493,480.86221207120434,486.99379699984996,12253035
2023-02-27,490.2453918457031,492.1963172392588,482.1628813381515,484.1138067317072,11048799
2023-02-28,485.69317626953125,490.94217850316005,484.06738614268016,489.8273396469931,15768010
2023-03-01,498.6065979003906,499.2569252659543,485.9718525366277,486.111228651769,13510198
2023-03-02,495.8659362792969,501.57944937385355,494.7046577400011,497.9097978490682,10376913
2023-03-03,521.3676147460938,524.247562789315,503.2981096666439,503.53036537022797,27656538
2023-03-06,521.8321533203125,527.5921064096759,519.3237802504061,524.80503782157,16162268
2023-03-08,524.7120971679688,525.3624245070854,516.954779009873,520.2527988045408,12637578
2023-03-09,519.23095703125,525.5947416506116,518.394813682795,524.6657186870224,8993423
2023-03-10,508.5006408691406,515.5612486426553,506.31745982451406,513.8425223260048,11522371
2023-03-13,492.3821105957031,513.8890122586054,490.9421365185342,508.17549904877285,14373729
2023-03-14,488.1086730957031,494.9834087980147,483.09192656172274,490.19897470101824,14750800
2023-03-15,480.8157958984375,494.2401882932551,478.95775007778616,492.1963265499269,11282329
2023-03-16,487.27252197265625,491.77826045743336,477.79647683963054,481.60550483684807,20040008
2023-03-17,492.1962890625,493.8685188331115,483.18475617807985,491.12794681882934,18787379
2023-03-20,482.34869384765625,489.2234291835881,478.4467863850695,489.2234291835881,14275315
2023-03-21,484.81060791015625,486.2970786646676,479.7939179592165,484.949984035069,29485180
2023-03-22,484.53192138671875,489.59510794229425,483.1848267320335,485.13580900183837,11619538
2023-03-23,476.3564758300781,484.020914495311,475.19519724443677,482.53450058691243,22097792
2023-03-24,469.4817199707031,478.4003453249582,467.7165821618938,477.9822736866617,14416984
2023-03-27,473.9410095214844,477.65712933781117,465.9514072018612,471.0145931632608,15674218
2023-03-28,472.0365295410156,475.42745737224135,468.08818231320515,475.1487618497131,15833599
2023-03-29,479.8403015136719,481.2338357871869,470.36425711315877,472.87263014609675,24203789
2023-03-31,486.5757141113281,487.6441130621977,482.4879909201496,483.69576597871674,17356345
2023-04-03,489.36279296875,490.98858297861295,485.04281397560624,487.50474724319236,14210949
2023-04-05,485.8789367675781,490.15241907513473,482.20928527356034,489.5950280621676,13574801
2023-04-06,490.1989440917969,495.8195211611808,484.62480682568594,486.80798790702346,25125879
2023-04-10,488.9447326660156,492.75376051347615,487.17962320768146,491.6853615153094,17335453
2023-04-11,494.3330383300781,497.6775546290033,489.73442056152066,493.1717597616434,26414406
2023-04-12,490.70989990234375,496.0982213024708,488.66603821179706,495.3550143340148,21292441
2023-04-13,495.122802734375,496.33052125362167,489.73448085407773,491.7318462158536,28597560
2023-04-17,505.3884582519531,506.31748115315156,490.524091832778,490.524091832778,32476990
2023-04-18,507.1070556640625,509.5689886825821,502.13680653224355,506.64254427966637,22283456
2023-04-19,501.9510498046875,508.6400258690563,500.0465642447845,505.3884457950075,21156372
2023-04-20,506.13165283203125,506.7355403842381,498.5601503946012,502.7871931508796,25588577
2023-04-21,504.5987854003906,507.6181096733121,501.39364521621684,506.31745499760086,22599418
2023-04-24,515.236083984375,516.1186670908221,504.9239523489952,505.2026478818052,23335611
2023-04-25,521.925048828125,527.592122485113,515.6077045098767,515.6077045098767,38142390
2023-04-26,526.152099609375,526.7559871788986,516.9548068709435,522.1108726535115,23143882
2023-04-27,524.6657104492188,527.1276439453,521.2747540041349,524.8979661864694,17845169
2023-04-28,537.25390625,539.251328071495,525.3624250345678,527.4991662626207,16183423
2023-05-02,534.4668579101562,539.6229236151588,532.4694927161221,538.8332768389454,13667511
2023-05-03,530.007568359375,534.1881714402115,528.6140339990961,530.1469444766262,9699527
2023-05-04,538.833251953125,539.57645889107,528.149489198882,529.7288393814246,12533761
2023-05-05,535.5817260742188,546.4977456429474,534.2346314676785,539.0191223003028,18163461
2023-05-08,542.1776733398438,545.8937644708997,536.3712809475688,536.6500331448386,12990869
2023-05-09,532.7946166992188,544.8254742233607,531.4939619981551,543.4783797193426,18959065
2023-05-10,531.5868530273438,534.188105504844,523.2720876967015,534.188105504844,18561315
2023-05-11,532.7481689453125,538.8332573209989,531.4010744613989,531.5868903735,16016715
2023-05-12,537.1146240234375,539.5300609348624,530.9830387279558,533.9094836079651,11319335
2023-05-15,540.5984497070312,542.5493751212783,533.8630336631455,537.6720048826024,11410243
2023-05-16,544.6860961914062,548.495123972205,540.6913091994442,542.5493549355248,22178229
2023-05-17,544.6860961914062,548.5880035777866,538.3687520293435,544.4074006716053,23739774
2023-05-18,533.4449462890625,551.7467082714093,530.8436935790718,548.4021918988014,45656620
2023-05-19,534.3275146484375,544.6396455981572,529.450144687857,537.9042299383079,42293962
2023-05-22,536.1856079101562,539.1119961242575,532.7482117209831,536.5107432551475,21484049
2023-05-23,540.3197021484375,542.2706842826218,535.8604035179653,537.8113856521496,16120548
2023-05-24,541.3416137695312,543.7106106427419,537.2074508400949,538.647424884356,17616658
2023-05-25,539.9945678710938,541.5274783578868,536.0462204931116,540.6913350554436,16479436
2023-05-26,544.4074096679688,546.0331997139054,539.3442236128685,539.9945509718547,9788076
2023-05-29,552.7686157226562,554.0692704408735,546.3118953412509,548.1235013048188,18432231
2023-05-30,550.7247314453125,553.2331044686529,549.5170130868315,552.7685930459252,15031640
2023-05-31,549.1620483398438,553.8500865520962,546.9364426475817,552.9030104609316,28797643
2023-06-01,551.9086303710938,555.3654814653645,550.251247096706,551.0088964611522,17820226
2023-06-02,556.1231079101562,557.7331488713374,552.1453766545729,553.7554176157541,11323908
2023-06-05,556.1231079101562,558.5854826943589,554.9866050078555,557.3542953022576,12920507
2023-06-06,554.3710327148438,557.7331994819402,552.1454267581223,556.8808077766311,11199940
2023-06-07,558.0172729492188,559.3431448615423,554.9866177418588,556.8807700208413,11113781
2023-06-08,557.3543701171875,562.515947212822,555.3181330686974,558.7276422332659,15971917
2023-06-09,548.072998046875,557.9225556560352,546.2261879311128,556.8807949778836,18870272
2023-06-12,548.025634765625,550.7247786585704,547.1259008663296,549.3041644401906,8786066
2023-06-13,545.8947143554688,550.6300950913596,543.8584775170594,548.783285043374,12612098
2023-06-14,546.0366821289062,547.930834218716,544.8054948315169,546.4628779101002,8948696
2023-06-15,536.5186157226562,546.1788035949786,535.3347705864633,545.5158387577229,17934877
2023-06-16,541.0172119140625,544.284635958382,537.039480808149,538.6495217087493,12660226
2023-06-19,538.7442626953125,542.4378829249408,535.950434203992,541.0172686527673,17903691
2023-06-20,537.3710327148438,539.3125272688809,532.7776786865753,538.7442468937137,14549152
2023-06-21,536.3765258789062,539.3598387145792,535.7136188531458,537.3710020274224,14946871
2023-06-22,533.1565551757812,538.8863545906687,531.3570872845204,536.3765795536382,14979063
2023-06-23,525.2484130859375,532.3514842571589,524.4907637219954,532.256799763519,12215712
2023-06-26,527.5687255859375,528.9419974805809,525.1536931118749,526.5743072501397,8360264
2023-06-27,536.1397705078125,537.8918960196315,526.2428712590395,528.7052460586985,10694768
2023-06-28,539.64404296875,543.6217748333986,538.4601976402801,541.9643913735406,18028934
2023-06-30,542.5325927734375,543.621753554977,540.0228754582851,543.621753554977,8718232
2023-07-03,554.4657592773438,555.3180931535118,543.5270409961187,544.0952635802307,15421985
2023-07-04,558.0645751953125,564.4099964360767,551.435042694053,557.0701568811107,24799250
2023-07-05,559.3431396484375,562.279110336461,557.0701916178066,558.5854903048938,13598114
2023-07-06,561.142578125,562.0896542062237,557.922496326865,559.153741476405,11323509
2023-07-07,562.184326171875,563.9837938080983,554.5130332067869,558.774875477377,11707209
2023-07-10,561.2373046875,568.0562645445196,559.0116988517439,563.1788570435173,11417363
2023-07-11,557.4016723632812,564.4100591944411,556.2651693899928,563.5103252653819,13221177
2023-07-12,558.0645751953125,563.0367245712572,557.0701568811107,557.8278061774104,16029716
2023-07-13,554.6552124023438,566.3515806192413,552.4768908483136,563.4156674537284,20024503
2023-07-14,553.4713134765625,560.0061040903931,549.9671202346848,555.6969192600167,12190152
2023-07-17,569.2874755859375,570.9448589210546,553.2819226326304,555.933724407829,19378986
2023-07-18,561.0005493164062,572.0813521283934,557.5910982073067,571.1342759530944,25757209
2023-07-19,569.6189575195312,570.5186914159763,560.6690764111024,563.1788513109324,17556585
2023-07-20,577.7637939453125,578.4741010580569,567.0618450076182,569.5716199279582,34038351
2023-07-21,582.5465087890625,586.7136669141413,576.7693674749186,577.7164436119874,21040281
2023-07-24,584.9616088867188,588.9866825360349,581.7888690919402,582.4991762065254,11756364
2023-07-25,577.3375854492188,588.8919257906668,572.2234090326344,588.8919257906668,18503305
2023-07-26,582.5939331054688,583.7303782733334,576.9114760463759,579.610620027468,9999125
2023-07-27,583.9197998046875,588.3710693551636,580.6523754641814,583.7777730624562,17444742
2023-07-28,583.4462890625,587.0925671630472,581.1259407812325,583.7778004197922,11930586
2023-07-31,587.3766479492188,588.1342973187537,581.9783022582515,584.0145391310097,8605483
2023-08-01,579.468505859375,587.9921910123245,578.2846606992431,587.3766262120196,13493453
2023-08-02,566.7777099609375,578.189965532909,562.6578941967817,577.5743429390312,14977497
2023-08-03,559.2484741210938,569.0506892838814,554.0395552258084,567.0145102168711,27774877
2023-08-04,542.958740234375,567.0144973448427,541.1593302489086,563.3208772718776,52725616
2023-08-07,537.8446044921875,546.46297490863,536.660759225921,546.46297490863,32736325
2023-08-08,542.769287109375,543.858447740975,538.3654179490715,540.7804504311654,25038671
2023-08-09,543.3849487304688,544.5687939346745,538.270714326323,544.5687939346745,15769111
2023-08-10,543.290283203125,547.0311879350622,539.9281164618493,543.3849677007904,27325801
2023-08-11,543.7638549804688,548.3571516956642,541.7276179100518,544.9950425510931,18221179
2023-08-14,531.1202392578125,542.6745786718476,529.0366603790627,542.6272364301581,28084093
2023-08-16,535.4295043945312,536.4239806444865,524.6802126897423,529.2261668704698,15725767
2023-08-17,541.86962890625,542.8167050327628,534.1509353531953,535.8083185745926,27910162
2023-08-18,542.6273193359375,544.805583030874,537.3710579967587,539.8334329901751,18253227
2023-08-21,541.4434204101562,545.0896402898765,540.543686550049,542.6272655405768,9380810
2023-08-22,538.412841796875,544.0479569791332,537.4657655580063,542.2011467523499,14073413
2023-08-23,546.3682861328125,547.362704587704,536.0451323697911,540.7805133977928,18579297
2023-08-24,546.4155883789062,551.198311306055,545.0896586661597,547.5520913034119,24131644
2023-08-25,539.7860717773438,544.8529061378787,537.1816123237163,543.4322918904455,12271885
2023-08-28,542.5325927734375,544.3794029745524,539.0757992325795,542.4852505231413,9711932
2023-08-29,544.4266967773438,545.799968743401,541.5854683530627,543.2902516515835,13144855
2023-08-30,537.3710327148438,547.1259055366658,536.1397874711188,546.1788293829949,15281416
2023-08-31,531.6411743164062,540.1175174300328,529.7944220656501,539.1704412789,27898476
2023-09-01,539.4072265625,540.9699253809107,532.3514974630689,532.9197778538285,18121168
2023-09-04,545.0896606445312,545.8473099953048,538.3654431746227,541.727551909577,12108655
2023-09-05,542.6746215820312,547.6467712562122,541.11192284817,545.1369963939355,14444729
2023-09-06,540.3069458007812,543.8584813779117,537.9392554160275,543.8584813779117,20609936
2023-09-07,548.4044189453125,550.251228951145,537.9392393188474,537.9392393188474,12390597
2023-09-08,552.5715942382812,557.3543172604112,549.0200586567578,550.2512460973644,14032068
2023-09-11,560.385009765625,560.9532323744613,554.3710410982075,555.9337399799246,10946134
2023-09-12,557.2122192382812,562.7999915400404,553.7080837932164,562.2317689827164,16093060
2023-09-13,564.8836059570312,566.3515624928049,552.5716154680572,557.2596541767706,19377172
2023-09-14,565.6885986328125,571.749909391221,563.6997617490858,566.7777593769611,13178911
2023-09-15,567.1091918945312,568.9086597168509,563.6997408474365,567.6300722204844,11756389
2023-09-18,571.9866333007812,576.2011335888857,565.4517849614788,567.1091681687718,19305055
2023-09-20,569.2874755859375,574.6858214384503,567.6774923043499,569.0507065380637,21314600
2023-09-21,557.0228881835938,574.4963977678915,553.7081214953073,568.2457179919575,23453425
2023-09-22,566.4935913085938,570.1398111649995,560.1008276451988,562.0896643296132,18784139
2023-09-25,562.6105346679688,569.6662630363052,559.2010838964593,569.6662630363052,9712784
2023-09-26,562.9420776367188,563.5103001956123,559.9587646901778,562.5632240608297,8327427
2023-09-27,558.5381469726562,562.8473317978076,557.0701905339704,562.0423402102848,9865347
2023-09-28,558.7275390625,563.6996884300446,557.6857207025291,559.9587263925239,21960816
2023-09-29,566.8723754882812,568.2456473637309,560.0060739159695,561.4740302773386,12189735
2023-10-03,571.03955078125,572.8863607525196,558.3960500586644,565.0255828135226,15322196
2023-10-04,555.223388671875,568.6718814595422,553.5186631759601,568.2456856343284,24914612
2023-10-05,560.8111572265625,562.8946784824502,556.0283764943421,558.7749204115613,13248028
2023-10-06,562.7999877929688,567.2512571455039,560.8584932959413,561.9949962079626,8216780
2023-10-09,554.1342163085938,557.8278363093581,550.7721076337612,556.8807601865917,9189597
2023-10-10,560.337646484375,563.5103285736951,554.7498738857847,555.9337191138808,10373508
2023-10-11,557.2122192382812,565.4044509034987,556.5019121391563,565.309766412258,14220119
2023-10-12,555.0339965820312,561.6161877464566,554.0395781309901,559.5326085412145,11983797
2023-10-13,545.6578979492188,550.5353050008061,544.3793105785601,547.173196531182,19064577
2023-10-16,545.1843872070312,548.1203000333988,541.2539982187257,545.5158407243849,11290293
2023-10-17,545.9420166015625,549.2567828738186,544.8528559901324,547.1258616987968,10765224
2023-10-18,542.3432006835938,548.593880385168,539.2178030278637,547.173266107088,11777454
2023-10-19,540.9698486328125,543.6216499986483,536.9921176815916,539.6439190474274,11441499
2023-10-20,533.2985229492188,539.8333710896472,532.3514468595878,539.738686602659,11110988
2023-10-23,523.685791015625,536.0451237387181,521.8389808834517,533.2985796647226,11875035
2023-10-25,526.7637329101562,531.1202598029354,524.3013003927678,529.0366808435873,12134624
2023-10-26,518.0506591796875,523.6384316419934,514.4517813350399,522.2651596499072,19424825
2023-10-27,531.4517822265625,532.7303118530344,520.8918604785226,520.8918604785226,10415296
2023-10-30,535.2874755859375,536.7080898747511,527.0479011498302,533.2038964013556,8593704
2023-10-31,535.6188354492188,539.3597973164387,533.3458876676318,536.9921072492025,13039696
2023-11-01,536.4239501953125,539.5019476582157,534.0088597881594,536.2818656519717,13575575
2023-11-02,541.8222045898438,544.9949441545303,537.5603622114079,540.8751285057469,11148516
2023-11-03,547.5521240234375,548.8306537618198,543.1008543560113,545.5158870868132,11371371
2023-11-06,543.9531860351562,551.6718800975543,542.911425349224,551.1983420030499,16499138
2023-11-07,549.0673828125,550.4406547530965,542.2957654048678,544.3793444383654,17923281
2023-11-08,549.5882568359375,551.766520334941,548.3570694499737,551.1036132997641,15434808
2023-11-09,547.741455078125,551.0562215235307,545.9893873646721,550.2512299373365,12434363
2023-11-10,548.8306274414062,550.2512416625661,544.9476383588791,547.2205864297704,6773038
2023-11-13,550.5827026367188,551.6718633429775,544.758218934174,550.2512491026093,11282362
2023-11-15,553.75537109375,556.8807104588075,551.7664767305796,556.1704034301611,11397676
2023-11-16,553.7080688476562,556.8807506828024,552.0506856611003,553.7554110919988,8622660
2023-11-17,533.251220703125,544.0952543037619,532.3514867895021,544.0952543037619,37173221
2023-11-20,533.9141845703125,536.8027552939175,530.9308715478544,534.1509536100332,12714585
2023-11-21,531.783203125,536.6606679141044,531.309665099065,536.045045358415,14280013
2023-11-22,529.3682250976562,534.6244861641455,525.7693472920832,533.1565296940364,14909071
2023-11-23,530.3153076171875,533.6774164258742,528.7526088304325,532.0200331450485,6376210
2023-11-24,530.6941528320312,532.6830476372504,529.6523920804499,532.2095095129049,6529851
2023-11-28,534.5772094726562,535.2875166715822,531.4044693011517,533.7721599642382,8153314
2023-11-29,538.5075073242188,538.8863609283957,535.1927406049756,537.9392847228976,10299034
2023-11-30,534.861328125,540.0229054022911,533.8195673409369,539.5967095161022,19758998
2023-12-01,541.4907836914062,543.8111317981642,536.5659761965393,536.992172021036,10614230
2023-12-04,563.2261962890625,564.4573837194087,553.6133502732071,556.880774541967,26077882
2023-12-05,576.0590209960938,578.9475914557199,563.5576052803208,563.5576052803208,36430152
2023-12-06,576.2484741210938,581.5047350018984,572.554854148129,581.5047350018984,21439069
2023-12-07,579.3265380859375,580.131529754782,572.9811158208171,577.7164969433031,10725706
2023-12-08,581.6468505859375,584.1565677433689,573.3125340795355,577.7164613742833,17722136
2023-12-11,581.7415161132812,587.0925193997506,580.6523554357004,582.4518232147626,11706255
2023-12-12,579.9894409179688,585.2457018402724,578.4740844380203,584.3459679623248,14494836
2023-12-13,587.0451049804688,587.6607275753272,579.2791271049712,581.9309286579414,13977914
2023-12-14,590.64404296875,594.5270319230541,589.4601978235428,592.8696487197641,15813797
2023-12-15,613.942138671875,615.5995220003375,587.0451518194214,594.7638458710953,29813572
2023-12-18,614.1788940429688,620.9505117561671,608.4017525486585,612.4268262567273,16221796
2023-12-19,620.7137451171875,624.6914187883696,606.3655180156144,614.178896420345,19964008
2023-12-20,602.7666015625,625.4490859501609,600.398911288317,623.8390450027288,22542056
2023-12-21,609.6802978515625,614.6051056049055,594.2903097504551,598.6942371598262,19915516
2023-12-22,603.0507202148438,615.0312562708087,601.5354215427969,610.6273291849556,14998068
2023-12-26,604.2819213867188,607.3599188509928,602.0089733268344,605.0395707400135,10153089
2023-12-27,614.2262573242188,615.0786490253292,605.1816911844077,606.8390745327218,14417646
2023-12-28,616.9254150390625,618.7248250055344,612.2847188738049,615.8362543661124,16982092
2023-12-29,608.0701904296875,615.220603329458,605.7025002108935,611.3376144926107,13221898
2024-01-01,607.4072265625,612.6635451004371,604.2345447863022,608.212275921118,8295548
2024-01-02,605.60791015625,613.7054004061756,600.3042485561921,607.4073203201524,15164482
2024-01-03,609.3961791992188,613.7053642545236,602.1510233047925,605.5131321806922,14571772
2024-01-04,608.733154296875,612.1900051328654,604.8501654661197,608.4963852753671,13883388
2024-01-05,607.9755249023438,617.2568592884629,603.9977936497388,610.8640954983638,15984585
2024-01-08,593.8167114257812,610.8640811317845,591.9699014799768,606.1287006578947,14739531
2024-01-09,592.3014526367188,600.777738011181,591.4490609721083,598.5521321607245,13400235
2024-01-10,588.8445434570312,592.2066519270412,585.4824349870212,591.7331138945065,12742464
2024-01-11,587.3766479492188,593.9588388441286,585.7666069108683,592.8696781345247,15533860
2024-01-12,600.0674438476562,602.8139878885283,588.2289916110394,590.7861088551372,16620797
2024-01-15,606.2234497070312,611.3376842854633,602.4351449244722,605.0870045162184,16844018
2024-01-16,603.1928100585938,610.7694190953231,599.9253858505162,606.1287229383505,15025543
2024-01-17,592.8696899414062,603.0981011461799,590.0284613953612,590.9755375773763,30016308
2024-01-18,595.0479125976562,599.9253777209321,586.2874585176507,592.6802223057629,14695436
2024-01-19,594.5270385742188,601.8668785566165,591.6384679485856,599.499188239714,11675202
2024-01-23,573.0757446289062,601.2986596201333,568.8613020834159,593.816735051732,30954343
2024-01-24,585.5771484375,589.4127951297775,571.1815799753688,577.6690860249656,19221835
2024-01-25,580.3208618164062,590.7860408275468,574.1648673622134,585.7665492181922,22684904
2024-01-29,589.9810791015625,596.1844161117133,583.0200349532757,586.240116875537,19572140
2024-01-30,593.5799560546875,599.9727198414752,591.1649235184444,592.3487686641458,16966577
2024-01-31,606.6022338867188,609.1593508832941,589.0813262725044,593.2484841784004,23270745
2024-02-01,613.3739013671875,618.3933934805597,599.7359814695897,608.7332050368398,26587707
2024-02-02,615.26806640625,625.5911621347344,612.4741801008781,617.493672317934,27471811
2024-02-05,608.922607421875,620.1454364049642,604.9448761274464,612.8529386660016,28339525
2024-02-06,615.8362426757812,620.3348542139742,603.9504490148065,610.343212779607,14079390
2024-02-07,639.5131225585938,642.0702395337361,620.3348319524308,620.3821741954093,41696232
2024-02-08,662.527099609375,680.8530575303441,642.591158500595,644.3906262816,74222434
2024-02-09,686.8670043945312,689.8029174512828,657.4603003588977,666.4101818840758,43235061
2024-02-12,670.4352416992188,687.5772971988666,667.215159609644,687.5772971988666,22873137
2024-02-13,675.6915283203125,680.0007134812453,664.9895787916939,671.0508318054963,23351472
2024-02-14,704.0564575195312,708.8865229305478,668.2095893122887,668.2095893122887,36782182
2024-02-15,721.387939453125,723.5662031109259,702.3990735633622,708.1288729039719,33941282
2024-02-16,714.7583618164062,733.6051419871368,713.4797743669861,723.0452778952919,27365121
2024-02-19,719.0675048828125,724.5131922757347,710.3070512507203,718.5466246062158,13979584
2024-02-20,719.87255859375,723.092640626177,714.095417199918,718.878140197099,12528399
2024-02-21,730.6693115234375,736.3517689040475,719.3990812632494,720.3935575488127,21465311
2024-02-22,725.3656616210938,732.0898793051539,716.9366605873241,732.0898793051539,18799244
2024-02-23,718.8781127929688,729.7221458595922,715.0424660921377,725.3656188570327,14143636
2024-02-26,718.736083984375,725.7917547695781,712.8642005333531,715.0424640283459,11355186
2024-02-27,710.1649780273438,722.003429070041,702.9198806721752,718.7360628262059,13969393
2024-02-28,703.2040405273438,716.6998756485756,701.7834263040562,710.1650270994766,11263318
2024-02-29,708.5076904296875,714.0007786982383,698.1372521616919,704.5300165868673,19217113
2024-03-01,728.443603515625,731.1427472715305,712.1538830776034,712.2012253214909,17348526
2024-03-04,731.1900634765625,735.8781015532362,728.3014930430356,733.4157269093953,9789141
2024-03-05,742.4603881835938,745.3016167439201,728.3962721270127,728.7751257237001,18088847
2024-03-06,742.4130249023438,748.4742776430227,731.9951871429561,742.1762558623576,26710525
2024-03-07,746.3433837890625,751.410276114466,741.5606605660682,748.190193930005,15497868
2024-03-11,732.7528076171875,750.8419384368862,729.7694947090195,748.1901368545919,16778340
2024-03-12,719.4937744140625,736.5884876385131,717.2681107424115,729.2486473566764,21529705
2024-03-13,707.70263671875,723.2820505868954,703.6775631743476,718.4993277010051,27950252
2024-03-14,701.8307495117188,711.0647417125944,695.2012166495516,710.2124078847078,19730882
2024-03-15,693.1650390625,707.0396696118478,684.7360384273795,700.1260254598068,29792241
2024-03-18,692.2653198242188,698.8475105936745,683.8836612570906,688.6190419826069,18145126
2024-03-19,685.4937133789062,695.4853553107556,682.983996236656,691.3655971347375,15205043
2024-03-20,697.2847900390625,699.8419071119082,681.7053763780509,686.7722682789549,25405455
2024-03-21,704.9087524414062,710.8753205031713,701.3572169516723,702.730488902024,15161161
2024-03-22,707.1817626953125,709.170599460014,702.1622707327812,704.4825610232863,15535921
2024-03-26,700.8836669921875,708.2708491244837,699.4157105756636,703.7248953357582,14678342
2024-03-27,694.4909057617188,706.3766994815164,691.5549929179226,703.6775556672179,30088789
2024-03-28,712.53271484375,719.3516746513696,697.9004346418056,698.7054262433901,21705116
2024-04-01,718.1677856445312,721.1984406857478,712.2959023406002,718.87809271021,9949971
2024-04-02,725.8391723632812,728.064778156646,713.4797825681824,718.0731365019557,15713063
2024-04-03,730.2430419921875,731.7109984397689,719.9199468084377,724.4185584476019,19136981
2024-04-04,719.1149291992188,734.2681480220336,717.9784262265191,733.9840367300943,15889530
2024-04-05,724.2764892578125,727.0703754749767,712.7694908570097,717.8363829672766,9939620
2024-04-08,727.6385498046875,729.248590721814,721.4825552076852,725.5076285980329,9797174
2024-04-09,723.7555541992188,731.5689318840728,720.8195836589176,727.7806275520223,7465892
2024-04-10,737.8196411132812,739.3823398361972,723.2347035208019,725.933847345905,14530669
2024-04-12,725.7444458007812,738.2458626040706,724.3238315687016,736.1149412559511,14408722
2024-04-15,717.4102172851562,722.9032476518954,709.1233005838425,719.58848097137,11356572
2024-04-16,711.9171752929688,714.9478306266623,705.003530747474,711.4909794514435,13338991
2024-04-18,705.3822631835938,719.7304891283136,702.7304616816317,712.2485648644453,14589648
2024-04-19,710.7332763671875,712.2012327726861,693.3070528688593,695.6274008930026,10886554
2024-04-22,725.5549926757812,728.3015365467629,710.7332860753157,714.2374792815871,17452186
2024-04-23,732.0899047851562,736.5411744994312,725.0341755131074,729.5801297256875,12292429
2024-04-24,732.1845703125,737.2988047972324,729.4380840784303,737.2988047972324,7842615
2024-04-25,769.6888427734375,771.2988838816899,728.9172237404853,729.8642999447579,36732974
2024-04-26,758.89208984375,773.6665121242601,756.6191418193988,772.7194359962122,14964358
2024-04-29,782.7584838867188,787.2570958630791,756.4297769334296,764.2904978785022,27302732
2024-04-30,782.5216674804688,790.666499233327,776.5077570611428,782.7584365175279,27449073
2024-05-02,786.1205444335938,789.7668222833302,781.3378214511536,783.1372892528356,19943724
2024-05-03,787.446533203125,791.9451452396878,776.6024989434741,790.6192154121966,22667634
2024-05-06,765.048095703125,791.755654460013,760.5021417839598,790.8085783183144,35283557
2024-05-07,759.4603881835938,771.5356091020818,751.2208141135195,769.0258341813609,16725013
2024-05-08,767.8893432617188,778.4966078740321,757.1873941548523,760.1233071452959,27908322
2024-05-09,776.4129638671875,795.2124588602853,761.0229774672023,768.9310974695414,49290254
2024-05-10,774.0927124023438,788.0147441654584,772.4353290449478,783.2320208951047,20543142
2024-05-13,765.9951782226562,776.4603581145727,756.33498993591,776.4603581145727,15398505
2024-05-14,774.897705078125,778.875436405395,765.1428324503737,769.9728976160259,10912462
2024-05-15,776.8865356445312,781.6219162809175,774.7556143581575,777.5495004946132,9755062
2024-05-16,768.9784545898438,782.426946834383,755.151108781539,781.6218974626161,20536990
2024-05-17,774.5662231445312,778.9228082130512,768.2682012918576,771.3935410944193,12492509
2024-05-21,786.6888427734375,792.0397884444491,776.2236048637419,777.5495346221023,14037801
2024-05-22,788.422119140625,796.0295133266376,783.414724155801,795.9331822307055,19239277
2024-05-23,801.277587890625,804.5516696610887,791.5517324493296,794.1517316465437,17497488
2024-05-24,797.9072265625,810.0886726083256,796.3665167870256,799.2553916967729,12252075
2024-05-27,802.818359375,808.3072335281287,792.5146936444445,801.7590699633794,12295193
2024-05-28,800.3628540039062,809.5590944673188,792.8035957117308,804.7443027300019,13818893
2024-05-29,792.1776733398438,803.5405695871641,788.9517277526038,797.7146835951445,14518232
2024-05-30,795.2590942382812,805.0331445629747,788.9517290829909,790.9739767920537,17818705
2024-05-31,799.5924072265625,804.0701868667423,786.8332096505334,799.9294778988177,22267336
2024-06-03,872.1032104492188,878.2179721623354,825.0145259321062,831.5626306363492,64269020
2024-06-04,746.4852905273438,863.7736004371982,704.8373437950039,863.7736004371982,122381193
2024-06-05,760.4962768554688,765.5518076607758,716.4890731382206,761.4592351040986,74256082
2024-06-06,786.6887817382812,802.4812623286783,766.5147939369629,770.3666270723245,40555649
2024-06-07,799.207275390625,800.699849042878,780.4777241722821,789.5295559574165,25061284
2024-06-10,800.9887084960938,814.1331129043821,798.4850404060916,803.2516957835098,16725508
2024-06-11,804.5997924804688,808.4997618244676,798.3405635563713,805.0331354685376,14754408
2024-06-12,808.0182495117188,814.2293420209461,802.1442276568479,805.9960606828112,15071442
2024-06-13,812.6405639648438,814.5664806385139,805.1294419180801,813.6997946256373,12523972
2024-06-14,808.1146240234375,818.4182896763856,804.1664596950984,813.6997704563229,12903496
2024-06-18,813.603515625,819.9590170862313,809.1257358857379,810.377569958488,14929083
2024-06-19,821.0181884765625,828.7218545519676,809.8478961769484,815.4330423267555,32925140
2024-06-20,812.4960327148438,821.4996689454273,811.1478676397271,821.4033966290509,13985352
2024-06-21,805.322021484375,816.6367816070117,797.9072307555297,813.6034982004232,18990090
2024-06-24,801.8554077148438,805.0331584274583,790.6369197366024,800.699845971808,12715254
2024-06-25,811.0516357421875,814.5182621448073,803.3961054308986,805.996104620019,20917530
2024-06-26,814.0367431640625,817.3589609223837,805.0331069252793,808.7404727237647,16281760
2024-06-27,812.73681640625,816.0108981811181,807.1998061049042,812.6405440846468,20378887
2024-06-28,817.5034790039062,831.9959899913704,812.736823556385,815.5294261991826,23636388
2024-07-01,810.7627563476562,818.9960380974777,808.8368397383734,817.888612537416,10967797
2024-07-02,795.5480346679688,814.9516094316318,792.6591597257975,812.7368170641629,21142840
2024-07-03,808.8368530273438,812.5923552125606,794.440614381567,798.292447663417,23598009
2024-07-04,808.2108764648438,813.6034781228886,803.3960850421123,811.7738338725269,13372587
2024-07-05,827.9033813476562,829.3478187678616,805.996080474543,806.9590387546798,24873722
2024-07-08,824.5330200195312,832.9589048956433,821.8848847727533,827.9033739699761,10359800
2024-07-09,829.3959350585938,837.7255474919629,824.2922680509901,828.0478287632818,13585081
2024-07-10,817.5515747070312,828.3848552906051,812.2553041995063,828.2403880397673,17343236
2024-07-11,824.9664306640625,826.5071405152041,818.273858372934,822.7516382126789,8501366
2024-07-12,827.855224609375,831.032975099971,823.6181847723751,824.9663498407772,11446064
2024-07-15,848.7033081054688,854.4810581363205,827.8552953420664,827.8552953420664,25392820
2024-07-16,848.0773315429688,855.2031872360685,841.9143753130872,849.6180412132858,11893692
2024-07-18,860.451416015625,861.7514450438412,844.9959463584611,848.0292886499858,19435183
2024-07-19,856.4069213867188,865.6994922830175,850.581035557251,861.8476591694113,14562742
2024-07-22,844.3218383789062,861.8476914572568,835.8478169663675,848.7996180509505,14614111
2024-07-23,831.8997192382812,851.7366371940136,817.647889030057,850.2921997086647,18279212
2024-07-24,820.4404907226562,835.8478238817672,815.8183025297853,832.1885940113407,19624845
2024-07-25,817.070068359375,819.2367244039343,810.0404849474438,816.1071101173486,9522375
2024-07-26,830.50341796875,832.23673119642,812.7368251429314,813.362771563015,12081506
2024-07-29,839.3143920898438,856.1661615632173,831.2255780072089,833.9699855260068,26582781
2024-07-30,840.469970703125,847.9328973347123,836.8107410128214,842.2996149354311,13528447
2024-07-31,840.0848388671875,842.5403707610664,835.8477988655185,841.4810813734941,11636874
2024-08-01,830.696044921875,848.7515140014297,827.6145664441017,845.2848286735671,11787203
2024-08-02,816.4441528320312,826.5070785961769,814.8071707781978,824.9663688604599,12609331
2024-08-05,781.5850830078125,800.5553134135039,770.3665959446458,799.25534329257,27676951
2024-08-06,768.15185546875,795.9331791962649,766.1778026885571,792.1776770526977,17900930
2024-08-07,778.6962890625,780.6703419145541,770.8962912047291,779.0333009734679,17692355
2024-08-08,778.1184692382812,787.507312985182,773.06293798995,781.9221664085547,14769069
2024-08-09,793.7665405273438,799.2072786074854,779.5629051443975,785.7739981345145,15320885
2024-08-12,782.4998779296875,792.5146675912324,781.1517715969126,790.2035442003192,16120449
2024-08-13,768.0073852539062,789.6258109801142,765.5999894887229,783.3665819906377,17585172
2024-08-14,773.2555541992188,779.1777715549281,770.7518860016988,771.2815013387534,11788665
2024-08-16,782.0184326171875,784.7147629479969,773.2555353649926,773.2555353649926,11427335
2024-08-19,783.5592041015625,794.8258283062914,782.4999146750221,784.8110381744631,10151482
2024-08-20,789.9146728515625,792.5146719871843,783.2221009869668,787.6517443817361,10347493
2024-08-21,785.3406372070312,790.588771746324,781.1517920723019,789.9146891751129,14607257
2024-08-22,789.9146728515625,793.3813579571615,786.8331945713555,788.662838830503,7832917
2024-08-23,785.1480102539062,791.5517063269808,784.3295192254573,791.0702271868793,5537747
2024-08-26,784.859130859375,792.9480038850295,783.6554330147424,787.6998695275697,8523795
2024-08-27,785.677734375,789.0962247326166,781.0073511539267,787.5073199593448,12833290
2024-08-28,779.41845703125,786.9295198766698,776.625854503473,784.5702603306938,10371300
2024-08-29,784.3295288085938,785.7739662465469,777.0592054590912,779.5628735084862,18247268
2024-08-30,785.3887939453125,790.2999167148297,784.1850960274376,786.8814263829273,8911426
2024-09-02,791.6961669921875,794.8257813768107,782.9332114506573,787.0257841074723,11813750
2024-09-03,794.2479858398438,795.3554113830713,786.159171468402,791.6961816359209,10548350
2024-09-04,786.2554321289062,788.325815931437,783.5110245528155,785.2443376942574,10789570
2024-09-05,788.422119140625,791.6962009160937,784.2332739868236,788.0369123055189,8395074
2024-09-06,753.514892578125,782.7888492947188,748.2186217676717,781.4406841241514,40220096
2024-09-09,755.2000732421875,759.0037704153561,742.4408753200211,755.9222919924988,21322103
2024-09-10,753.6593017578125,759.5814597612606,748.7000432350214,758.8111049121503,12824701
2024-09-11,740.1296997070312,758.811113576376,737.0482802754062,751.1555836071334,20060665
2024-09-12,758.5704345703125,760.6408185171384,744.1260594277486,746.2927156991332,17578964
2024-09-13,761.5555419921875,765.5518424151477,756.0185318111974,761.7000092457633,12950936
2024-09-16,756.451904296875,765.5518722692779,755.344537482079,761.5555716904744,9553736
2024-09-17,753.9000854492188,758.3296701716079,751.637098153009,756.5000258703583,10665630
2024-09-18,763.3851928710938,765.3111094724715,753.0333911386886,754.7667043250664,18324412
2024-09-19,760.6889038085938,771.6665929182252,755.0074264560737,765.5999675189145,10645478
2024-09-20,752.7445068359375,765.4073730812867,750.625986843672,765.4073730812867,21372244
2024-09-23,772.1480712890625,775.1814133728537,755.4407686844768,756.8852061006995,17309545
2024-09-24,768.6814575195312,774.4592072785255,766.9962805064912,769.6444158126969,15180653
2024-09-25,763.7222290039062,768.4407483367515,759.4852476109977,768.3444760133515,18465571
2024-09-26,772.1480712890625,773.2554968178902,762.277748944874,766.5147888755175,23198842
2024-09-27,772.91845703125,778.0702601200948,768.8740206569526,772.1480434176262,15193681
2024-09-30,758.71484375,772.8702832866289,757.3185425049131,772.1962595176911,15484573
2024-10-01,767.4296264648438,770.7036494096986,758.811137952777,758.811137952777,13280535
2024-10-03,764.6851806640625,774.2184915699847,755.2482008550121,760.6408027275493,15944135
2024-10-04,767.1407470703125,779.8517495092212,756.1629990283715,762.6629675013947,20097454
2024-10-07,742.1038208007812,774.2184558775194,737.0482898388944,770.3666227637009,24267990
2024-10-08,752.5037841796875,755.3445229531092,743.6445559601656,743.6445559601656,8560960
2024-10-09,767.8629760742188,774.5554892758929,753.0815308248506,757.5593104537433,18758697
2024-10-10,767.5740356445312,774.6518143977434,765.5518467289336,769.4036799200226,10241015
2024-10-11,770.1259155273438,772.9666543229133,763.6259468748779,767.6703835690523,14322720
2024-10-14,775.3258666992188,779.273972056262,771.136963002821,772.2925246699068,8967564
2024-10-15,774.8444213867188,777.5888290383062,771.9073515455158,775.6629124338771,6252104
2024-10-16,775.61474609375,779.0332361787332,772.3406644838936,773.0628831824524,6494240
2024-10-17,781.0072631835938,789.1442720079697,776.1443358614076,779.514689677183,18580553
2024-10-18,790.010986328125,792.1294474976112,773.1592166434322,781.0554274190987,11704698
2024-10-21,783.7999267578125,795.8369056109815,779.0332713770955,794.1517285715379,10359618
2024-10-22,761.1222534179688,786.5924530851014,758.329650876446,783.8480454773676,16645356
2024-10-23,756.8851928710938,763.2406938816622,750.9148399002006,760.7370259136948,13866198
2024-10-24,765.1185302734375,767.4777899396578,755.585278059477,756.9333844585227,5607500
2024-10-25,752.0222778320312,771.0888399529977,743.4037895019845,768.4407046924659,9717125
2024-10-28,762.7111206054688,774.1703480481368,754.5259749390806,754.7667145175037,13757251
2024-10-29,801.8554077148438,803.925732845734,761.2185547092174,766.5148254883454,28274791
2024-10-30,791.9850463867188,802.1442444505282,790.6368812896834,797.3294530672716,15977682
2024-10-31,789.8184204101562,797.3294834998579,783.4147241162844,789.625816992613,13402324
2024-11-01,790.7813720703125,795.0183533490626,788.566579722976,791.9369337915391,1637141
2024-11-04,799.1109619140625,806.4776167890851,777.2036594878515,792.2258449875555,14498161
2024-11-05,817.7442016601562,819.8627216790217,795.6442968785319,799.1109232553587,26254561
2024-11-06,823.13671875,829.492278606691,814.8553011245552,817.7441759391488,15002433
2024-11-07,827.7589111328125,830.4552413269911,815.3367846280997,829.1070762299017,15283847
2024-11-08,811.9182739257812,831.5144508501054,803.2997858129482,827.7588901564618,26139105
2024-11-11,816.2516479492188,822.3664098051412,810.810909901556,814.662743202751,12621337
2024-11-12,796.0775756835938,821.7885720240326,793.766452435842,820.9218861125494,11350729
2024-11-13,778.6962890625,800.940603318519,774.8444556831504,792.8517297121596,13756706
2024-11-14,774.459228515625,787.6999054097373,771.3777501381329,778.6962686314655,9461484
2024-11-18,784.136962890625,786.4480864115857,769.6444516583641,780.9592121300385,9322451
2024-11-19,773.2555541992188,789.9147218810267,770.462951477566,788.6628877822667,13677029
2024-11-21,751.8296508789062,768.9221597525542,733.3408407931131,768.9221597525542,29486577
2024-11-22,785.8220825195312,789.5776432728918,755.0074179563543,756.8851983330345,20665405
2024-11-25,813.1701049804688,818.1293046973657,795.0665016573014,796.3664717835007,23434605
2024-11-26,808.3071899414062,815.3367735105277,804.5997653621181,812.7367744440559,8893744
2024-11-27,803.2034912109375,811.292364407334,801.2775746188726,807.4405312232043,8375108
2024-11-28,807.7775268554688,814.4700986330259,799.7368487551913,803.2034750413964,13505677
2024-11-29,807.8739013671875,812.7849653323096,800.7479862272926,809.9442265086632,10822949
2024-12-02,805.4183959960938,810.8109393035892,801.8554383084241,807.873928059787,6651119
2024-12-03,822.3182373046875,824.8700414893754,805.8998103387524,806.9590409400479,12186182
2024-12-04,827.855224609375,831.9959333561703,818.8033934913788,822.3182146362292,10749716
2024-12-05,833.3922729492188,839.1700227524034,823.9070984244045,828.1441384564639,14716036
2024-12-06,831.6589965820312,843.0218932764863,825.2553000902753,833.199706421366,14520568
2024-12-09,826.266357421875,834.7403787055949,825.2071268017763,827.1811795615839,9630346
2024-12-10,835.3663330078125,836.7626343106416,826.2663652334417,829.8774588919769,7379849
2024-12-11,829.684814453125,837.6292201091063,829.0589268478445,835.3662917047014,7006973
2024-12-12,822.0775146484375,832.2848491458258,819.6219827317773,829.588577653526,8845103
2024-12-13,829.63671875,830.9367477307743,804.0701874198363,821.0182301359672,9379370
2024-12-16,829.0589599609375,834.3070944496669,826.025617806868,827.9515344064523,6432713
2024-12-17,819.044189453125,830.6478254844673,815.6738353243519,826.7478560331779,8791216
2024-12-18,807.103515625,820.4404644541135,805.9960900799213,819.4775061625006,8295338
2024-12-19,801.95166015625,806.9590550690585,789.8184090909501,794.0553903446263,9453398
2024-12-20,781.922119140625,805.0331177359144,779.9962025910175,803.9738871433539,10244198
2024-12-23,790.7332763671875,793.4776841679945,782.114787338898,787.025851437494,4933200
2024-12-24,781.9702758789062,795.5961593356999,779.2258682332135,793.7183788955526,10602771
2024-12-26,782.35546875,792.3701996282533,778.0702926359427,782.8850840507691,8318714
2024-12-27,770.0296630859375,787.9888009322062,767.6704033888981,786.0628842447148,10649800
2024-12-30,759.1000366210938,778.0221912364731,755.9222859001974,772.292577441985,21515438
2024-12-31,765.5037231445312,769.5962959772957,756.8852344830239,757.8000566357981,9086044
2025-01-01,763.8185424804688,769.0666770195652,760.2555849821816,766.0814709969738,7273098
2025-01-02,771.522216796875,772.6777785343264,757.848196914708,765.5518634653022,11398319
2025-01-03,764.0111694335938,779.5147751769242,762.8074715102198,771.5222327205842,13336514
2025-01-06,747.6408081054688,768.055475966793,744.5111937959167,767.8629313364202,11419367
2025-01-07,749.9037475585938,754.8148111917903,746.1481868219319,750.9629781385199,9669152
2025-01-08,742.5853271484375,754.911181809416,731.9445907621887,751.9741707073787,15641490
2025-01-09,732.2816162109375,742.7778259178452,699.3484321602015,742.5852812864381,15351029
2025-01-10,715.71875,735.1223830791824,714.5631882955921,732.1853132713054,11779296
2025-01-13,702.4780883789062,716.3928477377098,695.7373801970662,714.0335881192036,10414733
2025-01-14,720.437255859375,728.9594130704888,705.800278346691,705.800278346691,11960975
2025-01-15,725.7816772460938,730.7890721249498,722.2187198068513,725.252061939764,7792299
2025-01-16,737.9149169921875,747.929706597395,732.2334984141427,732.2334984141427,11816079
2025-01-17,735.79638671875,739.5038113032925,731.2705298930534,737.9149066564445,5766573
2025-01-20,750.38525390625,755.9222641211501,739.4075057965499,740.5149313492541,9198929
2025-01-21,730.9334716796875,755.8259785163474,728.044596835733,755.7296474236301,13751780
2025-01-22,725.5409545898438,734.7371947482791,710.6632368600655,733.7742364327505,9908339
2025-01-23,718.2706298828125,727.6594734437961,715.5742995843119,722.2187354602709,10986405
2025-01-24,716.58544921875,725.7816893156935,711.6261904172143,722.1224594960153,10579213
2025-01-27,721.4483642578125,727.3705224901476,708.6410307266503,712.5891362148737,11433353
2025-01-28,724.5298461914062,731.6075661648166,717.7891381122306,728.9594308479976,14140860
2025-01-29,730.355712890625,732.6186413192878,722.0261003310969,725.1075785552505,9251973
2025-01-30,734.3519897460938,736.6631132188579,726.7927904600431,730.4520203133268,11085824
2025-01-31,744.2705078125,748.7482287285419,731.3668428360176,736.5668412651819,10083763
2025-02-01,737.6260375976562,749.9037555863902,724.2890890176571,746.1000586507049,9363077
2025-02-03,732.7631225585938,734.5445718854385,725.2520596511663,734.5445718854385,7862190
2025-02-04,750.3370971679688,752.3111498703669,737.2890243394788,738.5889944967314,12020807
2025-02-05,737.6741943359375,753.0333909836241,736.6630998752845,751.107474382643,13419162
2025-02-06,724.3853759765625,742.2963767183029,722.2668559769037,740.5149273858113,32745391
2025-02-07,709.8928833007812,731.75204885935,704.6447487163948,731.6557177630287,37240692
2025-02-10,709.5076904296875,716.3447298819926,706.233667350861,712.5891688607044,12667049
2025-02-11,704.0187377929688,712.7335567858637,699.6372896053772,710.1335578124041,13017060
2025-02-12,705.992919921875,711.3373268740813,690.5855867123075,705.992919921875,12697743
2025-02-13,700.6965942382812,710.1817094926294,699.2521568630419,707.1965624268578,12370571
2025-02-14,695.400390625,705.7521928080495,689.6707767316124,703.8744122850989,10417539
2025-02-17,700.7447509765625,701.7558454140641,685.1929512700127,692.4151383583221,9093600
2025-02-18,698.9151000976562,701.2743596122846,690.7780909672726,700.7447443190354,8562003
2025-02-19,700.3595581054688,707.6298814976512,695.3040270429543,695.3040270429543,6766606
2025-02-20,702.6707153320312,704.4040285962709,696.5558945833883,698.0485270359545,7423268
2025-02-21,695.255859375,704.5965661934869,693.3299428670359,700.359526366243,6571602
2025-02-24,689.8633422851562,693.089229046088,684.1818648659195,684.1818648659195,6912148
2025-02-25,684.5670776367188,692.318880181649,683.7003916586949,692.318880181649,8599635
2025-02-27,677.8263549804688,691.1151674539011,675.1300247842662,689.4781266274379,12033139
2025-02-28,663.28564453125,675.3707590632506,657.3152915031974,674.9374748612561,15780609
2025-03-03,669.544921875,671.5671696530677,654.8116710316503,664.5857216898627,10598479
2025-03-04,689.5262451171875,691.8373684334783,666.4633832092842,667.3300691464701,14386214
2025-03-05,703.2965698242188,704.2113919626877,690.4411000485206,690.970715357852,10409805
2025-03-06,704.93359375,709.4595093992308,700.0706662141035,708.7372906926826,10928847
2025-03-07,705.6077270507812,707.6299160648454,701.0336749136387,704.9336444546556,7246729
2025-03-10,701.9003295898438,711.1447057760574,699.6854784765769,705.6076955415114,7400109
2025-03-11,702.8150634765625,706.8594999287487,695.9299471730827,698.0484671027334,5538789
2025-03-12,696.2670288085938,709.7003096539208,692.4151953776362,703.5373526546633,5547762
2025-03-13,700.88916015625,704.3558452266985,697.663273429962,699.0114385308547,5908337
2025-03-17,696.3633422851562,704.1632812757161,695.5447924372056,701.9003527020252,5149563
2025-03-18,696.3633422851562,696.3633422851562,696.3633422851562,696.3633422851562,0
2025-03-19,717.5001831054688,721.5446195922909,711.7224334883822,712.2039126231394,7604850
2025-03-20,721.7853393554688,724.8186813309343,716.6335362646441,720.292765833536,6963197
2025-03-21,725.3001708984375,727.611235450561,719.3298179504133,722.1705565633118,9577327
2025-03-24,751.8778076171875,753.9481914133478,727.1297682523594,729.9223707530908,12095064
2025-03-25,744.2222900390625,756.8852150473521,740.7075275492936,754.8630261504609,15190143
2025-03-26,735.7001342773438,747.3037699282959,733.2446023903115,743.4038006048552,7711852
2025-03-27,743.6926879882812,747.063042059369,732.3297917320479,735.5075423870684,15648616
2025-03-28,742.92236328125,749.7593440220716,738.5890507280865,743.5001147786132,7628185
2025-04-01,743.1149291992188,753.7556066211873,734.92978367858,738.3964100364205,7011125
2025-04-02,747.20751953125,748.2186140115384,735.9890316029483,743.6926981564776,5458436
2025-04-03,750.3370971679688,755.6333676630561,741.4297331535035,741.4778693122336,7956680
2025-04-04,739.0223999023438,753.9001182138272,736.6631401821917,750.2408294522949,8231194
2025-04-07,719.2335815429688,725.7816862623683,702.9595626780941,702.9595626780941,14923235
2025-04-08,740.1296997070312,745.3296978529378,730.0668328471972,731.8482821294997,12911288
2025-04-09,714.7076416015625,739.5038171183404,713.5520799197053,738.5889950046072,11319387
2025-04-11,725.9260864257812,731.5594277102952,718.3668873275676,730.8853451496299,9360327
2025-04-15,735.2186279296875,742.1519391227857,729.0556715859763,741.4778565892068,7859090
2025-04-16,743.1630859375,746.0519609071307,732.3298048013849,735.2186797710156,12536694
2025-04-17,767.9111328125,771.329623132695,738.7335071379982,743.4038315336337,27034818
2025-04-21,786.447998046875,793.8145932403959,771.7147488855273,773.255458543513,16398507
2025-04-22,791.9369506835938,804.5516812424216,783.8480772367818,790.7332527762891,25117557
2025-04-23,783.3184204101562,800.2183263784495,780.0924749249118,795.4035350043313,12104382
2025-04-24,783.2703247070312,788.6628678148439,781.1036684767707,782.6443782863423,12713521
2025-04-25,769.0667114257812,788.6628903815811,757.8482231139246,784.811056973124,13131038
2025-04-28,787.073974609375,792.3221093100369,767.8630027721836,769.066700695532,11317611
2025-04-29,782.4517211914062,798.2923962986351,779.0332311285836,789.6257719721119,11283059
2025-04-30,759.4371337890625,781.4407087956405,755.440833087098,781.4407087956405,25635764
2025-05-02,767.1888427734375,773.6406747464794,759.7740525588761,761.0740226752047,14720184
2025-05-05,760.737060546875,769.4036852872824,753.0333941109573,753.0333941109573,23986447
2025-05-06,745.4259643554688,769.5481157490566,742.5370895801225,764.5407210502615,18869468
2025-05-07,747.3518676757812,753.4185516163304,736.2297117419523,736.9519304230361,15586266
2025-05-08,740.5149536132812,757.3667243392013,735.7001619773041,750.1445368852355,14491673
2025-05-09,750.38525390625,752.7445134918086,727.5149943229668,728.4779526212103,13578216
2025-05-12,771.9555053710938,774.1221614356956,763.6258929907904,769.4036424963954,15096824
2025-05-13,772.0518188476562,777.7332963407931,767.6703703271746,769.018476685771,13909596
2025-05-14,771.0407104492188,777.5888150314639,766.8036704860727,775.9036380329437,9281719
2025-05-15,777.82958984375,779.4666307570579,765.0703919911599,774.6518391145711,17058854
2025-05-16,778.0751342773438,789.7644580739088,776.9946347468432,789.7644580739088,14733924
2025-05-19,780.9237670898438,787.2104729702169,778.0750903727592,778.0750903727592,10666184
2025-05-20,771.7393798828125,785.2459236919375,769.9220998339915,784.0180560729261,11324667
2025-05-21,773.1636352539062,776.9946060925355,765.3052827270537,773.0654298291093,8206040
2025-05-22,771.346435546875,774.2442151084329,766.4840678018166,774.0477442991881,7355826
2025-05-23,776.5034790039062,780.874699700136,772.2796264031289,773.9495383488706,5534158
2025-05-26,780.33447265625,783.4286631605596,775.2265312430146,777.9769427872259,4965466
2025-05-27,779.6468505859375,787.1613645883718,776.0614530866071,780.3344684569088,11995043
2025-05-28,782.4463500976562,784.7547771957036,778.6154390963333,780.4326591919574,6873519
2025-05-29,783.232177734375,786.2282227070898,777.3384131262393,784.8529869834019,14034127
2025-05-30,797.91748046875,800.0785394661832,778.5662748283969,783.8706869171444,22037314
2025-06-02,799.2435913085938,807.9859725290632,794.8723707211232,798.4577080916993,26891575
2025-06-03,795.4617309570312,803.9094959854718,790.8940994751483,801.7484370268255,14247597
2025-06-04,792.2201538085938,802.5342413659282,790.9922862422444,802.5342413659282,9607927
2025-06-05,791.72900390625,797.3280919793597,788.6347536685006,794.3812098308251,13595507
2025-06-06,798.6541748046875,801.9939985959651,788.88033690073,792.3675287830383,17163935
2025-06-09,805.5302734375,809.9014942207324,801.2573180380161,802.9272300169949,12793040
2025-06-10,802.5833740234375,807.4948444720902,800.1767415127031,806.4634476687678,6560513
2025-06-11,800.6187744140625,806.0704945433416,798.6541862626485,802.5342598525855,7197825
2025-06-12,791.679931640625,802.0431222706184,787.0140347260071,801.5519752269744,13448521
2025-06-13,778.3206787109375,782.2007522600275,772.3287088939938,772.3287088939938,11377117
2025-06-16,778.4680786132812,781.3167555010375,772.2305350251097,778.4680786132812,8085001
2025-06-17,778.2716064453125,784.7056208342702,776.5525917636725,779.9415184126576,7753156
2025-06-18,777.8787231445312,781.4149579289822,774.3915311197982,778.4680756237817,5710169
2025-06-19,771.1990356445312,779.2047561439027,767.8592718430074,778.320667516001,11824333
2025-06-20,782.053466796875,785.2950253156704,772.181363190149,773.5565989033221,11367669
2025-06-23,776.2088012695312,780.874698193188,774.5388893270122,776.0123304607985,5549253
2025-06-24,781.3167114257812,792.3675194893278,779.5976968381185,784.8529460243278,11402190
2025-06-25,785.8843383789062,789.567941046098,782.0042649119035,785.3440886452789,6528324
2025-06-26,782.9375,789.1259408358321,777.3875743106198,787.7998677833231,24704402
2025-06-27,791.1396484375,795.1179273319369,788.4383398116579,790.7467068374075,19375990
2025-06-30,805.824951171875,806.4634663267615,792.7604514670988,794.6759369772839,19652607
2025-07-01,805.7758178710938,810.2944065895595,798.8506566320394,805.4811416394373,11456405
2025-07-02,798.5068969726562,809.4594402026391,794.6759260051804,806.4634551919074,6661200
2025-07-03,792.8095092773438,800.0785092795976,791.5325389943724,799.0962152227779,7020403
2025-07-04,797.4754028320312,799.4399909377498,789.8626239223718,794.4303152499558,4319538
2025-07-07,792.56396484375,798.2613185459272,790.8941128494637,796.8369801203829,4461783
2025-07-08,798.2612915039062,799.1453201848503,791.0904969053553,793.5953947208753,5935770
2025-07-09,796.5913696289062,798.0648106998194,794.675884245825,795.6581782931005,4099112
2025-07-10,793.693603515625,801.0608089938022,792.613104027281,796.9351619351286,12178137
2025-07-11,794.3321533203125,798.1630643635436,790.3047115103832,793.2515938303184,6202372
2025-07-14,794.528564453125,801.0608442463658,793.6936384439774,795.4617558456557,6938635
2025-07-15,801.9940185546875,806.4634446553665,796.1493567517351,796.6405037947652,9297645
2025-07-16,816.9739990234375,819.4297342255312,800.8643521159136,801.5519699633943,16458920
2025-07-17,814.32177734375,827.5827471798666,811.7186740978348,823.5553655077234,23073718
2025-07-18,808.7717895507812,817.9071722636787,805.7267019494631,817.2686571434967,15387801
2025-07-21,809.6068115234375,812.7010019745913,803.4674733809013,808.4280466091758,8852594
2025-07-22,800.5697021484375,813.3886283330482,799.5874080353719,812.848378561757,7851163
2025-07-23,806.1196899414062,810.5891161764496,797.1316748019602,798.113968917551,15470390
2025-07-24,801.25732421875,807.3966624575928,796.29675091266,805.4811769361788,10118309
2025-07-25,792.269287109375,804.6953313423805,791.2378903047143,800.569684169264,6734439
2025-07-28,783.0357666015625,794.6268250025805,781.906104403612,792.269295178368,7734158
2025-07-29,785.0494384765625,785.8352617474154,779.057408633055,782.1025562450097,7833759
2025-07-30,787.4560546875,789.1750692870572,782.1025400865564,784.8038487430033,8743723
2025-07-31,782.4463500976562,789.5679822929258,778.5171737140591,781.0220116677076,11359112
2025-08-01,779.9415283203125,786.8175871342196,777.9769400877676,781.6114403088707,15468391
2025-08-04,781.6113891601562,783.0848302381428,772.62337460265,780.4326243068729,8820724
2025-08-05,786.4246215820312,789.8135481709712,782.2007690014489,783.8706809392065,7381537
2025-08-06,790.8941040039062,795.8546771264834,784.8529714185823,786.7684568691343,7409396
2025-08-07,790.8941040039062,792.3675451267196,779.3521485418682,786.915765008732,7091392
2025-08-08,790.0591430664062,793.4971724617818,776.0123492419096,790.7467609363763,15708181
2025-08-11,808.8700561523438,810.392599955305,793.6936009259229,793.6936009259229,15236297
2025-08-12,806.0704956054688,810.8837605645641,805.481143141057,810.3435108131079,7986728
2025-08-13,807.29833984375,810.3434873670307,806.1196349490305,808.0842230461906,4447508
2025-08-14,811.9151611328125,813.3394995419872,804.5970582342032,807.4457350525524,7087573
2025-08-18,812.9957275390625,823.1624473883827,810.5399923141568,821.1978592084581,6138124
2025-08-19,815.697021484375,816.2863739458684,811.1784327798614,812.8483446933888,5076681
2025-08-20,814.272705078125,817.1704846600775,812.7501612160911,814.0271315534591,4493888
2025-08-21,811.0802612304688,818.4965697939625,809.4594519619582,814.272717098252,4402511
2025-08-22,801.7975463867188,811.3749137095616,801.2572966311966,809.4103255407733,5097647
2025-08-25,801.9940185546875,805.9722976123364,799.7838568610522,802.9763126407477,5672898
2025-08-26,793.5462646484375,801.404617447895,792.4657651203016,800.4223233479629,6997817
2025-08-28,787.750732421875,796.6404816628535,786.4737621363677,792.9568789424643,7898436
2025-08-29,788.291015625,792.4166628378574,784.3618392231308,786.5228982350536,6861440
2025-09-01,791.7781372070312,793.9882989038185,788.4383732823478,788.8803576581267,5619805
2025-09-02,789.666259765625,796.1493769160325,788.4383921269514,792.0237296591938,5075460
2025-09-03,797.7701416015625,798.8997437933355,788.7821270069304,790.0590972888992,4261589
2025-09-04,795.06884765625,802.2886851199853,793.6936119705517,800.2258915459101,4471950
2025-09-05,792.318359375,798.1139182710025,789.4206398814698,797.1316242177459,5194842
2025-09-08,794.4794311523438,799.4400042107487,792.5148430140074,793.6936078879036,4614227
2025-09-09,794.528564453125,797.966593827573,791.3361086054234,797.6228148719179,4567272
2025-09-10,803.7130126953125,809.9996587129843,796.0511310104619,797.622777526262,7285853
2025-09-11,809.0665283203125,811.0802191569468,804.4988369492515,804.5970423736838,7425055
2025-09-12,808.96826171875,811.1784233553801,805.2846589910332,809.5085114612542,5078018
2025-09-15,810.1470336914062,813.1430186120108,806.561636356512,808.9682688172991,3852494
2025-09-16,816.82666015625,818.2509986153229,807.1019843806856,810.4908511172532,9467531
2025-09-17,841.973388671875,842.9556827448961,816.2863746805828,819.5279331306582,17243938
2025-09-18,839.222900390625,845.5587090248177,836.0304447176452,843.4468127830675,10400847
2025-09-19,847.081298828125,849.1441524246292,834.262372728141,836.9145788068039,15206426
2025-09-22,840.1069946289062,852.8277146939828,838.8791270541783,846.7374795324375,6594034
2025-09-23,855.1851806640625,858.7705779481222,836.1287119616596,839.4684757773939,14357863
2025-09-24,850.8631591796875,864.9099527819579,849.1441445091953,860.4896293435494,12840160
2025-09-25,845.902587890625,854.7432347874252,844.7238229801568,851.2069400560208,8678821
2025-09-26,841.7769165039062,849.0458566598143,837.8968429308584,846.7374895737396,6959545
2025-09-29,855.3325805664062,858.0338893192718,840.8437427101278,842.8574336077328,22641712
2025-09-30,857.0025024414062,862.0612811008727,852.2383400675699,854.5467671830805,12831593
2025-10-01,848.80029296875,860.9316608640574,847.5233226519999,856.8551164386336,10832384
2025-10-03,851.9436645507812,857.5427529354124,848.5056351862063,849.8317681995126,8019442
2025-10-06,858.5741577148438,859.8020253564342,847.5233489405293,852.6312903204407,7820352
2025-10-07,849.3897094726562,861.4719147583033,847.7197975329713,858.67240059065,9242580
2025-10-08,843.0538940429688,852.434790514772,842.0715999631051,851.4524964349083,7156112
2025-10-09,846.835693359375,850.4701934075276,842.906517081258,846.3445463246103,7020501
2025-10-10,865.0573120117188,868.1023997007326,846.0498854486992,846.8357087276893,13713015
2025-10-13,867.3165893554688,872.3753680081057,860.4896333556451,863.4365156616575,11923143
2025-10-14,861.4227905273438,868.4953197717444,856.6586283491738,867.3656576175208,7681973
2025-10-15,870.4107666015625,871.7860023052981,861.5210171041608,862.552413904726,8269225
2025-10-16,871.2457275390625,876.0589324550273,866.8254042739779,872.5718005367993,8493686
2025-10-17,873.4067993164062,878.9076221454748,867.3656667834078,871.7859901135612,8511854
2025-10-20,891.431884765625,897.4730173879747,875.273135028841,878.7602670499772,13546463
2025-10-21,891.775634765625,893.8875909678319,890.3513563479894,891.9230028558147,1783576
2025-10-23,895.41015625,901.7459650541837,888.7796712128369,895.8522005767054,13382769
2025-10-24,888.4849853515625,897.9149844315482,884.9978533977383,894.8207940870866,5313227
2025-10-27,906.411865234375,911.5689091709564,889.9584393414725,890.8916307113675,9150761
2025-10-28,913.779052734375,919.2798755091706,901.4512742261386,910.6848024520077,22066289
2025-10-29,923.11083984375,925.3701041834124,913.7790463044942,917.3644435934705,12314222
2025-10-30,917.8064575195312,928.1697081157838,916.5294871954993,922.8161933430813,13044473
2025-10-31,920.4095458984375,929.9378103922294,913.7790609093079,918.3467523280527,12078252
2025-11-03,932.8847045898438,936.5192046955284,920.9007047609928,922.1285723673408,11744735
2025-11-04,940.644775390625,942.314687296863,924.8298648800413,934.1616585246089,19154518
2025-11-06,943.739013671875,954.2004693430785,938.3854990793552,952.4814547462262,23088096
2025-11-07,938.92578125,947.7664280534589,927.2856202739019,941.7744580906816,13371323
2025-11-10,934.3090209960938,946.1456524515773,932.2952702055394,939.0731232147145,7343249
2025-11-11,936.4209594726562,938.041768729716,928.3170330963064,936.7156357136287,8648917
2025-11-12,940.2028198242188,944.5248778824666,934.5546287610688,940.7430695871906,7043323
2025-11-13,937.1085815429688,946.8824199346525,935.586037662384,937.3541550706268,8894441
2025-11-14,950.7133178710938,951.8920827784771,935.1439804142634,936.0771717973782,11032927
2025-11-17,956.1159057617188,958.7190090200476,951.3518035204058,953.8075386869531,7415026
2025-11-18,955.2318725585938,959.4066223219879,951.6955779628004,958.3260628811324,6594686
2025-11-19,965.3494873046875,967.0193991973044,951.6464731790688,955.2318704792619,8291226
2025-11-20,964.1707153320312,969.131288306733,962.0096564254319,968.5419358569656,6440857
2025-11-21,955.3792114257812,963.2375641743527,953.8566675716402,962.3535354628224,5377241
2025-11-24,953.4146118164062,960.3889357698928,950.9097738987026,958.2769795122267,9901946
2025-11-25,966.1844482421875,971.4397576251993,954.1513455736803,958.276992765206,9140201
2025-11-26,966.4791870117188,981.3118039098479,964.760172340205,969.1313331127609,13943490
2025-11-27,955.624755859375,971.0467846498851,951.7447422714566,969.2295646138847,11909168
2025-11-28,961.6658935546875,965.5950698307025,955.8212318532206,959.5048346119848,8117842
2025-12-01,955.870361328125,973.6499204475664,952.6779055144807,968.0017293926574,8808306
2025-12-02,950.1730346679688,963.0902255716678,947.8155648906452,958.7190050026365,13444314
2025-12-03,934.2107543945312,955.3300766986022,930.7727251822406,953.2672831530164,14051968
2025-12-04,931.31298828125,935.6842089047472,927.7276508811245,934.2107677926339,13622724
2025-12-05,954.2987060546875,956.0668234213827,929.9378246743456,932.049720989894,17347847
2025-12-08,939.466064453125,955.2809748623741,934.8492703729215,953.6601656790195,15386438
2025-12-09,942.3638305664062,946.9315221602762,933.6214489589805,937.8944043562335,9580294
2025-12-10,942.7567749023438,946.8824221676225,938.3364513940754,943.1005538600858,6989178
2025-12-11,946.1947631835938,949.3872189119578,941.479763637212,945.0651010209991,5979035
2025-12-12,946.0965576171875,949.8783658053579,941.0377191742843,948.8960717352387,5681930
2025-12-15,950.1239624023438,951.6956089709226,940.3010214625418,940.3010214625418,4416952
2025-12-16,944.1319580078125,951.8429423827886,941.0868104547513,948.9451629202439,4764786
2025-12-17,958.5716552734375,961.1747585707222,947.2261706250966,948.4540382267455,8013382
2025-12-18,960.2415771484375,964.072548087051,956.2632980687841,960.5854160531443,4926879
2025-12-19,962.94287109375,964.6127830145067,959.7504153454842,962.5990921488027,5376584
2025-12-22,957.0491333007812,965.595103994373,955.3301186192043,963.7287212154426,5959037
2025-12-23,954.691650390625,960.2415760284049,953.5128854913131,959.0137084154704,5123287
2025-12-24,951.7938842773438,959.9960160658125,950.3695458353262,955.9686342202896,4105643
2025-12-26,949.1907348632812,953.8075289200087,947.6681910665071,951.7938380949545,3286321
2025-12-29,947.962890625,951.7447588085237,944.4266559161334,949.7801706470483,5267233
2025-12-30,956.2141723632812,958.915481049936,942.5111581255383,945.9491873630989,15030644
2025-12-31,964.8092651367188,968.1981917309051,956.2632945810017,957.9823092348453,5807630
2026-01-01,967.3140869140625,970.1627637032144,962.9919690176538,965.7915430941249,4328348
2026-01-02,981.2626953125,991.6258859934536,966.528283930725,967.0685336904954,7357435
2026-01-05,987.7457885742188,997.5196265465391,982.2940684850213,982.2940684850213,11259060
2026-01-06,1000.8594360351562,1005.869111730934,987.1564219850369,990.1033041483112,9575742
2026-01-07,989.3175048828125,1004.5921658085748,986.2232545545625,1004.5921658085748,7896720
2026-01-08,980.3294677734375,993.6886429516878,978.2175115714958,988.7771726722618,6854268
2026-01-09,982.7852172851562,990.1524228120314,976.400305828531,978.3648939690311,7809460
2026-01-12,997.1758422851562,999.2386358361825,978.364886992222,990.1524157511643,7617922
2026-01-13,1010.2402954101562,1011.2717521544648,998.0107821164995,1004.6903698484319,11016895
2026-01-14,1010.14208984375,1012.1558406646648,1002.4311053230539,1011.762899052176,7370514
2026-01-15,1010.14208984375,1010.14208984375,1010.14208984375,1010.14208984375,0
2026-01-16,1023.8451538085938,1028.9038723255544,1010.1912422980266,1013.7274769567848,11051580
2026-01-19,1020.0142211914062,1025.1221025667041,1015.6921031536436,1016.6743972572739,5460164
2026-01-20,1018.0496215820312,1033.3733854452475,1014.758960353515,1021.3402828105476,8905718
2026-01-21,1010.4368286132812,1022.1751948968682,1003.9045490044088,1013.7274897970154,7408949
2026-01-22,1029.7879638671875,1036.8113904465058,1015.7412306174947,1016.6743620200224,12001641
2026-01-23,1011.271728515625,1034.3556387828587,1007.4407577235297,1033.27513930533,10917698
2026-01-27,1034.5030517578125,1036.3202718546306,1012.0084929651499,1015.7903012550574,14420630
2026-01-28,1044.6697998046875,1046.7325934811859,1025.6624325065334,1040.6424178822,12171257
2026-01-29,1047.3218994140625,1055.9661352757114,1041.5264602731938,1044.1786063237967,14800724
2026-01-30,1058.078125,1063.3333745088544,1041.6246986507867,1045.1609334664397,9480769
2026-02-02,1010.4859008789062,1013.0399614867208,972.4711668650343,1001.841784674364,14434549
2026-02-03,1045.3572998046875,1070.5041238871402,1021.8805674931078,1067.7536525315768,16129381
2026-02-04,1049.2864990234375,1054.8856472820669,1037.5972952790487,1045.3573226632539,7312276
2026-02-05,1054.49267578125,1061.8598812478167,1048.5989114079966,1049.2864692879657,9551567
2026-02-06,1047.5184326171875,1054.590902041245,1032.3910797785106,1051.0546673292163,7041557
2026-02-09,1125.708984375,1129.638160585733,1081.0146049779123,1100.1693390052355,40852966
2026-02-10,1123.8426513671875,1133.5673869003754,1117.9488867905825,1130.6205046120729,17280036
2026-02-11,1161.9556884765625,1166.474217252129,1122.5657199431428,1124.43198276359,29491859
2026-02-12,1171.2874755859375,1182.3873266556052,1153.9991238982925,1162.0538873261555,33214985
2026-02-13,1177.377685546875,1179.735215371205,1163.5273627037404,1167.9476861585035,18141390
2026-02-16,1186.70947265625,1190.8351798022472,1164.3132392267757,1172.859149893071,14972739
2026-02-17,1191.9156494140625,1203.8013836881914,1182.7802665926308,1184.7448547341048,20107196
2026-02-18,1197.3182373046875,1202.4261183830988,1192.5049724948722,1197.220031881822,10417264
2026-02-19,1184.3519287109375,1203.212047062667,1177.9670171671169,1201.2474588953376,9630899
2026-02-20,1194.5677490234375,1196.4341316671034,1180.5210163030872,1184.8430141192323,9958162
2026-02-23,1206.0606689453125,1209.302167328373,1195.5500507835413,1200.3633155560203,9733835
2026-02-24,1201.640380859375,1212.8384373028666,1198.1040262888578,1210.1862912839226,15788449
2026-02-25,1178.85107421875,1206.3553078239622,1176.2971336514831,1206.3553078239622,19581100
2026-02-26,1188.084716796875,1193.880275982552,1167.849482270177,1179.7352169268681,16196052
2026-02-27,1180.4227294921875,1190.3439954720204,1177.3776418736493,1185.6289359982593,10700355
2026-03-02,1168.831787109375,1176.1007875153553,1158.5176989399156,1164.0185219818375,16270835
2026-03-04,1153.704345703125,1161.7591088376892,1137.1035525068773,1151.3468160340765,13855065
2026-03-05,1148.79296875,1162.250350176651,1130.227585974388,1160.0893510848653,22100665
2026-03-06,1122.7620849609375,1148.5964661130286,1117.8506147730068,1147.8105829193835,20333328
2026-03-09,1079.050048828125,1095.2579011773867,1045.4556391950514,1095.2579011773867,24631198
2026-03-10,1092.5074462890625,1100.0711827783487,1084.9438297087236,1091.426946764578,17491459
2026-03-11,1071.781005859375,1096.1419460785291,1068.735918309216,1093.68621097212,8364878
2026-03-12,1065.9854736328125,1078.5588856550278,1051.545798810298,1056.0643275370824,14614140
2026-03-13,1028.4619140625,1062.1546493731119,1023.8451797948526,1058.4218838608822,15978675
2026-03-16,1047.8131103515625,1054.0016113922836,1017.754933672958,1030.1318158454478,15322269
2026-03-17,1045.8485107421875,1054.8856886705516,1028.4619526297915,1054.8856886705516,16427877
2026-03-18,1050.8582763671875,1056.3590993465684,1042.5087765154108,1048.5989519731277,10749915
2026-03-19,1030.3282470703125,1040.936950803617,1022.5681001383867,1030.917599515117,13431191
2026-03-20,1039.26708984375,1065.7890288095168,1035.3379137006734,1039.6600314398456,17748625
2026-03-23,1013.6292724609375,1027.086653225109,996.2426554714183,1020.6035363599531,16039603
2026-03-24,1012.5487670898438,1040.2494116751225,1001.9399432564919,1036.5166462758839,30416734
2026-03-25,1041.821044921875,1046.6343097462316,1024.5326936323975,1024.5326936323975,16205333
2026-03-27,1001.4487915039062,1036.6149667218629,995.0638801309044,1032.6857904923231,20445349
2026-03-30,962.058837890625,991.5276600442548,958.522543259506,987.2055421466002,21438137
2026-04-01,999.7789306640625,1012.745224874495,980.7715636649391,990.1524604010582,17424479
2026-04-02,1000.3683471679688,1007.833758433837,960.5854356508436,982.2941115339542,20777629
2026-04-06,1014.4642333984375,1017.3619530344956,987.2546747939996,1001.939983603395,23576634
2026-04-07,1012.1558227539062,1015.3973212044529,994.0815880797585,1006.8514108515341,15021291
2026-04-08,1042.656005859375,1058.7166100346876,1040.6914176944629,1054.9838445577764,28533742
2026-04-09,1022.5189819335938,1045.504687551959,1019.9159985301128,1041.329937682068,24772948
2026-04-10,1047.8131103515625,1050.5144192344412,1027.6270377357864,1030.4265520507975,17861336
2026-04-13,1044.7188720703125,1048.353312047308,1011.7628591320939,1023.5503875880017,17763348
2026-04-15,1052.528076171875,1068.7359280214653,1049.2864578383803,1056.9483994035816,16195810
2026-04-16,1048.255126953125,1064.9541259228224,1043.1962885775752,1058.9129934902317,20313165
2026-04-17,1061.1231689453125,1062.9895516597985,1041.2317140310404,1048.1077725199245,16823879
2026-04-20,1088.2344970703125,1101.102525826513,1056.8010858019393,1061.1723665018162,31179584
2026-04-21,1092.1636962890625,1095.012373226544,1086.3681369836245,1093.6863001427537,16963734
2026-04-22,1083.76513671875,1098.057444036852,1080.6217236295247,1090.3464592751195,12412659
2026-04-23,1074.875244140625,1082.3898174645885,1063.038553095583,1075.6119646643676,13669001
2026-04-24,1081.60400390625,1086.4172689530212,1070.749726103037,1072.0266364810311,13774745
2026-04-27,1092.1636962890625,1095.0615358962568,1083.8633589162316,1091.2796075968854,11624385
2026-04-28,1071.9775390625,1090.8375367592364,1069.8655828843748,1082.7827735553876,10727835
2026-04-29,1067.655517578125,1085.4350174109393,1065.0524141428152,1074.6297819435,10611104
2026-04-30,1049.5321044921875,1058.6183251016832,1044.1786495020647,1055.9661789414106,14269539
2026-05-01,1049.5321044921875,1049.5321044921875,1049.5321044921875,1049.5321044921875,0
2026-05-04,1049.4830322265625,1069.816471974203,1044.7679726198023,1044.7679726198023,11693211
2026-05-05,1041.133544921875,1049.581250235382,1030.8194568287804,1041.8211028311687,12194631
2026-05-06,1076.5943603515625,1081.6040364042549,1042.4104768585712,1053.019301365762,14384779
2026-05-07,1072.6651611328125,1088.381866790436,1066.8696019397742,1086.4172785832332,16105163
2026-05-08,1001.2523193359375,1075.6119913694504,993.0010852378409,1070.7005210892246,48065909
2026-05-11,956.3615112304688,989.1701581334676,953.9057759818752,989.1701581334676,46927396
2026-05-12,957.3438110351562,964.0234589147167,945.3598709141811,959.6031354409057,25787092
2026-05-13,952.9234619140625,963.8269621620207,944.1810805849492,960.6836091187947,17584580
2026-05-14,962.5499877929688,969.5242517416415,946.5385464115705,956.2632817330172,16487142
2026-05-15,963.2000122070312,972.5,957.0,971.2000122070312,26972493
2026-05-18,939.4000244140625,954.9000244140625,933.9000244140625,952.0,16554877
2026-05-19,948.7999877929688,956.5999755859375,939.5,942.0,17280869
2026-05-20,950.9000244140625,955.0,935.0,941.0999755859375,11928460
2026-05-21,950.9000244140625,960.9000244140625,946.5,957.0,11756520
2026-05-22,949.2000122070312,958.5999755859375,947.7000122070312,950.9000244140625,7807192
2026-05-25,969.5999755859375,972.5,957.5,959.9000244140625,10934747
2026-05-26,968.5,978.7999877929688,962.0999755859375,969.9000244140625,16269800
2026-05-27,967.7999877929688,975.9000244140625,966.5999755859375,969.7999877929688,8111259
2026-05-28,967.7999877929688,967.7999877929688,967.7999877929688,967.7999877929688,0
2026-05-29,964.4000244140625,973.7000122070312,960.2999877929688,967.7999877929688,22292535
2026-06-01,954.0999755859375,970.25,950.0999755859375,966.25,11118975
2026-06-02,956.6500244140625,961.2999877929688,939.9000244140625,950.9500122070312,15911760
2026-06-03,970.4500122070312,974.0,937.2000122070312,953.75,27947005
2026-06-04,979.25,985.7999877929688,961.0999755859375,969.9000244140625,18875883
2026-06-05,977.7000122070312,992.5999755859375,970.5999755859375,980.0,20955539
2026-06-08,981.9500122070312,988.6500244140625,965.1500244140625,966.0,12895416
2026-06-09,1002.7000122070312,1009.0,983.0,985.0,22142480
2026-06-10,1003.25,1012.4000244140625,999.5,1002.7000122070312,19122317
2026-06-11,1000.7000122070312,1009.4000244140625,993.0,998.0999755859375,13773978
2026-06-12,1017.1500244140625,1018.7000122070312,1004.3499755859375,1018.0,11081119
2026-06-15,1020.8499755859375,1034.0,1018.5,1034.0,12463437
2026-06-16,1015.2999877929688,1026.550048828125,1007.4000244140625,1023.7999877929688,9693677
2026-06-17,1026.5,1028.0999755859375,1013.4500122070312,1017.0,8190062
2026-06-18,1042.699951171875,1045.699951171875,1024.449951171875,1027.9000244140625,11048009
2026-06-19,1035.0999755859375,1042.0,1029.300048828125,1042.0,9099878
2026-06-22,1040.75,1043.0,1033.5999755859375,1038.0,6209440
2026-06-23,1024.199951171875,1045.5,1022.3499755859375,1041.0,10411004
2026-06-24,1034.5999755859375,1044.5,1020.5,1024.0,11724076
2026-06-25,1045.4000244140625,1055.4000244140625,1038.550048828125,1040.0,16002360
2026-06-26,1045.4000244140625,1045.4000244140625,1045.4000244140625,1045.4000244140625,0
2026-06-29,1036.0999755859375,1046.4000244140625,1030.8499755859375,1044.449951171875,16818246
2026-06-30,1026.9000244140625,1044.0,1025.050048828125,1040.0,11161643
2026-07-01,1047.4000244140625,1049.9000244140625,1025.5,1031.0,6295315
2026-07-02,1051.5999755859375,1059.800048828125,1045.0,1050.9000244140625,14682790
2026-07-03,1040.0,1057.0,1034.5,1055.0,10441493
2026-07-06,1037.699951171875,1048.4000244140625,1036.5,1041.9000244140625,8761017
2026-07-07,1038.0999755859375,1049.5999755859375,1035.5,1039.300048828125,11053574
2026-07-08,1016.9000244140625,1038.300048828125,1011.7000122070312,1029.5999755859375,14141694
2026-07-09,1022.0999755859375,1031.699951171875,1019.2999877929688,1019.7999877929688,7661699
2026-07-10,1036.0,1047.800048828125,1023.5,1029.5,8792150
2026-07-13,1037.0,1042.9000244140625,1022.0999755859375,1023.5,8381510
2026-07-14,1015.4000244140625,1033.699951171875,1011.4000244140625,1033.300048828125,11562326
2026-07-15,1030.0999755859375,1036.0,1013.7000122070312,1015.5,14275394
2026-07-16,1031.199951171875,1036.0,1027.300048828125,1030.0999755859375,7708316
2026-07-17,1044.300048828125,1048.0,1028.300048828125,1030.5999755859375,8452780
2026-07-20,1060.0,1065.0,1038.300048828125,1041.5999755859375,16540411
2026-07-21,1044.4000244140625,1067.0,1042.800048828125,1056.199951171875,10514887
2026-07-22,1025.0,1044.4000244140625,1019.2000122070312,1044.4000244140625,11227214
2026-07-23,1012.5999755859375,1023.0999755859375,1006.5,1022.0,8910230
2026-07-24,1015.0,1017.7999877929688,1000.7999877929688,1006.0,13797053
2026-07-27,1020.5999755859375,1023.7000122070312,1015.9000244140625,1020.2999877929688,6093002
2026-07-28,1013.2000122070312,1022.0,1008.2999877929688,1018.0,9873370
2026-07-29,1013.7000122070312,1020.2000122070312,1012.0,1020.0,4792964
2026-07-30,1025.300048828125,1028.300048828125,1007.5999755859375,1013.5,6847458
2026-07-31,1027.4000244140625,1034.300048828125,1023.5,1028.0999755859375,10921417
2026-08-03,1045.0,1051.5,1031.5999755859375,1035.0,10507450
2026-08-04,1042.699951171875,1047.5999755859375,1030.9000244140625,1047.5999755859375,8544184
2026-08-05,1055.0,1055.0,1040.300048828125,1043.0,8707119
2026-08-06,1085.0,1088.0999755859375,1052.5,1052.5,13822265
2026-08-07,1097.199951171875,1124.5,1075.699951171875,1080.0999755859375,29410622
2026-08-10,1071.0,1113.300048828125,1068.5999755859375,1108.0,16623448
2026-08-11,1066.0,1071.0,1060.4000244140625,1071.0,9456913
2026-08-12,1082.0,1085.5,1066.0,1066.0,17673922
2026-08-13,1083.0,1086.800048828125,1073.0,1083.0,9502483
2026-08-14,1067.699951171875,1082.0,1065.0999755859375,1082.0,6273501
2026-08-17,1061.199951171875,1068.800048828125,1052.4000244140625,1064.199951171875,7039473
2026-08-18,1053.0,1067.699951171875,1053.0,1059.5999755859375,5583771
2026-08-19,1048.5999755859375,1054.800048828125,1041.4000244140625,1053.199951171875,7182636
2026-08-20,1048.0,1052.9000244140625,1045.699951171875,1052.9000244140625,5879949
2026-08-21,1048.699951171875,1054.699951171875,1040.0999755859375,1052.699951171875,6534213
2026-08-24,1039.5,1047.9000244140625,1032.0999755859375,1047.9000244140625,8868193
2026-08-25,1048.0,1048.0,1031.300048828125,1036.0,9982723
2026-08-26,1052.0,1062.300048828125,1051.199951171875,1051.4000244140625,5858099
2026-08-27,1042.9000244140625,1054.4000244140625,1042.9000244140625,1052.0,4788716
2026-08-28,1047.5,1051.199951171875,1040.5,1046.0,4969272
