stock,date,title,description
DJIA,2008-08-08,"b""Georgia 'downs two Russian warplanes' as countries move to brink of war""","b'BREAKING: Musharraf to be impeached.' b'Russia Today: Columns of troops roll into South Ossetia; footage from fighting (YouTube)' b'Russian tanks are moving towards the capital of South Ossetia, which has reportedly been completely destroyed by Georgian artillery fire'"
DJIA,2008-08-11,"b'Why wont America and Nato help us? If they wont help us now, why did we help them in Iraq?'","b'Bush puts foot down on Georgian conflict' b""Jewish Georgian minister: Thanks to Israeli training, we're fending off Russia "" b'Georgian army flees in disarray as Russians advance - Gori abandoned to Russia without a shot fired'"
DJIA,2008-08-12,"b'Remember that adorable 9-year-old who sang at the opening ceremonies? That was fake, too.'","b""Russia 'ends Georgia operation'"" b'""If we had no sexual harassment we would have no children...""' b""Al-Qa'eda is losing support in Iraq because of a brutal crackdown on activities it regards as un-Islamic - including women buying cucumbers"""
DJIA,2008-08-13,b' U.S. refuses Israel weapons to attack Iran: report',"b""When the president ordered to attack Tskhinvali [the capital of South Ossetia], we knew then we were doomed. How come he didn't realize that?"" b' Israel clears troops who killed Reuters cameraman' b'Britain\'s policy of being tough on drugs is ""pointless"", says a former civil servant who once ran the Cabinet\'s anti-drugs unit.'"
DJIA,2008-08-14,b'All the experts admit that we should legalise drugs ',"b'War in South Osetia - 89 pictures made by a Russian soldier.' b'Swedish wrestler Ara Abrahamian throws away medal in Olympic hissy fit ' b'Russia exaggerated the death toll in South Ossetia. Now only 44 were originally killed compared to 2,000.'"
DJIA,2008-08-15,"b""Mom of missing gay man: Too bad he's not a 21-year-old cheerleader, then they'd still be looking for him""","b""Russia: U.S. Poland Missile Deal Won't Go 'Unpunished'"" b""The government has been accused of creating laws that have a chilling effect on freedom of expression in the UK in a critical report from the UN's committee on human rights"" b'The Italian government has lashed out at an influential Catholic magazine which suggested fascism might be resurfacing within the government.'"
DJIA,2008-08-18,"b'In an Afghan prison, the majority of female prisoners are serving 20-year sentences for being victims of rape '","b""Little girl, you're not ugly; they are"" b""Pakistan's Musharraf to Resign, Leave the Country"" b'Tornado throws a bus in Poland, captured by one of the passengers'"
DJIA,2008-08-19,"b""Man arrested and locked up for five hours after taking photo of police van ignoring 'no entry' sign""",b'The US missile defence system is the magic pudding that will never run out' b'Schrder lambasted for blaming Russian conflict on Georgia' b'Officials: 10 French soldiers killed near Kabul '
DJIA,2008-08-20,b'Two elderly Chinese women have been sentenced to a year of re-education through labor after they sought a permit to demonstrate in an official Olympic protest area.',"b'The Power of Islam: The Human Rights Council at the United Nations has now banned any criticism regarding Sharia Law and human rights in the Islamic World' b""We had 55 times more military soldiers in the first Gulf War than contractors. In the current Iraq war, the ratio's 1:1."" b'""I live here on less than a dollar a month"" -- Obama\'s brother, Kenya shanty town '"
DJIA,2008-08-21,"b""British resident held in Guantanamo Bay wins legal battle to force Foreign Office to reveal 'torture' evidence""",b'Chinese may have killed 140 Tibetans this week: Dalai Lama' b'U.S. Navy Ships Head to Georgia' b'Hacker uncovers Chinese olympic fraud'
DJIA,2008-08-22,b'Syria says its ready to put a Russian missile system on its soil as a counterweight to U.S. plans to deploy a missile shield in Poland and the Czech Republic',"b'""Superclass""- new book - over the past several decades a ""global elite"" has emerged whose connections to each other have become more significant than their ties to their home nations and governments.' b'Georgia did not believe Russia would respond to its offensive in South Ossetia and was completely unprepared for the counter-attack, the deputy defence minister has admitted.' b'Ossetian leader admits conducting ethnic cleansing'"
DJIA,2008-08-25,"b""N Korea's Kim died in 2003; replaced by lookalike, says Waseda professor""","b'Secret prison on Diego Garcia confirmed' b'Israel claims allowing an aid ship to reach Palestine is ""a dangerous precedent"" &amp; will use deadly force, a response out of proportion to the threat."" What dangerous precedent could this create?' b'Pedophile attempts to assault and kidnap child; Mother beats pedophile on head with pipe.  Nobody upset.'"
DJIA,2008-08-26,b'North Korea halts denuclearisation after US fails to remove them from list of states sponsoring terrorism.',b'60 Children Among Dead in US Airstrike in Afghanistan' b'The Russian Parliament has voted overwhelmingly to officially recognize the independence of Abkhazia and South Ossetia' b'Violent animal rights activists set fire to scientist home - very little protection available for scientists'
DJIA,2008-08-27,b'Photos of a 15-year-old Iraqi suicide bomber who gave herself up  ',"b""London Olympics: 'Tacky' 2012 handover show attacked by British bloggers"" b'Fascist close to taking over Thailand. They want to replace the democracy with a system that would be dominated by appointees from the bureaucracy and the military. ' b'Iraq says U.S. sought troop presence to 2015'"
DJIA,2008-08-28,"b""Military help for Georgia is a 'declaration of war', says Moscow""",b'Western Media Mislead Public on Georgia-Russia Conflict [VIDEO]' b'Conservative foreign affairs magazine: the US should cooperate with Iran on energy to balance Russian influence' b' Dalai Lama admitted to hospital'
DJIA,2008-08-29,"b'Russian Prime Minister Vladimir Putin has accused the US of provoking the conflict in Georgia, possibly for domestic election purposes. '","b'who is: ""Michael Lee White, a resident of Houston, born in 1967""?' b""Georgia has decided to cut diplomatic ties with Russia, days after Moscow recognised the independence of Georgia's two breakaway regions."" b""Mexico City's abortion-rights law is upheld"""
DJIA,2008-09-02,"b""A girl filmed Israeli soldiers' brutality. Since then, her family has been the victim of revenge attacks.  ""","b'The Dutch have recalled a spy from Iran citing a U.S. plan to attack Iran with unmanned aircraft within a few weeks.  An Israeli news source confirmed preparations for a military strike against Iran.' b'Japanese wives hire ""professional seducers"" to set up hubby for divorce. (File under: ""It just ain\'t fair"")' b'Japans Prime Minister Resigns'"
DJIA,2008-09-03,b'Poland Legalization of Marijuana - two majour steps in the right direction',"b""What's REALLY happening between Russia and the U.S."" b'As Brazil begins to tap its immense oil reserves, it is bucking the tradition of giving all the profits to the upper-class.' b'""Surveillance in a Box"": Siemens has developed software to pool and sort data from telephone calls, email and internet activity, bank transactions and insurance records. '"
DJIA,2008-09-04,"b'Security guards beat man at soccer (football) game, fans and players charge the field and beat them.'","b'U.S. Troops cross border into FUCKING Pakistan!! U.S. confirms ground assault against Taliban inside Pakistan. Sept 03, 1:28am' b'Syria has made an official proposal to Israel for direct peace talks, Assad says.  ""We are awaiting Israel\'s response.""  The two countries have been at war for 60 years' b'Pakistan condemns US over raid'"
DJIA,2008-09-05,"b'In Jordan, the honor killings that are not: Women are murdered for other reasons, but when caught the guilty claim it is an honor killing to obtain lenient sentencing.'","b'U.S. Navy Ship Arrives at Georgian Port Where Russia Has Troops  ' b""At least five people have been killed in another suspected US missile strike on militant targets in Pakistan's border region, Pakistani officials say."" b'Polish prosecutors probe possible CIA jail | Reuters'"
DJIA,2008-09-08,b'A French judge has ordered two branches of Scientologists and their leaders to stand trial for fraud ',"b' Russia in legal bid to ban South Park' b""'60 Minutes' Cut Ahmadinejad's Statement, 'Solution Is Democracy' in Israel/Palestine"" b'U.S. drones kill 13 in missile attack in Pakistan'"
DJIA,2008-09-09,b'I love the world: Thai Prime Minister Samak Sundaravej was forced to resign after a court said he had violated the Constitution by hosting a cooking show. Seriously.',"b""French revolt over Edvige: Nicolas Sarkozy's Big Brother spy computer"" b'Terrorists Fail! ""Time to Carry Liquids on Planes"" - Virgin' b""If you think 9/11 was an inside job, you'll find company in Cairo."""
DJIA,2008-09-10,b'Dutch to ban burkas when picking children up from school',"b""For 21 years a British man has refused to bury his sons body, claiming authorities covered-up the real cause of the child's death"" b'War Nerd - Ossetia: all over but the whining' b'North Korean Leader Kim Jong-il is Confirmed to be Ill'"
DJIA,2008-09-11,b'American intelligence confirms that the latest military actions in South Ossetia were started by Georgia and Russias position in the conflict was correct',"b'""The Russians are right! We\'re wrong! Georgia started it, the Russians ended it,"" Rep. Dana Rohrbacher, a California Republican, said' b'Russian bombers arrive in Venezuela for training' b'Bolivia asks U.S. ambassador to leave, protests mount'"
DJIA,2008-09-12,"b""OPEC finished??  Saudi Arabia says 'LATER!'""","b'Putin may strip CNN of its Russian broadcasting rights' b'Putin on Georgia: ""What did you want us to do? Wave our penknives in the air and wipe the bloody snot off our noses?""' b'Chavez said the U.S. ambassador has 72 hours to leave Venezuela - ""That\'s enough *#@! from you, Yankees""'"
DJIA,2008-09-15,b'Did Saakashvili Lie?: The West Begins to Doubt Georgian Leader',"b'Indian Newspapers after Terrorist Attack on Delhi: ""..some of the liberties that we take for granted might have to be curbed to ensure that terrorists are effectively restrained,""' b'EU Stocks plunge!' b""Israel raid 'could be war crime'"""
DJIA,2008-09-16,"b""Pakistani Tribesmen Representing Half A Million People Vowed To Switch Sides &amp; Join the Taliban If Americans Don't Stop Raids into Pakistan""","b'Italy: Berlusconi government seeks to rehabilitate fascism' b'A chemical blamed for killing two infants in China has been found in 69 brands of baby milk powder nationwide, state television said on Tuesday, in a potential dramatic escalation of the scandal' b'Pakistan Orders Troops to Open Fire on U.S. Forces to Stop Raids'"
DJIA,2008-09-17,b'Attack on US embassy in Yemen leaves 16 dead',b'100 groups demand to see secret anticounterfeiting treaty' b' Suspected U.S. missiles hit Pakistani village' b'Zimbabwe: Loaf of bread now costs $10 trillion'
DJIA,2008-09-18,"b'6,200 babies sick: Milk scandal spreading '",b'Afghan farmers are pulling up poppies for wheat' b'Venezuela Says U.S. Uses Anti-Drug List as Weapon of Domination' b'6 more people die in another US missile strike in Pakistan'
DJIA,2008-09-19,b'Brits take a stand - ban short-selling of financial stocks',"b'Scientology could be banned in France if they lose fraud lawsuit. ' b""Spain's media in uproar over McCain's comments regarding Prime Minister Zapatero"" b""Arabs across the ideological spectrum are denouncing cleric's fatwa on 'immoral' TV"""
DJIA,2008-09-22,b'Russian navy sails to Venezuela ',"b'Oil prices shoot up over $25 a barrel - the biggest 1-day rise ever - as anxiety over US bailout weighs on dollar ' b'Russia has successfully fired a new intercontinental ballistic missile. The Bulava missile has a range of 10,000 kilometers and can carry six individually targeted nuclear warheads.' b""Pakistan's top leaders were to have been in the Islamabad Marriott hotel when it was bombed - but changed venue at the last minute"""
DJIA,2008-09-23,"b'$US 13 billion of the money allocated for reconstruction projects in Iraq was wasted or stolen, with some of it ending up in al-Qaedas coffers'","b""[Breaking] 'Shooting' at school in Finland"" b'Noida CEO beaten to death by sacked employees' b""Japan starts work on $9B 'space elevator' to replace rockets """
DJIA,2008-09-24,"b""Iran leader says 'American empire' near collapse""","b'Global corruption index: Somalia most, Denmark least corrupt country' b""All Systems Go for China's Manned Space Launch"" b'The wreckage of a suspected US spy plane has been found near the Afghan border by the Pakistani army, but it has denied claims it was shot down'"
DJIA,2008-09-25,b'Russian woman caught red-handed drinking orange juice in Dubai',"b'Russia to loan Chavez $US 1 billion  to buy arms' b'Henry Rollins in Israel. ""Your kids will inherit the war you did not stop."" Amazing video.' b'Stopping a Financial Crisis, the Swedish Way'"
DJIA,2008-09-26,"b'Japanese space tourist paid Space Adventures $21M to go to the ISS. They bumped him, sent one of their investors instead, and kept his money'","b""France's top diplomat said Thursday that many European nations have decided to wait out the Bush administration"" b'Xinhua Runs Spacewalk Story Before Astronauts Leave Earth' b""Somali pirates 'seize 30 tanks'...where are the ninjas when you need them?"""
DJIA,2008-09-29,b'The Power Of Nightmares - BBC (Part 1)',"b""Japan makes cars. Saudi Arabia pumps oil. China supplies socks and flat-screen TVs. What's America's No.1 export? Debt"" b'Chinese officials called it a separatist attack; new photos show Chinese officers attacking other Chinese officers.. with machetes' b""Huge European bank and iinsurance giant fails -- bailout of 11.2 billion euro ($16.4 billion) by 3 separate gov'ts"""
DJIA,2008-09-30,b'Gorbachev forms new Russian party opposing Putin',"b""Ahmadinijad's willingness to accept Israel - why do we always here the other side of the story?"" b""Olmert Says Israel Must Withdraw From 'Almost All' of Occupied Territories"" b""Mexican Violence Forcing Families to Migrate: Extreme poverty isn't the only reason people are fleeing Mexico these days"""
DJIA,2008-10-01,"b'""Fucking hell ... it\'s fucking Great Britain. It\'s 2008. I\'ve been to Soweto and I\'ve seen Aids orphans eating better than that.""'","b'Brian Haw, Britains most loved peace protester, beaten to pulp by police' b'Suicidal teenager urged to Jump by crowd, so he did' b'British envoy says mission in Afghanistan is doomed, according to leaked memo '"
DJIA,2008-10-02,b'Mexican Farm Leader Dies After Lighting Himself on Fire in Protest',"b'Surveillance of Skype messages found in China ' b""Russia: 'US economic dominance over', World needs 'more just' financial system"" b""'Hundreds join' settler violence"""
DJIA,2008-10-03,"b""US strikes 'kill 20 in Pakistan'""","b'A script written by the BBC and the government to be broadcast in the event of a nuclear attack has been published.' b'Jewish settlers trying to stop olive harvest, opposed by ""Rabbis for Human Rights""' b""Medvedev : The U.S. financial crisis should be taken as a sign that America's global economic leadership is on the wane"""
DJIA,2008-10-06,"b""Iceland. Sept 5/08 : UN's Best Country to Live '07.  Oct 5/08: Food hoarding begins, Currency rated just above Zimbabwe""",b'The dark side of Dubai' b'China cancels military contacts with US in protest ' b'Pirates die mysteriously on captured ship'
DJIA,2008-10-07,"b'(Russia) ""You won\'t buy our version of the war in Georgia? Fine, we won\'t buy your version of 9/11.""'",b'U.S. Security Firm Indicted for Fraud in Afghanistan' b'The government of Iceland getting a 4 bn loan from Russia in exchange for a 99-year lease on the airport at Keflavik - a former American air base' b'Recent scenes from North Korea'
DJIA,2008-10-08,b'Modern slavery in Dubai',"b'Brazil and Argentina, two biggest economies in South America, Monday launched a new payment system of bilateral transaction with their local currencies, aimed at eliminating the U.S. dollar ' b""The British government's plan for teachers to monitor their pupils for signs of potential extremism only stifles debate and encourages secrecy."" b'Attack on U.S. Embassy in Yemen Linked to Israeli Mossad'"
DJIA,2008-10-09,b'The Bush administration this month is quietly cutting off birth control supplies to some of the worlds poorest women in Africa.',"b'A 14 year old schoolboy posed as a female British secret service spy in an internet chatroom to persuade a 16 year old friend to try to murder him' b'Mexico: Government agents killed 4 to 6 people in Chiapas, 3 of them mafia execution-style. Residents respond by briefly capturing 77 government agents.' b'U.K. Uses Anti-Terrorism Law to Seize Icelandic Bank Assets  '"
DJIA,2008-10-10,"b'Icelandic Currency (ISK) loses 73% of its value in a single day. Yesterday, 1 USD = 92 ISK. Today, 1 USD = 418 ISK. '",b'Iceland has gone bankrupt. They are likely going to ask the International Monetary Fund for help and ditch the krona.' b'French President Nicolas Sarkozy: Lets put things clearly. There was a Georgian military aggression. That was a mistake. But the Russian armys reaction was disproportionate' b'Nobel peace price for 2008 to Martti Ahtisaari'
DJIA,2008-10-13,b'EU Bans the Incandescent Light Bulb',"b'AFP: Paul Krugman wins Nobel Economics Prize' b'Europe to U.S.: You messed up the rescue, too' b'Hindu Threat to Christians: Convert or Flee'"
DJIA,2008-10-14,b'Russian Lawyer Who Defended Journalists Is Poisoned In France',"b'Daughter of Mossad chief sent to military prison for refusing to enlist. Stay classy, Israel!' b'US Surrenders Power to Appoint World Bank President ' b'India gets a new view of US: Collection agents at call centers hear tales of woe from a land whose lifestyles they once idealized.'"
DJIA,2008-10-15,"b'On behalf of the 64% of Canadians who did not vote for our new Conservative government, I apologize for what our country has done.'","b""China will be a democracy by 2020, according to one of the country's most influential reformers. "" b""Iceland: Britain's unlikely new enemy"" b'CFR Member Calls For New Global Monetary Authority'"
DJIA,2008-10-16,b'Iceland has food stocks for about 3 to 5 weeks',"b'Israeli Bestseller Breaks National Taboo - Dr Shlomo argues that the idea of a Jewish nation is a myth invented little more than a century ago.' b'CNN anchorwoman actually takes on Israeli spokeswoman [VID]' b'Ever wondered what a dead city looks like? Watch this BBC report from inside Mogadishu, Somalia'"
DJIA,2008-10-17,b'The Other Man On The Podium',"b'Dutch non-profit reproductive health organization sails ship around the world, anchoring in international waters to provide abortions to women in countries where abortion is banned' b""Grand Ayatollah Issues Decree Calling Muslims to Defend Iraq's Christians"" b'Marx Das Kapital sales soar among young Germans '"
DJIA,2008-10-20,b'Coke Dealers Badass Party House w/ Private Zoo',"b'Japan: 44 per cent of country\'s workforce are part-time only. Communist-themed ""manga"" comics are enjoying soaring success.' b'Seriously, what\'s going on in China that would cause melamine in everything from milk to dogfood... and now chocolate and strawberry flavored ""willy spread""?' b'Fascinating Pictures of Russian Trains '"
DJIA,2008-10-21,"b""Britain's freedoms under threat from 'Big Brother security state', warns Director of Public Prosecutions""","b""Centuries of freedoms being broken by security state, says England's top prosecutor"" b'Newly declassified documents: Stalin was ready to send over a million Soviet troops to the German border in order to preempt Nazi aggression. This could have prevented the outbreak of the World War II' b'Providing micronutrients for 80% of the 140 million poorest children in the form of vitamin A and zinc would cost $60 million/year. This action holds benefits of more than $1 billion/year.'"
DJIA,2008-10-22,"b'US falls to 119th out of around 160 countries ranked by press freedoms outside its own territory, says Reporters Without Borders.'","b""Austria in shock as leader of far right Alliance for the Future of Austria reveals he's gay - and was having a long-term affair with Jorg Haider, the former leader"" b""BBC: India successfully launches the unmanned Chandrayaan 1 spacecraft - the country's first mission to the Moon"" b'Moon rocket at an Indian price: Just 80 million dollars to the moon'"
DJIA,2008-10-23,"b'Argentina nationalizes private pensions and acknowledges that they were an ""enormous error\'\'. Argentina takes action to protect workers and retirees instead of banks. '","b'How people of other religions are treated in Muslim countries: Amazing facts.' b'Baby rape a cure for AIDS - How can this be sick belief be common in a developed country? over 1500 new infections daily, over 20,000 rapes a year' b'UN says wealth gap creating a social time bomb - Growing inequality in US cities could lead to widespread social unrest and increased mortality.'"
DJIA,2008-10-24,b'EU formally renews ties with Cuba ',b'Terrorism laws can be abused to stifle dissent: UN rights expert' b'Colombia: Half a million people on strike in the nation that kills more union members than the rest of the world combined.' b'Australia uses accusations of child abuse to take land from Aborigines for uranium mines'
DJIA,2008-10-27,b'BBC: Rampant Evidence That Georgia Committed War Crimes During Conflict With Russia',"b'Is Britain on its way to becoming a surveillance society. Or has it already arrived?' b'Extremists to be barred from UK' b'1000 Congolese citizens hurl rocks at a UN compound, ""angry that a 17,000-strong U.N. peacekeeping force has been unable to protect them from a rebel attack just 25 miles north of the city.""'"
DJIA,2008-10-28,"b'Finnish e-voting system loses 2% of votes, has no paper trail'","b'One dead, thousands without power and the first October snow in London in 74 YEARS as Arctic blast sweeps across UK' b'Gordon Brown\'s terror claims for ID cards are ""bunkum"" says GCHQ expert' b""mental midgets at tsa will eventually re-allow us to bring our non-explosive liquids back on planes! now if they'll just stop stealing our crap"""
DJIA,2008-10-29,"b""I Know We've Got This Election in US To Worry, But I Wanted To Help Shine More Light On Our Australian Friends Potential 'Internet Filter' Problem. Let's Keep That In The Spotlight Too!""","b""I can picture in my mind a world without War, a world without Hate. and I can picture us attacking that world, because they'd never expect it. -Jack Handey"" b'British home secretary launches investigation into CIA and MI5 torture which could lead to a criminal prosecution.' b'Not as important as the US election or aussie internet censorship.. but.. 215 dead, up to 50,000 people may be homeless in Pakistan, following earthquake..'"
DJIA,2008-10-30,b'Out-of-office reply ends up on bilingual road sign in Wales',b' CIA officers could face trial in Britain over torture allegations ' b'teens attack 75 year old blind flamingo - what is wrong with our world?' b'Exxon Posts Largest Ever Profit of $14.83 Billion in a Quarter!'
DJIA,2008-10-31,b'British police ask for camera license!',"b'Beheaded after trying for asylum in Australia' b'March of the dustbin Stasi: Half of councils use UK anti-terror laws to watch people putting rubbish out on the wrong day' b'Amnesty: Somali rape victim, 13, stoned to death, AF '"
DJIA,2008-11-03,"b'Every MP to receive a copy of Orwell\'s ""Nineteen Eighty-Four""'","b'Scientists conclude a mud volcano that displaced 36,000 Indonesians was caused by exploratory drilling for natural gas.' b'A bill proposed in Dutch parliament would force women deemed unfit mothers to take contraception for two years.  Fail to comply and the state takes the newborn into custody.' b'Those New Photos of a Healthy Kim Jong-Il suppplied by North Korea..they have no shadows'"
DJIA,2008-11-04,b'Kenya declares holiday for Obama',b'The Western media has recently outdone itself in censoring important stories - stories which contradict the policies and interests the media seeks to uphold...' b'Does it seem like every other US bomb dropped in Afghanistan hits a wedding party?' b'Plane crashes in centre of Mexico City'
DJIA,2008-11-05,b'London: Smokers to be banned from fostering children',"b'""Suddenly, It May Be Cool To Be American Again""' b' Pirate pride in Sweden as Pirate Bay hits 22 million peers ' b'Want to help third world countries improve in the long term but kind of a tight ass? Try Kiva'"
DJIA,2008-11-06,"b'""People \'can\'t wait for ID cards\'"" - WTF?  Why would anyone  (even if indifferent to the scheme) actually WANT an ID card?'","b""Kim Jong Il Photoshop Error Betrays Leader's Health Problems? (PHOTOS)"" b'NYTimes: ""Newly available accounts raise questions about the accuracy and honesty of Georgias insistence that it acted defensively against Russian aggression.""' b'Iran Response to Obama Victory'"
DJIA,2008-11-07,"b""UK Judge asks media whether to release Guantanamo Bay 'torture' evidence""","b""Conservatives take New Zealand: John Key says NZ election win a 'vote for change'"" b'Blueprints for Auschwitz camp found in Germany' b'One million Cubans evacuate as Hurricane Paloma,  now Cat 4, aims for Cuba'"
DJIA,2008-11-10,b'IAEA: Documents linking Iran to nuclear weapons push may have been fabricated',"b'The United States abandoned a nuclear weapon beneath the ice in northern Greenland following a crash in 1968, a BBC investigation has found.' b'Holocaust survivors to Mormons: Stop baptisms of dead Jews' b'How good is your Northern African/Middle East Geography?'"
DJIA,2008-11-11,"b""Sudan's President has announced an immediate ceasefire in Darfur.""",b'Former boxer who killed pedophile wins prosecutors hearts' b'Israel blocks the flow of food into gaza.  The mormons should baptize those palestenians before they starve to death.' b'Afghan schoolgirls burned by acid in attack by men on motorcycle'
DJIA,2008-11-12,"b'""Now for being stupid and believing in witchcraft you will have to work much harder to recoup the money you gave us."" Note left by Pyramid scheme operators to taunt angry victims.'",b'Slapped Iraqi soldier shoots dead two US troops' b'Over a Million Liters of Alcohol for Thirsty German Soldiers in Afghanistan' b'More human rights abuses by Israel: Gaza shut to fuel and journalists'
DJIA,2008-11-13,"b'Russia ""Ready to buy Iceland for good money"".'","b""RUSSIA'S parliament will rush through a constitutional amendment that could see Vladimir Putin return to the presidency within weeks."" b'Dubai: What goes up, up, up...must come down. Only 5% of GDP comes from oil, leaving them poised for a big fall.' b'Taliban sprays Afghan girls with acid for not wearing burqas'"
DJIA,2008-11-14,"b'Putin: ""I am going to hang Saakashvili by the balls. Why not? The Americans hanged Saddam Hussein."" Sarkozy: ""Yes, but do you want to end up like Bush?"" Putin: ""You have a point""'","b'Jewish Settlers throw rocks at palestinians, IDF tries to force human rights worker recording the events to turn his camera off' b""Surprise surprise, now clueless UK politicians think they can regulate the internet through 'league tables' and 'age identity cards'"" b""Woman reaches US army's top rank"""
DJIA,2008-11-17,b'Haitians are so desperate for food that many mothers wait to name their newborns because so many infants die of malnourishment',"b'Israeli Tanks Storm Into Gaza Strip' b'Hillary Clinton will be the next Secretary of State. In Westchester/NYC, Bill is saying ""Sweet! Yeah! Off to foreign lands! Have fun!"" In Albany, Paterson is saying ""This is my ticket out!""' b'China says no to sending troops to Afghanistan'"
DJIA,2008-11-18,b'India sinks Somali pirate ship',"b'New prostitution laws in the UK mean men who pay to have sex with trafficked women may face rape charges, and ignorance is no defense.' b'Finally someone steps up to Somali pirates: INDIA sinks pirate ""mother ship""' b'Israel boycotts UN racism conference, claims bias'"
DJIA,2008-11-19,b'Bush ignored by the other world leaders at the G20 meeting',"b'Israel Bans International Media from Gaza, Arrests Human Rights Activists' b'Somali Pirates: We dont consider ourselves sea bandits, he said. We consider sea bandits those who illegally fish in our seas and dump waste in our seas and carry weapons in our seas.""' b'Teenage Indian boy was thrashed, paraded through the streets with his head shaved and then thrown under a train for daring to write a love letter to a girl from a different caste. '"
DJIA,2008-11-20,b'Denmark considers outlawing male circumcision on minors.',"b'Russian scholar: ""Our people are much more nationalistic, much more chauvanistic, and anti-democratic than Putin himself, so the current regime is by no means the worst that we could have."" (AUDIO)' b'Family makes 200K a year and gives most of it away' b'Week End Picnic: Families Slaughtered by Israel on Gaza Beach'"
DJIA,2008-11-21,b'Swiss Army bans vegetarians from fighting ',"b'Kofi Annan and Jimmy Carter barred from visiting Zimbabwe to assess the humanitarian crisis' b'Former police chief in Argentina, wanted for alleged crimes against human rights, has shot himself dead on live TV.' b'Progressive, tolerant Malaysia issues a fatwa...on yoga'"
DJIA,2008-11-24,"b'London Police boycott tasers ""because of their potential to cause fear and damage public confidence""'","b'Reddit upvoted the original story, why not this one? Muslims arrest those involved in acid attack against schoolgirls in afghanistan' b'Greenlanders go to the polls in referendum on self-rule' b""Sunken 'pirate ship' was actually Thai trawler, owner says """
DJIA,2008-11-25,"b'RIP Brenden Foster, the 11-year-old whose last wish was to feed the homeless.'","b'Georgian ambassador admits that they started it.' b'How Canada honours our war dead sends shivers down my spine... seeing it in person is beyond breathtaking' b'Turns out Indian Navy actually sank Thai fishing boat, not pirate mothership. Embarassing...'"
DJIA,2008-11-26,b'Live updates on Mumbai Blasts',b'Johan Franzen scores the Goal of the Year [VID]' b'Israeli forces destroy Palestinian greenhouses and farms in Gaza ' b'Experts doubt Al Qaeda link in Mumbai attacks'
DJIA,2008-11-28,"b""Mumbai photographer: I wish I'd had a gun, not a camera. Armed police would not fire back""","b""Let's try not to panic... (Pic)"" b'Hemp: Swiss citizens vote tomorrow to legalize it' b""What Happens To You After You Get Caught Spying For Israel Against The US-  You Get Hired By A Washington 'Thinktank'"""
DJIA,2008-12-01,"b'The U.K. will make it an offence, punishable by up to ten years imprisonment, to publish or elicit information about any police constable'","b""'No-one in our house works'"" b'US Cruise Ship Carrying Over 1,000 People Chased, Shot At By Pirates Off Somalia.' b'Icelandic banking system collapses, hundreds storm the central bank'"
DJIA,2008-12-02,b'Brazil Announces Plan to Slow Amazon Deforestation by 70%',"b'Big brother police to get power to stop you in the street to demand ID  (UK - of course)' b'CCTV footage of cops fighting Bombay terrorists. Mob got him in the end.' b'The Daily Show on the Mumbai Tragedy: ""There have always been motherfuckers, there will always be motherfuckers, but what we can\'t do, is let them control our motherfucking lives.""'"
DJIA,2008-12-03,"b'""I fell in love with a female assassin...""'",b'The Lie We Love: Healthy babies adopted from the developing world are usually not orphans at all.' b'European court ruling : the DNA of innocents may not be kept on file' b'Benazir Bhutto: Bin Laden was Murdered (she was killed a little over a month after saying this)'
DJIA,2008-12-04,b'Canadian Conservatives Suspend Parliament to Avoid Facing a Non-Confidence Vote ',"b'DNA samples of more than 857,000 innocent citizens now face deletion from the national DNA database after a landmark ruling by the European court of human rights in Strasbourg.' b""Reddit Headline: Sperm Donor Gets Sued. Reality:Guy has Sex with Lesbian, Demands to be called Dad for 4 years, has ANOTHER Kid with said Lesbian, get's Bored with Kids and Takes Off. Gets Sued."" b'Romania removes theory of evolution from school curriculum. Also removed Voltaire, Camus and Nietzsche from the philosophy curriculum. Way to keep the population ignorant!'"
DJIA,2008-12-05,b'False Flag?  One of the men arrested for illegally buying mobile phone cards used by gunmen in Mumbai attacks is a counter-insurgency police officer',b'Doctors Without Borders: 75% of rapes they deal with are from the DR of Congo' b'Rape at epidemic proportions: Victims range from infants to 90 yr olds.' b' Jewish settlers set fire to Palestinian home'
DJIA,2008-12-08,"b""Chinese girl gets 'kiss of deaf'""","b'Israeli PM Ehud Olmert: ""The sight of Jews standing with guns and shooting at innocent Palestinian civilians can only be called a pogrom.""' b'Japan: America entrapped Japan into carrying out Pearl Harbor -- Japan never waged a war of aggression' b'What the ""no"" day means on Greece and why student anger erupted across Greece over Saturday\'s fatal police shooting of a teenage boy.'"
DJIA,2008-12-09,b'Canada: Wal-Mart tries to prevent employee unionization. Wal-Mart tries to go to Supreme Court. Wal-Mart loses.',"b""After suffering a financial meltdown, 60-70% of Iceland's fishing stock is infected by a parasite, making it nearly impossible to sell. Fishing accounts for half of Iceland's exports."" b'Internet Watch Foundation (IWF), has withdrawn its objection to a Wikipedia page that contained an image of a naked girl.' b""Hitler was the perfect boss: Former maid breaks her silence on the 'charming' dictator"""
DJIA,2008-12-10,b'Escapee Tells of Horrors in North Korean Prison Camp',"b'""Indian police have arrested a man for writing a book blaming Hindus for deadly anti-Christian violence in the country\'s east earlier this year...""' b'Violent unrest grows:  Greek-inspired protests spread across Europe' b'European democracy: Ireland who rejected the Lisbon treaty in 2008 will have to vote for it again in 2009 and again and again and again until they do exactly what Brussels tells them to do'"
DJIA,2008-12-11,"b'The unrest that has gripped Greece is spilling over into the rest of Europe, raising concerns the clashes could be a trigger for opponents of globalization, disaffected youth and others ...'","b""Look up tonight to catch the biggest moon we've seen for 15 years"" b""World's Friendliest Countries: Canada, Germany and Australia on top.  United Arab Emirates at the bottom."" b'The EU is treating Ireland like some naughty schoolboy'"
DJIA,2008-12-12,"b""President Mugabe, you are under arrest on charges of torture. Mugabe's jaw dropped. His face was contorted with fear.""","b'Shocking pictures of a policeman on fire after a petrol bomb was thrown at him' b'UK Home Secretary : Time to tackle the non-violent extremists' b'SEC warned, ""Madoff Securities is the world\'s largest Ponzi Scheme."" In 1999.'"
DJIA,2008-12-15,b'Turks apologize for Armenian massacres',"b'Greek youths break into state TV center, take over' b""Iraqi journalist who threw shoes at George Bush had 'arm broken' by police"" b'""A superpower never has allies. It only has agents.""'"
DJIA,2008-12-16,"b'Shoe-thrower faces up to 7yrs for ""offending the head of a foreign state""'",b'Spectacular Images of 2008 ' b'*CBC Probe* -Tasers Tested Fire Stonger Current than Company Says' b'Man kidnaps child and trains him to kill black people.'
DJIA,2008-12-17,"b""Man applauds `shoe-ing' of Bush, arrested""","b""A Hero who took a stand against torture, murder and abuse of power. Too bad he isn't American."" b""More Government Control: Journalists Worry 'Big Brother Law' Will Kill Press Freedom"" b'Israel blocks UN rights official'"
DJIA,2008-12-18,b'Chinese ship uses Molotov cocktails to fight off Somali pirates',"b""Tree man's roots begin to grow back "" b'Heartbreaking that many hundreds of families in Iceland are in need for food, families hurt, the rich seem to walk away with ease' b' UN split over homosexuality laws : Sixty-six countries at the United Nations have called for homosexuality to be decriminalised. '"
DJIA,2008-12-19,b'Scientist repeat 1962 Milgram test: More than 80% of people torture others when told to do so by an authority figure. Have we learned nothing?',"b'""I loved her. I tried to approach her many times, but she rejected me. But since I became a pirate, she has tried nine times to get with me.""' b'Submarine cables cut again: internet and phone links between Middle East, South Asia and Europe lose 65%-90% capacity' b'Belgian government offers resignation'"
DJIA,2008-12-22,b'Man threatened with arrest under the Australian Anti-Terrorism Act for videoing police performing a search in public.',"b'German intelligence head threatens Wikileaks site. Threat triggered by an article about the arrest of German agents on suspicion of throwing explosives at an EU office in Kosovo.' b""Top Notch Journalism, NY Times admits to publishing fake letter purporting to be from the mayor of Paris that attacked Caroline Kennedy's bid for a Senate seat"" b'Gordon Brown wants loans to the poor to have 27% interest rate.  Labour MPs Revolt. '"
DJIA,2008-12-23,"b'American Express gets $3.39 Billion, Capital One gets $3.6 Billion, DIscover gets $1.2 Billion...Lets have the intrest rate for this money at 22.99% compounded monthly and with a $3 million late fee.'","b""Archbishop Desmond Tutu has accused South Africa of losing the moral high ground by failing to stand up to Zimbabwe's president, Robert Mugabe. "" b'Mexican Beauty Queen Arrested In Gun-Filled Truck (PHOTOS)' b'Japan Considers Sending Ships to Fight Pirates'"
DJIA,2008-12-24,"b'Hell on Earth, this is a city of ShipBreakers. '","b""Full text of Iranian President Mahmoud Ahmadinejad's Christmas message"" b'The economic crisis, right wing government and riots push Greece to the edge. There is talk of revolution and even the old-fashioned Communist Party of Greece (KKE) is stirring. ' b'The Right To Food'"
DJIA,2008-12-26,b'120 reportedly killed in Israeli strikes on Gaza',b'Just a reminder that in November 2007 the US Government ordered Firefighters to Spy on Americans: Fahrenheit 451 is not make-believe any more' b'Nokia Maps show Kashmir as part of Pakistan; Hindu nationalist mobs riot and burn down Nokia shops' b'Britain and US refuse to demand end to Israeli airstrikes on Gaza'
DJIA,2008-12-29,"b'Today Israel takes down an entire apt building of civilians to kill the family of one man. In Canada, we call that  terrorism.'","b""Australia's topless ban to protect Muslims and Asians"" b'Israeli warship collides with boat carrying medical volunteers bound for Gaza' b'wife takes final pics of her husband in ER waiting room where he was told to wait while a virus ravaged his organs'"
DJIA,2008-12-30,"b'Greece: Union activist loses her eye in acid attack. Her supporters blockade company. Riot police ""forced to run leaving shields, helmets and even shoes behind.""'","b'Israel has been in violation of international law since 1967, protected by the United States veto of UN Resolutions condemning Israel for its violent, inhumane, barbaric, and illegal acts.' b'Zbigniew Brzezinski to Joe Scarborough on Gaza: ""You know, you have such a stunningly superficial knowledge of what went on that it\'s almost embarrassing to listen to you.""' b'Iceland after the fall'"
DJIA,2008-12-31,b'Former Army Employee Pleads Guilty to Acting as Israeli Spy',"b'Graphic pictures of what the Israeli war machine does to Palestinians.' b""Icelandic TV program featuring PM forced off the air when a torch-wielding crowd stormed Reykjavik's Hotel Borg in an attempt to get to the studio. A torch-wielding crowd. Sweet."" b""Gazprom cuts off Ukraine's gas supply."""
DJIA,2009-01-02,b'Australia refuses Bush administration request to house Guantanamo detainees',"b'Propaganda war: trusting what we see?' b""CNN: US weapons 'killing innocent civilians' in Gaza"" b'""Let us not forget that it was Israel, which in fact created Hamas"" Historian at the Hebrew University of Jerusalem'"
DJIA,2009-01-05,b'Palestine Girl stands up to Israel Soldier ',"b'Israeli Strike Kills 40 at U.N. run School in Gaza ' b'Norwegian doctor in Gaza: ""This is an all-out war against Civilians""' b'Between 600,000 and 700,000 Gazans have no water, some of them going on a week. About one million have no electricity, raw sewage is running in the streets in some places.'"
DJIA,2009-01-06,b'Anyone know if this is true?',"b""British Gov't wants private firms to build $12b super database for tracking every citizen's Internet usage, phone call,  text message, and other transactions"" b'Israeli Tank fire kills dozens at UN School. Tank fire. School.' b'Bush Aides: ""Historians will judge Bush."" Redditors and the rest of the world: ""The Hague War Crimes Tribunal will judge Bush""'"
DJIA,2009-01-07,b'You are being lied to about pirates',"b'Rockets hit Israel from Lebanon' b'I arrived in Israel 40 years ago. It took me many years to understand that the very existence of my country, as it is today, is based on an ongoing ethnic cleansing of Palestinians.' b'Red Cross finds four small children in Gaza, huddling next to their dead mothers, too weak to stand up ... ""Israel has failed to meet its obligation under international humanitarian law""'"
DJIA,2009-01-08,b'Vatican: Gaza is a giant concentration camp',"b'Israel shelled Gaza house crowded with civilians: witnesses' b'Red Cross: Israel breaking international law, letting children starve in Gaza' b'Israeli army ordered 70 persons of extended family to gather in one building. The next morning the same army bombed the building, Killing and injuring dozens.'"
DJIA,2009-01-09,"b""Enough. It's time for a boycott""","b'Norway Leads: 40 000 people gathered in Oslo for Gaza Thursday, 8th January 2009. Thursday ALL trains in the whole of Norway, and all trams and subways in Oslo, will stand still for two minutes.' b'Eco Activist Buys Drilling Rights for 22,000 Acres - Refuses to Drill' b""Israel Is Committing War Crimes - Hamas's violations are no justification for Israel's actions. (from WSJ)"""
DJIA,2009-01-12,"b""The video the Israeli Army didn't want you to see ""","b'Momentum growing for Israeli war crimes investigation' b'Israeli Sightseers Flock to Border to Watch Gaza Killings - ""They come with binoculars. They bring their families and take pictures. They rationalize away the deaths of hundreds of children ...""' b'Kucinich: 50 Percent of the Population of Gaza Under 14 Years of Age!'"
DJIA,2009-01-13,b'Greece hinders US arms delivery to Israel',"b""Canada: We're the only one of 47 nations on UN rights panel to refuse to condemn military offensive in Gaza"" b'Israeli newspaper: ""Palestinian doctor killed by IDF while treating Gaza wounded.""' b'Bodies are ""piled up like logs"" in Zimbabwe\'s cholera crisis'"
DJIA,2009-01-14,"b""UN headquarters in Gaza hit by Israeli 'white phosphorus' shells""","b'The Darfur situation is bad, but the situation in Congo is chilling: 5.4 million dead' b""250,000 Spaniards denounce Israel's bloodshed"" b'Israel Threatens to Shoot Unarmed Civilians aboard Mercy Ship - Tons of humanitarian aid stopped.'"
DJIA,2009-01-15,b'Vatican reveals list of worst sins. Desecrating the eucharist outranks genocide. That says it all.',"b'BBC\'s Paxman vs. Israeli spokesman:  ""You were told this was a UN facility""' b'Israel in Gaza increasingly seen as Rogue State by EU, Red Cross, Lancet. As of Thursday morning, the Israelis have now killed 1038 and wounded 4850 Palestinians. ' b"" Israel's free ride ends - As Israel pulverises Gaza, questions about Israeli policy becoming more prominent in American media"""
DJIA,2009-01-16,b'Israeli farmers beginning to feel the sting of worldwide boycott.',"b'Iraq / Shoes: ""he was very happy when he heard that all the Iraqis support him. He even cried when he heard that there were demonstrations on his behalf even in the United States""' b'The Dutch have Started Boycotting Israeli Products!' b'Video: extraordinary scenes at Israeli newscast as a Palestinian doctor, a Hebrew-speaking physician who spoke regularly on Israeli television, said three of his children were killed in a tank strike '"
DJIA,2009-01-20,b'Top Israeli officers warned against traveling in Europe because of the danger they might be arrested for war crimes. ',"b""Father: 'I watched an Israeli soldier shoot dead my two little girls'"" b'Riots in Iceland this very moment, live translations' b'International arrest warrants published for alleged Israeli war criminals'"
DJIA,2009-01-21,"b'Huh? The NYTimes publishes an Op-Ed by Libyan leader Muammar Qaddafi.  Strangely, it actually makes sense:  ""The One-State Solution""'",b'Outcry Erupts Over Reports That Israel Used Phosphorus Arms on Gazans' b'Israeli court overturns ban on Arab political parties. Bigots struggle with outcome' b'Naomi Klein responds to criticism of her call for a boycott of Israel'
DJIA,2009-01-22,b'No bailout - Russians get cheaper vodka instead. Government to cut alcohol taxes in half to help ease the citizens pain.',"b""the other holocaust: Where's the gypsies' country?"" b'BBC refuses airtime to Gaza aid appeal' b""Fidel Castro: I don't expect to last beyond Barack Obama's first term"""
DJIA,2009-01-23,"b'UN human rights official Richard Falk (who is Jewish): Gaza evokes memories of Warsaw Ghetto; dismisses Israel\'s argument that the assault was for self-defense. Israel labels him ""Israel hater"".'","b'Israeli forces arrest seven children in West Bank for throwing stones at the separation barrier.  Two of the children are only 12 years old; two are 13; two are aged 15; and the seventh is 17.' b'Indian children are having limbs cut off to make money for evil gangs who deliberately cripple children for profit !' b'Israel Has Fewer Friends Than Ever, Even In America'"
DJIA,2009-01-26,b'David Attenborough reveals creationist hate mail for not crediting God',"b'Israel admits to using White Phosphorus in Gaza' b""Bolivians yesterday approved a new constitution granting more power to the country's indigenous majority and rolling back half a millennium of colonialism, discrimination and humiliation."" b"" Israeli army rabbi 'gave out hate leaflet to troops entering Gaza'"""
DJIA,2009-01-27,"b'Dear Reddit, please give this some attention: Conflict and humanitarian crisis in the Democratic Republic of Congo have taken the lives of 5.4 million people since 1998 and continue to leave as many as 45,000 dead every month'","b""Russia scraps plan to deploy nuclear-capable missiles in Kaliningrad. Move comes after Barack Obama administration says it will review Pentagon's proposed defence shield in central Europe "" b'5 countries on the verge of following Iceland to economic ruin' b""Brainwashed: Don't Trust U.S. Mainstream News"""
DJIA,2009-01-28,b'Dubai in Deep Doo-Doo',"b'""You are killing people."" Turkish Prime Minister Recep Tayyip Erdogan has stormed off the stage at the World Economic Forum in Davos after an argument with Israel\'s president. ' b'World gets its first gay head of state' b'Zimbabwe abandons its currency'"
DJIA,2009-01-29,b'This is a picture of Gaza students back to school after the bombings. The cards mention the names [and ages] of the students who are not there anymore.',"b'Russia to ""present evidence to the United Nations that the North Pole belongs to the Russians."" - ""If these rights are not recognized, Russia will withdraw from the UN Convention on the Law of the Sea.""' b'Shoe monument that Iraqi orphans helped to build removed 1 day after it was erected.' b""Turkey's PM arrived home to a tumultuous reception of cheering crowds early today after storming out of a debate in Davos over Israel's recent offensive in Gaza"""
DJIA,2009-01-30,b'...and I am to Blame?',"b'Italy bans kebabs and foreign food from cities' b'Israel has refused to allow a French-made water purification system into Gaza amid a drinking water crisis in the Palestinian strip' b'Palestinians are forbidden from crossing the road or traveling on the road by foot, animal or automobile'"
DJIA,2009-02-02,"b'A protester has thrown a shoe at Wen Jiabao during a speech at Cambridge University and called the Chinese prime minister a ""dictator"".'","b'My case proves that holding an American citizenship does not mean that I am treated as one. I am only a citizen when my rights are protected and this cannot happen in an environment of fear and tyranny under the name of national security,' b'B.C. Supreme Court rules in favour of medical marijuana' b'Jailed  the judge who refused to say sorry'"
DJIA,2009-02-03,"b""Israel admits to killing peace activist Doctor's daughters with tank fire but claims their actions were 'reasonable' ""","b""6-foot-4, schooled in the martial arts, able to speak 6 Arabic dialects, and a convert to Islam, Andrew Warren seemed the perfect spy for the war on terror. Then they discovered he's a serial rapist."" b'Controversial Bestseller Shakes the Foundation of the Israeli State' b'UN says Hamas seized Gaza food aid and blankets'"
DJIA,2009-02-04,b'India shocked as moral police beat girls out of pub',b'A woman suspected of recruiting more than 80 female suicide bombers has confessed to organising their rapes so she could later convince them that martyrdom was the only way to escape the shame.' b'Israel seizes Gaza-bound aid ship' b'AP: The US Sold The White Phosphorous Israel Used In Gaza'
DJIA,2009-02-05,b'UK House of Lords:  British Surveillance Greatest Threat to Democracy since Hitler',"b""Irish long-distance runner makes history as the world's first athlete to run seven consecutive marathons on seven continents in less than seven days."" b'School bully picks on kid one too many times. Receives multiple stab wounds for his trouble.' b'""UK\'s huge rise in surveillance and data collection by the state and other organisations risks undermining the long-standing traditions of privacy and individual freedom which are vital for democracy,"" '"
DJIA,2009-02-06,b'Why Canada may be the financial capital of the world here shortly. ',"b'Yahya says he used to go to university and wanted to be a teacher one day. ""Now I will have a life of hospitals. I know I will just need medical care forever.""As we left the room, we found Yahya\'s elder brother outside, wiping away tears.  ' b'Israel trying to make Obama its bitch. Will he stand up to them?' b'Police Seize UK Indymedia Server'"
DJIA,2009-02-09,b'Fires in Australia from The Big Picture',"b'Amnesty international: Hamas kills two dozen of its opponents' b""Biggest darned fire I've seen in my life. Unfinished highrise hotel currently burning in Bejing. (video)"" b'Remember that crazy looking building being build in Bejing? Well, it just burnt to the ground from fireworks.'"
DJIA,2009-02-10,b'Saudi judge sentences pregnant gang-rape victim to 100 lashes for committing adultery',"b'Ukraine: Give the workers wages, and control of the factory, We no longer expect miracles, well take over the factory ourselves [with Pics]' b'Drug Found to Block HIV In Monkeys: 83% effective in preventing HIV when taken 24 hours prior to infection.' b'Fascist candidate number 1 edges out Fascist candidate number 2 in Israeli elections'"
DJIA,2009-02-11,b'Christians in Jerusalem want Jews to stop spitting on them ',"b""Israeli high court rules that village in the supposedly Palestinian controlled West Bank be demolished, 'settlements' are to be developed in the area"" b'Israeli forces are carrying out a policy of shooting at the legs of peaceful demonstrators. Defense minister Yitzak Rabin ordered his soldiers to break the bones of young protesters.' b'Tens of thousands of U.S. guns missing in Afghanistan'"
DJIA,2009-02-12,b'A teenage thief picked on the wrong victim when she tried to run off with a bag belonging to pensioner Jean Hirst - a former championship sprinter. ',b'US intel confirms Iran not developing nukes' b'Revolt is in the air' b'U.S. judges accused of jailing kids for cash'
DJIA,2009-02-13,"b""Are you a bad enough dude to have the Russian government send afghan war veterans to hunt you down, and almost win if it wasn't for a godly sniper who shot you in the head while you were running through trees and smoke?""","b'""It was decided and carried out: they washed her, cut her hair, raped her and killed her,""' b""Drug giant pledges cheap medicine for world's poor, shocks industry with challenge to other 'big pharma' companies"" b'US using British atomic weapons factory for its nuclear program'"
DJIA,2009-02-17,"b'Mexico just discovered oil ""3.8 times its present known reserves, and half that of the Saudis"" There goes your Electric vehicle progress.'","b'UK: It is now illegal to photograph the police, despite the fact that they use increasingly aggressive techniques to record citizens' b'Israel launches air strikes on Gaza' b'China closes Tibet to foreigners'"
DJIA,2009-02-18,"b'We are all extremists now - ""The government is criminalising legitimate dissent under the guise of fighting \'extremism\', a word for which it has no definition.""'","b'Oh, Canada. When statements are said that God probably does not exist, this is an implied statement of hatred towards all those who do believe that God exists.' b'Giant rat caught in China ' b'Cousin of 9/11 Hijacker Arrested as Israeli Spy'"
DJIA,2009-02-19,b'Israel at it again: They just seized 425 acres of Palestinian land to build a settlement for 2500 homes. They seriously are not interested in peace.',"b'By NOT purchasing Israeli products and services, we can each help NOT keep the Israeli economy vibrant and growing.' b'Is it a crime to take pictures?' b'Binyamin Netanyahu targets Iran after he is appointed Prime Minister'"
DJIA,2009-02-20,b'Graph of historic financial collapses puts current crisis into perspective',"b'Swiss law strictly prohibits UBS from disclosing to the IRS the account information of 52,000 American customers ' b'Ex-nun writes explosive book alleging sexual abuse of nuns, illicit affairs in an year of suicides in the Catholic Church in India' b'Latvias Government Collapses'"
DJIA,2009-02-23,b'Legalize It: Ammiano to Introduce Legislation Monday to Allow Pot -- and Tax It',"b""Who's Buying What? (World Map Infographic) "" b'Obnoxious: Rich person refuses to pay lawful reward, offers to give to charity instead' b'Mexico: Indigenous Rights leaders found dead'"
DJIA,2009-02-24,b'The Anti-Bono: Please No More African Aid',"b""Israeli terror victims want to sell ancient persian relics and take the money as 'compensation' for Irans complicity in suicide bombing attacks - they've 'won' a 412 million dollar settlement in US courts"" b'Turkish plane crashes at Amsterdam airport' b'Australian government trying to bankrupt woman found innocent of all charges - woman has won all multiple cases against the government - please help her plight get attention'"
DJIA,2009-02-25,"b'Man survives 10 days in ski mountain, spouse dies. Neither police nor search and rescue teams began ground searches until Tuesday, despite helicopter pilots twice reporting they saw an SOS symbol carved into the snow.'",b'India names Pakistani colonel in connection with Mumbai terror attacks ' b'Toga party turns into rampage in New Zealand' b'The Chinese navy saves Italian merchant ship from Somalian pirates'
DJIA,2009-02-26,"b'Israel blocks pasta shipment to Gaza: ""Is someone going to kill you with a piece of macaroni?"" '","b'Russian man dies of Viagra overdose after two women challenge him to 24 hour sex orgy.' b'Congrats: Israel expected to be labelled an Apartheid Country for the second time on a row, but still getting U.S. support.' b'Israel okays plans for thousands of West Bank settlement homes, despite formal commitments not to do so.'"
DJIA,2009-02-27,b'The United States has decided to boycott an upcoming UN conference on racism unless its final document is changed to drop all references to Israel',"b""Bullied teen gives up waiting for the school system to do something, and involves the media. It's about time."" b'American Jewish Leaders blast Hillary Clinton over her request that Israel allow humanitarian aid into Gaza.' b'Wikileaks has cracked the encryption to a key document relating to the war in Afghanistan.'"
DJIA,2009-03-02,b'Last night an asteroid (discovered only days ago) the size of a 10 story building moving 12 miles per second buzzed pass earth within 1/5 the distance to the moon.',"b'Sri Lankan Cricketers seriously injured when their bus was ambushed by terrorists in Pakistan' b'Wow - NY Times columnist says ""Hamas and Hezbollah have evolved into broad political movements widely seen as resisting an Israel over-ready to use crushing force. It is essential to think again about them.""' b""Israel to present Clinton with 'red lines' on talks with Iran, i.e., Israeli-approved parameters within which any US dialogue with Iran may take place. Who's the superpower here?"""
DJIA,2009-03-03,"b""The worst 'good luck' card ever? ""","b'Iranian police arrest porn stars, women face death penalty' b""ICC issues arrest warrant for Sudan's president, Omar al-Bashir, on charges of war crimes and crimes against humanity in Darfur. "" b'After the Gaza assault, Google decided to host a ""Tech Talk"" providing the Palestinian perspective '"
DJIA,2009-03-04,"b""Bigoted parents don't want to see disabled people on the telly""","b'Cambodian torturer claims Nazi defense of ""just following orders"" as he is prosecuted, while US hypocritically shields American torturers with a defense of ""just following orders"".' b'To defend Israel six brave IDF soldiers ganged up on elderly man then cuffed, gagged and tortured him | Video' b'""For God\'s sake, please stop this terrorism and let this nation breathe a sigh of relief""'"
DJIA,2009-03-05,b'Stop Bill C-15: Say No To Mandatory Jail Terms For Marijuana',"b""Yay, religion: A Roman Catholic archbishop says the abortion of twins carried by a 9-year-old girl who allegedly was raped by her stepfather means excommunication for the girl's mother and her doctors."" b'Some 665 million Indians practice open defecation, more than half the global total - this is impeding economic growth' b""Obama's pick for National Intelligence Council chief is taking fire from the pro-Israel lobby and neocons over his foreign ties and criticism of Israel."""
DJIA,2009-03-06,"b'The Economist: ""... the war on drugs has been a disaster.... the least bad policy is to legalise drugs""'","b""SAS commander: Afghan operation is 'worthless' "" b""Morgan Tsvangirai's wife 'killed by US aid truck'"" b'Fighting in the Field: Monsanto\'s Uphill Battle in Germany - ""A colorful alliance of beekeepers, anti-capitalism protestors and conservative politicians are in the process of chasing the global market leader out of the country.""'"
DJIA,2009-03-09,"b'Kim Jong-Il wins re-election with 99.9% of the vote. In other news, 0.1% of North Koreans put into labor camps.'","b'The Norton Antivirus cover-up: A mysterious program known as pifts.exe associated with the AV program is attempting to contact a server in Africa. Symantec is hush-hush. ' b""Indias New Face:  Meet the pro-business anti-Muslim extremist who could be the next leader of the world's largest democracy"" b""Dalai Lama warns Tibetans are 'near extinction' at 50th anniversary of exile"""
DJIA,2009-03-10,"b""UK would like to force the EU to end net neutrality. Can't you guys in Britain get your MPs under control?""","b'10 dead after teen shooting rampage at German school (according to german sources, 13)' b'Bolivia expels second US diplomat for having CIA links' b'Military to use new gel that stops bullets '"
DJIA,2009-03-11,b'Iraqi jailed for 3 years for Bush shoe attack (could have been 15)',"b'""Seeing BBC.co.uk with ads is like seeing your dad giving Satan a reacharound""' b'Italy formally abolishes the death penalty for all purposes' b'Muslim Woman Asked to Leave Line at Credit Union Because of  Head Scarf'"
DJIA,2009-03-12,"b""Israel's 22-day offensive in the Hamas-ruled Gaza Strip killed 1,434 people, including 960 civilians, 239 police officers and 235 fighters""",b'Madagascar: Soldiers ignore orders to shoot protestors. Prepare to defend people. ' b'The chief executive of Sony France is being held hostage by factory workers angry at their severance packages.' b'A Handy Guide To What the Hell Just Happened in Darfur'
DJIA,2009-03-13,"b""What will Americans do when it's not an Arab woman wailing over a stricken figure, but an American woman?  Graphic video of the shooting of a 37-year-old Californian by an Israeli soldier during nonviolent protests yesterday.""","b""IDF fire tear gas canister at the head of an American protesting against the Israeli occupation, seriously injured: ''He had a large hole in the front of his head, and his brain was visible.''"" b'The success of drug decriminalization in Portugal' b'""Rape Trees"" Found Along Southern US Border'"
DJIA,2009-03-16,b'Hello Wikileaks?  Huge UK Bank gags newspaper from revealing multi-million pound tax rort.',"b'Pakistan is not about to explode, Islamic militants are not going to take power, nuclear weapons are not trafficked to Al-Qaida, the army is not about to send the Taliban to invade India, a civil war is unlikely' b""It's the end of the road for Vietnamese victims of Agent Orange. US court refuses to hear final appeal by Vietnamese plaintiffs against chemical giants Dow and Monsanto"" b'Over 200 arrested in Montreal protest against policy brutality'"
DJIA,2009-03-17,b'Australian Government adds Wikileaks to banned website list ',b'A man who spent 27 years in jail for the murder of a barmaid in Southampton had his conviction quashed at the Court of Appeal today after DNA tests proved that he could not have been the killer' b'Israeli soldiers reveal true extent of Gaza war crimes' b'Why Lieberman is the worst thing that could happen to the Middle East '
DJIA,2009-03-18,b'Scenes from the recession',"b""China's last eunuch spills secrets"" b'Israeli soldiers break ranks over Gaza war' b'Last white Zimbabwean farmers to be evicted'"
DJIA,2009-03-19,"b'""In a crowded civilian city, there are all sorts of people who cannot run away: the elderly, the disabled, the pregnant, the terrified. This soldier was told to kill them.""'","b'Obama address the Iranian People' b'Depression-era law lets Iowa turkey farm pay mentally retarded workers 37 cents an hour' b'Another soldier, describing how a mother and her children were shot dead by a sniper after they turned the wrong way out of a house, says the ""atmosphere"" among troops was that the lives of Palestinians were ""very, very less important than the lives of our soldiers.""'"
DJIA,2009-03-20,"b'[pic] Israeli tshirt: kill pregnant women, that way you kill two in one shot'","b""Wow: Sri Lanka's Ministry of Defense have a map of the battle against the Tamil Tigers with photos and timelines... "" b'North Korea confirms American journalists have been arrested' b'Israeli Soldier Says Military Rabbis Framed Gaza Mission as Religious'"
DJIA,2009-03-23,"b'Doesnt it seem ironic that in a country with thousands of CCTV cameras, they want to shut down Google Street View because of privacy concerns?'","b'""I find it ironic that on one hand you put [Saddam Hussein] on trial for using biological warfare, but in another country where you sprayed chemicals for warfare, you neglect your responsibility,""' b""I'm Brit and I'm terrified of my Government's new 'terror strategy'. Someone please get rid of Jacqui Smith"" b'Austria and Hungary reaffirm their sovereign right to ban GM crops'"
DJIA,2009-03-24,b'China bans Youtube.',"b""Canada is pissed off: Doug Benson, the guy who made fun of the Canadian military on Fox News' Red Eye has to cancel appearance in Edmonton after receiving death threats"" b'Very Interesting Perspective: Letter of Resignation From An Executive Vice President at AIG' b'How to be Jason Bourne - tips on getting multiple passports, getting a swiss bank account and crossing borders'"
DJIA,2009-03-25,"b""Mexico's drug war [pics]""","b'An illegal settlement being built, illegal even under Israeli law .' b'In response to national anger at the death of Polish immigrant Robert Dziekanski in the Vancouver airport, the RCMP was urged to curb Taser use by its officers  but instead removed an existing restriction from its policy - ""It\'s unacceptable it\'s actually moving backwards.""' b'Pirates have seized two European-owned tankers off the coast of Somalia in the past day, officials have said.'"
DJIA,2009-03-26,"b'Defamation of ""Religion"" is now a Human Rights Violation'","b'French riot police officer suspended after listing his favorite interests on Facebook as Crusades, Arab-bashing, Nationalism and the Vichy motto' b'We have more toilets, less shame among women and less disease.....The results of the No Toilet, No Bride campaign.. ' b'International torch relays ahead of the Olympics have been scrapped by the International Olympic Committee'"
DJIA,2009-03-27,"b'Israeli lie machine goes into overdrive -- Israeli soldiers didn\'t actually shoot a woman and kids that went the wrong way, ""warning shots"" were exaggerated by other soldiers.  Does Israel actually think anybody anywhere buys this crap?'","b""Madoff's wife took $2m from London office before collapse"" b'200 children, some as young as 13, identified as terrorists by British police' b'WTF?!! UK police uses drastic tactics to identify 200 school children as potential terrorists: ""We are targeting criminals and would-be terrorists who happen to be cloaking themselves in Islamic rhetoric. That is not the same as targeting the Muslim community.""'"
DJIA,2009-03-30,b'Western internet censorship: The beginning of the end or the end of the beginning?',"b'In case you were wondering | The Israeli Military finished its investigation of itself and finds no misconduct in Gaza War' b'Canada To Bush: Yall Dont Come Back Soon! | A few weeks ago, George W. Bush slunk into Calgary, Alberta where he was paid a reported $50,000 to address a group of oil men. Canadians were none too happy.' b'Mapping the fall of communism'"
DJIA,2009-03-31,"b""If we don't kill them they'll die; the morbidly absurd prosecution of child pornography laws against teenage kids where the only possible victim was themselves""","b'Schoolgirl rapist kneecapped by vigilantes' b'Photographs of White Phosphorus use.' b""On the eve of the G20 summit, the entire network of central London's wireless CCTV cameras will have to be turned off because of a legal ruling (the reason being they don't fully meet the resolution standards required). """
DJIA,2009-04-01,b'I can see PALIN from my REDDIT!',"b'Police car travelling at 90mph in a 30mph zone at night without sirens on hit and kills a young girl' b'Canadian hitman admits 28 deaths. In other news, there are hitmen in Canada.' b'What rich countries gave in foreign aid last year [chart]'"
DJIA,2009-04-02,"b""Spaniards grateful to Bill O'Reilly for promising not to visit Spain anymore.""","b'\'Settlers\' assault 14-year old on his familys land and kidnap him, ""Then they told me to run in front of them to the settlement. I ran and they followed me on their motorcycles. One of them kept hitting me in the foot. I cried the whole way""' b'Man Dies After Collapsing at G-20 Protest in London, police trying to help the man are getting bottles thrown at them.' b'Sweden votes in favor of legalizing gay marriage'"
DJIA,2009-04-03,b'Newspaper in Mideastern nation photoshops women out of photograph of government cabinet',"b'""People thinking about embarking on demonstrations in the future may have to decide whether they want to be effectively locked up for eight hours without food or water and, when leaving, to be photographed and identified.""' b'Did the handling of the G20 protests reveal the future of policing?' b'New foreign minister of Israel, Avigdor Lieberman, and his threats to wipe off the map Egypt and Palestine'"
DJIA,2009-04-06,b'Dubai: How Not to Build a City',b'Scientology being sued over human trafficking and coerced abortions' b'Italy muzzled scientist who foresaw quake ' b'Former US diplomat exposes Israeli assasinations of US officials'
DJIA,2009-04-07,b'The dark side of Dubai',"b'Hundreds of photographers have staged a protest outside Scotland Yard against a new law which they say could stop them taking pictures of the police.' b'Israeli Physicians for Human Rights: Israel created ""terror without mercy"" in Gaza' b""If waterboarding was a war crime when the Japanese did it to my father, why isn't it a war crime anymore?..."""
DJIA,2009-04-08,"b'Mexican President Calderon: ""It is impossible to pass tons of drugs to the US without some complicity of American authorities""'","b""Portugal's drug decriminalization policy shows positive results: Five years later, street drugrelated deaths from overdoses drop and the rate of HIV cases crashes"" b'More on the success of drug decriminalization in Portugal' b'Radiohead to Testify Against the RIAA! Go Radiohead!'"
DJIA,2009-04-09,b'Anti-government protesters in Tibet sentenced to death',"b""BREAKING!!: In total upset Kim 're-elected' as N Korea leader!!"" b'CIA shuts down its secret prisons' b""a quarter of oil-rich Saudi's population is below poverty line, all oil money goes to ruling princes"""
DJIA,2009-04-13,b'The film-maker Sir David Attenborough becomes a patron of a group seeking to cut the growth in human population. ',"b'American captain rescued, pirates killed' b'SEALs parachuted into water in dark, later slid down tow line to lifeboat' b'During Gaza offensive, soldier steals ATM card from Gaza resident, withdraws money in Israel'"
DJIA,2009-04-14,b'Overfishing to wipe out bluefin tuna: WWF',"b'In the last few weeks, 25 boys and men are reported to have been killed in Baghdad because they were, or were perceived to be, gay' b'North Korea responds to UN Security Council condemnation of its rocket launch by quitting negotations and resuming production of nuclear weapons' b'North Korea orders UN inspectors out'"
DJIA,2009-04-15,b'Monsanto Uprooted: Germany Bans Cultivation of GM Corn',"b'Headlines Africa - Niger villages say No to female genital mutilation' b'Saudia Arabia to enter the 14th century and ""regulate"" child brides' b'Video: Woman smacked and beaten by cop at G20 protests '"
DJIA,2009-04-16,"b'London police are now deleting tourists\' photos because ""photographing anything to do with transport is strictly forbidden."" '","b""Schoolboy gets sarcasm instead of help when calling Australian '911'-  Dies as a result"" b""In the Indian election, 700m voters, 28 days, 250,000 police: world's biggest democratic poll begins"" b'Afghan Women Stoned During Protest of Rape Law, Make Cowards of Their Men'"
DJIA,2009-04-17,"b'A poll of 60,000 Swedes showed that 89 per cent believed that the Pirate Bay founders should have been acquitted'","b""The Pirate Bay: Don't worry - we're from the internets. It's going to be alright. :-)"" b'Did you know there are 4 varieties of Bengal Tiger? A beautiful photo shoot of over a dozen Bengals.' b""G20 - Ian Tomlinson's death was NOT heart attack second post mortem suggests"""
DJIA,2009-04-20,"b'Israel decides to build a ""Museum of Tolerance"" atop a Muslim cemetery'","b'Israeli Legislator Writes Letter To Rahm Emanuel, Reminding Him That He Needs To Be Loyal To Jewish People And Israel Only, Not America' b'The public are fast losing patience with thuggish policing' b'A survey 16 copyright regimes around the world found the United Kingdom is the worst, a ""blessed plot"" which makes it illegal to rip CDs, doesn\'t protect parody and satire, and puts a copyright on government documents.'"
DJIA,2009-04-21,b'Redditors awarded for being homo heroes',"b'The Pirate Bay FTW!' b'European Internet users, rejoice! Amandement 138 was voted again and the European Internet has been saved. For now.' b'14 videos showing footage of British police tactics during G20 protests - Bloody disgrace!'"
DJIA,2009-04-22,"b'Israeli FM: ""Believe me, America accepts all our decisions. The Obama Admin will put forth new peace initiatives only if Israel wants it to.""'","b""Video shows UAE royal setting man's testicles on fire, running him over with an SUV. Welcome to Dubai, have a pleasant stay!"" b'China wants citizens with unique names to change them under new ID system' b'US Freddie Mac chief found dead'"
DJIA,2009-04-23,"b'Five men decide a 19 year-old is a coward, so they take him into a tent, strip him down, handcuff and hold him down, and indecently assault him while video and photographing the scene.  This setting is Afghanistan, but the players are all British soldiers.'",b'Swedish Pirate Party Doubles in Size After Bay Verdict ' b'Israeli Soldiers Shoot American Between The Eyes With Tear Gas At Anti-Demolition/Settlement Protest In The West Bank [WARNING: Graphic Video]' b'[ThePirateBay] The judge that sentenced Piratebay founders is a member of antipiracy organizations'
DJIA,2009-04-24,b'I think more people need to understand what waterboarding is. [VIDEO]',"b'Poland ""to ban"" Che Guevara image and other materials that incite ""fascism and totalitarian systems""' b'""We may need to seek them out and destroy them where they live,"". Vioxx maker Merck and Co drew up doctor hit list.' b'Israel admits to having used white phosphorus in Gaza.'"
DJIA,2009-04-27,"b'The outbreak of swine flu should be renamed ""Mexican"" influenza in deference to Muslim and Jewish sensitivities over pork, said an Israeli health official Monday.'","b""'Panic Can Spread More Quickly Than Swine Flu'"" b'First the swine flu, now an earthquake. Mexico City is doomed!' b'British Government Plan to monitor all internet use - We are watching you'"
DJIA,2009-04-28,"b""Muslims dont care about Swine Flu being called Swine Flu.  The Israeli minister doesn't speak for us.""","b""Mexico outbreak traced to 'manure lagoons' at pig farm"" b""Canada: Cops can now 'take all your stuff'"" b""Mexico's Senate has approved a bill decriminalizing possession of small amounts of narcotics for personal use, in order to free resources to fight violent drug cartels."""
DJIA,2009-04-29,"b'While everybody its talking about the flu, Mexico will legalize Drugs for personal use'","b'Egypt orders slaughter of all pigs - roughly between 300,000-350,000 - over swine flu.' b'CNN:  patient zero has been found, and he likes ice cream' b'Blasphemy to possibly become punishable by up to 100,000 in Ireland; Amendment to Defamation Bill proposed by Justice Minister Dermot Ahern'"
DJIA,2009-04-30,"b'BREAKING NEWS: Attack on Dutch Royal family, car tries to hit royal bus at high speed, hits public'","b""The truth behind Egypt's swine killings"" b'The real victims of swine flu - Every other important story in the world' b'124,687 people were stopped and searched by police under anti-terror laws in 2007/2008. Less than 0.06% were arrested for terror offences (UK).'"
DJIA,2009-05-01,"b'""But a remarkable thing happened this week. On Monday, 400 of his fellow students, wearing black in solidarity and carrying signs of support, walked out of Keswick High School to rally in protest in front of their school.""'","b""Remember that Policeman driving at 90mph in a 30 zone with no sirens who hit &amp; killed the girl? Well, he's in prison now."" b'""Eco-fascism"" - Israeli settlers and factories pumping polluted water onto palestinian farmland' b'She was allowed to be forced to marry before reaching puberty. Now, at the ripe old age of 8, she successfully divorced her 50 year old husband.'"
DJIA,2009-05-04,b'Saudi Arabia to consider banning marriage of girls under 18',"b'Pregnant woman miscarries after traffic accident that wasn\'t her fault. Dubai\'s traffic court ordered the bereaved mother to pay US$5,450 in blood money and fined her for ""unintentional homicide"".' b'In four past pandemics, a mild spring outbreak was followed by virulent fall sickness. ' b'20 year old pregnant woman faces mandatory death sentence; video link at bottom.'"
DJIA,2009-05-05,"b'Brazilian cattle ranching company wants permission from the Paraguayan government to destroy the forest where the Ayoreo-Totobiegosode Indians live, one of the last uncontacted tribes in the world'","b""'Hero' boy, 15, saves six in fire"" b'""The cops told us right from the start: we know you didn\'t do the bombs. We\'ve got you. That\'s good enough. And as far as you\'re concerned...you\'re going to jail""' b'Tribal War - Armed with bows and arrows, Massai warriors clash with members of the Kalenjin tribe in the Kapune hill on March 1, 2008'"
DJIA,2009-05-06,b'The Pirate Party becomes the third biggest party in Sweden by membership count',b'New male contraceptive injection 99 per cent effective! ' b'Pilots refuse to take part in national identity card trials (UK)' b'Israeli human rights activist Ezra Nawi will most likely be sent to jail. Only international attention can help him now.'
DJIA,2009-05-07,"b'The ""Most Moral Army in the World (TM)"" shoots peaceful protestor point blank on camera... and they still say the IDF does not intentionally target civilians'","b'Web designer opposes France\'s ""3 strikes"" law, loses job' b'Reward for not shooting rockets: Settlement expansions in westbank seeing biggest boost since 2003. ' b'EU lawmakers vote to introduce net neutrality.'"
DJIA,2009-05-08,b'Eric Arthur Blair  aka George Orwell must be proud:  Thought police muscle up in Britain',"b'British Muslim Immigrants More Strongly Identify With Being British Than The Rest of the Population' b""Irish student's fake quote on the Wikipedia is been used in newspaper obituaries around the world"" b""EU wants 'Internet G12' to govern cyberspace. (Too much information and free speech makes the ruling classes nervous?)"""
DJIA,2009-05-11,"b'Afghanistan passes law making it ""illegal for a Shia Muslim woman to refuse to have sex with her husband, to leave the house without his permission or have custody of children."" No wonder Canada is doubting whether the sacrifice of its soldiers lives is worth it.'","b'If Israel is important because they receive American aid money, then pay some attention to Pakistan.  This situation is going from bad to batshit insane.' b'Pakistani president: Osama bin Laden is dead' b'Reddit, I spent the morning writing you a brief history of the conflict in Sri Lanka and suggesting what it might be able to teach us.  I hope it encourages debate.'"
DJIA,2009-05-12,"b'The PirateBay launches a D-DO$ attack. Wonderful, let us all join in and send a few dimes...'","b'Israeli academics on the problems with Wikipedia. ""Furthermore, the Wikipedia entry on January\'s Operation Cast Lead in Gaza describes it as an ""intense bombardment"" by Israel on a civilian population.""  Cause thats what it FUCKING WAS!' b""Change:  China overtakes the US as Brazil's largest trading partner"" b'Legalising Drugs: Lessons From Portugal'"
DJIA,2009-05-13,b'Swedish Bank to Freeze Accounts of The Pirate Bay Admins',"b'Guess who back in the TED house? Hans Rosling, with awesome new statistics! [VIDEO]' b'UK ISPs refuse to play Internet copyright cops' b'Pope demands independent Palestinian state: The Holy See supports the right of your people to a sovereign Palestinian homeland in the land of your forefathers...""'"
DJIA,2009-05-14,"b'""I was murdered by president Alvaro Colom""'","b'""Everyone is very angry with this wretched American. He is the cause of all these problems. He\'s a fool.""  Way to really blow it for Suu Kyi, dude.  ' b'Israel moves on plan to annex Palestinian land, cut West Bank in two.' b""Russia warns of war within a decade over Arctic oil and gas riches as 'nations struggle for control of the worlds dwindling energy reserves.'"""
DJIA,2009-05-15,b' Unsung hero : The only reason we know anything about all those claims for light bulbs and moat cleaning is that campaigning journalist Heather Brooke has spent the last five years fighting tooth and nail for MPs to come clean about their expenses ...',"b""Noticed an unusual, strong burst of pro-israel comments? Here's why..."" b'The world elite meets again for Bilderberg: ""Nothing. Nothing is happening here. Nothing to report. There\'s none. Not a single member of the mainstream press.""' b' Boycott Israel campaign starts to bite'"
DJIA,2009-05-18,"b'The leader of the Tamil Tiger rebels, Velupillai Prabhakaran, is dead'","b'Former Mexican President Vicente Fox urges the decriminalization of marijuana in both Mexico and the US, saying ""it cant be that the only way is for the state to use force.' b""Water is becoming privatized and may soon be on the open market as a commodity. The world is running out of water and we need to spread the word and take action. Watch this Documentary called Flow: For the Love of Water and see the Truth behind the World's Water Supply"" b'Canadian detectives beer knowledge leads to jail for U.S. pedophile'"
DJIA,2009-05-19,b'The Belgian bodybuilding championship has been canceled after doping officials showed up and all the competitors fled.',"b""Charlie Brooker: The BNP represents Britain's workers? They don't even represent basic British craftsmanship"" b'Excessive cola consumption can lead to anything from mild weakness to profound muscle paralysis, doctors are warning.' b""'Ghost airports' - South Korea's new airports fail to take off"""
DJIA,2009-05-20,"b""'Endemic' rape and abuse of Irish children in Catholic care, inquiry finds""","b'Catholic Church was aware long-term sex offenders were repeatedly abusing children for over 50 years in Irish schools.' b'""The world has ignored our warnings."" Mohamed ElBaradei of the International Atomic Energy Agency talks about being wiretapped by the Bush administration, whose ""arrogance and ignorance"" turned the Middle East into ""a giant mess.""' b'Thousands beaten, raped in Irish reform schools'"
DJIA,2009-05-21,"b'The Nigerian military has been accused of killing hundreds, maybe thousands, of civilians in the oil-rich Niger Delta. The military offensive began eight days ago but has received little international attention'","b'Couple do a runner after bank error sees $10m transferred into their account ' b'Work for us or we will say you are a terrorist' b'A 15-year-old girl has been charged with cultivating cannabis valued at 750,000'"
DJIA,2009-05-22,b'Tiananmen anniversary unimportant to Chinese youth :(',"b""Full text of letter police psychologist wrote to mother of Robert Dziekanski, who died after an altercation with RCMP officers at Vancouver's airport in 2007"" b""The Dark Continent: Hitler's European Holocaust Helpers (Interesting Spiegel Cover Story That Causes 'A Wave of Outrage' in Poland)"" b'Police retention of photographs of protesters ruled illegal'"
DJIA,2009-05-26,"b'European Parliament in for a shock from The Pirate Party: ""Our politicians are digital illiterates ""'","b'Putin to the West: Hands Off Ukraine' b'Pirate Bay Money Squeeze Rejected by Court - The request from four major record labels to fine the Pirate Bay operators for every day the site remains up and running was declined by the Swedish District Court' b""Russia: Has a 26yo gymnast just given birth to Vladimir Putin's illegitimate son?"""
DJIA,2009-05-27,"b'Fuck: N Korea warns of possible military strike   -- ""No longer bound by the 1953 armistice""'","b'Australian government admits less than 32% of secret censorship list is related to underage images' b'Deng Yujiao was an unknown 21-year-old worker in a Chinese provincial town: one of millions quietly scraping a living. Now she is an unwilling hero to tens of thousands of compatriots after stabbing to death an official who she says tried to rape her when she rejected his advances.' b'Wiwa vs Shell Oil trial postponed. Ken Saro-Wiwa, an acclaimed writer and leader of the Movement for the Survival of the Ogoni People (MOSOP), was hanged along with eight other Ogoni leaders'"
DJIA,2009-05-28,b'16 year old Iraqi Immigrant cracks centuries-old mathematical puzzle',"b'The Palestinian Archipelago [Map]' b'Israel to continue construction in West Bank despite US calls for a freeze on its work.  Also, will continue accepting money from US taxpayers' b""SIBEL EDMONDS: Announcing 'Project Expose MSM' | Whistleblowers set to name names, turn tables on media who've betrayed our trust | Newsweek reporters named in 'real-life' case example of new project..."""
DJIA,2009-05-29,"b'The hidden massacre: More than 20,000 Tamil civilians were killed in the final throes of the Sri Lankan civil war, most as a result of government shelling'","b'You got to love it - ""One of Canada\'s most respected research organizations has a black eye after being forced to withdraw three reports on copyright and intellectual property because they contained plagiarized information""' b'Scientology on Trial in France: Can a Religion Be Banned?' b""Canada's Governor General defends her decision to eat raw seal heart"""
DJIA,2009-06-01,b'An Air France aircraft carrying 215 people has disappeared off the radar in the Atlantic Ocean off Brazil',"b'Can you tell the difference between an Israeli and a Palestinian? ' b'Former German MP/Judge offers $1m reward for prosecution of Bush, Cheney, Rumsfeld, and Blair' b'North Korea starts landing exercises using amphibious vessels - may be planning attack on South Korean island'"
DJIA,2009-06-02,"b'Jaqui Smith finally fucking off, civil rights has a small respite and breathes a sigh of relief'","b'Life expectancy Vs Income/person across the world over 2 centuries [map]' b""To understand how North Korea has come up with the money to finance its missile-and-nuclear-weapons program, it's important to realize that Koreans haven't been living in caves for the past 2 decades."" b'Dutch journalist is kidnapped by Talibans who rape her repeatedly. Her comments about the Taliban: ""They also respected me"", ""They are not monsters"", ""... could not control his testosterone"". A story about Stockholm syndrome and the politically correct.'"
DJIA,2009-06-03,"b'June 4th, 1989'","b'Undercover With BNP Campaigners' b'How did this slip by?  ""US Army Confirms Israeli Nukes""' b'Scores of Israelis rallied in front of the American Consulate in Jerusalem, labeled Barack Obama the most anti-Semitic American president.'"
DJIA,2009-06-04,b'David Carradine Found Dead in Bangkok',"b'Never before published photo, before shown only to friends, shows ""Tank Man"" from street level in the distance at left, framed by two tree trunks, on the verge of the confrontation with the tanks in the distance right. [PIC]' b""Mitsubishi corners 40% of the world market in bluefin tuna - one of the world's most endangered fish - freezing them for future sale in several years' time for astronomical sums when they become commercially extinct"" b'Chinese authorities on Tiananmen square use their umbrellas to cover the view whenever CNN tries to film something. Subtle. [video]'"
DJIA,2009-06-05,"b""Warning: Sir Richard Dearlove is concerned about the loss of liberties in 'Big Brother' Britain The former head of MI6 has hit out at 'striking and disturbing' invasions of privacy by the Big Brother state. ""","b""Jewish communities in Galilee: We're not racist, we just don't want Arabs to move in."" b'Surplus of Bachelors Spurs Scam in China - WSJ.com' b'One more reason to remember June 4th, 1989'"
DJIA,2009-06-08,b'Pirate Party Wins and Enters The European Parliament | Torre',"b'From their own website: ""The BNP is an ethno-nationalist party. We do not have, and will not have, any non-white or Muslim members.""' b'Becoming a soldier in Croatia will now give you the right to smoke marijuana - ""War veterans can smoke pot in Croatia""' b'$134.5 billion in US government securities seized from Japanese nationals, not clear whether real or fake'"
DJIA,2009-06-09,"b""Won't see this on CNN... Reddit what do you think about this?""","b'The puzzling crash of Air Frances Flight 447 killed two of the worlds most prominent illegal arms trade and international drug trafficking foes.' b""The world's biggest military spenders by population [chart]"" b'Economist magazines annual liveability index:  Australian and Canadian cities at the top... American cities slide.'"
DJIA,2009-06-10,"b'WTF: UK police are teaching children to spot terrorists -- More than 2,000 10 and 11-year-olds will see a short film, which urges them to tell the police, their parents or a teacher if they hear anyone expressing extremist views!'","b""Election fever as Iran prepares to vote - 'Ahmadinejad bye bye - they shout'"" b'Hello reddit, Here is a couple of pictures I took yesterday in Tehran, Iran. There was a large rally everywhere against Ahmadinejad before the Presidential Elections.' b""Chinese state media praise Shanghai's gay pride festival in a sign of new official acceptance of homosexuality."""
DJIA,2009-06-11,"b'""When Frank McGarahan saw a homeless man being beaten up, he stepped in - and paid for his courage with his life.""'","b'This is what Canadas government is doing: Money earmarked to support wind energy producers was diverted to research and development in the oil patch in backroom budget wrangling  lets bring down these SOBs ' b'The Generation Born of Rape during the Rwandan Genocide - ""I must be honest with you: I never loved this child""' b'Damn, this is cruel, even for the Middle East: Palestinians with critically ill babies denied treatment unless they collaborate with Israeli intelligence '"
DJIA,2009-06-12,"b""Darkness falls. Berlusconi decree on wiretapping is the end of justice, press freedom and blogs in Italy. It's the night of democracy and too many are asleep""",b'A ghettoized Gaza bears striking similarities to the Warsaw ghetto.' b'Iran rivals BOTH declare victory in elections.' b'Hidden Truth --- Women are abusers too.'
DJIA,2009-06-15,"b""'TV pictures from Tehran delivered a stark reminder that Iran is not a backward country of medieval fanatics, but a modern nation with 70 million people, two thirds of whom are under 30 and have the same interests and aspirations as their Western counterparts'""","b'Message from Mousavi: ""I AM UNDER EXTREME PRESSURE TO ACCEPT THE RESULTS OF THE SHAM ELECTION. THEY HAVE CUT ME OFF FROM ANY COMMUNICATION WITH PEOPLE AND AM UNDER SURVEILLANCE. I ASK THE PEOPLE TO STAY IN THE STREETS BUT AVOID VIOLENCE""' b'Iran protest cancelled as leaked election results show Mahmoud Ahmadinejad came third' b'They have started to kill Iranian demonstrators.'"
DJIA,2009-06-16,b'Yall wanna see feminism? Patriotism? There you go. [Iranian Woman]',b'2 MILLION protesters fill the streets of Tehran [pics]' b'North Korean heir tries to assassinate his elder brother' b'Comprehensive breakdown of the current situation in Iran (please add so we can keep this up-to-date and accurate)'
DJIA,2009-06-17,b'The man who leaked the real election results from the Interior Ministry - the ones showing Ahmadinejad coming third - was killed in a suspicious car accident (11:00am Posting)',"b""A Chinese waitress who stabbed a gov't official to death when he tried to sexually assault her has been freed at the start of her trial "" b'Grand Ayatollah Hossein Ali Montazeri, Iran\'s most senior Islamic cleric threw his weight behind opposition charges that Ahmadinejad\'s re-election was rigged: ""A government not respecting people\'s vote has no religious or political legitimacy,"" ' b""Turnouts of more than 100% were recorded in at least 30 Iranian towns in last week's disputed presidential election, opposition sources have claimed."""
DJIA,2009-06-18,"b""It's the law and it's official. Vancouver, site of the 2010 Winter Olympics, has forbidden police to seize cameras unless part of an arrest, or a warrant has been issued.""","b'1 Out Of 4 Men In South Africa Have Commited Rape. 1 Out Of 10 SA Men Have Been Raped By Other Men.' b'They broke the door and entered the dormitory. I saw today all the doors had been broken. They hit my friends while they were asleep. They brought them to the yard and hit them again. They arrested about 200  five or six were killed.' b'2,000 indigenous people from the Association for the Development of the Peruvian Jungle gathered to protest plans for the U.S.-Peru Trade Promotion Agreement.  At least 50 are dead and 100s missing after Peruvian police used helicopters and ground troops to suppress the demonstration.'"
DJIA,2009-06-19,"b'Mistaken for a protester in Tehran, an officer grabbed me, pinned my arm behind my back and led me into the bowels of the Interior Ministry headquarters'","b' Department of Defense maps of probable Soviet World War III plans' b'""Israeli troops humiliate Palestinians - and put it on YouTube"" [Actual Israeli newspaper headline]' b'Australia considering taking legal action against Japan to stop it killing whales'"
DJIA,2009-06-22,b'Another site showing pictures of protesters for Identification by the Basij! Help bring it down!',"b'Israel Sells Palestinian homes That Were Held In Trust' b'This Site is posting photos of opposition figures (protestors) in Iran, asking people to turn in information about them. What can we do about this, Reddit?' b'""At 1am on June 19, police and funeral cars arrived at the hotel, wanting to take the body away. 2,000 Shishou residents blocked the hotel entrance to protect Xu\'s corpse."" '"
DJIA,2009-06-23,b'URGENT New Video: MANY students shot &amp; killed by Basiji gun fire in Iran',"b""Iranian authorities scramble to negate Neda Soltan 'martyrdom': tell family to take down mourning posters, ban a public funeral or wake, stop gatherings in her name and media not to mention her death"" b'Iran Had a Democracy Before We Took It Away' b'Police Medic [pic]'"
DJIA,2009-06-24,b'Iranian footballers who wore green armbands to support protesters forced to retire by hardline regime',"b'Iranian Clerics Defy Ayatollah, Take to the Streets to Join the Protests' b""Iranian football stars 'retired' after match protest"" b'North Korea threatened Wednesday to wipe the United States off the map as Washington and its allies watched for signs the regime will launch a series of missiles in the coming days.'"
DJIA,2009-06-25,b'Unimaginable Horror In Tehran Today',"b""The mass protests in Iran would not be allowed in the US either. And they weren't allowed in the US under Bush-Cheney."" b'Waterboarding used on marijuana suspects in London' b'IRAN: In Baharestan we saw militia with axe choping people like meat - blood everywhere - like butcher (Pic at bottom is VERY GRAPHIC)'"
DJIA,2009-06-26,"b'Screw You, Ahmadinejad! [pic]'","b'Iranian cleric says rioters should be executed' b'New Iran video, protester shot in the head at Baharstan Square.' b'An Australian in North Korea - an unexpected perspective on the rogue state'"
DJIA,2009-06-29,b'I am from Honduras: It was NOT a COUP!',"b""Israel: Privately run checkpoint stops Palestinians with 'too much food' "" b'Israel tries to pull one on Obama: Plans to build 1,450 houses in settlement as compensation for evacuating 50 houses.' b'India to repeal 150 year old law against homosexuality'"
DJIA,2009-06-30,b'Iraq currently holding giant GTFO party',"b'Yemeni airliner crashes in Indian Ocean - 150 people reportedly on board; fate unknown' b'BREAKING - Israel attacks Gaza Freedom Boat, kidnaps human rights workers, steals medicines and toys.' b'Today Israeli Occupation Forces attacked and boarded the Free Gaza Movement boat, the SPIRIT OF HUMANITY, abducting 21 human rights workers from 11 countries, including Noble laureate Mairead Maguire and former U.S. Congresswoman Cynthia McKinney. '"
DJIA,2009-07-01,b'Happy Canada Day!',"b""Israel's naval blockade devastating key Gazan \r\nindustry and source of food: fishing. Oslo accord \r\nlimit was 20 nautical miles - Israel unilaterally \r\nreduced to 3 nautical miles"" b""Eager to Tap Iraq's Vast Oil Reserves, Industry Execs Suggested Invasion"" b'Now police say the man who died at April\'s G20 demonstrations in London may have been assaulted by a ""police impersonator""'"
DJIA,2009-07-02,"b""Scientology's Viral Marketing""","b'In China, Web Users Made a Stand for Freedom of Expression, and Won -- Web Filter Launch Postponed, No New Deadline' b'Survivors of torture joined human rights activists in the streets of Washington DC to demand prosecution of those involved in planning and implementing U.S. torture policies' b""Saddam Hussein's FBI Interviews Revealed"""
DJIA,2009-07-06,b'Uganda to outlaw female circumcision ',"b'BREAKING NEWS: 129 killed in Muslim riots in western China, state media report' b""Iran's Revolutionary Guard takes command (and ownership of the country)"" b""Weapons inspector who died of 'suicide' in '03 was writing expose on Iraq's lack of WMD's """
DJIA,2009-07-07,"b""My friend in Honduras just sent me an email with videos and pictures of the military firing on peaceful protesters. I uploaded his eyewitness account for everyone to see. Please don't let this disappear, because no one else is reporting it.""",b'Watch this: Israeli TV Footage of Settlers Attacking \r\nPeace Now Activists and TV Crew' b'Iran: 34 people hanged in less than a week' b'Girls: He Tricked Us Into Sex With Tarot Card'
DJIA,2009-07-08,b'Woman who falsely cried rape jailed for 1 year ',"b'A man is found guilty of insulting and abusing a muslim woman by calling her a ""terrorist"" and an ""Islamist whore"". During an appeal court hearing, he stabs her 18 times to death. Her husband gets shot while trying to save her and it turns out that she was three months pregnant. ' b""MP uses his parliamentary immunity to break through the secret act: Britain outsources Torture. British Reddits, please read his statement - I can't think of anything more important to do today than read this and then writetothem(.org)"" b""Rupert Murdoch's newspapers try to bury evidence of their phone tapping and hacking of British politicians."""
DJIA,2009-07-09,"b'Australia town bans the sale of bottled water, first community in the world to do so'","b'She is fifteen. He is sixteen. She lures him into an ambush. Prepared by his rival. He is stabbed and beaten with baseball bats. He dies. The girl and the boy trot off, she carrying his hoodie and a bloody purse.' b""Pictures from those uighar-han riots we've been reading about (graphic)"" b'Iran Erupts Again'"
DJIA,2009-07-10,"b'It\'s Official, Ireland Makes Blasphemy Illegal.  Seriously.  Passed Wednesday, legislation making blasphemy illegal, with a 25,000-Euro fine.  Police may also enter homes and confiscate ""blasphemous materials"" including books, artwork, cartoons of Mohammed . . . whatever!  Book burnings next?'","b'Swine Flu only kills Fat people' b""'Rude' French are worst tourists"" b""Murdoch (yes, he's the owner of Fox) paid 1m to cover up illegal phone jacking"""
DJIA,2009-07-13,"b""Water wars break out in India. Bhopal (pop. 1.8 million) has been rationed to 30 minutes of water supply once every three days. Indore is half an hour's supply every seven days.""","b'UK cuts Israel weapons contracts  because of the indiscriminate killing of the civilians during the war on Gaza.' b""Kim Jong Il 'has pancreatic cancer'"" b'This is not a joke: Iran condemns ""Italy\'s use of force to repress demonstrations against G8""'"
DJIA,2009-07-14,"b""A new line of bottled water - this time not from the melting Alps, but rather from the contaminated ground near the site of the 1984 Bhopal catastrophe - scared Dow Chemical's London management team into hiding today.""","b'Hindus criticize Pope for being harsh on atheists' b'Israelis set fire and destroy 37 Acres of Palestinian owned land in southern West Bank' b'12 Mexican military officials tortured, killed'"
DJIA,2009-07-15,b'Earthquake M7.8 off West coast of South Island New Zealand - Tsunami warning',"b'Incredible! The Israel Project, a non-profit with headquarters in D.C., has issued a ""Global Language Dictionary"" (authored by Republican pollster Frank Luntz) that tells journalists how to talk about the Israel-Palestine conflict. Newspeak much?' b'Testimonies: An Israeli sniper killed a Palestinian \r\nman in order to mark a score with his gun. \r\nSoldiers fired at houses out of boredom. A \r\ncommander expressed satisfaction that Gaza \r\nhospitals were full.' b"" Russian activist 'found murdered'"""
DJIA,2009-07-16,b'Professional snipers have been brought in to guard a vulnerable colony of penguins in Australia.',"b'Natalia Estemirova, a lifelong human rights campaigner, was kidnapped from her home yesterday morning.  Today she was found dead, left on a road with bullet wounds to the head and chest.' b'DOJ Pressured to probe why Bush White House blocked three different probes into war crimes in Afghanistan where as many as 2,000 surrendered Taliban fighters were reportedly suffocated in container trucks and then buried in a mass grave by Afghan and U.S. forces.' b'Iceland votes to join EU.'"
DJIA,2009-07-17,"b'US troops and contractors caused substantial damage to the archeological site at Babylon, a city considered as one of the first civilizations on earth.'","b'Kill IE6, for the sake of the web: expert' b'Rafsanjani - ""Don\'t let our enemies laugh at us by putting people in prison""' b'The World Health Organisation said on Friday that the H1N1 flu pandemic is moving around the globe at an ""unprecedented"" speed as it stopped giving figures on numbers affected.'"
DJIA,2009-07-20,"b'Dear FSM, this is fucking terrible [sad]'","b""Sordid reality behind Dubai's gilded facade: Construction halted, westerners jailed for adultery - but prostitutes do well "" b'Tourists warned of Thailand airport scam ' b'Ariel Sharon got on Israeli radio and urged Israelis to settle more land fast. ""Grab the hilltops, and stake your claim,"" he said. ""Everything we don\'t grab will go to them.""'"
DJIA,2009-07-21,"b""'Hello mum, this is going to be hard for you to read ...'""","b""Columbus wasn't the first; Experts confirm that Medieval map depicting America is authentic"" b""22 year old alcoholic in england is refused liver transplant. This a good thing. A line has to be drawn somewhere. I draw it here and I'm not going to feel bad about my lack of sympathy."" b'Iran protests continue: citizens trigger blackouts by turning on appliances all at once.'"
DJIA,2009-07-22,b'Israeli cell phone ad shows friendly game of Israeli-Palestinian football over the Wall.  Palestinians test it out; kick ball over wall.  Salvo of tear gas grenades fired in return.   Includes video.   LOL. ',"b""Chevron getting hit with $27B fine for destroying Ecuador's rain forest: Chevron has no plans to pay it"" b'Human rights activist Natalia Estemirova was the conscience of Chechnya. Tuesday morning, as she walked out of her house, she was dragged into an unmarked white Lada, screaming vainly for help.' b""Israel cuts 1948 'catastrophe' from Arabic textbooks"""
DJIA,2009-07-23,b'New Jersey mayors and rabbis arrested for involvement in international money-laundering conspiracy',"b'South Korean unions prepare for general strike: ""If media is controlled by large conglomerates and capital, then there is no hope for democracy in the South Korea.""' b""Four-year-old Samar Abed Rabbu was paralyzed and lost her two sisters during Israel's offensive in Gaza last December and January. Her family claims to have been waving a white flag while IDF shot at them."" b'Swine flu:  Country by Country'"
DJIA,2009-07-24,b'26/11 Mumbai Attacks - Documentary footage with never before seen video. The world MUST see this.',"b""Blind rescue dog has 'guide dog'"" b""Netanyahu, battling Obama, says that everyone in Israel has the right to live in Jerusalem.  But Israeli Court ruled otherwise - Arab can't rent on ruins of his family home, because that's not the 'Arab' part of town.  "" b'North Korea accused of testing biological / chemical weapons on children'"
DJIA,2009-07-27,"b'To fool the parents of the victims, the children were taken away on ""school trips"" and their parents were later told the x-rays were a treatment for the scourge of scalpal ringworm. 6,000 of the children died shortly after...?'","b'After being kidnapped at the age of 16 by a group of thugs and enduring a year of rapes and beatings, Assiya Rafiq was delivered to the police and thought her problems were over.\n\nThen, she said, four police officers took turns raping her.' b'The future Iran. The protest continues and the regime seems more and more weak. But whatever will happen, the demonstrations changed forever western opinion of the country' b'Private steel manufacturer in China decides to take a stake in a state manufacturer. An executive announces that 25,000 jobs will be cut. Protesters promptly beat him to death.'"
DJIA,2009-07-28,"b'British police wants DNA database of everyone who has been arrested, but not convicted of a crime. They argue that innocent people who have been arrested are as likely to commit crimes in the future as guilty people...WTF!?'","b'""The lives of women are secondary"": in Nicaragua there is a total ban on abortion.  Women and girls are denied treatments for cancer, malaria, pregnancy complications, HIV, etc that may harm their fetus.  Rape victims must carry pregnancies to term.  Ban disproportionately affects the poor.' b""For the first time in its history British Army magazine features openly gay soldier on cover next to word 'Pride'"" b""Greece prevented it from joining the United Nations, imposed an economic blockade that nearly strangled the fledgling country, vetoed the country's bid to join NATO last year and is blocking its admission to the European Union until it changes its name."""
DJIA,2009-07-29,"b'Mum drags daughter onto faux lie detector test on live radio, to ask her if she has skipped school/had sex. She reveals to Australia previous rape experience at 12 years old. '","b""WTF. Albino children are being hunted. I couldn't get through this without crying (The Big Picture-Boston.com)"" b'2/3 Swedish physicians consider neonatal circumcision an assault: ""The opposing doctors said they did not perform circumcisions unless the procedure was deemed medically necessary. Otherwise, they viewed the procedure as barbaric and akin to unnecessary female circumcision""' b'Contrary to what you may have heard, Islam is not going to take over the Netherlands. The number of Muslims has declined by 25.000 in 3 year. Only 35% of them visit the Mosque at least once a month, as opposed to 47% in 1998.'"
DJIA,2009-07-30,"b""I'm surprised this hasn't made it higher up on Reddit today... The scale of this bomb that went off in Spain today is incredible! [youtube]""","b'1,200 factory workers in China fall violently ill after a chemical plant opens down the street; Chinese government dubs it ""mass hysteria"", forces local doctors to stop treatment.' b'TV as Birth Control: ""If there is electricity in every village, then people will watch TV till late at night and then fall asleep. They wont get a chance to produce children"" ~ India\'s Health and Family Welfare Minister' b'Iranian police have fired tear gas and beat anti-government protesters with batons to disperse thousands attending a memorial at the graveside of Neda Agha Soltan, a young woman who was shot to death at a June 20 to protest the disputed presidential election.'"
DJIA,2009-07-31,b'Bolivia bans all circus animals - New law defines use of animals in circus an act of cruelty. This is the first law of its kind anywhere in the world.',"b'Israel admits white phosphorus use' b'UK to ban all private transplants of organs: ""... private payments may unfairly influence access to transplant, so they must be banned.""' b'Arab lack of industrialization partly due to reforms ""pushed by the World Bank and IMF. In fact, today, Arab countries are less industrialized than they were in 1970.""...Holy Crap!'"
DJIA,2009-08-03,"b'Chavez shuts down 34 radio stations - says stations and radio waves no longer belong to the ""bourgeoisie""'","b'CIA Documents from the US embassy in Iran were shredded into thin strips and Iranians managed to piece them back together. In 1983 they were published in 54 volumes titled ""Documents From the U.S. Espionage Den""' b'Woman set to be flogged for wearing pants in Sudan fights back. Her hearing is tomorrow!' b'Saturday morning in a Christian village in Pakistan, ""Muslims marched [in] to avenge what they believed was the desecration of a Koran one week earlier. When it was over, dozens of houses were torched... two villagers were shot dead... Five others, including two children, burned alive.""'"
DJIA,2009-08-04,"b""Australian Idol judge fired after teenager's rape revelation live on radio""","b'Bill Clinton in North Korea, meets Kim Jong-il.' b'Hamas Again Accepts a Palestinian State on the \r\n1967 Lines' b'U.S. hunters aim for open season of threatened polar bears - Powerful lobby is suing to overturn the listing under the Endangered Species Act. '"
DJIA,2009-08-05,"b""North Korea's Kim releases U.S. journalists""","b'Zambian reporter sends pictures of woman giving birth without medical assistance to health minister. Now she is being accused of distributing porn? WTF?' b""US Gov't demands the names of 52,000 citizens with secret Swiss bank accounts.  Gets 5000 after threat of nothing at all from Swiss Gov't."" b'Hiroshima - 64 years ago tomorrow'"
DJIA,2009-08-06,"b'""I am a terrorist, shoot on sight"": New British ID card, supposedly unhackable and containing very personal information, cloned and modified in minutes'","b'Italy approved the use of RU-486, the abortion drug. The Vatican warned of immediate excommunication for doctors prescribing the pill and for women taking it!!' b'The Israeli government insists that these photos of Bibi Netanyahu visiting the Dimona nuclear plant are not photos of Bibi Netanyahu visting the Dimona nuclear plant' b""Remember the four Uighars prisoners released from Gitmo to Bermuda after 7 years of captivity? They've scored jobs at the seaside Port Royal course which will host the PGA Grand Slam of Golf in October. Article has photo of them free and happy piloting a golf cart."""
DJIA,2009-08-07,"b'Unbelievable hypocrisy: Islamic hate preacher from the Saudi dictatorship is allowed into the UK (Jews are descendants of ""rats and pigs"", and so on) while elected Dutch anti-Islamist parliamentarian from a fellow EU member state is refused entry.'","b""I... I think I was just goatse'd by The Economist."" b'US Kills Five Afghan Cucumber Farmers in Air Strike ' b'USA: Sends Investment Defrauder Bernie Madoff to Jail. China: Executes Investment Defrauders.'"
DJIA,2009-08-10,"b""Malaysia's brain-damaged government declares \r\nH1N1 flu is caused by masturbation and \r\nhomosexuality.""","b""Congo is a tragedy for reasons that many know well -- 5 million have died since 1998, thousands gang-raped, and nearly 2 million displaced. It's also a vast, organized scam. If Clinton doesn't address the scam, the suffering will not end."" b'If it prevents sheep from dying, why the protest over mulesing? Yes I had to google mulesing.' b""Major Quake (7.6) Hits Off India's Andaman Islands Triggering Tsunami Watches for India, Burma, Indonesia, Thailand, and Bangladesh."""
DJIA,2009-08-11,b'Two convicted for refusal to decrypt data',"b'China plans universal health care' b'Mom throws away Gundam figures, son burns down house.' b'Melbourne Catholic Archbishop Denis Hart told a woman who had been sexually abused by a priest to ""go to hell, bitch""'"
DJIA,2009-08-12,b'Message To The Australian Government From Anonymous',"b'Costa Rican president has swine flu... no word on whether Madagascar has closed its port yet' b'Brazil TV host ordered killings to get rid of rivals and boost ratings.' b""German Jews back campaign to reprint Hitler's 'Mein Kampf'  """
DJIA,2009-08-13,"b'An American living in France: ""I was recently diagnosed with breast cancer and I\'ve just gotten a letter from one of those ""death"" panels. They are called Medical Councils here and they determine whether someone is eligible or not for 100 percent medical coverage provided by the state...""'","b'In five of the seven incidents, Israeli soldiers shot at civilians who were walking down the street with white flags, trying to leave the areas of fighting, USA Based Human Rights Watch Rights group  said.' b'Iceland is being blackmailed' b'And now, the Pirate Party UK'"
DJIA,2009-08-14,"b'Americans pay $635.85 on cell phone service, compared to $131.44 per year in the Netherlands or $137.94 per year in Sweden.'","b'Who is funding the Afghan Taliban? You dont want to know... (but maybe you should)' b""New Afgan law: husbands can deny food to wives who don't submit to their sexual demands."" b'WTF: Britain sleepwalked into a surveillance society -- there is a request to snoop on the public every 60 secs'"
DJIA,2009-08-17,b'A campaign to make the UK government officially apologize for castrating and driving to suicide Alan Turing - the man who helped break Nazi codes and revolutionize computing - just because he was a homosexual',"b'3 Points for Germany! Random German tourists find my wallet and cellphone in Central Park, return to NYPD. Everything, incl. $180 cash, untouched.' b""UK Sharia courts have ruled that a man may have up to 4 wives; that a wife has no property rights in the event of divorce; that a woman may not leave her home without her husband's consent; and that a woman cannot marry without the presence and permission of a male guardian."" b""Nowhere in Fiji Water's marketing will you find reference to the typhoid outbreaks that plague Fijians; the corporate entities that they've set up in tax havens like the Cayman Islands; or  mention of the military junta for which Fiji Water is a major source of global recognition and legitimacy."""
DJIA,2009-08-18,"b'Huckabee: there is no room for a Palestinian state ""in the middle of the Jewish homeland"" and Israel should be able to build settlements wherever it wants. (AIPAC take out your 2012 checkbooks)'","b'Cheeky Ontario residents protest U.S. surveillance balloon. ""About 300 people dropped their drawers Saturday to give a balloon with a surveillance camera trolling the Canada-U.S. border a piece of their derriere.""' b'Right to rape: is that what the British Army is fighting for? To allow Afghan men to continue unpleasant habits such as withholding food from their wives, insisting on sex and imprisoning them in their own home?' b'Car Seizure Law Used to Take Bike from Little Girl'"
DJIA,2009-08-19,"b'""We had some Australians; they stayed here for four days. They would take turns sleeping and the only time they left was to go to the ATM,"" -World\'s First Cocaine Bar in Bolivia '","b""Bill Clinton's visit to North Korea revealed more about the nation than intelligence has been able to uncover for decades"" b'At least 95 people were killed and 563 wounded in a series of truck bombings and other attacks on Wednesday that rocked areas around official buildings in central Baghdad' b'Dawkins calls for official apology for Alan Turing - the code-breaking genius and father of the modern computer who committed suicide after being prosecuted for being gay\n'"
DJIA,2009-08-20,"b""UK Government says no to a show and tell from the guy who cloned the UK ID card in just 12 minutes. Haven't they got something to learn? ""","b'Orthodox Islamic school treats Dutch teachers who are not Muslims as inferior beings. They have to have their meals separately, cannot be greeted in the same way as Muslims, and must teach that Christianity will be abolished.' b""Lockerbie bomber's release agreed"" b'The Blind Pakistani Cricket team have been denied visas to the UK, after being invited by the English Cricket Council to defend their championship.'"
DJIA,2009-08-21,"b'Effective today, Mexico decriminalizes possession of small amounts of marijuana, cocaine, heroin and other drugs'","b'Australian woman, residing in Japan was a victim of a violent rape by American servicemen. Japanese police made no attempt to preserve urine sample, sperm or DNA on her body. Why?... because in 1953, Japan agreed not to exercise primary right of jurisdiction over members of the U.S. armed forces' b'Sweden has turned down a demand that it condemn the recent publication of an article that links Israeli soldiers to the death of Palestinian civilians with the motive of obtaining their organs.' b'The head of the Polish army has resigned after a dispute in which he accused the government of failing to properly equip troops in Afghanistan.'"
DJIA,2009-08-24,"b""Over my dead body! UK trying to make plastic pint 'glasses' compulsory. Where will the nanny state end?""","b'McGill professor caught in ghost writing scandal where articles paid for by drug giant Wyeth Pharmaceuticals' b'If you happen to find yourself in Samoa on September 7th, DO NOT get on the roads - the government is switching the side of the street that cars drive on' b'British firefighters call for boycott of Israel.'"
DJIA,2009-08-25,"b'""Every American should be forced to read and learn this in order to know what was done in their names.""'","b'Is Yemen Chewing Itself to Death?' b'Swedish court rules The Pirate Bay admins too broke to pay damages' b'Girl, 13, told to delay solo sailing voyage by courts'"
DJIA,2009-08-26,b'Argentina Decriminalizes Personal Drug Consumption.',"b'The supreme court in Argentina has ruled that it is unconstitutional to punish people for using marijuana for personal consumption.' b'U.S. is 15 years behind South Korea in Internet \r\nspeed' b'Kidnapped French agent kills captors, escapes in Somalia - in a good mood at presidential palace after fleeing militants.'"
DJIA,2009-08-27,b'French hostage kills 3 and escapes',"b'A naked, blindfolded man crouches on the ground, as a uniformed soldier kicks him in the head then abruptly ends his life with a point- blank rifle shot. Other bodies lie nearby, their blood staining the earth around them.' b'Looks like that Russian ship was carrying missiles to Iran via Algeria' b'CHINA: Human rights lawyer arrested on tax evasion charges -- Bet this story will be retracted quick smart! Surprised it even got published.'"
DJIA,2009-08-28,"b'Courts put 13-year-old girl in state care, blocking her from being the youngest person to sail around the world'","b'There Are More Slaves Today Than at Any Time in Human History ' b'Gelato in hand, youre strolling down a street in Italy, when suddenly, an attractive woman starts arguing with a street vendor. A crowd gathers as he accuses her of shoplifting. To prove her innocence, she starts to strip...' b'First case of ""Digital rape"" in Sweden; 33 year old man sentenced to 8 years in prison for forcing 65 girls (mostly underaged) to undress on webcam, threatening to kill victims family if not complying'"
DJIA,2009-08-31,b'Thousands call for Turing apology',"b'""Nearly 60% of black and African people living in Russia\'s capital Moscow have been physically assaulted in racially motivated attacks, says a new study.""' b'In Australia, when a political figure goes missing while hiking in the mountains, he actually is missing -- in the mountains' b'Lesbians given equal birth rights'"
DJIA,2009-09-01,"b""In a backlash against the US 'war on drugs', Latin America turns to a more liberal policy""","b""Pilot to control tower, ''Come on, I know you're down there, ... where the bloody hell have you hidden yourself?''"" b'North Korea reopens regular border crossing with the South ' b""72 year old Olympic medalist (Dawn Fraser, Gold 1956 in 100m freestyle swimming) attacks teenaged intruder at her home in Australia.   Knee'd him in the groin with her titanium knee."""
DJIA,2009-09-02,b'Dutch prosecutors will charge Arab cultural group under hate speech laws for publishing a cartoon that suggests the death of 6 million Jews during World War II is a fabrication ',b'Slovakian government passes law making it illegal for the Hungarian minority to speak their own language in public' b'% of Women Who Believe Its OK for Husbands to Hit Them' b'Drunks raping women at HIV/AIDS refuge in Papua New Guinea western highlands'
DJIA,2009-09-03,"b""World's Chief Nuclear Inspector Calls Iranian Threat 'Hyped'""","b""Norway's pension fund drops Israeli company Elbit Systems Ltd. for ethical reasons as the company supplies surveillance equipment used to monitor the separation wall between Israel and the West Bank"" b'Not one penny of the $5bn pledged to the Palestinians has reached Gaza' b'Azerbaijan jails two kids for making funny YouTube video critical of government'"
DJIA,2009-09-04,"b'A six-year-old girl has become a media darling in China on her first day of school by expressing her aspiration to become a ""corrupt official"" when she grows up'","b'Antibodies found that prevent HIV from causing severe AIDS' b'South African man commits suicide after bureaucrat \r\nripped up ID papers needed for a job' b'The war on drugs is immoral idiocy: While Latin American countries decriminalise narcotics, Britain persists in prohibition that causes vast human suffering'"
DJIA,2009-09-08,"b'Israel\'s army is changing. Once proudly secular, its combat units are now filling with those who believe Israel\'s wars are ""God\'s wars"".'",b'Iceland kills 93 endangered fin whales' b'The Maldives (very much under threat by global warming) does not have the money to send its president to a climate summit -- is looking for someone to pay for the trip.' b'Spanish judge resumes torture case against six senior Bush lawyers'
DJIA,2009-09-09,b'British nurse who was struck off the register for secretly filming the lack of care for the elderly at a Brighton hospital has been nominated for a national award',b'Denmark will foot the bill for the Maldives to attend climate conference.' b'Teenage Solo Yachtswoman: A teenage girl about to embark on a circumnavigation... crashes into a ship on her first day at sea.' b'British commando dies in raid to free NYT reporter'
DJIA,2009-09-10,"b'Decades of inbreeding is causing immense suffering for pedigree dogs, who are plagued by painful and deadly genetic diseases as a result of breeding for appearance, a UK investigation has found.'","b'U R Gay - Uruguay becomes the first Latin American country to legalize gay marriage' b'Stephen Harper secretly recorded - ""If we do not win a majority, this country will have a liberal government propped up by the socialists and the separatists.""' b""Well This Isn't Scary - 60th Anniversary of People's Republic of China Celebration Page Looks Like It Was Made By the Onion, But Its Real"""
DJIA,2009-09-11,"b'8.7 million North Koreans are starving: ""There are no farm animals, virtually no machinery. You know there\'s a problem when people have eaten all the livestock."" '","b""Raped and beaten for daring to question President Ahmadinejad's election - Times Online"" b""Iraq shoe thrower, Muntadar al-Zaidi's release to be Celebrated on Monday"" b'Thatcher in secret meeting with Gorby ""The reunification of Germany is not in the interests of Britain and Western Europe.""...""We do not want a united Germany.""'"
DJIA,2009-09-14,"b'in Canada the drug czar slams Harper gov\'t as he exits. ""...war-on-drugs approach has utterly failed over the past 40 years and must come to an end. The emperor truly has no clothes in this case,"" said his e-mail.'","b""Remember that 'brave' attractive looking Danish woman who was using YouTube to find the father of her kid? Turns out it was just viral marketting aimed at getting more tourists to go to Denmark."" b""I'll Love you forever, I'll like you for always, as long as I'm living my baby you'll be!. ---Robert Munsch get on to the Canada Walk of Fame! Anyone else love this book when they were little?"" b""Sweden's Pirate Party Makes The Web A Political Cause: Objects to two laws -- one allows \nauthorities to monitor phone, fax and e-mail traffic \ncrossing the country's borders. The other, a European Union directive allows copyright holders to find out the Internet addresses of file sharers"""
DJIA,2009-09-15,"b'The Church of Scientology won\'t be dissolved in France, due to a ""typo"" in an obscure law voted two weeks before the Church went to trial, which explicitly prevents this.'","b'New virus from rats can kill 80 per cent of human victims' b'The gruesome spectacle of dolphins being slaughtered for profit has returned to Taiji, Japan despite growing international condemnation' b'The End of Innocence in Afghanistan: \'The German Air Strike Has Changed Everything\' - ""The incident has given a black eye to a country whose politicians have never been shy of telling others what\'s best in Afghanistan.""'"
DJIA,2009-09-16,"b""Europe now richer than America: North America's wealth has now fallen the most out of any other region in the world, allowing Europe to step up to the plate as the world's richest continent""","b'The ORIGINAL execution video of Sri Lankan soldiers executing Tamil civilians. As the ground around them lay drenched in blood, civilian is shot on after the other [NSFW-UNCENSORED-GRAPHIC]' b'Banana sex cult leader splits after raid' b'New UN Report Released Today: ""The Israeli military operation [in Gaza] was directed at the people of Gaza as a whole, in furtherance of an overall and continuing policy aimed at punishing the Gaza population, and in a deliberate policy of disproportionate force aimed at the civilian population.""'"
DJIA,2009-09-17,"b'They promised each other that if one died, the other would wear a lime-green dress to the funeral.  On September 15th, Kevin Elliot died in Afghanistan -- and his friend kept his promise.'","b'District 9 highlights South Africa housing crisis - Movie shows shacks for aliens, where many blacks still live 15 years after apartheid.' b'The Suicide Terrorism Database in Australia holds information on 90 per cent of all suicide attacks between 1981 and 2006. Analysis of that information yields some interesting clues: It is politics more than religious fanaticism that has led terrorists to blow themselves up.\n' b""Iraqi shoe-thrower Muntazer al-Zaidi 'was waterboarded'"""
DJIA,2009-09-18,b'Young Jewish men in Israel have created a volunteer group which patrol malls and other public places to break up interracial dates (eg. Jewish-Arab dates.)',"b'Shocking news: large corporation murders people, tries to get away with it' b'The founder of the Jedi religion in Wales may file a religious discrimination lawsuit after being ejected from a supermarket for refusing to remove his hood. Mgmt fights nerdy: ""Obi-Wan Kenobi, Yoda and Luke Skywalker all appeared hoodless without ever going over to the Dark Side.""' b""Talk about Get Out of Jail Free: Monopoly's Hidden Maps Help World War II POWs Escape"""
DJIA,2009-09-21,"b'Gaza\'s Water Supply Near Collapse. ""The International Committee of the Red Cross has warned that Gaza\'s access to safe supply of drinking water could cease at any time.""'","b'One of the greatest rivalries in the history of chess is due to resume as Garry Kasparov takes on Anatoly Karpov in the Spanish city of Valencia.' b'""Secret Service agents found Yeltsin clad only in his underwear, standing alone on Pennsylvania Avenue and trying to hail a cab. He wanted a pizza, he told them, his words slurring.""' b""Israelis really don't like Obama. Bonus: Racism caught on tape"""
DJIA,2009-09-22,"b""On November 18, 1992, more than 1,600 scientists, including 104 Nobel laureates, from around the world endorsed a warning. Here's what they said.\n""","b'A new report says investing in girls is one of the best ways to end poverty, because women who are educated are likely to reinvest up to 90 per cent of their income in their family.' b""In dead of night, U.S. flew 24 nuclear bombs' worth of uranium out of Kazakhstan"" b""Did you wonder about the soldier's autobiographical book about the war in Afghanistan that the Danish Gov't tried to supress? Well, here you go (Google Translated)"""
DJIA,2009-09-23,"b""Girl's Refusal to Be Child Bride Inspires Nation\r\n""","b'Robbers in Sweden use stolen chopper &amp; dynamite in cash depot theft; Police unable to pursue, because the only police chopper in Sweden were disabled with explosives.' b'Robbers used a stolen helicopter and explosives to engineer a spectacular raid on a cash depot in Stockholm on Wednesday, breaking into the building through the roof and flying off with bags of cash.' b'In Kenya: ""The last long rains [in April] failed completely, and we haven\'t had a proper wet season for at least three years. If the rains fail in October and November, we\'ll go into total crisis. I can\'t even begin to imagine how awful that would be.""'"
DJIA,2009-09-24,"b'Honduras: curfew extended to 50 hours. power, water, food cut to Brazillian Embassy(act of war!) Barrios barracaded, police evicted. the **** has hit the fan...'","b""Leonard Cohen plays a concert in Israel; comes under fire for breaking a boycott over Israel's latest invasion of Gaza. In response, Cohen offers to play the West Bank and donate the proceeds to Israeli-Palestinian peace organizations."" b'Canada walks out on Ahmadinejad\'s UN speech: PM Stephen Harper says Ahmadinejad\'s ""absolutely repugnant remarks"" about the Holocaust are reason enough for Canadian officials to boycott the Iranian president\'s address' b'He tore up a copy of the UN charter.. accused the security council of being an al-Qaida like terrorist body, called for George Bush and Tony Blair to be put on trial for the Iraq war.'"
DJIA,2009-09-25,"b'Armored Police Seize University of Pittsburgh Campus, Attack Students, Then Claim They Were Stopping Anarchists @ G20'","b'A group of 50 French politicians want a new law stating published images must have bold printed notice stating they have been digitally enhanced.' b'Cut off aid to Africa, or at least to their corrupt governments.  ""Most of Africa is actually poorer today than it was a few decades ago, when aid dollars began to increase.""' b' ""Most governments in the United States in a hundred years have not respected the peoples of Latin America,"" Chavez told King. ""They have sponsored coup d\'etats, assassinations. It\'s enough. We want to be brothers and sisters. We want respect and equality.""'"
DJIA,2009-09-28,b'Philippine man loses own life after saving 30',"b'As of now the Pirate Party won 2.1% of votes in the German federal election' b""HIV-positive travelers can't enter the USA, one of only 15 countries to ban HIV-positive travelers from entry"" b""Hey Reddit, the Pirates got 2% of all votes in Germany's elections last night! """
DJIA,2009-09-29,"b'Women working on Chiquitas plantations in Honduras work from 6:30 a.m. until 7 at night, their hands burning up inside rubber gloves.  Some workers are as young as 14'","b'Duct tape cat: US teen arrested on animal cruelty charges!' b'Guy goes to Japan to rescue his abducted children, is thrown in jail.' b'The absurd war on drugs. Decades of fighting all over the world, thousands of deaths and no results. But a senseless and unwinnable war may be much easier than addressing the real problems '"
DJIA,2009-09-30,"b""Don't mess with the farmer's daughter. Holy crap.""",b'Slovenia raises taxes on executive bonuses to 90% for companies receiving bailout money' b'Chinese dwarves set up their own village\r\nA community of dwarves has set up its own village to escape discrimination from normal sized people. \r\n\r\n' b'BBC News acquired amateur footage of a tsunami wave coming ashore Samoa'
DJIA,2009-10-01,b'Roman Catholic Nova Scotia bishop busted at \r\nCanadian airport with a laptop full of child porn.  \r\nThe real kicker: he is the one who previously \r\nhelped broker a $15-million settlement with people \r\nsexually abused by other priests in the diocese.',"b'Catholic Church: Only 5% of clergy involved in child sex abuse' b""Stephen Hawking gives up prestigious position as Cambridge's Lucasian Professor of Mathematics"" b'Israeli diplomat expelled from Russia (accused of espionage)'"
DJIA,2009-10-02,b'The Boy Who Harnessed the Wind : true story of a Malawian teenager who transformed his village by building electric windmills out of junk',"b'Romania government collapses' b""EU's food agency threw out every one of the 180 claims that probiotic ingredients improve health. Now 220m-a-year 'dairy shots' industry in disarray following EU scientists' ruling "" b'Australian town ban commercially-bottled water:  Drinking fountains replace shop-bought mineral water in environmental initiative'"
DJIA,2009-10-05,b'A European-led revolution in chemical regulation that requires that thousands of chemicals finally be assessed for their potentially toxic effects on human beings and the environment signals the end of American industrys ability to withhold critical data from the public. ',"b""Egypt cleric 'to ban full veils': The Egyptian newspaper al-Masri al-Yom quoted him expressing surprise at the girl's attire and telling her it was merely a tradition, with no connection to religion or the Koran."" b'10 million people rendered homeless and nearly 2 million houses destroyed in flooding caused by heavy rains across southern India.' b""Norway has retained its status as the world's most desirable country to live """
DJIA,2009-10-06,b'Italian prosecutor states CIA kidnapping case too grave to cover up',"b""I guess they didn't ask Reddit..."" b'One of the most-wanted suspects in the Rwandan genocide has been arrested ' b'Banks which helped Madoff skim billions set salary limits, non rich people need not apply for accounts'"
DJIA,2009-10-07,"b'The great energy rip-off in UK: Utility companies put up power prices by 42% last year, or 382 per household. Since then, the wholesale cost of gas and electricity has halved but bills have fallen by only 4%...wtf?!'","b""Piracy: You're doing it wrong"" b'[Classic War Nerd] The French' b'Latvia pushes back against the IMF and EU - by threatening to bail out their mortgage holders instead of European banks'"
DJIA,2009-10-08,"b""Oh wow. Joseph Stalin's grandson, Yevgeny Dzhugashvili, has launched a court action claiming a liberal Russian newspaper has defamed the former Soviet dictator by claiming Stalin ordered the deaths of Soviet citizens.""","b""berlusconi immunity 'overturned'"" b'French culture minister, Frdric Mitterrand, faced calls for his resignation over an autobiography in which he described paying ""young boys"" for sex while abroad' b'American soldiers serving in Afghanistan are depressed and deeply disillusioned'"
DJIA,2009-10-09,"b'Yahoo provided Iran with the names of 200,000 users'","b'Peter Brierley, whose 28-year-old son Shaun died in March 2003, refused to shake Blair\'s hand when he offered it, telling the ex premier: ""I\'m not shaking your hand, you\'ve got blood on it.""' b'France has arrested a CERN researcher with suspected al-Qaeda links' b'French President Sarkozy accused of nepotism after handing top post to 23-year-old son'"
DJIA,2009-10-12,"b'""Police forces across Canada... are immediately changing their Taser use policy after the manufacturer issued a directive that officers should not aim the weapon at a suspect\'s chest.""'","b'Charlie Brooker on the aging process.' b'Berlusconi: ""I am the best prime minister ever ... I am absolutely the politician most persecuted by prosecutors in the entire history of the world throughout the ages.""' b""Welcome to Debt City: Expats who took out loans during Dubai's good times now flee or face jail"""
DJIA,2009-10-13,b'The report and question that The Guardian is being gagged for - wikileaks to the rescue.',"b'Guardian gagged from reporting parliament |\n\t\t\t\tMedia |\n\t\t\t\tThe Guardian' b'Last surviving members of an ancient Amazonian tribe are a tragic testament to greed and genocide\n' b'1. claim to be a law firm, 2. threaten people to sue over copyright/filesharing unless they submit 500, 3. send out lots of mails, 4. ???, 5. profit.'"
DJIA,2009-10-14,"b'Fingerprint unmasks new Da Vinci painting, sold for $19,000 at auction as a 19th century German work. Swedish collector used multispectral digital imaging to peer through layers of pigment, discovering a fingerprint that proved the painting is a Da Vinvi worth $160 million.'","b'NOT an Onion article: Saudis Seek Payments for Any Drop in Oil Revenue ' b'Colombian hitmen reveal horror of the kill. ""People need to eat and there\'s a lot of hunger. We don\'t just want the crumbs. That\'s the big problem. There\'s a lot of idle hands around here and many people think they have a chance if they have a gun in their hand.""' b'Israel must end unfair jailing - Israel holds hundreds of Palestinians without trial or any way to clear their names, say two Israeli rights groups which urge an end to such detentions.'"
DJIA,2009-10-15,"b'More than 80 Israeli students have announced their refusal to serve in the Israeli military: ""the occupation is a violent, racist, inhumane, illegal, undemocratic, immoral and an extreme condition that presents a mortal danger to both peoples""'","b'Canadian trucker fined for smoking in the workplace. That being, of course, the cab of his truck. Which he owns.' b'Moscow to ban snow this winter.  Moscow Mayor, ""This winter in Moscow, snow will not fall on you.""' b'Fascism joins the 21st century: British National Party leader Nick Girffin has agreed to ask his party to allow non-white people to join.'"
DJIA,2009-10-16,"b""Blackwater used 'child prostitutes in Iraq'""","b""Uruguay has become the first country to provide a laptop for every child attending state primary school. And they're running Linux."" b""Africa's Atrocities in Pictures [Graphic NSFW]"" b'A Russian academic investigating the fate of ethnic Germans deported by Stalin during World War II was arrested and ordered to remain silent by the FSB, who seized his research.'"
DJIA,2009-10-19,b'A Lithuanian dad shot dead a judge and a senior politician because they molested his three-year old daughter. ',"b'Bullied, attacked and racially-abused more than 50 times in eight weeks. That was the experience of two British Muslim reporters posing undercover as a couple in Bristol over the summer.' b""The only two Westerners living on their own in \r\nKandahar have been bombed, ambushed, and \r\nnearly sold to kidnappers. Here's what they've \r\nlearned about the country where war just won't end."" b'In Norway, even murders and rapists have a shot at landing in ""open prison.""'"
DJIA,2009-10-20,"b'""Legalize it"" lobby grows. Mexico and other Latin American countries move toward drug decriminalization.'","b""The Yes Men hold a fake Chamber of Commerce Press Conference saying they've changed their views on Global Warming and get caught out!"" b'Anglicans who are pissed off that their church has become more accepting of gay priests have decided to join a church that have been more accepting of pedophile priests.' b'Water on moon scientist accused by US of trying to spy for Israel\n'"
DJIA,2009-10-21,b'Kuwaiti women will be able to obtain their own passport without the consent of their husbands',"b'Tony Blair heckled in Hebron: You are a terrorist' b'""As the founder of Human Rights Watch, its active chairman for 20 years and now founding chairman emeritus, I must do something that I never anticipated: I must publicly join the groups critics.""' b'UN puts Iran deal on the table: Exporting uranium has been seen as a way for Iran to get the fuel it needs, while giving guarantees to the West that it will not be used for nuclear weapons.'"
DJIA,2009-10-22,"b""British Columbia cops stomp on guy's head, kick him in the ribs during arrest. Caught on video and posted to YouTube. ""","b'She loves you  yeah, yeah, yeah, the Taliban sang, with Kalashnikovs lying on the floor around them. (Also, they sleep beneath bedsheets emblazoned with Hannah Montana.)' b'Russia vs. The United States: A visual comparison from mint.com.  (images)' b'They decapitate, torture, and extort. Then they pray, and donate to charity.'"
DJIA,2009-10-23,"b'""I have never seen this in 30 years,"" Calder said. ""I haven\'t heard Japanese talking back to American diplomats that often, especially not publicly. The Americans usually say, \'We have a deal,\' and the Japanese respond, \'Ah soo desu ka,\' -- we have a deal -- and it\'s over. This is new."" '","b""UK: Police officers armed with submachine guns are to be deployed on routine patrol of Britain's streets for the first time."" b'Drought pushes 23 million Africans to brink of starvation. ' b'British National Party leader Nick Griffin has used his Question Time appearance to criticise Islam and defend a past head of the Ku Klux Klan. He also told a largely hostile audience that Winston Churchill would be a BNP supporter if he were alive, and at one stage referred to gay men as ""creepy"".'"
DJIA,2009-10-26,"b'The Church of Scientology was almost shut down today in France. Instead they were fined $900,000 and jailed 6 of their leaders. Found guilty of fraud.'","b'US diplomat resigns over Afghan war: ""Like the Soviets, we continue to secure and bolster a failing state, while encouraging an ideology and system of government unknown and unwanted by its people""' b""A French soldier's opinion of his American counterparts."" b'Scandinavian social democracies (and the Swiss) at the top of prosperity index that focuses on economic growth, health and freedom'"
DJIA,2009-10-27,"b'Just one more reason that Metallica sucks: frontman James Hetfield told German TV that part of him was proud the US military chose the bands music to torture prisoners at Guantanamo Bay... It represents something that they dont likemaybe freedom, aggression I dont know Freedom of speech.""'","b'Dirty bastard: Sarkozy spent 250,000 of EU budget on shower he did not use' b'""Even before I became a feminist in 1967, I had already learned that the (imperfect) West is still a far better place for a woman to live than is the most hospitable, beautiful, wealth-encrusted Muslim country""' b'UK - People who persistently download illegal \r\ncontent will be cut off from the net.'"
DJIA,2009-10-28,"b""The British Government's chief drug adviser has sparked controversy by claiming ecstasy, LSD and cannabis are less dangerous than cigarettes and alcohol. ""","b'If you are a UK citizen, please consider signing this petition to abolish the proposed law that will disconnect alleged illegal filesharers without trial.' b""The man who used a digital camera to record the death of Robert Dziekanski at the Vancouver airport says he feels guilty he didn't try to help the Polish immigrant even though others honoured his actions Tuesday with a citizen-journalism award."" b'More than 500 UK officers smashed their way into thousands of safety-deposit boxes: ""When I got my box back, 9,000 cash and some smaller items of jewellery were missing - a gold baby\'s bracelet and a gold ring""'"
DJIA,2009-10-29,b'Unidentified viral outbreak in Western Ukraine. State of Emergency Declared.',"b'The universality of war propaganda: A soldier with the Russian army in Afghanistan recounts what they believed about their mission ' b""Nigeria's space agency is no joke. It has launched satellites and aims to put Africans into space"" b'Mafia killing in Italy caught on camera'"
DJIA,2009-10-30,"b'Following his comments regarding Ectasy, LSD, and Cannabis, the British Government chief drug adviser Professor David Nutt has been sacked - for telling the truth.'","b'Sacked drugs adviser accuses Gordon Brown of meddling in cannabis decision' b'UK Drug adviser, Professor David Nutt, sacked for comments' b'Obama Lifts a Ban on Entry Into U.S. by H.I.V.-Positive People'"
DJIA,2009-11-02,"b'Wild bear kills two terrorists.Yes,a wild BEAR kills two TERRORISTS in india.'","b'""We are talking about an end to privacy itself, unlimited powers of search and seizure - in short, a New Zimbabwe in place of New Zealand""' b""In the past 40 yrs, the permanent resident population of Venice has decreased by half. At the current rate of emigration - about 800 residents a yr - demographers predict there will not be a single Venetian left by 2030. But it's not flooding that's driving away the natives."" b""Border guard's refusal to shoot let the Iron Curtain drop; defiant move changed history"""
DJIA,2009-11-03,"b'Unbelievable Video of Iranian Police beating protesters in the latest clash on November 4. Reddit, please let the world see how these animals are trying to suppress Iranian people right now.'","b'Seriously, what a fucking joke: ""West hails Hamid Karzai as \'legitimate\' president"" ' b'Pirate Party Gets Second Seat in European Parliament' b""I don't see how it helps much in the long run...but really, for a man accused of raping 5 children and leaving one to die in the desert, I'm not going to feel a bit ill at this example of Saudi justice"""
DJIA,2009-11-04,b'Professor David Nutt: The population is with me',"b'Israel: ""migrant workers will receive shelter, food and medical care . . .  would perform manual labor outside the camps, but would not earn a salary. They would stay at the camp until their asylum claims are decided, which could take months or years."" Slaves?' b""ExxonMobil to pay Iraq $50bn in fees, plus $2 per barrel of oil moved, for exclusive development of Iraq's largest petroleum reserve (West Qurna oilfield)."" b'Five British soldiers gunned down while preparing for tea -- by Afghan policeman they were training '"
DJIA,2009-11-05,"b'We broke the law, admits CIA agent convicted of rendition'","b'Saudi forces keep up Houthi assault -Jets and ground forces hit Yemeni rebel fighters for third consecutive day' b""Mystery of Argleton, the 'Google' town that only exists online"" b'Afghanistan: Five British troops are killed by an Afghan colleague and a fragile trust is broken'"
DJIA,2009-11-06,"b'Ukraine epidemic kills 109, 763,000 infected, and 34,000 hospitalized. Last Friday 40,000 infected and 900 hospitalized.  '","b'57% of Brits think Afghan victory is impossible, and 73% want a pullout.' b""13-year-old schoolboy confronts BNP leader Griffin at memorial for Pathan Indians: 'Isn't this against your party's policy?' "" b'Three doctors and a nurse have been arrested for allegedly selling newborns after telling mothers their babies had died at a private hospital in Mexico City.'"
DJIA,2009-11-09,b'Three more government drug advisers resign after Nutt sacking',"b""UK ministers cancel 'Big Brother' database: Plans to store information about every phone call, email and internet visit have in effect been abandoned by the Government"" b'Rupert Murdoch wants to find ways to block Google from indexing his news sites. I guess meta name=""robots"" isn\'t good enough for him.' b'Mikhail Kalashnikov celebrates his 90th birthday today. He still works at the same factory where he invented one of the worlds most iconic guns 62 years ago.'"
DJIA,2009-11-10,b'Whistleblower cop is YouTube sensation - A Russian police officer has released a series of videos calling out corruption',"b'The officer reportedly mistook a pipe the boy was carrying for a gun and shot him dead. The boy was 3 years old.' b""Its amazing how far we've come: France and \r\nGermany hold joint Armistice Day commemoration \r\nfor the first time in history"" b'Man renting himself out as a punchbag for stressed women'"
DJIA,2009-11-11,"b'Christian janitor rises above the barriers of caste, creed and sectarian terrorism and gives his life to save Muslim university students in Pakistan.'","b""WHAT?!  Afghanistan is so rife with corruption that the US is basically funding the very people they're fighting!  We're talking obscene amounts of money!"" b'A 575-page blistering report by Justice Richard Goldstone detailing war crimes in Gaza last December is refusing to die despite an aggressive Israeli smear campaign to kill it. The report...received overwhelming support Thursday in the 192-member General Assembly.' b'An Australian Special Forces explosives detection dog has been found alive and well almost 14 months after going missing in action (MIA) in Afghanistan.'"
DJIA,2009-11-12,"b'""The idea that an oil company was participating in the drafting of the Iraqi Constitution leaves me speechless""'","b""The Mexican Civil War broke out three years ago. Total dead are now around 14,000 and the government might be on the verge of collapse. This isn't in some alternate Universe. This is really happening."" b'Huge rise in birth defects in Falluja' b'The gang hurled racist abuse at him, constantly referring to the colour of his skin, yet police refused to classify the attack as racially-motivated -- Teen savagely beaten by a gang of 15 youths.\n'"
DJIA,2009-11-13,"b'Obama has authorized more predator drone strikes in Pakistan in 10 months than George W. Bush authorized in three years, killing over 500 people.'","b""Italian court finds 23 CIA operatives guilty in absentia for the abduction of a Muslim cleric.\r\nThe trial was the first by any government over the Central Intelligence Agency's extraordinary rendition program.\r\n"" b'Duke Professor Finishes Yale\'s Job, Prints Mohammed Images in New Book - ""Muhammad: The \'Banned\' Images""' b""Girls shouldn't expect to 'have it all' says school head"""
DJIA,2009-11-16,"b""This kicks The Weather Channel's ass.""","b'Australian Senator says Scientology is a criminal organisation, calls for police enquiry.' b'Australia: Independent senator Nick Xenophon has accused the Church of Scientology of being a criminal organisation.' b'More than 500.000 private messages from 9 / 11 leaks at wikileaks this week'"
DJIA,2009-11-17,b'Israel approves 900 settler homes',"b'7 men survive 2 MONTHS adrift in the Pacific. [BBC]' b'Israeli settlers in the South Hebron Hills of the West Bank have been harassing a Palestinian family walking home, then beat and robbed two internationals who accompanied them.' b'Virtually legal: In many countries, full jails, stretched budgets and a general weariness with the war on drugs have made prohibition harder to enforce'"
DJIA,2009-11-18,"b'CAUGHT: Guy who dropped dog from a bridge in Latvia. Arrested, with PICS. Translated article.'","b'The official inductees of the 2010 Sweatshop Hall of Shame are: Abercrombie and Fitch, Gymboree, Hanes, Ikea, Kohls, LL Bean, Pier 1 Imports, Propper International, and Walmart' b'Van Rompuy is the first president of Europe' b'Russia confirms death penalty ban'"
DJIA,2009-11-19,"b'FIFA and Germany helped finance a soccer stadium in the Palestinian territories.  Now that it is almost complete, Israel has decided to tear it down.'",b'Depressed woman loses benefits over Facebook photos' b'Illegal Israeli settlements are diverting water in occupied territory.' b'New poll: 53% of Israelis think ethnic cleansing is the solution to the conflict '
DJIA,2009-11-20,"b'Well, now we\'re fucked. British Government to allow snooping on cloud storage, give powers to ""any person as may be specified with or for the purposes of facilitating prevention of reduction of online infringement of copyright"", speed limitations/disconnections for offenders, etc.'","b""Do music artists fare better in a world with illegal file-sharing? The graph the record industry doesn't want you to see."" b'Why the olives? Israeli settler vandals savage another olive grove; It will take 10 years for the trees to bear fruit again' b'Japanese whalers set sail yesterday on their annual mission to kill hundreds of the marine creatures for alleged scientific purposes, causing diplomatic problems for their government.'"
DJIA,2009-11-23,"b'Wow, it turns out the guy who was ""paralyzed but fully aware for 23 years"" isn\'t.. he\'s a vegetable and the people saying he\'s communicating are really faking his communication. '","b""Prof Nutt (Gov't scientist who was sacked over Cannabis research) cuts presenter down to size on Sky News"" b'UK jails schizophrenic for refusal to decrypt files' b""The world's biggest animal sacrifice begins today"""
DJIA,2009-11-24,"b'In the future an immigrant arriving in Germany may have to sign an ""integration contract."" The contract would require the immigrant show respect for freedom of speech and women\'s equality.'","b'Every school pupil in England is to be taught that \r\ndomestic violence against women and girls is \r\nunacceptable, as part of a new government \r\nstrategy.  Excuse me?  Only women and girls?' b'Why white skin is all the rage in Asia' b'Britain heard US drumbeat for invasion before 9/11'"
DJIA,2009-11-25,"b""Italian Professor of Medicine makes a startling breakthrough while treating his wife. It's possible he has found a cure for multiple sclerosis""","b'Dubai is going bust.. Major govt. owned Investment company asks for a delay in its debt repayments' b""In Japan, 'Herbivore' Boys Subvert Ideas Of Manhood "" b'Widespread child sexual abuse by Catholic priests in Dublin was covered up for decades by senior clerics'"
DJIA,2009-11-27,"b'Everyone started running toward us, Ms. Nuez said. We thought there was a fight. Then we saw this guy with blood coming out of his mouth, and the killer right behind him, putting this thing away. I didnt know what it was. Instinctively, Ms. Nuez reached for her camera...'","b'Dubai: Tourists imprisoned for sesame seeds, jet lag pills, over-the-counter cold medications and painkillers' b'On the extreme, inescapable limitation of human mind: Uganda proposes death penalty for HIV positive gays' b'unfreeze, Israel  approved 28 new schools for \r\nsettlements in the West Bank, a day after it \r\nannounced a 10-month halt to new residential \r\nbuilding'"
DJIA,2009-11-30,"b'""We have seen new kinds of cancer that were not recorded in Iraq before war in 2003, types of fibrous cancer and bone cancer. These refer clearly to radiation as a cause""'","b'Former Miss Argentina dies after ass surgery ' b'Pirate Bay refuses to shut down. remains elusive. ' b""Hugo Chavez threatens to nationalize private banks for refusing to lend to the poor and for failing to sufficiently aid in the country's development."""
DJIA,2009-12-01,b'A 26-year-old doctor who exposed the torture of jailed protesters in Iran died of poisoning from a delivery salad laced with an overdose of blood pressure medication',"b'North Koreans in shock after the Govt decide to revalue the won currency -- existing notes are swapped with new ones at exchange rate of 100 to one, knocking two zeroes off their value!' b'Smokers who drop cigarette butts in the City face an 80 fine following the launch of a new crackdown. ' b'What emerges from these 12,000 pages of documents is how the diocese became complicit in hiding, obfuscating and harming children in its flock. Young. Defenseless. Trusting. Sheep to be sure. That, in my mind, makes the diocese as culpable as their child-preying pedophilic priests'"
DJIA,2009-12-02,"b'One of the saddest days in Canadian history - ""The Senate Committee studying C-15, a bill that would bring mandatory minimum prison sentences for marijuana to Canada, has given its approval with minor amendments.""'","b'Israels army is recruiting soldiers for a new unit that is waging a virtual public relations battle on Facebook, YouTube and Twitter' b'Hamas to introduce death penalty in Gaza for drugs' b'Swiss leader calls for Jewish cemetery ban after ban on Muslim minarets'"
DJIA,2009-12-03,b'Ruins of Pompeii added to Google Street View',"b'A Lost European Culture, Pulled From Obscurity...older then Ancient Greece, or Egypt.' b'Shitstorm in Spain over proposed law to shut down sites, because of copyright infringement, without a court order.' b'UK closes X Files-style unit: ""No UFO report has revealed any evidence of a potential threat, resources are focused on the top priority - the frontline in Afghanistan""'"
DJIA,2009-12-04,b'Draw ignites FIFA World Cup fever',"b'Dr David Kelly: Legal Action To Prove Weapons Expert Was Murdered' b""Why switzerland has the lowest crime rate in the world and why it's the least likely to be taken over by a ruthless dictator.....the Sig SG 550!"" b'Amanda Knox was found guilty of the Meredith Kercher murder and will spend 26 years in prison'"
DJIA,2009-12-07,"b'Remember Tony Blair\'s ""45-minute"" WMD claim? He got it from a taxi driver'","b'""...the record industries could use songs as long as \r\nthey pinky swore they would get authorization and \r\npay the artist for it eventually."" And yet individual \r\ndownloaders are sued for millions of dollars.' b'The US cash behind Israeli extremist settlers: IRS records identified 28 US charitable groups that made a total of $33.4m in tax-exempt contributions' b'Thieves in Brazil have stolen more than $6m while everybody watched a soccer game'"
DJIA,2009-12-08,b'BBC Investigation shows how much of a rip-off Cash4Gold is',b'Three Irish women are challenging the Irish anti-abortion law in the European Court of Human Rights.' b'Mystery as spiral blue light display hovers above \r\nNorway' b'Czech Govt Allows 5 Cannabis Plants For Personal Use From 2010'
DJIA,2009-12-09,"b""China's empty city, built for no reason other than to maintain an 8% growth rate! Madness! [VID]""","b'Russia confirmed that it was one of their missiles that was observed over northern Norway yesterday, launched from a nuclear submarine and built to carry nuclear warheads' b'Swedish Pirate Party Proposes Internet Bill of Rights in the European Parliament and wants your suggestions' b'Please let the world know: Supreme Court maintains censorship of the press in Brazil'"
DJIA,2009-12-10,"b'Israeli minister has announced there will be 10,000 new settlers in the occupied West Bank over the next 10 months'","b'A man who was jailed for rape after going to the aid of a drunken teenager in Edinburgh has been declared a victim of a miscarriage of justice' b'Jewish settlers are suspected of being behind an attack on a mosque in the north of the occupied West Bank.' b'Uganda just doesn\'t understand human rights: ""This \r\nwhole concept of human rights grates my nerves. It \r\nhas made people un-african, mean and self-\r\ncentered. One can now shamelessly stand up and \r\ntell you: ""I do as I please. You have no business in \r\nmy affairs.""'"
DJIA,2009-12-11,"b'""If you buy into the Many Worlds Intepretation of quantum physics, there must be a parallel universe in which I crossed the US/Canada border ... In that other timeline I was not punched in the face, pepper-sprayed, shit-kicked, handcuffed, thrown wet and half-naked into a holding cell ...""'","b'Official: The remains of Adolf Hitler were burned in 1970 by Soviet KGB agents and thrown into a river in Germany' b'Tony Blair admits: I would have invaded Iraq \r\nanyway' b'Dr Peter Watts, Canadian science fiction writer, beaten and arrested at US border'"
DJIA,2009-12-14,"b""US oil tycoons think they are 'entitled' to Iraq's oil fields, assume invasion was launched on their behalf.""","b'Israeli newspaper: Extremist Israeli rabbi who excuses killing non-Jewish babies is being funded by US tax dollars.' b'Amnesty International called on Saudi Arabia on Monday to stay a sentence of 40 lashes against a 75-year-old woman for breaching a sex segregation law. She was in the company of two men who were not close relatives. The men are also to be flogged. ' b'Girl, 15, sentenced to eight years over bullying death of Rosimeiri Boxall '"
DJIA,2009-12-15,"b""Internet search giant Google has come out in opposition to the Federal Government's push to introduce mandatory ISP filtering.""","b'The official Bishop for the British armed forces would just like to apologize for expressing his admiration for the Taliban' b""Iran's jails: An inside view - Tehran's most notorious prison may be better but abuses have been reported in new jails"" b'Vietnam signs billion-dollar contracts to buy submarines and fighter jets from Russia'"
DJIA,2009-12-16,"b'Hugo Chavez: If Climate Were Bank, U.S. Would Have Saved It'","b'Two British soldiers in Afghanistan sacrificed their lives preventing Taliban suicide attack in marketplace' b""Brazil boy found with 40 needles in 'black magic rite' - arrest made"" b'Scientists crack entire genetic code of two of the most common cancers'"
DJIA,2009-12-17,"b'Uninsured American living in Japan sees a doctor: ""...when I get 3 prescriptions filled in 5 minutes and they are SORRY they have to charge me a whopping 30 bucks for it, and I see people back home paying many times that, I have to wonder how we\'re managing to do things just this wrong.""'","b'Greece in revolt: All media on 24h strike. No news broadcasts on radio, TV or internet. Almost 60% of police may quit jobs if they have to wear identifying insignia. Strikers have occipied broadcasting headquarters of ERT3, the Salonica state channel.' b'""1,420 Palestinians killed, 446 of them children, 5,320 injured, 1,855 of them children, 4,000 houses destroyed, 16,000 houses damaged,  ' b'Iran seizes oil well in southern Iraq? Here we go again.'"
DJIA,2009-12-18,"b""Prague TV Tower - World's Largest Spherical \r\nPanorama (18 Gigapixel!!) + MegaZoom""","b'""Identifying Israel as a racist, warmongering apartheid state is no longer a radical view, shared mainly by anti-Semites and ""Arab lovers"" - it has become the mainstream opinion.""' b'Portugal has drawn up a proposal to allow gay marriage' b'Copenhagen fails! No binding agreement. No Emission Reduction Targets. Sigh :-('"
DJIA,2009-12-21,"b'Laura Dekker, a 13 year old girl who ran away from her Dutch home because Dutch courts would not let her sail around the world has been found in the Caribbean'","b'This is why Zionism is racism ""Jerusalem Mayor Barkat has rejected the recommendation of professionals for a well-baby clinic for  some 100,000 Arabic-speaking residents but the 7,000 Israelis will receive the baby clinic ' b'Mexico City becomes the first city in Latin America to legalize same-sex marriage' b'Secret neo-Nazi documents published: 11 membership lists about to go online (Wikileaks asking for volunteers with database skills to be able to expand fields and dumping to text)'"
DJIA,2009-12-22,b'How do I know China wrecked the Copenhagen deal? I was in the room.',"b'RCMP conduct training exercise on private property without consent, shoot and kill family dog. ' b'Israel plans to demolish 900 Palestinian houses in Jerusalem to built settlements' b'In Germany, a Disturbing Rise of Extreme Right-Wing Violence: Politically and racially motivated crimes by the far right hit a record high of more than 20,000'"
DJIA,2009-12-23,"b""Police enter a private backyard without permission for police dog training, shoot and kill the property owner's dog when it defends its territory""","b'Incredible Article On The Man Who Shot The Romanian Dictator Ceasescu And His Wife 20 Years Ago: ""The verdict was read out after a few hours. The Ceausescus were sentenced to death. They had ten days to appeal, but the sentence was to be carried out immediately. A nod to Kafka.""' b'Racial pecking order of UAE displayed in a car advertisement' b'Unlearned lessons of the Soviet invasion - The U.S., like the Soviet Union, is learning the hard way on Afghanistan.'"
DJIA,2009-12-24,b'Woman knocks down Pope Benedict at Christmas Mass.',"b'Ugandan President Museveni says he will block the anti-gay bill from becoming law.' b""Venezuela's Chavez threatens to kick out carmakers unless they share their technology with local businesses"" b'Woman who knocked down pope had pasta in her pocket - PASTAFARIAN?!'"
DJIA,2009-12-28,"b'It is a fact that a woman born in South Africa has a greater chance of being raped, than learning how to read.'","b'Israel planning to build 700 new houses in East Jerusalem, going back on their word and disrupting the peace. ' b'U.S. Intelligence Found Iran Nuke Document Was Forged' b'Britain has been given a warning by Iran\'s foreign minister that it will receive ""a punch on the mouth"" if it does not ""stop the nonsense"".'"
DJIA,2009-12-29,"b""This site publishes first had reports out of Iran.  Lots of eye witness accounts.  It is run by Iranian exiles with close contacts on the ground.  Let's show these people some love for risking it all to get the information out.""","b'U.S. Soldiers Are Waking Up!' b""Ayatollah Khamenei's Jet Checked, Iran Supreme Leader May Flee To Russia If Necessary"" b'[Video] Iranian Police Car running over protesters'"
DJIA,2009-12-30,b'Jerusalem Post asks the Taboo Question',"b'King Stephen Harper shuts down Canadian Parliament, AGAIN. ' b""For seven years, Jennipher was forced to breastfeed the puppies of her husband's hunting dogs."" b'Several hundred people have joined demonstrations on the Israel-Gaza border to protest against the Israeli blockade of the territory. Keep it up!!'"
DJIA,2009-12-31,b'Czech Republic Decriminalizes All Major Drugs for Personal Use - Starting Tomorrow',"b'Don\'t Mess with Yemen: ""It is extraordinary to see the US begin to make the same mistakes in Yemen as it previously made in Afghanistan and Iraq."" ' b""Gaza sees rise in malformations with newborns as a result of Israel's use of prohibited weapons"" b'7 CIA operatives killed and 6 wounded by Taleban suicide bomber that penetrated deep into a U.S. base in Afghanistan'"
DJIA,2010-01-04,b'New airport scanners break child porn laws',"b'Indian eye clinic founded by a single doc has treated 27 million patients, performed more than 3 million life-changing eye surgeries, for slightly more than the cost of a meal at McDonalds. (Video)' b'The president of Iceland refuses to sign a legislation to reimbuse nearly $5.7bn lost by British and Dutch savers in the failed Icelandic banks.' b'87% are illiterate, 1 in 3 experience physical, psychological or sexual violence, 44 yrs is the average life expectancy rate, 70 - 80% face forced marriages... Afghan women'"
DJIA,2010-01-05,"b'These images depict the untouched stomach contents of baby birds in one of the worlds most remote marine sanctuaries, more than 2000 miles from the nearest continent. (pics)'","b'Slovakian authorities plant explosives on unsuspecting airport passengers; Innocent Irish man arrested as a result.' b""Ady Gil/Sea Shepherd 'cut in half' by Japanese whaling vessel "" b'Fourteen suspected terrorists died Tuesday night when the bus they rigged with explosives blew up prematurely.'"
DJIA,2010-01-06,"b'Three Americans go to Uganda and teach thousands (including police, national politicians, etc.) how gays and their agenda are trying to destroy Ugandan families and sodomize their children.  Result: a bill to impose a death sentence for homosexual behavior.'","b'Soviet General, 1986: ""After seven years in Afghanistan there is not one square kilometre left untouched by the boot of a Soviet soldier. But as soon as they leave the place, the enemy returns and restores it all the way it used to be. We have lost this war.""' b""Very quietly, China has become the world's second-largest producer of scientific knowledge. If it continues at this awe-inspiring rate, China will overtake the US before 2020 and the world will look very different as a result"" b""Investor who made huge fortune off predicting Enron crash now predicting China's bubble is about to burst"""
DJIA,2010-01-07,"b'23-year-old British woman on holiday in Dubai told police she had been raped, only to be arrested herself for having illegal sexual intercourse'","b'Portugals parliament approves same-sex marriage' b""I think you're trying to seduce me Mrs. Robinson.  Ireland rocked by scandal as First Minister's 58 year old wife is caught in an affair with her 19 year old lover.  "" b'No taxes, no customs duties, no government patents, no government copyrights: a secessionist area within the Ivory Coast is flourishing, and the UN, the BBC, and bureaucrats find this astounding'"
DJIA,2010-01-08,b'Top Imams affiliated with the Islamic Supreme Council of Canada have issued a fatwa calling those terrorists who attack the United States and Canada evil.',"b'Human sacrifices increase in Uganda; blood and body parts used in spell-casting to gain wealth' b'An Indian man is in a serious condition in hospital after being set on fire in the street in Melbourne early this morning.' b""Muslims and Christians set fire to each others' homes and shops near the southern Egyptian town"""
DJIA,2010-01-11,b'Why would a former Guantanamo Bay prison guard track down two of his former captives - two British men - and agree to fly to London to meet them?',"b""Barred from using lead in children's jewelry because of its toxicity, some Chinese manufacturers have been substituting the more dangerous heavy metal cadmium in sparkling charm bracelets and shiny pendants."" b""Israelis use clever 'Catch-22' ruse to put thousands of Palestinians between a rock and a hard place, then destroy their homes and schools to make room for an Israeli Military 'training area' in an 'occupied territory' outside of Israel's own border."" b'Michael Chertoff, Former Department of Homeland Security, is the head of the Chertoff Group, the lead cheerleader for what is being called the Full Body Scanner Lobby - Chertoff is also the spokesman for Rapiscan a body scanner manufacturer.'"
DJIA,2010-01-12,"b'Dear World, The Chinese government stole intellectual property from us and others. The censorship is crazy over there and we are seriously considering ceasing our Chinese operation. - signed google.'","b""Toronto woman dies pushing baby from car's path"" b'7.3 Mag Earthquake off the Haitian Coast. Tsunami alert issued!' b""Google 'may end China operations over Gmail breaches' """
DJIA,2010-01-13,b'Please go to www.redcross.org and donate at least $10 to help out the people of haiti. I know the reddit community can make a difference!',"b'Haiti: how your donation could hurt - After every major disaster, misguided donations actually worsen the suffering' b'China gives first response to Google threat: Internet is ""open"" to business ""according to the law""' b'""Holy shit. We just saw a gigantic shark eat what looked like a person in front of our house, that shark was huge. Like dinosaur huge.""'"
DJIA,2010-01-14,"b'""It never ceases to amaze me that in times of amazing human suffering somebody says something that can be so utterly stupid,"" White House spokesman Robert Gibbs said about Pat Robertson\'s Haiti Remarks'","b'Researchers confirm that the Chinese goverment was behind the attack on Google. ""the government of China has been engaged for months in a massive campaign of industrial espionage against US companies.""' b'Haiti 48 hours later - The Big Picture' b'Political Massacre of 57 people in the Philippines: He shot the victims as soon as they were brought to him. They were on their knees, crying and shouting for mercy. Those killed included 30 reporters and news media workers.  '"
DJIA,2010-01-15,"b""France Calls for Cancellation of Haiti's Debt""","b'Photoshop Disaster [featuring FBI]' b'Australia is safe once again. ""Female Ejaculation Films To Be Banned In Australia"" - Thank you, you fucking fundamentalist christian lunatics that have nothing better to do. That is all. ' b'Hate crime increases in areas with BNP councillors.'"
DJIA,2010-01-19,b'Haiti Struck By Major Earthquake for 2nd Time in 8 Days',"b'We\'ve all seen and heard reports of complaints that Americans were ""not letting the aid in,"" and now I understand why.' b""'The world does not welcome the White Houses Google' -- China has signalled a change of approach to the Google crisis, with state media describing the companys threat to pull out of the country as a political conspiracy by the US government."" b'Air France may bar obese passengers from flights'"
DJIA,2010-01-20,"b""Hamas accepts Israel's right to exist""","b'Out of the utter horror of Haiti, comes a picture of incredible joy - arguably one of the best pictures of all time' b'China has no troops outside its borders; Russia has a small handful in its former territories in Abkhazia, Armenia, South Ossetia and Transdniester. The U.S. has hundreds of thousands of troops stationed in six continents.\n' b""Chavez says US 'weapon' caused Haiti quake"""
DJIA,2010-01-21,"b'Im proud: the Dutch collect over  41 mln for Haiti, government doubles it all, totaling  83,448,252 (Dutch link)'","b'""A TSA worker was staring at her. Then he pulled a small, clear plastic bag from her carry-on. Inside the bag was fine, white powder.""\r\n' b""If this guy doesn't look badass I don't know who does."" b'A BBC Newsnight investigation has found that a so-\r\ncalled ""bomb detector"", thousands of which have \r\nbeen sold to Iraq, cannot possibly work.'"
DJIA,2010-01-22,b'Haiti 360....AMAZING!',"b'Ex-wife lies about child sex abuse during custody battle. Although acquitted, husband loses kids, house and job while fighting allegations and decides to charge her for perjury.  Ex-wife threatens to Kill Bill.' b'Somali Pirates want to send loot confiscated from rich countries to Haiti: ""The humanitarian aid to Haiti can not be controlled by the United States and European countries; they have no moral authority to do so. They are the ones pirating mankind for many years""' b""UK Terror level raised to 'severe': So...is there an election coming up?"""
DJIA,2010-01-25,b'France considers banning the burqa',"b""Turkey's prime minister: Israel Commits War Crimes. Israel Response: You are anti-Semite."" b""Airline passengers have 'no right' to refuse naked \r\nbody scanners"" b""Haiti's head Voodoo priest question Church of Scientology operation"""
DJIA,2010-01-26,"b'Dr. Norman Finkelstein: ""Every single member of my family on both sides were exterminated...I consider nothing more dispicable then to use their suffering and their martyrdom to try to justify the torture, the brutalization, the demolition of homes that Israel daily commits against the Palestinians""'","b'UN report indicates clear evidence of UK role in torture' b""Chavez Writes Off Haiti's Oil Debt to Venezuela"" b'Shoe thrown at Israel chief judge hitting her face'"
DJIA,2010-01-27,"b'Howard Zinn, arguably one of the most important scholars of our time, is dead. '","b""Danish Bank wont invest in Israeli companies who's reportedly been involved in construction of Jewish settlements and the Apartheid Wall in the West Bank."" b""When is a terrorist not a terrorist? When he's a rabbi firebombing a mosque"" b'[Video] Dr Finkelstein responds to crocodile tears of a zionist: ""If you had any heart in you, you would be crying for the Palestinians""'"
DJIA,2010-01-28,"b""We raised $100K for haiti without breaking a sweat. Wikileaks has shutdown due to lack of funds. Let's fix this.""","b'Israel has assassinated a senior Hamas military commander in Dubai' b'11 Iranian Protesters sentenced to Death' b'Bills Gates pledges $10 *billion* to vaccine research, largest donation in history'"
DJIA,2010-01-29,"b'Bloomberg: Maybe A Secret Banking Cabal Does Run The World After All  -- wait, WHAT?'","b'To gasps from the gallery, Blair said we should be \r\nproud of the war ' b""China threatened to impose sanctions on U.S. arms firms and cut cooperation with Washington unless it cancels a $6.4 billion arms sale to Taiwan, in an unprecedented move signaling Beijing's growing global power."" b""Britain's newspapers have expressed shock at Tony Blair's defiant insistence he had no regrets about removing Saddam Hussein, blasting what they saw as the former prime minister's blind self-belief."""
DJIA,2010-02-01,b'Internet uprising overturns Australian censorship law',"b'Scientologists land in Haiti - screw everything up.' b'""FBI and Pakistani police have tortured us."" read a scrap of toilet paper tossed by one of the suspects from the window of the vehicle.' b""Afghanistan, one of the world's poorest countries, is sitting on mineral and petroleum reserves worth an estimated one trillion dollars."""
DJIA,2010-02-02,b'Harvard student expelled from Israel because she had an essay on her computer hard drive that was sympathetic to Palestinians.',b'33 Haitian children returned to their parents after good christians try to kidnap them' b'This deserves nobel peace prize.. it has changed so many lives for the better...$28 Artificial limb..Wow..' b'AC/DC singer attacks Bono and Bob Geldof over charity lectures '
DJIA,2010-02-03,"b'Islamic justice: 16-year-old girl lashed 101 times for conceiving after rape, while the rapist was pardoned'","b'Australian ISP iiNet wins copyright court case against major film and TV studios' b""Dr. Aafia disappeared with her children in 2003 while visiting her parents in Pakistan. CIA listed her as a secret detainee in 2007. In 2008, she was found to be in FBI's custody in Afghanistan. With one child believed to be dead, she has now been found guilty of attempted murder of US soldiers."" b'50% of the Dutch want pot legalized, vs. 25% in favor of prohibition, poll shows (Dutch link)'"
DJIA,2010-02-04,b'Turkish girl buried alive by family in honour killing',"b'Dubai Police warned that if it is proven that Mossad is behind the assassination of Hamas commander, they will seek an international arrest warrant against Israeli PM Netanyahu' b'Israel Stole $2B from Palestinian Workers, Israeli economists have revealed' b'As Generose lay bleeding near her husbands corpse, the soldiers cut up the amputated leg, cooked the pieces...and ordered her children to eat their mothers flesh. One son refused. If you kill me, kill me, he told the soldiers, as his mother remembers it. But I will not eat a part of my mother.'"
DJIA,2010-02-05,"b"" \t\n\nUganda's 'kill gays' friends' bill:  \nAnti-gay law worse than thought - Friends who don't rat out friends face death.""","b'I wonder if the average working Irish citizen is aware that their ambassador is building a 24,000 sqft house in Canada.  ' b'Secret summit of top bankers - ""Representatives from 24 central banks and monetary authorities including the US Federal Reserve and European Central Bank landed in Sydney to meet tomorrow at a secret location ...""' b""Kim Jong-il's regime is even weirder and more despicable than you thought."""
DJIA,2010-02-08,"b'Blair acknowledged that Israel was part of the equation on invading Iraq, and that the Israeli government was being actively consulted in the planning for the war'","b'Students interrupted Israel ambassador\'s lecture at Irving University in LA over 10 times, shouting ""killers"" and ""how many Palestinians did you kill?"" 12 arrested' b""Goldman Sachs helped the Greek government to mask the true extent of its deficit with the help of a derivatives deal that legally circumvented the EU Maastricht deficit rules. At some point the so-called cross currency swaps will mature, and swell the country's already bloated deficit."" b""Shame and Fear - Inside Germany's Catholic Sexual Abuse Scandal.  Close to 100 priests and members of the laity have been suspected of abuse in recent years. After years of suppression, the wall of silence appears to be crumbling."""
DJIA,2010-02-09,b'Al Jazeera has obtained exclusive footage that appears to show Nigerian security forces ordering a number of people to lie in the road and then shooting them at close range. ',"b'Drug-related violence is once again on the rise in Latin America. Former Brazilian President Fernando Henrique Cardoso, 78, told SPIEGEL that the drug war has failed and that it is time to try a new strategy: decriminalization.' b'They knew: The UK government has just lost their Court of Appeal case, and the judges have ruled that they must publish this incriminating information relating to the torture of a UK resident, so here it is (scroll down on page).' b'Austrian millionaire gives away fortune which made him miserable '"
DJIA,2010-02-10,"b""European Parliament has blocked agreement that allows US anti-terror officials to monitor Europeans' bank transactions""","b'Blackwater (now XE) given 7 days to leave Iraq' b'brokep of TPB-fame releases a new project - flattr' b'UK Reveals Intelligence Docs: ""very least cruel, inhuman and degrading treatment by the United States authorities at Gitmo'"
DJIA,2010-02-11,"b'Indians are being urged to hand over a note worth zero rupees when asked for a bribe, in a bid to stamp out corruption among officials.'","b'Saying that body scanners violate Islamic law, Muslim-American groups are supporting a fatwa  a religious ruling  that forbids Muslims from going through the scanners at airports.' b'Iraq asks France to return 895 million U. S. dollars for undelivered jet fighters that Saddam Hussein payed' b""The damage done to Israel's image by allegations of Gaza war crimes in a UN report has ignited a war between the right and left in the Jewish state"""
DJIA,2010-02-12,"b""Men's Olympic Luger Said to be Dead""","b'Biggest offensive since 2001. Number superiority: 15-30 soldiers to 1. Taliban are retreating from their largest and most lucrative stronghold. BIGGEST Afghan battle is expected to take place in the next few weeks.' b'""There are still over one million landmines in Cambodia. At the rate they are going now, it will take 50-100 years to finish. If I could teach villagers to de-mine the way I do. It is fast, easy, and cheap. We could have the whole country de-mined in 3-5 years."" - Aki Ra' b""Norway plans to build the world's most powerful wind turbine"""
DJIA,2010-02-16,"b'Student is arrested for giving South African president\'s motorcade the finger, and for swearing. Minister of Police says ""No individual is permitted to use foul language [or] swear"". What the fuck, now we can\'t swear at public figures?'","b'Hamas military leader assassinated in Dubai by a group of professionals wearing disguises.' b'Dubai assassins stole identities of six UK citizens living in Israel' b'Israel makes life very hard for Palestinians, says ICRC'"
DJIA,2010-02-17,b'Dude arrested for lighting a cigarette on the olympic torch',"b'The community of ultra-Orthodox Jews in Israel is half a million strong and growing. They live in a parallel universe cut off from the modern world in tight-knit communities where everything revolves around religion. Only a few dare to abandon this life -- and the price for doing so is high.' b'Hired and armed by the CIA in the 1960s, the Hmong remain trapped in enemy jungle, forgotten by America and the world' b'What could have been another tragedy at Vancouver has turned into a dream of olympic glory for Slovenian XC skier Petra Majdi. She fell down a unprotected 9 foot drop during warm up, broke 4 ribs and pierced her lung - but then won bronze in agonizing pain.'"
DJIA,2010-02-18,b'Military coup in Niger',"b""Coup Attempt Under Way in Niger, Official Says -- Smoke was seen rising from the presidential palace amid heavy gunfire in Niger's capital, Niamey."" b""Canada's last World War I veteran has passed away"" b'Obama meets Dalai Lama, angering China'"
DJIA,2010-02-19,b'What a surprise...',"b'""The whole idea of communism is dead in North Korea, and its most recent \'Constitution,\' \'ratified\' last April, has dropped all mention of the word... It is based on ... an ideology of the most unapologetic racism and xenophobia.""' b""Selectively applying and breaking the law in Israel, Israelis who throw rocks at Palestinians are protected by the military, Palestinian children who throw rocks at Israelis are arrested under conditions which break Israels 'Youth Law'"" b""BBC News - Dutch government 'collapses' in row over Afghanistan"""
DJIA,2010-02-22,"b""This is why we (the U.S.) can't have nice things.""","b""Exposed: Dark secret of the farm where tigers' bodies are plundered to make 185 wine"" b'New immigration law in Austria requires prospective immigrants to have a basic proficiency in German' b""Latin American and Caribbean nations have backed Argentina's claim of sovereignty to the Falkland Islands in a dispute with Britain over plans to drill for oil off the islands in the Atlantic"""
DJIA,2010-02-23,"b'Italian thugs upload youtube video showing them beating up an autistic kid. Youtube takes video down within hours. 4 google employees charged, 3 found guilty. WTF?!'","b""Spain has approved a sweeping new law that eases restrictions on abortion, declaring the practice a woman's right and doing away with the threat of imprisonment, in part of a drive toward liberal policies that has angered conservatives and the Catholic Church."" b""Rupert Murdoch's media giant News International could face a judicial inquiry after a highly critical parliamentary report today accuses senior executives of concealing the truth about the extent of illegal phone hacking by its journalists"" b""The son of one of Hamas' founders served as a top informant for Israel for more than a decade, providing top-secret intelligence that helped prevent dozens of suicide bombings and other attacks against Israelis"""
DJIA,2010-02-24,"b'The British PoW who broke into Auschwitz  and survived: In 1944, Denis Avey swapped identities with a Jewish prisoner in Auschwitz. Now, at 91, he reveals why he did it'","b'Australian web-filter minister caught censoring his own site.' b'Tel Aviv, Israel introduces Municipal program to prevent Arab boys from dating Jewish girls' b'Royal Bank of Scotland announces 3.6bn of losses. RBS is expected to pay 1.3bn in bonuses to its staff.'"
DJIA,2010-02-25,b'Gaddafi calls for jihad against Switzerland ',"b'Afghanistan, February, 2010 - The Big Picture' b'Born Hamas, turned Shin Bet: How the son of a Hamas founder ended up an Israeli agent.' b""Say goodbye to your $1.4bn fortune... we're having that thanks. """
DJIA,2010-02-26,"b'Earthquake with a magnitude of 8.5 reported near Concepcion, Chile '","b'Hey Canada, we want to say something to you: Stay classy. Except this time we\'re not being sarcastic (sorry about that): ""The Canadian crowd raised a chant of ""U-S-A!"" while the players got their bouquets.""' b'Hawaii - Tsunami Warning has been issued - will arrive @ about 11:19 HST Sat Feb 27, 2010' b'Track Chilean 8.8 Earthquake Tsunami Size in Real Time'"
DJIA,2010-03-01,b'BREAKING NEWS: German Federal Constitutional\nCourt rules against internet and telephone data storage! Fuck yeah!',"b'Massive head of pharaoh unearthed in Egypt' b""Chile's massive earthquake has likely altered the distribution of the Earth's overall mass, scientists from NASA say. As a result, the length of a day is now a little shorter than it was before Saturday's magnitude 8.8 earthquake.\r\n"" b'12-year-old Palestinian Child To Be Prosecuted As An Adult By An Israeli Military Court'"
DJIA,2010-03-02,"b'Investigation reveals the 1985 Live Aid and Band Aid which raised $250 million, had 95% of that money diverted to support Ethiopian rebels and to buy weapons.'","b""Because a number of you have asked about my post-reddit life, here's my first entry as a Kiva Fellow in Armenia"" b'Irish Catholic Bishop Asks Parishioners to Help Cover Costs of Sex Abuse Lawsuits; Parishioners and abuse victims disgusted.  So am I.' b'The night when the lights when out in Chile.'"
DJIA,2010-03-03,b'The silent rebellion begins: 2 women refuse full body scanning at Manchester and give up their flight to retain their right to privacy.',"b""Disturbing story of Falluja's birth defects"" b'Wow... Amazing pics of Colorful India..' b'Chinas Human-flesh search engines - a form of online vigilante justice in which Internet users hunt down and punish people who have attracted their wrath.'"
DJIA,2010-03-04,b'Poland Looks Inward After Film Puts Mall Girl Culture on View',b'Rats that find land mines are saving lives in Africa. This is how they are trained' b'Jewish settlers in East Jerusalem celebrate massacre of 29 Palestinians by Jewish terrorist' b'Two dead as giant waves hit cruise ship...WOW'
DJIA,2010-03-05,"b'London 2012 Olympics -- ""Police will have powers to enter private homes and seize posters""'",b'No to Nynorsk: Norwegian county of Rogaland moving towards doing away with Nynorsk in favour of Bokml in order to strengthen the Norwegian language' b'Iceland rejects Icesave bill in referendum' b'Your daily dose of North Korean insanity'
DJIA,2010-03-08,b'Soldier throws back grenade',"b""(Nigeria) Over five-hundred Christians, mostly women and children, are hacked to death by Muslim raiders with machetes in a night-time attack on their village. The killers yelled 'Allah Akbar,' as they chopped."" b""Germany Is Tired of Paying Europe's Bills"" b""Israel 'approves' 1600 homes in occupied East Jerusalem homes - just as 'peace talks' start, whilst the US vice president is visiting, following on from the 100+ new homes in the occupied West Bank.  No doubt it will again be the fault of the Palestinians the peace process fails?"""
DJIA,2010-03-09,b'Holland proposes giving anyone over 70 the right to die if they have simply had enough and consider their lives complete',"b""Love thy neighbor: Protected by the IDF, settlers destroy natural spring used by Palestinians for farming near Salfit by pouring cement into the spring. I can't for a single moment imagine how it must be to live amongst these vile people."" b'India wants to give women 1/3 of legislative seats.  Vote was 186-1' b'Having been removed in favor of Nazis, members of the Jewish family have been sheltering this winter in a tent on the sidewalk opposite their home of more than five decades.'"
DJIA,2010-03-10,"b""I know it has been said before, but Al Jazeera English is one of the best news outlets out there.  It's a shame most Americans think they're in cahoots with terrorists.""","b""50-year french mystery of the 'cursed bread' solved: CIA spiked the bread with LSD as part of an experiment"" b'A new government commercial currently running on one of Britains most popular radio stations is selling one thing  fear  by encouraging Londoners to report their neighbors as terrorists if they use cash, enjoy their privacy, or even close their curtains.' b'This photos are taken in the mental institution, and you will get to see that most of the people are with some physical disability too. The conditions are terrible and this people dont get the proper medical care.'"
DJIA,2010-03-11,"b'A former Scientologist who says she was a ""child slave"" and alleges she saw a six-year-old boy chained up in a ship\'s hold is disappointed the Senate has blocked a full inquiry into the religious organisation.'","b'Breaking: Second Earthquake Strikes Chile - Magnitude 7.2' b""Does anybody else find it absurd that the US and NATO have been fighting the Taliban since 2001 and still haven't won? "" b'Sweden Recognizes Armenian, Assyrian and Greek Genocide'"
DJIA,2010-03-12,"b'""We must start to accept that 5% of the population at any given time is bonkers. There are no steps to be taken to stamp this out and no lessons to be learnt when a man with a beard boards a plane with an exploding dog.""'","b'A great NBC piece aired during the Olympics on what happened on September 11th when 39 transatlantic flights were redirected to the small town of Gander, Newfoundland in Canada. [Vid]' b'On the Spot with Kim Jong-il - The Big Picture' b'Eleven Siberian Tigers starve to death at Chinese Zoo'"
DJIA,2010-03-15,b'Australia gets rid of the death penalty for good',b'China to connect its High Speed Rail all the way to Europe.' b'Study finds 55 percent of newspaper stories are placed' b'US backs down as per usual in row with Israel.'
DJIA,2010-03-16,"b'Spanish music rights organization SGAE brings link site to court. Outcome: ""if an individual uses P2P networks like eDonkey or BitTorrent to obtain copyright material for non-profit reasons, the act is completely legal"". Whoops!'","b'Pepsi to pull drinks from schools worldwide' b'The New York Times again refers to settlements as ""suburbs"" and ""neighborhoods,"" omitting the fact that they are illegal under the Geneva Convention, as ruled upon by the World Court. Orwell was right, the biggest lie of all is omission.' b'Israel virtually destroyed a school in Gaza and now they refuse to allow it to be repaired. I guess Israels policy is to deny Palestinians education then mock them for being uneducated.'"
DJIA,2010-03-17,"b'UK - The Lib Dems would restore people\'s right to privacy which has been ""trampled"" on by the government, party leader Nick Clegg is to say.'","b'In Thailand, a populist political party wins by a landslide . As PM, the partys leader enacts policies that halve poverty. The established elites fight back, eventually staging a military coop. We had to stop democracy to save democracy, they say. ' b'A 29-year-old tourist from the Philippines has spent five days in custody after Australian Customs officials mistook iced tea for drugs.' b'Should flight attendants be allowed to refuse to fly with a pilot they believe to be suicidally depressed?'"
DJIA,2010-03-18,b'Atlantic Bluefin tuna ban collapses at UN after Canada teamed up with Japan to prevent fishing ban as the only way to save the critically endangered species from extinction. WTF?!!',"b'All 33 children taken from Haiti, ranging in age from 4 months to 12 years, turn out to have parents and have been reunited. ' b""New Zealand rejects indoor 'cubical farming' for cows as unnatural. New Zealand milk and meat will still be the best in the world - naturally grass fed"" b""Dutch fury at US general's gay theory over Srebrenica """
DJIA,2010-03-19,b'The Catholic church and paedophilia: The pope should say plainly and loudly that sexual abuse of children is not just sinful. It is criminal',"b'Dear BBC, please stop putting 30 second adverts before 10 second videos' b""Homosexuality and the Srebrenica Massacre: Dutch Leader Calls US General's Gay Remarks 'Disgraceful"" b'Tony Blair waged an extraordinary two-year battle to keep secret a lucrative deal with a multinational oil giant which has extensive interests in Iraq. The secret is now out.'"
DJIA,2010-03-22,"b""Israels latest FU to US - We'll do what we want with East Jerusalem, it's not up for negotiation.""","b'Australia: ""nearly 55% of stories analysed were driven by some form of public relations. Many journalists and editors were defensive when the phone call came. Most refused to respond, others who initially granted an interview then asked for their comments to be withdrawn out of fear.""' b'Air pollution levels in Hong Kong have reached a record high, prompting government warnings to people to avoid going out.' b'Every year, more people die from unsafe water than from all forms of violence, including war\n'"
DJIA,2010-03-23,"b""CNN Wikileaks iReport: Reddit, PLEASE view and comment on this story so it can get vetted and put on the CNN website. We really need to raise awareness of what's happening to Wikileaks. Thank you and please upvote this. I'm not a karmawhore, this is just a throwaway.""","b'Israels No renting to Arabs policy: Since the Jewish couple offered to rent their home to Arab friends, their life has been a living hell.' b'At least a full version of the ACTA has leaked. Not the definitive version, but enough to see what the future may become.' b'Thousands of Canadians protest Ann Coulter after she told a Muslim to ""take a camel"" (instead of a flying carpet, of course) '"
DJIA,2010-03-24,"b'Pope Benedict XVI  failed to defrock an American priest who molested hundreds of deaf boys, despite receiving letters from a number of American bishops pleading with him to act'","b""Sinead O'Connor: 'There should be a full criminal investigation of the pope'"" b""North Koreans who fled to China describe acute shortages and anger after a disastrous currency devaluation. As an ailing Kim tries to secure his son's ascension, some people are beginning to speak out."" b' Victims of sexual abuse by priests demonstrated at the Vatican on Thursday demanding that Pope Benedict open up files on pedophile Catholic clerics worldwide and immediately defrock all ""predator priests.""'"
DJIA,2010-03-25,"b'Blair Strikes Oil in Iraq. ""In the 3 years since he stepped down as prime minister, Blair pocketed more than $30 million in oil revenues from secret dealings with a South Korean oil consortium, UI Energy Corporation. Despite his best efforts to keep his connection to UI secret, word is spreading...""'","b'WIKILEAKS(PDF) CIA ""public apathy enables leaders to ignore voters"" Cia details how to get war support.' b""Not exactly the bitch slap Israel needs from the US, but it's a start."" b'Fidel Castro: ""Truly unusual that 234 years after the Declaration of Independence in 1776, that the U.S. government has passed [a law for] medical attention for the vast majority of its citizens, something that Cuba achieved for its entire population half a century ago""'"
DJIA,2010-03-26,"b'S.Korean naval ship sinking with 100 on board, North Korean torpedo attack suspected!'","b""Christopher Hitchens: Catholic Church Wants 'Wiggle Room' For Rape And Torture Of Children"" b'How Saudis really see Americans: If you believe a new Burger King ad, Americans are clueless about the Mideast.' b""Israel remains defiant amid allies' growing anger"""
DJIA,2010-03-29,b'Large explosion in Moscow Subway.',"b'Morally bankrupt and no longer even trying: When you read about the complete collapse of the Atlantic bluefin tuna population and its eventual extinction in a few years from now, remember that it was Canada (aside from Japan), that was responsible' b'I wish Redditors would bear this in mind when submitting news links about the UK...' b'Did you know that for the last three years until today Israel has been completely blocking all shipments of clothes and shoes to the Gaza Strip?  Was this really necessary?'"
DJIA,2010-03-30,"b'British Redditors, we have 7 days left before the Digital Economy Bill is rushed through Parliament without debate.'","b'""If you come to France  and something happens to you, you won\'t be asked for your credit card before you\'re rushed to the hospital."" Sarkozy pokes fun at the U.S. Healthcare debate.' b""Corrie was killed by an Israeli bulldozer while trying to protect Palestinian homes. Her family has been met with hostility while pursuing a civil suit after calling the investigation a 'whitewash.'"" b'CIA:  Iran capable of producing nukes\nUSA:  Washington Times and CIA are capable of producing lies'"
DJIA,2010-03-31,b'Fox News Ripping Content Straight from the Depths of Reddit',"b""South African musicians not featured in World Cup opening concert controlled by Fifa; threaten to have a free concert. One concert name proposed: 'Fuck Fifa'."" b'More suicide bombings in Russia.  ' b""First they lose their parents; then they're placed inside a catholic orphanage; then the German bishop Walter Mixa decides to punish them."""
DJIA,2010-04-01,"b""Israeli journalist held secretly under house arrest for months, Israel's Shin Bet intelligence service has banned news media from mentioning the case or identifying the reporter--LET'S EXPOSE THIS""",b'Unbelievable ... Catholic League head Says Abuse not pedophilia because boys were post-pubescent ' b'Palestinian children are so dehumanized they no longer have a will to live. ' b'Vatican: Pope has immunity in sex abuse trials '
DJIA,2010-04-05,b'Wikileaks has released the announced video showing the deaths of Iraqi civilians and two Reuters journalists.',b'6.9 Earthquake just hit in Mexico' b'WikiLeaks is planning to release video of an Afghan massacre and the subsequent cover-up this morning at 9:00 AM at the National Press Club. Will they make it?' b'Collateral Murder - Wikileaks video showing cover-up of murder of civilians and journalists through US forces in Iraq'
DJIA,2010-04-06,"b""Shouldn't we be more outraged about how we were lied to, and about how Wikileaks was almost silenced before they published this video?""","b'MSNBC Blocking Searches for ""Wikileaks""' b'Wikileaks founder on MSNBC: We have more tapes, including killing of 97 civilians in Afghanistan, will release soon' b""Hi Reddit, I don't know how to get upvoted, but I leave you a few pictures of the 7.2 earthquake in my hometown city of Mexicali, Baja California"""
DJIA,2010-04-07,"b""Kyrgyz Protests against high gas prices and overall government corruption, I'm in Bishkek now...just ran home to escape gun fire...""","b'7.8 earthquake hits Indonesia - Tsunami warnings issued' b""Military says they can't find its copy of the video of journalists getting killed: yet another reason why we all need wikileaks"" b""Thrill of the chaste: The truth about Gandhi's sex life"""
DJIA,2010-04-08,b'Crisis in Kyrgyzstan [pics]',"b""189 to 47. Your MPs didn't give a shit. Digital Economy Bill passed."" b'Six men arrested in Israel for organ traffic: IDF brigadier-general among them' b'Excellent overview of the Digital Economy Bill, and what it means for UK citizens. TL;DR: Yep, still fucked.'"
DJIA,2010-04-09,"b""I don't know about you, but I can't trust Reddit to be my aggregator of political/world news.""","b'Iraq War Vet: ""We Were Told to Just Shoot People, and the Officers Would Take Care of Us""' b""The 'Full Version' of The Wikileaks Video Is Missing 30 Minutes of Footage"" b'bottled water - its a racket'"
DJIA,2010-04-12,"b'The story BCG offered me $16,000 not to tell : With a diligent enough effort, one can morally justify nearly anything.'","b'Dawkins comments on Times article: ""I did NOT say \'I will arrest Pope Benedict XVI"" or anything so personally grandiloquent ... The Sunday Times is a Murdoch newspaper\'.' b'The Vatican finally decides that ""bishops and other high-ranking clerics should report such crimes to police"" , but only if required by law. The remains of anything humane has finally bled out of the Vatican.' b'The man behind Wikileaks: We have had to spread assets, encrypt everything, and move telecommunications and people around the world to activate protective laws in different national jurisdictions'"
DJIA,2010-04-13,b'Immersion in propaganda: how North Koreans see themselves',"b'Israel Celebrates Holocaust Irony Week -- A Day after Israel stops to remember the holocaust, they implement a law that allows Israel to deport 10s of thousands of Palestinians for not showing their ""papers"", something even Palestinians who were born in the west bank do not have.' b'US Military warns of impending oil shortages.  How many of you are aware that your way of life is soon going to change dramatically and permanently?' b'WikiLeaks plans to post video showing US massacre of Afghani civilians'"
DJIA,2010-04-14,b'Australia is Piiiiiiiissed - Arrests Crew Members of Chinese Coal Ship that trashed the Great Barrier Reef',"b'My friend, Aamir, 17, was murdered in Cardiff on Sunday. [news link]' b""Scientists say they have found clear proof that meat from whales captured under Japan's whaling programme is being sold in US and Korean eateries."" b""Anti-rape condom ready for SA World Cup - The Rape-aXe, as it is called, is a condom women can insert themselves. The interior has tiny spines which, in case of rape, attach to the man's penis."""
DJIA,2010-04-15,"b'After finding two groups of males the force  executed all of them using silenced weapons.  Unfortunately, it appears that the Special Ops team had not entered the sleeping quarters of an IED cell, but the dormitory of a private school for boys.\n'","b'All London flights grounded as volcanic ash from Iceland closes UK airports' b""Zionists groups have banned Justice Richard Goldstone from his own grandson's bar mitzvah as punishment for his role in the UN fact finding mission that found evidence of Israeli and Hamas war crimes."" b'From a Veteran to the Freedom Fighter Who Shot Me'"
DJIA,2010-04-16,"b""Iceland's disruptive volcano - The Big Picture""","b'Ultimate infographic about the volcano - it has maps, stats, jet engine schematics, volcano cross-section, mount everest, ozone layer, ...' b'Netanyahu\'s nephew: ""Israel is collectively punishing more than 1.5 million Palestinians by sealing them off in the largest open-air prison on earth.""' b'""We have a small problem. All four engines have stopped""-true British stiff upper lip'"
DJIA,2010-04-19,b'Irish Government in secret talks about internet censorship',"b""Nick Clegg's rise could lock Rupert Murdoch and the media elite out of UK politics "" b'Millions stolen from Iraq rebuilding: Special task force is analyzing every transaction and person connected to Iraq reconstruction funding in order to hold people accountable' b' two girls living in Northern Ireland have been made the subject of a court order to stop them being forced into marriage in Pakistan'"
DJIA,2010-04-20,b'Burials in Tibet. NOT FOR SENSITIVE SOULS! [pics]',"b""Now we know the truth. The financial meltdown wasn't a mistake  it was a con"" b'Google now publicly displaying government requests to remove data from their sites.' b'Iraqi secret prison revealed, a torture and holding cell for minority Sunni leadership.'"
DJIA,2010-04-21,"b'Explicit mention of religion is seen as ""un-British"", a bit ""American"" and a ""turn-off"" to the electorate.'","b'Yesterday, Israel delivered demolition warrants to Palestinians in Halhul village in the West Bank, informing that their homes and water reservoir will be destroyed.' b""Argentina's former military President has been sentenced to 25 years for human rights abuses: Guilty of involvement in 56 cases of murder, torture and kidnappings"" b'Experts Warn of Impending Phosphorus Crisis'"
DJIA,2010-04-22,b'1 canadian dollar &gt; 1 US dollar',"b'UK Election: Todays front pages. Are these newspapers or attack ads?' b""South Korea's military believes a torpedo fired from a North Korean submarine sank its navy ship last month, based on intelligence gathered jointly with the United States, a news report said on Thursday."" b'Top Gear Takes Blame for Volcano Eruption in Iceland '"
DJIA,2010-04-23,"b'A Saudi law firm claiming to represent 94,000 descendants of the ""prophet"" Mohammed sues Danish newspapers. Now a new group countersues on behalf of all the non-Muslims whom Mohammed defamed and insulted in the Koran, demanding offending passages be changed or removed.'","b""Murdoch's newspaper The Sun has been found to be discarding political poll results it has commissioned if they don't say what it wants"" b'Rupert Murdoch\'s son James storms Independent newsroom, furious about declaration ""Rupert Murdoch wont decide this election  you will""' b""'Sun' censored poll that showed support for Lib Dems """
DJIA,2010-04-26,"b'European push to ban burqas appalls Afghan women. ""What is the difference between forcing women to wear a burqa and forcing them not to? It is discrimination.""'","b'China To Force Sterilize 10,000 To Curb Births' b'Church scandals next wave: Abused girls' b'A cruise missile in a shipping container - on sale for 10m'"
DJIA,2010-04-27,b'Flight traffic in Europe',b'The party is over in Iran' b'Chinese Tycoon Donates a Billion Dollars to Charity ' b'Israeli man jailed for 10 years for tricking women into sexual acts by claiming his semen was holy and had healing powers.'
DJIA,2010-04-28,b'Not Even in South Park? ',"b'WTF CNN? Compare CNN to *real* world news with this new mashup.' b'Israel transferring people from West Bank to Gaza, splitting families and disregarding international law' b""Amateur model known as 'Katya' revealed as Russian honeytrap bait"""
DJIA,2010-04-29,b'China has lost a 2000 Olympics bronze medal because the gymnast was proven to have been underage.',"b'Women flock to Senegal for sex' b""When Palestinians violently react to Israels criminal behavior they're murdered by Israel, when they peacefully react they're murdered by Israel but with much less coverage"" b'To people bitching about CNN, it sucks, so just stop watching it and checking their site.'"
DJIA,2010-04-30,"b""Belgium's lower house of parliament has voted for a law that would ban women from wearing the full Islamic face veil in public. No-one voted against it""","b'US threatens Israel with not protecting it with UN veto if settlements building goes ahead' b'The White Womans Burden | Disarmingly candid account of what it\'s like to be a white woman, married to an Indian, in India. ""My husband is neither loudspoken, nor imposing. As a result, he often gets mistaken as my guide""' b'Rescuing girls from sex slavery '"
DJIA,2010-05-03,b'Christian preacher arrested for saying homosexuality is a sin',"b'Israeli documents detailing the collective punishment over Gazans revealed: Large range of goods currently forbidden to enter Gaza are jam, chocolate, wood for furniture, fruit juice, textiles, and plastic toys' b'Iran offers help in fighting Gulf of Mexico oil leak' b'Kim Jong-il is in China trying to negotiate desperately needed food aid.'"
DJIA,2010-05-04,"b""When the Soviets had leaking oil wells they couldn't seal, they nuked them""",b'Iran offers to help contain US oil spill' b'Europe to Lift Airplane Liquids Ban in 2013' b'Woman becomes first in Italy to be fined 430 for wearing burqa'
DJIA,2010-05-05,"b""Greeks Struggle with Sick-Man Status - They've emptied their bank accounts, abandoned vacations and started taking the bus. Now, they fear for their jobs: The Greeks bemoan the difficult crisis that has taken over their country. Above all, they feel humiliated by Germany.""",b'At least three people have been killed in the Greek capital as protesters set fire to a bank during a general strike over planned austerity measures.' b'This was news to me: apparently Nick Clegg speaks Dutch fluenty - Arjen van der Horst interviews Nick Clegg in Dutch [video]' b'Three dead in Greek riots.'
DJIA,2010-05-06,b'How China and India Sabotaged the UN Climate Summit - Secret recordings obtained by SPIEGEL reveal how China and India prevented an agreement on tackling climate change at the crucial meeting. The powerless Europeans were forced to look on as the agreement failed.',"b'Russian special forces storm oil tanker, free ship' b'A Russian MP has asked President Dmitry Medvedev to investigate claims by a regional president that he has met aliens on board a spaceship' b'Icelandic bank former CEO arrested - is this only the beginning?'"
DJIA,2010-05-07,"b'No wonder the Greeks are FURIOUS. You\'d be mad, too, if your ""austerity"" had to pay for the gambling losses of rich bank... Hey, wait a sec...'","b'Thought you should know... 3,235,000 gallons of oil have spilled into the Gulf of Mexico so far.' b'Medvedev denounces Stalin for mass crimes against the Russian people - President Medvedev has issued a stinging repudiation of the Soviet Union, condemning it as a totalitarian state that had deprived Russians of their basic rights.' b'Iran President Mahmoud Ahmadinejad: Osama Bin Laden Is in Washington, D.C.'"
DJIA,2010-05-10,"b""China clears murderer after 'victim' shows up alive -- 10 years later. Apparently torturing for 'confessions' with chilli water and fireworks doesn't always work.""","b""Briton jailed for kiss in Dubai condemns Emirate's 'hypocrisy'"" b'In Belgium, there are no national political parties, no national newspaper, no national TV channel, no common school curriculum or higher education, and no national football team. There is, however, the national debt, running at 80% of GDP.' b""After an election that left no party with a clear majority, the final decision over who becomes Britain's next prime minister could lie in the hands of one woman who never votes: The queen."""
DJIA,2010-05-11,"b""BBC News - Gordon Brown 'stepping down as Labour leader'""",b' New Zealand women are regularly getting drunk and cruising around in packs looking for men to have sex with.' b'Kosovo Albanian mass grave found under car park in Serbia' b'Gordon Brown Resigns As Prime Minister and Labour Leader With Immediate Effect '
DJIA,2010-05-12,b'Disaster unfolds slowly in the Gulf of Mexico [pics]',"b'Police force their way into home and handcuff a 63 year old man for having a poster saying ""David Cameron--Wanker"" in his window' b'Man who gambled on his life dies' b'North Korea reports nuclear fusion success'"
DJIA,2010-05-13,"b""The British Home Office denies Iranian LGBT rights activist and documentarian Kiana Firouz's request for asylum. If deported, she faces 300 lashes and public hanging for unrepentant homosexuality. MAKE SOME NOISE.""","b'Swedish artist Vilks: ""I\'m ready to go up again. This must be carried through. You cannot allow it to be stopped."" - As a matter of principle, Uppsala University should give him the opportunity to finish his lecture, otherwise ""what you get is a mob deciding what can be discussed at the university.""' b'Hugo Chavez: ""I\'m afraid to inform you that gas platform Aban Pearl sank a few moments ago. The good news is that 95 workers are safe""' b'SPAIN seeks arrest of 13 CIA agents.'"
DJIA,2010-05-14,b'Kabul rises again [pics]',"b""Israeli settler 'kills Palestinian teenager' with a bullet in his back"" b'Can suicide bombers be funny?' b'Thai troops fire on redshirts as crisis escalates. One protester shot dead as thousands join Bangkok standoff, Photographer and journalist also shot in night of violence'"
DJIA,2010-05-17,"b'Chomsky said the interrogators had told him he had written things that the Israeli government did not like. ""I suggested they find any government in the world that likes anything I say,"" he said.'","b'Hamas destroys dozens of homes in southern Gaza... wait, what?\n      \n    \n\t- Arab News' b'Protests turn deadly in Thailand [pics]' b'""It\'s the greatest bank robbery in world history, and the BANKS ARE DOING THE ROBBING!""'"
DJIA,2010-05-18,b'Elvis Costello and Santana cancel show in Israel supporting an academic and cultural boycott to protest its occupation of Palestinian territory',"b'Saudi woman beats up virtue cop - According to the Saudi daily Okaz, a woman allegedly laid into the religious policeman, punching him repeatedly, and leaving him to be taken to the hospital with bruises across his body and face.' b'South Korea will formally blame North Korea on Thursday for launching a torpedo at one of its warships ' b'Portugal legalizes same-sex marriage'"
DJIA,2010-05-19,b'Crackdown in Bangkok [pics]',"b""Scientology president's daughter slams 'toxic' church, describes lonely childhood of forced separation from parents"" b'Top Italian policemen get up to five years for violent attack on G8 protesters ' b'""How can I disturb social order? What happens in my house is a private matter.""  -- Swingers on trial in China. '"
DJIA,2010-05-20,"b'Five paintings by Picasso, Matisse and other great artists have been stolen from the Museum of Modern Art in Paris.'","b'Canada to introduce the most draconian copyright bill ever written next week.' b'North Korea Threatening War if Punished for Sinking South Korean Ship' b""Oh Australia, what will you do next? Australian customs officials now require you to declare any pornography you are carrying, even if it's legal."""
DJIA,2010-05-21,"b'South African newspaper, Mail &amp; Guardian, challenged in court over intention to publish Muhammad cartoon by veteren satirist Zapiro; M &amp; G win, and the cartoon is on newstands today.'","b'Palestinians make surprisingly large land offer to Israel: Giving up twice the West Bank territory' b'Australian Scientology president\'s daughter slams ""toxic"" church' b""S. Korea Says North Will 'Pay' For Ship Sinking"""
DJIA,2010-05-24,b'Israel offered to sell nuclear warheads to the apartheid regime',"b""Ireland's largest ISP begins disconnecting users who are accused of piracy"" b'Twenty masked gunmen in Gaza attack and burn to the ground a summer camp for children run by UNRWA for ""teaching schoolgirls fitness, dancing, and immorality.""' b'How the South Korean ship, the Cheonan, was sunk'"
DJIA,2010-05-25,"b'Kenyan Judges rule that Islamic Courts in Kenya \r\nare discriminatory, unconstitutional, and illegal.'","b""Journalism and 'the words of power'... how we are spoon fed thoughts and opinions without realising it"" b'Australia expels an Israeli diplomat after a probe \r\nreveals Israel was behind the forging of four \r\nAustralian passports linked to the murder of a \r\nHamas operative in Dubai. What?!' b'Two gay rights activists arrested in Zimbabwe for hanging a letter from San Francisco mayor Willie Lewis Brown on their own office wall. The letter praised their organisation and criticised Mugabe\'s stance on gay rights. The charge is ""undermining the authority of the president"".'"
DJIA,2010-05-26,b'North Korea Severs All Ties with South Korea',"b'Charges dropped against former Attorney General who struck and dragged a cyclist, killing him.' b'Catholic Church admits to 100 cases of sex abuse by priests in 10 yrs for Italy' b'I was just watching the live feed from the spill site and it looked like something collapsed.'"
DJIA,2010-05-27,b'Deal signed today: Norway has announced $1bn in aid to protect forests in Indonesia.',"b'""Israel committed war crimes in Gaza"" says a 430-page Amnesty annual report, that also accuses Hamas' b'UK to abolish national identity cards' b""Colombia set to elect the world's first Green head of state"""
DJIA,2010-05-28,"b'China ""will not protect"" whoever sank a South Korean warship'","b""If, as the Japanese claim, they are hunting whales for scientific purposes why is Peter Bethune being charged for 'obstructing business'?"" b'""Dont you just wish you lived in Gaza? Dont you just envy those people who get to raise their kids amid such abundance? Look at all the stuff theyve got"" - ""SO WHO are these goddamn Jew-haters and their boats""' b'The Israeli Navy also sets off to confront the \r\ninternational flotilla carrying 10,000 tons of \r\nhumanitarian aid as hundreds of people on board \r\nattempt to break the Israeli blockade of the Gaza \r\nStrip.'"
DJIA,2010-06-01,"b""While everyone gets caught up in the details of the IDF-Turkish flotilla incident, here's a good perspective on the bigger picture and strategic implications. Produced by Stratfor, a global intelligence company.""","b'UN Security Council condemns acts in international waters, requests release of ships and civilians, full investigation ""conforming to international standards"", and unimpeded distribution of humanitarian assistance in Gaza.' b'Activists Send New Boat to Challenge Gaza Blockade as Egypt Lifts Its Side of the Blockade to ""alleviate the suffering of our Palestinian brothers after the Israeli attack on the flotilla""' b'It is a fact that it is ordinary people, activists, call them what you will, who now take decisions to change events. Our politicians are too spineless, too cowardly, to take decisions to save lives'"
DJIA,2010-06-02,"b'Ireland to Israel: ""If any harm comes to any of our citizens, it will have the most serious consequences.'","b'Member of the Israeli parliament who was on board the international flotilla corroborate the videotape showing that Israeli forces were firing  before they boarded: They wanted many deaths to terrorise us""' b""The United States has blocked demands at the UN security council for an international inquiry into Israel's assault on the Turkish ship carrying aid to Gaza that left nine pro-Palestinian activists dead"" b'BBC News - Gunman kills several in west Cumbria, UK'"
DJIA,2010-06-03,b'Israel must lift Gaza blockade immediately: UN chief',"b'Israel is caught in a vicious circle. The more its hawks think the outside world will always hate it, the more it tends to shoot opponents first and ask questions later, and the more it finds that the world is indeed full of enemies.' b'A test-run of issuing free heroin to addicts in Copenhagen appears to be successful, with initial results showing reduced crime and prostitution and improved health and life quality for those taking part in the project.' b'Gaza flotilla: yes, Downing Street HAS dropped Israel '"
DJIA,2010-06-04,"b""History repeating -- In 1947, a ship full of Jewish refugees tries to break Britain's blockade on Palestine. The Brits boarded and killed 3, wounding others. It was a PR disaster for Britain and paved the way for the founding of modern Israel.""","b""Meanwhile, away from Israel: 300,000 and counting have been killed in Darfur and it's not slowing."" b'Autopsies released for 9 activists who were killed by Israeli commandos, 5 died from head shot wounds, one shot at extremely close range. ' b'NYT: Reporters Dispute Israeli Account of Raid; activist ""shot from above""; tried to protect the video footage and photos, but all the materials of the press members were taken away'"
DJIA,2010-06-07,"b'After over two decades in Indian courts, the Bhopal disaster chemical executives have been found guilty'","b""Israeli students plan counter-flotilla\nFlotilla organized to aid Turkey's oppressed Kurds, Armenians; to show up world's hypocrisy "" b'Egypt to strip men married to Israeli women (of Jewish descent) of their citizenship.  Children of such marriages will also no longer be citizens.' b'""Israel get the hell of Palestine. This people are occupied. Is their land. Go back to Poland, Germany, USA, wherever"" (yeah included Israel) - Helen Thomas'"
DJIA,2010-06-08,"b'Reuters under fire for removing weapons, blood from images of Gaza flotilla - Haaretz '",b'Museum stops exhibition about homosexuality in religion - The museum of World Cultures in Gothenburg cancels a planned exhibition about homosexuality in religion in order to avoid disturbing religious groups.' b'China claims North Korean Border Guards kill three people on the Chinese side of the border.' b'Bilderberg 2010: Help us identify the delegates '
DJIA,2010-06-09,b'Striking Infographic: Tallest Mountains to Deepest Trench (Gives good sense of Deepwater Horizon drilling depth)',"b'Tony Blair: \'I am 100% on Israel\'s side\' - ""There are no questions at all. There have been rockets fired from Gaza, there are people in Gaza who want to kill innocent Israelis,"" Blair said. ""When it comes to security, I am 100% on Israel\'s side.""' b'Iran begins Mass Executions in Advance of One-Year Anniversary of Iranian Uprising ' b'Over 100,000 unexploded WWII bombs are believed to litter Germany. Just last week, three specialists died while trying to diffuse one. '"
DJIA,2010-06-10,"b""The Supremo in His Labyrinth - A horrifying first-hand account of Kim Jong Il's private life, from a former bodyguard""","b'Amnesty International links the US to a deadly air raid in Yemen that killed dozens of civilians, with photo evidence.' b'Dutch offered US ships to help skim oil 3 days after the spill. US was not interested' b'Israeli Blockade Isn\'t About Security | \r\nIsraeli government documents describe the blockade not as a security measure but as ""economic warfare"" against the Islamist group Hamas, which rules the Palestinian territory. '"
DJIA,2010-06-11,b'Abby Sutherland FOUND alive and well. 16 year old sailor found.',"b'Video shows the border patrol agent shot the teenager 3 times in Mexico territory....' b'A moving article on the daily lives of North Koreans.  NYTimes' b'""Simply put: There was no Twitter Revolution inside Iran.""'"
DJIA,2010-06-14,b'Red Cross says what no one dares: Gaza blockade is illegal',"b'Iceland passes gay marriage law in unanimous vote' b'Afghan mineral deposits story is propaganda' b'""In nearly 50 years Don Ritchie, 84, has saved at least 160 people at The Gap, a rocky cliff at the entrance to Sydney Harbour""'"
DJIA,2010-06-15,b'Breaking news: All serious crimes in the UK have been solved.',"b'Absolutely heartbreaking. These kids in villages across Nigeria are beaten, tortured, burned, starved, and murdered because some idiot religious figure deemed them witches ' b'Awareness Of Outside World Growing In North Korea' b'Irish to expel Israeli diplomat over Hamas killing'"
DJIA,2010-06-16,b'Australia soon to become the first Western democracy to join Iran and China where Internet access is restricted by the state',"b""Two 19 year olds were beaten with iron rods and then electrocuted to death by their own families as they belonged to different sub-castes and had 'planned' to elope"" b'WikiLeaks Founder Has Garani Massacre Video, \r\nAccording to New Email - The Daily Beast' b'Iceland passes ""Wikileaks law"". What will that mean for journalists?'"
DJIA,2010-06-17,"b'First Australia wanted the ISP Filter, then ISP data retention on net activity... now they want to link it all to our PASSPORTS!!!'","b'1 buys 1000 litres of tap water. Or one bottle.' b""Afghanistan Through Teenagers's Eyes- What happens when you give cameras to a group of Kabul teens."" b'Manhunt for Wikileaks Founder, and Alleged Leaker of Video Showing Iraq Killings Held for 2 Weeks Without Charge'"
DJIA,2010-06-18,b'What BP is doing to America is pretty much what American companies have done and are doing to the rest of the world',"b'Haitian Farmers Commit to Burning Monsanto Hybrid Seeds:  The entry of Monsanto seeds into Haiti is ""a very strong attack on small agriculture, on farmers, on biodiversity, on Creole seeds ... and on what is left our environment in Haiti.""\nTues' b""One of the largest protests in Jerusalem's history: White jews protesting the fact that they have to spend time in class with black jews. "" b""The Ecuadorian rainforest disaster is still considered the world's largest oil-related catastrophe. Chevron dumped more than 18.5 billion gallons of toxic waste  about 4 million gallons per day for more than two decades - and the world paid almost no attention"""
DJIA,2010-06-21,"b""Israel announces plan to demolish 22 Palestinian Arab homes in East Jerusalem.  Palestinian homeowners ask why their alternative proposal that doesn't require their homes being razed wasn't discussed.""","b""7 million people are starving in Niger; all they're asking for is 10 million dollars"" b'""Hellish heatwave"" in Pakistan sets hottest temperature in Asia\'s history, 53.5C (128.3F); in India, hundreds die, death toll expected to rise as record temperatures soar up to 122F' b'The final inquiry report on the death of Robert Dziekanski has concluded the RCMP were not justified in using a Taser against the Polish immigrant and that the officers later deliberately misrepresented their actions to investigators.'"
DJIA,2010-06-22,b'Arrest of an alleged Mossad agent in Warsaw could adversely affect German-Israeli relations. Berlin Officials say the Mossad went too far in obtaining a German passport for alleged use in the murder of a Hamas official - especially as they apparently used a fake story of Nazi persecution to get it.',"b""Postcards from Hell: The world's most failed states"" b'North Korean players may face ""re-education"" on their return home, exiles suggest ' b'Israel\'s \'Prisoner X\': ""He is simply a person without a name and without an identity who has been placed in total and utter isolation from the outside world""'"
DJIA,2010-06-23,b'As Jews we should stand as a beacon for human rights not as an internationally known perpetrator of atrocities.',"b""Hamas: We won't let Red Cross visit Shalit  "" b'Canadian Heritage Minister Calls Opponents of Canadian DMCA ""Radical Extremists""' b""World's rich got richer amid '09 recession"""
DJIA,2010-06-24,b'First female Prime Minister of Australia',"b'Cash-strapped North Korea has demanded the United States pay almost $US65 trillion ($75 trillion) in compensation for six decades of hostility.\n\nLMAO...' b'How Canadian Heritage Minister Lied About Calling DMCA Critics ""Radical Extremists""' b'Early Britons, 16,000 years ago, were cannibals, using sophisticated butchering techniques to strip flesh from the bones of men, women and children '"
DJIA,2010-06-25,b'A top German court has ruled that it is not a criminal offence to cut off the life support of a dying person if that person has given their consent. ',"b'New Papua tribe discovered - ""Their houses are in trees, their life is stone age""' b""Israel's Mistake: German Minister Denied Entry To Gaza Strip (spiegel commentary)"" b'BP sends Fake Journalists to Gulf'"
DJIA,2010-06-28,b'Blackwater in a secretive deal tried to arm and train Christian armies in Southern Sudan and receive half of its mineral wealth in violation of U.S sanctions.',"b'More than $3 billion in cash has been openly flown out of Kabul International Airport in the past three years. U.S. investigators believe top Afghan officials and their associates are sending billions of diverted U.S. aid and logistics dollars and drug money to financial safe havens abroad.' b'An experimental sonic weapon has been approved for limited use against crowds in Toronto.' b""May Toronto's G20 be the last - It's not just the $1bn policing; the failure to tackle the financial crisis or climate change exposes a forum without credibility"""
DJIA,2010-06-29,"b'Iceland legalizes gay marriage, allowing the prime minister to finally marry her partner '","b'Mexican Candidate for Governor Is Assassinated' b'The Bishop of Bayeux went to jail rather than give \r\nauthorities information about a priest who had \r\nraped a minor. ""I congratulate you for not turning \r\nin a priest to the civil administration...I am \r\ndelighted to have a colleague...who...has \r\npreferred prison to turning in his son-priest.""' b'BP in the Persian Gulf: How an Oil Company Helped Destroy Democracy in Iran'"
DJIA,2010-06-30,"b""South Korea's parliament votes to legalize chemical castration as punishment for convicted child sex offenders""","b'Pope rebukes cardinal who exposed abuse: \nPublic dressing down for man praised for criticism of church abuse cover-ups.' b'This depression is similar to the Great Panic of 1873; The US and Europe are heading towards deflation, tens of millions will never work again. ""It is the victory of an orthodoxy [..] whose main tenet is that imposing suffering on other people is how you show leadership in tough times.""' b'The Niger Delta has experienced oil spills on par with the Exxon Valdez disaster every year for the past half-century, according to one report. But it has never received the attention being paid to the U.S. Gulf Coast'"
DJIA,2010-07-01,"UK government launches ""Your Freedom"" - seeks public's opinion on which laws should be repealed (Digital Economy Bill seems to have quite a few detractors already...)","Blair to receive US peace medal (not the Onion) May I introduce Germany's new first lady! 
And yes that is a real tattoo.   UK Iraq Whistleblower 'Was Too Weak To Have Killed Himself - Dr David Kelly was found dead in woodland near his home in Oxfordshire in 2003 after he was exposed as the source of a BBC report that questioned the govt's case for war in Iraq."
DJIA,2010-07-02,   Sweden ends compulsory military service   ,"Mexican gang gunfight near US border leaves 21 dead Is Canadian Copyright Minister An Agent of Foreign Influence? On March 21, 2010, the Syrian security forces opened fire with live ammunition on a crowd of 5,000 in the northern Syrian town of al-Raqqah. The crowd had gathered to celebrate the Kurdish festival of Nowruz. Three people, including a 15-year-old girl, were killed. Did you know about this?"
DJIA,2010-07-06,"Israeli judge: ""We must learn from the Nazi tactics,"" to improve the State of Israel's PR efforts in the world","""Four journalists have filed complaints with Ontario's police watchdog, alleging physical assaults and threats of sexual violence by police during the Toronto G20 summit, their lawyer says."" Some half a million Israelis are now living over the 
Green Line: more than 300,000 in 121 settlements 
and about one hundred outposts, which control 42 
percent of the land area of the West Bank - 
B'Tselem Israeli soldiers to be prosecuted for using Palestinians as a human shield in last Gaza War"
DJIA,2010-07-07,A woman who suffered severe facial burns during the 7/7 terror attacks in London five years ago is showing off her new face to the world,Mullets Are Officially Illegal in Iran Messopotamia is still being looted. Still. Over $200 Million In Tax-Exempt Funds Have Been Sent To Extremist Jewish Settlers By American Non-Profits In The Past 10 Years
DJIA,2010-07-08,CNN Drops 20-year-veteran news editor after twitter post mourning the death of pro-women's rights Hezbollah leader.,"With 6 countries imposing the death penalty on gay people and 80 making gay sex illegal, British judges say gay refugees must get asylum PROMISES BROKEN: Hundreds of fishermen dont get their BP checks Irish block EU plan to allow data transfer to Israel - 
The Irish Times - Thu, Jul 08, 2010"
DJIA,2010-07-09,Iran: woman 'adulterer' will not face stoning,"BP has 24 hours to give answers on oil well, US government says Companies brace for end of cheap made-in-China era Australian Government Temporarily Backs Down on the Internet Filter Issue."
DJIA,2010-07-12,BANGLADESH: A man dies in police custody after refusing to pay bribes; his relatives are warned not to pursue the case,"North Korean soldiers defect to China fuelling fears of imminent military clash Terrorists target World Cup fans in Uganda, watching final game : At least 64 killed Anger in Costa Rica over deal to 'invite' 46 US warships    Opposition leaders in Costa Rica are furious over an agreement that allows 46 US warships and 7,000 US Marines to enter the country as part of an anti-drug effort."
DJIA,2010-07-13,"""So that's OK then. It's fine to abuse young girls, as long as you're a great film director""","After four years of relative seclusion Fidel Castro makes a televised address warning of imminent nuclear conflict in the Middle East. 91 Israelis file a $1.2 billion lawsuit in a US federal court against al-Jazeera: ""The network 'intentionally reported live coverage of locations of missile strikes inside of Israel to aid Hezbollah"" South Korea deploys robots capable of killing intruders along border with North "
DJIA,2010-07-14,"2010 Hottest Year on Record so far according to NASA.  That's right.  The Earth has never been hotter than it is right now, at least since we've been keeping records.","South Korea, which derives 40% of its electricity from nuclear power, wants to reprocess the waste into usable fuel. The US says no way. Politicians in Pakistan have been left red-faced after an investigation found dozens of MPs have fake university degrees.
The chief minister of Balochistan Province, Nawab Muhammad Aslam Raisani, told the press: ""A degree is a degree, whether it is fake or genuine."" 900-year-old Song dynasty drains save Chinese city from deadly floods"
DJIA,2010-07-15,Argentina Senate approves same-sex marriage. First country in Latin America to grant same-sex marriages all the rights of heterosexual unions,"How about some *real* world news? Sudan is preparing for referendums that could lead to southern Sudanese independence, and possibly a stop to the bloodshed Vatican offends both women and victims of pedophile priests, by saying pedophelia is pretty much at the level of sin of ordaining a woman priest.  A twofer! BP Admits It Lobbied British for Libyan ""Pan Am Flight 103 bomber"" Transfer, While seeking a billion dollar oil exploration deal with Libya"
DJIA,2010-07-16,"Our biggest gadget makersincluding HP and Applemay get their raw ingredients from genocidal militias in Congo. A new movement has begun to trace rare metals to the conflict mines they come from, and it won its first major victory this week.","Woman Arrested at G20 for Assaulting Cop with Bubbles Israel's foreign minister wants to hand Gaza responsibility to International Forces and to lift blockade entirely: Turning it into a fully ""separate"" and ""independent"" entity THE SINGAPORE SOLUTION. How did a sleepy little island transform into a high-tech powerhouse in one generation? It was all in the plan."
DJIA,2010-07-19,Wanted by the CIA: Wikileaks founder Julian Assange,"In Japan, thousands of young men are retreating to their bedrooms and refusing to come out. Why? ""If the Vatican is trying to restore the impression that its moral sense is intact, issuing a document that equates pedophilia with the ordination of women doesnt really do that."" Israeli bloggers hold online campaign to convince authorities to connect palestinian village to water supply"
DJIA,2010-07-20,Everyone knows designer sunglasses are a rip-off. But did you know they're all made by the same company?,"Spider-infested ship turned back from Guam  BP is trying to hire top Gulf scientists.  The fine print?  The scientists would be prevented from testifying about what they find for 3 years.  It is not about them testifying for BP, it is about preventing them from testifying against BP. Newspaper publishes investigation about clothing retailers and child labour. Article disappears."
DJIA,2010-07-21,"A Palestinian man has been convicted of rape after having consensual sex with an Israeli woman who believed he was Jewish because he introduced himself as ""Daniel"".","Castro daughter: ""No one is punished for free speech in Cuba. If free and inconvenient thoughts were a crime in our country, I would have been a good candidate for prison, with my advocacy for sexual self-determination. Those people are in prison because they are mercenaries paid by Washington"" Germany sets up suicide bomber hotline for Islamic radicals who want help to quit extremism ""A degree is a degree, whether it's fake or real"" - Pakistani Politician. "
DJIA,2010-07-22,The police officer filmed pushing a man to the ground during the 2009 G20 protests will not face charges over his death.,The IMF has forgiven Haiti's $268 million dollar debt to the fund Ian Tomlinson collapsed and died after a police officer struck or pushed him. Today it was announced there would be no prosecution into the death.  Botswana Bushmen denied access to water. The Botswana government capped a well to drive natives out of their homeland.
DJIA,2010-07-23,I am a Chinese web user. Today is a very happy day for me.,"The Vietnam war ended 35 years ago, but children are still being born with birth defects from chemical poisoning from Agent Orange, contaminated with deadly dioxin, sprayed by the US forces Australian government 'releases' Internet snooping proposal with 90% of the document blacked out so as not to cause ""premature and unnecessary debate"". UK acts to prevent arrest of Pope: Gov't worried over plans by Dawkins and Hitchens to have Pope arrested for crimes against humanity, because of his alleged cover-up  of priestly assaults on children"
DJIA,2010-07-26,Wikileaks+Guardian.co.uk: Afghanistan: The war logs. Massive leak of secret files exposes truth of occupation. Includes interview with Wikileaks' Julian Assange.,"Prisoners in a northern Mexico  jail were allowed out at night to carry out murder-for-hire jobs using jail guards weapons and vehicles, revealing a level of corruption that is stunning even in a country where prison breakouts are common as guards look the other way. Wikileaks: Pakistan state spy services meet directly with the Taliban to organize networks of militant groups against American soldiers in Afghanistan and assassinate Afghan leaders, all to ensure their US war on terror funding. No one who's been paying attention should be surprised by the WikiLeaks documents about the war in Afghanistan. By Fred Kaplan "
DJIA,2010-07-27,"""There's a wide discrepancy, and we need to know."" Canadian military: The loss of four Canadian soldiers in September 2006 was the result of insurgent activity. Newly released WikiLeaks document: The Canadian soldiers weren't killed by the Taliban but rather by friendly fire from U.S. forces.","British Prime Minister David Cameron calls Gaza a ""prison camp"", a blunt description from a major Western leader about the besieged Palestinian territory. How ISI paid Taliban to hit Indians - Wikileaks Church children beaten and branded for witchcraft by preachers in the UK"
DJIA,2010-07-28,Catalonia bans bullfighting in landmark Spain vote,US cannot account for $8.7B in Iraqi funds Israel demolishes Bedouin village leaving 300 Bedouins homeless | Al Jazeera English New York Times caught white-washing the wikileaks story.
DJIA,2010-07-29,UN declares clean water a 'fundamental human right',"Leaked documents from the Afghanistan war appear to confirm that Australian forces are backing a local war lord who has been extorting money from NATO convoys carrying supplies to Coalition forces. Anti-US Protestors Arrested At Base In Sweden - ""The USA is the world's biggest and most aggressive fighting country in the world... When Sweden allows the US Air Force to come here and train, we make ourselves accessories to the USA's war crimes,"" activist Maja Backlund said. Is Israel a liability for the US?"
DJIA,2010-07-30,"North Korea World Cup team shamed in six-hour grilling in front of 400 government officials, students and journalists. Coach punished for ""betraying"" Kim Jong-un. But they got off lightly apparently...","Israeli settlers throw out a Palestinian family from their home of 70 years Leader of Mexico's Sinaloa drug cartel killed Fueled by the minerals that are used in phones and computers, war and rebellion have ravaged the Congo for 12 years. The UK government is now being sued for failing to hold accountable the firms who purchase these 'conflict minerals.'   "
DJIA,2010-08-02,Dutch troops withdraw from Afghanistan,"Inmates of a prison in Cebu, Philippines are given less food, smaller beds and few benefits of any kind if they do not dance to Michael Jackson songs for tourists. US, Canada, Britain &amp; Australia refuse to support call for `the human right to water and sanitation' Peru declares state of emergency amid plunging temperatures: Hundreds of children died from freezing conditions that have seen temperatures plummet to a 50-year low of -24C"
DJIA,2010-08-03,"Hey reddit, just a reminder: as of this weekend, Iran has now imprisoned three hikers for a year to use as international political bargaining chips. It's unjust, and no one seems to care anymore. I don't really know how to help them, but here's their story.","ISRAEL will expel 400 native-born children of non-Jewish foreign workers to help safeguard the country's Jewish identity. Germanys constitutional court in Karlsruhe ruled on Tuesday that the law denying unwed fathers custody rights to their children without the mothers permission is unconstitutional, opening the way for automatic dual custody. Israel, Lebanon forces exchange fire on border"
DJIA,2010-08-04,"28,000 deaths caused by the war on drugs in Mexico. Finally, president Felipe Calderon agrees to discuss about drug legalization.","Israeli troops south of border when Lebanon fired, U.N. says A photographer captures the tragic death of a firefighter in a oil spill in China over 47 photos. TV cameras capture the distressing moment a 5yr-old Palestinian boy sees his father arrested for stealing water"
DJIA,2010-08-05,A South African journalist who wrote an expose on the new chief of police has been arrested and is being held by the police even though a prosecutor has refused to press charges. Detention without trial!,"Police filmed dragging women and babies during protest The trash is two feet deep, so compacted you can walk on it, and is blocking the world's biggest power plant of any kind 
Children found starving in rural Australia"
DJIA,2010-08-06,"Pentagon demands return of the 90,000 documents from Wikileaks.  Methinks the pentagon doesn't understand how the internet works.","Calling Gaza a prison camp is an understatement 'The Kremlin's Central Control Is the Real Disaster' - Moscow is engulfed in smog, 500 fires are still blazing across Russia and the deadly wildfires could pose a nuclear threat. The German press on Friday says the overcentralization of power is partly to blame for the disaster. For the first time since the dark days of the Taliban, 29 women have been recruited to serve in the Afghan army "
DJIA,2010-08-09,"More than 800 Russian wildfires have been reported since they first ignited nearly a week ago. The wildfires, a result of the country's worst heat wave in recorded history, have claimed 52 lives thus far and left more than 3,000 people homeless (w/pics)","Japan became rich as America's compliant vassal state. Now Japan's efforts to move on are being thwarted by the US. Interview with Eric Morgolis: US media ignoring explosive testimony in UK.  MI5 told Blair that Iraq was no threat.  US intelligence created stories in the middle east about Iraq and when they were reported, used it to garner support. Milk powder + Hormones + Girl Children developing breasts, = CHINA once again... (companies name is Synutra) + product still being sold..."
DJIA,2010-08-10,"""So, drug consumption is the responsibility of the person who consumes; of the family who is responsible for educating; and of the education system and the socioeconomic context. What we have to do is legalize the production, the sale and the distribution."" - Former Mexican president Vicente Fox","US tank crew wanted for murder | The Spanish government wants a three-man US army tank crew to stand trial for the death of cameraman Jose Couso in Baghdad in 2003. Iran to get rid of its dollar and euro reserves in response to the latest U.N. sanctions over its contested nuclear program: ""We consider these currencies dirty and won't sell oil in dollar and euro"" Man becomes only person to have ever trekked the 4000 mile length of Amazon river."
DJIA,2010-08-11,"Germany's super-rich have rejected an invitation by Bill Gates and Warren Buffett to join their 'Giving Pledge' to give away most of their fortune. The pledge has been criticized in Germany, with millionaires saying donations shouldn't replace duties that would be better carried out by the state.","Putin puts out two wildfires in central Russia (!) US engineer sold military secrets to China, Including Stealth Technology A man, helped by Israeli and international activists, can be seen in the video trying to dismantle his own house before the bulldozers got to it  in order to save the materials from destruction  but was prevented from doing so by Israeli police. Reference: Bedouin village razed for the third time."
DJIA,2010-08-12,Big surprise: Pope decides priests who protect pedophiles should keep their jobs.,"Yakuza 3 reviewed by Yakuza - Crime reporter invites three Japanese gangsters to rate new Yakuza video-game. ""I like that you can grab ashtrays or billboards and beat the crap out of the punks bothering you"" 
Top-Earning Sportsman Of All Time - 
And it's not Tiger Woods. A Lusitanian Spaniard named Gaius Appuleius Diocles earned the equivalent of $15bn in the course of a 24-year career as chariot-racer in ancient Rome
 Russia: In a new twist to the situation, officials have confirmed that some forests that were contaminated with radiation from the Chernobyl nuclear disaster have now burned (w/pics from Boston Big Picture)"
DJIA,2010-08-13,"Experts call for inquest into the death of David Kelly, the British scientist who was found dead after casting doubt on the government's claim that Iraq had weapons of mass destruction","U.S. marijuana legalization could cause a recession in Canada, where pot is the most profitable agricultural product Al Jazeera investigates fraud and corruption in US pharmaceutical industry A serving officer in the United States Army is removed from the Omar Khadr's jury after informing the court of his belief that the American-run prison camps in Guantnamo Bay ought to be shut down. "
DJIA,2010-08-16,NASA satellite view of the extent of the massive flooding in Pakistan (before vs. after),"Superb Aljazeera documentary on the issues involved in any possible Israeli-Iran War, the politics, the weapons, the likely routes of attack and the likelihood of wider escalation. Well worth your time. [VID] See if you find honest reporting of this in the US corporate mass media: Arrests of Guatemalan Police Death Squads reveal connection to organized crime and CIA. ""Like Mr bin Laden, Mr Gingrich is apparently still relitigating the victories and defeats of religious wars fought in Europe and the Middle East centuries ago. He should rejoin the modern world, before he does real harm."""
DJIA,2010-08-17,Noam Chomsky: The Real Reasons the U.S. Enables Israeli Crimes and Atrocities,"Parents complain that their kids are getting rashes and becoming ill from the school's Wi-Fi, demand it be turned off Take that Sweden! Newsweek crowns Finland as the world's best country. Australia should become a republic when Queen Elizabeth II dies, Prime Minister Julia Gillard has said just days ahead of a general election."
DJIA,2010-08-18,"WikiLeaks gets new host -- Sweden's Pirate Party - The whistleblower website WikiLeaks will place several new servers with the Swedish Pirate Party, the group which campaigns for more freedom on the Internet said Tuesday.",Role reversal Saudi comedy provokes anger among male population Wikipedia editing courses launched by Zionist groups Palestinian acheives the impossible: bringing Israeli soldiers to justice for the shooting of his 10yr old daughter. 
DJIA,2010-08-19,Israel Places Order For 20 Joint Strike Fighters; U.S. Taxpayers Pick Up The Tab,"A huge trove of newly declassified documents subpoenaed during a 1962-1964 Senate investigation reveals how Israels lobby pitched, promoted, and paid to have content placed in Americas top news magazines with overseas funding North Korea: Pyongyang on its knees - only potatoes to stave off famine Israel barring Gazans' access to farms, fishing zones, has leveled farmland and destroyed personal property situated in restricted areas in efforts to keep Palestinians out"
DJIA,2010-08-20,Saudi Hospitals Asked to Maim Man as Punishment: A Saudi Arabian judge has asked several hospitals in the country whether they could damage a mans spinal cord as punishment,"Dutch Muslim Group Fined Over Cartoon Depicting Holocaust Denial BP says a lot of the oil is gone. Well, a 22-mile-long oily plume was found near the well site today. U.N. study says Israel is ""devastating"" Gaza: Shifts in diet, reductions in the quantity of food consumed, poor sewage treatment and limited access to education"
DJIA,2010-08-23,"CEO of Scandinavian megabank: ""Let banks crash"" - Banks should not be treated differently than other firms",Wikileaks founder says Australian intelligence warned him on August 11 to expect personal attacks. Four Israeli warplanes and one spy drone have illegally flown over Lebanon's airspace in the third day of provocative violations of the country's sovereignty. 33 trapped Chilean miners alive after 17 days 
DJIA,2010-08-24,"There's a traffic jam in China that's 60 miles long and has already been going on for 10 days. ""It could last for weeks""","The Facebook list threatened 69 people with death if they didn't leave town.  In the past ten days, three teenagers on that list have been murdered. The 72-Hour Expert - ""If you spend 72 hours in a place youve never been, talking to people whose language you dont speak, and you come back as the worlds biggest know-it-all, youre a reporter""  Arabic to become compulsory in Israeli schools"
DJIA,2010-08-25,Criminalization of drug use is spreading HIV,BBC News - Fort Carson soldiers' killing spree after Iraq combat Former Swedish chief prosecutor demands explanation for Assange arrest order Catholic priest behind 1972 IRA bombing was protected by church and government officials
DJIA,2010-08-26,"An Arab democracy, with a Muslim Prime Minister and a Christian President, allowed the building of a synagogue, squarely in the center of their Ground Zero in the heart and pride of downtown Beirut","Saudi couple hammer 24 nails into Sri Lankan maid
 No visa required: Who has most freedom to travel?  CIA warns of violent American Jews - A CIA document released by Web site Wikileaks on Wednesay expresses concern that the US had become an ""exporter of terrorism,"" specifically mentioning American Jews in Israel."
DJIA,2010-08-27,Vietnam Adopts George Washington's Non-Interventionist Foreign Policy - Gen. Vinh reconfirmed the three pillars of Vietnams defense policy: not joining in any military alliances or becoming a military ally of any country; not allowing any country to set up military bases in Vietnam...,"City of Toronto first in North America to formally endorses harm reduction on drug use Found: BP's Missing Oil Westerners vs. the World - Western social science relies on behavioural studies using Western participants. But in matters such as fairness, individualism, conformism, Westerners are outliers by world standards "
DJIA,2010-08-30,"Mexico fires 3,200 (9%) of it's federal police.","Largest world's plant DNA collection in Pavlovsk, Russia is about to be bulldozed after court decision  100 Russian skinheads  Attack Crowd of 3,000, Kill 14-Year-Old Graduates in the UK warned of a record 70 applicants for every job, some sectors have over 200 applicants for every available job"
DJIA,2010-08-31,"To offset the spate of negative stories on the Israeli Defense Force here's the ""Combatant's Letter"", Signed by 500+ Soldiers that refuse to serve in the occupied territories. ","Et tu, Israel? ""A singer who performed in front of a 'mixed audience' of men and women was
lashed 39 times to make him 'repent', after a ruling by a self-described
rabbinic court on Wednesday."" BREAKING The bloodiest fist of one of the biggest drug cartels in Mexico just fell. An Israeli army officer who fired the entire magazine of his automatic rifle into a 13-year-old Palestinian girl and then said he would have done the same even if she had been three years old was acquitted on all charges by a military court yesterday."
DJIA,2010-09-01,Monsanto Uprooted :: Germany Bans Cultivation of GM Corn,"Sweden to reopen WikiLeaks rape case against Julian Assange: ""There is reason to believe that a crime has been committed"" Castro admits 'injustice' for gays and lesbians during revolution: ""They were moments of great injustice ... if someone is responsible, it's me.""
 ""US man nabbed for blasphemy in Indonesia"", could face 5 years in jail for unplugging loudspeaker of mosque that woke him during the night."
DJIA,2010-09-02,"Israel is willing to make a sweeping concession - dividing control of Jerusalem - as part of a historic final peace pact with Palestinians and drop its demand that Jerusalem would ""remain the undivided capital of Israel""","In just ten years, Brazil has turned itself into one of the world's breadbaskets. Is Africa next? ""There was no room on our deck so we just started pushing helicopters overboard. We figured humans were much more important than the hardware.""  -  Valor at the Vietnam War's End, a 3-part series from NPR.  US told EU to hide ACTA from public"
DJIA,2010-09-03,"Associated Press standards editor to staff: ""Combat in Iraq is not over, and we should not uncritically repeat suggestions that it is, even if they come from senior officials. The situation on the ground in Iraq is no different today than it has been for some months.""","Israel: Soldier admits to looting Turkish aid flotilla ship Russian Submarine Hunts Clues to Century-Old Mystery. Legend has it that almost a century ago a series of railway wagons stuffed with gold sank into the depths of a lake in Siberia. This week, researchers, exploring the depths by submarine, may have found the Russian royals' lost gold. Cheerleaders cover their skin to avoid offending the Iranians at US vs Iran basketball game"
DJIA,2010-09-07,Two redditors are climbing Mt. Kilimanjaro for charity and will do your bidding at the peak. Don't squander this opportunity to let your upvotes do something awesome.,"It is estimated it will take 3,000 years to clear Laos of all the explosive remnants left behind from United States bombers over 30 years ago. More than 20,000 people have died from unexploded ordnance since conflict ended. Fidel to Ahmadinejad: 'Stop Slandering the Jews' Mossad in America | Israels intelligence agencies target the United States intensively. Among nations considered to be friendly to Washington, Israel leads all others in its active espionage directed against American companies and the Defense Department."
DJIA,2010-09-08,"""For them, there is no safe place. They are raped when harvesting crops; when going to market; when fetching water and firewood; when carrying their babies; when in their homes at night, among their loved ones.""",Prison break: 680 have escaped. European Parliament calls for immediate disclosure ACTA -- Finally!  Al Jazeera English documentary: A look at how the swell of Chinese globalisation is having an impact on the coast of Africa.
DJIA,2010-09-09,"Afghan insurgents give captive reporter a cell phone to show them the Internet, so he tweets his whereabouts. ","Terrorism : Suicide attack in Russia kills 15, wounds over 100 Olympic Disaster in Vancouver, Taxpayers on Hook for $1 Billion ""Ghost Town"" Anti-Israel boycotts are gaining speed"
DJIA,2010-09-10,"Weary of drug war, Mexico debates legalization - 
A debate about legalizing marijuana and possibly other drugs  once a taboo suggestion  is percolating in Mexico, a nation exhausted by runaway violence and a deadly drug war.","Beyond Hiroshima: The non-reporting of Falluja's cancer catastrophe Qur'an burning: Nato troops shoot at Afghan protesters Arab regimes' autocratic nature masks their vulnerability - Arab regimes have ""an almost insatiable urge to control"", but aren't very good at it. They work against society, not with it. Violence, autocracy, should be seen as symptoms of weakness "
DJIA,2010-09-13,"Should the Pope face charges?
A renowned lawyer makes the case that the Pope should have his day in court for harbouring pedophiles","British soldiers are smuggling heroin out of Afghanistan ... MoD launches probe Mandela 'breathed fire' over Iraqi war - Nelson Mandela was so upset over Britain invading Iraq in 2003 that he called a government minister and ""virtually breathed fire"" about why it was a mistake, reveals the ex-minister. There are 4 million kg of whale meat stockpiled in Japan"
DJIA,2010-09-14,IMF fears 'social explosion',"Child sex abuse, and other church failings, lead Belgians to formally renounce religion Israels accountability : Soldiers seldom punished for killing Palestinians. out of 148 cases in which 288 Palestinians were killed between 2006 and 2009, only 22 resulted in the opening of a Military Police Investigation Unit probe. In a rare example of openness, China has set up a website for citizens to express their views to top leaders - and users have wasted little time in firing unusually blunt criticisms at the government."
DJIA,2010-09-15,"Joint letter opposing Pope UK state visit signed by Dawkins, Fry, Pratchett, many others","France bans the burqa French Senate Passes Ban of Full Muslim Veils ""French people back the burqa ban by a margin of more than four to one...Clear majorities also backed burqa bans in Germany, Britain and Spain, while two out of three Americans opposed it, the survey found."""
DJIA,2010-09-16,"Israeli media sources have confirmed that an Israeli soldier shot and killed a handcuffed Palestinian youth on Tuesday morning in Tel Aviv. Soldier says that he ""was shot accidentally from his weapon."" The 18 yr old Palestinian was killed instantly as a result of the shot in the back.","Giant Cave Explored in Borneo - PICTURES!!! Iraq approves $400 million settlement for Americans victimized by Saddam's regime Eikaiwa Underworld - English teacher in Japan gets Tony-Soprano-like mobster as client, hears string of storiesretold hereabout running nightclubs in Tokyo, gambling in Las Vegas, dealing with Mafia "
DJIA,2010-09-17,"Egyptian newspaper manipulate picture with Obama and other world leaders in an attempt to make their president Mubarak look like the top dog
Spoiler: ""This look shopped...""","Murdoch's Watergate. The U.K. phone-hacking scandal will undo the media mogul. Remember the story about the Arab man who was arrested for rape after he falsely told an Israeli woman that his name was David? Well, it turns out that the case against him is built on much more than just a name.  Six London street cleaners arrested, searched, homes raided and possessions seized as evidence - based on an overheard conversation about the Pope. So far, no evidence found against them."
DJIA,2010-09-20,"Wounded in action: An infantry unit fights its way out of an ambush in Kunar Province, Afghanistan (Holy hell. One of the soldiers takes a bullet to the helmet, but survives--it's all caught on camera.)","A former CNN Iraq correspondent suffering from post-traumatic stress disorder says his employers wouldn't run footage he filmed of what he describes as a war crime by US troops, an Australian news source reports. The battle to save Russia's Pavlovsk seed bank. Scientists and conservationists are waging an international campaign to save Russian botanist Nikolai Vavilov's Pavlovsk seed bank from being turned over to housing developers Israeli FM's ""no loyalty, no citizenship"" campaign: Israeli-Arabs (1/5th of Israels population, not including Palestinians under occupation) who aren't willing to swear allegiance to Israel as a uniquely Jewish state, could lose the citizenship."
DJIA,2010-09-21,Germany is planning a direct rail link between Frankfurt and London: Journey time under 4 hours.,Oktoberfest 2010 - The Big Picture [pics] Vatican Bank investigated over money-laundering Kim Jong-il dictatorship could end within days
DJIA,2010-09-22,"""what you have is evidence about what real aggression is, which is the President of the United States is always insinuating that we reserve the right, at any moment, at any time, at our will, to go on to military attack on Iran, even if they dont attack us.""","China's crackdown on human trafficking frees 16,517 abducted women and children Bill Clinton: Russian immigrants in Israel are an obstacle to peace Al Jazeera has called on the International Security Assistance Force (Isaf) to immediately release two of its cameramen arrested in Afghanistan over the last 72 hours."
DJIA,2010-09-23,"How the CIA ran a secret army of 3,000 assassins","Granddaughter of Titanic's Second Officer reveals family secret about the sinking: Titanic sank because an officer steered INTO the iceberg instead of away from it as he was ordered. Vigilantes in Mexico take on kidnap gang - ""The crowd, now grown to nearly 2,000 people, exploded again. Crowd members broke into the barracks with trucks, took the two boys outside and beat them, witnesses said."" Ahmadinejad warns US of war with 'no limits' - ""The United States has never entered a real war, not in Vietnam, nor in Afghanistan, nor even World War II."" "
DJIA,2010-09-24,British Queen 'tried to use state poverty fund to heat Buckingham Palace',"Ahmadinejad gives controversial UN speech, stating that some saw the 9/11 terrorist attacks as part of a US conspiracy to protect Israel. Result: US and other Western delegations walk out in protest. Israeli navy kills Gaza fisherman: As the Palestinian fisherman's boat approached the limits of waters where Israel permits Palestinian maritime traffic (as a result of Israel's naval blockade of Gaza), an Israel military boat open fire on the small fishing vessel. The US and other Western delegations at the UN General Assembly walk out in protest as Iranian President Mahmoud Ahmadinejad questions the events of 9/11."
DJIA,2010-09-27,"Since 2003, over 200,000 people have died as a result of the Darfur conflict (source: United Nations)","Israel allowed its halt in construction in Jewish settlements in the occupied West Bank to expire Monday, defying a U.S. call to extend the moratorium and risking a Palestinian withdrawal from peace talks Why is the world's worst violence ignored? - Congo: 800 times deadlier than the conflict in Israel-Palestine (video) Face to face with the world's most repressive regime - London Independent reporter sneaks into N. Korea"
DJIA,2010-09-28,Tapes describe U.S. servicemen killing civilians for sport,"Since 2000, 7,454 people killed as a result of the Israel-palestine conflict: 6,371 Palestinians and 1,083 Israelis Israeli court recognizes Jewish pre-1948 property deed in East Jerusalem, allowing for the legal eviction of dozens of Palestinian families who will be replaced by Jewish families. Russia is exporting 60 tons of mammoth ivory to China per year, and scientists estimate there is plenty more where that came from. "
DJIA,2010-09-29,"This week, Germany will FINALLY finish paying reparation for World War One!","UN report shows conclusively that during Mavi Marmara raid, US citizen Furkan Dogan and five Turkish citizens were murdered execution-style by Israeli commandos  'America used to be our enemy No 1. But now it's al-Qa'ida,' say former insurgents Denmark plans to be fossil-fuel free by 2050"
DJIA,2010-09-30,Less than 2% of websites on Scandinavia's child porn internet filter is actually child porn,"U.N. rights body backs critique of Gaza flotilla raid. United States is the only country voting ""No"" Ecuador troops take over Quito airport (30 Sep, 1142) Bishops threaten Philippine president with Excommunication for offering birth control to married couples. ""Birth control is Abortion!"" says Church."
DJIA,2010-10-01,"Canada just passed the ""Combating Terrorist Act"" which will allow terrorism suspects to be jailed without trial for up to 12 months. So far no mainsteam Canadian media has even reported it.","US infected Guatemalans with syphilis in 1940s - A college professor has discovered that the US govt in the 1940s infected Guatemalans with sexually transmitted diseases in an experiment conducted without the knowledge of the 1,500 men and women - some of them patients in a mental hospital. US medical tests in Guatemala 'crime against humanity' Live video of the crazy ass shit that's going on in Quito right now - police and military are shooting at each other outside Correa's hospital"
DJIA,2010-10-04,Panama court overturns US tycoon's will to leave $50m to poor children - says it should go to his millionaire family instead,"Japan's Okinawa island is the reluctant host of US military bases. Residents hate the US bases that Japan can't give up. In April,  90,000 residents gathered to protest, in the biggest show of opposition for 15 years French women cause a stir in niqab and daisy duke shorts in anti-burka ban protest, aka ""the NiqaBitches"" Millions march in France against austerity as opposition to Sarkozy grows. ""The growing mass opposition to President Nicolas Sarkozys pension cuts was expressed Saturday on the streets of Francebetween a million and 3 million people participated in 240 demonstrations throughout the country."""
DJIA,2010-10-05,"In Israel, a chief education official was fired after denying evolution and global warming.","An Israeli military court on Sunday convicted two soldiers of using a Palestinian child as a human shield by forcing him to check for booby traps during the 2008-2009 Gaza war. The worst-ever chemical accident in Hungary: ""It's an ecological catastrophe"" Bangladesh court rules against compelling women to wear burqa"
DJIA,2010-10-06,Australian study: the only effect of legalizing prostitution is an improvement in the health of sex workers,"BREAKING - FBI Arrests 133 In Puerto Rico Corruption Case. Many Are Police Officers (6 Oct, 1255) The French capital is notorious for its traffic jams. Now the mayor of Paris has come up with a bold new plan to rid his city of tens of thousands of cars. If he pulls it off, the e-car sharing scheme may become a trailblazer for other congested cities around the world.  In the last 10 days, Israeli settlers have launched a ""massive building campaign"" in the occupied Palestinian territories.  Construction has begun for over 350 brand new buildings exclusively for Jewish settlers."
DJIA,2010-10-07,Hungarian sludge spill reaches Danube river (PICTURES),"Representatives of US security agencies want further concessions from the EU to ensure free access to police computers, bank transfers and airline passenger data in the fight against terror. But members of the European Parliament have said they will resist the moves. American Jew charged with attempted espionage | Elliot Doxer, 42, allegedly wanted to ""help our homeland,"" gave confidential documents to an FBI agent posing as an Israeli. A  thrilling investigation into Viktor Bout, black-market Russian arms dealer, recently captured in Thailand. Portrays him as intelligent, calm, exacting businessman. No scruples, no ideology"
DJIA,2010-10-08,"The Nobel Peace Prize 2010 goes to Liu Xiaobo ""for his long and non-violent struggle for fundamental human rights in China"".","Belgian police beat up protesters, tear the clothes off one protester when she refuses a strip search in front of men, and abduct another and threaten her with rape China has angrily condemned the decision to award the Nobel Peace Prize to jailed Chinese dissident Liu Xiaobo China's best-known dissident, who is serving 11 years in prison, is probably unaware he has won the Nobel Peace Prize."
DJIA,2010-10-11,"""The 33 trapped Chilean miners have moved to stop any individual from profiting at the expense of the group, drawing up a legal contract to share the proceeds from the story of their ordeal.""","Pentecostal churches in Uganda pressuring HIV-positive youths to stop taking their ARVs Mr Liu's wife has apparently been placed under house arrest after he dedicated the award to the ""martyrs"" of Tiananmen Square in 1989. French Constitutional Court Decision Upholds Ban on Wearing Veils in Public Places because it puts women in a condition of exclusion and inferiority manifestly incompatible with the constitutional principles of liberty and equality. "
DJIA,2010-10-12,"Could this be the worst piece of business in the history of the world? Last Thursday, Dublin Finance Minister Brian Lenihan handed Allied Irish Bank $4.2 billion of taxpayers' money to save it from going under. He could have bought the entire bank that morning for $832 million.","In Queensland, where abortion is still a crime, a woman is on trial for medically terminating her eight-week pregnancy, and faces a jail term of up to 7 years The Metro Police have a couple of problems: abuse of powers, and racial discrimination within the force. However, the Commissioner has hit upon a solution, which he is lobbying the Government to adopt: make it harder to bring suits against the police. Sex Crimes and the Vatican - a BBC documentary. *Warning, this might make you rage*"
DJIA,2010-10-13,First Miner hoisted to freedom in Chile,A Mexican police commander investigating the reported shooting of an American tourist on a border lake was decapitated and his head was found in a suitcase outside a Mexican Army base Chinese communist elders issue free speech appeal Four teenagers charged on hate crime against beating a Muslim kid who they called a terrorist.
DJIA,2010-10-14,33rd miner rescued!  Is anyone else absolutely astounded at how they've managed to pull off this entire operation?,"""Before we can recognize Israel as a Jewish state you must present us with a map that clearly shows the bordes of the state you want us to recognize."" Booyakasha! ""This is our cry for help"" - In Congo where 300 women and 4 boys were gang-raped by Congolese/Rwandan Rebels Israeli columnist argues: Israel's new law that requires all new citizens swear loyalty to Israel as a ""Jewish state"" is another sign that Israel is turning away from the liberal and secular values of modern Western civilization."
DJIA,2010-10-15,"WikiLeaks says Funding Has Been Blocked After Government Blacklisting: Founder Julian Assange hits out at decision by Moneybookers, which collects the whistleblowing website's donations","British government urges councils to stop giving tax breaks to Scientology Chinese Premier calls for reform and says ""democracy and freedom are irresistible"" !! Israel ends settlement freeze, approves 238 new east Jerusalem homes and derails recently renewed Mideast peace talks"
DJIA,2010-10-18,Leave it to a damn engineer.,"Drug addicts across the UK are being offered money to be sterilised by an American charity Wife-beating allowed under sharia law, UAE court rules French gas stations 'run dry'"
DJIA,2010-10-19,"Here is a country with 5% unemployment, lowest income inequality, healthcare for all, has high life expectancy, low infant mortality, near top in numeracy and literacy, low on crime, incarceration, homicides, mental illness and drug abuse. In all these it beats both the US and China by a mile!","Saudi prince found guilty of murdering his servant in London Hotel When Saudi King Abdullah appeared in a newspaper photo with 40 veiled women, he broke a taboo by mixing with the opposite sex in public. Since then, the King has crimped the power of conservative Muslim clerics - prohibited unauthorized fatwas and backed female employees in supermarkets You get checked for porn when you enter Australia, sad thing is they don't give you some if you don't have any. "
DJIA,2010-10-20,"Canada's ""Most Conservative City"" elects Muslim Mayor","Dead Sea Scrolls will be available online The UK surveillance state marches on: ""Every email, phone call and website visit is to be recorded and stored after the Coalition Government revived controversial Big Brother snooping plans"" A major Jewish religious figure in Israel has likened non-Jews to donkeys and beasts of burden, saying the main reason for their very existence is to serve Jews"
DJIA,2010-10-21,"Front-page Uganda newspaper story featured a list of 100 homosexuals, with a bright yellow banner across it that read: ""Hang Them."" Alongside their photos were the men's names and addresses",China fails to block UN report alleging it sold weapons to militias in Darfur in violation of an arms embargo Berliners strip in protest at city's sky-high rents.The movement is sending shock waves through the normally orderly world of Berlin estate agents Saudi prince jailed for life for murdering servant 
DJIA,2010-10-22,Crocodile on plane kills 19 passengers,"Moon Not Only Has Water, but Lots of It Haiti: At least 138 people dead, 1,500 infected in its first cholera outbreak for almost a century Al Jazeera first to release WikiLeaks Iraq files: US military order not to investigate Iraqi torture."
DJIA,2010-10-25,"Afghanistan's President Karzai admits that his office receives $2 million a year in cash from Iran, which he uses for ""presidential expenses.""  Says that he expects it to continue.  He says that the US also provides him with ""bags of money.""","Two-thirds of the West African nation of Benin - one of the poorest in the world - is under water! WikiLeaks taunts Pentagon with server mirrors in USA  Hosting with Amazon AWS IDF put a Palestinian peace activist behind bars for 9 months based on solely on the testimony of a mental disabled man (a man whom, using interrogation, contradicted himself multiple times and also confessed to crimes he obviously didn't commit.)  Once in court the charges where thrown out."
DJIA,2010-10-26,Iceland turns from banks to freedom of speech. Iceland wants companies from around the world to set up their servers there and publish material online without the fear of ruinous lawsuits or censorship.,"WikiLeaks Files Show Torture, Civilian Deaths and Contractor Abuses [Commentary] Sarkozy's Perfect Storm - The French are not just protesting to stop the retirement age from being raised. They are also fighting to save their country from government sleaze and the dismantling of democracy. Venezuelan President Hugo Chavez ordered a 
government takeover of the local unit of U.S.- 
owned glass manufacturer Owens-Illinois Inc."
DJIA,2010-10-27,WikiLeaks ready to drop a bombshell on Russia. But will Russians get to read about it?,"Colombia's President says Prop 19 could ""revise the global strategy toward drugs"" Thirty Congolese women on the border of Angola and Congo were held in a dungeonlike prison and systematically raped by uniformed men Japan's young men seek a new path"
DJIA,2010-10-28,"No terror arrests in 100,000 police counter-terror searches.","Germany's role in the world: Will Germany now take centre stage? | The Economist Rebellion against 'redundant' airline security rules grows The Australian government just got caughtflying  Afghan fighters allied to Matiullah Khan back to Australia for military training. Thats Matiullah Khan, the notorious warlord the Dutch forces accused of murder and extortion."
DJIA,2010-10-29,"Cambodians beaten, raped and killed at illegal detention camp funded by UN | World news | The Guardian","Germany moves to outlaw forced marriages  A new trade agreement being negotiated behind closed doors by officials from the United States, European Union and other countries could drastically reduce internet freedom. Brazil is the world's biggest exporter of beef, poultry, orange juice and sugar cane. It also supplies a quarter of the world's soybeans. A group of scientists is credited with turning Brazil into the agricultural superpower it is today."
DJIA,2010-11-01,"Australian man saves woman from an attacking Great White by grabbing its tail. As the girl started to sink to the bottom, he grabbed her and brought her to the surface and on board the boat",The Danish Peoples Party is looking to ban al-Jazeera and al-Arabiya. Experts says other stations are worse. Israel's Labour party threatens to leave coalition - A senior Labour Cabinet minister has insisted that his party will leave Benjamin Netanyahu's coalition government unless the Prime Minister takes the steps necessary to resume direct peace talks with the Palestinians.  Surrey woman jailed for false rape claim
DJIA,2010-11-02,Paris girl survives six-storey fall unharmed - bounces off cafe awning into arms of passing doctor.,"Germany bans electronic voting machines. Germany has joined 11 U.S. states, the Netherlands, and other countries which have banned electronic voting of one form or another.CIA expert: Electronic voting not secure. In Western Saraha, more than 20,000 Sahrawis have left the cities in a mass protest of Moroccan occupation. Moroccan forces have now blockaded the ""protest camps"" barring food, water, medicine and movement, effectively turning them into concentration camps. Israel's Deputy Prime Minister was forced to cancel a trip to London in order to avoid a lawsuit related to his role in the Israeli attack on the Gaza Aid Flotilla."
DJIA,2010-11-03,"Why is Shoppers Drug Mart pulling 3,500 copies of Adbusters, my magazine, off its shelves? ""A week ago, in the National Post, the Canadian Jewish Congress (CJC) accused Adbusters of anti-Semitism for publishing side-by-side photographs of the Gaza and Warsaw ghettos...""","A Piece Of Their Mind - Four-year-old conjoined twins Tatiana and Krista from Vernon BC, share not just a skull but part of their brains. ""One will look at a toy. The other can reach across and grab it, even though her own eyes couldnt possibly see it"" Did a shadowy organisation just offer to buy the British government? It's all on official record... The American government is illegally running surveillance of Norwegian citizens  "
DJIA,2010-11-04,Canadian couple wins $11.2 million jackpot and gives away the entire thing. ,"Nearly 100 Toronto police officers will be disciplined for removing their badge numbers or name tags at the G20 summit A court in Vinnytsya, Ukraine, ordered a trade union activist to undergo a forced psychiatric examination after prosecutors argued that he has an ""excessive awareness of his own and others' rights"" and an ""uncontrollable readiness to defend these rights in unrealistic ways."" Out of a Dan Brown novel: A mysterious organisation offers to pay off 5 billion British debt."
DJIA,2010-11-05,The passenger in question was observed at the beginning of the flight to be an elderly Caucasian male who appeared to have young looking hands. During the flight the subject attended the washroom and emerged an Asian looking male that appeared to be in his early 20s.,"A statue of the Virgin Mary started weeping in an outdoor shrine in Windsor, Ontario. A crowd gathered. The locals got annoyed. The city fathers ordered the statue's removal because it didn't have a permit. I fucking love Canada.  The Kalahari Bushmen, who have lived in Southern Africa for more than 20,000 years, are now being starved off their land to make way for lucrative diamond extraction by Botswana government which partly owns diamond retailer De Beers! Secret British military video of interrogation techniques in Iraq submitted during high court proceedings shows a prisoner threatened, intimidated, subjected to sensory deprivation and complaining of starvation (Warning: some viewers may find material disturbing)"
DJIA,2010-11-08,"If you knowingly make false statements about your 
opponent in an election in the UK, you risk the 
election being ruled void after you win.","Chilean tourist severely beaten by Jewish extremists 
in Jerusalem, mistaken for Arab. World famous British drugs counsellor caught smoking crystal meth with Thai hooker in Bangkok hotel Leading Israeli playwrights, actors and artists say they will not cross the ""Green Line"" - Israel's frontier before it captured the West Bank in 1967 - to perform in the new theater in Ariel, an Israeli enclave of 19,000 people."
DJIA,2010-11-09,"Don't know if you noticed already, but there is some heavy anti-nuclear protest going on in Germany this weekend. (50.000+ protesters)","World Bank head calls for monetary system linked to gold. EU condemns Israeli building in east Jerusalem Muslim woman has her veil torn off by French extremist in Paris in first recorded case of ""Burka rage"""
DJIA,2010-11-10,"Why children are horrifically good soldiers - Theyre small enough to transport easily in large numbers, yet big enough to handle modern lightweight arms...They have no real sense of fear and, when indoctrinated young enough, their capacity for loyalty and for barbarism exceeds that of adults.","An Albino gets elected to Tanzanias parliament. One of his goals?  Stop the gruesome trade in albino body parts that has emerged in recent years.   Pilots Association urges airline pilots to opt out of TSA naked body scanners Chinese Justice - Fuck China, Stop purchasing their tainted shitty products..."
DJIA,2010-11-11,"Chinese Premier says ""I believe freedom of speech is indispensable for any country"" in interview; interview then censored by gov't in China",China puts everyone who know Nobel Peace Prize winner Liu Xiaobo under house arrest. Still unclear who will receive the award on his behalf. Respected indigenous Colombian healer arrested at Houston Int'l Airport for possession of the traditional medicine Ayahuasca (with permission from the Colombian government). He's now facing 20 years in prison. A heterosexual couple will request a civil partnership - available only to same-sex couples in the UK - to take a stand against system segregates couples according to their sexuality
DJIA,2010-11-12,"Cyber attack on Nobel peace prize website launched. Stay classy, China.","Neglected ruins of Pompeii declared a 'disgrace to Italy'  ""Under international law, the former President's admission to having authorized
acts that amount to torture are enough to trigger the USA's obligations to
investigate his admissions and if substantiated, to prosecute him.""
 Claudio Cordone, Amnesty International  The Danish Peoples Party wants pictures of bare breasts in an introduction film to scare away fundamentalists"
DJIA,2010-11-15,"Boris Johnson: George W. Bush cant fight for freedom and authorise torture. If the Wests aim is to spread the rule of law, it cannot be achieved by vile means","Taliban Commander:  ""There are no al-Qa'ida fighters in Afghanistan any more. I have fought in the south and in the east as well as here. In seven years of operations I have not seen a single al-Qa'ida fighter. Not one."" Settlers torch West Bank olive trees - Israeli settlers have torched hundreds of Palestinian olive trees in the occupied West Bank, in another sign that extremists are targeting a key product of the Palestinian economy. Maariyamma is likely to be killed by her children because they cannot afford her. She is just one of many old parents in a southern Indian state dying in this way. But no one blinks at these ritual murders."
DJIA,2010-11-16,"While you're getting groped by the TSA, here's a reminder of how it's done in Israel: High security, little bother","Second squadron of 20 F-35s is an offer hard to refuse say Israeli defense officials considering it will be free R. Congresswoman Ros-Lehtinen opposes transfer of $150M in aid promised to Palestine; ""as long as the Palestinian leaders receive unconditional aid they have no reason to change their ways and be committed to peace."" McDonald's, KFC, PepsiCo &amp; Mars Invited to Write UK Policy on Diet &amp; Health"
DJIA,2010-11-17,"Major spy scandal as Norway, Denmark, Finland, Sweden and Iceland catch the U.S. watching their citizens","Freedom Of Speech 1 - Police 0. British police try to take down website that advises student protestors on how to avoid arrest. More than 70 websites respond by publishing this same advice Evangelical Christians in Brazil have banned the use of USB connections after claiming the technology is the mark of Satan-worshippers. UK Government comes out against net neutrality: ""the market should decide the extent to which service providers can charge for preferential content delivery and slow down other traffic"""
DJIA,2010-11-18,Remand request issued for WikiLeaks founder Julian Assange - The Local,"Almost all borrowers in one of Indias largest states have stopped repaying their loans, egged on by politicians who accuse the industry of earning outsize profits on the backs of the poor 13 dead, as strange disease spreads in Uganda: We were suspecting viral hemorrhagic infection, but results from Uganda Virus Research Institute have ruled out Ebola, Marburg and Lassa.  Here we go again. Bomb in Luggage found in Nambia on the way to Germany. Lets see what new security bullshit gets create this time."
DJIA,2010-11-19,"Mayor of London, Boris Johnson, advises George W. Bush not to bring his book tour to Britain, because ""he might never see Texas again.""","At the end of the Haj, Saudi King Abdullah calls for moderation, saying, ""The perpetrators of terror represent none but themselves even though they appear in the guise of Islam, which is, in fact, far away from them.""
      
    
	- Arab News Remember the Reddit story about Costa Rica becoming the happiest country since it abolished its military?  Now Nicaraguan troops are camped on its territory, facing no opposition. For the first time in more than 70 years, the Nobel Peace Prize ceremony may be postponed, amid intensive efforts by the Chinese government to disrupt the event. "
DJIA,2010-11-22,"Tim Berners-Lee, creator of the world wide web, warns that we need to defend the web, or else it could break up into fragmented islands, led by Apple, Facebook and Google.","BBC News - Tigers threatened by extinction as only 3,000 left Vladimir Putin and World Bank chief stage a campaign to double the number of tigers in the wild by 2022, the highest level political meeting to ever discuss a single species. A Russia Today news crew has been detained in the U.S. as they filmed a rally near a military training academy dubbed by critics the 'School of Assassins'. A cameraman and a correspondent have been taken into custody in the state of Georgia, along with a number of activists."
DJIA,2010-11-23,"North Korea has fired several artillery shells across its western maritime border, prompting return fire from South Korea","Americans favor end of sanctions against Cuba by 2-1 margin, but count on GOP to stall any freedom to travel bills ""I am urging you Iranians in Sweden to please email Ericsson and object and say, 'Why are you selling the Iranian government software with which it can control its people',"" Nobel Peace laureate Shirin Ebadi said. India deploys 36,000 extra troops on Chinese border"
DJIA,2010-11-24,All 29 trapped New Zealand miners are believed to be dead following a second explosion in the Pike River Coal mine,"U.S. aircraft carrier heads for Korean waters as South Korea warns North Korea of ""enormous retaliation"" Swedish cartoonist not afraid after new death threat: ""It's too cold and there is too much snow for someone to try an amateur terrorist act."" It has begunChina and Russia drop U.S. Dollar in favor of their own currencies for bilateral trade."
DJIA,2010-11-26,"""I didn't understand quite how bad things had become in this country until I saw armed cops being deployed against schoolchildren in the middle of Whitehall.""","Pregnant woman survives after being stabbed 24 times, shot in the leg, and dumped in a ravine.  Oh and the baby made it as well. Iceland allowed it's banks to fail - and is doing all 
the better for it Video footage shows mounted police charging a crowd of UK student protesters during this week's tuition fees demonstration. Met police issue denial but witnesses tell of terrifying ordeal"
DJIA,2010-11-29,The hypocrisy of the media attack on Wikileaks - The traditional media has become so toothless it is reduced to attacking Wikileaks for doing its job properly.,"Wikileaks cable leak: Guardian WikiLeaks asked the US for help redacting potentially injurious information.  The US refused. ""Defense Minister Kim Tae-young said Monday [November 29, 2010] that fighter jets and warships of South Korean and U.S. forces will immediately strike North Korean targets should the North launch an attack on the South's soil again."""
DJIA,2010-11-30,"Ecuador offers WikiLeak's founder Assange residency, no questions asked.","Wikileaks cables reveal China 'ready to abandon North Korea' Jon Stewart on Saudi Arabia: ""...we give them money for oil, that allows them to buy weapons from us with a little left over to fund terrorist groups that we must then send our military over to fight, which costs a lot of money and fuel...."" A retired French electrician living on the Riviera has stunned the art world and left Picasso's heirs in ""a state of shock"" after coming forward with 271 undocumented works of Picasso...."
DJIA,2010-12-01,"Noam Chomsky on declaring Wikileaks a 'terrorist organization': ""Outlandish. ... One of the major reasons for government secrecy is to protect the government from its own population.""","And suddenly the Julian Assange rape claims reappear... North Korea 'likely to attack again' Sweden celebrates 100 years with no capital 
punishment"
DJIA,2010-12-02,"If you truly support WikiLeaks, why not support Bradley Manning, the US solider who leaked the documents in the first place?","Monsanto GMO sugarbeets to be destroyed, court concludes USDA illegally approved biotech crop Wikileaks Cables Reveal That Canada Is Boring Julian Assange and one of the most relevant and intelligent speeches ever...the Oslo Freedom Forum speech"
DJIA,2010-12-03,WikiLeaks vanishes from web as US company removes DNS support | Media | guardian.co.uk,Chinese drive their new motorcycles and cars like they are still on bikes. Disaster results.  Mexican police chief who took the job men didnt want is shot dead Assange not actually accused of Rape. Dude just didn't use a Condom and is being busted by some random Exclusive-to-Sweeden law.
DJIA,2010-12-06,Razor 1911: Because of the recent efforts to close down wikileaks. We have decided to join up in the mass-mirroring of the site. For free journalism on a free internet.,"Just a reminder, only 837 documents out of 251,287 have been released so far by Wikileaks. ""Even if you take down the server in Sweden, it's too late,"" Swiss Pirate Party VP Pascal Gloor says. ""There are hundreds of mirrors of WikiLeaks now. It's a test for Internet censorship. Can governments take something off the net? I think not."" Payback: Bank That Froze Julian Assange's Bank Account Has Now Been Taken Down By Hackers"
DJIA,2010-12-07,Wikileaks: May I remind you that the same collective now being persecuted as a 'terrorist organisation recently received Amnesty International's New Media Award for reports on human rights abuses in Kenya.,"I'm going to be very unhappy if they capture Julian Assange without so much as a single snowmobile chase. Wikileaks: Swiss bank closes Julian Assange's account Facebook issues statement saying that it will NOT ban content from WikiLeaks: ""[It] does not violate our content standards nor have we encountered any material posted on the page that violates our policies."""
DJIA,2010-12-08,MC Hammered: Mastercard downed under DDOS overnight,"WikiLeaks: Texas Company Helped Pimp Little Boys To Stoned Afghan Cops The Vicepresidency of Bolivia is hosting the Wikileaks cables on their official website! ""The Australian government on Wednesday [December 8, 2010] blamed the United States, not the WikiLeaks founder, for the unauthorised release of about 250,000 secret U.S. diplomatic cables and said those who originally leaked the documents were legally liable."""
DJIA,2010-12-09,"WikiLeaks payment firm to sue Visa, MasterCard","Popular US television shows including Friends and Desperate Housewives have done more to stifle Islamic extremism in Saudi Arabia than hundreds of millions of dollars spent on propaganda, according to a leaked diplomatic cable. Russia calls for WikiLeaks founder Julian Assange to be given the Nobel Peace Prize - A source from inside president Dmitry Medvedev's office told Russian news agencies: 'Public and non-governmental organisations should think of how to help him. 'Maybe, nominate him as a Nobel Prize laureate.' In other news..Indian Ambassador to US singled out and received 'pat down' from TSA because she was wearing 'sari' and Indian traditional dress"
DJIA,2010-12-10,"Wikileaks. Brazil's President Lula defends Assange: ""Instead of blaming someone who has disclosed these documents, those who wrote them should be blamed""","Wikileaks Reveals U.S. Tax Dollars Fund Child Sex Slavery in Afghanistan ""They're entitled to be paid it, [and] we're entitled to tax it"" - Ireland proposes to tax banker's bonuses at 90% Pfizer payout miilions over chemical testing on Nigerian Town - Wikileaks"
DJIA,2010-12-13,"WikiLeaks copycats are popping up all over the world: IndoLeaks, BrusselsLeaks And BalkanLeaks","NKorea threatens SKorea with nuclear war What would you say if China threatened to issue an international warrant for the head of the BBC because they published news of the Nobel Peace Prize? Now, how about the US and WikiLeaks? Assange: The more secretive or unjust an organization is, the more leaks induce fear &amp; paranoia in its leadership and planning coterie. Since unjust systems, by their nature induce opponents, mass leaking leaves them vulnerable to those who seek to replace them with more open forms of governance"
DJIA,2010-12-14,"Relatives of Spanish cameraman killed in Baghdad use WikiLeaks to press for justice: After years of delays, the family of a Spanish journalist killed in a 2003 US attack on a Baghdad hotel turns to WikiLeaks documents that suggest the US and Spain colluded to prevent legal action!",BBC reporter accuses protester with cerebral palsy of rolling threateningly towards police before he was dragged from his wheelchair. Halliburton bribes its way out of bribery charges. Disabled man dragged from his wheelchair by police during student protest in England
DJIA,2010-12-15,The inhumane detention conditions of Bradley Manning - Glenn Greenwald - Salon.com,"Iceland Considers Revoking Visa/MasterCard Licenses For Wikileaks Ban British police tactic ""kettling"" challenged on 
multiple breaches of the European Convention on 
Human Rights including: Article 5 - the right not 
to be unlawfully detained; Article 10 - the right to 
freedom of expression; and Article 11 - the right 
to freedom of assembly My name is Jody McIntyre and I didnt begin fighting for equality on the 9th December, the night that I was thrown from my wheelchair and dragged across the road by a riot police officer."
DJIA,2010-12-16,"""We now know that Visa, Mastercard, PayPal and others are instruments of US foreign policy"" - Julian Assange","UK, not Sweden, behind efforts to keep Assange in jail - the British are lying WikiLeaks Big Oil spills: BP covers up blowout, blackmails Azerbaijan An Italian court increased sentences for 23 CIA agents convicted in absentia of abducting an Egyptian imam in one of the biggest cases against the US ""extraordinary rendition"" program"
DJIA,2010-12-17,"Richard Stallman: The actions against MasterCard and Amazon are not 'hacking'. People are just finding a way to protest in a digital space, the internet equivalent of a mass demonstration | guardian.co.uk","The French Government Can Now Censor the Internet. This black list will be defined by the government only, without requiring the intervention of the legal system. Julian Assange interview with BBC hours after his bailout, 13 min. ""Now WikiLeaks has laid bare the lies and collusion, we pledge to not just witness but actively participate in its fight for democracy"""
DJIA,2010-12-20,"Visa, Mastercard and PayPal all enable donations to be made to US-registered groups funding illegal Israeli settlements in the West Bank in defiance of international law.","All Internet porn To be blocked in the UK - Customers would have to request to get porn turned on Assange: ""We have clearly stated motives, but they are not antiwar motives. We are not pacifists. We are transparency activists who understand that transparent government tends to produce just government. And that is our sort of modus operandi... to get out suppressed information into the public"" ""Sweden gave us a home, treated us well, and offered us things that others, Arabs, non-Arabs, Muslims and non-Muslims, refrained from doing."""
DJIA,2010-12-21,Reporters without borders to host mirror site of Wikileaks,"Assange: ""Our technology means we don't know who is submitting us materials. But the name Bradley Manning was first heard by us when we read an article about his arrest in Wired magazine.""  When I was in Iraq, something happened to me that I can only explain by saying that I
lost my mind. At some point while I was in Iraq, I stopped seeing Iraqi's as good and
bad, as men, women, and children. I started seeing them all as one, and evil, and less
than human. Assange lost tooth, was housed with child killers in prison. WikiLeaks founder says he has enough material to make major US bank head resign"
DJIA,2010-12-22,Spanish parliament rejects anti-downloading law that would have allowed the courts to close down p2p websites. Wikileaks revealed the US bullied Spain into trying to pass this law. Rest of the world: it's your turn to stand firm against those who try to impose internet censorship. You can do it too!,WikiLeaks smoking cable: Israel said it had secret accord with U.S. over expanding settlements even as Obama said in Cairo they must stop Is it really happening in Europe? More than 600 in jail including five presidential candidates and nobody cares?! Russian newspaper gets unlimited access to the WikiLeaks database
DJIA,2010-12-23,UN's top torture official now investigating WikilLeaker Cpl. Brad Manning's pre-trial prison conditions.  USA may soon be labelled a nation that engages in torture.,"Bomb explodes at Swiss embassy in Rome Wikileaks: All 250,000 cables reported leaked in Norway WikiLeaks to release Israel documents in six months"
DJIA,2010-12-27,"Al Jazeera has put out their Top 10 stories of 2010.  I think it's more deserving of our traffic and attention than Time's Bogus Person of the Year gag, not to mention all the other pointless polls people try to influence.  ","WikiLeaks has not been convicted of a crime. The US Justice Department has not even pressed charges. Nonetheless, the financial industry is trying to shut it down! This decisions came after Assange said it will release data revealing corruption in the financial industry PirateBay Take-down and Changes to Swedish Intellectual Property/Civil Liberties Legislation Exposed to be Heavily Influenced by the American Government According to WikiLeak Cables Released to the Swedish Piracy Party (Google Translate) For more than six months, Wired's Senior Editor Kevin Poulsen has refused to publish key evidence in the arrest of U.S. Army PFC Bradley Manning for allegedly acting as WikiLeaks' source.  Wired is owned by Conde Nast, owners of reddit.com"
DJIA,2010-12-28,"The Paper That Finally Changed The Law on Drugs: Published in The Lancet, the paper demonstrates  clear scientific evidence that opposes UK drugs policy. The Government respond by removing from law the need to have a scientist on the Advisory Council for the Misuse of Drugs!","Portugal's drug policy pays off: US which has been  waging a 40-yr, $1 trillion war on drugs, is looking for answers in tiny Portugal For six months, Wired's Senior Editor Kevin Poulsen possessed but refuses to publish the key evidence in the arrest of Bradley Manning for allegedly acting as WikiLeaks' source. Adrian Lamo - an informant - gave Poulsen the full chat logs between Manning and Lamo. Wired was free to publish them Wikileaks will be the death of big business and big government: The Wikileaks revolution isnt only about airing secrets and transacting information. Its about dismantling large organizations - from corporations to government bureaucracies. It may well lead to their extinction"
DJIA,2010-12-29,USA forced Sweden's hand on piracy and Pirate Bay crackdown,"Paris to ban SUV's from driving city streets WikiLeaks cables revealed 'secret concerted U.S. effort to stop a crusading Spanish judge from investigating a torture complaint against former Attorney General Alberto Gonzales and five other senior Bush lawyers.' German Kindergartens ordered to pay copyright for songs - Up until this year, preschools could teach and produce any kind of song they wanted. But now they have to pay for a license if they want children to sing certain songs."
DJIA,2010-12-30,Chinese villager with a history of speaking out against government abuse found dead due to a traffic accident. Except Chinese netizens suspect that he may have been held down by four men as he was run over by a truck.,Juarez is dying. Europe to ban hundreds of herbal remedies Former Israeli president Moshe Katsav convicted of rape.
DJIA,2010-12-31,Julian Assange Threatens To Name Arab Leaders With CIA Ties,"When I hear someone say that soldiers defend our freedom, my immediate response is to gag. But I can think of one exception. If theres a soldier anywhere in the world whos fought and suffered for my freedom, its Pfc. Bradley Manning An area of Australia larger than France and Germany combined is currently underwater in the worst flooding in recorded history. 200,000 people are currently cut off with water levels still rising. More links in comments. 'Dancing Boy' Scandal Taints Both Americans and Afghans - To win over Afghan locals, American contractor DynCorp bankrolled 'bacha bazi' parties -- the culturally accepted practice of pedophilia by men against boys."
DJIA,2011-01-03,"Wikileaks releases cable of the July 1990 meeting between then-US Ambassador to Iraq, April Glaspie, and Saddam before the Kuwait invasion: Saddam's message of friendship to President Bush","""The WikiLeaks saga has a message . . . Your day is over. There needs to be a better, more open, more transparent way of conducting policy and politics. Because wherever democracy is broken, the social internet will find a way around. In China, in Iran and yes, even in our precious European Union."" 7.1 magnitude earthquake hits Chile. Lack of Jobs in Southern Europe Frustrates the Young - even multiple degrees and five languages are not enough to land a paying job"
DJIA,2011-01-04,Punjab(Pakistan) governor Salman Taseer assassinated in Islamabad,"Some Christians have predicted the end of days by May 21st.  I'm challenging them to bequeath me their property on May 22nd. If Youre Homeless In Japan, Here Are Your Options And so it starts...Sri Lanka considers banning mini-skirts , removal of billboards featuring scantily-clad women ...The Lakbima News newspaper said mini-skirts could be banned if the cultural ministry had its way under a ""new era of moral purity."""
DJIA,2011-01-05,"Cable from the U.S. Embassy in Tel Aviv says Israeli officials wanted Gaza's economy ""functioning at the lowest level possible consistent with avoiding a humanitarian crisis.""","Over 3,000 birds fall dead in AR, over 500 in LA; 83,000 drum fish wash up on shore; 20,000 fish in Chesapeake Bay; 15 tons of fish wash up dying on shores of Brazil. In four days. Assange: WikiLeaks does not have concerns for ""US national security"", but rather for human beings Greek professor of linguistics at Cambridge University credited with identifying an endangered Greek dialect which is spoken in a remote mountainous region in northeastern Turkey and is believed to be a linguistic gold mine because of its close similarities to ancient Greek."
DJIA,2011-01-06,Italy becomes the first country to ban plastic bags nationwide!,Five Myths About the Chinese Communist Party The little red book that swept France:  The latest call to (non-violent) arms has turned a 93-year-old war hero into a publishing phenomenon. Furore over 'censored' edition of Huckleberry Finn
DJIA,2011-01-07,"Egypt's Muslims attend Coptic Christmas mass, serving as ""human shields""","Too far. The UK government is about to sell the country's forests to timber companies. Wikileaks: Companies including Coca Cola, Hewlett Packard &amp; Motorola complained of widespread corruption by Israeli officials at Gaza crossing; trucks stalled if firms did not pay bribes. WikiLeaks: Secret whaling deal plotted by US and Japan | Environment | guardian.co.uk"
DJIA,2011-01-10,"Russia's Murrow moment - Leonid Parfyonov's stunning speech to Russian TV executives in November was ignored by Russian state television, but you can watch it on YouTube. His audience listened in deadpan shock as Parfyonov said out loud what everyone in Russia knows to be the truth.","US forces have fired so many bullets in Iraq and Afghanistan - 250,000 for every insurgent killed - that US ammunition-makers cannot keep up with demand. As a result the US is having to import supplies from Israel Sodomy is punishable by death in Saudi Arabia, but gay life flourishes there. Why it is easier to be gay than straight in a society where everyone, homosexual and otherwise, lives in the closet Plane carrying 105 people crashes in Iran"
DJIA,2011-01-11,"Uh, reddit? Brisbane, AU (one of our largest cities) is currently being washed away. Massive floods, death toll rising. ",Julian Assange 'faces execution or Guantnamo detention' BREAKING: Government troops are killing protesters in Tunisia. [NSFW Very Graphic] How the Arizona Shooting is Being Viewed in Europe: symptomatic of a superpower in decline and at the mercy of radical politics.
DJIA,2011-01-12,"West African farmers have succeeded in cutting the use of toxic pesticides, increasing yields and incomes and diversifying farming systems as a result of an international project promoting sustainable farming practices.","Sweden 'buying US time' in Assange case - ""We are hearing that the Swedish are prepared to drop the rape charges against Julian as soon as the Americans demand his extradition,"" he said, citing sources in Washington and Stockholm. Mexicos Drug War Eliminates a Police Force in Chihuahua: Bit by Bit, a Mexican Police Force Is Eradicated 'I'm French, f--- you!': smoker on flight charged with assault "
DJIA,2011-01-13,"Aussie here: Just want everyone to know that Brazil and Sri Lanka are suffering flooding too, and probably need more aid than we do. (120,000 homeless, hundreds dead)","Wikileaks volunteer detained by U.S. agents Italy's Constitutional Court Thursday struck down key parts of a law that would protect Prime Minister Silvio Berlusconi from prosecution. Pregnant Al Jazeera reporter objects to 'humiliating' Israeli security checks: 'When I was told to take off my bra, that was enough for me'
"
DJIA,2011-01-14,"Haiti reconstruction firms only get $1.60 for every $100, rest goes back to American companies.","BREAKING: Italian Prime Minister Silvio Berlusconi formally under investigation for using teenage prostitute and abusing his position as PM Afghan Taliban ""end opposition to educating girls"" PM replaces Tunisia president - Africa - Al Jazeera English"
DJIA,2011-01-18,"Mauritanian Islamic leaders issue a fatwa banning 
female genital mutilation (FGM)","French mansion has been unlocked after being sealed 100 years as a time capsule, now reopened as a museum Tony Blair misled Parliament by claiming that Britain could legally attack Iraq in the face of UN opposition despite being given clear advice to the contrary Meanwhile in Kuwait : Emir grants $4 billion and free food for 2.2 years for all 1 million Kuwaiti citizens , even covers newborns born until feb 1 to celebrate 50 years of Independence  "
DJIA,2011-01-19,"Several thousand Israelis protested in Tel Aviv waving the Israeli flag and Palestinian ones: ""We came to protest against the government's policies and the lack of democracy in our country""","The fact is that Amsterdam's heroin-addict population has been stable or falling for two decades. That's even though, since 2002, the Dutch authorities have been doing something even more radical than Portugal's for heroin users: they've been giving them free heroin. Venezuela will connect Cuba to a high-speed fiber optic cable next month undermining US sanctions Swiss banker who gave Wikileaks details of rich tax evaders has been found guilty of breaching Switzerland's strict bank secrecy laws."
DJIA,2011-01-20,"The WikiLeaks disclosures are significant precisely because they expose govt deceit, wrongdoing and brutality, but the damage to innocent people has been deliberately and wildly exaggerated - fabricated - by the very people whose misconduct has been revealed.","After failed peace talks, US aid to Israel questioned: Despite giving Israel $3 billion in military aid a year, US lacks leverage What Does Wikileaks Have on Bank of America?: BofA now moving into high gear on damage control, creating a ""war room"" to fight off an upcoming release of WikiLeak documents Brisbane Floods before and after, super slick interface"
DJIA,2011-01-21,Iceland Doing it Right : Special prosecutor into the banking crisis confirms raids and arrests have been made today.Central Bank of Iceland is among the institutions under investigation.One of the arrested parties is former National Bank of Iceland treasury boss.,"Norway announces it will be among the first to recognize Palestinian State IF negotiations with Israel fail to make headway by september.  Footage of Israel demolishing Palestinian lands and building settlements, filmed by a racist Israeli settler His home firebombed, his dog burned, and invaded by masked men, this man defended himself by firing his gun to scare his attackers.  Police charge the homeowner.  The message?  Cops have a monopoly on force."
DJIA,2011-01-24,Blast rocks Moscow's main airport,"""For most of the last two years, Israeli Prime Minister Benjamin Netanyahu has said that it is Israel alone that is willing to make the hard concessions for the sake of peace. These documents show it is the Palestinian Authority that were willing to make considerable concessions."" UK Police are accused of inciting illegal protest by posting messages to activist websites to incite and expand the very protests they are expected to manage. Two Iranian opposition activists are hanged for distributing footage and photos of protests"
DJIA,2011-01-25,Tunisia-like riots now breaking out in Egypt,"Live Updates of the Protests in Egypt - it is growing.  First protester killed in Egypt ""We want a revolution. We don't want Hosni Mubarak."" ~Egyptian Police Captain"
DJIA,2011-01-26,Cairo residents in Egypt remove passwords from their wi-fi routers so protesters can communicate with the world,"An Egyptian protester faces a water canon vehicle solo.  Mahmoud Saad, a talk show host in the Egyptian state-run TV, has announced that he will no longer appear on TV starting tonight after he came under pressure from top government officials to defame protestors as rioters destroying the country. Woman mayor shows her horrific scars after surviving two assassination attempts by Mexican gangs

"
DJIA,2011-01-27,"Egyptian police violently beat British journalist, smooth move Egypt, now we know what is happening to those 100s of people arrested.","And so it continues...Anti-government rallies hit Yemen In one fell swoop, the candor of the cables released by WikiLeaks did more for Arab democracy than decades of backstage U.S. diplomacy. Anonymous warns Egyptian Regime that they will ""make sure the international media sees the horrid reality you impose upon your people"""
DJIA,2011-01-28,Anonymous is getting around Egypt's Internet blackout by mass-faxing WikiLeaks cables to Cairo.,"Mubarak speaks, dismisses government and says he will name a new government tomorrow.  Sounds like he's not going anywhere. Yeah Canada! - ""Tunisian dictator's family  'not welcome' in Canada"": PM Open Letter from Anonymous to the UK Government"
DJIA,2011-01-31,5 Al-Jazeera Journalists Just Got Arrested In Egypt,"Reddit Londoners: Please come protest at Gamal Mubarak's house in London tomorrow (Monday) Al Jazeera's website has seen a 2500% increase in traffic...60% of that is from the U.S. Ugandan lesbian awaiting deportation from England, faces certain torture for her sexuality"
DJIA,2011-02-01,"For Egypt protests, Google has enabled feature to post to Twitter with just a voice connection",Al Jazeera Offers Up Egypt Coverage To Anyone Who Wants To Use It Under Creative Commons License The King Of Jordan just dismissed his government in an attempt to not be the next Egypt Al Jazeera is reporting two million people have showed up in Cairo and hundreds of thousands of protesters are marching in other cities.
DJIA,2011-02-02,Clashes have broke out between pro and anti-government demonstrators in Tahrir Square as protesters claim Mubarak concessions 'insufficient' ,"Mubarak says he won't stand for re-election in September and will aid a peaceful transition of power. Hundreds of pro-Mubarak supporters attack protesters in Cairo's central square. Situation is escalating. ""...it is absurd to think of this as simply clashes between two rival groups. The pro-democracy protesters are unarmed and have been peaceful at every step. But the pro-Mubarak thugs are arriving in buses and are armed  and theyre using their weapons."""
DJIA,2011-02-03,Canadian Government to reverse CRTC decision on Internet billing. (UBB),"I don't know if this fits into r/worldnews, but it has to be seen by the world. Mubarak's ""security"" forces drive through the crowd 14 year old girl whipped to death by Islamic clerics Fox News Team Severely Beaten in Cairo and Hospitalized. (Greg Palkot &amp; Olaf Wiig)"
DJIA,2011-02-04,Horrific video of 20+ Egyptian citizens being run over by a diplomatic vehicle in the streets of Cairo Jan 28.,"Vodafone admits that the Egyptian government forced it to send text messages to help organize the Pro-Mubarak demonstrations Demand Al Jazeera in the US! One of my professors (Egyptian, and Egyptian History Expert) wrote this article detailing the situation there for outsiders. There seems to be a lot of you who would like to know more, so I hope this helps. (small .pdf warning)"
DJIA,2011-02-07,Einstein was right - honey bee collapse threatens global food security  - Telegraph,"California-based Boeing subsidiary, Narus, sells deep-packet inspection to Egypt to track social media use Assange Extradition Trial Begins Shocking videos emerge from Egypt showing civilians shot by snipers and police"
DJIA,2011-02-08,The Church of Scientology is Under Investigation for Slave Labor,"Shocking 'Egypt images' emerge - Middle East - Al Jazeera English Louis Theroux: The Ultra Zionists Egyptian President Hosni Mubarak may be the world's richest man with an estimated fortune of $70 billion dollars, according to reports."
DJIA,2011-02-09,The suffering of Southern Africa under AIDS in one figure,"Anonymous sends an open letter to the UK government over the arrest of 5 of its members related to the DDoS attacks on Paypal et al. Muslims return favor, join hands with Christian protesters for Mass in Cairo's Tahrir Square Cairo: Week 3, day 16, and with every passing hour, the regime digs in deeper"
DJIA,2011-02-10,Another Egyptian police van runs over protesters but is overpowered and tipped over [video],My university claims it doesn't have enough money for teaching.  Turns out they have been using it to source information on Iran for the US embassy. Wikileaks I love you. A third of Russians think the sun revolves around the earth. If only there was some sort of smart-ass remark to make fun of this... 28 hours in the dark heart of Egypt's torture machine 
DJIA,2011-02-11,BREAKING NEWS: Mubarak will NOT step down. Will NOT bow to foreign pressure.,"BREAKING: Mubarak steps down, military council to run Egypt Muslim Brotherhood rejects Khamenei calls for Iran-style Islamic state  Hosni Mubarak has announced he is stepping down as President and has transferred control of Egypt's affairs to the high council of the armed forces."
DJIA,2011-02-14,Breaking: Anti-Government Protests Spread to Iran.  Thousands march together today.,"Citizens of Algeria vow to hold a protest every Saturday until the government falls Chevron Fined $8.2 Billion in Ecuador Pollution Case Mubarak and family amassed $70 billion: He may be the richest man and they the richest family on Earth. All this happened when millions of Egyptians lost their farms, while more than 40% live on less than $2 a day"
DJIA,2011-02-15,Italian PM Silvio Berlusconi to stand trial on charges of paying for sex with an underage girl and abuse of power.,"Wikileaks, Bank of America and Glenn Greenwald: ""It was the DOJ that recommended HB Gary to Bank of America. And their actions fit the DOJ's agenda to destroy WikiLeaks. The DOJ will conveniently look the other way."" Defector admits to WMD lies that triggered Iraq war Bahraini Protestors take the main square!"
DJIA,2011-02-16,Japan suspends Antartic whaling - BBC,"CBS News' Lara Logan Assaulted During Egypt Protests Mubarak ordered Tiananmen-style massacre of demonstrators, Army refused. Mubarak ordered the Egyptian Third Army to crush the demonstrators in Tahrir Square with their tanks. Fathers who had spent their lives serving the Egyptian army told their sons to disobey. Will popular uprisings have the same effect on Qaddafi as they did on Mubarak? The mere fact that people are lifting up their heads in a brutal police state like Libya is an incredible testament to human courage. 
"
DJIA,2011-02-17,"In a dramatic departure from longstanding policy, the United States intends to support a United Nations Security Council resolutions censuring Israel for building settlements in Palestinian territory.","Killing two people and injuring many, Bahrain police carry out a surprise, nighttime attack on square where protesters camp out. A ""loosely organised"" group of hackers has been targeting oppressive regimes and has said this is just the beginning. An unprecedented cyber attack on the Canadian government from China has given foreign hackers access to highly classified federal information."
DJIA,2011-02-18,Senior officers in Iran's Revolutionary Guards have written a letter to their commanding officer demanding assurances that they will not be required to open fire on anti-government demonstrators. ,"Egyptian flock to buy previously banned books Bahrain Forces open on hundreds of mourners, sending people running away in panic amid the boom of concussion grenades (!) ""We are calling for help. We are calling for all the countries in the world. We call for help here in Bahrain."""
DJIA,2011-02-22,"Large quake strikes Christchurch, New Zealand","Nearly all of Libya's foreign diplomats (including the Libyan ambassador to the U.S.) are urging nations to impose a no-fly zone in Libya to stop Gaddafi from attacking civilians with jets &amp; helicopters. BREAKING: Lybia  using FUCKING PLANES to kill protesters.
 Eastern part of Libya falls as military refuses to kill citizens"
DJIA,2011-02-23,Is anyone listening to Gadaffi right now? He is batshit insane.,"Libya: Horrific Twitter posts, videos and pics direct from Libya--WARNING:HIGHLY,HIGHLY GRAPHIC SOME OF THESE ARE NSFL! BREAKING NEWS: Libyan military aircraft CRASHES after crew REFUSES TO BOMB city of Benghazi, reports Libyan newspaper Quryna.  Egyptian soldiers wouldn't shoot their own citizens. Why do Libyans shoot theirs? Because they are not Libyans doing the shooting. They are $2000 per day mercenaries. "
DJIA,2011-02-24,"90% of Libya in Rebel Hands: Qaddafi is left only with Tripoli, about 1 million people, where the streets are ghostly and marauding security forces hotrod it through the streets, sometimes firing indiscriminately",Switzerland Freezes Assets of Qaddafi Fear in Saudi Arabia: King Abdullah announces $36bn in financial support measures to avert the kind of popular unrest that has toppled leaders across the region BREAKING:  Ghadafi's son joins the Libyan protesters!
DJIA,2011-02-25,protests spread to North Korea,"Merkel rebukes Israeli PM Netanyahu for failing to advance peace. 'You haven't made a single step' Vatican: Priests in 23 countries have been sexually abusing and raping nuns for years South Korea drops leaflets into North about democracy protests in Egypt, Libya &amp; the Middle East."
DJIA,2011-02-28,African mercenaries hired by the Gaddafi regime to kill Libyan protesters would be immune from prosecution for war crimes due to a clause in this weekend's UN resolution that was demanded by US,"Wikileaks goes after the Saudi royal family - ""Besides the huge monthly stipends that every Saudi royal receives, the cables detail various money-making schemes some royals have used to finance their lavish lifestyles over the years."" World wide peaceful protest against the banking/corporate elite and what they are doing to us and our planet. April 15-17. Lets make this big!!! Reddit, there's a group of young men and women trying to bring an end to one of Africa's tyrannical regimes and they could use your help. Sudanese forces are beating and imprisoning peaceful protesters demanding fair elections, fair wages and an end to corruption and injustice. "
DJIA,2011-03-01,Anonymous Open letter To The World [Time to make the world what it should be!],Wikileaks among nominees for 2011 Nobel Peace Prize Tony Blair used his final foreign trip as prime minister to sign a confidential deal with Muammar Gaddafi to train Libyan special forces and supply him with Nato secrets.  German Defence Minister Karl-Theodor zu Guttenberg has stepped down after he was found to have copied large parts of his university doctorate
DJIA,2011-03-02,The problem with Google Earth: people will get mad when they see the scale of your huge palace next to insanely crowded slums. Just ask the King of Bahrain...,"My father recieved Non Hodgkin's Lymphona cancer after serving in the Bosnian war, and now after 25+ years peacekeeping for his country they deny him a pension. Please help get the word out, VAC is taking my dad's last days away from him.
(chronicle herald article included)  Libya's Bankers Exposed: Goldman, JP Morgan And Citi A summary of what WikiLeaks has uncovered so far. Staggering."
DJIA,2011-03-03,"Can we stop referring to what's happening in Libya as a ""protest""?  We have armed rebel forces engaging in guerilla combat with bazookas and heavy artillery, taking and losing cities.  This is officially a civil war.","The Ivory Coast president, Laurent Gbagbo, has cut off electricity and water supplies to millions of people in the north of the country ""for political reasons"", the UN has said. CNN Anchor Interviews Al Jazeera Anchor Who Interviewed Libyan Rebels Reports that Egypt's military junta is already handing out jail sentences to activists"
DJIA,2011-03-04,These photos are fucking amazing - from the BBC's 'Human Planet' series.,"In London, it will soon be illegal to: lie down on the ground, give away food or drink for free or be homeless The Man Who Plowed Into A Group Of Bikers Is A Brazilian Central Banker, And He's Charged With Attempted Murder
 Ok now the Mexican drug war is interesting: Mexican army soldiers caught transporting cocaine by the ton... "
DJIA,2011-03-07,"Pink Floyd band member Roger Waters joins a campaign of Boycott, Divestment, and Sanctions (BDS) against Israel.","WikiLeaks Blows The Lid Off The Sex Parties And Drug Usage Among The Saudi Royals - ""The full range of worldly temptations and vices are available -- alcohol, drugs, sex -- but strictly behind closed doors...""
 Leaked classified memo: Obama asking Saudi king Abdullah to arm Libyan rebels Report: Gaddafi agrees to leave power if his safety is guaranteed"
DJIA,2011-03-08,BitTorrent User uses $4 Seedbox and Saves 172 BBC Websites From Extinction to expose the cost savings of this proposed exercise as nothing more than a charade to appease the detractors to a strong BBC and to curry favour with the David Cameron government.,Wikileaks cables leaked information regarding global food policy as it relates to U.S. officials  in the highest levels of government  that involves a conspiracy with Monsanto to force the global sale and use of genetically-modified foods. Israeli Defense Minister: Israel may ask US for additional $20 billion in military aid in response to Arab pro-democracy upheavals Gaddafi deploys tanks and hundreds of troops in all-out effort to take Zawiyah
DJIA,2011-03-09,Chinese dissident creates a Facebook account using a name without documentation to avoid arrest. Facebook bans him. Then Mark Zuckerberg creates a profile for his dog. ,"LONDON  Police have arrested nine people, including two of Britain's wealthiest entrepreneurs, on suspicion of fraud in connection with the 2008 collapse of Iceland's Kaupthing bank Raped 13-yr-old Peruvian, tries to commit suicide by jumping out of window, survived but paralyzed. Doctors not only refused to operate as she was pregnant, but also denied her abortion People Don't Know When They Are Lying To Themselves - 
Interesting new research on cheating hints that we should view humans as rationalising rather than rational animals. In many instances ""cheaters not only deceive themselves, but are largely oblivious to their own lies"""
DJIA,2011-03-10,"Dalai Lama to retire, citing that the Tibetan people deserve a freely elected leader.",Julian Assange police investigator a friend of sex assault accuser France recognises rebels as Libyan government Interrogator in Assange case is friends with one of the two women who reported Wikileaks-founder of sexual abuse
DJIA,2011-03-11,Massive 7.9 earthquake in northeastern Japan. Someone post links please? Many domestic sites are crashing. Tsunami warning for Sendai.,"Danish artist Nadia Plesner paints an African child holding a bag and a chihuahua, resembling Paris Hilton. Louis Vuitton sues her and wins in court.  Video of tsunami hitting japan. Devastating. Putin proposes scrapping visas between Russia, US"
DJIA,2011-03-14,"While my heart aches at what is happening in Japan, I feel that we have a responsibility to not let the world forget about what is happening in Libya. Help keep Libya on the homepage.","Yemeni Government forces have opened fire on unarmed demonstrators with poison gas, teargas and live bullets; there is however no international outcry. Japan: An elderly man trapped in his house was rescued after three days. He says in a strong voice, ""I am fine. I experienced the 1960 tsunami so I am fine. Let's rebuild again!"" 0221: Urgent: Explosion at Reactor 3

0220: Sea level has dropped five metres off Fukushima, confirming imminent arrival of tsunami - Japanese TV."
DJIA,2011-03-15,"Germany's new boom: making money by making stuff; UK and US increasingly relied on the financial sector, Germany concentrated on manufacturing","Outrageous: Bahrain forces shooting medical personnel, seizing 6 ambulances, using them to fire on protesters While my heart aches at what is happening in Japan and Libya, I feel that we have a responsibility to not let the World forget about what is happening in Haiti.  Oh, Wait.  The World HAS forgotten about Haiti.  Here's hoping for some homepage love, Haiti.   I'm in Japan and we just got rocked again.  6.0 earthquake hits Shizuoka, Kanagawa, &amp; Tokyo."
DJIA,2011-03-16,"A Japanese home adrift in the Pacific Ocean, photographed by U.S. Navy Mass Communication Specialist 3rd Class Dylan McCord. [PIC]",Brave men in Japan stay back to help contain the nuclear plants.  Honor and courage in their blood. A video from Japan **BREAKING NEWS**(15MAR2011 10:51PM EDT) Work to Prevent Meltdowns at Japanese Nuclear Plant Suspended; All Workers Evacuated Due to Radiation Surge
DJIA,2011-03-17,Raw video of an unarmed protester co-operating with riot police in Bahrain shot in the chest and head (NSFW). Need to spread the word.,"Britain, France and US line up for airstrikes against Gaddafi: Security council expected to pass resolution calling for states to protect Libyan civilians Julian Assange warned privately by Australian 
intelligence official about ''dirty tricks'' from the US 
intelligence community, including the possibility of 
sexual entrapment. Quebec Bans Fracking For Oil/Gas"
DJIA,2011-03-18,Libya Calls Immediate Ceasefire,"Power cable reaches Japan nuclear plant ""Gaddafi is a liar"" and ceasefire a sham as Misurata attacked GOOD NEWS FROM JAPAN: Tokyo Electric Power Co has connected the external transmission line with the stricken Daiichi nuclear power plant and confirmed that electricity can be supplied"
DJIA,2011-03-21,"""War On Drugs has failed and should be abandoned 
in favour of evidence-based policies"" - former heads 
of MI5, CPS, BBC","Per terrawatt/hour of energy generated, coal kills 161 people - compared to 0.04 deaths from nuclear Fukushima's 2 reactors under control after cooling functions restored Yemen's Military Joins Protesters after Friday Violence - President Saleh now Stands Alone"
DJIA,2011-03-22,"Canada's Government has for the first time in its history, been found in contempt of Parliament. ","Religion may become extinct in nine nations, study says China is now cutting off phone calls mid-sentence when words like ""protest"" are used Ex-Israeli president jailed for rape: Moshe Katsav sentenced to seven years in jail for rape and other crimes"
DJIA,2011-03-23,Israel passes new Nakba Law to punish public institutions for any reference to the Israeli occupation of Palestine in 1948 as a catastrophe or 'Nakba',Japanese man dons scuba suit and swims through tsunami to rescue wife Women not allowed to vote in Saudi elections Gaddafi's air force 'defeated' - BBC
DJIA,2011-03-24,7.0 Earthquake Hits Burma,"25 dead in Syria and rising rapidly - government has 'declared war,' killing protesters INDISCRIMINATELY N.Korea's Kim Jong-il sends $500,000 to quake-hit Japan
 ""European governments  including Britain and France  sold Libya more than $470 million worth of weapons [in 2009], including fighter jets, guns and bombs ... the Obama administration was working to provide the Libyan dictator another $77 million in weapons"
DJIA,2011-03-25,A serious leak of classified information has just taken place - senior Gadhafi aide was told to take bodies from a morgue and place them at the scene of the bomb damage. Will Eric Holder announce investigation to find out who is responsible for this leak?,"Canadian Government expected to fall Friday  France court finds Monsanto falsely advertised Roundup as being ""biodegradable"" and that it ""left the soil clean."" Video of police shooting a 14-year-old boy several times comes to light."
DJIA,2011-03-28,"Details emerge on US ""kill team"" in Afghanistan- ""The boy did as he was told. He stood still.
The soldiers knelt down behind a mud-brick wall...As the grenade exploded [they] opened fire, shooting the boy repeatedly at close range with an M4 carbine and a machine gun.""","Libya Rape Accuser Missing - The Libyan govt said late Sunday that Eman al-Obeidi, the woman who burst into a Tripoli hotel and tried to tell foreign journalists about being raped by Gaddafi's men, has been released. But no one who knows al-Obeidi has heard from her. Email between workers at Fukushima: ""Crying is useless. If were in hell now all we can do is to crawl up towards heaven."" ""When the tsunami hit and Hideaki Akaiwa realized his wife was in grave danger, he defied all odds by finding scuba gear, swimming under the waves to their home, and saving her. He then went for his mother, saving her too, and has been out almost every day looking for survivors."""
DJIA,2011-03-29,Australian woman sues a five-star hotel in the United Arab Emirates after she was drugged and raped by co-workers and jailed for eight months for adultery,Israel threatens to take action if UN recognizes Palestinian statehood Syria's Government Has Resigned Russia Eliminates Daylight Saving Time.
DJIA,2011-03-30,"Earliest Christian writings in existence discovered in Jordanian cave - 70 new books almost 2,000 years old","Facebook has removed a page calling for a new Palestinian uprising against Israel after more than 350,000 people signed up to it. UN Chief: Israel occupation 'morally and politically unsustainable, must end' Spain's unemployed: one in five under 30 still looking for that first job"
DJIA,2011-03-31,"There are not many occasions where you could say an axe murdering rampage was justified, but this is one of them","Muslim girl, 14, lashed to death for adultery by Sharia law, even though was a rape victim Britian's going to start privatizing prisons come October! And they're prepared to call in the army should there be strikes against the move! I'm speechless! Indias population is now pegged at 1.21 billion, an increase of more than 181 million in the last 10 years"
DJIA,2011-04-01,"Afghan Mob Kills 10 UN Workers (to protest Koran-
burning by Florida Pastor Terry Jones)","Saudis admit they supported Libya attack to mute US criticism of Bahrain AC/DC's drummer Phil Rudd has his marijuana conviction overturned because it would affect his globe-trotting lifestyle World's largest concrete-pump, with 70-foot boom, en route to Fukushima. ""Our understanding is, they are preparing to go to next phase and it will require a lot of concrete""."
DJIA,2011-04-04,"UN set to recognize Palestine as a sovereign nation, including all of the West Bank and Gaza. ","Defiant Japanese Boat Captain Rode Out Tsunami: ""I talked to my boat and said you've been with me 42 years. If we live or die, then we'll be together, then I pushed on full throttle . . . I climbed the wave like a mountain. When I thought I had got to the top, the wave got even bigger."" Ai Weiwei, an outspoken critic of the Chinese government and Chinas best-known artist, is missing. His whereabouts are unknown after being detained by police. His arrest is part of a wider government crackdown on dissidents in which many have been criminally detained, arrested, or disappeared. Japanese Mayor Pleads for His Starving Town"
DJIA,2011-04-05,Pro-Palestinian Jewish Activist Shot Dead in Jenin by Palestinian Terrorists,"Germany to phase out nuclear power Japan stops radioactive leaks into sea from reactor ElBaradei: If Israel Attacks Gaza, Egypt Will Strike Back
"
DJIA,2011-04-06,"Julian Assange: ""WikiLeaks is the intelligence agency of the people""","Japan: Radioactive leak plugged! Video of police assault on Ian Tomlinson, who died at the London G20 protest in 2009: It shows Tomlinson, who was not part of the demonstration, being assaulted from behind and pushed to the ground by baton-wielding police 75 Year old Georgian Woman shuts down Armenian internet for 12 hours."
DJIA,2011-04-07,New 7.4 earthquake in Japan! Tsunami warning issued,"Mexican protest in over 20 cities -- against the drug-related violence sweeping the country Former Mexican president urges drug legalization - Legalization of drugs in Mexico would not only lead to lowered violence and drug consumption but also boost its economy, former Mexican President Vicente Fox said Wednesday. Tired of violence, Mexicans ready for mass protests"
DJIA,2011-04-08,"""A human skull dated to about 2,684 years ago with an 'exceptionally preserved' human brain still inside of it was recently discovered in a waterlogged U.K. pit...The brain is the oldest known intact human brain from Europe and Asia...it's one of the best-preserved ancient brains in the world.""","Russia reveals plans for base on the moon - Russia has announced that it intends to build a base on the moon within 20 years, which it plans to use as a staging post for a manned mission to Mars. UN finds more than 100 dead bodies in the Ivory Coast, some of which were burned alive Chinese gov.to use the ""happiness of the people"" as a new yardstick to measure the performance of officials, replacing the 30-year-old yardstick of GDP growth. "
DJIA,2011-04-11,Anti-porn MP caught surfing sex websites during parliament,MIT NSE Nuclear Information Hub - this is the only source I've seen re:Fukushima that seems at all reliable.  Please upvote so everyone can see. Canada's New Democratic Party promises national broadband and net neutrality French police arrested two veiled women just hours after the country's new ban on wearing the burka in public came into force
DJIA,2011-04-12,U.N. diplomat charged with investigating claims of torture is denied private meeting with WikiLeaks suspect Bradley Manning,"The burka is already banned in Turkey and banned in Syrian universities. Are these countries with predominantly Muslim populations 'racist' and Islamophobic for banning the burka? Japan to raise Fukushima crisis level from 5 to 7, the worst on the international scale. University students film tsunami striking Nakatsugawa City  (Caution Advised)"
DJIA,2011-04-13,"The Canadian Cannabis laws have been declared invalid, in 90 days it will be fully re legalized.","Bolivia is drawing up a draft UN treaty which would give Mother Earth the same rights as humans, including the right to life, to pure water and clean air.
 ""The clatter of helicopter blades echoed across the jungles of northwestern Ecuador...The police had received a tip that a gang of Colombian drug smugglers had set up a clandestine work site here...And whatever the traffickers were building, the tipster had warned, was truly enormous."" Susan Manning calls on British foreign secretary to check her son's physical and mental health in maximum security custody"
DJIA,2011-04-14,Jamaica to Look Again at Decriminalizing Marijuana,"Briton 'beaten to death' in a Dubai police cell after being arrested for swearing Japan's crisis: one month later - STUNNING Photos UK activists win case against Metropolitan Police at the G20 protests -- High Court ruled police kettling was ""not justified"""
DJIA,2011-04-15,"Libya Rebels Execute, Behead, Mutilate Gaddafi Army after they Surrender...","Suddenly, Everyone Is Realizing That The British Are Sending The US A Huge Warning US blocked UN access to Bradley Manning - World 
Politics, World - The Independent Woman who attempted suicide while pregnant is accused of murder"
DJIA,2011-04-18,"A FINNISH EUROSCEPTIC party that opposed immigration, the Euro, and bailouts for struggling European countries has won a fifth of votes in the countrys general election.",Religious protesters in France vandalise the famous 'Piss Christ' photograph S&amp;P Puts Negative Outlook on U.S. AAA Rating Each Of Ireland's Surviving Banks Downgraded To Junk
DJIA,2011-04-19,"Castro resigns as head of Cuban Communist party, allows Cubans to buy and sell property for first time since 1959","Secret memos expose link between oil firms and invasion of Iraq. Plans to exploit Iraq's oil reserves were discussed by government ministers and the world's largest oil companies the year before Britain took a leading role in invading Iraq. 70 days jail for burning Koran in UK 
'I will never be cut': Kenyan girls fight back against genital mutilation - video"
DJIA,2011-04-20,"Internet protests have started in New Zealand after its government passed a controversial ""three strikes"" filesharing bill under urgency",Brave Saudi guy speaks out on television. Oscar Nominated Documentary Filmmaker And Photographer (Tim Hetherington and Chris Hondros) Reportedly Killed In Libya British tourist beaten to death by Dubai police - Left alone in an empty cell without water or food for three days
DJIA,2011-04-21,"Director of ""Restrepo"" and Photographer Chris Hondros killed in Misurata, Libya.","Everyone within 20km of Fukushima will be forcibly evacuated and roads blocked to prevent entry Bahrain: Activist Zaynab Al-Khawaja's letter to President Barack Obama as she began her hunger strike. More than 80,000 people are claiming incapacity benefits because they are addicted to alcohol and drugs or are obese"
DJIA,2011-04-25,Syrian Forces Open Fire On Demonstrators (NSFW),"Russia - How crooked officials pulled off a massive scam, spent millions on Dubai real estate, and killed my partner when he tried to expose them. A crowd of officers then surrounds a young woman who is holding hands with a little girl aged about six. The child shouts out ""freedom"" and punches one tiny fist into the air. She is grabbed by police, starts to cry, and is pushed with the woman into a police car.  Hundreds of Taliban inmates use tunnel to escape from Kandahar prison"
DJIA,2011-04-26,"TIL Fukushima workers only eat two meals a day -  crackers and vegetable juice for breakfast, and a packet of rice with chicken for dinner. In the evenings, they gather around in a safe room to cheer ""Let's do our best!"" and clap once, before  going to sleep on the floor.","Bahrain arresting doctors because they have accurate statistics on injured or killed protestors Over half of Egypt wants to end 30-year peace treaty with Israel - ""only 36 percent of Egyptians are in favor of maintaining the treaty, compared with 54 percent who would like to see it scrapped"" Syria's military shows signs of division amid crackdown -- Some soldiers reportedly refused to open fire against civilians in Deraa today, sparking clashes between units. "
DJIA,2011-04-27,Fatah and Hamas sign reconciliation deal: Palestinian factions agree to form interim government and fix general election date following talks in Cairo,"The highest level of radiation so far has been reported at Fukushima. Robots detected 1,120 mSv per hour in the Reactor 1 building. That means it takes about 15 minutes before workers are exposed to their lifetime dose. Putin: Who gave NATO right to kill Gaddafi? Christiania closes its borders [google translated]"
DJIA,2011-04-28,"World-famous and beloved Chinese artist Ai Weiwei has been ""disappeared"" by China's state security forces. Every trace of Ai's life and art have been erased from the Chinese internet, and his only hope may be a global outcry for his release. ","Iceland Declares Independence from International Banks A Filipino Catholic bishop says a pending bill's supporters are no better than ""terrorists."" A former mayor of Manila believes the bill is ""worse than martial law."" -- the bill is in support of condoms North Korean leader Kim Jong-il is willing to hold talks with South Korea or with the United States or with the six powers on any subject any time and without any preconditions"
DJIA,2011-04-29,France Dropping Concrete Bombs In Libya ,"Tunisian Army engages Gadaffi Troops In Brazil, an estimated 35 million people joined the middle class between 2003 to 2009, and 20 million more are expected to be included by 2014. Unemployment is at a relatively low 6.5 percent ""A prominent Japanese radiation specialist has resigned...""inexcusable"" standards for school children in Fukushima"" "
DJIA,2011-05-02,Bin Laden is Dead,"I think it's weird that the body of the most wanted man since 2001 was simply thrown into the ocean, shortly after being killed. Six wind farms were given six-figure payments to switch off their turbines because the Scottish grid network could not absorb all the energy being produced. From the memory hole: ""Bush rejects Taliban offer to surrender bin Laden"" - Oct. 2001"
DJIA,2011-05-03,Sony announces second data breach with theft of 25m more user details,Here's what the WHOLE world thinks of Osama's death.  Bonus Robert Fisk interview goodness. This is just wrong: Bahrain charges doctors and nurses who treated injured anti-government protesters; they will stand trial in military court Conservatives win majority in Canadian election
DJIA,2011-05-04,"British about to vote against ending of 2 party rule 
in referendum, after a NO campaign funded by 
bankers, hedge-fund managers and big business.","Osama unarmed when shot dead, US admits  Images reveal scale of North Korean political prison camps Bin Laden's will says his children must not join al-Qaida"
DJIA,2011-05-05,Last World War I combat vet dies in Australia...,"The Economist's obituary on Bin Laden CNN, CBS confirm: No Bin Laden death photos to be released WikiLeaks founder Julian Assange says Facebook, Google, and Yahoo are being used by the U.S. intelligence community to build dossiers."
DJIA,2011-05-06,Brazil's Supreme Court unanimously approves same-sex civil unions.,"UK journalist suggests that the unemployed, or people on low incomes, should not be allowed to vote... ""Its time to restore the link between paying something into society and voting on decisions about how it is run"" Germany: Cops attend a peaceful protest undercover... get mazed and punched in the face by cops on duty ""for no reason"". Pakistan, who has received over $20 billion in U.S. aid since the September 11 attacks,  pays U.S. lobbyists to deny it helped bin Laden"
DJIA,2011-05-09,"Mexico's failed war against the drug gangs - Mexicans are calling for an end to the battle against organised crime that has cost 40,000 lives",Ecuador bans 500-yr-old tradition of bullfighting; voters in a referendum held on Saturday also outlawed cockfighting and casino gambling Coastal cities in Japan now flood at high tide due to shifting by quake The Pakistan government has decided not to conduct an inquiry of any kind at any level whatsoever about the Abbottabad incident to find those responsible for intelligence failure and violation of Pakistani borders and sovereignty.
DJIA,2011-05-10,Japan Prime Minister will give up his salary until the nuclear crisis is over. ,"Tony Blair used 400,000 pounds from a fund for disadvantaged children to set up an office in a five-star hotel in West Asia Microsoft closing in on $7 billion deal to buy Skype.   As the Arab Spring proves, Bin Laden had already lost: By the time he was killed, bin Laden had already lost the battle for the hearts and minds of a new generation of Arabs."
DJIA,2011-05-11,The entertainment industries' copyright lobby supports an LEWP proposal to introduce Europe-wide firewall to censor and block illicit websites: The Pirate Bay team is rallying public support to defend the free Internet and end this threat,Statement From the Family of Osama bin Laden Japan's TEPCO likely to pay $50 billion worth of claims for those affected by the nuclear meltdown. Their solution? Cut the President and 6 Exec VPs salaries to ZERO.  Ugandas anti-gay bill disappears from parliaments agenda after global outcry
DJIA,2011-05-12,"Israel revokes residency of 140,000 Palestinians in West Bank. Any resident who temporarily left the state after 1967 for vacation/work/study is targeted. PLO calls it ""war crime"".","Heartbreaking Video: During Daraa siege, people couldn't even pick up dead bodies  [NSFW]  Organic farming  India's future perfect? India's struggling farmers are starting to profit from organic living. Not only are incomes of organic farmers soaring  by 30% to 200%  but their yields are rising as the pesticide-poisoned land is repaired through natural farming methods.  Two Scalps in One Day - 
Germany's Anti-Plagiarism Activists on a Roll
 --- 
The online community of anti-plagiarism activists in Germany are uncovering academic cheating and caused another leading FDP politician to resign "
DJIA,2011-05-13,SEAL helmet cams recorded entire bin Laden raid - CBS Evening News - ,"""Authorities at Bangkok's international airport arrested a first-class passenger Friday [13 May 2011] whose suitcases were filled with baby leopards, panthers, a bear and monkeys. The animals had been drugged and were headed for Dubai."" In a twist of irony, Wikileaks has coerced its volunteers into signing draconian confidentiality agreements Osama's neighbours say Pakistan knew: Pakistani security agents told them to stay inside and turn off their lights"
DJIA,2011-05-16,How one Japanese village defied the tsunami,"While most of the world is debating the future of nuclear power in their countries, Poland's parliament voted overwhelmingly in favor for the construction of the countries first Nuclear reactor.  Former Israeli soldiers break the silence on military violations ""A once unimaginable movement is emerging from within Israel's insular Orthodox Jewish community: homosexuals demanding to be accepted and embraced, no matter what the Bible says."""
DJIA,2011-05-17,"Gadhafi's new weapon: Fill an inflatable boat with explosives, put mannequins in it, and send it out to sea in search of a humanitarian aid ship to destroy","Saudi woman drives her own car for four days, world doesn't implode. Cooling system of Fukushima plant's No. 1 reactor was not functioning before tsunami The good news:  Thailand jungles mask surprise rise in tiger numbers"
DJIA,2011-05-18,Filipino president says he's ready to accept excommunication from church for promoting free access to condoms,"Madrid, Spain, right now. The protests keep on growing. For the second consecutive day, thousands of people have taken the streets of Spain Syrian security forces open fire on an ambulance attempts to rescue an injured man, the driver and the medic receive direct hits."
DJIA,2011-05-19,"As the Japanese government and TEPCO struggle to bring the crippled Fukushima Daiichi nuclear plant under control, a group of pensioners has decided to put their lives at risk to save younger people from radiation.
 ","Randal Munroe, creator of XKCD, responds to Ben Stein's comments about Dominique Strauss-Kahn The Middle East is running dry. The most water-stressed nations on Earth are all in the Middle East and North Africa. Add surging populations and food and energy costs, and trouble seems inevitable Designer of China's ""Great Firewall"" reportedly pelted with shoes and egg"
DJIA,2011-05-20,Wikileaks releases the Pakistan Papers,China Gives Pakistan 50 Fighter Jets police shuts down german pirate party servers (scroll down for english text) Spain protests spreading across Europe!!!!
DJIA,2011-05-23,Egypt sentences Police Officer to death for killing protesters ,"The war on drugs in Mexico, decreed by Caldern, part-funded by millions of dollars in U.S. govt aids, has not only failed to curb the trade but intensified horrific violence, corruption and human-rights abuses - 37,000 Mexicans have been murdered, often tortured and brutalized before their deaths South African rapture believers stuck with huge hotel bill. Instead of going to heaven, a group of South Africans who checked into a Johannesburg hotel to await the end of the world now have a big bill to pay. EU backs Obama's call for Mideast peace treaty based on 1967 borders; Swedish foreign minister slams Netanyahu's rejection of the borders saying ""the only defense that is possible is peace""."
DJIA,2011-05-24,Police officer will be charged with manslaughter over the death of Ian Tomlinson at the G20 protests,"NSFW A tank shoots brave Syrian protesters, killing a child. 20th May Mubarak to be tried for death of protestors A police officer will face trial for manslaughter over the death of newspaper seller at the G20 protests."
DJIA,2011-05-25,Egypt finds 17 lost pyramids: A satellite survey used infra-red images to detect underground buildings,"What a difference a year makes: in 2010, France was trying to sell Libya the Rafale aircraft. In 2011, France is bombing Libya with the Rafale. Amazon rainforest activist shot dead: Jos Cludio Ribeiro da Silva killed in ambush in the Brazilian Amazon, six months after predicting his own murder
 Chevron face shareholders after huge $18bn Ecuador fine. An Ecuadorian tribal leader: ""The court, which Chevron chose, found them guilty of poisoning our rainforest, and our families. ..  [we] demand that Chevron cease its lies and pay to clean up the contamination that is choking our communities."""
DJIA,2011-05-26,Police arrest man suspected to be Ratko Mladi,"Turkey becomes a heavily censored dictatorship: There are now one million Internet sites blocked: All internet cafes in the country must undertake special filters use one that blocks a plethora of sites.  Google, BBC, Facebook, eBay, Amazon and the site of the Turkish Human Rights Association.  Egypt Permanently Reopens Its Gaza Border Crossing 4 Muslims in East London who bashed a religious teacher because he was a non muslim teaching Islam jailed."
DJIA,2011-05-27,Agribusiness wins and Brazil does away with laws to protect large swaths of rainforest ,Spanish police is charging tough against pacifist protesters in Barcelona! Spanish police beating peaceful protestors in the Plaa Catalunya in Barcelona [Vid] Category 5 Typhoon Heading For Japan.
DJIA,2011-05-31,Archaeologists find sealed tunnel underneath Teotihuacan temple,"13-year-old Syrian boy arrested, brutally tortured, beaten, burned, slashed, penis cut off, murdered Egypt: general confirms ""virginity checks"" forced on female protesters by military   Australia Suspends Live Cattle Exports to Indonesia After Cruelty Exposed on Film, Which Shows Them Being Beaten, Whipped &amp; Kicked Prior to Slaughter - '...it was taking 4 throat cuts to kill an animal instead of 1.'"
DJIA,2011-06-01,The elderly of Japan want to help their country one last time with the nuclear crisis,"Syria's sadistic regime:  13 year old 'Rebel', shot, kneecapped and had genitals removed before being killed.  Family arrested for making this public. A senior member of the Church of Scientology in Australia has been charged by police for intimidating a young girl who wanted to report sexual abuse allegations within the church. 
 Chiquita sued over Colombian paramilitary payments: ""A company that pays a terrorist organization that kills thousands of people should get the capital punishment of civil liability and be put out of business by punitive damages."""
DJIA,2011-06-02,"Global leaders - ""Global war on drugs has failed""","WTF? NATO leaders have been warned that Anonymous could pose a threat to member states' security and they promise to ""persecute"" its members Julian Assange awarded top UK Journalism Prize Banned video by Serbian Government. No media is allowed to publish it. Police beating a protestor. "
DJIA,2011-06-03,MI6 attacks al-Qaeda in 'Operation Cupcake': British intelligence hacked into an al-Qaeda online magazine and replaced bomb-making instructions with a recipe for cupcakes,"Biomass map of popularly eaten fish populations in 1900 versus 2000 - they're practically extinct now! UN report: ""three strikes"" Internet laws violate human rights European racism and xenophobia against immigrants on the rise"
DJIA,2011-06-06,German cabinet approves a plan to shut down all its 17 nuclear power plants by 2022; eight reactors will be shut down immediately.,"Bahraini doctors and nurses charged with ""plotting to overthrow the monarchy"" for treating protestors; protests &amp; violence continue. Video of Bashar al-Assad's forces planting weapons on civilians after massacring them on the way to aiding people in Daraa [NSFW] Bribery in India: A website for whistleblowers"
DJIA,2011-06-07,Anonymous Message to NATO,"Jewish-American actor and Star Trek icon Leonard Nimoy voices his support for a Palestinian state with East Jerusalem as its capital. A prominent member of Switzerlands largest political party has called upon federal authorities to arrest Henry Kissinger as a war criminal if he attends the 2011 Bilderberg conference of global power brokers which is set to begin on Thursday at the Hotel Suvretta House in St. Moritz.  Bankers and politicians have turned food into a betting game -- The result is soaring prices and starving children
"
DJIA,2011-06-08,F1 chief Bernie Ecclestone says Bahrain Grand Prix will be cancelled after 11 F1 teams objected,Germany has been doing well economically: carrot &amp; stick social programs have pushed people back to work; average real wages up 30% since 1985; tougher down payment rules on houses prevented a bubble; taxes hiked and spending cut to reduce deficits. The UN has declared that Internet access is a human right Net neutrality to be added to Dutch telecommunications act
DJIA,2011-06-09,The Netherlands first country to anchor net neutrality in law ,"WikiLeaks: US knowingly supported rigged Haitian election Nigeria: The Cost of Oil (In Photos) The nuclear fuel in three of the reactors at the Fukushima has melted through the base of the pressure vessels and is pooling in the outer containment vessels, a ""melt-through"" ""far worse than a core meltdown"" and ""the worst possibility in a nuclear accident""."
DJIA,2011-06-10,"More than 300 Tibetan monks have disappeared after being rounded up by Chinese security forces at a monastery for ""re-education.""","One Thatcher ally told the Guardian: ""Lady Thatcher will not be seeing Sarah Palin. That would be belittling for Margaret. Sarah Palin is nuts."" Spanish police says that they have arrested the leaders of Anonymous in Spain Formula One race in Bahrain officially cancelled by Grand Prix organisers amid accusations of human rights abuses in government crackdown on protesters"
DJIA,2011-06-13,"Mexican drug cartels have taken cruelty up a notch, says one drug trafficker: kidnapping bus passengers for gladiatorlike fights to the death","Andersen Cooper exposes the onslaught by the Syrian government in the most complete manner we have seen yet - elderly getting beaten up, children tortured and brutalized, and soldiers defecting and escaping. Christchurch hit by 5.5 earthquake BBC News - Germany recognises Libya rebels as sole government"
DJIA,2011-06-14,LulzSec strikes again,"$6.6bn in US cash for Iraq rebuilding 'stolen' - Middle East, World News - Independent.ie Goodyear blimp pilot advises passengers to jump ship moments before its explosion in Germany. Pilot and Australian native, Mike Nerandzic, died a hero. Turkey Arrests 32 Anonymous Members"
DJIA,2011-06-15,"US, Canada, New Zealand, Sweden, and others at UN condemn ""three strikes"" Internet laws, say the laws violate human rights","Canada to legalize prostitution? Ontario court case could make prostitution and brothels legal.  A 300-acre luxury hotel, villa, golf course, &amp; an airport funded by British taxpayers are to be built for the rich on one of the most remote inhabited places in the world, the Atlantic island of St Helena - Plans don't bode well for it's wildlife, flora &amp; fauna, that astonished even Charles Darwin ""Sri Lanka's Killing Fields"" is disturbing, revolting, horrific, and without question one of the best pieces of TV journalism on conflict. Channel 4 has brilliantly captured this story in all its horror. I strongly recommend you brace yourself and watch it while you still can. "
DJIA,2011-06-16,Vancouver Canuck fans riot after Stanley Cup loss. (Live),"Japan: three months after the quake Obituary: Mietek Pemper --- 

Polish Jew, born 1920. Friend of Oskar Schindler. Secretary to commandant of Plaszow labour camp, Amon Goeth. Persuaded Schindler to save Jews from Auschwitz by employing them to build arms for Nazis. Drew up ""Schindler's List"" Sri Lanka: Killing Fields video evidence 'builds case for war crimes' - Channel 4 News"
DJIA,2011-06-17,"Lone man stands up to rioters in Vancouver. ""This is our city. What the fuck are you doing?"" (crossposted from r/canada)","Today, Saudi women defy driving ban and take the driver's seat en masse! South Korea rejects North's demands for return of defectors Fukushima: It's much worse than you think"
DJIA,2011-06-20,World's oceans in 'shocking' decline,"Vancouver police received 1M pics and 1000 hrs of video of the Stanley Cup riot A minor girl is raped and hanged from a tree inside a police station. Police brutality touches a new low in Uttar Pradesh, India LulzSec and Anon uniting for global hacking attacks"
DJIA,2011-06-21,19-year-old suspected of being mastermind behind computer hacking group LulzSec arrested in UK,"The cores at Fukushima are laying on the concrete and melting THROUGH the foundations of the reactors. The government wants to build an subterranean dam, but TEPCO is fighting against it. The British Are Now Preparing For Greece To Go Bust, And The End Of The Euro.  Dutch parliament set to approve bill that, if passed, will set an example in Europe as the strongest ""net neutrality"" law on record"
DJIA,2011-06-22,A home-made heroin substitute is having a horrific effect on thousands of Russia's drug addicts,"Italy Overwhelmingly Says 'No' to Water Privatization Canada keeps asbestos off UN hazardous list. After charging two men with raping a teenage tourist in Dubai, the government charges her with having 'sexual urges'"
DJIA,2011-06-23,LEAKED: UK copyright lobby holds closed-door meetings with gov't to discuss national Web-censorship regime,"Taiwan Blogger Imprisoned For Negative Restaurant Review. Fined and jailed for contending the food was ""too salty"" Japan has issued a tsunami alert after a 6.7 magnitude earthquake World's wealthiest people now richer than before the credit crunch, says study"
DJIA,2011-06-24,"Amsterdam fights for your right to smoke pot: The proposed ban on allowing foreigners to purchase cannabis will increase crime, Amsterdam officials say.","A former Rwandan women's minister has been sentenced to life in prison for her role in the genocide and the rape of Tutsi women and girls. Hospital director in Japan paid gang member 10 million yen to find him a kidney donor ""Jews and Israelis, or passengers carrying any non-Islamic article of faith, will not be able to fly code-share flights from the U.S. to Saudi Arabia under Delta Air Line's new partnership with Saudi Arabian Airlines that is set to begin in 2012...Religious items such as Bibles that are not related"""
DJIA,2011-06-27,"Video smuggled out of North Korea. Children begging, army starving. More evidence of famine within the secretive State. ","In Zurich, tram operators can change traffic lights in their favor with a touch of a button and make cars wait for them.  Just one way Europe is making driving less convenient to encourage mass transit, cycling and walking. French president says post-Fukushima abandonment of nuclear 'makes no sense' as he announces push for new technology. The melted nuclear fuel is sinking toward water under the ground...underground barrier needed"" - TEPCO says ""wait."
DJIA,2011-06-28,Netherlands bans kosher and halal animal slaughter,"France to invest one billion euros in nuclear power  Canadians Win Battle to Keep Asbestos Off of Hazardous Materials List (?!) Hackers are being radicalised by government policy
"
DJIA,2011-06-29,North Korea slashes food rations to 150 grams of rice per day.  One hundred grams of rice produces about 250-350 calories,BBC News- Stabbing burglars 'will be legal' Iceland Declares Independence from International Banks Russia cuts off power to Belarus
DJIA,2011-06-30,Russian court bans Scientology literature as extremist,"Chinese faked photograph leaves officials floating over street of shame Turkey tells West it might launch offensive against Syria Daughters of the brothel - former sex workers try to end trafficking in India - Al Jazeera English
"
DJIA,2011-07-01,"""Being told to kill peaceful civilians is the most brutal thing that ever happened to me,"" says defected former sniper.","A Incredible Rare Look At Life In North Korea [pics] Hama, Syria: thousands of anti-government 
protesters unfurl a mile-long flag. Today is dubbed 
""the Friday of Go Away"" by Syrian activists. Danish company restricts death penalty drug"
DJIA,2011-07-05,"Oil spill off China coast will hurt fishing industry, causing 
 long-term environmental damage - Spill was kept hidden from public for weeks 









",A law passed this morning allows Australian police officers to remove the burqa (or any head coverings) or face 12 months in prison Putin: Who gave NATO right to kill Gaddafi? Mexican police arrest Zetas 'cartel boss'
DJIA,2011-07-06,"Vietnam Era Weapon, Agent Orange, Being Used to Clear the Amazon","The Bahamas announces ban on commercial shark fishing. My Summer At An Indian Call Center --- Writer learns to pitch mobile phone contracts to Australians. ""College was unknown there until recently, so speak slowly. Technologically they're somewhat backward. If you call on a Friday night, they'll be smashed"" The families of 7/7 London terror attack victims may have had their phones hacked by the News Of The World as they waited for news after the bombings."
DJIA,2011-07-07,12 year old girl ends life to donate eyes to dad &amp; a kidney to her brother,"What The Papers Wont Say --- 
On Britain's phone-hacking scandal. Obviously, News of the World and News International are to blame. But so are politicians of both sides, for being frightened of Rupert Murdoch. And other newspapers, for keeping quiet about it Powerful 7.8 earthquake hits New Zealand For The Moment, Visa And MasterCard Reopen Payments To WikiLeaks"
DJIA,2011-07-08,"15-year-old boy tortured to death in Syrian prison for ""failing to praise president"""," James Murdoch should answer to the police, Cameron suggests Andy Coulson (former editor of the News of the World and David Camerons ex-personal communications director) has been arrested over the Phone Hacking Scandal Hugh Grant's best role yet  scourge of News International: The Hacked Off campaign has brought out a new authority in the actor, as he fearlessly calls Rupert Murdoch to account"
DJIA,2011-07-11,"US suspends Pakistan military aid, withholding $800m as diplomatic relations reach a standstill","ISPs, academics, and citizens oppose EU anti-piracy legislation: It threatens basic human rights while stifling innovation Anonymous warns UK Met Police: Tuesday will be ""the biggest day in Anonymous's history"" amid allegations of corruption and hacking Huge demand for fish empties British waters in just 6 months - 
Britain's coastal waters are so overfished that they can supply the nation's chip shops, restaurants &amp; kitchens for little more than 6 months of every year"
DJIA,2011-07-12,Campaign to boycott Rupert Murdoch is gathering pace,"The News International phone tapping scandal escalates spectacularly: new accusations that then British Prime Minister Gordon Brown and 10 members of the British Royal Family were tapped by Murdoch's other two flagship newspapers, The Sun and The Sunday Times. Serbia wants U.N. to honor scientist &amp; inventor Nikola Tesla's birthday - 
 Do we Need a Hippocratic oath for journalists? Does the media ""ventriloquise the concerns of the elite""?"
DJIA,2011-07-13,"A simple invention, a bottle of water and a couple teaspoons of bleach, is bringing light to the slums of the Philippines.","BBC News - News Corp withdraws bid for BSkyB Rupert Murdoch is bleeding cash trying to save plummeting News Corp: The growing phone hacking scandal has sent News Corp's shares down 13% since the story first broke; the share price collapse had wiped more than $5bn off the market value of News Corp; Murdoch has personally lost $2bn An Austrian atheist has won the right to be shown on his driving-licence photo wearing a pasta strainer as ""religious headgear"""
DJIA,2011-07-14,"Colombian army colonel admits his unit murdered 57 civilians, then dressed them in uniforms and claimed they were rebels killed in combat.","Workers making Converse sneakers in Indonesia say supervisors throw shoes at them, slap them in the face and call them dogs and pigs. Nike, the brand's owner, admits that such abuse has occurred among the contractors that make its hip high-tops but says there was little it could do to stop it. Murdochs Ordered to Testify or Be in Contempt - Bloomberg ""They [The Murdochs] had no option but to drop the bid. But now the real issue is how to avoid further humiliation. They are in retreat with no real business in the UK anymore, just a set of disintegrating assets."""
DJIA,2011-07-15,"Wikileaks: New Zealand's Three Strikes Law was Pushed, Bought and Paid for by the US","George Clooney's Satellites Capture Piles of Bodies, Mass Graves in Sudan UK Cyclists use viral video to track down alleged attacker. Six weeks later, the police had failed to make an arrest despite having clear photographs of the assailant and the numberplate. News International have just confirmed that Rebekah Brooks has resigned"
DJIA,2011-07-18,David Cameron's meetings with Rupert Murdoch's executives in a year exceed those with all other news organisations put together. Not a single figure from the BBC was granted an audience.,News Corp shares hit two-year low on hacking arrest Top Chinese gymnast found begging on the street . Rupert Murdoch is considering stepping down as CEO of News Corp
DJIA,2011-07-19,Rebekah Brooks' husband 'accidentally' has computer thrown out,"China Executes Corrupt Officials for Taking Bribes 
 Nearly One Quarter Of Met Police Press Officers Worked For News International, Police Chief Says The first (named) reporter to blow whistle on News of the World executives being aware of phone hacking has been found dead. His death is currently being treated as ""unexplained, but not thought to be suspicious"""
DJIA,2011-07-20,"Rupert Murdoch's News International has been found by a parliamentary committee to have ""deliberately"" tried to block a Scotland Yard criminal investigation into phone hacking","Suppressed Report Found Busted Pirate Site Users Were Good Consumers: some pirate site users treat these services as a preview to buy more DVDs, visit the cinema more often and on average spend more than their honest counterparts at the box office BBC News - You're hired: How the apprentice gets ahead in Germany. Germany may have an ultra-modern economy but one of the pillars at the very centre of it is very traditional: the idea that people learn a skill on the job. NZ quake may have revealed Israeli spy ring"
DJIA,2011-07-21,"The Times of London (a News International paper) publishes ""most offensive cartoon yet"" in response to hacking scandal",Ghana orders the arrest of ALL homosexuals in the western region of the country Wanted: New Birth Control Choices for Men How Finland became an education leader: Harvard professor Tony Wagner explains how the nation achieved extraordinary successes by deemphasizing testing
DJIA,2011-07-22,Huge explosion in downtown Oslo,"LulzSec claims to have 4GB of News International emails James Murdoch lied to parliament, according to former News International executives. A whole block just exploded in Oslo, Norway.  Initial reports say it is a terrorist attack."
DJIA,2011-07-25,"Firsthand account of Utya Massacre (crosspost from r/linux, of all places) ","Experts Baffled By Mysterious Underground Chambers --- More than 700 small tunnel networks have been found in southern Germany. There are hundreds more in Austria. Who built them, when and why? Archeologists are only just beginning to piece together the answers In the media, Breivik has been characterised as a deranged loner. Nothing could be further from the truth. Breivik's acts were entirely consistent with others by European fascists. More importantly, Breivik's ideas firmly reflect mainstream right-wing discourse. Charlie Brooker on the UK's media trying desperately to find which Muslim group committed the Norwegian atrocities."
DJIA,2011-07-26,"Internet users ""have a reasonable expectation of anonymity"" that the courts must protect: ruling by a Canadian Superior Court judge","A German tourist is being hailed as a hero for rescuing at least 20 teens from gunman's rampage on Utoya island Glenn Beck compares Norway's dead teenagers to Hitler youth: Glenn Beck, the leading Right-wing American broadcaster, has prompted outrage after comparing the teenage victims of the Utoya Island massacre to the Hitler Youth. Today I'm proud to be Norwegian: ""Youth parties 
see surge in recruitment"" following the terrorist 
attack on the Labour youth party"
DJIA,2011-07-27,UK Bans Make-Up Advertisements for being Misleading,"""If you devote your life to spewing anti-Islamic hatred, you should not be surprised if someone comes along and kills in the name of that hatred. In fact, you should expect it."" Anonymous launches operation to turn Breivik into a joke If convicted, Anders Behring Breivik could be sent to this Norwegian prison, the most humane in the world"
DJIA,2011-07-28,"Children in nuclear-hit Fukushima are to undergo 
regular cancer tests - for the rest of their lives."," Syrian protesters 'forcibly disappeared' at rate of one every hour, say activists  Oslo Massacre: ""Despite...Breiviks known ultra-right associations, the media is at great pains to obscure the political issues raised by his atrocity and portray him as nothing more than a lone psychopath."" Anger over China high-speed rail accident leads to unusually vocal protests against the government's handling of the aftermath"
DJIA,2011-07-29,"Guardian: Let's Stop Assuming the Police are on Our Side - From mass arrests to surveillance, confidence in the Metropolitan police is at an all-time low", It was asked why we have not heard about Murdoch Phone hacking here you go. The latest on the Murdoch Phone hacking World population to surpass 7 billion in 2011 Arctic scientist who exposed climate threat to polar bear is suspended. US government conducts 'integrity inquiry' on federal biologist amid lobbying by oil firms for Arctic permits
DJIA,2011-08-01,Murdoch's News International ordered tech firm to mass-deleted emails.,"HSBC posts $11.5 billion profit, announces plan to slash 25,000 more jobs Murdoch Hacked Us Too --- Excoriating attack on News Corp. Not just a UK issue. And there's a lot more to it than mere tabloid vulgarity and right-wing attack-dog politics GETTING BIN LADEN: What happened that night in Abbottabad"
DJIA,2011-08-02,Israel agrees to negotiate over pre-'67 lines,"Fatal Radiation Levels At Fukushima Now 'Off The Scale' It's not just Apple and Ikea, China also fakes these stores: Disney, Nike, D&amp;G, McDonald's, Starbucks and more Japanese officials are shocked after finding a new record high of radiation at Fukushima contrary to their expectations."
DJIA,2011-08-03,Police in Sydney are trying to defuse a bomb that has been strapped to a teenage girl,"Greece to decriminalize drugs. MP who doggedly hunted News Corp execs was warned by Rebekah Brooks she would pursue him ""for the rest of his life"" Italy approves draft law to ban burqa "
DJIA,2011-08-04,"Facebook facial recognition software violates privacy laws, says Germany - Social network must stop programme and delete data already collected on users  or face fines up to 300,000, says official","A Muslim woman punched a man in the face after he had photographed her on a busy Toronto intersection; claims that her religious rights had been violated 'Bomb' device attached to Mosman schoolgirl was a 'very, very elaborate' hoax

 Shell admits liability for huge Nigeria oil spill. 'BP did more in six months for the US communities than Shell has done in 50 years for the Ogoniland,' activist says."
DJIA,2011-08-05,"'People are being slaughtered like sheep': Gunmen in plainclothes are randomly shooting people in the streets of the besieged Syrian city of Hama and families are burying their loved ones in gardens at home for fear of being killed themselves if they venture out to cemeteries, a resident says.","Ethiopia 'using aid as weapon of oppression'. Villages who voted for the opposition are starving near well-fed communities BBC News - Wall Street and global markets tumble on debt fears Syria has killed over 2,000 demonstrators during the Arab Spring"
DJIA,2011-08-08,"NHS among developed world's most efficient health systems, says study, the United States healthcare system was among the least efficient and effective.",Shit's going down in Chile. Protesting students are demanding the government hold a national referendum on solving the countrys educational problems. Official: Rebekah Brooks has NOT resigned from News International Before and after pictures from the Tottenham riots
DJIA,2011-08-09,This is serious Reddit - London riots spreading.   Looting and violence in three London areas in broad daylight - more expected. Birmingham too.,"Speculations circle as to why the London riots have 
become so big, but the answer is quite obvious The Loud Awakening of Israel's Secular Middle Class -- In the largest protests in the country's history, more than 300,000 people demanded economic reform and help from the government  There is a context to London's riots that can't be ignored"
DJIA,2011-08-10,"This why they're rioting. An interview with Darcus Howe, a West Indian Writer, that the BBC will never play again. ","As looters and rioters smashed up shops, looted and fought with police in Camden Town, Philippa Morgan-Walker, 25 and her husband, Jonny Walker, 31, made tea for the police who were protecting their street. Some of the officers had been on duty for more than 30 hours.
 Facebook to Die on Novemeber 5th? Anonymous says The YouTube man who was mugged by rioters pretending to help him is Asyraf Haziq, a Malaysian student"
DJIA,2011-08-11,"Google admits handing over European user data to US intelligence agencies, most likely in violation of European Union data protection laws","Oh dear... David Cameron wants to stop people using social networks if they are using it for ""ill"" and is asking the police if they need new powers to do this. ""If the UK government restricts social networking in answer to the riots, what separates it from the Arab tyrannies and China?"" Broadcasters defy Cameron's call to hand riots footage to police. BBC and ITN say police must follow proper procedure of obtaining court order to avoid compromise of editorial standards
"
DJIA,2011-08-12,"""If we don't want our young people to tear apart our communities then don't let people in power tear apart the values that hold our communities together."" - A nice little take on the riots","Coal-Black Alien Planet Is Darkest Ever Seen Going Godless - Non-believers are often more educated, more tolerant and know more about God than the pious. A new wave of research is trying to figure out what goes on in the minds of an ever-growing group of people known as the ""Nones"". 'Fishermen in slavery' in NZ waters: Indonesian seafarers are being beaten, raped and forced to eat rotten food in slum-like conditions aboard Korean-owned fishing boats, according to a New Zealand study.

"
DJIA,2011-08-15,Pakistan let China see stealth chopper from bin Laden raid,Excellent war map of fighting in Libya Essex police charge man over water fight planned on BlackBerry Messenger 29-year-old Tibetan monk dies in self-immolation protest in southwest China. He was heard calling for the return of the Dalai Lama and freedom for the Tibetan people.
DJIA,2011-08-16,Indian police arrest 73 year old anti-corruption activist sparking peaceful demonstrations throughout the country,Devastating Evidence Puts Murdochs Back in the Crosshairs - Global - The Atlantic Wire Second oil leak has sprung in the North Sea - Shell says 1st one under control London Riots - Mother of 13-year-old who smashed up shop blames government.
DJIA,2011-08-17,Argentina: Judge orders all ISPs to block the sites LeakyMails.com and Leakymails.blogspot.com - which publish relevant documents exposing corruption of the political class and the powerful in Argentina,"The Dutch government has released 100 million euros in frozen assets from Moammar Gadhafi's regime to the World Health Organization. The funds will buy medical supplies for victims of the ongoing conflict in Libya. 'They Were Truly Idiots' --- Mikhail Gorbachev, 80, discusses the last days of the Soviet Union, his failure to resolve problems with the Communist Party and the ensuing bloodshed he says still troubles him today. He also accuses Vladimir Putin of pulling the country ""back into the past."" Catholic student arrested in Madrid (Spain) while planning sarin gas attack against a secular demonstration during World Youth Day"
DJIA,2011-08-18,Need a warrant to unmask Internet users? Not if Canada gets its way,"Multiple terror attacks hit southern Israel Mexico Doesn't Need Monsanto's Wonder Seeds, Either Chile's Students Strike for Free &amp; Public Education - 
Chilean students are no longer willing to accept mountains of debt to gain an education, &amp; they've taken over university campuses demanding accessible education for all of the country's students"
DJIA,2011-08-19,"Japanese police say people have returned $78 million in missing cash after quake.  ""The fact that a hefty 2.3 billion yen in cash has been returned to its owners shows the high level of ethical awareness in the Japanese people,""","Spanish Police Brutality: they hit a girl in her face, then they hit the photographer who watched it [video] Tent Collapsed By Storm. Six Die At Pukkelpop Festival in Belgium Julia Tymosjenko suddenly falls victim to mysterious disease, just like the last head of the political opposition in Ukraine"
DJIA,2011-08-22,Canadian Opposition Leader Jack Layton Dies.,"Saif Al Islam Captured. Green Square Liberated. Libya is almost free! Why Iceland Should Be in the News, But Is Not Wiki war: 3500 unpublished leaks destroyed forever as Assange hits out"
DJIA,2011-08-23,"Three years after the Lehman Brothers bankruptcy, the financial industry has become a threat to the global economy again. Governments missed the chance to regulate the industry, and another crash is just a matter of time.","Nato drops leaflets on Tripoli (pics of the designs) Muammar Gaddafi's son Saif al-Islam NOT captured, as previously reported Scientists say farming needs to become 'holistic' - Radically overhauling farming could both boost food production and protect the environment, scientists say. Paying for environmental services is one step that could also help people and the planet at the same time."
DJIA,2011-08-24,Brazilian Wind Power Now Cheaper Than Natural Gas,"To save 2.4bn a year, Spain's socialist government has passed a law forcing doctors and pharmacies to prescribe generic drugs rather than the more expensive brand names sold by pharmaceutical companies A new era in U.S. foreign policy: ""The Libya intervention is so significant precisely because it did not follow the traditional pattern of U.S.-led interventions..."" --Fareed Zakaria UN: 13-year-old Palestinian boy killed by Israeli fire last weekend, was actually killed by a Palestinian rocket that misfired."
DJIA,2011-08-25,"In the ruins of Gadhafi's lair, rebels find album filled with photos of his 'darling' Condoleezza Rice","Syrian Army shooting live rounds at civilian homes proving a blatant disregard for civilians. Some 12 million people around the world do not have citizenship of any country, and are being denied basic human rights as a result, the UN has warned. Strong 6.8 magnitude earthquake shakes central Peru"
DJIA,2011-08-26,"""Most important of all, the United States should support the Palestinians' bid for recognition as a state at the United Nations. Israel has demanded for decades that the Palestinians drop violence and turn to diplomacy to achieve their goals. That is what going to the United Nations is. Diplomacy.""","Grenade attack at Casino Royale in Monterrey, Mexico. 8 confirmed dead, 12 injured and over 40 trapped.  How Israel takes its revenge on boys who throw 
stones Saudi beheading accomplishments-""The beheading of Ruyati  executed in June for her killing of an allegedly abusive Saudi employer  stirred such revulsion"
DJIA,2011-08-29,"Luxury, horror lurk in Gadhafi family compound","Disney's best-selling Cars toys are being made in a factory in China that uses child labour and forces staff to do three times the amount of overtime allowed by law Chinese artist Ai Weiwei remained largely silent after 81 days of imprisonment and a government order to not speak out after his release. He has just written a scathing critique calling Beijing ""a constant nightmare"" A story missing from our media: Iceland's on-going revolution"
DJIA,2011-08-30,Chinese doctors to call for bear farms to be closed,Japanese breakthrough will make wind power cheaper than nuclear Israel sends 2 warships to Egyptian border; Iran set to send fleet to area as well News Corp. Hunkers Down: Murdochs to Testify Under Oath -- A British High Court will hear the testimonies of top News Corp. executives in October
DJIA,2011-08-31,Worlds 7 billionth person about to be born,"In many German cities, Muslim arbiters, or ""peace judges,"" are settling criminal cases before law enforcement can bring the cases to court. That is undermining Germany's rule of law, according to a new book. China jails Tibetan monks for 13 years as ""accessories to murder"" for burning suicide A tale of two cities: It's been 2 years since the city 
of Windsor Ontario had a murder - minutes away 
230 homocides in Detroit since January"
DJIA,2011-09-01,"Al Jazeera English reporting evidence found in Libya of a former US Ambassador, and a currently serving congressman have been providing advice to Gadaffi on how to cling to power.","Huge WikiLeaks Security Breach Causes Unredacted Documents To Flood The Web Turkey warns Israel: You have one day to apologize for Gaza flotilla raid or sanctions begin Rainforest Activist Asks for Protection After Death Threats - 
Rubber tapper fears for his life because landowners have offered a $50,000 contract for his death - Hundreds of such killings have been recorded since the 1980s"
DJIA,2011-09-02,"Hackings Stunning Victim List - 
Scotland Yard has a list of 3,870 people whose phones were tapped. From the ""schoolboy killer"" to Prince William, the scandal's huge scope.","Hungary Introduces 'Fat Tax' - In an effort to address rising obesity rates and health care costs, Hungary on Thursday implemented a law imposing special taxes on foods with high fat, salt and sugar content. The move comes as other European countries also consider policies to fight obesity.  Turkey Cuts Military Ties with Israel and Expels Israeli Ambassador New Zealand's ""Copyright Amendment Act"" went into effect today at midnight; anyone caught downloading copyrighted content illegally could face fines of up to $15,000 and have their Internet cut off"
DJIA,2011-09-06,Turkish PM suspends all ties with Israel,"Nigeria shifting currency reserves from US dollars to Chinese yuan Swiss National Bank says it will buy all other currencies in unlimited quantities, causing the Franc to drop 8% instantaneously. Indian politician(yes, statue/sandal jet lady) calls Julian Assange 'mentally ill' and offers to house him in an insane assylum after the leaked US embassy cables described her as ""a first-rate egomaniac""."
DJIA,2011-09-07,"WikiLeaks: Every law proposal, every ordinance, and every govt report hostile to the net, youth, and civil liberties in Sweden in recent years have been commissioned by the US govt and industry interests",43 die as Russian jet carrying KHL hockey team crashes after takeoff Three Men Hanged For Having Gay Sex In Iran China Increasingly Making Dissidents Disappear
DJIA,2011-09-08,"The lifetime ban on blood donations by homosexual and bisexual men will be lifted in England, Scotland and Wales","Former head of MI5 (British intelligence): ""Torture is never right, even when lives are at risk"" and waterboarding by the US was a ""profound mistake"" The Palestinians have officially launched their bid to join the United Nations as a full member state, saying they will stage a series of peaceful events ahead of the annual meeting of the UN General Assembly later this month Italy grinds to a halt as THREE million strike over austerity package."
DJIA,2011-09-09,Turkish Prime Minister: Turkish navy will escort any aid vessel to Gaza.,"Vancouver lawyer Gail Davidson seeks Dick Cheney's arrest - The cofounder of the Lawyers Against the War wants Canada either to bar the [Cheney] from entering the country or, if hes allowed in, to arrest and prosecute him for torture, war offences, and crimes against humanity. An 85-year-old World War II veteran who was jailed for six months in July for recording court proceedings with a trick pen has been freed by the Court of Appeal Magnitude 6.7 Quake Hits Vancouver Island, Canada"
DJIA,2011-09-12,Star of Spartacus blood and sand - dies aged 39,"Egypt security forces raid Al Jazeera channel, arresting its staff
 The head of Britain's biggest union has urged a campaign of strikes and civil disobedience Taliban release statement on 10th anniversary of 9/11 attacks -- categorically deny any involvement in 9/11"
DJIA,2011-09-13,"Japan Earthquake, Six Months Later [Pics]",Saudi Arabia threatens split with US if Obama vetos Palestinian statehood bid Iran president: US hikers to be freed 'in 2 days' UN recognition of a Palestinian state receives public approval in Europe
DJIA,2011-09-14,Vladimir Putin: Action Man [pics],"Sex-abuse victims urge the International Criminal Court to prosecute Pope Benedict XVI for crimes against humanity Philip Murphy, the US ambassador to Germany, has written an open letter admonishing German jerks for racially abusing a black member of his staff in Berlin recently. The jobless young: Left behind --- The harm todays youth unemployment is doing will be felt for decades, both by those affected and by society at large | The Economist"
DJIA,2011-09-15,Iran blocks Tor; Tor releases same-day fix,"US tycoon Donald Trump's plea to Scotland's first minister over 'ugly' wind farm to be built near his luxury golf resort Berlusconi calls German Chancellor Merkel an ""unfuckable lard-arse"" Dutch Doctors campaign against 'risky and painful' circumcision of boys "
DJIA,2011-09-16,A glimpse of North Korea - The Big Picture,"It took three years, but the music industry has finally won. The Council of the European Union, where the various member state governments all have a say, voted without discussion to increase the copyright term in sound recordings from 50 to 70 years! Praying in Paris streets outlawed Phone hacking: Met Police use Official Secrets Act to force Guardian to reveal sources"
DJIA,2011-09-19,"First projections see German Pirate Party at 8,5 % in Berlin state elections","Pirate Party enters Berlin parliament after historical election win: With an estimated 9% of the total vote they exceeded the 5% floor needed to enter the Berlin parliament; they will get 15 seats An ""American Idol"" style show in China was canceled because the voting process was viewed as too representative of Western Democracy Britain's junior partner in government calls for criminal penalties for personal possession to be scrapped, introduction of regulated market in cannabis"
DJIA,2011-09-20,Italy Proposes Law That Will Ban People From The Internet Based On Single Accusation Of Infringement From Anyone,"Oktoberfest 2011 [pics]
 A US court has overturned a block on Ecuadoreans collecting damages totalling $18.2bn from Chevron over Amazon oil pollution World's Deadliest Volcano Rumbles - it blew up two centuries ago with 10 times the force of Krakatoa and caused a ""year without a summer"" "
DJIA,2011-09-21,Al Jazeera news director resigns after WikiLeaks disclosure reveals that the network edited its coverage of the Iraq war because of pressure by the US government,"Mexican President Caldern Hints at Drug Legalization Again - [If] the consumption of drugs cannot be limited, then decision-makers must seek more solutionsincluding market alternativesin order to reduce the astronomical earnings of criminal organizations. Italy puts 7 scientists on trial for manslaughter for failing to predict earthquake that killed 300. 35 bodies found on a road in peak hour traffic in Mexico..."
DJIA,2011-09-22,"Child rapist to get less time than pot grower (Canada) 
","Sonapur  Dubai's City Of Gold --- 
The men who build Dubai are housed out of town in cramped and dilapidated concrete quarters. They are granted very few rights and treated like indentured labour. This photo essay shows a little of what their lives are like France Breaks with Obama on Palestinian Statehood Issue China on Thursday angrily demanded the Obama admin cancel its plans to upgrade Taiwans aging fleet of F-16 fighter jets, warning that the decision will harm U.S.-China ties overall &amp; military cooperation between the two countries."
DJIA,2011-09-23,Scientists claim to have broken the absolute speed barrier - particles travelling faster than the speed of light.,"The ""first"" Syrian woman (18 years old) to be killed in custody - decapitated, arms cut off, and skin removed - all to put pressure on her activist brother to turn himself in. Bill Clinton: Netanyahu to blame for failure of peace process In a suburb of Vancouver, anti-war activists are protesting that George W. Bush not be allowed in the city for an upcoming summit, calling him a mass murderer."
DJIA,2011-09-26,"Egypt's revolution has become a military coup: Egypt's army, which continues to cement  and flaunt  its grip on power, appears to have hijacked the revolution","Cancer drug trial halted in UK for being too successful: Doctors at the Royal Marsden Hospital in London concluded that it would have been unethical not to offer it to all 922 cancer patients on the trial after the drug was shown to ease pain and cause only minor side-effects Barcelona Holds its Very Last Bullfight - Fans mourn, opponents cheer Britain's Lib Dems overwhelmingly adopted a resolution supporting the decriminalization of drug possession and the regulated distribution of marijuana..."
DJIA,2011-09-27,"Turkey's PM asks: Why are UN sanctions promoted as a means of dealing with Iran and Sudan, but taboo with regards to Israel?","BBC Speechless As Trader Tells Truth: ""The Collapse Is Coming...And Goldman Rules The World"" Iraq to buy US warplanes worth $3 billion Blast destroys Egyptian gas pipeline supplying Israel and Jordan"
DJIA,2011-09-28,Japans ruling party proposed a 9.2 trillion yen ($120 billion) tax increase and selling the governments stake in Japan Tobacco Inc. to fund rebuilding from the March 11 earthquake and nuclear disaster.,"'Voting is worthless'? Global protests share contempt for democracy - From India to Israel to Spain, and even on Wall Street, demonstrators appear to have little faith in the ballot box More Trouble For Chevron: Company Loses Latest Stage of Amazon Pollution Battle: A US appeals court unfroze an $18 billion damages award over contamination of an indigenous tribe's land in Ecuador Israel allows settler expansion"
DJIA,2011-09-29,"Denmark taxes fatty products - Denmark is to impose the world's first ""fat tax"" in a drive to slim its population and cut heart disease.",Saudi King Abdullah has revoked a sentence of 10 lashes imposed on a woman for breaking the ban on women driving in the conservative kingdom Christian Pastor sentenced to death in Iran A court in Bahrain jails 20 medics who treated protesters for up to 15 years
DJIA,2011-09-30,Australian girl gets court to place her on airport watch list to stop her parents from forcing her into an arranged marriage in Lebanon.,"Mexico City considers fixed-term marriage licences:
Politicians propose bill to help newlyweds avoid pain of divorce with marriage contracts of minimum of two years Filipina maid wins landmark Hong Kong case:  High Court ruling could could lead to more than 100,000 foreign maids winning right to residency.  Islamist cleric Anwar al-Awlaki 'killed in Yemen'"
DJIA,2011-10-03,"In praise of chaos:
Governments attempts to control the internet 
should be resisted","Wall Street occupation spreads to Canada Hole 5 times the size of Germany found in ozone above Arctic,  allowing more ultraviolet radiation to hit Canada, Europe &amp; Russia this spring British Reporter Says Hell Name Names in Phone Hacking Scandal."
DJIA,2011-10-04,"Nobel Prize in Physics awarded to Saul Permutter, Brian P Schmidt and Adam G Riess for for the discovery of the accelerating expansion of the Universe through observations of distant supernovae",Amanda Knox acquitted of Murder Charge!!! UK prime minister uses the USA as an example of a country full of fat people Germans want absolute ban on drink-driving  
DJIA,2011-10-05,A 33-year-old man  died when he tried to protect a woman who was being mugged on a Paris metro train ,"Russia introduces chemical castration for pedophiles New Zealand condemns Japan's whaling in Antarctic waters, telling Japan it's being ""entirely disrespectful"" in their ""neighborhood""  Assad: Syria will shower Tel Aviv with rockets if attacked by foreign powers"
DJIA,2011-10-06,Italian Wikipedia shuts down. (ddl is the first stage of a law),14 year old faces 12 years in brutal prison 'for possession of marijuana' Shell oil company paid militants who destroyed Nigerian towns I knew it: Putin didn't go SCUBA diving and find those ancient Greek artifacts all by himself. The whole thing was staged.
DJIA,2011-10-07,Brutal eviction of Palestinian family in Jaffa caught on tape,"Showing how futile Internet censorship can be, The Pirate Bay registered new domain name to allow Belgian users to access the site and bypass a recent court order that requires ISPs Belgacom and Telenet to initiate DNS blockades of 11 domains connected to The Pirate Bay New Danish Minister of the Economy &amp; Interior favors bicycles over freeways - ""I rather invest in cycle tracks than freeways."" -  In Copenhagen, 80% of commuters already bicycle to work every day, even in winter.  Footage offers glimpse of North Korean hunger crisis:  Occasionally the veil is pulled back from the secretive state of North Korea and the world gets a glimpse of what life is like there."
DJIA,2011-10-10,BBC News - Police called after man takes picture of his own daughter in shopping centre,"At least 19 dead in Cairo after a peaceful Christian protest is attacked. Protest escalates into riots against military rule. Forcing someone to marry against their will could become a criminal offence under plans set out by UK Prime Minister David Cameron Nono said she never reported her abuse to police. She belongs to a silent majority of gay South African women who have been victimized by corrective rape, a controversial term describing the practice of straight men raping lesbians to correct their sexual orientation."
DJIA,2011-10-11,"France forces TV ads to pipe down, new rules have been introduced as a response to complaints from viewers that TV ads are much louder than the programmes they are interrupting.
","Occupy Wall Street protests have now spread to Ireland Shareholder service advises ousting Rupert Murdoch, two sons and 10 other directors from NewsCorp board 98 of the FTSE 100 companies use tax havens"
DJIA,2011-10-12,UK government forgives Goldman Sachs $15.6 million (10M pounds) in interest when Goldman Sachs' tax avoidance scheme failed.,"German officials admit using spyware on citizens, as Big Brother scandal grows France said on Wednesday it was tightening immigration rules to require would-be citizens to provide written proof that they speak enough French to manage their daily lives. BP to risk worst ever oil spill in wildlife-rich British waters off Shetland Islands - Internal report warns of ecological disaster if new well bursts. BP is making contingency plans to fight the largest oil spill in history, as it prepares to drill over 4,000 feet down"
DJIA,2011-10-13,"Arrest Bush when he visits B.C., Amnesty tells Ottawa  - The rights body says both Canadian and international law oblige Canada to detain Bush and investigate him for war crimes and torture.",New Zealand Oil Spill In Pictures - It's the country's worst ever maritime environmental disaster Used-car salesman as Iran proxy? Why Iran assassination plot doesn't add up for experts. Chinese artist Ai Weiwei is named the most powerful person in the art world by an arts magazine - China complains about political bias. 
DJIA,2011-10-14,The Oslo terrorist attacks didn't change anything: Norwegian police maintain their stance of not bearing arms,"Spanish cooperation buids a solar plant in Palestinia, provides electricity to 40 families of Emnaizel, a school and a medical center. Israel decides to demolish it in two weeks. A series of corruption scandals has shaken Austria. Entrepreneurs have allegedly received multi-million commissions for non-existent services, and there are reports of cash-stuffed plastic bags changing hands in Vienna's back alleys. The population is losing faith in the political establishment.  This Is What Millions Of Young People In China And India Are REALLY Thinking"
DJIA,2011-10-17,"Brazilian President Dilma Rousseff takes hard line on corruption, fires chief of staff and ministers: 'People are making it clear in the streets and elsewhere that long-tolerated sins such as bribery, graft and other acts of corruption are no longer tolerable.'","Thousands of Tunisians marched through the capital Tunis Sunday in a show of support for a television station subjected to violence after airing a controversial film that offended Muslims.  Engstrom: ""Todays copyright legislation is out balance, and out of tune with the times. It has turned the entire young generation into criminals in the eyes of the law, in a futile attempt at stopping the technological development. Yet file sharing has continued to grow exponentially."" Police called after passengers stranded on plane or an entire day"
DJIA,2011-10-18,Occupy Wall Street Spreads Worldwide [pics],"Twitter chief: We will protect our users from Government, Twitter's chief, has stood by the companys decision not to suspend the service during the UK riots or disclose user identities to authorities.
 Interview with German Opposition Leader: 'Commercial Banking Should Be Split From Investment Banking'  Occupy Italy: Police raid homes after riots
"
DJIA,2011-10-19,We now have an effective vaccine for Malaria,"Shark massacre reported in Colombian waters: Environmental authorities say up to 2,000 hammerhead, Galpagos and whale sharks were slaughtered for their fins
 Canada Supreme court rules that people cannot be held liable for how they use hyperlinks on websites French Court Orders ISPs to Block Access to Site That Allow[s] Civilians to Post Videos of Alleged Police Misconduct"
DJIA,2011-10-20,Libyan forces 'capture Gaddafi' - local TV reports.,"Whistleblowers murdered in India illustrate the fatal hazards of exposing corruption Report into undercover police delayed, allegations that police chiefs had authorised undercover police officers to give false evidence in court. Russia is pressing for a UN resolution aimed at keeping thousands of shoulder-fired surface-to-air missiles purchased by former Libyan leader Moammar Gadhafi from getting into the hands of armed groups and terrorists."
DJIA,2011-10-21,700 metres of the Great Wall of China collapses due to excessive mining,"Yue Yue, the little girl run over by two trucks, has now died. Global warming 'confirmed' by independent study Basque separatist group Eta says it has called a ""definitive cessation"" to its campaign of bombings and shootings."
DJIA,2011-10-24,Japan 6 months later... Hard work pays off,"
Deal struck to stop poor nations becoming West's toxic waste dump - UN accelerates global ban on export of hazardous waste, including old electronics, discarded computers, &amp; mobile phones, from developed to developing countries BBC News - WikiLeaks suspends publication of classified US files Good News Everyone. India 'close to wiping out polio'"
DJIA,2011-10-25,"The bankers' blockade of WikiLeaks must end: Whether you support WikiLeaks or not, the blockade by Visa, Mastercard, Paypal and others is a sinister attack on free speech","Toronto city council bans sale and consumption of shark fin.  The Man Who Knew Too Much 
Libyans may be celebrating the killing of Muammar al-Qaddafi, but you'd better believe that Western governments are breathing a sigh of relief themselves. Nicolas Sarkozy tells David Cameron to 'shut up' in euro clash. ""We are sick of you criticising us and telling us what to do,"""
DJIA,2011-10-26,Apple Continues To Insist Only It Can Use An Apple In A Logo; Threatens Small German Cafe,"London's Metropolitan Police discovers existence of a secret mobile phone within News International's east London HQ that was used in more than 1,000 incidents of illegal hacking A top US government official believes that the internet is under fierce attack by authoritarian governments worldwide, and that the situation is rapidly deteriorating.
 Remember that high speed train accident in China in July? Within hours of the incident, local officials began burying the wreckage. Video showed bodies still inside the carriages as they were shoved by backhoes into newly dug slit trenches."
DJIA,2011-10-27,Bangkok Underwater [Pics],"Wife-sharing haunts Indian villages as girls decline

 Israel rejects Palestinian lawsuit over IDF missile that struck family home N. Korea nationals who witnessed Arab Spring forbidden to return home. "
DJIA,2011-10-28,"Britain's top directors condemned as ""elite greedy pigs"" after a 49% pay rise last year, while average workers failed even to keep up with inflation","Colombian President Juan Manuel Santos says he would support worldwide legalization of ""softer drugs"" such as marijuana ""provided everyone does it at the same time.""  Canadas homicide rate hits 44-year low Over 200 Cambodian workers fainted this week in a factory which manufacturers clothes for Swedish fashion giant H&amp;M.
"
DJIA,2011-10-31,UNESCO gives Palestinians full membership,"British Prime Minister threatens to withhold international aid from ""anti-gay"" countries Fast cars and loose fiscal morals: there are more Porsches in Greece than taxpayers declaring 50,000 euro incomes'. More revelations on the official police-spread malware that Germany's Chaos Computer Club discovered in the wild and reverse engineered: pretty much everything the German police said in their defense turns out to be a lie!"
DJIA,2011-11-01,"Israel to shift tax burden to the rich and corporations: Israel's protest movement celebrates its first tangible success.
",S. Korea Plans $50B Fund for Reunification China to assemble a permanent space station in ten years! Israel punishes Palestinians for Unesco membership: Withholding tax revenues and accelerating settlement construction - But it's Palestines bid for membership that will kill peace talks.
DJIA,2011-11-02,Wikileaks' Julian Assange loses extradition appeal,"In anticipation of a coup, Greece's prime minister fires all head military leadership New Documents Shows News Corp. Approved $1.2 Million Payoff After Learning of Fatal Evidence Plane carrying 230 passengers crash lands in Warsaw"
DJIA,2011-11-03,"Iran claims to have proof of US-led terror plots, plans to expose it","Six police officers who used baseball bats to smash 
up a suspect's car WILL keep their jobs. In 2002, 26 men bought and, to preserve her virginity, anally raped  a 13 year old girl in Mardin. After eight years, Turkish court rules minimum penalty on the grounds that she consented to the act.  Over the last two decades, thanks largely to government policy, the poverty rate in Brazil has halved. With this, income inequality has also fallen sharply."
DJIA,2011-11-04,"China to phase out incandescent lightbulbs:  Energy-inefficient lightbulbs will be phased out in five years in a bid to save energy and curb climate change
","Honduras arrests 176 police in corruption purge French paper reprints Mohammad cartoon after firebomb '15,000 strong' army gathers to take on Syria: An insurgent army which claims to be up to 15,000 strong is being coordinated from Turkey to take on President Bashar al-Assad of Syria, which risks plunging the region into open warfare.
"
DJIA,2011-11-07,UK ban on blood donation by gay men has been lifted (from r/globalhealth),"Russia: Israeli threat of strikes on Iran 'a mistake' -- Military action against Iran would be a ""very serious mistake fraught with unpredictable consequences"", Russia's foreign minister has warned. Key lesson from Iceland crisis is 'let banks fail' News International hired investigators to spy on hacking victims' lawyers..."
DJIA,2011-11-08,"The artist Ai Wei Wei has been ordered to pay a fine of 1.6 million euros. To show their solidarity, people in China and elsewhere have made donations that have added up to a six-figure sum in just three days. ","Sarkozy calls Netanyahu a ""liar"", Obama also expresses displeasure with the Israeli PM UK Police will have the right to fire rubber bullets on student protesters as they prepare for huge London demonstration: Scotland Yard revealed that the baton rounds have been authorised; the non-lethal 'rubber bullets' would be used only in an emergency such as to rescue officers from attack  A group of Russian scientists came out of an isolation chamber after over 500 days, proving that sending humans to mars may soon be feasible "
DJIA,2011-11-09,Italy's Berlusconi Agrees To Resign After Passing Austerity Bill,Israel imposing steep court fees to prevent lawsuits: Palestinians who lost family members in the Israeli offensive in Gaza say they cannot seek compensation due to near-impossible barriers placed by Israel Woman suffering from severe senile dementia has become the first person in the Netherlands to be given euthanasia even though she could no longer express her wish to die Fossil Fuels Got More Aid Than Clean Energy: IEA
DJIA,2011-11-10,"Mexico City mayor calls drug policy 'schizophrenic': ""If the US is legalizing marijuana and we're over here killing ourselves on the street over marijuana, that does not make sense,"" says Ebrard referring to California's efforts to decriminalize the sale and use of cannabis","The world's last surviving Sikh warrior master who has devoted his life to learning an ancient martial art is - from Wolverhampton, it has emerged. Occupy Movement: Chileans take to the streets with calls for a radical overhaul of the country's for-profit university system Former Israeli president Katsav loses rape appeal ... and will go to prison for seven years"
DJIA,2011-11-11,"A seven-year-old Argentine boy has defied doctors' predictions that he would never walk, with help from a homemade rehabilitation device built by his father.","Put warning labels on skinny models: Norwegian minister, Giant images of airbrushed and digitally altered fashion models could soon come with warning labels if Norway's equality minister succeeds in pushing through a new action plan.  Shell oil spill in Niger Delta has wrecked the lives of 70,000, will take over 30 years to clean, and will cost over $1 billion Mexican cartel calls Anonymous bluff - murders another blogger"
DJIA,2011-11-14,"Scottish school removes concrete play area and replaces with ""Urban Jungle"" containing trees, hills, boulders and tunnels.  Over a 2 year period results in 80% fewer accidents! ","Roman Catholic church's paedophile investigator jailed for possessing thousnds of child porn images Indonesians killed 750 endangered orangutans in a year - Such practices, never before quantified, are believed to be a more serious threat to the existence of the red apes Fury over young activist publishing nude self-photo:  In an unprecedented move, a young Egyptian female on Sunday dared to publish a nude photo of herself, along with other nude photos, on her blog as an act of free personal expression."
DJIA,2011-11-15,What We Can Learn From the Dutch About Teen Sex,Syria's 'bloodiest day' leaves scores dead:  At least 70 people reportedly killed over past 24 hours as security forces clash with defectors. Israel continues withholding on $100M in taxes owed to Palestinians  Egyptian womens group calls on men to try the veil
DJIA,2011-11-16,"EU has banned the use of X-ray body scanners in European airports, parting ways with the US TSA which has deployed hundreds of the scanners as a way to screen millions of airline passengers for explosives hidden under clothing","China: Man sets fire to himself in Tiananmen Square Young UK jobseekers told to work without pay or lose unemployment benefits. People taking up work experience places  providing up to 30 hours a week of unpaid labour  face losing benefits if they quit
 Chevron's Oil Spill Off Brazil Could Be 10 Times Bigger Than Official Estimates"
DJIA,2011-11-17,"Save the Internet: The US Congress is debating a law that would give them the power to censor the world's internet - creating a blacklist that could target YouTube, WikiLeaks and even groups like Avaaz!","The State Wants To Know What You're Up To. But Why Do We Let It? --- Biting commentary on Britain's surveillance society. Now so bad that councils want to film and record all conversations in taxis. This isn't about diminishing evil, it's about a desire to control. The next financial crisis will be hellish, and its on its way Ultra-Orthodox in Jerusalem fight to remove women from public sphere  "
DJIA,2011-11-18,Neutrinos still faster than light in latest version of experiment,"Bill would make wearing masks during riots a crime ""By my calculations, at least 10 times as many girls are now trafficked into brothels annually as African slaves were transported to the New World in the peak years of the trans-Atlantic slave trade."" Indian activist who fought mining companies brutally murdered by a mob of 25-30 men"
DJIA,2011-11-21,"Egypt - Pile of bodies spotted in Tahrir Square, surrounded by police.","This is How Terrifying Cairo is Tonight - 
Horrifying video &amp; images are emerging of Egyptian security forces beating protesters in Cairo, as reports of military units firing into the crowds continue to spread. Pakistani government orders all text messages sent from mobile phones that contain any of a list of over 1000 ""obscene"" words be censored. Phone networks struggling to cope.   Tragically, widespread newspaper abuse has become so endemic, it has crippled the country's ability to conduct a sensible debate about the ""war on drugs"" - Charlie Brooker/The Guardian"
DJIA,2011-11-22,Voice of Russia: The US and the West have long criticized China for stifling dissent and for censorship but now they are not only joining China but they are taking censorship even further and attempting to censor the whole world,"Pope Benedict XVI backtracks, says AIDS is an ethical problem that needs medical solution, and NOT spread by condoms. South Korean Legislator Sets Off Tear Gas Bomb in the National Assembly The Anti-Counterfeiting Trade Agreement (ACTA) provisions are so vague that it will go against fundamental freedoms and lead to privatized online censorship!"
DJIA,2011-11-23,"James Murdoch resigns as director of Sun, Times and Sunday Times","Afghan woman's choice: 12 years in jail or marry her rapist and risk death Portugal decriminalized all drug use in 2000. Since then, contrary to expectations, drug use hasn't risen significantly - and use among adolescents decreased.  Murdoch's News Corp accused of trying to bribe Australian senator"
DJIA,2011-11-25,"Two bankers that a week ago caused the collapse 
of two banks in Latvia and Lithuania are arrested 
today in London. Lithuania says their banks will be 
liquidated, the government should not waste 
taxpayers' money trying to help ""a plane that won't 
fly.""","Wind power to make up half of Danish energy use by 2020 &amp; the country aims to be 100% free of fossil fuels by 2050 Egypt police detain, beat, sexually assault US-based journalist Mona Eltahawy; other journalists also targeted : ""The whole time I was thinking about article I would write,"" she writes, ""Just you fuckers wait.""  Aussie man stays with is house during a huge bush fire then watches it go over his head submerged in his neighbours pool wearing SCUBA gear."
DJIA,2011-11-28,"A Chinese entrepreneur's bid for 30,639 hectares (120 sq mi) of Iceland was denied, prompting the investor to say it reveals western ""hypocrisy &amp; deep prejudice"".  Iceland limits foreigners buying property to protect its independence &amp; ensure citizens - rather than foreigners - benefit.","Record numbers of young Japanese do not have boyfriends or girlfriends, and many do not want one. Wyclef Jean squandered Haitian relief funds: report - Yahoo! News Pope faces lawsuit in Germany for not wearing seatbelt"
DJIA,2011-11-29,Anders Behring Breivik 'not accountable for attacks'. Psychiatrists have found that Anders Behring Breivik was insane at the time of the crime.,"Medical journal calls on hospitals to scrap parking fees - Canada's top medical journal is calling for an end to universally loathed hospital parking charges, calling parking fees a barrier to health care that should be scrapped. Canadians willing to shell out $6.3 billion towards saving the arctic circle's 15,000 remaining polar bears, $420,000 a head -  Environment Minister Peter Kent: If you were to ask me, Id say, priceless  Racist woman on UK train arrested"
DJIA,2011-11-30,"UK experiencing the worst disruption to services in decades as more than 2 million public sector workers stage a nationwide strike, closing schools and bringing councils and hospitals to a virtual standstill","Suez Port Employees Reveal 21-Ton US Tear Gas Order for Interior Ministry: workers refuse to receive initial 7 ton shipment as the interior ministry looks to restock after firing tear gas at protesters in Egypt for six days last week ""Privacy is for paedos; fundamentally nobody else needs it"" - Paul McMullan at the Leveson Inquiry Australian state legalises same-sex civil unions"
DJIA,2011-12-01,Women held against her will on Scientology cruise ship for 12 years!,"Nearly 50% of the Young People in Greece and Spain Are Unemployed  This weekend, a large section of the German city of Koblenz will come to a standstill as bomb experts gingerly defuse a massive World War II bomb that recently emerged from the Rhine River due to low water levels  Australia ranked least corrupt country in the G20"
DJIA,2011-12-02,"A win-win on drugs? Fighting gangs by legalizing pot: Copenhagen voted overwhelmingly to remove its cannabis prohibition.  
","One of Britain's biggest unions has demanded that the BBC sack popular ""Top Gear"" host Jeremy Clarkson for saying public sector workers on strike should be executed in front of their families 2 days before the parliament elections in Russia Livejournal is shut down by the government. It's like Reddit for the Russian opposition, so it is a big blow Anti-piracy group BREIN is caught up in a huge copyright scandal in the Netherlands"
DJIA,2011-12-05,Julian Assange wins the right to take his case against extradition to the UK supreme court.,"Iceland arrests failed bank CEO, a top trader and a broker Pile-up on Japanese expressway claims 14 luxury cars, including eight Ferraris and a Lamborghini, in what may be the most expensive car wreck of all time. A humanitarian worker was raped after being stopped at a security checkpoint in Egypt. She contacted the British embassy in Cairo for help, but diplomatic staff failed to offer any assistance and says they insisted she travel alone to report the incident to Egypt's security forces"
DJIA,2011-12-06,Russia has sent interior ministry troops to Moscow and increased the alert level of security forces after a protest of thousands of people opposing Vladimir Putin ,"Iran Revolutionary Guard prepare for war China gave a jolt to United Nations-led climate talks by appearing to call for binding emissions cuts, prompting some industrial powers to reconsider their positions at a conference where few had expected real progress. Greenpeace activists successfully break into nuclear power plants in France to show security flaws"
DJIA,2011-12-07,Petition to pardon computer pioneer Alan Turing started,"Turnout is near 100% and 99.48% voted for Putin's party, United Russia. In Chechnya. ""I haven't heard about results like that since the Soviet times."" Election fraud in Russia caught on video: ballot-stuffing, erasable ink and more Mikhail Gorbachev, the former Soviet Union leader, has called for Russia's elections be rerun due to fraud."
DJIA,2011-12-08,A Russian Awakening? - Russia's once apolitical youth has taken to the streets of Moscow and launched the largest demonstrations since the collapse of the Soviet Union ,"Japan will spend $29 million of its Tsunami disaster budget to hunt whales. Putin accuses US of being behind Russian protests. Bell Pottinger caught rewriting Wikipedia entries - 
The extent of lobbying company's internet manipulation to alter its clients' reputations revealed"
DJIA,2011-12-09,Iranian TV airs footage of captured US drone,"A German chemical company says it can recycle rare metals from old solar panels  effectively washing them off in a chemical bath so the different elements can be reused. ""The spent batteries Americans turn in for recycling are increasingly being sent to Mexico, where their lead is often extracted by crude methods that are illegal in the United States, exposing plant workers and local residents to dangerous levels of a toxic metal."" French court fines first women for full-face veils ... court slapped fines on women for wearing the full-face covering Islamic niqab veil for the first time Thursday, case could have legal implications across Europe"
DJIA,2011-12-12,A South Korean coastguard was stabbed to death by a Chinese fisherman Monday in an operation to apprehend a Chinese vessel operating illegally near South Korean waters,"As Canada's govt attempts to drag the country back into the last century with its drug and crime policies, a new drug reform umbrella group - Canadian Drug Policy Coalition (CDPC) - emerges to fight for smart, sensible, evidence-based alternatives Man throws shoes at Iranian president Ahmadinejad UK police to test laser that 'blinds rioters':  The shoulder-mounted laser emits a blinding wall of light capable of repelling rioters"
DJIA,2011-12-13,Deadly blasts rock Belgian city,"Beijing air pollution goes from 'hazardous' to off the charts, literally Canada becomes first nation to pull out of Kyoto Protocol Massive methane leak off the coast of Russia. Hundreds of plumes detected, some over a kilometer wide."
DJIA,2011-12-14,"""For the first time on record, the Chinese Communist party has lost all control, with the population of 20,000 in this southern fishing village now in open revolt.""  Wukan denizens clash with Chinese police and run all Party officials out of their town.","It is on in China: A dispute between farmers and Communist Party officials exploded into open rebellion; villagers chased away government leaders, set up roadblocks and began arming themselves with homemade weapons Mexico: Violent clash between student demonstrators and police. Two students shot dead. 7.3 Earthquake strikes Paupa New Guinea."
DJIA,2011-12-15,"Police shave mohawks off punks at Indonesia concert - Police in Indonesias most conservative province raided a punk-rock concert and detained 65 fans, buzzing off their spiky mohawks and stripping away body piercings because of the perceived threat to Islamic values.","	 Chevron admits it hasnt been able to stop Brazil oil leak - Last month Chevron spilled over 100,000 gallons of oil off the coast. They tried to plug the well with cement, but Chevron had to admit it didn't work. Canada's environmental minister is called a ""piece of shit"" by an opposition MP after Canada  withdraws from Kyoto Junkyard Gives Up Secret Accounts of Massacre in Iraq"
DJIA,2011-12-16,Christopher Hitchens dies at 62,Police include Occupy movement on terror list - Yahoo! Dutch report finds thousands of children were sexually abused in Catholic institutions Moscow airport police find 18 canisters of nuclear sodium destined for Iran
DJIA,2011-12-19,North Korea Leader Kim-Jong Il has died,"The Land of No Smiles: Photographer entered North Korea by posing as a businessman looking to open a chocolate factory; images rarely captured and even more rarely distributed in the West, show stark glimmers of everyday life in the world's last gulag North Korea Says Its Leader Kim Jong Il Has Died Twitter, the coordinating tool of the Arab uprisings, has sold a $300million stake to a member of the Saudi Royal family."
DJIA,2011-12-20,"Thousands Of Rare Documents Burned In Egypt Clash: ""This is equal to the burning of Galileo's books""","Kazakhstan's hardline president has switched off part of mobile and internet to try and stop an Arab Spring style uprising. Egyptian Women Defend Their Role in the Revolution, 10,000 March Against the Army's Brutality Car manufacturer SAAB declares bankruptcy after GM rejects Chinese offer"
DJIA,2011-12-21,"Assad losing control as 10,000 soldiers desert Syrian military","US targeted over failure to condemn Israel: frustrated members of the U.N. Security Council pointed a finger at the United States for blocking any condemnation of Israel's accelerated settlement construction in Palestinian territory In Finland 69 Patriot missiles found in a ship destined to South Korea A Chinese village protest that tested the ruling Communist Party for over a week ended on Wednesday after officials offered concessions over seized farmland and the death of a village leader, in a rare spectacle of the government backing down to mobilized citizens."
DJIA,2011-12-22,"Canada ""honor killings"" on trial: An Afghan immigrant allegedly killed his daughters. ""They betrayed everything.""","Bankers Are Using the Eurozone Crisis to Wage Warfare on Working People &amp; Seize Control of Governments - 
Wages &amp; living standards are to be scaled back &amp; political power shifted from elected government to technocrats governing on behalf of big banks &amp; financial institutions In Pictures: Fire Destroys ""Temple of Knowledge"" in Egypt  Brazil's Great Untold Environmental Disaster -
Cerrado, the world's largest savannah, contains 5% of the world's biodiversity, but is being destroyed at an incredible rate to make way for monocultures with devastating long-term effects "
DJIA,2011-12-23,BBC News - Volkswagen turns off work email after work hours for staff. Wants to reduce the blurring of lines between home and work.,"Quake of 5.9 magnitude strikes New Zealand's Christchurch
 'Blue bra girl' rallies Egypt's women vs. oppression  British bankers prepare to sue for bonuses: Bankers seem to have an expectation that they are entitled to a bonus under almost any circumstances, which has been fed by over 20 years of high bonus rounds."""
DJIA,2011-12-27,The Russian media has lost its fear of Putin. History tells us the end must be nigh.,"How Anger Took Elites by Surprise ... everywhere, the conventional wisdom was turned upside down by people who turned out to be angrier than their elites had suspected Egypt bans military's forced virginity tests Iranian woman sentenced to death by stoning for adultery now faces being hanged after international outcry"
DJIA,2011-12-28,BBC News - Why Irish soldiers who fought Hitler hide their medals,"The U.S. Fifth Fleet said it will not allow any disruption of traffic in the Strait of Hormuz, after Iran threatened to stop ships moving through the strategic oil route. Uruguay Senate backs bill to allow abortions Thirty war graves of Muslim soldiers who fought in World War I have been attacked and defaced in French city Carcassonne."
DJIA,2011-12-29,PERU has banned GM crops production for 10 years,"Protester 'banned' from flight home for Christmas after he was found carrying anarchist literature. Japan Way Ahead in Global Plastic Recycling Race - 

At 77%, country's plastic recycling rate is about twice that of the UK, &amp; well above the 20% figure for the US Saudi women no longer need male OK to vote or seek office"
DJIA,2011-12-30,Mexican Drug War - Five Years Later (images),"US sells over 80 F-15s to Saudi Arabia, worth $30 billion 2 Doctors Without Borders workers shot in Somalia
 99-year-old divorces wife after he discovered 1940s affair"
DJIA,2012-01-03,Shell oil company refuses to clean up its African oil spill.,"Doctors Without Borders loses contact with 130 staff members in South Sudan; clinic destroyed World's 1st Hybrid Sharks Discovered Near Australia -  Scientists have found not 1, not 2, but 57.  While the idea may bother some, marine biologists say these offspring of 2 genetically distinct species represent an extraordinary &amp; totally unprecedented discovery in the world of sharks. Indian activists have reacted angrily after 12 doctors were fined less than $100 each for conducting secret drug trials on children and patients with learning disabilities."
DJIA,2012-01-04,"China has reportedly cut two-thirds of TV entertainment shows as part of a government campaign to reign in ""excessive entertainment.""","'In November 2005, a US marine squad killed 24 Iraqis, many of them women and children, in the village of Haditha. This week, the squadron leader in charge, will face voluntary manslaughter charges...' India's sub-$50 Android tablet claims 1.4 million orders in two weeks German president urged to resign over threats to newspaper editor"
DJIA,2012-01-05,US Threatened To Blacklist Spain For Not Implementing Site Blocking Law,"Armed commandos will protect India's tigers Chevron accused of racism as it fights Ecuador pollution ruling:  Oil giant vows to continue fight after appeals court rules it must pay $18bn for dumping toxic waste in Amazon basin
 EU Agrees to Embargo on Iranian Oil -- European governments have agreed in principle to ban imports of Iranian oil, EU diplomats said Wednesday, dealing a potentially heavy blow to Tehran that crowns new Western economic sanctions imposing real pain just months before an Iranian election."
DJIA,2012-01-06,Iran Is Now Gearing Up For Its 'Greatest Wargames Ever' In The Strait Of Hormuz," Damascus bomber kills 25, 46 wounded Copyright is against my religion: Kopimism officially recognized by Sweden  'Europe's biggest' free wi-fi zone set for London"
DJIA,2012-01-09,"Over Half of Germany's Renewable Energy Owned by Citizens &amp; Farmers, Not Utility Companies","Stephen Hawking, unable to deliver 70th birthday speech. Extremist Jews prevent women from voting in Israel Indigenous Amazonian Child Burned to Death by Loggers - 
""It was just pure evilness. She is from another tribe, they live in the woods, &amp; have no contact with white people,"" said one witness."
DJIA,2012-01-10,Australia Tells Japan Whalers to Stay Out of it Waters  - Again,"Top German cop installed spyware on his daughter's computer to monitor her Internet usage, gets hacked in retaliation ""McDonald's restaurants are fighting back against thieves by blasting suspected robbers with an invisible DNA spray as they attempt to flee. The spray...remains on the suspect's skin for two weeks and on clothes for up to six months""  North Korea announces prisoner amnesty"
DJIA,2012-01-11,"Due to pressure from ultra-Orthodox groups, women will be banned from speaking at an Israeli conference - on gynecology.","Iran blames the US and Israel for the assassination of a nuclear scientist.  Gay marriage a threat to humanity's future: Pope
 Magnitude 7.3 earthquake reported off the coast of Sumatra."
DJIA,2012-01-12,Loggers in Brazil captured an eight-year-old girl from one of the Amazon's last uncontacted tribes and burned her alive as part of a campaign to force the indigenous population from its land.,"300 Chinese Foxconn Workers 'Threaten Mass Suicide' At XBox Plant, Reports Claim Tens of Thousands living in 6x2ft rabbit cages in Hong Kong... Landlords charging $200 a month per cage Mexicos drug war kills more than 47,000 in 5 years"
DJIA,2012-01-13,Scotland Yard Report Finds British Citizen Was Tortured in Secret CIA Site,"A German Catholic priest, 46, admits 280 counts of sexual abuse involving three boys in the past decade, saying he did not think he was doing harm. India marks a year without recorded cases of polio, a milestone for a country with a huge population and widespread poverty. Brazil passes law stating sending emails after work hours is considered overtime. "
DJIA,2012-01-17,"MIT study shows that the increased presence of local female political leaders in India has had a marked impact on adolescents and their families, raising the career aspirations and educational performance of young women.",Iran's nuclear scientists are not being assassinated. They are being murdered Liberal party of Canada endorse marijuana legalization The Pirate Bay: PIPA/SOPA Wont Stop Us!
DJIA,2012-01-18,The Mexican navy says it has seized 195 tonnes of chemicals which can be used to make the drug methamphetamine,"BBC News - Israel launches air strike on northern Gaza Strip 51 people, mostly women and children, killed in South Sudan Ethiopia: Tens of thousands forced off land for foreign investors, HRW says --  Under Ethiopia's ""villagization"" program, about 70,000 people have been forcibly relocated from agricultural areas slated for development by foreign investors, a Human Rights Watch report says.
"
DJIA,2012-01-19,"Cruise Captain Says He 'Tripped' Into Lifeboat, Couldn't Get Out","Long dismissed as a playboy, Kim Jong Il's eldest son has become an outspoken and dangerous critic of the regime Julian Assange - 
Under house arrest in England, the WikiLeaks founder opens up about his battle with the 'Times,' his stint in solitary &amp; the future of journalism Canadian MPs are screwing taxpayers by getting their pension contributions matched 23 TIMES"
DJIA,2012-01-20,Thailand recognizes Palestinian state,Cruise Captain not the only one to fall into life boat: Second and third in command also tripped and fell into same lifeboat Hallelujah! Canadians agree it's time to legalize marijuana Five Muslim men in  UK are guilty of stirring up hatred by handing out leaflet advocating death penalty for gay people
DJIA,2012-01-23,Sir Richard Branson - Its time to end the failed war on drugs ,"While the captain watched from shore, heroes stayed aboard - The purser aided 100s into lifeboats &amp; searched until trapped in a submerged area of the ship for 36 hrs.  A janitor fell overboard while helping &amp; died.  A violinist aided children with lifejackets.  His body was found inside the wreck. Germany has the economic strengths America once boasted -- Germany with its manufacturing base and export prowess is the U.S. of yesteryear, an economic power unlike any of its European neighbors. It has thrived on principles America seems to have lost. SOPA-like law to be unveiled in the next 10 days in Ireland"
DJIA,2012-01-24,"Rick Falkvinge: Its Time To Go On The Offensive For Freedom Of Speech: ""the copyright industry gets insane amounts of money for doing absolutely nothing, and use that money to buy laws that give them even more money and restrict our freedoms of speech. That is repulsive.'

    ","More than 50 countries have banned asbestos products but India cannot get enough. It imports the mineral from Canada, risking a future health crisis.
 Julian Assange to host own TV show France Has Angered Turkey By Passing A Bill Recognizing The Armenian Genocide"
DJIA,2012-01-25,"Europe is considering a sweeping new law that would force Internet companies like Amazon.com and Facebook to obtain explicit consent from consumers about the use of their personal data, delete that data forever at the consumers request and face fines for failing to comply.",Forced Sterilization for Transgendered People in Sweden All EU member states to sign ACTA treaty on Thursday Judge says taking similar-looking photos is piracy
DJIA,2012-01-26,"Fidel Castro lambasted the Republican presidential race as the greatest competition of ""idiocy and ignorance"" the world has ever seen","How Swedes and Norwegians Broke the Power of the 1 Percent Doctors Without Borders is halting its work in detention centers in the Libyan city of Misrata because detainees are ""tortured and denied urgent medical care.""  SOPA coming to Canada, warns Michael Geist "
DJIA,2012-01-27,"Gates donates $750 million to fight AIDS, TB and malaria","Russian Prime Minister Vladimir Putin: ""The U.S. 'wants to control everything' and takes decisions unilaterally on key questions . . . 'Sometimes I get the impression the U.S. doesn't need allies, it needs vassals.'"" Divers find large, unexplained object at bottom of Baltic Sea. Twitter to begin censoring content in some countries "
DJIA,2012-01-30,Carlos Fuentes: legalise drugs to save Mexico - Telegraph,"India, which imports 12 per cent of its oil from Iran, will not scale down its petroleum imports from Tehran despite US and European sanctions Drug companies join forces to combat deadliest tropical diseases: Bill Gates gets pharmaceutical giants to promise drug giveaways and unprecedented pledge to share research on new antidotes Afghan woman slain for giving birth to daughter"
DJIA,2012-01-31,"Sarkozy Confirms 'Robin Hood' Tax For France. 0,1% tax on financial transactions","Nearly $1 trillion in illicit capital left Mexico from 1970-2010, averaging about $50 billion a year this past decade, and most of it going to the U.S. Chinese dissident on trial after using Skype to send poem Doctors Without Borders suspended its work in the Libyan city of Misrata last week because prison officials repeatedly brought torture victims in for treatment -- only to return them to interrogation after they received medical care. "
DJIA,2012-02-01,"Acta goes too far, says MEP-Kader Arif, the lead Acta negotiator in the European Parliament, says Acta potentially cuts access to lifesaving generic drugs and restricts online freedom",Disgraced British banker loses his knighthood Poland 'may not ratify ACTA' (xpost R/evolutionReddit) The Nobel Peace Prize committee under investigation for not following Nobels original intentions contained in his will.
DJIA,2012-02-02,Bulgarian ISPs Rise against ACTA (xpost r/evolutionreddit),Spain orders $500M in gold found under the Atlantic by US treasure hunters back home.  US courts agree.  Kim Jong Un Looking at Things [pics] At least 40 dead in Egypt Football violence
DJIA,2012-02-03,"Slovenia's ambassador apologizes to her children and her nation for signing ACTA, calls for mass demonstrations in Ljubljana tomorrow (xpost R/evolutionReddit)","Scientology condemned in France for organized fraud Anonymous hack into phone conversation between FBI and Scotland Yard Thailand has become the first nation to openly endorse Twitters decision to allow state by state censorship. The move is no surprise  Thailand recently jailed an elderly man with cancer for sending 4 text messages criticizing the King, despite being unable to prove he sent them."
DJIA,2012-02-06,Passengers at airports across Australia will be forced to undergo full-body scans or be banned from flying under new laws to be introduced this week.,"Sarkozy ally says all civilisations not equal:  French interior minister stands by his remarks as critics denounced his comments as dangerous and xenophobic. ""Ignoring a U.S. threat to cut off aid, Egypt on Sunday [5 February 2012] referred 19 Americans and 24 other employees of nonprofit groups to trial before a criminal court on accusations they illegally used foreign funds to foment unrest in the country."" BBC News - Three Tibetans have set fire to themselves in south-west China, reports say, in the latest apparent protest against rule from Beijing."
DJIA,2012-02-07,Lake Vostok surface reached,"The last World War I veteran has died. UK Government 'may sanction nerve-agent use on rioters'. Honour killings un-Islamic, ... fatwa declares in wake of Shafia trial "
DJIA,2012-02-08,"For the first year in its history, India has no reported cases of polio.","Nicaraguas push to generate 94 percent of its own electricity from renewable resources  by 2016 without damaging the environment  has united the country. An undercover police officer ""chased himself round the streets"" for 20 minutes after a CCTV operator mistook him for suspect. Monsanto, the creator of chemical weapon Agent Orange, returns to Vietnam - this time to sell GM crops and weed-killing chemicals in Vietnam; many outraged

"
DJIA,2012-02-09,"Charlotte Church stands alone as hacking victims settle. Singer's refusal to accept pre-trial deal means Murdoch empire still faces damaging court case
","It's a bloodletting in Syria. Civilians are facing tanks. There's every indication the dictatorship is moving to crush, once and for all, the eleven-month-old rebellion against the 40-year dictatorship of the Assad family. Israel teams with terror group to kill Iran's nuclear scientists Indian POliticians get caught watching porn during meeting: ""...was not looking at porn but watching video of a women being raped by several men..."""
DJIA,2012-02-10,11 current Latin American leaders call for legal drug regulation as an alternative to the war on drugs. ,"The British govt about to unveil proposals to block the Internet for copyright enforcement purposes Anonymous threatens cyber crusade against Israel - accusing it of ""Crimes against humanity"" Belgian firefighters soak police in protest!
I never thought I'd see firehoses turned on the police."
DJIA,2012-02-13,Monsanto is found guilty of chemical poisoning in France. The company was sued by a farmer who suffers neurological problems that the court found linked to pesticides.,"Maldives: Islamists Storm National Museum, Destroy Entire Collection of 12th-Century Buddhist Statues Last Of The Cave People: ""A nomadic people in Papua New Guinea were rumored to be living in remote caves in the forest. When we found them, they sent a surprising message to the modern world."" Osama Bin Laden told his children: ""Live in Peace in the West. Get an Education."""
DJIA,2012-02-14,Canadian legislation will require internet service providers to log internet activity of all customers and provide information to government and police. The government says anyone who is against the bill is siding with child pronographers,"(Canadian) Conservative Party wants warrant-less searches of everyone's internet history, saying all that oppose this support child porn. Athens in Flames [pics] Dresden stands up to neo-Nazi march - For years, neo-Nazis have marched on the anniversary of the 1945 Dresden air raid. In 2011, tension with counter-demonstrators escalated into clashes. But this year, the city seemed to have learned from past mistakes. "
DJIA,2012-02-15,Bulgaria refuses to ratify ACTA,Dutch Parliament Rejects ACTA On Human Rights Violations Academics vote 'shitstorm' as German's best English loanword Iran Cuts Oil Exports to Europe; Begins Using Its Own Nuclear Fuel
DJIA,2012-02-16,"Bill C-309, if passed, would make it a crime to protest in a mask.  Could be up to a five year sentence.",Acta loses more support in Europe as Netherlands and Bulgaria join Poland and Germany in refusing to support it. UK Parliament members concluded that the Internet plays a major role in the radicalization of terrorists and called on the government to pressure ISPs in Britain and abroad to censor online speech An EU court rules that social networking sites can't be compelled to install general filters to prevent illegal trading of music and other copyrighted material.
DJIA,2012-02-17,$6 Trillion in counterfeit US bonds found. Am I wrong for thinking this should be bigger news?,"German president Christian Wulff resigns in corruption scandal Canadians respond to new privacy bill by trending #TellVicEverything tweets, where they tweet the public safety minister about their mundane lives  Adolf Hitler had a son with a French teenager while serving as a soldier during the First World War, according to new evidence."
DJIA,2012-02-21,"Leaked Memo Blows The Lid Off Of The Entire Greek Bailout: That everything undertaken so far is destroying the Greek economy, and that further reforms will only make it worse.",China tries to bully Norway Standard and Poor are being sued in Australia for the AAA rating they assigned to toxic structured-finance products Nearly 300 Elephants Slain in Cameroon - There is a Serious Poaching Problem
DJIA,2012-02-22,France to EU: Stop Monsanto's Corn,"Australian Foreign Minister Kevin Rudd resigns Afghan police rescue 41 child suicide bombers as they were about to be smuggled across the mountains into Pakistan Swedish foreign minister has acted as an informant for the United States since the 1970s, says Wikileaks"
DJIA,2012-02-23,"Finally, Outrage in China Against Bear Farming","Imagine a country where the state spends more on preschool child care than on its defence budget. Nearly 30 Buddhist statues at the Maldives National Museum were destroyed by vandals - Officials say the attack was motivated by religious extremism. The collection was totally, totally smashed. The whole pre-Islamic history is gone.  Church of Scientology in Australia demands right to underpay workers "
DJIA,2012-02-24,Report: London no safer for all its CCTV cameras,"Woman ""unknowingly"" scams more than $30,000 from Nigerian scam artists Lack of Vatican co-operation over child sex abuse led to closure of embassy 2 teens sent to prison for S. Korean bullying suicide"
DJIA,2012-02-27,WHO Declares India Polio-Free!,"East Africa's high-speed internet access is severely disrupted after a ship dropped its anchor onto fibre-optic cables off Kenya's coast. ""89 Percent"" of Syrians Voted to Keep Assad in Power until 2028 North Korea: Ready to go to war with U.S., South Korea - CNN.com"
DJIA,2012-02-28,"Guatemala, Colombia, and Mexico are considering the regional legalization of the drug trade","Italians welcome a proposal to cut out tax exemptions for the Catholic Church Iran Calls for Negotiations on Treaty Banning Nuclear Weapons - calls nuclear arms production ""a great sin"" India grinds to a halt as historic 24-hour strike by 11 banking, transportion and governmental trade unions"
DJIA,2012-02-29,Interpol arrests 25 suspected members of Anonymous hackers group,James Murdoch Quits as News International Chairman 13 Syrians die attempting to rescue foreign journalists from Homs Nearly 450 Elephants Killed in Cameroon
DJIA,2012-03-01,Megaupload Founder Defeats US Govt Attempts To Put Him Back In Prison,"End 'destructive' war on pot, panel urges Canadian PM - News Australian philosophers have published an article advocating for the moral right to a post-birth abortion SOPA Ireland Signed Into Law: Ireland has passed new legislation that allows copyright holders to force Internet providers to block pirate websites"
DJIA,2012-03-02,"AntiSec dumps Monsanto data on the Web: ""Your continued attack on the worlds food supply, as well as the health of those who eat it, has earned you our full attention. Your crimes against humanity are too many to name on one page.""","Legalization gains support in Central America: Guatemalan President Otto Perez has invigorated the drug legalization debate in Central America, where leaders are under pressure to contain staggering crime rates and battle violent drug cartels. EU: Google's new privacy policy is illegal South Africans try poisoning horns to save rhinos "
DJIA,2012-03-05,"Police are linked to blacklist of construction workers who were considered leftist or troublesome. The blacklist destroyed people's lives, broke up families, ensured that people were unable to earn a living. It devastated people year after year. ","Australian Muslim women must show faces for identity checks under new law Costa Rica tries to go smoke-free: Congress approved sweeping smoking bans. Philip Morris and British American Tobacco are not happy Last Monday, in a national TV interview, the candidate that public opinion polls have leading the French presidential race called for a 75 percent super tax on all individual income over $1 million euros, the equivalent of about $1.33 million.

 
"
DJIA,2012-03-06,"Appeal Lost - UK ISPs will have to send warning letters to alleged illegal file downloaders, as well as potentially cutting users off",89% of the global population now has access to safe drinking water. How Goldman Sachs screwed Greece Iran to allow UN nuclear inspectors into military site
DJIA,2012-03-07,Man reports CP in music download and is banned from seeing his own daughter alone,"A youth has burned himself to death in southwestern China, the third self-immolation in three days in protest of China's policies in Tibet Chinese Businessmen Paying $80,000 to Hunt Polar Bears in Canada - From one of the 'I Love Hunting Club's' brochures:  ""The polar bear is the most extreme of natural enemies in North America. The huge male bear specimens are the most majestic, most beautiful of hunting prizes!"" 107 percent turnout? Another side to Russia's vote ---  Putin does better in Chechnya (99.82%) than Assad in Syria"
DJIA,2012-03-08,"The desecration of an Aboriginal burial site in Australia with swastikas and the letters KKK is condemned as ""disgusting"" by officials.","The 51% Tragedy: A Majority of Young Greek Workers Are Now Unemployed
 Entire nation of Kiribati to be relocated over rising sea level threat  - Telegraph In Afghanistan, children behind bars: Girls as young as 12 jailed for crimes they often do not understand"
DJIA,2012-03-09,U.S. adds Vatican to money-laundering 'concern' list,Japanese whalers cut season short Japan shutting down nuclear power industry Chinese state media thanks women for being hot ---  It's hard to think of a more awkward way for a media outlet to celebrate International Women's Day
DJIA,2012-03-12,"Bradley Manning's treatment was cruel and inhuman, UN torture chief rules","Honduras Invites Colombia and Mexico to Join Drug Legalization Debate  U.S. Faces Challenge to ""Drug War"" as Latin American Countries Mull Decriminalization, Legalization Afghan civilian deaths spark calls for U.S. exit"
DJIA,2012-03-13,Indian Govt uses special powers to slash cancer drug price by 97%,"Dangerous Ignorance: The Hysteria of Kony 2012 British stroke victim wins right to ask for euthanasia. China cracks down on human trafficking, freeing 24,000 abducted women and children in 2011"
DJIA,2012-03-14,Israel is planning to demolish 'illegal' solar panels that are the only source of electricity for Palestinians in West Bank villages,"Moroccan girl commits suicide after being forced by judge to marry her rapist. French Surgeon, 71, Saves Lives in Syria:  Dr. Jacques Brs, a veteran of war zones, left his comfortable Paris life last month to smuggle himself into Homs, the center of the Syrian revolt, to tend to the wounded and the sick.  Encyclopedia Britannica halts print publication after 244 years"
DJIA,2012-03-15,Moroccans demand change to Islamic penal code after a girl kills herself because judge forced her to marry her rapist,"Man called police after finding pornographic images on his laptop after trying to download music. Social services banned him from having unsupervised access to his child while police investigated... Ban was finally lifted The Pirate Party, which made international headlines after its success in state elections in Berlin last year, stands to make gains in two other German states this spring. The party's pledge to foster transparency and participation is resonating with voters who are fed up with local corruption.  Lost Boy Uses Google Earth to Find His Way Home After 25 Years"
DJIA,2012-03-16,"Chinese official proposes death penalty as deterrent to government corruption amounting to about $100,000 or greater. ","New Chevron Oil Leak Off Coast of Brazil - Just 5 months after Chevron lost its drilling rights for causing the largest oil spill in recent memory off the coast of Rio de Janeiro, they've gone &amp;  done it again Shell admits to at least 207 oil spills in 2011 A Jewish man wins his fight against a German museum for the return of thousands of rare posters stolen from his father by the Nazis in 1938."
DJIA,2012-03-19,"Iranians respond to Israeli Facebook initiative: Israel, we &lt;3 you too","Dutch Catholic church abuse: at least one youth castrated for 'homosexuality', evidence for at least 10 other cases King of Tonga dead: report The Nobel peace prize winner and president of Liberia, Ellen Johnson Sirleaf, has defended a law that criminalises homosexual acts, saying: ""We like ourselves just the way we are."""
DJIA,2012-03-20,"The ""potato movement"" is taking off across Greece: agricultural produce is being sold directly to consumers by their producers.",105 year old woman hanged herself after telling her family she was tired of waiting to die. UK: Student wins Police payout after being arrested for filming Germanys $263 Billion Shift To Renewable Energy Is The Biggest Reconstruction Of It's Energy Market Since WWII.
DJIA,2012-03-21,"Russian Court declares books on Scientology to be ""extremist literature"" and bans them from sale.","7.9 in Acapulco, Mexico Bomb explodes in Paris at Indonesian Embassy this morning Why Has India Become the World's Top Arms Buyer? - India has replaced China as the worlds largest arms buyer, accounting for 10 percent of all arms purchases during the past five years, a Swedish research group said."
DJIA,2012-03-22,"Pirating UK Student to be Extradited to the US: 'Despite public outrage Home Secretary Theresa May approved the extradition order today. The 23-yr-old student has never visited US, but now faces several years in a US prison.'","23 years old shooter in Toulouse, France, killed during assault, according to police. Over 308'000 Post-Secondary Students (out of 450'000) in Canadian Province of Quebec On Strike Today To Protest Austerity of 75% Tuition Increase. Over 100'000 Expected In The Streets Of Montreal Today. 200'000 On Unlimited General Strike. Australia's most-wanted man caught after 7 years hiding in bush, eating kangaroos"
DJIA,2012-03-23,North Korea warned that any criticism of its nuclear weapons program would be considered a declaration of war,"Staff Sgt. Robert Bales to face 17 murder counts in Afghanistan massacre Protesters gay the pray away. Not only has the United States reduced oil imports from members of the Organization of the Petroleum Exporting Countries by more than 20 percent in the last three years, it has become a net exporter of refined petroleum products like gasoline for the first time since the Truman presidency."
DJIA,2012-03-26,Denmark aims to get 50% of all electricity from wind power,"Queen Elizabeth stuns bride and groom by accepting invite The Mariana Trench, the deepest part of the world's oceans, 6.78 miles deep, has only been reached by two humans and that was 50 years ago. Today however, James Cameron has started his descent to the ocean's deepest point. He is going to be the third human who has reached the Mariana Trench. Earthquake in Chile"
DJIA,2012-03-27,James Cameron releases the first ever video footage of the bottom of the Mariana Trench - seven miles below the ocean's surface.,"10,000 People Sign Petition to Honor Alan Turing by Putting Him on the 10 Note:  Just last month the government there refused to pardon him for the crime of ""moral turpitude,"" that is, that he was gay. Global Warming Close to Becoming Irreversible - The world is close to reaching tipping points that will make it irreversibly hotter, making this decade critical in efforts to contain global warming, scientists warned on Monday. 11 suicide vests found at Afghan military HQ"
DJIA,2012-03-28,"A secret unit within Rupert Murdoch's News Corp promoted a wave of high-tech piracy, crippling competition in the Australian Pay TV market, with direct ramifications in the US and Italy.","Hunt for Skilled Labor: Germany Woos Portugal's Lost Generation  -- The crisis-hit nations of southern Europe have one booming industry left -- their skilled workers are in high demand in Germany, which has a chronic shortage of qualified labor. More than 1 million Saudis on unemployment benefit, up by 170 percent from December.  Dutch Catholic Church Accused of Forcing Castrations - ""The newspaper said the castrations were regarded both as a treatment for homosexuality as well as a punishment for those who accused clergy of sexual abuse"""
DJIA,2012-03-29,Colombias former president calls Americas drug war a failure: We cannot be condemned to live in war because Americans do not want to talk about it. No one speaks in favor of the war on drugs.,"B.C.'s chief medical officer joins call to legalize pot (Canada)  U.S. soldier dies saving Afghan girl: Spc. Dennis Weichel saw an MRAP bearing down on a little girl and grabbed her out of the way. But in the process, the armored truck ran him over 'You know what men are like': Indonesia to ban mini-skirts over links to rape"
DJIA,2012-03-30,Apple Inc and its main contract manufacturing Foxconn agreed to tackle violations of conditions among the 1.2 million workers assembling iPhones and iPads in a landmark decision that could change the way Western companies do business in China.,"Canada set to phase out the penny An 18-year-old Ukranian woman died Thursday, two weeks after her grisly rape by three young men who then tried to cover up their crime by strangling her, dumping her naked body at an abandoned construction site and setting her on fire. Police face racism scandal after black man records racial abuse (Crown Prosecution Service forced to review decision not to charge officers)"
DJIA,2012-04-02,ACTA Could be Passed in 10 Weeks; Take Action Before Its Too Late,"Tunisia rejects shariah in new constitution UK teachers no longer teaching, just 'training' kids to pass exams.. (with a little help) North Korea rocket test will cost $850m USD, equivalent of feeding 19 million people for 1 year - Yonhap News"
DJIA,2012-04-03,Drugs war 'a failure' that bred criminals,"Australia foreign minister calls for decriminalisation of low-level drug use France best, U.S. worst in preventable death ranking North Korea 'preparing to unveil missile capable of striking continental US'"
DJIA,2012-04-04,Draconian Privacy Invasion Bill Continues to Gain Support: 'The bill is touted as being much worse than SOPA when it comes to privacy invasions. CISPA also appears to include the infringement of intellectual property as a security threat warranting access to user data.',"International Criminal Court says it cannot investigate alleged Israeli crimes in Gaza because Palestine is not a state. Anonymous: Hundreds of Beijing's Government Websites Defaced Canada, Home To The Suicide Capital Of The World: ""In Pikangikum, gas sniffing is rampant and young people are taking their own lives at a shocking rate."""
DJIA,2012-04-05,"Rupert Murdochs Sky News acknowledges hacking emails, says it was in public interest ",Almost 500 websites in China have been defaced in a large-scale attack staged by the Anonymous hacking group. Greece: Six of the country's universities say they face immediate closure after the recent bondswap reduced their assets to zero. UK's Sky News: We hacked in the public interest
DJIA,2012-04-09,"""So what did the troll actually say?"" Why exactly is Liam Stacey in jail?",The Danish Government has set a goal of running the entire country on renewable energy by 2050. Russian businessman killed three home-invaders with a kitchen knife after they attacked his family and held his seven-month-old grandson at gunpoint. He now faces a life sentence for what may be qualified as a triple murder. Falkvinge: We are Winning -- How Pirate Parties are Changing the World
DJIA,2012-04-10,NZ police mysteriously lose video of Megaupload raid,"Invisible Children, Makers of KONY2012, Spied For Ugandan Regime ---WikiLeaks Norway's mass killer Breivik 'declared sane' 3000 dead dolphins found north of Peru. ""...as far as enlisted experts can tell, offshore oil exploration in the region is the most likely culprit."""
DJIA,2012-04-11,8.7 Earthquake outside Indonesia,"Political Revolution in Germany: Pirate Party is Country's Third Strongest Party in New Poll: ""...the political newcomers currently enjoy 13% of voter support and are now the third most popular party in the country ahead of the Greens, which lagged behind at 11%.""  Man jailed for 11 years for burning down Family-run furniture shop during London riots Philippine warship in standoff with China vessels"
DJIA,2012-04-12,North Korea missile launch expected in next 24 to 48 hours,Australia's most senior-ranked Catholic says Jews 'intellectually and morally inferior' 7.0 Earthquake Mexico the third big quake today North Korea doesn't launch missile but tension remains.
DJIA,2012-04-13,Oxford University and the Vatican Library to digitize 1.5 million pages of ancient texts and images and make them freely available online,"ACTA Suffers Major Setback; European Parliament Will Seemingly Reject Legislation North Korea launches long-range rocket | YONHAP NEWS At Fallujah hospital they cannot offer any statistics on children born with birth defects  there are just too many. Parents dont want to talk. ""Families bury their newborn babies after they die without telling anyone,"""
DJIA,2012-04-16,"No one was murdered in El Salvador on Saturday, in what was the first homicide-free day in nearly three years.","Sweden Grants Religious Recognition To File-Sharing Church: ""Sweden has accepted that a 'church' which believes in file-sharing as a religion: a move that will not please the Hollywood studios"" Spain's 74-year-old king came under scathing criticism Sunday for going on an expensive elephant hunting trip in Botswana amid the nation's deep financial woes. Spanish newspapers were filled with accounts of how hunting trips to Botswana cost more than most Spaniards earn in a year.  Former President of Mexico, Vicente Fox, calls on US to legalize drugs: ""This war on drugs is totally lost."" "
DJIA,2012-04-17,Ten police officers were arrested after the owner of a used auto-parts business filed a complaint accusing the officers of kidnapping and torturing him because he refused to pay them a bribe. He was burned to death inside his home in Juarez right before he was scheduled to testify. ,"About 150 Afghan schoolgirls poisoned in anti-education attack The Supreme Court of Canada ruled ""that the current emergency wiretap provision that allows for surveillance without a court order is unconstitutional."" Quebec shuts down Scientology-linked Narconon center for ""dangerous practices""; Narconon treated drug addicts with ""purification treatments"" concocted by Scientology founder L. Ron Hubbard. Scientology's medical claims are widely considered to be prime examples of quackery"
DJIA,2012-04-18,Picture of Afghan Girl screaming after suicide bombing wins Pulitzer Prize,EU may reject ACTA Batch of dinosaur eggs found in Russia's Chechnya region Inhabitants of Fucking to vote for namechange after $20K signs are stolen
DJIA,2012-04-19,"Cruise Ship Saw Them, But Didn't Help Drifting Boat, Passengers Say - 
After 28 days at sea, only 1 of the 3 men aboard an injured Panama fishing boat was still alive","Discovery of world's largest colony of leatherback 
sea turtle may see species removed from critically 
endangered list Soldier's daughter hacked to death, hunts down killers in 5 days China to Officially Stop Repatriating North Korean 
Refugees"
DJIA,2012-04-20,"After an epic four year legal battle, the Australian High Court has upheld previous rulings that ISP iiNet is not responsible for the copyright infringements of its customers.","Poland Announces Complete Ban on Monsantos Genetically Modified Maize
 Plane Crashes in Pakistan With 127 On Board 'Huge' Water Resources Exist Under Africa, by Matt McGrath of BBC News"
DJIA,2012-04-23,US to sanction authoritarian regimes that block internet access for protesters,"White killer whale adult spotted for first time in wild Turkey says Israel not welcome at NATO summit Norway Killer Picked Victims Who Had ""Leftist"" Look -- The man who killed 77 people last summer to protest at Muslim immigration to Europe said he believed he could tell the ideology of his prospective massacre victims by looking at them, and tried to spare one who appeared ""right-wing""."
DJIA,2012-04-24,"Asteroid Mining Venture Backed by Google Execs, James Cameron Unveiled","Putin to step down as United Russia leader It can happen - Ontario, Canada's largest province, has decided to tax the rich in order to reduce its deficit faster... The Biggest Student Uprising Youve Never Heard Of: ""On an unseasonably warm day in late March, a quarter of a million postsecondary students and their supporters gathered in the streets of Montreal to protest against the Liberal governments plan to raise tuition fees by 75% over five years..."""
DJIA,2012-04-25,"Drug maker Novartis takes legal action in UK to make hospitals use $1,000 eye drug over $97 alternative","Unimaginable horror as helicopter-borne poachers massacre 22 elephants before hacking off their tusks and genitals For first time since Depression, more Mexicans leave U.S. than enter New Zealand considers $100-a-pack cigarettes to curb smoking"
DJIA,2012-04-26,"India Girl Ends Child 'Marriage' - 
A young woman has her child marriage legally annulled in northern Rajasthan state, in what is thought to be the 1st case of its kind in India.","The Alliance of Liberals and Democrats (ALDE) in the European Parliament have just confirmed that they will reject ACTA Dalai Lama: World belongs to 'humanity,' not leaders Norwegians to protest Breivik, singing song he hates
"
DJIA,2012-04-27,Incredible. A blind Chinese activist escapes 90 guards and posts video exposing his abuse under house arrest,"India approved 'Protection of Children from Sexual Offences Bill 2011', which would make sexual contact with a girl below the age of 18 a criminal offence, even if it is consensual. Montreal student protest march declared illegal - Montreal police declared a march by protesting students illegal, less than an hour after the demonstration began Thursday night. Australian Govt. raises super tax on high-income earners of over $300,000 a year, a move which is expected to earn the govt. over $1B"
DJIA,2012-04-30,UN adds Israel to the list list of states limiting human rights organizations,"Australian billionaire to build Titanic II: An almost exact replica of the original Five major UK internet service providers ordered to prevent users from accessing The Pirate Bay Obama signs off $192 million in aid to Palestinian Authority, after it was frozen by the US Congress "
DJIA,2012-05-01,"""We conclude therefore that Rupert Murdoch is not a fit person to exercise the stewardship of a major international company""","Bare Statistics of Rhinos Being Slaughtered Horrifying -  They're being killed in such unprecedented numbers that there are realistic fears they could be wiped from the face of the planet within a generation Mayors of eight British Columbia cities call on the provincial govt to legalize, tax, and regulate marijuana Documents found encoded in porn reveal al Qaeda's plans for seizing cruise ships, and cause carnage in Europe - CNN.com"
DJIA,2012-05-02,"Tsunami motorcycle washes up in Canada, owner located in Japan. Now Harley Davidson wants to restore it for him.","The Vatican backs Ireland's most senior churchman who failed to protect children from paedophile priests, even though he knew who they were, and who was abusing them.. Protestors just say no to Dutch cannabis ban Motorola wins Xbox and Windows 7 ban in Germany"
DJIA,2012-05-03,Russian Military threatens to make pre-emptive strike on US missile shield facilities,"'The Scream' sold for nearly $120 million  Can an African 'green revolution' feed the world? -  If you only increase productivity by 50 percent in Africa, Africa will go from food deficit to food surplus. And that can be done with access to simple inputs that are available today. Drunk Welsh tourists break into Sea World, swim with dolphins, and take off with a Penguin."
DJIA,2012-05-04,"Vogue bans skinny, underage models - ABC News (Australian Broadcasting Corporation)","German Court Won't Let Artist Kill Puppies Onstage - The performer planned to strangle 2 puppies to death on stage &amp; hold a funeral. The artist said it was a way of protesting the killing of sled dogs in Alaska &amp; hunting dogs in Spain when they are deemed too old or otherwise unfit to work. ""Japans last reactor to shut down, leaving country nuclear-free for first time since 1966""  Two Australian men likely to lose limbs after fighting with a chainsaw and samurai sword."
DJIA,2012-05-07,"Worried about online porn? Don't regulate the net  regulate your kids.
","South Korea finds smuggled capsules contain human flesh (Ground up dead babies)
			News.com.au Church of Kopimism Weds First Couple: encourages the newlyweds to copy and remix some DNA-cells and create a new human being. Greek neo-nazi party blows past expectations and enters parliament in Greek elections; leader's victory march includes anti-immigrant chants and ordering journalists to stand for him at press conference."
DJIA,2012-05-08,2012 vs. 1984: Young adults really do have it harder today - The Globe and Mail,"China Expels Al Jazeera's news operations Pirate Party Wins Again, Enters Another Parliament: The German Piratenpartei has done it again, and entered its third state parliament - with 8.2% of the votes, the pirates take 6 out of 69 seats
 BBC News - China buying oil from Iran with yuan"
DJIA,2012-05-09,"The amount of plastic trash in the ""Great Pacific Garbage Patch"" has increased 100-fold during the past 40 years, causing ""profound"" changes to the marine environment","If Amsterdam won't sell weed to foreigners, who will? The Netherlands' ban on selling cannabis to foreigners could start a weed economy in other EU states. Spain and Portugal are top of the list. Australia's Federal Budget predicts returns to Surplus, leading developed countries across the globe. Switzerland: An Initiative to Establish Basic Income for All: The idea is quite simply giving a monthly income to all citizens that is neither means-tested nor work-related"
DJIA,2012-05-10,"Colombia passes 1st draft of drug crop legalization bill: 'The initiative calls for the decriminalization of growing plants such as coca, marijuana and opium poppies in the country.'","Heavy metal unites Jews, Muslims across Middle East Rape of women in DR Congo 'tops 1000 a day'  A Second World War plane crashed by a British pilot in the Sahara desert has been found frozen in time 70 years later."
DJIA,2012-05-11,A public schoolgirl who died from a brain hemorrhage at 13 has saved eight lives by donating her organs. ,"Falkvinge: Just days before the elections in North Rhine-Westphalia, Germanys largest and most populous state, the Piratenparteis website has been censored in schools - specifically the election program of the German Pirate Party is being actively censored under the category illegal drugs"" Egypt holds first ever presidential debate - Middle East - Al Jazeera English Chinese media warns citizens of possible war with the Philippines"
DJIA,2012-05-14,Don Ritchie saved over 500 people from suicide. He lived near 'The Gap' an infamous ocean cliff where hundreds of people have gone to commit suicide. He was awarded the Medal of the Order of Australia and was named a Local Hero in 2011. He died peacefully today in his home at 85 years old.,Israel closes Palestinian school to make way for West Bank training zone for the IDF even though Palestinians residents have no access to any other school. North Korean women sold into 'slavery' in China... More than half of all police officers in Greece voted for the pro-Nazi party candidate in the May 6 elections
DJIA,2012-05-15,"In a landmark case in Finland, a court has ruled that an open WiFi owner is not liable for illegal file-sharing","Less affluent countries push towards universal healthcare. China is on track to complete a three-year, $124-billion initiative projected to cover more than 90% of the nation's residents. Rebekah Brooks to be charged with perverting the course of justice Anders Breivik Trial: A man just set himself on fire outside the Court in Olso. "
DJIA,2012-05-16,"A German man who alleges he was subjected to ""extraordinary rendition"" by the CIA has taken his case to the European Court of Human Rights.","Francois Hollande, the new French President --&gt; My enemy is the world of finance.  15-year-old schoolgirl died after 'doctor mistook tuberculosis for lovesickness'  - Telegraph Indonesia cancels Lady Gaga concert because ""She's a vulgar singer... she is the envoy of the devil's child and she will spread satanic teaching"""
DJIA,2012-05-17,Britain: 50 policemen raided seven addresses and arrested 6 people for making 'offensive' and 'anti-Semitic' remarks on Facebook ,"Emergency law considered in Quebec as thousands of students protest tuition; 122 arrests Ottawa: 74-year-old man who was beaten in a home invasion called for help - only to be arrested and thrown in jail for more than two months. Canada's Internet surveillance bill is not dead and is instead moving forward; the bill is being pushed under the guise of protecting Canadians from child pornography and organized crime, but the bill makes no mention of child pornography in its actual text"
DJIA,2012-05-18,"Mexico's Drug War: 50,000 Dead in 6 Years","As a direct result of the Pirate Bay ban, the website of the UK Pirate Party has jumped more than 100,000 places in the UK rankings and any moment now will become the 1,500th most-visited website in the country. French prime minister promises to implement equal marriage and adoption rights for gays Canadian PM Harper: If you oppose the Internet spying bill, you support child pornography; the bill would allow the government to seize citizens' private data without warrant"
DJIA,2012-05-21,Suicide blast kills more than 100 Yemeni troops at parade rehearsal - CNN.com,Israeli soldiers seen standing by as settlers use live fire against Palestinians Bee Gee's singer Robin Gibb is dead. Earthquake destroys $326 million worth of cheese
DJIA,2012-05-22,Tony Blair and George Bush's phone conversation a week before Iraq invasion 'must be released',"A Muslim teenager was murdered by her parents for bringing shame on her Pakistani-born parents by leading a Western way of life and trying to go on dates with boys in the UK. Father, 56, in critical condition after being stabbed 
trying to shield dying son from gang pub attack Putin consolidates power, hires ousted ministers: President Vladimir Putin ignored public opposition and hired some Russia's most unpopular former ministers Tuesday and Russian lawmakers debated a draconian bill that raises fines for joining unsanctioned protests 200-fold."
DJIA,2012-05-23,Indian state to let forest guards shoot poachers on sight: Maharashtra government says killing poachers will no longer be considered a crime after eight tiger deaths in the state this year.,"First Skydive without parachute successful! South Korea to Chemically Castrate Repeat Child Rapist Across Italy police are cracking down on Ferrari and Lamborghini drivers, but not because they are driving too fast. Italy, like so much of southern Europe, is drowning in debt, so police are pursuing drivers to make sure they are declaring and therefore paying taxes."
DJIA,2012-05-24,Quebec is trampling basic human rights to quash student protests,"Indian state says it's OK now to kill tiger poachers on sight. Iran Navy Helps U.S. Ship Attacked by Pirates in Middle East Child pornography is great, the man said enthusiastically, Politicians do not understand file sharing, but they understand child pornography, and they want to filter that to score points with the public."""
DJIA,2012-05-25,Julian Assange wears Anonymous-style mask in rare public appearance,"BBC News - SpaceX Dragon docking with ISS Montreal's student protesters defy restrictions as demonstrations grow
 The ""Yes"" campaign for Scottish independence officially launched today. Famous Scots supporting the Yes campaign include Sean Connery and Brian Cox."
DJIA,2012-05-29,Hundreds of lawyers take to the streets in full courtroom attire in protest of unconsitutional Quebec law,"Syrian diplomats expelled from countries around the world after new massacre: France, Germany, Italy, Spain, Canada, Britain and Australia kick out ambassadors and other senior representatives. A New Zealand court has ruled that the U.S. Government must hand over the evidence they have against Megaupload so Kim Dotcom and other employees can properly defend themselves against the pending extradition request. The father of a man killed in the 1989 Tiananmen Square crackdown has hanged himself in protest after two decades of failed attempts to seek government redress, a support group said Monday."
DJIA,2012-05-30,"Dutch Parliament kills ACTA by unanimous vote, 'no similar agreement will be ever signed by the government'","Rookie Toronto cop ""harassed and berated"" by fellow officers for arresting off-duty constable on DUI charge Google wins YouTube copyright battle: While German and U.S. courts say YouTube is responsible for pirated material, a French court backs Google saying, ""It has no obligation to police the content."" IMF's Christine Lagarde, who chastised Greek tax evaders, pays no taxes herself; she makes $467,940 a year in salary and is given a $83,760 yearly allowance, both tax-free"
DJIA,2012-05-31,France to cap executive pay at state firms: no more than 20 times the lowest pay.,"The NSW upper house has voted in favour of gay marriage Russian Millionaire Tosses Paper Money Planes Out of Office Window, Laughs as People Brawl Over Them Men trick way into North Korea"
DJIA,2012-06-01,Dutch company plans colony on Mars. The one way trip only takes seven months!,"""The world's political leaders are failing catastrophically to address the climate crisis. History will not understand or forgive them."" Confirmed: US, Israel created Stuxnet, lost control of it Troubled Greece: ""Greece is broke and close to being broken. It is a country where children are fainting in school because they are hungry, where 20,000 Athenians are scavenging through waste tips for food, and where the lifeblood of a modern economy -- credit -- is fast drying up."""
DJIA,2012-06-04,"Eduard Khil ('Trololo Guy') dies in St. Petersburg, aged 77","Copyright Board of Canada recently approved new fees to play recorded music at large gatherings, including weddings - fewer than one hundred people, the fees start at $9.25 per day - 400 guests will cost them $27.76. If dancing is involved, that fee doubles to $55.52


 Brazilian farmers sue Monsanto: Five million farmers are locked in a lawsuit with US-based biotech giant, suing for as much as 6.2 billion euros Luka Magnotta arrested in Berlin: German Police"
DJIA,2012-06-05,"Norway goes secular, removes Lutheran Church as state religion","Busloads of unemployed UK residents brought in to work as unpaid stewards during the diamond jubilee celebrations and then told to sleep under London Bridge South Korea surrenders to creationist demands: Publishers set to remove examples of evolution from high-school textbooks ""A giant squid, one of the most mysterious and least understood of marine creatures, has been found floating off the New South Wales [Australia] south coast."""
DJIA,2012-06-06,Ray Bradbury Passes Away at 91.,"Russia Adopts Controversial Protest Bill - It hikes the penalty for organisers of illegal protests to 1,000,000 rubles ($32,100), while participants can be fined up to 300,000 rubles ($9,000).  'Human Rights Watch' criticized the bill, saying it ""severely undercut the right to peaceful assembly"". Teacher who gave students zero marks becomes a folk hero - The Globe and Mail Bath Salts drug ingredient to be made illegal in Canada"
DJIA,2012-06-07,"In a matter of days, the number of expected foreign visitors to Tibet has gone from millions to zero, as China Forbids International Tourism to Tibet Indefinitely.",Far-right Greek politician punches female rival on TV. Toronto to ban plastic bags by 2013 Gay marriage in the church just passed in Danish parliament 
DJIA,2012-06-08,Parents who force their children to marry will face jail under new UK laws to be introduced,Moscow bans gay pride for century ahead: City court ruled lawful to ban public events that can be qualified as gay parades from March 2012 till May 2112 Canadian Prime Minister Stephen Harper silences Canadian scientists An 11-year-old boy will appear in court in Bahrain on Monday to face charges of illegally protesting.
DJIA,2012-06-11,Vatican Banker Running Scared - Ousted head of Vatican bank may have evidence that the organization is involved in money laundering&amp; now he's afraid for his life.,"One day before a major opposition rally, Russian police raid the homes of prominent protest leaders ""Hockey Newfoundland and Labrador has slapped a junior hockey coach with a one-year suspension for allowing his players to study for exams instead of attending the opening ceremony for a recent tournament."" China topped USA in renewable energy investment in 2011"
DJIA,2012-06-12,Gallup Poll: 57% of Chinese believe environmental protection should be their country's top priority,"$28 cabbage, $65 chicken, $100 case of water and other insane food prices in Northern Canada  Iceland, New Zealand top list of 'most peaceful nations'. Canada 4th, USA 88th Putin opponents march in Moscow"
DJIA,2012-06-13,"Former British PM John Major testifies that Rupert 
Murdoch demanded his government change its 
policy on Europe or his papers would oppose him at 
the 1997 general election.",N.Korea's missile launchers came from China: Japan reportedly has evidence of possible violation by China of trade restrictions on weapons technology Gay pageant winner beheaded | News24 Norwegian party wants to ban religious male circumcision
DJIA,2012-06-14,Pure ecstacy (MDMA) can be safe for adults; should be regulated and sold in stores: B.C. health officer,"Canadian researchers thwart Ebola virus - The Globe and Mail Germany bans ultraconservative Islamic organization Over 50 Zetas Drug Cartel Members, Including 2 Active Duty Policemen, Women, &amp; children, Arrested in Mexico"
DJIA,2012-06-15,9-Year-Old Who Changed School Lunches Silenced By Politicians (Wired),"The ban on a nine-year-old girl taking photographs of her school meals has been lifted Kidnapping by Mexican Police Caught on Video Every call, every email, every text: UK unveils bill aimed at logging citizens Web activity."
DJIA,2012-06-18,"Indian drug giant Cipla cuts cost of cancer medicines in a humanitarian move, shaking up the drug market ","Man in India beheads 20-year-old daughter in rage over her lifestyle and parades her head through village Google sees 'alarming' level of government censorship: Web giant says it received more than 1,000 requests from government officials for the removal of content in the past six months, complying with more than half. Canada to be put on UN human rights watchlist"
DJIA,2012-06-19,"Brave man jumps into Moscow river after seeing a car plunge into the water, saves woman driver... as his own car and clothes get stolen.","Egyptian Military grants itself sweeping powers; effectively military coup. British comedian Jimmy Carr, who has openly criticised Barclays Bank for tax avoidance, is exposed as main beneficiary in huge tax avoidance scheme ""Alcohol consumption would fall 25% if cannabis cafes were allowed""

"
DJIA,2012-06-20,Julian Assange flees: Seeks asylum in Ecuadorian embassy in London,"Med Student Rescues Body Part From Airport Security  El Salvador murders drop as gang truce passes 100 days: The gangs, Mara Salvatrucha and Barrio 18, agreed a halt to hostilities, in a deal brokered by the Catholic Church. Ecuador says Wikileaks founder Julian Assange is seeking asylum at its embassy in London - The Washington Post"
DJIA,2012-06-21,"ACTA rejected by last committee, crucial blow before final EU Parliament vote: 'The Internet, in all its diversity, winning a global political battle against some of the most powerful industries and governments'","The United States has immunity from a class action related to the government-sponsored infection of hundreds of Guatemalans with syphilis, a federal judge ruled, calling the study ""a deeply troubling chapter in our nation's history."" Pirate Bay Disarms BT Blockade Within Minutes Experts say Assanges asylum bid could work: ""The government of Ecuador has a capacity under international law to grant Assange political asylum, in which case he would be eligible to enjoy protected passage from UK to Ecuador"""
DJIA,2012-06-22,BBC News - India unblocks The Pirate Bay and other sharing sites,"Japan Passes Jail-for-Downloaders Anti-Piracy Law CIA secretly operates on Syrian border, supplies arms to rebels. It is easier to send 30,000 women abroad to study than to let one woman drive, says a Saudi diplomat."
DJIA,2012-06-25,"""Lonesome George"" The last-of-it's-kind Galapagos Tortoise has died at 100.","The Koran is our constitution, the Prophet is our leader, jihad is our path and death in the name of Allah is our goal, -Egypt's new president, Mohammed Morsi End of 'compassionate Conservatism' as David Cameron details plans for crackdown on welfare WikiLeaks founder Julian Assange Monday called for diplomatic guarantees he will not be pursued by the United States for publishing secret documents if he goes to Sweden to face criminal allegations."
DJIA,2012-06-26,Circumcision of kids a crime - German court,"Mall collapse in Northern Ontario leaves 1 dead, 30 unaccounted for ... rescue crews are still unabe to enter the wreckage HPV vaccine ban by Calgary bishop putting girls' lives at risk, doctors say ""Boxes where parents can leave an unwanted baby, common in medieval Europe, have been making a comeback over the last 10 years. Supporters say a heated box, monitored by nurses, is better for babies than abandonment on the street - but the UN says it violates the rights of the child."""
DJIA,2012-06-27,"Australians and New Zealanders are the biggest users of recreational drugs, particularly cannabis, according to the 2012 United Nations World Drug Report.","""The Arab awakenings happened because the Arab peoples stopped fearing their leaders  but they stalled because the Arab peoples have not stopped fearing each other."" Rupert Murdoch forced to break up News Corp  The war on drugs is a failure that is fuelling the global HIV/AIDS epidemic by driving people away from treatment, an international group says."
DJIA,2012-06-28,"In Mexico, it's taken as fact that the United States is backing the drug cartels...","Sweden to give illegal immigrants healthcare Half of German teenagers unable to distinguish between democracy and dictatorship, study shows Dotcom searches illegal: Judge. Also ruled it was unlawful for copies of Dotcom's computer data to be taken offshore. (NZ Herald)"
DJIA,2012-06-29,"British Journalist Sexually Assaulted in Cairo's Tahrir Square.... ""Men began to rip off my clothes,"" she wrote. ""I was stripped naked......""These men, hundreds of them, had turned from humans to animals.""","2500 year old ancient Phoenician port destroyed to build skyscrapers German secret service destroys files on neo-Nazi terrorist gang.
Vital information was shredded on the day it was due to be handed to federal prosecutors China's first woman in space returns to Earth"
DJIA,2012-07-02,"Announcing The Declaration Of Internet Freedom: ""A whole bunch of organizations and individuals are getting together today to launch the beginning of a process, the creation of an Internet Declaration of Freedom.""","The 'Tampon King' who sparked a period of change for India's women Prisoners in Brazil Reducing Their Sentences by Producing Electricity - For every 16 hrs spent pedaling to charge a battery connected to the bike, prisoners of good standing will shave a day off their sentences Scientology abandoned by Ron Hubbard's granddaughter and David Miscavife's father"
DJIA,2012-07-03,"European court declares resale of used software 
licenses legal, not matter where and how they were 
obtained.","Eighty-Five Syrian Soldiers, Including a General, Defect en Masse to Turkey French police raid home of former president Nicolas Sarkozy. $3.5B later, China has built an empty city in Angola."
DJIA,2012-07-05,"Banks across the world fixed interest rates in run-up to the financial crisis, says former Barclays chief executive Bob Diamond","RBS is about to be fined $233 million for its role in the Libor-rigging scandal. The bank is 82 per cent owned by the taxpayer and is said to have no power to claw back bonuses from the traders responsible. So the bank is fined for robbing taxpayers via Libor, and the fine is paid by the taxpayer. WikiLeaks releases Syria Files, almost 2.5 mln emails to be published: The data is more than 8 times the size of Cablegate. Documents said to be 'embarrassing to Syria, but it is also embarrassing to Syrias opponents' Germans want dope legalized, bestiality banned
"
DJIA,2012-07-06,"Matt Taibbi:LIBOR Banking Scandal Deepens; Barclays Releases Damning Email, Implicates British Government","Large majority of Brits oppose extradition of Richard O'Dwyer to the US (he's the student the Americans want to charge with copyright offences) ""Finland would consider leaving the eurozone rather than paying the debts of other countries in the currency bloc, Finnish Finance Minister Jutta Urpilainen said in a newspaper interview on Friday [6 July 2012]."" Aftermath of The Pirate Bay trial - Peter Sunde's plea, in his own words: 'A few days ago, Peter Brokep Sunde  the former media spokesperson of The Pirate Bay  sent a formal plea for pardon to the Swedish Administration.'"
DJIA,2012-07-09,"Nearly 25% of all adults in Botswana are infected with the HIV. But the response against the disease has been stunning with the government providing free, life-saving AIDS drugs to almost all of its citizens who need them.  ","Higgs boson physicist shunned in Pakistan. Man whose work made discovery of elusive particle possible scorned in homeland because of his religious affiliation Dozens of women who attended a high school run by the Legion of Christ have urged the Vatican to close the program, saying the psychological abuse they endured trying to live like teenage nuns led to multiple cases of anorexia, stress-induced migraines, depression &amp; suicidal thoughts. Mexico urges U.S. to join drug policy review"
DJIA,2012-07-10,"20,000 Leatherback turtle eggs crushed by heavy machinery on Trinidad beach - thestar.com","ACTA IS BACK: Leaked docs show Canada/
ACTA IS BACK! European Commission trying to 
sneak ACTA into Canada &amp; back into Europe 9 years ago, a man convinced English bookmakers to give him 66-1 odds on Roger Federer winning Wimbledon 7 times.  The man died, but the charity he gave the ticket to has cashed it in for almost $158,000. Drugs tunnel between Mexico and US discovered"
DJIA,2012-07-11,Melinda Gates challenges Vatican by vowing to improve contraception,"Mother who put her infant son on a highway in the Moscow Region amid the night hoping he would be killed by cars was sentenced to eight years in prison 
Canadian Scientists 'Mourn Death of Evidence' under Harper Government: Protest march will highlight public harm done by gutting of research programs  Muslim Brotherhood concedes defeat in Libyan parliamentary elections"
DJIA,2012-07-12,WikiLeaks wins case against VISA ,"Mexicans hold massive election protests, media remains quiet BBC News - Catholic Church loses child abuse liability 
appeal Taiwan to stage first same-sex Buddhist wedding"
DJIA,2012-07-13,So thirsty he called police: Coroner slams hospital staff who refused dying patient's desperate pleas for water,"Head of women's affairs in Afghanistan killed by car bomb in latest act of violence against women Too big to fail - too lofty to learn? - With investigators zeroing in on over a dozen big banks in the Libor rate rigging scandal, the timing couldn't be better for a structural overhaul of Europes banking sector. Not so fast, says the banking lobby.  China blocks searches of the word ""truth"""
DJIA,2012-07-16,"Calls to destroy the Pyramids were a hoax, begun by a satirical twitter account, which western news outlets took as fact.",Tasmanian cops decline to 'censor internet content' Mexican drug cartels' spreading influence: Graphic Gang rapes SEVEN girls during violent night time attack on church youth camp in Mexico City
DJIA,2012-07-17,The Average Canadian is Now Richer than the Average American,Canadians favor decriminalizing marijuana TSA agents to staff UK airports during Olympics HSBC allowed Mexican drug cartels to launder billions of dollars through its US operations as well as providing money and banking services to some banks in Saudi Arabia and Bangladesh believed to have helped fund al-Qaeda and other terrorist groups.
DJIA,2012-07-18,"Girls denied cervical cancer jab - Some schools in England have opted out of the HPV vaccination programme because their pupils ""follow strict Christian principles"" and ""do not practise sex outside marriage"".","WikiLeaks Reopens Channel For Credit Card Donations, Dares Visa And MasterCard To Block Them Again | Forbes Anti-piracy group fined...for stealing music. Syrian Defense Minister confirmed killed in Damascus blast."
DJIA,2012-07-19,Drug decriminalization in Portugal decreases number of addicts,"96,000 pounds of Silver, possibly the largest discovery in history, was found in the North Atlantic. Canadian Mining Company Destroys Panama rainforest, destroys local people's livelihood Married Olympic couple cant room together, claim discrimination for being a heterosexual couple."
DJIA,2012-07-20,"Lenovo CEO distributes his $3 Million USD Bonus to his 10,000 Employees ","In China Man Saves Drowning Family, Drowning Family Leave Man To Die Because ""It's Not Their Business"" HSBC, accused of financial dealings linked to terrorists and drug cartels, heads to Senate subcommittee - latimes.com Vast aquifer found in Namibia could last for centuries - A newly discovered water source in Namibia could have a major impact on development in the driest country in sub-Saharan Africa."
DJIA,2012-07-23,"Super rich hiding up to $32 trillion offshore, which amounts to roughly the US and Japanese GDP combined. Up to $280bn is lost in tax revenues. Some of the world's biggest banks are involved: HSBC, Citigroup, Bank of America, UBS, Credit Suisse","Israel orders demolition of 8 palestinian villages claims need for idf training land Anthrax Hits Glasgow: The Story of a Desperate Hunt for its Source - When heroin users in Scotland began dying from a powerful infection, health officials were alarmed to find the culprit was anthrax. A desperate hunt for the source involved police, microbiologists &amp; bioweaponeers. Syria says will use chemical weapons if attacked "
DJIA,2012-07-24,"How the Norwegians Reacted to Terrorism: ""The Norwegian response to violence is more democracy, more openness and greater political participation,"" said the prime minister. A year later it seems the prime minister has kept his word","US evangelical Christians accused of promoting homophobia in Africa
 Iranian nuclear facilities hit by AC/DC virus that turns off automated system operations, turns on PCs at night playing 'Thunderstruck' King Juan Carlos of Spain ousted from, 'World Wildlife Fund', presidency  a title hed held since 1968  after hunting elephants in Botswana - A photo of him with a rifle &amp; a dead elephant caused outrage. He was also criticized  for an ostentatious lifestyle when 1 in 4 Spaniards are out of work. 
"
DJIA,2012-07-25,Gorillas Seen Destroying and Dismantling  Poachers' Snares In Rwanda ,"BBC News - Gay marriage to be introduced in Scotland A Mexican official says the CIA and other international security forces ""don't fight drug traffickers"" as much as ""try to manage the drug trade"" - ""It's like pest control companies, if you finish off the pests, you are out of a job. If they finish the drug business, they finish their jobs."" Six women rape man to death"
DJIA,2012-07-26,French President Francois Hollande has called for a 75 percent income tax on top earners in France to help lower the country's deficit,"Hugo Chvez tells Venezuelans to drink juice not Coke: urges people to buy state-made Uvita to boost consumption of homegrown products and reduce imports China arrests thousands in latest internet crime crackdown - More than 10,000 suspects have been arrested and 600 criminal gangs ""busted,"" 3.2 million ""harmful"" messages deleted, and 30 internet service providers punished for granting access to unlicensed sites ""I'll legalise gay marriage by 2015"", vows Britain's PM"
DJIA,2012-07-27,Cuban president Ral Castro willing to hold no-limits talks with America,"Sweden officially registers ""Kopimism"" a religion  whose central dogma is that file sharing is sacred. Police made up evidence against Muslim student Disfigured victim's plea to die exposes India's acid violence
"
DJIA,2012-07-30," Germany Breaks 25% Renewable Energy Barrier - It produced 67.9 billion kWh renewable energy in 1st 1/2 of 2012, an increase of 19.5% from last year. The world's top market for power converted from solar radiation, its installed capacity accounts for over 1/3 of global total.","Tens of thousands including teachers and parents pushing strollers took to Hong Kong streets Sunday to protest the upcoming introduction of Chinese patriotism classes they fear will lead to brainwashing, the latest sign of growing discomfort over Beijing's influence in the semiautonomous territory. Pussy Riot: Our arrest signals start of repression campaign to spread fear. Members of punk band who performed anti-Putin song in Russias main cathedral plead not guilty. Its the start of repressive authoritarian campaign which aims to hamper publics political activity and build a sense of fear Couple stoned to death in Mali for having sex outside marriage"
DJIA,2012-07-31,"Power grids fail, leaving 600 million without power in India ",A Stradivarius violin  possibly worth several million pounds  has been handed in at a Swiss lost-property office after a hapless musician left it on a train.  Auschwitz era ends:  A spokesperson for Auschwitz museum says the last surviving member of a group of prisoners that escaped the German Nazi concentration camp in 1942 has died. Story of a Chinese woman who found over 30 babies abandoned in the trash
DJIA,2012-08-01,The American embassy in Norway forgot about their own practise bomb and called in the Norwegian bomb squad when they found it.,Russians Say Human Immortality a Possibility by 2045 Australian Billionaire Wants To Build Jurassic Park-Style Resort with cloned dinosaurs. No Copyright Law: The Real Reason for Germany's Industrial Expansion?
DJIA,2012-08-02,"Obama authorizes secret U.S. support for Syrian rebels
| Reuters","""Central bankers and regulators will hold talks in September [2012] on whether the troubled global Libor interest rate can be reformed or whether it is so damaged that the benchmark of borrowing costs should be scrapped."" Ontario thief returns stolen goods, leaves $50 for damages Japan Set to Become 2nd Biggest Solar Power Nation - It's created a tariff to encourage investment. Utilities will pay solar firms $0.5 per kwh - triple the standard. The extra money will come from a rise in electricity prices. Meanwhile, nuclear power will provide competition."
DJIA,2012-08-03,"In China, the rich and powerful can hire body doubles to do their prison time for them.","Woman turned to police to investigate claims of official involvement in trafficking in human beings and subsequently sent to jail for trying to expose corruption involving public officials French President Francois Hollande has made good on a campaign pledge to make the wealthiest in France pay up to 75 percent income tax.  All 330 US drone attacks in Pakistan mapped with details of the 3,247 casualties"
DJIA,2012-08-06,NASA's Curiosity rover has successfully landed on Mars! The first pictures are expected shortly. (Guardian liveblog),"Pakistani wife in disputed marriage gunned down in court by her brother The latest 'honour killing' in Hyderabad has shocked people because the family is middle class and it happened in open court Banks In Libor Inquiry Are Said To Be Trying To Spread Blame: ""Major banks, which often band together when facing government scrutiny, are now turning on one another as an international investigation into the manipulation of interest rates gains momentum."" News coming out of Ukraine following a massive DDoS attack Demonoid has now been busted by local authorities  a source in the countrys Interior Ministry says that the action was scheduled to coincide with Deputy Prime Minister Valery Khoroshkovskys trip to the United States"
DJIA,2012-08-07,"In world's 1st commercial deep-sea mining project, Canadian firm will mine for gold &amp; copper in Papua New Guinea's seabed,  despite vehement objections over threat to marine life -  Nautilus Minerals has been granted a 20-yr license 

","""Honour killing"" evolves: Punjab girl hires contract killers to eliminate parents for opposing her marriage Chinese mother rescues 11 year-old daughter from brothel; sentenced to labor camp for protesting lenient punishment of the men New Zealand volcano erupts"
DJIA,2012-08-08,"Thousands of UK Workers 'Blacklisted' Over Political Views. Corporations in the UK used a secret ""blacklisting"" database to screen out left wing trouble-makers and union sympathizers as potential job recruits.",Ireland abandoning religion faster than almost every other country Pharma giant Pfizer fined for bribing officials in Eastern Europe and China | The Raw Story US starts landmark Agent Orange cleanup in Vietnam
DJIA,2012-08-09,Islamist sect found living underground near Russian city for nearly 10 years - many of the children had never seen daylight," Germany's top court has ruled that homosexual couples must receive a tax benefit available to heterosexual married couples. The verdict comes as the ruling CDU debates making same-sex couples more equal in tax law.  A Roman trading ship from the time of the Caesars has been discovered off the coast of Italy, reportedly in such good condition that some of the food may still be preserved inside the storage jars. Bolivia to ban Coca-Cola to mark the 'end of capitalism'"
DJIA,2012-08-10,"The Libor scandal is the largest financial scandal of all-time, but receiving almost no TV coverage. Here is a complete package of news articles on the matter. ","Commerzbank stops speculating on basic food prices: Germany's second-biggest lender, Commerzbank, says it will no longer participate in market speculation on basic food prices. The bank says it has removed all agricultural products from its funds for moral reasons. Virgin Australia review after 'pedophile' complaint: A NSW firefighter felt ashamed when a flight attendant asked him to move seats because men are banned from sitting next to unaccompanied children Yemen officials seize 40 belts packed with explosives and thwart an al Qaeda cell plot."
DJIA,2012-08-13,"QANTAS airline defends policy of moving any men sitting next to unaccompanied minors, to different seats.  Because every adult male is a potential child molester...",Wikileaks under week long attack. Remains inaccessible. Egypt president Mohamed Morsi forces top generals to retire  Two New Pyramids discovered in Egypt
DJIA,2012-08-14,Canadians ridicule unarmed American Tourist's fears,"Dotcom accused of assault - with his stomach Venezuela is training a ""guerrilla army"" aiming to be a million strong by 2013 to fight off a possible US invasion Riots in the North of France"
DJIA,2012-08-15,India announces plans for a Mars mission in 2013,"Iran threatens to disconnect from the Internet Japan and North Korea Set To Talk: Based on the principle of settling the unfortunate past and on restoring normal relations.  Cipla launches Qvir, a four in one HIV drug for Rs 158 ($2.84)"
DJIA,2012-08-16,Ecuador to Let Julian Assange Stay in Its Embassy.,"Ecuador says Britain threatened to raid embassy to extract Julian Assange Gunmen Have Attacked And Entered A Pakistani Air Force Base Thought To House Nuclear Weapons At least 18 killed as South African police open fire on 3,000 striking miners (PHOTOS)"
DJIA,2012-08-17,Pussy Riot found GUILTY,"A Former CIA man on the UK threat to go into the Ecuador embassy and arrest Assange: ""This was unheard of even during ... the Cold War. If someone sought refuge in the US Embassy in Moscow or the Soviet Embassy in the United States ... international law was always honored. This is unprecedented."" Anonymous calls for shut-down of TrapWire to start this Saturday Moscow bans gay pride marches for the next century"
DJIA,2012-08-20,"14 year old girl too young to work as a counsellor at a camp for kids with cancer. Instead, she raised $90k by becoming the youngest person to swim across Lake Ontario.","Frenchwoman in legal battle with Saudi monarchy dead after mysteriously ""falling"" from her apartment window, with foul play considered a possibility. Canada's largest Protestant church approves boycott of Israeli settlement products German Pirate Party appeals Germany's ban on anonymous SIM card activation: Says it's covered under European Court of Human Rights' right to private life"
DJIA,2012-08-21,Iran bans women from 70 university degree courses ,"Sweden does not want to extradite Assange to death row:  ""We will never surrender a person to the death penalty"" said Cecilia Riddselius on behalf of the Swedish Ministry of Justice Mali Islamists: when we have finished conquering France, we will come to the USA, we will come to London and conquer the whole world.  Boy (15) on trial for murder in the Netherlands for allegedly stabbing a  girl to death in a 20 contract killing, after a row started over Facebook comments."
DJIA,2012-08-22,"A week after losing his appeal for the right-to-die with assistance from a doctor, Tony Nicklinson, who was paralysed from the neck down and described his life as a ""living nightmare"", dies after refusing food for a week.","German customs seized a $1.2 million violin from a Japanese professional musician and are demanding she pay almost $500,000 to get it back George Orwell is 'too Left-wing for a statue, says BBC...  ""Pirate Patch Unblocks The Pirate Bay In a Blink"
DJIA,2012-08-23,"Tomorrow, a 100 year old mysterious package, its content unknown, will be opened in a museum in Norway. A true time capsule is revealed.","Elderly woman ruins the classic painting ""Ecce Homo"" Beyond recognition.  We'll make a killing out of food crisis, Glencore trading boss boasts, Drought is good for business SKorean judges block law requiring real names online, ruling it restricts freedom of speech"
DJIA,2012-08-24,Anders Brevik sentenced to 21 years...,"As she nears death, Chinese hail woman who saved 30 babies from trash  US 'should hand over footage of drone strikes or face UN inquiry' - ""America is facing mounting global pressure over its use of UAVs ... [the issue] will remain at the top of the UN political agenda until some consensus and transparency has been achieved. Icelands recovery continues, declared impressive"
DJIA,2012-08-27,Australian State to try and Ban cigarettes to anyone born after 2000,"Man steals phone from Ebola patient at Uganda hospital, gets Ebola In case of a nuclear accident in India, the maximum fine that can be imposed by the regulator on an offending nuclear plant is less than 10 US$ Islamic extremists who control much of the vast desert region of Mali have banned all music, except the singing of Koranic verses"
DJIA,2012-08-28,"University of the People, a tuition-free online university aimed at poor students around the globe who would otherwise not have access to higher education.","New Megaupload Will Be Massive Global Network To Change The World: We are building a massive global network, Dotcom revealed, adding that hosters will all be able to connect to the network to add servers and bandwidth  providing theyre not in the US Dont Let Them Trade Away Our Internet Freedoms: The TPP endangers the Internet and digital freedoms on par with ACTA, SOPA, and PIPA...The TPP is a major threat because it will rewrite global rules on IP enforcement and restrict the public domain. Gaza 'will not liveable by 2020' - UN"
DJIA,2012-08-29,"Poor in India Starve as Politicians Steal $14.5 Billion of Food -- ""The theft blunted the countrys only weapon against widespread starvation -- a five-decade-old public distribution system that has failed to deliver record harvests to the plates of Indias hungriest.""","Shenzhen, where some of China's largest electronics manufacturers are located, looks set to hike its minimum wage by 13.3%, in a move that could cause a ripple effect across the world's major technology companies.  In Feb. Guatemalan President Molina said his country is not doing what the US says, we're doing what we have to do   decriminalize drugs.  Now US Marines have been sent in to help oust the Zeta Drug Cartel.  The US Navy, Coast Guard, &amp; federal agents are also involved.  Bill for gay marriage passes first reading in New Zealand"
DJIA,2012-08-30,Some 270 South African miners arrested during protests will be charged with the murder of their 34 colleagues shot by police,"Missing woman unknowingly joins search for herself ""It's not rhetoric to draw parallels with Nazism"": 
Actual fascists in actual black shirts are waving swastikas and murdering ethnic minorities in Athens Drunk driver ends medal-winning cyclist's dream of competing at Paralympics"
DJIA,2012-08-31,"World's richest woman says poor should have less fun, work harder","Gay man gets 'maternity' leave in Brazil:  Brazils social security agency has, for the first time, given a four-month ""maternity"" leave to a gay man so that he can care for his adopted child.
 Norway writes down 90% of populations mortgage debt Over 100,000 people demand that Peter Sunde, former spokesperson of The Pirate Bay, be pardoned from his sham verdict by the Swedish Administration"
DJIA,2012-09-04,"A virus that eats cancer, Cheap to 
produce, the virus is exquisitely 
precise, with only mild, flu-like side-
effects in humans is just sitting in a 
refrigerator in a Swedish laboratory. ","Tens of thousands of elephants are being slaughtered as the ivory trade becomes militarised. Yemen official: U.S. drone 'mistake' kills 13 civilians Jeremy Hunt, UK Health Secretary, thinks homeopathy works."
DJIA,2012-09-05,'I couldn't believe CNN was making me put what I knew to be government lies into my reporting.',"220 people evacuated from Swiss postal hub after a white substance was found in an envelope, 34 got hospitalized because they felt sick. Turns out it was cornflour. Worlds richest women calls for Australian wage cut 7.9 Earthquake off the coast of Costa Rica"
DJIA,2012-09-06,"Evangelical Christian doctor in Australia banned from practicing as GP for prescribing chemical castration to ""cure"" teenager of being gay","Berlin declares circumcision legal, but only if performed by a doctor -- not as a ritual | The Times of Israel Not only did the US deliver Gaddafi his enemies on a silver platter but it seems the CIA tortured many of them first, $59 million Swedish Aid Package For Cambodia after Pirate Bay Founder Arrest"
DJIA,2012-09-07,"Afghan actress stabbed to death by male mob for appearing on television. Numerous other actresses have received death threats and have been forced into hiding. ""Afghanistan is not made for women... whether actresses or not.""","Canada closes embassy in Iran, expels Iranian diplomats Mount Fuji Prone to a Full Eruption Soon, Pressure Now Higher than the Last 4,000-metre-high Eruption Experts Warn (disaster imminent?) World's richest woman chastises Australian miners for being too expensive, saying, Africans want to work. Its workers are willing to work for less than $2 per day."
DJIA,2012-09-10,Caribbean coral reefs face collapse.  Only 8% showing live coral cover.,"Man wakes up from coma after 7 years after given sleeping pill Declassified documents add to proof that US helped cover up 1940 Soviet massacre A top story today on Australia's public broadcaster: 
Academics advise legalizing marijuana and 
ecstasy,nationally."
DJIA,2012-09-11,"

South Korea rejects creationist interference in school textbooks",Anonymous takes down Godaddy.com WikiLeaks releases 32k Syria emails India to back Palestine's full UN membership bid
DJIA,2012-09-12,"US ambassador and 3 staff members killed in an attack on the American consulate in Benghazi, Libya","Drunk North Korean man floats to South Korea For the first time, White House declines Netanyahu request to meet with Obama Egypt Protesters Attack U.S. Embassy In Cairo"
DJIA,2012-09-13,Up to 10 Libyans were also killed or wounded defending the US cousulate,"Dalai Lama tells his Facebook friends that religion ""is no longer adequate"" Iraqi government arresting gay men and lesbians and handing them over to Islamist militias Diplomat Killed in Libya playing MMO, tells other gamers: Hope I 'Don't Die Tonight'"
DJIA,2012-09-14,"U.S. Embassy calls out Muslim Brotherhood over contradiction between the Brotherhoods Arabic and English Twitter postings.  English feed: ""hope US-Eg relations will sustain turbulence of Tuesday's events."" Arabic feed: Egyptians revolt for the Prophets victory in front of U.S. embassy.","Protesters try to storm German, British embassies in 
Sudan Maker of Anti-Muslim movie is not Israeli-American, but a Coptic Christian previously convicted of bank fraud. Report: German embassy in Sudan on fire"
DJIA,2012-09-17,"France Says No to Genetically Modified Crops, No to Fracking: the ban specifically targets Monsanto's MON810 maize, as it is the only GMO currently allowed in Europe",Japan's ambassador to China mysteriously dies in Tokyo  Salman Rushdie: 'Satanic Verses would not be published today' and would be censored to appease Islam Myanmar frees all political prisoners
DJIA,2012-09-18,"Russia has just declassified news that will shake world gem markets to their core: the discovery of a vast new diamond field containing ""trillions of carats,"" enough to supply global markets for another 3,000 years.",Canada rises to Top Five in world economic freedom ranking as U.S. plummets to 18th | Canada | Russia signs deal with North Korea to write off 90% of North Korea's $11 billion debt to Moscow Japan to prevent Chinese landing on disputed islands 'by any means'
DJIA,2012-09-19,France bans protests against anti-Muslim video,Why British police dont have guns UK woman who falsely claimed she was raped by three men because she regretted having sex with them jailed for two years Protester dies after inhaling fumes from burning American flag
DJIA,2012-09-20,"Uruguay Takes War on Drugs in New Direction: state monopoly over the production &amp; distribution of marijuana, making it the 1st national government to sell cannabis directly to citizens","Mystery of the Disappearing Bees: Solved! Girls Beat Up Iran Cleric Over Dress Code -  2 girls clobbered a cleric in a small town in Iran, when he admonished one of them to cover herself more completely. Italy's Highest Court Upholds The Convictions of 23 CIA Agents for Kidnapping a Terror Suspect in Milan - NYTimes.com"
DJIA,2012-09-21,"Egypt's mufti urges Muslims to endure insults peacefully. Muslims angered by cartoons mocking the Prophet Mohammad should follow his example of enduring insults without retaliating, Egypt's highest Islamic legal official said on Thursday","Italian Scientists Find 6,500-Yr-Old Filling in Human Tooth Embedded in Cave Wall -  While analyzing a fossilized jaw &amp; several teeth, they found a vertical crack filled with beeswax in the enamel &amp; dentin of 1 tooth. This is the earliest direct evidence of therapeutic dental filling. Australia's Treasurer Wayne Swan ""has launched a blistering attack on US Republicans, declaring ""cranks and crazies"" have taken over the party and have come to represent the No 1 threat to the world's biggest economy."" Poorest president, the president of Uruguay, Jos Mujica, donates 90% of his salary "
DJIA,2012-09-24,"After 11 years in Guantanamo, a man who was never charged with any crime, and was recommended twice for release has been found dead.","This week, the United Nations will consider criminalizing Blasphemy in response to growing pressure from the Muslim World.  Egyptian atheist arrested on blasphemy charges, after being molested by an angry mob. The relaxation of cannabis laws shows the failure of the war on drugs: Uruguay's president, realising that prohibition has failed, wants to go further than others by legalising cannabis"
DJIA,2012-09-25,"Hillary to World Leaders: Time for the Rich to Pony Up Their Taxes: You know Im out of American politics, but it is a fact that around the world, the elites of every country are making money. There are rich people everywhere. And yet they do not contribute to the growth of their own countries.""
""","China launches aircraft carrier amid rising tensions with Japan
 Iran test-fires missiles, sinks target not far from US-led international fleet.  Kim Dotcom hints at suing NZ government."
DJIA,2012-09-26,New comet discovered predicted to blaze brighter than the full moon next year,"1.5 Million March in Barcelona demand independence from Spain over austerity, unemployment, Euro.  ""A Hong Kong tycoon has offered a $65 million 'marriage bounty' to any man who can win the heart of his lesbian daughter, a report said Wednesday [26 September 2012]."" 13 year old Filipino homeless boy wins $130,000 peace prize "
DJIA,2012-09-27,President Obama to United Nations: 'We Do Not Ban Blasphemy',"Slavery Still Exists:  Photographs of human trafficking and enslavement around the world WikiLeaks founder Julian Assange lashed out at U.S. President Barack Obama for supporting freedom of speech in the Middle East while simultaneously ""persecuting"" his organization for leaking diplomatic cables. Japan may scrap this year's whale hunt in the Antarctic."
DJIA,2012-09-28,"Iran news agency picks up ""Onion"" story, tells Iranians rural Americans prefer Ahmadinejad to Obama",16 year old Egyptian girl shot dead after resisting groping B.C. mayors vote to decriminalize pot Streams Of Water Once Flowed On Mars; NASA Says Photos Prove It
DJIA,2012-10-01,Bahraini court sentences 9 doctors to prison for up to 5 years for treating injured protesters. ,"Anti-Downloading Law Hits Japan, Up To 
2 Years in Prison From Today Activists warned to watch what they say as social media monitoring becomes 'next big thing in law enforcement'  In urban Taiwan, indoor shrimp fishing is booming:  Shrimp fishing in Taiwan has moved indoors over the years, and it now is a popular activity among city dwellers in Taipei and elsewhere. "
DJIA,2012-10-02,"Mafia Runs 90% of Illegal Tropics Logging - Illegal logging is driving the lion's share of deforestation in the world's rain forests, &amp; organized crime is to blame for almost all of it. That's the grim conclusion of a new U.N. report.","Greece's far-right Golden Dawn party is increasingly assuming the role of law enforcement officers on the streets of the bankrupt country, with mounting evidence that Athenians are being openly directed by police to seek help from the neo-Nazi group. Police rape woman in Tunisia, then charge her with indecency Chinese Company Sues Obama Over Wind Farm Project -  A company blocked from building wind farms near a US navy test site in Oregon is suing President Barack Obama, arguing that his order to stop the project was unconstitutional."
DJIA,2012-10-03,Stolen Maple Syrup Recovered,France to cover 100 percent of abortion costs Marijuana And Cancer: Scientists Find Cannabis Compound Stops Metastasis In Aggressive Cancers Swedish Pirate Party surges after file-sharing host facility raided
DJIA,2012-10-04,BBC News - Turkey's parliament authorises military action in Syria,"Two Coptic children arrested in Egypt for 'insulting Islam' Foreign donors have spent tens of millions of dollars building hospitals in Afghanistan that have never seen a patient. Land acquired over past decade could have produced food for a billion people: Oxfam calls on World Bank to stop backing foreign investors who acquire land for biofuels that could produce food
"
DJIA,2012-10-05,Canadian government fires all non-Christian Chaplains in federal prisons,"42 year old Alberta man dismissed of drug charges: 1,600 seized pot plants turn out to be daisies. An 11-year-old Russian boy discovers a 30,000-year-
old woolly mammoth carcass French bees make green and blue honey after M&amp;Ms feast "
DJIA,2012-10-08,"
How the banking crash sparked a credit union boom: People are turning away from casino finance and towards a more democratic system that isn't just about money-making
","No Arab national wants to ask: What was the real cost for not recognizing Israel in 1948 and why didnt the Arab states spend their assets on education, health care and the infrastructures instead of wars?  USA declares Chinese companies a security threat  Ancient Buddhist City Will Be Destroyed in December"
DJIA,2012-10-09,14-year-old Pakistani activist Malala Yousafzai has been shot; she had been on a Taliban 'hit list' since March after giving her diary to the BBC in the wake of women being forbidden an education in her town,"Jewish settlers attack undercover police officers posing as Palestinian shepherds  Mexican navy says Zetas cartel founder Heriberto Lazcano apparently killed in confrontation Officer who killed Brazilian student  with taser says he likely would've used the weapon even if he'd known the male had only stolen biscuits - He died after 11 officers  tasered him 14 times,  handcuffed him, used capsicum spray, &amp; used a baton to fight his ""superhuman strength""."
DJIA,2012-10-10,Scotland will hold a vote in 2014 on independence in what could result in the eventual breakup of Britain,"Latin America is taking the lead on ending the ""war on drugs."" Will the U.S. follow? Many mentally ill in Ghana being treated by Christian organization who will only use prayer, herbs and mandatory fasting for as long as 12 hours a day for up to 40 days, human rights group warns. A British WWII soldier was taken prisoner by the Japanese, forced to build the Burma Railway (the ""Death Railway""), and tortured for making a radio receiver out of spare parts.  He later tracked down one of his torturers and forgave him in 1993, becoming friends.  He died at 93."
DJIA,2012-10-11,"A group of 23 impoverished west African fishing communities has driven off a fleet of illegal, unreported &amp; unregulated ""pirate"" trawlers by filming &amp; reporting them when they are found in their waters.  9 of the 10 ships identified  were found to have licences to export catches to Europe.","""Eagle Dad"" and children rescued from Mt. Fuji after ascending with only water and a chocolate bar thinking ""there would be steps up the mountain and shops along the way."" Pakistan Erupts in Anger Over Talibans Shooting of Schoolgirl Masked gunmen kill U.S. embassy employee in Yemen"
DJIA,2012-10-12,"Italian church to be stripped of tax exemption from 2013: The extra revenue from these exempt properties - including hotels, restaurants and sports centres - could be 25.5m a year in Rome alone","Spot where Julius Caesar was stabbed discovered Weeks after posting a haunting Youtube video on her years of torment at classmates hands, 15-year-old B.C. girl commits suicide. The European Union wins the Nobel Peace Prize 2012 (google translate article)."
DJIA,2012-10-15,"The shadow of ACTA is back in Europe, disguised as CETA (Canada-European Union and Trade Agreement): A comparison of the leaked draft CETA shows it includes a number of the same controversial provisions, specifically concerning criminal enforcement, private enforcement by ISPs, and harsh damages.","Controversial US businessman dumped 100 tonnes of iron sulphate off Canadian coast in world's largest ever geoengineering experiment, in what lawyers are calling a ""blatant violation"" of international bans Muslims protest 'age of mockery' as thousands 
descend on Google HQ - Telegraph Slavery's last stronghold"
DJIA,2012-10-16,British computer hacker Gary McKinnon will not be extradited to the US,"For eight months, starting last November, he was the prime minister of his native country, Somalia, one of the most chaotic nations on earth. And then, as suddenly as he had left, he was back in his cubicle at the Transportation Department in Buffalo, NY 
Starbucks paid no tax on UK earnings in the past three years: The coffee chain company has used legal tax-avoidance tactics to pay as little as possible, paying 8.6m in taxes on a reported 3bn in UK sales since 1998, and nothing in the past three years. Is this OK?
 Indian baby suffers horrendous burns in shocking dowry dispute:  An Indian woman has died and her 13-month-old daughter suffered horrendous burns after her husband and father-in-law set them on fire as they slept, in a dispute over a dowry payment. "
DJIA,2012-10-17,Chinese companies will be able to sue Canada in secret for trying to protect the Canadian environment if FIPPA (Canada-China Foreign Investment Promotion and Protection Act) passes!,"Afghan girl 'beheaded for refusing prostitution'. Afghan police have arrested four people who allegedly tried to force a woman into prostitution and beheaded her when she refused Gunmen kill polio vaccinator in Pakistan - 
The vaccinator was shot dead, highlighting opposition to the  program.  The Taliban have banned immunizations, condemning the campaign as a cover for espionage since a Pakistani doctor  helped CIA track down Osama bin Laden using a vaccination program.
 Blind Man Tasered - UK Police Mistake Stick For Sword: Stroke victim Colin Farmer, 61, was hit with a 50,000 volt Taser gun after police mistook his white stick for a samurai sword"
DJIA,2012-10-18,"8,000-yr-old carvings in stone destroyed in Moroccos High Atlas Mountains by Salafists, Muslims who strictly prohibit idolatry - The carvings depicted the sun as a divinity. One of the carvings, called the plaque of the sun, predates the arrival of the Phoenicians in Morocco. ","Apple loses tablet copyright appeal against Samsung
| Reuters British couple who spent most of the money they made from canabis growing on paying for life changing operations and schooling for people in a poor Kenyan village gets sent to prison for 3 years. Taliban thinks the media is biased because everyone is angry at them for trying to kill a 14 years old girl"
DJIA,2012-10-19," Shot Pakistani schoolgirl can stand, communicate ","WWII veteran 'took a bullet in the knee' but doesn't like to make a fuss about it.  After he is cremated, this... Saudi Arabia reveals plans to be powered entirely by renewable energy Disturbing Video Shows U.S. Defense Contractors Drunk and on Drugs in Afghanistan"
DJIA,2012-10-22,Soldier sacked by the army 72 hours before he gets his full pension,"Pussy Riot band members sent to remote prison camps. Maria Alyokhina and Nadezhda Tolokonnikova to serve sentences in Russia's 'harshest prisons' in Perm and Mordovia. World's oldest survivor of Auschwitz dies at 108 Scientists await verdict in Italy quake trial:  Seismologists face four years in jail if found guilty, in a case that has sparked outrage in the scientific community."
DJIA,2012-10-23,"A 28-year-old Tunisian who was caught on security camera stealing from a man who had fallen onto the tracks on the Stockholm subway and then leaving him to be hit by a train was sentenced to prison, deportation",Italian Scientists sentenced to jail for failing to predict earthquake. Uruguay plans to legalise marijuana under state monopoly Survey: Most Israeli Jews would support apartheid regime in Israel
DJIA,2012-10-24,Greedy U.S. billionaire urges Michigan voters to reject free bridge to Canada,"'We wont advise the state again': Scientists outraged at Italian seismologists' jailing With 60,000 dead, Mexicans wonder why drug war doesn't rate in presidential debate  After slitting his wifes throat, Toronto man complained of unbearable burden of childrens insufficiently Muslim clothes"
DJIA,2012-10-25,"Memorial to 'Forgotten' Holocaust Opens in Germany for 500,000 Gypsies Also Slaughtered by Nazis  Forward.com","French far-right group attacks and occupies mosque, and issued a ""declaration of war"" against what it called the Islamization of France. Entire Indian tribe threatens to commit mass suicide after Brazil court rules they must leave land David Attenborough: US politicians duck climate change because of cost"
DJIA,2012-10-26,"Ashok Khemka, a bureaucrat in India, has been transferred out of his job 43 times because of his determination to follow the rules and whistleblowing. A senior career bureaucrat, he simply cannot tolerate corruption, and so, in every job he takes, he does his best to put a stop to it.","North Korean army minister executed with mortar round. ""Kim Chol was forced to stand on a spot that had been zeroed in for a mortar round and ""obliterated."" The U.K. thinks a strike on Iran would be illegal, denies U.S. access to its bases Opinion poll shows 43% of French people see Islam as a 'threat' to national identity, with two-thirds saying Muslims are poorly integrated into society"
DJIA,2012-10-31,Incoming Dutch government ditches 'weed pass' plan that would have been available only to residents and that would have effectively banned tourists from Amsterdam's marijuana cafes,"The scale of unpaid tax now outstrips the national deficit. Forcing the elite to pay up is now a matter of justice and necessity. German Politicians Demand to See Gold in US Federal Reserve - SPIEGEL ONLINE China's 1%: members of China's National Peoples Congress are worth a combined total of $89.8 billion; in contrast, the net worth of the top 660 U.S. officials is only $7.5 billion."
DJIA,2012-11-01,"Amsterdam will not ban tourists from coffee shops, says mayor","France deports radical imam for advocating holy war, violence against women Argentina lowers voting age to 16 Nigerian state makes it a crime to accuse children of witchcraft or sorcery"
DJIA,2012-11-02,The home front: Man builds 60ft-long World War I trench in his back garden - and then invites history buffs round for re-enactment,"Pakistani couple kill daughter for talking to a boy Thousands of Iranians chanting ""Death to America"" burnt US flags on Friday to mark the 33rd anniversary of the seizure of the US embassy in Tehran Pakistani coupe kill their daughter by pouring acid on her face when she was found talking to a boy"
DJIA,2012-11-05,"The girl was 16. She was raped by men from a higher caste, and her father committed suicide from the shame. The reaction of her community? To call for a change in the age of consent","Methane warning in New Zealand mine was ignored 21 times before the 2010 explosion that killed 29 workers ""Germany is leading a growing European movement to let newspaper publishers charge internet search engines for displaying links to their articles -- a move market-leader Google warns could cause an internet news blackout."" HSBC fears U.S. money laundering fines to top $1.5 billion"
DJIA,2012-11-06,Harassers of women in Cairo now face wrath of vigilantes. 'More and more groups are emerging to make protecting women  and shaming the do-nothing police  a cause',"Skype illegally distributed a user's personal information to a private company during a Dutch police investigation into Anonymous-sanctioned cyberattacks on PayPal The world's rarest whale, known until 
now just by three partial skulls,  seen 
for first time Israel has announced plans to press ahead with construction of 1,213 homes on annexed West Bank land, defying international opposition to its settlement policies"
DJIA,2012-11-07,"Poll: Israel viewed negatively around the world,  BBC survey measures public opinion on 22 countries, places Israel in company of North Korea, ahead of only Iran, Pakistan.
",Korean Christians and Protestants continue vandalism acts on Buddhist Temples Canada's legal hemp industry growing - Business - CBC News French gay marriage and adoption bill backed by cabinet.
DJIA,2012-11-08," Ancient Buddhist city of Mes Aynak will be destroyed,  turned into an open pit copper mine",7.4 Earthquake in Guatemala Athens ablaze as protesters try to storm parliament | World news | The Guardian South Korean activists float condoms into N.Korea
DJIA,2012-11-09,"Cipla, the Indian drug company that cut prices of cancer drugs earlier this year, slashes prices of three more cancer drugs by 63%...","Five Muslim extremists attacked a gay club in Paris beating the bouncers and spraying some attendants, including the vice president of IDAHO, with tear gas UK campaigners call for Nobel Prize for shot Pakistani girl. Tens of thousands of Britons called on the government on Friday to nominate Malala Yousufzai, a Pakistani girl shot in the head by the Taliban for advocating girls' education, for the Nobel Peace Prize.
| Reuters Chavez to Obama: forget global wars, fix domestic woes. The U.S. government's chief antagonist in Latin America, Hugo Chavez of Venezuela, has advised newly re-elected U.S. President Barack Obama to avoid further entanglement in international conflicts and concentrate on fixing internal problems."
DJIA,2012-11-12,"Arm raised in a Nazi-style salute, the leader of Greece's fastest-rising political party surveyed hundreds of young men in black T-shirts as they exploded into cheers. Their battle cry reverberated through the night: Blood! Honour! Golden Dawn! ","Prominent Saudi preacher tortures five-year-old daughter to death India: Illiterate fruit vendor built a primary and high school from his savings for the village children, now planning a pre-university college. Saudi Arabia to be overtaken by United
States in oil output."
DJIA,2012-11-13,"With more than 50,000 supporters, The uprising of women in the Arab world"" facebook group is being blocked by Facebook, over a picture of a woman not wearing a veil.","Egyptian migrant turns up for work in Greece, tortured for 18 hours Australian Judge rules that you can tell cops to ""Fuck off"" Anti-virus pioneer John McAfee wanted for murder"
DJIA,2012-11-14,UN says access to contraception a human right,"Porn sites appear in Islamic countries most-visited online rankings Woman denied an abortion dies in hospital - The Irish Times - Wed, Nov 14, 2012 Xpost r/Feminism Hamas military chief Ahmed Jabari killed by Israeli strike"
DJIA,2012-11-15,"
Savita Halappanavar's medically unnecessary death: In the worst way possible, a woman refused a life-saving abortion in Ireland has proved 'pro-life' advocates wrong",Ireland 'should change abortion law' after woman's death. Member of Irish Labour party says country's almost total ban on abortions must be relaxed North Korean missile parts found on ship going to Syria Anonymous warns Israel: 'No one cuts internet on our watch!'
DJIA,2012-11-16,"Mexico lawmaker introduces bill to legalize marijuana. A leftist Mexican lawmaker on Thursday presented a bill to legalize the production, sale and use of marijuana, adding to a growing chorus of Latin American politicians who are rejecting the prohibitionist policies of the United States.","Gaza cease-fire collapses, Egypt PM backs Palestinians as Israel drafts 16,000 reservists Gaza crisis: Tel Aviv targeted by missiles. Hong Kong seizes $1.4m of illegal ivory - Customs officers in Hong Kong confiscate 569 pieces of illegal elephant ivory, their second major seizure of tusks in a month
"
DJIA,2012-11-19,"Turkish Prime Minister: ""I say that Israel is a terrorist state, and its acts are terrorist acts""","Cuban transsexual elected to public office. Adela Hernandez, jailed for 'dangerousness' in the 1980s, becomes first transgender person to hold public office in Cuba Nigeria: An oil spill at an ExxonMobil facility offshore from the Niger Delta has spread at least 20 miles from its source, coating waters used by fishermen in a film of sludge. Hamas [will] agree to a ceasefire only after Israel ""stops its aggression, ends its policy of targeted assassinations and lifts the blockade of Gaza."""
DJIA,2012-11-20,"Israel air force drops leaflets across Gaza City warning residents to evacuate homes ""immediately""","Trump hotel in Canada failing, investors suing after 7 years and no building ""The rising scream of pain emanating from the people of eastern Congo, trapped in a horrific and accelerating cycle of murder, mutilation, rape, exploitation and mass displacement, is barely heard."" France Stripped Of Prized 'AAA' Credit Rating By Moody's"
DJIA,2012-11-21,Hamas executes six suspected collaborators with Israel; body dragged through street - San Jose Mercury News,"Moscow bans protest against political repressions 'due to lack of political repression' After 8 more rhinos were slaughtered over the weekend, South African army deployed to assist in the war against poaching.  So far a staggering 570 rhinos have been killed this year within the country's borders. Marijuana legalization or decriminalization backed by most Canadians: poll - thestar.com"
DJIA,2012-11-23,Egypt protesters set fire to Muslim Brotherhood offices,"65%  of Canadians over 18 support either pot legalization &amp; taxation, or the decriminalization of small amounts of marijuana - I think we have to recognize 1st &amp; foremost  the war on drugs, as it exists, doesnt work. Legalization is a smart policy for the Liberal Party. Saudi Arabia now electronically monitoring women, letting male family members know when they try to leave the country Mexico City: Now One of Safest Places in Mexico - Once infamous for its pollution, lawlessness, &amp; chaos,  it's at the vanguard of ecological &amp; civic change.  Abortion, gay marriage, &amp; gay adoption is legalized. Outsiders who once viewed the city as terrorizing, now want to visit, to live here.
"
DJIA,2012-11-26,"Having survived two assassination attempts, Mexican mayor beaten to death","Vietnam's passport control offices are refusing to stamp visa pages in the new Chinese passports containing a map showing islands in the South China Sea as part of Chinese territory.  Crowd of 300 sexually assaults three girls in Tahrir Square Over 500 Bangladesh clothes factories for Walmart, H&amp;M, Tesco &amp; others declare wild-cat ""holiday"", fearing rising protests against bad labor conditions -  Garment workers demanding end to ""deathtraps"" after new blaze sparks fresh panic &amp; terror following worst-ever textile factory fire in country.  "
DJIA,2012-11-27,China's party paper falls for Onion joke about Kim Jong Un,"""One challenge I have when I speak about North Korea is I run out of adjectives for how bad things are... This place is almost this black hole for modern civilization"" France to Back Palestinian Bid for Status at U.N. ""The scale of cruelty and corporal punishment in Indian schools was highlighted . . . by the attempted suicide of 13 year girl who was paraded naked by a teacher for 'stealing'"""
DJIA,2012-11-28,"Girl, 8, to get vaccination shots after court overrules mum (xpost from /r/NewsOfTheWeird)","Spain Intends to Back Palestinian Bid for Statehood at UN. Wife forced to remarry husband who threw acid into her face |
			News.com.au Iceland's president explains how a financial crisis should be handled: Let the banks fold. "
DJIA,2012-11-29,"Canada creates $5,000 cap on liability for file sharing lawsuits","Internet and Mobile Has Been Cut Off in Syria  Swedish drunk MP falls over with his wheelchair and is helped by immigrants. He then calls the police saying the immigrants stole his backpack, which he in reality had forgotten at the bar... Palestinians set to win statehood recognition in UN vote"
DJIA,2012-11-30,"Less than 24 hours after General Assembly recognizes Palestine as non-member state, Israel responds by approving construction of 3,000new housing units in Jerusalem, West Bank","North Korea Has Found a Secret Unicorn Lair, Apparently - 
""Archaeologists of the History Institute of the DPRK Academy of Social Sciences have recently reconfirmed a lair of the unicorn rode by King Tongmyong, founder of the Koguryo Kingdom"", reports the  wait. Stop. UNICORNS?  Global hacking network declares Internet war on Syria -  Anonymous says it'll shut down Syrian govt websites around the world in response to a countrywide Internet blackout believed to be aimed at silencing opposition to the president. Mexican Cartels Enslave Engineers to Build Radio Network - At least 36 engineers &amp; technicians have been kidnapped in the past 4 yrs. None of them have been held for ransom   just disappeared.   When they need specialists they catch them, use them, &amp; discard them. "
DJIA,2012-12-03,Internet Hangs in Balance as World Governments Meet in Secret,"France and Britain Are Reportedly Considering Pulling Their Ambassadors from Israel Thousands attend anti-Nazi rally in Hungary to protest lawmakers call for screening of Jews Germany says it will achieve a fully balanced budget across all layers of government this year thanks to a resilient economy, low unemployment, higher tax revenues and low borrowing costs"
DJIA,2012-12-04,Medicinal cannabis to be legalised in Ireland next year,"Man jailed for throwing homeless man's rabbit into river ""MI6 passed up an opportunity to kill a senior leader of al-Qaeda because lawyers advised them they would be breaking the law"" European Roma descended from Indian 'untouchables', genetic study shows:  Roma gypsies in Britain and Europe are descended from ""dalits"" or low caste ""untouchables"" who migrated from the Indian sub-continent 1,400 years ago, a genetic study has suggested. "
DJIA,2012-12-05,North Korean prisoner born in labor camp escaped after 23 brutal years,"Wal-Mart Nixed Paying Bangladesh Suppliers to Fight Fire -- At a 2011 safety meeting, Wal-Mart said paying Bangladesh suppliers more to help them upgrade their manufacturing facilities was too costly. A fire at a Bangladesh factory that made clothes for Wal-Mart killed more than 100 last month. Scientists warn of sperm count crisis: biggest-ever study confirms drastic decline in male reproductive health 'Men don't have to worry about being caught': Sex mobs target Egypt's women"
DJIA,2012-12-06,"Police and child advocates broke padlocks and busted down doors in a surprise raid of a sweatshop in India, to find a group of children imprisoned beeing forced to make Christmas decorations. The children, as young as 8 years old, were kept in rooms 6 ft by 6 ft and forced to work 19-hour days","Mexican court rules in favor of same-sex marriageMexico's Supreme Court ruled that law in Oaxaca banning same-sex marriages is unconstitutional, paving way for same-sex couples to marry in that state &amp; possibly in the rest of Mexico. Starbucks agree to pay 10m tax in UK after customer revolt at their not paying tax at all for two years and very little for past 14 years... A mother who beat her seven-year-old son ""like a dog"" when he failed to memorise passages of the Koran has been found guilty of his murder."
DJIA,2012-12-07,"U.N. summit votes to support Internet eavesdropping. Uses: censorship, identifying BitTorrent and MP3 transfers","Earthquake M7.3  - 293km SE of Kamaishi, Japan. Tsunami alert. Kate Middleton's Receptionist Found Dead In London Days After Being Duped By Prank Callers Google Drones Launch In Africa to monitor and prevent poaching"
DJIA,2012-12-10,Gunmen kill senior womens activist in Afghanistan ,"Nelson Mandela 'has stopped talking',  amid a ""troubling"" deterioration in his condition China Appears Set to Become World's Next Rust Belt - Just 2 yrs after China overtook US to become worlds biggest manufacturer, its competitive advantages are eroding &amp; factories closing. And there's little Beijing can do to arrest the slide.  Japan falls into recession:  Strong yen and diplomatic row with major trade partner China have harmed Japan's economy"
DJIA,2012-12-11,Calls for a ban on helium balloons as world shortage worsens.  ,"Costa Rica Bans Hunting as a Sport - 

With 25% of its land protected as reserves, it becomes 1st Latin American country to ban hunting British deputy prime minister says he will block plans to give police and intelligence services powers to monitor all internet use Eighth Tibetan under 18 sets self on fire to protest Chinese occupation of Tibet. Ninety Tibetans have self-immolated since February 2009."
DJIA,2012-12-12,"Julian Assange to form Wikileaks Party, run for Australian Senate","Amsterdam police will turn a blind eye to foreigners buying cannabis in its famous ""coffee shops"" when a national ban comes into force next year, the city's mayor said on Wednesday. North Korea launches rocket Giant Squid finally captured on video. Footage to be shown on Discovery Channel in January next year."
DJIA,2012-12-13,"The Real North Korea Problem - While the world fears its missiles 250,000 innocents, one-third of them children, are being forced to do slave labor on starvation rations and are daily subjected to heinous torture and executions","North Korean satellite 'tumbling out of control,' US officials say ""Tibetans can't vote, their petitions to government are ignored, protest of any kind is criminalized and, once imprisoned, most Tibetans are denied a lawyer."" Google boss Eric Schmidt: I'm proud of our tax avoidance scheme...it's called capitalism"
DJIA,2012-12-14,Internet remains unregulated after UN treaty blocked,"BBC News - US, UK and Canada refuse to sign UN internet treaty In 2004 CIA agents tortured a German citizen, sodomising, shackling, and beating him Scientists call for pardon for WW2 codebreaker Alan Turing"
DJIA,2012-12-17,Russia sees panic buying as Mayan apocalypse mania takes root,"Why 2012 was the best year ever: never in the history of the world has there been less hunger, less disease and more prosperity Congo has become a never-ending nightmare, one of the bloodiest conflicts since World War II, with more than five million dead.  Queen to attend cabinet meeting for first time. It is believed to be the first time a monarch has attended cabinet since Queen Victoria's reign."
DJIA,2012-12-18,Ireland to legalise abortion,"Berlin warns Egypt is sliding to dictatorship Chinese Authorities Arrest Dozens For Spreading Mayan Apocalypse Rumors Swedish teens riot over Instagram sex rumours  - ""500 people are estimated to have gathered outside the 'Plus Gymnasium', according to Aftonbladet"" (Link in English)"
DJIA,2012-12-19,S Korea has it's first woman president.,"'Habitable' planet discovered circling Tau Ceti star  World is one of five thought to be circling star just 12 light years away, say scientists In France, Free Birth Control For Girls At Age 15 British woman 'raped by three men' in Dubai is FINED for drinking"
DJIA,2012-12-20,Thieves arrested for stealing 6 million pounds of maple syrup in Canada,"UN confirms Hezbollah fighting for Assad in Syria 50,000 Islamists marched chanting that Egypt will be ""Islamic, Islamic, despite the Christians."" They made sure to go through mainly Christian districts of the city, where residents, fearing attacks, shuttered down their stores and stayed in their homes. Those with no religious affiliation  including atheists and agnostics  are now the third-largest religious group in the world."
DJIA,2012-12-21,Syria dropping cluster bombs on civilians ,UN calls for ban on 'grotesque practice' of female genital mutilation  Pope signals inter-religion alliance against gay marriage China and North Korea are batteling over a mountain on their border where Kim Jong-il was allegedly born. Soviet documents however show he was born in Russia. 
DJIA,2012-12-24,"Swaziland Bans Women From Wearing ""Rape-Provoking"" Mini-Skirts, Midriff-Revealing Tops &amp; Low-Rise Jeans.  Offenders face 6-mos in  jail.  ""The act of the rapist is made easy, because it'd be easy to remove half-cloth worn by women.""  Those wearing such clothing are responsible for assaults or rapes.","Air strike kills dozens of Syrians trying to buy bread Mayan temple damaged in tourist 'apocalypse' frenzy  Human Rights Watch: Palestinian armed groups in Gaza violated the laws of war by launching rockets toward population centers from densely populated areas
"
DJIA,2012-12-26,"Mexico Bishop Inspires, Infuriates by Telling 1,000s Gathered in Stadium That Politicians are Tied to Organized Crime, Lawmakers' Attempts to Curb Money Laundering are Intentionally Weak, &amp; New Labor Reforms are a Way to Enslave Mexican Workers","British Create Petition to Keep Piers Morgan in US - After a petition to deport the pro-gun control CNN host gains momentum, a counter-petition emerges Defense Department of Canada removes report on killing of Canadian soldier by Israeli forces When U.S. drones kill civilians, Yemens government tries to conceal it - The Washington Post"
DJIA,2012-12-27,Putin Says He Will Sign Bill Banning Americans From Adopting Russian Children,"PricewaterhouseCoopers sued for $900 million in Iceland for being an accomplice to the crimes of Landsbankinn, one of the three failed Icelandic banks India to Name &amp; Shame Rapists - Govt to post photos, names &amp; addresses of convicted rapists on official websites to publicly shame them in new measure to combat growing crime against women.  Villagers join al-Qaeda after deadly US strike"
DJIA,2012-12-28,"A 17-year-old Indian girl who was gang-raped killed herself after police pressured her to drop the case and marry one of her attackers, police and a relative said on Thursday.","Belgium prosecutes Scientology as a criminal organisation. Charges are: extortion, fraud, privacy breaches and practice of illegal medicine. China has passed a law requiring adult children to visit their elderly parents regularly or risk being sued. Chinese labor camp worker hides note inside Halloween decorations"
DJIA,2012-12-31,A young Nepali woman returning from Saudi Arabia is robbed by immigration officials and raped by a policeman ,Victim's brother wants Indian gang rapists hanged Scientists fear Canada will fish bluefin tuna and other species to extinction New rights will 'effectively end homelessness' in Scotland 
DJIA,2013-01-02,"In Pakistan: Gunmen stop a van containing teachers that educate girls, shoot and murder 5 teachers and 2 aid workers","Russia boosts space spending: Prime Minister Dmitry Medvedev approved a plan to spend $68.71 billion on developing Russia's space industry from 2013 to 2020 Japan's Population Falls by 212,000 in 2012 (record drop) Solar energy on the rise in Germany - the recent solar boom means the alternative form of energy now reaches 8 million homes in Germany, a 45 percent increase compared to 2011"
DJIA,2013-01-03,Australian PM says abolishing compulsory voting would make democracy the plaything of cashed up interest groups.,"Spanish city's locksmiths say they'll no longer assist with evictions Nicolas Sarkozy DID take $50 million of Muammar Gaddafi's cash, French judge is told Al Jazeera Acquires Current TV"
DJIA,2013-01-04,Soccer team walks out on game in Italy after African player is taunted with monkey chants,"Obese who refuse to exercise 'could face benefits cut' in the UK How to Halt the Terrorist Money Train? Step 1: Make bankers stop laundering dirty cash Japanese man vacations on Syrian front lines. Im not a target for snipers because Im a tourist, not like you journalists. Besides, Im not afraid if they shoot at me or that they might kill me. Im a combination of samurai and kamikaze."
DJIA,2013-01-07,"Mother Jailed For Murdering Seven-Year-Old Son, for failing to learn Koran",The IMF Has Admitted Their Economists Were Wrong US drone strike kills 17 in Pakistan South Africa: Women Drinking To Harm Babies
DJIA,2013-01-08,Poachers killed a family of 11 elephants in the biggest single mass shooting of the animals on record in Kenya.,"Australia's heatwave off the scale, the Bureau of Meteorology forced to add new colour to charts as ""dome of heat"" pushes 51C (123.8F)  Poachers are not only killing elephants, but also the park rangers who are trying to protect them. In a world first, McDonald's in Australia will temporarily re-name some stores to what 55 percent of Australians now call the company: 'Macca's'"
DJIA,2013-01-09,Saudi ruling puts end to marriage between 90-year-old man and his 15-year-old bride,"A Chinese Web censor snaps, goes on public rant Police investigating murder on UK nuclear submarine horrified by tales of crew's binge drinking Military lasers becoming a reality"
DJIA,2013-01-10,The world's population could actually start declining.,"Ex-CIA Analyst Finds Mysterious Chinese Complex on Google Earth German bishops cancel study into sexual abuse by priests, prompting the investigator to accuse them of trying to censor what was to be a major report on the scandals 'My goodness there's a snake on the wing': Snake spotted on a Qantas plane."
DJIA,2013-01-11,"Saudi Arabia beheads young Sri Lankan maid, despite international campaign for clemency
","Pakistan also has a rape problem. Days after the Delhi gang-rape victim died, 9-year-old in Pakistan beaten and raped by three men. In Pakistan, however, no one is talking about it. China Sends Fighter Jets To Meet Japan's F-15s In The East China Sea Brazil prostitutes are planning to learn English before 2014 World Cup."
DJIA,2013-01-14,"German govt  unexpectedly offers Paris concrete support as French troops battle Islamist extremists in Mali -  Though ruling out a combat role, Germany's military will provide transport &amp; medical assistance.","Man acquitted of rape and murder of a 9 year old girl, rapes and murders a 9-year-old girl after being freed from jail Polio in India: How the Country Beat the Disease:  A sprawling country with a massive population pulled off one of the greatest public-health coups in history Mass rape, amputations and killings  why families are fleeing terror in Mali "
DJIA,2013-01-15,"In China's capital, they're calling it the ""airpocalypse,"" with air pollution that's literally off the charts. The air has been classified as hazardous to human health for a fifth consecutive day, at its worst hitting pollution levels 25x that considered safe in the U.S.","The crime of ""insulting"" someone through words or behaviour to be dropped in UK Chinas plainclothes police stuff man into unmarked van for speaking to reporters:  After a young man offers his support for a censored newspaper, some plainclothes police swoop in to pack him away. Ontario will phase out coal-fired power by 2014, making the Canadian province the first coal-free jurisdiction in North America"
DJIA,2013-01-16,"Insecticide 'unacceptable' danger to bees, report finds -- Campaigners say the conclusion by the European Food Safety Authority is a 'death knell' for neonicotinoid pesticides","Horse DNA has been found in some beef burgers in the Uk &amp; Ireland supermarkets. Helicopter 'crashes into crane' in London 500,000 Breathing Masks Sold in China in Two Days"
DJIA,2013-01-17,Lucky prospector finds huge gold nugget 177 Oz/5.5kg (Australia),One of Russias biggest criminal bosses  call him the countrys Don Corleone  has been gunned down in the center of Moscow as he left his favorite hangout surrounded by bodyguards. Sniper kills Russian crime boss in Moscow Egyptian court sentences Christian family to 15 years for converting from Islam | Fox News
DJIA,2013-01-18,"An indigenous community in the Ecuadorian Amazon has won a reprieve after building up an arsenal of spears, blowpipes, machetes and guns to fend off an expected intrusion by the army and a state-run oil company.","French flags selling out in Mali's capital: Normally, Malian attitudes towards France range from resentment to admiration. But when France launched a bombing campaign against Islamist rebels in central and northern Mali, French flags bloomed around the capital Bamako almost instantaneously US officially recognises Somalia's government In Kashmir, a nine year old ceasefire agreement between India and Pakistan is in danger of breaking down. We ignore it at our own peril."
DJIA,2013-01-22,"A new asteroid-mining company, Deep Space Industries, Inc., launches Tuesday with the goal of helping humanity expand across the solar system by tapping the vast riches of space rocks.  It plans to launch a fleet of prospecting spacecraft in 2015.","Canadian student whistleblower tells his college about massive security breach in their system, gets expelled. The Vatican built a secret property empire using Mussolini's millions Population Bomb scientist: Nobody has the right to as many children as they want"
DJIA,2013-01-23,$20 trillion oil basin discovered in Australia set to turn the country from importer to mass exporter.,"London 'Muslim Patrol' members arrested for homophobic public harrassment Road tunnel in Norway to stay shut for several weeks after 27 tonnes of cheese catches fire ""An official says Nepal's government will begin issuing citizenship certificates with the category 'third gender' for people who do not wish to be identified as male or female."""
DJIA,2013-01-24,Two former Scientology members sue church claiming it 'duped' people into donating  millions to misrepresented causes,"Don't buy South African wines: striking workers' plea to foreign consumers A renegade band of Solomon Islanders is responsible for the slaughter this week of about 900 bottlenose dolphins, says a group that was paying for the killing to stop. Villagers claim they were promised $2.4 million and only received $700,000. The rise in drug resistant infections is comparable to the threat of global warming, according to the chief medical officer for England."
DJIA,2013-01-25,"Game to destroy CCTV cameras: vandalism or valid protest? Activists in Berlin are teaming up to trash surveillance cameras. Points are given, with bonus scores for the most innovative modes of destruction","Prime Minister David Cameron calls for a worldwide crackdown on big companies that avoid paying taxes. A German court ruled on Thursday that people have the right to claim compensation from service providers if their Internet access is disrupted, because the Internet is an ""essential"" part of life. A group of Delhi women have decided the best way to make sure women are safe is to create a special cab service just for them. Women drive the cabs and only pick up women passengers. "
DJIA,2013-01-28,Mali rebels fleeing Timbuktu burn library full of ancient manuscripts,"A Father in North Korea is reported to have been executed by firing squad after murdering his two children to eat them during a ""hidden famine"" that may have killed more than 10,000 people last year. Iceland wins controversial Icesave case at European court Timbuktu Mayor Says Islamists Burned Texts - 
Extremists  torch library containing historic manuscripts in Timbuktu as French &amp; Malian forces close in on the desert city.   ""They torched all the important ancient manuscripts. The ancient books of geography &amp; science."""
DJIA,2013-01-29,Google unveils detailed map of North Korea,Libor Lies Revealed in Rigging of $300 Trillion Benchmark -- The benchmark rate for more than $300 trillion of contracts was based on honesty. New evidence in banking's biggest scandal shows traders took it as a license to cheat.  Queen Beatrix of the Netherlands to announce abdication Israel a No-Show at Its UN Rights Review
DJIA,2013-01-30,France to deport radical Muslim clerics,Julian Assange to run for a seat in the Australian Senate Senior British rabbi filmed telling alleged child abuse victim not to go to the police  S. Korea's space rocket launch apparently successful.  Becomes the 13th country to reach space from their own soil. | YONHAP NEWS
DJIA,2013-01-31,"Syrian state TV has confirmed that Israeli warplanes bombed a military research centre northwest of the capital, Damascus.","S. Korea Measles Free in 2012 with 98% vaccination rate U.S. official confirms Israel behind attack on Syria-Lebanon border Smog 'Airmageddon' Chokes China - All week in Beijing, in offices &amp; homes, in lifts &amp; shops, restaurants, taxis &amp; buses, 1 topic dominates conversation -  foul air.  Walking out into streets is like plunging into a swirling soup. The pollution swathes the city, wreathing everything in grey. "
DJIA,2013-02-01,Recent pictures from war-ridden Damascus by Reuter's photographer Goran Tomasevic | The Atlantic,"Japanese whalers ordered out of Australian waters - ABC News 4 at Once: Volcano Quartet Erupts on Kamchatka - A unique show is taking place on Kamchatka these days: 4 separate but nearby volcanoes are erupting simultaneously on the Russian peninsula. A Moscow film crew has produced an awe-inspiring 360-degree video of the natural fireworks.

 Nunavut man who fired a semi-automatic rifle at five home intruders, killing three, has murder convictions overturned"
DJIA,2013-02-04,"The remains of Richard III, one of the most famous figures in English history, has been found.","Women in Paris are finally allowed to wear trousers, after a 200 year law forbidding them to do so was revoked! In rush to urbanize, China flattens 700 mountains
 Ahmadinejad says he wants to be Irans first astronaut"
DJIA,2013-02-05,"North Korea, poised to conduct a nuclear test any day now, has posted a video on YouTube depicting a US city resembling New York engulfed in flames after an apparent missile attack.",Woman in Bolivia has been building homes for the poor out of plastic bottles. These things are amazing. China threatens Japanese warship with guided missiles over island dispute North Korea dreams of the future for One Korea and the USA
DJIA,2013-02-06,"Canada officially eliminates the penny, 35 billion pennies (82M kg/ 180M pounds) will be collected and melted down. Transactions will be rounded to the nearest $0.05","Thousands of Mali's ancient manuscripts were saved from the fires of radical Islamists by an illiterate 72-year-old librarian who stuffed them into millet bags and smuggled them by cart, motorcycle, canoe, then car to the capital, Bamako, on the other side of the country. UK Parliament votes in favour of Gay Marriage. Family decides to smoke on plane forcing pilot to do an emergency landing. Family now being sued by airline for landing fees and hotel accommodations for all the other passengers. "
DJIA,2013-02-07,Dad must pay child support for 3 kids that aren't his: Court rules | Canada ,Japan says scrambled jets after Russian intrusion into air space A small hole for Mars a giant hole for mankind: Nasa's Mars rover Curiosity has turned its drill in rock for the first time 9 year old gives birth
DJIA,2013-02-08,"An Egyptian Salafi preacher said raping and sexually harassing women protesters in Cairos Tahrir Square is justified, calling them crusaders who have no shame, no fear and not even feminism.",Australian children are to be banned from blowing out candles on communal birthday cakes under new hygiene regulations 35 ancient pyramids discovered in Sudan A Somali court has sentenced a woman to a year in prison after she accused security forces of raping her.
DJIA,2013-02-11,"Pope Pope Benedict XVI 'to resign'. The Pope is to resign at the end of this month in an entirely unexpected development, reports from the Vatican say.","To get the gold, they will have to kill every one of us - The most-storied warrior tribe in Ecuador prepares to fight as the government sells gold-laden land to China 
Leaked Documents Reveal Gas Company Eyeing Protected Region in Peruvian Amazon Where Biodiversity ""Exceeds That of Any Other Place on Earth"" &amp; is Home to  Indigenous People Who Have No Regular Contact With the Outside World China tightens concert rules after Elton John's 'disrespectful' Beijing show. Officials considered banning foreign artists without university degrees, after singer dedicated song to Ai Weiwei, say sources"
DJIA,2013-02-12,"Iran urges to destroy all atomic weapons after N.Korea nuclear test: ""We need to come to the point where no country has any nuclear weapons and at the same time all weapons of mass destruction and nuclear arms need to be destroyed""","China's patience with North Korea wears thin after latest nuclear test China's New Bachelor Class ""An estimated 12 to 15 percent of Chinese men -- a population nearly the size of Texas -- will be unable to find a mate within the next seven years."" 4.9 earthquake detected in North Korea, indicates possible nuclear blast."
DJIA,2013-02-13,"The European Union and the US will begin formal talks on a free-trade agreement, paving the way for the biggest trade deal in history. ","'He will stay in prison for a long time': Saudi royal family intervenes in case of 'celebrity' preacher released after paying blood money despite raping and torturing daughter to death
 Russian cop faces 5 years in jail after leaving disabled man to die on street in -40C: After losing his fingers as a result of twelve hours spent in subzero temperatures, a disabled man has died from a blood clot in a Russian hospital French Assembly Approves Gay Marriage."
DJIA,2013-02-14,"Totally drug-resistant TB uncovered, outbreak would be untreatable",Its Official: Julian Assange Will Run for Office Oscar Pistorius (South African double-amputee Olympian) shoots and kills girlfriend after mistaking her for an intruder Iceland considering ban of online pornography
DJIA,2013-02-15,Possible meteor shower reported in eastern Russia,"Russia to ally with UN to address DPRK nuke issue 100th Tibetan self-immolates in China One-fifth of Russian city apartments have no hot water, one-tenth no plumbing or heating"
DJIA,2013-02-19,"North Korea threatens ""final destruction"" of South Korea at U.N.","In Russia, proposed bill will ban pride parades and public LGBT awareness events, as well as what has been deemed as pro-gay attitudes on television Israel passes law banning models that have a BMI under 18.5 Brazil seethes over public officials ""super salaries"", one Judge Made $361,500 in a Month"
DJIA,2013-02-20,"
You have the right to Google for a lawyer in Canada: 'After a 19-yr old struggled to find a lawyer using the telephone, an Alberta court has ruled that police must provide an accused with Internet access to exercise their right to counsel.'
","Bulgaria government resigns after national protests Chinese government involved in cyber espionage; a
Chinese military unit hacked into 141 businesses, mostly inside the U.S., to steal commercial secrets US Catholics urge cardinal to skip papal vote - American group call on cardinal accused of covering up sexual abuse by priests not to take part in electing a new pope"
DJIA,2013-02-21,Germans couldn't see many of the Russian meteor videos last week because a radio was playing music in the background. The German version of the MIAA wanted a penny per view.,"Brits Want Marijuana Reforms, Drug Policy Review: 'majority of Britons favor either decriminalizing or legalizing marijuana and two-thirds support a comprehensive review of all the options for controlling drugs, from legalization to tougher enforcement.' The French language police in Quebec, Canada cracked down on an Italian restaurant because its menu has ""too much Italian"" Over 100 million people are striking in India today and tomorrow. Possibly the largest strike in world history."
DJIA,2013-02-22,"Japanese are beginning to turn against the whaling industry. According to a new report, ""Whaling is an unprofitable business that can survive only with substantial subsidies and one that caters to an increasingly shrinking and aging market.","China officially admits the existence of ""Cancer Villages"" for the first time. German Catholics allow morning-after pill in rape cases Univision reporting rumors of the death of Joaqun El Chapo Guzmn (world's #1 drug lord) after a gun battle in Guatemala. This comes one day after Wikileaks publishes emails saying he is in Guatemala. (story in spanish)"
DJIA,2013-02-25,Norwegian prison where inmates are treated like people has the lowest reoffending rate in Europe," A helicopter swooped down on a prison courtyard Sunday as armed men on board fired on guards and lowered a rope to help a convicted killer make his fourth attempt to escape from a Greek prison. Iran calls Oscar for 'Argo,' awarded by Michelle Obama, an ad for CIA Long-lost continent found under the Indian Ocean: Sand from Mauritian beaches reveals rock from ancient landmass."
DJIA,2013-02-26, Church of Scientology in Sydney accused of holding a young Taiwanese woman hostage,"Rats trained to detect mines find 2400 landmines in Mozambique. North Korea expanding gulags, satellite images show As its vice president, the UN Human Rights Council has chosen as Mauritania  ""a country that allows 20% of its citizens, some as young as 10, to live as slaves."""
DJIA,2013-02-27,"Maldives girl gets 100 lashes for pre-marital sex. 'A 15-year-old rape victim has been sentenced to 100 lashes for engaging in premarital sex, court officials said'","Compulsive liar jailed after 11 false rape claims in decade Australian Muslim activists lose free speech case. 'Australia's highest court on Wednesday narrowly rejected the case of two Muslim activists who argued they had a constitutional free-speech right to send offensive letters to families of Australian soldiers killed in Afghanistan' North Korea warns U.S. is within range of strategic rockets, nuclear weapons"
DJIA,2013-02-28,'Marijuana cannon' used to fire drugs over US border seized in Mexico,South Africa shock as 'police dragging' video man dies The Pilot of the Hot Air Balloon that crashed jumped while it was 5 meters off the ground and let the tourists float up on their own Australian Muslim men charged with assault for enforcing Sharia law on recent Muslim convert by whipping him with electrical cord
DJIA,2013-03-01,Manning statement: Americans had a right to know 'true cost of war',"Every year in China, 287,000 people end their lives by suicide The 81-story skyscraper is all but invisible, shrouded by a layer of pollution so dense that even close-up objects are a blur. Taco Bell finds traces of horse meat in U.K. products."
DJIA,2013-03-04,US doctors cure child born with HIV,'Batman' brings in suspect to Bradford police Japanese father dies sheltering his daughter from blizzard Fake bishop sneaks into pre-conclave meeting at Vatican
DJIA,2013-03-05,"A huge comet is headed for Mars. If it hits, ""it would be an event on the same sort of scale as the impact that drove the dinosaurs extinct 65m years ago. ""","A 75-yr-old Japanese man died after 25 hospitals refused to admit him to their emergency rooms 36 times over two hours, citing lack of beds or doctors to treat him US Ambassador Politely Asks UN Colleagues to Stop Showing Up Drunk to Meetings Piratebay is not actually being hosted from North Korea. It was a hoax to make it appear as if the IP was originating from NK."
DJIA,2013-03-06,Venezuela's Hugo Chavez dead at 58,"Chinese Farmers Revolt Against Govt Land Grab - Demand free elections, saying their chief sent thugs to attack the community. The road that runs along Shangpu is littered with burned-out cars. Farmers have built tents &amp; barricades. Police have been in standoff 2 weeks. Horse meat scandal sparks rise in sales of vegetarian alternatives: Quorn, the UK's biggest vegetarian ready meal brand, said it had seen sales growth more than double in the second half of February  Ikea withdraws chocolate cakes containing 'faecal matter'"
DJIA,2013-03-07,Rhino Poachers Shot Dead by Forest Guards in India,"N. Korea threatens preemptive nuclear strike against aggressors A court in New Zealand has ruled that Megaupload boss Kim Dotcom can sue the country's foreign intelligence service for illegally spying on him. Scouts Canada to Carly Rae Jepsen: Were pro-LGBT, so perform for us, maybe?"
DJIA,2013-03-08,"North Korea officially voids non-aggression pacts with South, following new round of UN sanctions",North Korea says 'prepare for war' North Korea has voided its armistice with the South four times in the last 10 years BBC News - North Korea says it ends peace pacts with South
DJIA,2013-03-11,South Korean Military Now Preparing for Unexpected North Korean Move,"North Korea invalidates 60 year armistice and cuts off direct phone lines to South Korea. Nearly 3,000 dead pigs found in river supplying Shanghai's drinking water Asia's turning tide against shark fin soup. Chinas Communist Party vowed to phase out shark fin soup from official functions. Taiwan, the fourth-largest shark fin market, outlawed fishermen from sawing off shark fins and dumping the carcass overboard. The same rule applies to boatmen in EU waters."
DJIA,2013-03-12,"N. Korea ready to fight a real war with the U.S, its media report. ","EU bans sale of all animal-tested cosmetics [BBC] Japan says it has successfully extracted natural gas from frozen methane hydrate off its central coast, in a world first. Ukrainian military has apparently lost three of its trained dolphins in the Black Sea. ""these dolphins have been trained to attack enemy combat swimmers using special knives or pistols fixed to their heads."""
DJIA,2013-03-13,"Irish college students had 36 hrs to get as far as they could in the world, without spending any money. Some reached Argentina, Australia and Malaysia.","New Zealand gay marriage bill passes North Korean Desertion Skyrocketing, Number of NK Military AWOL Shoots Up Eightfold Assassination attempt of Kim Jung Un could explain recent threats"
DJIA,2013-03-14,Bill Gates: capitalism means male baldness research gets more funding than malaria,"India is now covering water canals with solar panels, this way they are preventing water loss through evaporation and saving space while creating energy. North Korea guides artillery exercises against South Korean Island. Vatican Elects New Pope"
DJIA,2013-03-15,"VW shares $1.1b in profits with workers ""'Profit sharing is hard earned and deserved; it is the equitable participation of employees in the success""",North Korea fires short range missiles in the Sea of Japan Bellicose North Korea forces China to shift stance on old friend.  Chinese newspapers have been calling North Korea an ungrateful and unreliable liability. Zimbabwean police are interrogating young children (aged 4-6) at school about whether their parents have radios. The police are confiscating wind up radios in night time raids.
DJIA,2013-03-18,"American defense contractor Lockheed Martin says it has ""found a way to slash the amount of energy needed to remove salt from seawater,"" which has the potential to eliminate the world's shortage of fresh water in the future","Hans Blix: Iraq War was a terrible mistake and violation of U.N. charter North Korea's Prison Camps Are Absolutely Horrifying
 Wanted: People willing to die on Mars"
DJIA,2013-03-19,British tourist jumped from hotel balcony in India and injured severely to escape from rape,"Two lynchings in Egypt as villagers take the law into their own hands. Egyptians civilians are increasingly killing suspected rapists and kidnappers in response to lack of security.  
Kim Dotcom Still Causing Headaches For Spy Agency: Documents show that in Dec 2011 when the spying began, police already had information which stated that Dotcom was a NZ resident 'which rendered the surveillance illegal.' Indian Parliment passes new anti-rape laws: new provisions allow for the death penalty, and minimum sentence for gang rape, rape of a minor, rape by a person in authority will be doubled to 20 years and can be extended."
DJIA,2013-03-20,More prisoners at Guantanamo Bay have joined a growing hunger strike that their lawyers say reflects hopelessness about their prospects of ever being freed from the detention center in Cuba.,"british water companies are caught avoiding tax, while raising consumer bills and paying millions to their bosses North Korea Military Warns it will Attack if US Flies B-52s Again A 14 year old Indian kills herself after getting raped at school"
DJIA,2013-03-21,Swiss Acupuncturist Arrested For Intentionally Infecting 16 People With HIV ,"Transcript: Obamas speech in Israel. ""It is not fair that a Palestinian child cannot grow up in a state of her own, and lives with the presence of a foreign army that controls the movements of her parents every single day"" UK Health Minister calls for the end of routinely feeding antibiotics to farm animals to prevent superbugs: ""The routine prophylactic use of antibiotics is not acceptable practice."" BP accused of rewriting environmental record on Wikipedia."
DJIA,2013-03-22,Twelve North Korean soldiers attempting to defect have been captured by Chinese troops and sent back to NK,"India passes rape law that sets age of consent at 18 North Korea says, ""North Korea is a great place for human rights."" South Korea admits that the Hacking Attempt from an IP address from China was actually from a Local IP address at the same Bank"
DJIA,2013-03-25,"Armenia is the first country in the world to make chess mandatory in schools, aiming to build a better society","North Korea 'defeats' US troops and takes 150,000 American hostages in newly released propaganda video IT'S OFFICIAL: Banks In Europe May Now Seize Deposits To Cover Their Gambling Losses


 The Dangerous Drift towards World War in Asia"
DJIA,2013-03-26,"Scottish Govt Approves Windfarm Opposed by Donald Trump - 
US businessman claims wind project off Aberdeen coast will spoil the views from his nearby golf course","Japan breaks China's monopoly on rare metals with discovery of vast reserves (x-post from science) ""A photo that makes North Korea look a lot less scary."" - Washington Post A week after Frances top court ruled that a woman was wrongfully fired from a private nursery school for refusing to remove her Islamic veil, a new poll shows a majority of French people support a ban of all religious signs in private workplaces. "
DJIA,2013-03-27,Portugal: 12 Years After Decriminalizing Drugs,Airline 'fat tax': Should heavy passengers pay more? The US Army Is Planning For A Failed Nuclear State In North Korea. The Canadian Supreme Court has ruled that police must have wiretap authority to snoop on cellphone text messages and not just a search warrant.
DJIA,2013-03-28,Pope Francis urged Catholic priests to devote themselves to helping the poor and suffering instead of worrying about their careers as Church 'managers',Egyptian women fight back as sexual assaults skyrocket First Human-Neanderthal Hybrid Found Mother gets 30 years for letting 2 kids starve to death in Osaka
DJIA,2013-04-01,Cyprus President's Family Transferred Tens Of Millions To London Days Before Deposit Confiscations,Canadian warship seizes $100-million of heroin in 'massive' high seas bust Israel jails teenage conscientious objector for eighth time: Nathan Blanc has spent more than 100 days in prison over the past 19 weeks due to his refusal to enlist in Israeli army Pakistani Behind the Korean Nukes
DJIA,2013-04-02,"Samoa Air becomes the first airline to introduce ""pay as you weigh"" aifares meaninig overweight passengers pay more","Free abortions come into force in France: As of April 1 women in France will have access to free abortions, while teenage girls will be able to get free and anonymous contraception. One Month After Threatening a College Newspaper with Legal Action for Criticizing Their Anti-Gay Marriage Campaign, The Iona Institute Is Threatening to Sue Another Paper For Reporting It A list of those that had private foreknowledge and withdrew large sums of money in RUB, EUR and USD out of Cyprus."
DJIA,2013-04-03,North Korea via Instagram,"""North Koreans are not getting any information from the outside world. They think they will win if a war breaks out."" Saudi Arabia will now let women ride bicycles, but only for fun, not for transportation. Brazilian men gangrape an American girl in a public bus while holding down her boyfriend and making him watch"
DJIA,2013-04-04,Canadian father 'appalled' that mother who drowned two young boys and left their dead bodies for her husband to find next to her wedding ring will be released after serving only 10 months.,"Pyongyang asks China to send envoy- Beijing rejects the request North Korea seen moving mid-range missile to east coast Offshore Leaks: Vast Web of Tax Evasion Exposed - International network of journalists has 2.5m records from tax havens detailing letterbox firms, offshore accounts &amp; dubious financial deals. The unprecedented leaks include names of 130,000 people who moved money offshore."
DJIA,2013-04-05,"U.N. calls for closure of Guantanamo prison: ""We must be clear about this: the United States is in clear breach not just of its own commitments but also of international laws and standards that it is obliged to uphold""","2,080 lashes for Saudi man who raped daughter N. Korea loads 2 medium-range missiles on mobile launchers Earthquake just north of North Korea's border"
DJIA,2013-04-08,Ex-Prime Minister Margaret Thatcher has died following a stroke,"Iceland voted the friendliest place on earth Swiss offer to mediate in North Korea crisis, foreign ministry already made contact with the North Korean authorities Germany: Thieves Swipe 5 Tons of Nutella"
DJIA,2013-04-09,Ontario is putting an end to coal-burning power plants: '...on the verge of becoming the first industrial region in North America to eliminate all coal-fired electrical generation.',"In sign of growing Chinese frustration with North Korea, Daily Show clip mocking Kim Jong Un gets 2.8 million views on China web portal, making it the 2nd most viewed Daily Show segment ever North Korea to 'launch missile TOMORROW' after warning foreigners to evacuate South | World | News French Intelligence Agency Forces Wikipedia Volunteer to Delete Article; Re-Instated, It Becomes Most-Read Page On French Wikipedia"
DJIA,2013-04-10,NASA-backed fusion engine could cut Mars trip down to 30 days,"Germany gives Japan its backing as N Korea tensions rise Anonymous vows justice for Rehtaeh Parsons, 15 year old rape victim who committed suicide. Canadian Police do nothing. North Korea v South Korea in figures"
DJIA,2013-04-11,"Bitcoin value plummets, losing as much as 41% of its value in a single day","Two Norwegian teens return $81,500 found in bag on a train left by elderly passenger The Pirate Bay kicked out of Greenland in under 48 hours. A woman who died after being refused a potentially lifesaving abortion even while she was having a miscarriage was told that her repeated pleas could not be granted because Ireland is a Catholic country, an inquest has confirmed"
DJIA,2013-04-12,France passes gay marriage bill. The legislation not only legalizes same-sex marriage but allows same-sex couples to adopt children.,"North Korea declares its target: Japan Vladimir Putin unveils $50 bn drive for Russian space supremacy Putin Promises 100% Support for Buddhists - ""The president described Buddhism as a kind, humanist learning based on love for others and love for ones country,"
DJIA,2013-04-15,"Saudi Arabian billionaire Prince AlWaleed bin Talal, a nephew of King Abdullah, has thrown his support behind allowing Saudi women to drive, saying it makes economic sense","""Saddam's marsh drainage project was war by other means"" - Some 2 decades after the drainage of Mesopotamian marshes of Iraq by Hussein, the area is buzzing with life again after much of what was once the world's 3rd largest wetland is restored to some of its former glory. Director Ken Loach on Margaret Thatcher Funeral: Lets privatise her funeral. Put it out to competitive tender and accept the cheapest bid. Its what she would have wanted. Price of Gold Collapses....investors panic."
DJIA,2013-04-16,8.0 Earthquake strikes Iran,"31 People killed in Explosions in Iraq Boston Marathon explosions: dozens wounded as two blasts hit finish line Boston Marathon explosions: two dead, 64 injured as 'bombs' hit race finish line"
DJIA,2013-04-17,New Zealand Marriage Equality Bill passes in to law,Muslims worldwide have raced to social media websites to pray that perpetrators of a deadly bombing in Boston would not be Muslims Tanzania to evict Maasai people in favor of fee-paying trophy hunters. The government has just announced that it plans to kick thousands of our families off our lands so that wealthy tourists can use them to shoot lions and leopards. 20 year old pregnant woman stomped on stomach in India after 'Godman' proclaims that she was carrying a female fetus
DJIA,2013-04-18,"Afghan women commit suicide to escape marriage: ""The suicide rate is rising particularly in towns because women are fighting against forced marriages there.""",Iran's leader condemns bombing attack in Boston Venezuela's New Leader Just Ordered the Arrest of His Political Rivals A man diagnosed with late stage cancer saves the life of his ambulance driver when the latter had a heart attack while driving the former to a hospital
DJIA,2013-04-19,Letter bomb sent to German president,"Pope Francis redirects employee bonuses to charity. ""Vatican employees wont receive the special bonus they are traditionally awarded when a new pope is elected, the Vatican confirmed on Thursday (April 18), under orders from Pope Francis to give extra money to charity instead."" Anonymous calls for internet black out A gay friendly, non sex-segregated, mosque is opening in Uppsala, Sweden"
DJIA,2013-04-22,North Korea Asks Mongolia for Food Aid.,"A gunman has opened fire near an arms shop in the Russian town of Belgorod, leaving at least five people dead and one injured. A 14-year-old girl is among those killed. /r/worldnews, should we join the CISPA blackout? Eloquent Guantanamo inmate, 60 days into hunger strike, describes constant beatings"
DJIA,2013-04-23,Muslim community tipped off Canada about terror plot,"Canada to announce arrests after thwarting ""major terrorist attack"": CBC Child pornographer Eric Toth from the FBI's Top Ten Most Wanted fugitives finally captured in Nicaragua French Parliament legalises Gay Marriage"
DJIA,2013-04-24,"Canadian Muslim groups take hard stance against terror plotters; ""You have nothing to do with our faith""","Hundreds of Europeans are fighting with rebel forces in Syria [UK-Scotland] Donald Trump's anti-windfarm ads banned over 'misleading' images - Watchdog also says US billionaire's Scottish golf resort could not substantiate claim that tourism will be harmed by turbines ""Europe's bankers refuse to admit bankruptcy, and there is no political accountability to make them. Their objective is solely to maintain the face value of their credit book, and thus protect their balance sheets, derivatives, bonuses and status. It is a disaster."""
DJIA,2013-04-25,"Iran Police Dressed a Suspect in Womens Clothing and Parade Him in Public to humiliate him, Iranian men started protesting by posting photos of themselves in woman's clothing.","Student wrongly tied to Boston bombing found dead Canadian and American police agencies are in private talks that would allow American agents from organizations like the FBI and the US Drug Enforcement Administration to be accredited as police officers in Canada, with the power to arrest individuals on the street like any Canadian cop. Putin on Boston bombings: We suffered from terrorists, whom the West called insurgents"
DJIA,2013-04-26,A Norwegian resistance fighter who led a daring raid to sabotage Nazi Germany's atomic bomb program during World War II has been honoured at a London ceremony.,"Machines with the ability to attack targets without any human intervention must be banned before they are developed for use on the battlefield, campaigners against ""killer robots"" urged on Tuesday. China's top 70 Members of the Communist Party are worth nearly $90 billion - more than ten times the wealth of all members of US Congress Europe Set to Vote on Pesticide Ban to Save Honeybees -- A proposed ban of pesticides called neonicotinoids is gathering scientific support as some experts are calling for more field studies. The goal is to reverse massive honeybee hive die-offs, which also afflict U.S. farming"
DJIA,2013-04-29,"Girl, 14, forced to become pregnant with donor sperm bought by mother: Judge describes 'wicked and selfish' motive of using daughter to provide parent with a fourth child","Three teens, starved, tortured, and killed at a ""Gay Conversion Camp"" Powerful blast causes injuries in Prague Bee deaths: EU to ban neonicotinoid pesticides"
DJIA,2013-04-30,China is plundering the planet's seas -- and it's doing it 12.5 times more than it's telling anybody,"Facebook Is Losing Millions Of Users In The US And Other Mature Markets Over 20,000 people applied to become first settlers on Mars Obama: 'Guantanamo Bay must close' [BBC News]"
DJIA,2013-05-01,Last rhinos in Mozambique killed by poachers,"2-year-old girl gets windpipe made from stem cells Japan and Russia want to finally end World War II, agree it is 'abnormal' not to New Zealand says no to bizarre baby names 4Real, Juztice and Lucifer"
DJIA,2013-05-02,"The world's most widely used insecticide is devastating dragonflies, snails and other water-based species, a groundbreaking Dutch study has revealed.","40 Chinese troops erect 5 tents 19 Km inside Indian territory and have a banner which reads you are in Chinese territory 64 percent of Muslims in Egypt, Pakistan support death penalty for leaving Islam Bankers ""struggle to live"" on 1million a year"
DJIA,2013-05-03,Tribes vow to fight-to-the-death to save Amazon rainforest,Two Chinese kindergarten students die after rival school poisons yogurt No news is good news: No successful Somali pirate hijackings in nearly a year. Suicide No. 1 cause of death for younger people in South Korea
DJIA,2013-05-06,Canadian teacher's career ruined by cyber-stalker ex-girlfriend even after she was placed in jail and ordered to pay him damages. Not many schools want to hire a teacher who is accused of being a pedophile.,"No jab, no play campaign launched to ban unvaccinated kids from childcare centres and preschools Worlds first 3D-printer gun fired - worlds first gun made using a 3D printer is successfully tested in the US by a group planning to make the blueprints available online ""They're taking our children"" - West Papua's youth are being removed to Islamic religious schools in Java for ""re-education"""
DJIA,2013-05-07,North Korea withdraws missiles,"Anti-gay group in New Zealand, ""Family First,"" will lose its charity status -- ""they have no public benefit"" A hunger strike has been going on at the Guantanamo bay prison since 90 days. More than 2/3rd of the prisoners are hunger striking. Bank of China Cuts Off North Korea Trade Bank: One of China's biggest banks said Tuesday it has halted business with a North Korean bank accused by the U.S. of financing Pyongyang's missile and nuclear programs in the latest sign of Beijing's anger with its estranged ally."
DJIA,2013-05-08,Internet Traffic from Syria Just Disappeared,"Peru says no to GMO: the first country in the Americas to ban genetically modified foods, putting its food policy closer to that of Europe, than the US or many of its South American neighbors Stephen Hawking joins academic boycott of Israel Ecuador to sell 3 million hectares of rainforest to Chinese oil interests"
DJIA,2013-05-09,"North Korea asks China to hire idled workers from closed Kaesong industrial complex, China declines","Stephen Hawking confirms he is boycotting Israeli conference North Korean Long-Range Missiles Might Be Fake: ""Fuel ports were in weird places. Cables looked like they weren't laid correctly. The warheads appeared to be made of cheap metal sheeting or perhaps wood. There were so many problems that most experts agree: The missiles on parade weren't real"" Rupert Murdoch must step down as News Corporation chair  shareholders"
DJIA,2013-05-10,Pirate Bay takes over distribution of censored 3D Printable Gun,"Monsanto protests scheduled in 36 countries China Destroying Thousand Year Old Buddhas in Afghanistan. This is becoming way too common... ""The authorities at Guantnamo Bay say that prisoners have a choice. They can eat or, if they refuse to, they will have a greased tube stuffed up their noses, down their throats and into their stomachs, through which they will be fed."""
DJIA,2013-05-13,Poacher Trampled to Death by the Elephant He was Trying to Shoot,SATs cancelled in South Korea due to suspect cheating. First time an entire country has been banned from taking the test. Swaziland makes it illegal for a witch to fly a broomstick above 150m Russian Man Raped with Beer Bottles and Penis Chopped off For Being Gay - His Skull Crushed
DJIA,2013-05-14,"Astronauts Chris Hadfield, Tom Marshburn, and Roman Romanenko have just touched down in Kazakhstan after 146 days in the International Space Station during Expedition 35.","2,300 year old Mayan pyramid destroyed to harvest rock for use as road fill. Australian Man Dead for 40 Minutes Brought Back to Life By New Resuscitation Technique Thieves break into stadium safe ""Ocean's 11 style"" after Bon Jovi and Justin Bieber concerts, make off with millions."
DJIA,2013-05-15,"Theres a country that will pay $300,000 per rhino horn to cure cancer and hangovers, and its wiping out rhinos","Teacher in Qatar jailed for ""insulting Islam"" and faces seven years in prison. He was simply trying to teach his students to be tolerant of people from other countries. Brits are now poorer than the French, Swiss, Belgians, Swedes, Austrians, Aussies and Canadians Pirate Bay Co-Founder to Run For European Parliament"
DJIA,2013-05-16,"Pope Francis has denounced the global financial system, blasting the ""cult of money"" that he says is tyrannizing the poor and turning humans into expendable consumer goods: ""Money has to serve, not to rule!""","KFC smugglers bring buckets of chicken through Gaza tunnels - Gazans with a hankering for the Colonel's secret recipe can call up a delivery company and get some finger lickin' food smuggled hot from Egypt in just three hours. Australian Web filters, ostensibly put in place to block child pornography sites is now being used to block other sites deemed unlawful by Government Agencies. 11 Governments Are Meeting in Peru to Figure Out How They Can Control the Internet"
DJIA,2013-05-17,Christianity could be facing a catastrophic collapse in Britain according to official figures suggesting it is declining 50 percent faster than previously thought.,Pro-Life activists threaten to slit throat of Irish member of Parliament over proposed abortion legislation. They have also threatened to burn down her house. Syria is not breaking apart - It is already broken apart and is now a collection of armed fiefs loyal to 3 groups Life-saving drugs prices set to fall by up to 80 per cent in India
DJIA,2013-05-20,Police raid school teacher for uploading $4.00 history book to his website that offers free educational resources for students,"1000 year old coins discovered in Australia could re-write history Viacom, Paramount, Fox and Lionsgate have all asked Google to take down links pointing to the Pirate Bay documentary TPB-AFK. North Korean forces have seized a Chinese fishing boat."
DJIA,2013-05-21,India Bans Captive Dolphin Shows as Morally Unacceptable - Says they're highly intelligent &amp; should be seen as non-human persons with their own specific rights.,Intelligence reports confirm that China is quietly encouraging regime change in North Korea and is grooming Kim's older brother Kim Jong-nam to take over his role when Kim Jong-un's control over the country crumbles. Teen dies after hiding embarrassing testicle lump Preschools may get right to bar unvaccinated children
DJIA,2013-05-22,North Korea's hidden labor camps exposed: A new UN panel is vowing to hold North Korea's Kim regime to 'full accountability' for decades of mass crime and murder. Will Pyongyang face ICC indictment?,"Pope proclaims all redeemed, even atheists. ""The Lord has redeemed all of us, all of us, with the Blood of Christ: all of us, not just Catholics. Everyone! 'Father, the atheists?' Even the atheists. Everyone!"" Gay Marriage Bill Passed in the UK Unconfirmed shootings in London- BBC News."
DJIA,2013-05-23,"Pope Francis says atheists can be good ""Atheists should be seen as good people if they do good, Pope Francis has said in his latest urging that people of all religions, and none, work together.""","South Korean police have discovered a all female criminal gang running a honeypot operation. They entice married men to have sex with a member of the gang and then blackmail them with the threat of reporting it as rape. Dutch meat tycoon, Willy Selten, has been arrested for allegedly selling 300 tonnes of horsemeat as beef Stockholm hit by third night of rioting. Pm calls for calm"
DJIA,2013-05-24,"German brewers concerned fracking could contaminate water supplies, violate beer purity law of 1516","A report out Thursday calls on Canada to decriminalize personal use of all narcotics and regulate cannabis, saying current policies are failing to reduce drug use or make Canadians safer. 3D printed gun explodes during testing by Australian police. Malaysians outraged after sharia court allows rapist to marry his 13-year-old victim"
DJIA,2013-05-28,China is starting to get embarrassed about its tourists obnoxious behavior abroad - Take for example the sign outside the Louvre Museum only in Chinese characters that forbids people from urinating or defecating wherever they want.,"Unvaccinated children will be banned from childcare facilities, and centres who do enrol them will face fines, after changes to the Public Health Act passed through cabinet Monday night (NSW, Australia) Israel warns Moscow that it will attack shipments of Russian weapons to Syria Police with stun batons were called to end a protest over pay by 3,000 mostly female workers working at a Nike factory in Cambodia"
DJIA,2013-05-29,New poll says Assange could win Australian Senate seat,The World's Richest 8% Earn Half of All Planetary Income A 13 year old Chinese girl was handcuffed and paraded in streets for 20 mins for spilling drink on a govt. vehicle First gay couple to wed in France amid tight security
DJIA,2013-05-30,"Irish priest: Delay communions until adulthood -- ""It should be when people have choice, when they have proper formation [of faith]. What Im saying isnt off the wall, its realistic.""","First topless protest in an Islamic state leads to 3 arrests (NSFW). Hungary torches 500 hectares of GM corn to eradicate GMOs from food supply A pair of Saudi maids each get 1,000 lashes &amp; 10 years in prison for witchcraft. A compassionate sentence for a crime that usually results in the death penalty."
DJIA,2013-05-31,Kim Dotcom Wins Case to Get Seized Material Back...,"Police attacks peaceful protest trying to save a park in the heart of Istanbul, Turkey. Local media is being silenced. Amelia Earhart's Plane Revealed in Sonar?: A grainy sonar image captured off an uninhabited tropical island in the southwestern Pacific republic of Kiribati might represent the remains of the Electra, the two-engine aircraft legendary aviator Amelia Earhart was piloting when she vanished on 7/2/1937 South Korea follows Japan to ban all US wheat imports after unapproved Mansanto mutant strain found in Oregon"
DJIA,2013-06-03,"Human rights activist Ethem Sarslk was shot in the head and killed by the police during the protests in the capital Ankara. Confirmed by multiple witnesses, footage available. Turkish media ignoring the story.","Turkish PM: To me, social media is the worst menace to society Turkish protesters trying to raise funds for a full page ad at Washington Post or New York Times Girl, 14, gang raped by 4 men, labelled a 'black virgin' and condemned to death by her village in rural Pakistan for speaking out about it."
DJIA,2013-06-04,"Turkish protesters raise $55,000 for full-page ad in New York Times | World news","""This is a place for Arabs,"" he said, before headbutting victim. French court convicts north African of anti-white racism Why Finnish babies sleep in cardboard boxes Turkish police captured smashing down windows and throwing gas bombs to a civilian house!"
DJIA,2013-06-05,Turkish police started arresting people for tweeting and facebooking about the protests (local news from CNN Turk needs translation),"Tens of thousands in Iran protest against Khamenei, chant 'death to dictator' Facebook blocks links to Turkish protest organizing tool Explicit evidence of Turkish state violence  in pictures"
DJIA,2013-06-06,"Mr Erdogan has intimidated the media into self-censorship: as the protesters choked on tear gas, the television networks carried programmes about cooking and penguins. More journalists are in jail in Turkey than in China.","Turkish Prime Minister Recep Tayyip Erdogan has said plans to redevelop a park in Istanbul will go ahead despite mass protests now in their seventh day. Church of England gives up fight against gay marriage: The Church of England has effectively accepted defeat over gay marriage signalling that it will no longer fight against a change in the law. Turkish Protests Are About Democracy, Not Religion"
DJIA,2013-06-07,EFF has so much evidence of the NSA surveillance now that they've created a timeline,"White House admits it has 'access' to Facebook, Google Leaked NSA presentation claims that NSA has ""direct access"" to servers at Google, Apple, Facebook, Skype, Yahoo, and many others Anonymous Just Leaked a Trove of NSA Documents"
DJIA,2013-06-10,Edward Snowden: the whistleblower behind revelations of NSA surveillance,Icelandic Legislator: I'm Ready To Help NSA Whistleblower Edward Snowden Seek Asylum Germany most snooped EU country by US Why The NSAs Secret Online Surveillance Should Scare You: George Orwell isnt who you should be reading to understand the dangers inherent to the NSAs dragnet. Youd be better off turning to famous French social theorist Michel Foucault'
DJIA,2013-06-11,"NSA surveillance: The US is behaving like China ""Both governments think they are doing what is best for the state and people. But, as I know, such abuse of power can ruin lives"" By Ai Weiwei","European member of parliament on PRISM: We really need to wake up. This is serious stuff. The government knowing everything, literally everything about us, and we are unable to exercise any meaningful democratic scrutiny? That is not a democracy. Dutch intelligence has access to PRISM, reveals existence of moles in companies Astronaut Chris Hadfield announces resignation -"
DJIA,2013-06-12,"In Unanimous Vote, Russia Passes Bill Making It Illegal To Tell Kids Gay People Exist","Germany Demands Obama Explain ""American-Style Stasi Methods"" before his visit. World's oldest man dies at 116 years. He was also the only man remaining born in the 19th century. The NSA Has A Secret Group Called TAO Thats Been Hacking China For 15 Years"
DJIA,2013-06-13,"Defend Edward Snowden! Snowden is not the one betraying the democratic principles embodied in the Bill of Rights. By exposing the conspiracy against these rights and coming forward at the cost of his career and possibly his life, he is defending them.","Kim Dotcom: concerns over government tyranny are legitimate ""Prism: concerns over government tyranny are legitimate ""The post 9/11 security narrative has eroded our privacy rights in favour of government control. Prism should be discontinued immediately"" Vladimir Putin defends the U.S. on NSA spying programs and drones: ""Thats the way its done in the U.S., and thats the way its done in Russia"" Afghan Doctor Killed by Angry Mob for Examining a Female Patient Without a 'Chaperone'"
DJIA,2013-06-14,"Almost unnoticed, the UN is about to fight its first war. 3,000 Soldiers from South Africa, Tanzania and Malawi wearing UN insignia will take on the irregulars who sow mayhem in Congos east.","Google finds that Pakistan leads in searches for gay pornography despite the country's overwhelming opposition to homosexuality PRISM-style surveillance is global, Julian Assange says ""Edward Snowden revealed something that I've been speaking about for a long time, providing clear concrete proof that the internet has penetrated every aspect of society, right along with it is mass surveillance,"" he said. Russian man reveals he is a homosexual to friends, Friends then beat him, shove beer bottles in his anus, try to set him on fire. Then they crushed his head with a heavy stone."
DJIA,2013-06-17,Julian Assange was willing to go to Sweden to answer allegations. All he wanted was a guarantee he wouldn't be handed over to the United States. Sweden refused.,"Police brutality caused a pregnant victim to miscarry on Saturday night; six rounds of teargas was fired into an impromptu medical clinic housed in a tent in Istanbul. PM Erdogan threatens news reporters: ""Turkey is not a country that international media can play games on."" Turkey threatens to deploy army to end unrest An 18-year-old girl beheaded her father with a bush knife after he repeatedly raped her at their home in Papua New Guinea"
DJIA,2013-06-18,Protesters in Brasil: World Cup website hacked to show the world what's happening in Brazil right now.,"Brazil is under Siege: Protest in all Major Cities. Rio 100 thousands, Sao Paulo, 65 thousands. Brasilia, Capital: Congress was invaded. Turkish government threatens to deploy the army against protests and to prosecute doctors who treated wounded protesters in Gezi Park Brazilians spend as much as 26% of their income to ride the bus"
DJIA,2013-06-19,"An open letter from the Turkish TV Network , to be closed down tomorrow because it broadcasted Protest coverage","Subway Contractor Destroys Ancient TombsWorkers have destroyed over 12 historically significant tombs ( 2,200-3,000 yrs old) on China's Da Gong Mountain. Yesterday we were still conducting archaeological excavations, but all 5 tombs were gone this morning. Bosses of collapsed banks should be sent to jail, Chancellor told China executes a Communist party official for raping a series of underage girls, some of whom were reportedly as young as 11"
DJIA,2013-06-20,"Canada bill that bans wearing masks during an unlawful assembly or riot carries a maximum 10-year prison sentence, scheduled to become law today",Australian state passes law allowing un-immunised children to be banned from childcare centres Pope Francis says that financial speculation and corruption were keeping millions of people in hunger and the financial crisis could not be used as an alibi for failing to help the poor AP: Sources have stopped talking - US seizure of journalist records called 'chilling'
DJIA,2013-06-21,More than 300 thousand people protesting in Rio right now!,"""Occupy Brazil"" happening simultaneously in over 100 cities, totalling a few million people on the streets right now ""Japanese scientists are expecting to be granted approval to grow human organs in animals and then harvest them for transplant within the next year."" This could be the moment Brazilians decide theyve had enough of 500 years being exploited by the same people. Andy Martin reports on Sao Paulo"
DJIA,2013-06-24,Silvio Berlusconi sentenced to seven years in jail,"Caught on tape: Ireland's financial ruin - Banking Execs talk about lying to regulator, and their ""playbook"" to take as much taxpayer money as possible. Snowden exposes criminals, criminals are going for him now British intelligence has monitored internet users much more heavily than the US....why that should alarm us"
DJIA,2013-06-25,Leaked e-mails reveal that Standard and Poors and Moodys accepted money for higher ratings before the financial crisis.,"Amnesty International chimes in on Snowden case: ""USA must not hunt down whistleblower Edward Snowden"" Afghan Presidential Palace is Under Attack Putin Says Russia Won't Extradite Edward Snowden"
DJIA,2013-06-26,"Why U.S. Is Being Humiliated By The Hunt For Snowden: ""Extra-judicial assassination, drones, killer robots, extraordinary rendition, black ops, wet ops, psy-ops, silly ops... The world is a bit tired of all this American posturing, grandstanding, and self-serving banditry.""","Netherlands closing prisons due to lack of prisoners Two girls and mother killed in northern Pakistan over a home video showing them enjoying the rain Former Icelandic minister asked 8 or 9 FBI agents to leave country - Agents said they were there to stop hackers, were really investigating WikiLeaks."
DJIA,2013-06-27,"Ecuador president blasts coverage of Snowden case: ""They've managed to focus attention on Snowden and on the 'wicked' countries that 'support' him, making us forget the terrible things against the U.S. people and the whole world that he denounced.""",Equador Gets Sassy and Offers U.S. 23 Million In Human Rights Training. The CIA's Plan To Cut Down On Leaks Was Just Leaked. Ecuador waives U.S. trade rights over Snowden case
DJIA,2013-06-28,Vatican rent-a-boy prostituion ring revealed by priest,"Japan's Whaling is Not Science, Expert Witness Tells World Court - The Japanese practice of catching &amp; killing some 1,000 whales a yr can't be justified as science, the World Court was told in a case Australia has brought against Japan. A mysterious Facebook character from Zimbabwe steals secrets from the ruling party every day and shames politicians for alleged corruption and brutality, often including their mobile-phone numbers with instructions to call and demand answers Ecuador's president to U.S.: Don't threaten us on Snowden case.""It is outrageous to try to delegitimize a state for receiving a petition of asylum""."
DJIA,2013-07-01,Germany ready to charge UK and US intelligence over alleged bugging operations - Europe - World,"In 2009, a German politician sued to have 6 months of his stored metadata released by his cell phone company, this is what it looks like. French president demands any US spying cease now Germany to ""charge"" UK and USA with spying."
DJIA,2013-07-02,Statement from Edward Snowden in Moscow,"Angry residents in a town in southern Ukraine stormed the local police headquarters after authorities refused to detain one of two police officers implicated in the brutal gang-rape of a young woman A teenage actress in Pakistan is in a critical condition after a television producer threw acid in her face when she turned down his marriage proposal. Snowden needs ""world's protection"""
DJIA,2013-07-03,Bolivia furious its president's plane was forced to make an emergency landing in Austria because of rumour US fugitive Edward Snowden was on board.,Act of aggression: Bolivia to file UN complaint over airspace blockade German government refuses asylum for Snowden US spying row: France wants suspension of trade talks between EU and US over spying claims
DJIA,2013-07-05,Canadian soldiers in Afghanistan were told by their superiors to ignore incidents where Afghan soldiers and interpreters sexually assaulted young boys.,"Bolivian President Evo Morales says he won't hesitate to close the U.S. embassy: ""European countries need to liberate themselves from the imperialism of the Americans."" US President Barack Obama has been urged to appear in front of the European Parliament to explain the allegations that US authorities spied on EU embassies. Tech firms including Microsoft are said to voluntarily give advanced warning to the US government of vulnerabilities in software products sold to governments overseas before they are patched, allowing US agencies to effectively use them to conduct foreign surveillance."
DJIA,2013-07-08,"Mexico: Teenager stabbed to death for recording vote-buying with his cellphone. He was attacked by PRI militants, the current party in power.","Pope Francis: It hurts my heart when I see a priest or a nun with the latest model of car U.S. To Latin American Countries Offering Asylum To Snowden: ""We Won't Put Up With This Kind Of Behavior"" President of Zimbabwe tells gay couples to have a baby or they face jail ""I should like to shut them up in some room and see if they get pregnant. If they dont then its jail because they have claimed they can have children. So, to that kind of rot, we say no!"
DJIA,2013-07-09,Hero Fukushima ex-manager who foiled nuclear disaster dies of cancer: It was Yoshidas own decision to disobey HQ orders to stop using seawater to cool the reactors. Instead he continued to do so and saved the active zones from overheating and exploding,Majority of people worldwide believe corruption has worsened - governments less effective at curbing it since 2008 financial collapse New Edward Snowden video interview released Ireland's High Court refuses to grant arrest warrant for Snowden - The Irish Times
DJIA,2013-07-10,The Pirate Bay founder is raising money for spy-proof messaging app,"Expert calls for marijuana to be legalised to reduce harm of binge drinking in teens Congress derails Obama plans to arm Syrian rebels In a landmark judgement, Indian Supreme Court has said people convicted of crime cannot hold parliamentary positions"
DJIA,2013-07-11,Russia Says It Will Arrest Openly Gay Tourists,"US allies Mexico, Brazil, Colombia and Chile have joined other Latin American nations in demanding answers from Washington over spying allegations. Diplomats cry foul as Obama donors take over top embassy jobs Snowden: I never gave any information to Chinese or Russian governments"
DJIA,2013-07-12,"Canadians win $250,000 dollar prize for first human powered helicopter. The prize has been unclaimed for 33 years.","Edward Snowden calls meeting with Amnesty International and Human Rights Watch at Sheremetyevo airport: 'US officials are preventing me claiming asylum' Russian lawmakers say Snowden deserves Nobel Peace Prize Snowden: """"No actions I take or plan are meant to harm the US...I want the US to succeed."", Asks for political asylum in Russia"
DJIA,2013-07-15,Reykjavk to end sister cities relationship with Moscow because of gay rights violations in Russia,"19 year-old Hacker Reveals How Brazil's Elections Were Rigged Linguist Finds a Language in Its Infancy - the language, called Warlpiri rampaku, created by children, is spoken only by people under 35 in Lajamanu, an isolated village in Northern Australia Heroic effort at great personal cost: Edward Snowden nominated for Nobel Peace Prize"
DJIA,2013-07-16,Media Continues to Focus on Snowden Rather Than the Information He's Revealed,"India bans captive dolphin shows, says dolphins should be seen as non-human persons A German man who called on Facebook friends concerned about American secret service operations to join him in a walk around a US army spy centre near his home, found secret service men at his door checking his political leanings. The European Union has banned its 28 member states from signing agreements with Israel without an explicit exclusion of Jewish settlements"
DJIA,2013-07-17,Norwegian rape victim sentenced to 1 year and 4 months of prison in Dubai for sex outside of marriage.,"Queen gives royal assent to same-sex marriage legislation; gay marriage now legal in England and Wales Same-sex marriage legalized in England, Wales Li Jianxin, a Chinese whistleblower, was rammed by a car, blinded with acid, and deprived of two of his fingers."
DJIA,2013-07-18,"Pres. Jimmy Carter defends Snowden, also says: ""America has no functioning democracy."" Could only find this on German news sites, not American","Peru to Provide Free Solar Power to its 2 Million Poorest Citizens Brazil's Army Moves To Protect Indigenous Aw Tribe By Halting Illegal Logging: They're known by some as Earth's Most Threatened Tribe, but now Brazil's indigenous Aw population is getting help from a powerful force -- the national army. Stolen paintings of Picasso, Matisse, Monet and others, worth approximately $200mln, burned by Romanian woman to destroy evidence against her son"
DJIA,2013-07-19,"A former CIA station chief has been arrested in Panama, and faces extradition to Italy where he has already been sentenced to 9 years in prison for his involvement in the extraordinary rendition of a terror suspect.","98% of murders in Mexico last year went unsolved Woman sues head of Japans largest mafia group, demanding return of protection money. Almost 800 people have died so far in Britain's heatwave. Temperatures above 30C for sixth day running"
DJIA,2013-07-22,"Iraqi Man moves to Australia, uses the welfare system as income. Becomes successful, writes a check to the Australian Government for every cent he was given. [X-Post from r/News]","Britain's Former Top Spy Threatens To Expose The 'Dodgy Dossier' Used To Push Iraq War Al Qaeda militants flee Iraq's Abu Ghraib jail in violent mass break-out: ""The number of escaped inmates has reached 500, most of them were convicted senior members of al Qaeda and had received death sentences"" Norwegian Marte Deborah Dalelven is pardoned by the Emir of Dubai and can go home, said Foreign Ministry."
DJIA,2013-07-23,New Zealand Government About To Legalize Spying On NZ Citizens,"US secretary of state threatens Venezuela over Snowden asylum. ""A report published earlier this week by Spanish newspaper ABC details a series of heavy-handed threats leveled by US Secretary of State John Kerry against the government of Venezuela."" 'I request you, whether you are in the developing world or the developed, to treat corruption at par with war, and terror.' -Anonymous David Cameron retreats in war on internet porn"
DJIA,2013-07-24,"Technologically illiterate MP who masterminded UK porn blocker get hacked, threatens reporter for writing about it","David Cameron's ""porn advisor"" website hacked - her reaction is to libel and threaten the journalist reporting the story. US And Russia Simultaneously Announce Intent To Arm Opposing Sides In Syria Snowden Gets Whistleblower Award in Germany"
DJIA,2013-07-25,"Pope Francis scolds rich in visit to muddy Brazilian slum: ""Everybody, according to his or her particular opportunities and responsibilities, should be able to make a personal contribution to putting an end to so many social injustices""","WikiLeaks Founder Assange to Run for Australian Senate Australian billionaire gets approval to build world's largest dinosaur park MP behind UK internet porn filter hacked, accuses blogger who reported it -- ""It became disturbingly clear that MP Perry does not know how hyperlinks, websites, the fundamentals of content distribution works"""
DJIA,2013-07-26,"The pornography filtering system praised by David Cameron is controlled by the controversial Chinese company Huawei, the BBC has learned.","Putin press secretary: Russia will not extradite Snowden If You Think The French President Is 'Stupide,' Just Say So: For the first time in 130 years, it's now legal to say how you really feel about the French leader Oxford Dictionary will change the definition of ""Marriage"" to include the LGBT Community..."
DJIA,2013-07-29,"Saudi prince defects from Royal family  This regime in Saudi Arabia does not stand by Gods rules or even established rules and its policies, decisions, and actions are totally based on personal will of its leaders.","Why its time to get rid of Irelands blasphemy laws: ""The law brings our parliament and our laws into disrepute. It does not protect religious belief; it incentivises outrage and it criminalises free speech. It also treats religious beliefs as more valuable than atheistic or secular beliefs"" Caught on video: Indian Mufti enjoys music despite calling it un-Islamic ""Bashiruddin Ahmad was recently filmed in a houseboat on the scenic Dal Lake, in the company of several other people, including women...In February 2013, the Grand Mufti released a fatwa declaring music un-Islamic."" Iraq: 17 car bombs detonate within one hour, killing at least 60"
DJIA,2013-07-30,Nepal sees tiger population go up by 63% since 2009,"Irish President signs Protection of Life During Pregnancy Bill into law - legally giving a woman access to an abortion where there is a real and substantial risk to her life, including risk of suicide. Russia To Ban Swearing On The Internet Canada Liberal Party Leader Says Legalize Marijuana: ""Its one of the only ways to keep it out of the hands of our kids, because the current war on drugs, the current model, is not working."""
DJIA,2013-07-31,Snowden's father says FBI asked him to fly to Moscow to persuade son to return home to US,"""Egypt's cultural heritage is in danger. Grave robbers, sometimes heavily armed, are taking advantage of political chaos to plunder its poorly guarded archaeological sites. Authorities feel powerless to stop them and fear that ancient treasures might be lost forever."" To give some perspective to the recent story concerning the upcoming Olympics, this is what happens during a gay pride event in Russia In Turkey, Higher Education Loans and Dormitories Institution announces no education loans will be granted to students who engage in resistance, stage boycotts, chant slogans or become involved in similar activities"
DJIA,2013-08-01,Edward Snowden has been granted documents that will allow him to leave the Moscow airport where he has been since 23 June,BP is engaged in an aggressive campaign to limit how much it pays for the losses caused by its reckless behavior. Uruguay: Marijuana legalisation bill approved in the lower house Ultra-Orthodox Jewish protesters shatter bus windows after female passenger refuses to sit in back
DJIA,2013-08-02,"Germany nixes surveillance pact with US, Britain ""Germany canceled a Cold War-era surveillance pact with the United States and Britain on Friday in response to revelations by National Security Agency leaker Edward Snowden about those countries' alleged electronic eavesdropping operations.""","Berthold Beitz, a leading German industrialist who was credited with saving hundreds of Jews during World War II by employing them at the oil fields he managed in Nazi-occupied Poland, a rescue operation later compared to the more popularly known deeds of Oskar Schindler, died July 30. He was 99. Dozens of CIA Agents on the ground during Benghazi attack. ""...agency is going to great lengths to make sure whatever it was doing, remains a secret."" Italy's supreme court confirms prison sentence for ex-Prime Minister Silvio Berlusconi"
DJIA,2013-08-05,Feds are Suspects in New Malware That Attacks Tor Anonymity,"Costa Rica announced Monday that it will transform its two zoos into botanical gardens or urban parks in order to eliminate the practice of displaying caged animals Two scientists think we can safeguard the world's knowledge against an apocalypse if we store it in DNA Pakistan, one of the most water-stressed countries in the world, is on the brink of crisis. A recent report from the Asian Development Bank states that the countrys emergency water reserve only has enough supply for 30 days."
DJIA,2013-08-06,German minister proposes banning US companies that participate in US spying activities from doing business in the EU,"They won't be lovin' it: McDonald's admits 90% of employees are on zero-hours contracts without guaranteed work or a stable income - Fast-food chain is potentially the largest zero-hours employer in the UKs private sector US tourist accidentally snaps finger off 600-year-old statue in Italy's Florence Drone strikes kill militants in Yemen, Americans urged to leave"
DJIA,2013-08-07,Stephen Fry writes an open letter to Cameron about the Olympics and the treatment of the LGBT community in Russia,"""Some girls have been married 60 times by the time they turn 18"": Thousands of girls in Egypt sold into sharia-compliant temporary marriages with rich Saudi tourists 41yo man walks free after admitting having sex with a 13yo girl. Judge calls her a sexual predator Wikipedia Boosts Security after XKeyscore Revelations. Co-founder says: ""I challenge the rest of the industry to join us. Encryption is a human rights issue."""
DJIA,2013-08-08,Russia says Obama hurting himself by canceling summit over Snowden,"Snowden's Asylum: 'It's the law, stupid' - It should be made clear that Russia has no legal, political or moral duty to turn Snowden over to American authorities. Unhappy With U.S. Foreign Policy? Pentagon Says You Might Be A 'High Threat' 47,000 people, George Takei sign petition to move Sochi Olympics to Vancouver"
DJIA,2013-08-09,Man who created own credit card sues bank for not sticking to terms,"India Banning Animals in Circuses - ""Animals used in circus are treated brutally. They are kept hungry &amp; cruel treatment is meted out to them."" Says a circus spokesman: ""Given this ban, we will have to concentrate more on acrobatic performances."" Two encrypted email services have closed down for reasons linked to US intelligence leaker Edward Snowden. Major breakthrough in malaria vaccine reported. A recent test proved 100% effective against the disease that kills over 600,000 per year."
DJIA,2013-08-12,Greek youth unemployment hits record 65%,"A French athlete, who became the first quadruple amputee to swim across the English Channel, has made a public appeal after thieves stole his custom-made wheelchair Police In Zanzibar Shoot Radical Imam Wanted In Acid Attack On Two British Women The High Court of Bangladesh ruled that the countrys biggest religious party, the Jamaat-e-Islami, is unfit to contest national polls because its charter puts God above democratic process."
DJIA,2013-08-13,"Q&amp;A: Edward Snowden Speaks to NY Times. ""After 9/11 many of the most important news outlets...abdicated their role as a check to power.""","Olympic Committee Confirms It Will Punish Athletes Who Support LGBT Rights In Russia Record-breaking quadruple amputee has $30,000 wheelchair returned to him after it was stolen by thieves Israel faces deepening isolation, Kerry warns. Kerry has warned Netanyahu in recent weeks that if the current peace talks bear no fruit, Israel may soon face an international delegitimization campaign ""on steroids."""
DJIA,2013-08-14,Every Important Person In Bitcoin Just Got Subpoenaed By New York's Financial Regulator,"'Hundreds' dead as Egyptian army opens gun fire on pro-Morsi protesters in Cairo: Bloodshed ensues as military opens fire on protest camps North Korea changes ruling principles to legitimise succession of power, removing mentions of Communism, North Korea is now a monarchy Israeli students offered grants if they tweet pro Israel propaganda"
DJIA,2013-08-15,"The Brazilians were right: After protests against rising the prices of public transportation, was discovered that in Sao Paulo, Siemens and the government were stealing $200 million in a scheme. Now they're occupying the city council, for the imprisonment of those involved and a refund.","Animation legend Hayao Miyazaki under attack in Japan for anti-war film The Colombian Government Is Killing Its Peasant Farmers for Their Land Sri Lankans protest contamination of their water supply by glove factory. Govt responds by sending army, disabling cameras, and opening fire on the crowd."
DJIA,2013-08-16,"Former Archbishop of Canterbury: Christians in Britain and the US who claim that they are persecuted should ""grow up"" and not exaggerate what amounts to feeling ""mildly uncomfortable""","Europes marijuana capital isnt Amsterdam. An outlaw Albanian village has built a fortune from the cultivation of cannabis worth as much as half the countrys GDP, and its off-limits to the police. Edward Snowden Says Media Being Misled 'About My Situation' 6.9 earthquake hits Wellington New Zealand"
DJIA,2013-08-19,"Glenn Greenwald's partner detained at Heathrow airport for nine hours, under controversial Terrorism Act 2000. He was denied access to a lawyer, and had his possessions confiscated.","The new Egyptian constitution may seek to ban all religious parties from the political arena,declaring the Muslim Brotherhood a terrorist organization New Zealand prime minister walks out of press conference when questioned over spy bill Greenwald: The detention of my partner, David Miranda, by UK authorities will have the opposite effect of the one intended"
DJIA,2013-08-20,"Guardian Editor: U.K. 'Security Experts' Entered Offices And Destroyed Hard Drives - ""You've had your debate. There's no need to write any more.""","The Guardian is suing the UK Home Office for the detention of David Miranda Brazil passes a law that reserves the nation's oil royalties for education and health care: ""Historic victory."" U.K. government thought destroying Guardian hard drives would stop Snowden stories"
DJIA,2013-08-21,British PM David Cameron told a member of his cabinet to warn the Guardian newspaper of serious consequences of publishing Snowden material,"WikiLeaks: Govts attacks on media signalling rise of fascism in UK, US' ""Journalism is not Terrorism."" - Greenwald 'Let's tax the sun': Spain's new tax on solar panels has shocked international publications like Forbes for its ""stupidity""."
DJIA,2013-08-22,"An Indian spiritual leader who sparked controversy when he said a gangrape victim could have saved herself by addressing her violators as brothers and asking for mercy, has been charged with raping a minor","PayPal unfreezes $45,000 cancer donation after media enquiries, the wife of the cancer patient previously rang PayPal without success, says she felt helpless Fukushima leak is 'much worse than we were led to believe' ""What is the worse is the water leakage everywhere else...It is leaking out from the basements, it is leaking out from the cracks all over the place. Nobody can measure that. It is much worse than we have been led to believe, much worse"" Hundreds of children's bodies piled high after nerve gas attack near Damascus leaves up to 1,300 dead"
DJIA,2013-08-23,Orders To Destroy Guardian Hard Drives Came Directly From PM David Cameron,"Not a conspiracy anymore ""It appears that the UK government is...intentionally leaking harmful information to The Independent and attributing it to others"" SOPA 2: the return of the internets grim reaper"
DJIA,2013-08-26,Exclusive: CIA Files Prove America Helped Saddam as He Gassed Iran,"Snowden Covered His Tracks Well; How Many Other NSA Staffers Did The Same?: 'U.S. government's efforts to determine which highly classified materials Snowden took from the National Security Agency have been frustrated by Snowden's sophisticated efforts to cover his digital trail..' Syria: UN Inspectors 'Shot At By Snipers' LSD is good for you, say Norway researchers"
DJIA,2013-08-27,"Hans Blix: Whether Obama in Syria or Bush in Iraq, The US Is Not the World Police","Facebook will pay a $20 million fine for privacy violations, from which it made $73 million in profits. Obama orders documents justifying a military strike in Syria to be declassified and released, legal process to justify military intervention is already underway India bans shark 'finning'"
DJIA,2013-08-28,A campaign has been launched to encourage the World Meteorological Organisation to begin naming hurricanes and other destructive storms after climate change deniers.,"New Zealand bans software patents Todays historic legislation will support our innovative technology industry, and sends a clear message to the rest of the world that New Zealand wont tolerate the vexatious practice of patent trolls Irans parliament has given preliminary approval to a bill requiring the government to sue the U.S. for its involvement in the 1953 coup that overthrew the countrys democratically elected prime minister. Existence of new element confirmed"
DJIA,2013-08-29,"Saudi Arabia's cabinet has passed a ban on domestic violence and other forms of abuse against women for the first time in the Kingdom's history. The cabinet approved a ban on physical or sexual violence earlier this week, which applies both at home or within the work place.","Man turns his phone number into a premium number. Makes money off of telemarketers calling him. Russia is sending an anti-submarine ship and a missile cruiser to the Mediterranean as Western powers prepare for possible strikes against Syria WikiLeaks raises $12,000 in Bitcoin for Edward Snowden's defense"
DJIA,2013-08-30,David Cameron loses Syria vote in Commons,"Documents leaked by Edward Snowden to the Washington Post show that DNA analysis on the corpse of Bin Laden were done that confirm his identity.The Pentagon denied more than a year ago it had any records of these tests in a response to a Freedom of Information Act request. ""The last time a British prime minister was defeated by the Commons on a war motion was 1782 when MPs refused to go on fighting  of all people  the restless Americans wishing for independence."" The Russian news site RT.com has been banned from the popular Reddit forum r/news for spamming and vote manipulation."
DJIA,2013-09-03,"Romanian government changes environment law to allow Canadian mining company to start building the biggest cyanide gold mine in Europe wiping out from the face of the earth 4 mountains, ancient roman galleries and forcing people to move from their home. Protests start all over the country.","She did it! Diana Nyad, 64, completes 103 mile Cuba-to-Florida swim after 5 attempts CIA files prove US helped Saddam Hussein as he gassed Iran Lenovo chief shares $3.25 million of bonus with staff -- ""Most are hourly manufacturing workers. As you can imagine, an extra $300 in a manufacturing environment in China does make an impact, especially to employees supporting families"""
DJIA,2013-09-04,All major commercial TV networks in Australia refusing to air ad critical of Murdoch's biased coverage of the election.,"Putin: The problem is not that were defending Snowden. Were not. The problem is that we dont have a mutual extradition treaty with the US. They refused to sign such a treaty. And they don't extradite our criminalswho have tortured people, trafficked people, whose hands are covered in blood Sweden grants blanket asylum to Syrian refugees. All Syrian asylum seekers who apply for asylum in Sweden will get it"" Putin accused Secretary of State Kerry of lying after Kerry denied Al-Qaeda existence in Syria. ""He lies and he knows he lies. It's pretty sad."""
DJIA,2013-09-05,"36 hours before the Australian election and in the middle of an advertising blackout, the party in the lead declares they will filter the internet by default.","'Jurassic Park' Emerges Out of Venezuela Oil - Finds include an armadillo the size of a Volkswagen, crocodile bigger than a bus, saber-toothed tiger, featherless chicken resembling an iguana, &amp; 10 ft pelican. Paleontologists aim to find human fossils. ""We've have already found spearheads."" India: 6 year old rape victim has been ordered by a caste council to marry her rapist's 8 year old son. During the period of negotiation, the rapist raped the girl again. Even with 8 times the fresh water of France, Venezuela can not supply clean drinking water because Santeria Witch Doctors keep dumping their sacrificial carcasses in the reservoirs."
DJIA,2013-09-06,New documentary shows how televangelist Pat Robertson defrauded millions in aid donations to fund a diamond mining venture in the Congo,US and UK spy agencies defeat privacy and security on the internet Cameron's UK Porn Filter Also Blocks VPNs India: Rapist dies after victim's family members burn him alive
DJIA,2013-09-09,"Norway Has More Money Than It Knows What To Do With: ""Our biggest challenge is that our oil wealth is so huge we run the risk of wasting it on substandard projects that are not profitable enough.""","Obama's top aide: We lack 'irrefutable, beyond-a-reasonable-doubt evidence' on Syria A 58-year-old Uruguayan man who disappeared four months ago in the remote Andes Mountains was found alive on Sunday, after he spent a brutal winter eating rats and raisins to survive, local media reported. Why Dubai's Islamic Austerity is a Sham, Couples who publicaly kiss are jailed yet the state turns a blind eye to 30,000 imported prostitutes"
DJIA,2013-09-10,Syria accepts Russian chemical weapons proposal,"Government scientist leaks photos of bitumen oil spill in Alberta lake. A million litres of bitumen have so far leaked into the surrounding environment, with 2,400 litres seeping in every day. The Pakistani women who risk death every day to vaccinate children against polio; 'I continued after my niece was shot. We all die one day, so why not as a brave person?' According to leaked diplomatic correspondence, Iran has been warning Washington since July 2012 that Sunni rebel fighters have acquired chemical weapons, and called on the US to send an immediate and serious warning to rebel groups not to use them."
DJIA,2013-09-11,Woah - enough water found underground in Kenya to supply whole country for 70 years. Big implications for East Africa,"Snowden Nominated for Freedom of Thought Prize ""Members of the European Parliament are officially nominating fugitive US leaker Edward Snowden for a prize celebrating freedom of thought, a parliamentary representative said Wednesday."" A brutal rape case has pushed the citizens of India past the point of blissflul ignorance to outrage Thanks to a combination of wind, solar, and nuclear power, Germany is producing so much energy that generating companies need to pay customers to take their surplus power."
DJIA,2013-09-12,Vladamir Putin's Op-Ed in the New York Times on America and Syria,"Vodafone Germany has been hacked. Banking data of 2 million customers stolen. ""God's mercy has no limits"" Pope Francis tells atheists to abide by their own consciences Tesla Model S is now Norway's most sold car."
DJIA,2013-09-13,Malawi will use $15m from the sale of the country's presidential jet to feed the poor and grow crops to fight malnutrition,"Indian court sentenced four men to death for gang raping and murdering a student in the capital Delhi Baby elephant in China rejected by mom wept inconsolably ""I hope Putin has taken adequate protections. Now that he is a Russian journalist his life may be in grave danger!"" - Garry Kasparov"
DJIA,2013-09-16,Turkey shot down Syrian helicopter at border,Kerry and McCains favorite Syria expert fired for faking credentials NSA possibly involved in major Belgian telecom hack Top North Korean officials daughter defects
DJIA,2013-09-17,Professor Stephen Hawking backs assisted suicide,"Edward Snowden is in the running for a European human rights prize ""Sakharov Prize for freedom of thought"", whose past winners include Nelson Mandela and Myanmar opposition leader Aung San Suu Kyi. UN report confirms sarin gas use in Syria Sugar is 'addictive and the most dangerous drug of the times': Soft drinks should carry tobacco-style warnings that sugar is highly addictive and dangerous, a senior Dutch health official has warned."
DJIA,2013-09-18,"Child beauty contests have been banned in France to stop ""hyper-sexualisation"" of young girls. Two years in prison for anyone who tries to organise a pageant.","Brazilian President Dilma Rousseff cancels october state dinner in US over NSA spying and plans speech on the United Nations ""to emphasize the need to maintain the neutrality of the internet and the prohibition of using it for espionage"" U.S. to seize Manhattan skyscraper secretly owned by Iran 13-year-old Indian girl begins microbiology master's degree"
DJIA,2013-09-19,"Pope Francis says Catholic Church too obsessed with abortion, gay marriage and contraception.","Australia's new Prime Minister, Tony Abbott, has just dissolved the Climate Commission, as part of his stance about climate change being being a false idea Syria just became a three-way war: Islamist rebels attack non-Islamist rebels Pope Francis says the church should be home for all and not a small chapel focused on doctrine, orthodoxy and a limited agenda of moral teachings."
DJIA,2013-09-20,"Mother given jail sentence for sending her son, named Jihad, to school wearing a T shirt with the words 'I am a bomb' and 'Born on 9/11' on it. She said it was a ""joke"".","WikiLeaks leaks ""The Fifth Estate"" script, says: ""Most of the events depicted never happened, or the people shown were not involved in them."" He called climate change crap  now Australias new Prime Minister abolishes watchdog A porpoise slaughter 7x larger than Taiji's 'The Cove' is about to begin."
DJIA,2013-09-23,618 Rhinos killed already in South Africa this year. In 2007 only 13 were poached.,"German Election: Merkel Wins Third Term, Exit Polls Suggest 50,000 Bangladeshi garment workers strike over inhuman wages: They earn about $38 a month. They are demanding a raise to $103 a month. Commander of al Qaeda in Iraq has been killed in Syria."
DJIA,2013-09-24,You CANNOT masturbate publicly in Sweden. The earlier reports were just a mistake in translation.,BP seeks to have Gulf Coast oil spill settlement payments suspended Brazilian president Rousseff launches tirade against US over NSA surveillance at United Nations 44kg of gold bars worth $2million were loaded onto the plane but when it landed they were missing... Air France in more trouble
DJIA,2013-09-25,Eddie Izzard declares he will stand for London mayor in 2020,1st Example of Whispering Observed in Non-Human Primates - Researchers noticed tamarin monkeys communicating with each other at a 'reduced amplitude' in the presence of zoo staff they disliked Iran president: Were tired of war Retired British Marine who was having coffee at the mall when the violence broke out rushed in and out of the building 12 times to save around 100 people from the takeover-style massacre
DJIA,2013-09-26,"Iran's new president: Yes, the Holocaust happened. Whatever criminality they committed against the Jews we condemn. The taking of human life is contemptible. It makes no difference whether that life is a Jewish life, Christian or Muslim.","A fossil unearthed in China is hailed by scientists as the most significant paleontological discovery in decades. The Pope Says The World Worships A ""God Called Money"" Stunned mountaineer finds box of treasure containing jewels worth up to 330,000, buried in ice on glacier in Alps."
DJIA,2013-09-27,The Curiosity Rover just found water on Mars,"Researchers: Sonar mapping for oil near Madagascar killed 100 whales The death of a young Saudi during a car chase by the countrys religious police has stirred uproar on the social media, especially after it became known that the involved members of the Saudi religious police fled the scene of the accident. Malala Yousafzai tells UN to send books, not guns. ""Instead of sending weapons, instead of sending tanks to Afghanistan and all these countries which are suffering from terrorism, send books. Instead of sending tanks, send pens. Instead of sending soldiers, send teachers."""
DJIA,2013-09-30,"John McAfee reveals details on gadget to thwart NSA. And if the U.S. government bans its sale, ""I'll sell it in England, Japan, the Third World. This is coming and cannot be stopped.""","Pope Francis to 'rip up and rewrite' Vatican constitution Secret Cold War documents reveal NSA spied on US senators Swiss army trains for invasion by a bankrupt France ""looking for money"""
DJIA,2013-10-01,"Ex-Microsoft privacy chief: I don't trust Microsoft after NSA revelations, says he was unaware of Prism data-sharing program when he worked there","US leaker Edward Snowden among 3 finalists for EU's top human rights prize A CEO who resisted NSA spying is out of prison. And he feels vindicated by Snowden leaks. Age of Unreason: The governments of Britain, Canada and Australia are trying to stamp out scientific dissent."
DJIA,2013-10-02,South Korean carmaker Hyundai Motor will defer payments due from US federal employees impacted by the partial government shutdown.,"Australia had a government shutdown once, in 1975. It ended with the Queen firing everyone in Parliament. FBI raids alleged online drug market Silk Road, arrests owner Saudi Arabia gives 20 lashes punishment to man for beating wife"
DJIA,2013-10-03,"New evidence reveals FBI demands companies secretly turn over crypto keys, allowing them to simultaneously wiretap all customers worldwide, and threatens to jail them if they violate the gag order","Unsealed Lavabit documents show owner defied US government court order for SSL key and destroyed the servers instead Edward Snowden's E-Mail Provider Defied FBI Demands to Turn Over Crypto Keys, Documents Show - Faced $5,000 Daily Fine Police caught in the act trying to incriminate innocent brazilian protester by planting explosives in his bag"
DJIA,2013-10-04,Russia stops all adoptions to Sweden due to risk of children getting gay parents.,"Swiss to vote on 2,500 franc basic income for every adult - Switzerland will hold a vote on whether to introduce a basic income for all adults, in a further sign of growing public activism over pay inequality since the financial crisis. Internet freedom on decline worldwide as governments tighten grip - report UFO crashes into London primary school playground: A very talented parent built the space craft and dressed as forensic detective to help with staging of crash"". Later school received letter of apology from aliens stating they accidently crashed into playground whilst sightseeing in London"""
DJIA,2013-10-07,"Police in Turkey now allowed to detain ""potential protesters"" without a court order, based merely on their looks, in what an opposition member calls ""beyond fascism""","""The only way to solve this problem is to execute the killers on spot"" - Tanzania's Minister for Natural Resources and Tourism recommends summary execution of elephant poachers. The War on Drugs Is Over. Drugs Won ""The war on drugs could not have been a bigger failure. To sum up their most important findings, the average purity of heroin and cocaine have increased, respectively, 60% and 11% between 1990 and 2007. Cannabis purity is up a whopping 161% over that same time"" North Korea calls Switzerlands refusal to sell it ski lifts a ""serious human rights abuse"""
DJIA,2013-10-08,Higgs boson scientists win Nobel prize,"Swiss to vote on $33,600/year universal basic income for every adult Australian FOI request proves Australian Govt knew all about PRISM, said nothing to Australian people Girl expelled from school for having two dads"
DJIA,2013-10-09,Who Wants to Be a Russian Billionaire? 35% of Russias entire wealth now in the hands of just 110 people.,"Teslas $110,000 Model S is now Norways best-selling car Alarming mass die-off of starfish in areas along Canadas Pacific coast  Theyve disintegrated, now theres just goo left  Appeared to melt  Single arms clinging to rock faces, tube feet still moving Taiwan says China will be able to invade in 2020"
DJIA,2013-10-10,Azerbaijan accidentally released election results before voting had even started. It showed President Ilham Aliyev winning 73% to the opposition's 7%.,"China warns US to 'stop manufacturing crises' and raise debt ceiling - China criticises ""mind-boggling political infighting"" over issue of raising America's $16.7 trillion debt ceiling. A farmer commits suicide every two days in France, almost 500 in three years Armed rebels kidnap Libya's prime minister"
DJIA,2013-10-11,Snowden given award by former CIA agents for taking a stand against abuse of information gathering,"$470,000 on wardrobes, $20,000 on a bath tub and $1 million on his garden - A German Catholic bishop has upset a few people with this kind of spending Skype under investigation in Luxembourg over link to NSA 'What the Guardian is doing is important for democracy' - On Thursday the Daily Mail described the Guardian as the 'The paper that helps Britain's enemies' - Editors of more than 20 newspapers around the world respond to defend The Guardian"
DJIA,2013-10-14,"""Not a single byte should leave Germany"" - Communication giants puts forward plan to combat NSA spies with German-only network hubs","China state media blasts US shutdown, calls for a de-Americanized world NSA backlash sparks new technology. Anti-surveillance technology created in light of NSA expose Research finds that giving money to the poor reduces poverty."
DJIA,2013-10-15,"Somali Pirate Warlord lured to Brussels Airport, Belgium, under pretext he was signing a movie deal about his life. He came. Got arrested. (English, translations available)","In a single day, the N.S.A. collects an estimated 500,000 ""buddy lists"" from chat services as well as 444,743 email address books from Yahoo, 105k from Hotmail, 82k from Facebook, 33k from Gmail and 22k from unspecified other providers. Millions of Americans are impacted, yet no law authorizes it. Greenwald on Snowden Leaks: The Worst Is Yet to Come ""Edward Snowden Is a Patriot"": Ex-NSA CIA, FBI and Justice Whistleblowers Meet Leaker in Moscow"
DJIA,2013-10-16,"France finds Church of Scientology guilty of ""organized fraud"" despite ""religious freedom"" claims","Glenn Greenwald is leaving The Guardian to launch his own news organization, which already has substantial monetary backing Divers have recovered what may be a 570kg chunk of the space rock that exploded over Chelyabinsk earlier this year. The object is thought to have plunged into Lake Chebarkul leaving a 6m-wide hole in the ice. If confirmed, it would be the largest fragment of the meteorite yet found. Brazilian judge rules in favour of farmers against Monsanto"
DJIA,2013-10-17,German filmmaker imprisoned for exposing dire Qatar World Cup worker conditions,Scotland Now Receives 40 Percent of its Power from Renewables Senior gay Dutch Diplomat (60) Tied down and beaten up in his Moscow home. LGBT written in lipstick on his mirror. Pope Francis to Auction his Harley Davidson Motorcycle to Benefit Homeless
DJIA,2013-10-18,Snowden: US would have buried NSA warnings forever. Whistleblower says he shared information with media because he could not trust internal reporting mechanisms,"A Taliban Ban on Vaccination Is Exacerbating A Serious Polio Outbreak In Pakistan, Threatening To Derail Dramatic Progress Made This Year Towards Wiping Out The Disease Worldwide. France rules mayors cannot refuse to marry gay couples US to sell $10.8 bln in missiles, bombs to Saudis, UAE"
DJIA,2013-10-21,"70 million phone calls in France recorded in one month by NSA, new report claims. French government demands immediate explanation to ""shocking"" revelations",Poachers kill 300 Zimbabwe elephants with cyanide A 41-year-old native of Monaco increasingly looks to be to banking what Edward Snowden is to American surveillance. Uruguay government to sell three marijuana cigarettes for 1 dollar
DJIA,2013-10-22,"China smog emergency shuts city of 11 million people. The smog is so bad, 'You cant see your own fingers in front of you.' (Photo Gallery)","Japan will shoot down foreign drones US officials responsible for the secret CIA drone campaign should stand trial, says Amnesty Intl Groom gets a year in jail for staging a bomb hoax on his wedding day to avoid bride finding out he had forgotten to book a venue"
DJIA,2013-10-23,"First 3D printers arrive to Haiti, quickly put to use making umbilical cord clamps and other hard-to-obtain medical gear","India: Minor girl gang raped and burnt alive Mexico officially bans genetically modified corn, citing risk of imminent harm to the environment Pirate Bay founder writes open letter seeking to stop his extradition from Sweden"
DJIA,2013-10-24,Angela Merkel called Barack Obama today to complain against NSA attempts to eavesdrop on her personal phone. Internal investigations done by german intelligence agencies clearly hinted at US attempts to break into her phone. [Source in German],"U.S.-funded Afghan hospital project paid $500-a-gallon for gas instead of market-rate of $5 and is still 23 months behind schedule Pot growers celebrate as Uruguay legalizes cultivation and consumption of marijuana ""Uruguay is about to go where no country has gone before by legalizing the cultivation and distribution of marijuana, with the left-of-center government regulating all facets of the trade"" Six months ago, 1,127 Bangladeshi workers were killed in a garment factory collapse. Today, not a single Bangladeshi garment factory has been inspected."
DJIA,2013-10-25,NSA monitored calls of 35 world leaders after US official handed over contacts,"Switzerland may be close to enshrining a law that would ban an executive from earning more than 12 times what the lowest paid worker at a Swiss company earns Europe Demands the US Agree to Stop Spying Over 100 rhinos poached in S.Africa in past month. Kruger National Park is worst affected, having lost 476 rhinos since January."
DJIA,2013-10-28,"Reduce working week to 30 hours, say economists","500 year old Da Vinci Mural Discovered Under Layers Of Paint During Castle Restoration In Italy Spain summons US ambassador over claim NSA tracked 60m calls a month Kenya petition over 'grass cutting for gang-rape' tops 1m ""More than a million people have signed an online petition demanding justice after three men accused of brutally gang-raping a girl in Kenya were ordered to cut grass as punishment."""
DJIA,2013-10-29,"Man buys $27 of bitcoin, forgets about them, finds they're now worth $886k. Bought in 2009, currency's rise in value saw small investment turn into enough to buy an apartment in a wealthy area of Oslo.","Zombie CISPA bill pushes forward with NSA support Cannabis Plants Pop up All Over Germany as Form of Protest. As Europe Erupts Over US Spying, NSA Chief Says Government Must Stop Media With General Alexander calling for NSA reporting to be halted, US and UK credibility as guardians of press freedom is crushed"
DJIA,2013-10-30,London's cheapest suburb is Barcelona. City worker causes a stir by proving it's cheaper to live in Spain and fly in to work in London every morning.,"'Prison clearly does not work' Fresh from jail, the economist and author of Prisonomics explains why the system costs too much, locks up the wrong people and does not prevent reoffending REPORT: NSA May Have Spied On The Vatican During The Papal Conclave Canadians Seek Dick Cheney's Arrest For War Crimes During Upcoming Visit"
DJIA,2013-10-31,"NSA infiltrates links to Yahoo, Google data centers worldwide, Snowden documents say ""The NSA has secretly broken into the main communications links that connect Yahoo and Google data centers around the world, according to documents obtained from former NSA contractor Snowden..""","Yahoo &amp; Google ""outraged"" at new reports of NSA hacking their data centers. Google: ""We are outraged at the lengths to which the government seems to have gone to intercept data from our private fiber networks, and it underscores the need for urgent reform."" Catalonia to become first Spanish region to ban circus acts with live animals We are not scared of the cartels. They have guns but we have guns, too. And we are many, says Ramon Diaz. Mexican vigilante groups are not taking the cartel violence lying down"
DJIA,2013-11-01,Edward Snowden's letter to Germany revealed.He is ready to go to Germany and testify over the US wiretapping of Angela Merkels phone on condition of granting him political asylum,A new law requiring Muslim women to remove a burqa or niqab to prove their identity to West Australian police has been passed by the state's parliament. Japan Likely To Pass New Secrecy Law That Would Put Whistleblowers And Journalists In Jail Report: Japan is hunting its whales and dolphins to extinction
DJIA,2013-11-04,1.8 tonnes of ivory found in Chinese home in Tanzania. Authorities found at least 1800kg ivory at a home of Chinese nationals in Dar es Salam Mikocheni area. The haul is still being counted and could increase. So far 706 pieces of ivory have been counted representing over 200 elephant deaths.,"Jimmy Carter: ""the president of South Africa, Thabo Mbeki...he was refusing to let Aids be treated...Thats the closest Ive come to getting into a fist fight with a head of state."" Father arrested in France after his 14-year-old daughter secretly films him on a webcam as he sexually assaults her President Putin signs law requiring terrorists relatives to pay for damages"
DJIA,2013-11-05,China discovers that pollution makes it really hard to spy on people - 20 million surveillance cameras are now useless,"UK Claim That 'Journalism Equals Terrorism' Sparks Outrage Teenagers Are Droned, And a Family Cries Out. The U.S. says it was hunting militants on August 8. The dead boys' brother has a different story. Two billion planets in our galaxy may be suitable for life, far more than previously thought"
DJIA,2013-11-06,The Indian Mars Mission cost $73 million which is less than the production budget for the movie Gravity ($105 million),"Toronto Mayor Rob Ford admits to smoking crack-cocaine. The giant Spanish wine corporation Codornu, has permits in place right now to clear-cut 154 acres of coveted California coastal redwood forest and grade the soils to construct a sprawling vineyard, roads, and reservoirs in their place Kerry: Israeli settlements are illegitimate"
DJIA,2013-11-07,Exclusive: Swiss study says Polonium found in Arafat's bones. Scientists find at least 18 times the normal levels of radioactive element in late Palestinian leader's remains,"EU rules that gay Africans are entitled to asylum - According to the European Court of Justice, a gay refugee from a country where people are jailed for being homosexual does qualify as a persecuted group eligible for asylum. Gray whale stranded dead with a stomach full of plastic. Leaked Document Reveals Plot to Destabilize Venezuelan Goverment: ""US Embassy Officials Encouraging Acts of Sabotage"""
DJIA,2013-11-08,$62k USD reward offered for WikiLeaks to obtain and publish secret Trans-Pacific Partnership Argeement 12 nation internet-trade deal,"U.S., Israel lose UNESCO voting rights Supreme Court of Canada finds gov't must get distinct warrant to search a computer found with a search warrant: ""It is difficult to imagine a more intrusive invasion of privacy than the search of a personal or home computer."" German Trust in United States Plummets ""The NSA spying scandals have taken a toll on Germans' opinion of their longtime ally, according to a new survey. Mistrust in the United States has skyrocketed, and more Germans are viewing whistleblower Edward Snowden as a hero."""
DJIA,2013-11-11,Hundreds turn out for funeral of WWII veteran held on Remembrance Day following successful online campaign as the man had no family.,Iran's deputy minister assassinated Wealth of worlds billionaires doubles since 2009 Sweden to close prisons due to lack of criminals [google translate]
DJIA,2013-11-12,An eight-year-old girl in China is the youngest living person to be diagnosed with lung cancer attributed to pollution.,"""I am a decent person. But if you have not eaten in 3 days, you do shameful things to survive""-- Tormented typhoon victims scour for food. Member of U.S. Army National Guard's Tactical Human Intelligence Team commits suicide; his suicide note says he was forced to commit ""war crimes, crimes against humanity"" in Iraq Spain toughens up new 'sun tax' law. Homes can now be searched for illegal solar panels without warrant and offenders fined up to 60million ($80 million)."
DJIA,2013-11-13,WikiLeaks releases the secret negotiated draft text for the entire TPP (Trans-Pacific Partnership) Intellectual Property Rights Chapter.,"Author Of The PATRIOT Act Goes To EU Parliament To Admit Congress Failed, And The NSA Is Out Of Control Wars are becoming less frequent. Life expectancy has more than doubled in the past century. More children than ever are going to primary school. The world is better than it has ever been. UK spy found dead in bag probably locked himself inside, according to London police"
DJIA,2013-11-14,"Indian train strikes herd of 40 elephants crossing tracks - 7, including 2 calves, killed, 10 others seriously injured &amp; death toll expected to rise in worst such crash in recent memory. Railways have ignored requests to reduce train speeds inside the famed elephant corridor.","UK Government caught deleting archive of past speeches from internet 341 people arrested, 386 children rescued in massive anti-paedophile ring operation (bbcnews) ""We categorically reject illegal killings by drones"" - Germany gives up on armed drones"
DJIA,2013-11-15,'What's it like working with Mexican drug cartels?' Banking giant JPMorgan cancels Twitter Q&amp;A after thousands of abusive tweets,"The world's oceans are becoming acidic at an ""unprecedented rate"" and may be souring more rapidly than at any time in the past 300 million years China's aid to Philippines dwarfed by Ikea - China is the world's second largest economy and closer to the Philippines than other major donors. Yet the $1.6 million in aid it pledged was less than the check written by Swedish furniture store Ikea. NSA files: New York Times defends the Guardian's Snowden leaks."
DJIA,2013-11-18,"Rape porn possession to be punished by three years in jail, David Cameron to announce","BBC News - Huge bomb hits Syria government site Boris Johnson says super-rich are put-upon minority like homeless people and Irish travellers. Mayor says wealthiest should get automatic knighthoods and our humble thanks, in comments deemed deeply offensive by London Assembly's Labour group. A Boeing 737 has crashed landed in the Russian city of Kazan, killing all 44 passengers on board."
DJIA,2013-11-19,"Amsterdam pays alcoholics in beer to clean streets. The imaginative approach to the problem of anti-social behaviour demonstrates typical Dutch pragmatism which could be found shocking in other countries, but not here.","NSA recorded more than 30 million phone calls made in its Nato ally Norway, in the latest Snowden revelations. ""It is unacceptable,"" says Norway's Justice Minister. ""A crime under Norwegian law,"" says head of telecoms regulator. Insulting a police officer in Spain could result in a30,000 ($40,500) fine while protesting outside Parliament could mean a 600,000 penalty if tough new security laws get passed today. Embarrassed husbands will have to discuss plans to watch online porn with their wives, says David Cameron"
DJIA,2013-11-20,LG Smart TVs logging USB filenames and viewing info to LG servers,Secret U.S. court approves wider NSA spying even after finding excesses United States paid more than $150 million to companies in Afghanistan that are accused of financing terrorist attacks on American soldiers and facilities Monty Python to reunite for new show after 30 years
DJIA,2013-11-21,Wikipedia names Texas PR firm over false manipulation of site entries. Free encyclopaedia called in lawyers after 300 'sock puppet' accounts were traced to single firm.,"US Working Overtime Behind The Scenes To Kill UN Plan To Protect Online Privacy From Snooping Pirate Parties International (PPI), the international umbrella organization for dozens of Pirate Parties worldwide, has been granted observer status by the World Trade Organization Australian state decriminalise abortion, forces doctors that oppose termination to provide a list of willing practitioners to patients"
DJIA,2013-11-22,Richard Branson says Virgin Galactic will accept Bitcoin,"Canadians brave freezing waters to save shark choking on moose. Five arrested in Thailand under drug ring with meth produced from North Korea. The kicker: The meth was tested by authorities and found at over 99% purity. ""Once Ford became mayor, he continued the practice of personally returning constituent calls about everyday issues like backed up city sewers, sometimes returning calls late into the night."""
DJIA,2013-11-25,"'Every time you buy fish in the UK, you pay a fee to support an organisation which opposes campaigns to protect fish stocks and marine ecosystems'","Oil prices fall after Iran agrees nuclear deal 86-year-old couple found holding hands in a luxury Paris hotel bed, lashed out at France's ""cruel"" ban on euthanasia in their suicide note Egypt is now ranked as the worst arab country for women's safety and rights"
DJIA,2013-11-26,"UK Prime Minister David Cameron Announces That Filters Used to Block Porn Will Also Block Websites Espousing ""Extremist"" Views in Order ""to Keep Our Country Safe""","USA drops case against Wikileaks founder Julian Assange Pope attacks tyranny of markets, urges renewal in key document: Pope Francis called for renewal of the Roman Catholic Church and attacked unfettered capitalism as ""a new tyranny"", urging global leaders to fight poverty and growing inequality in the first major work he has authored alone as pontiff. Woman fined $140 a day for refusing to circumcise son. Rabbinical judges in the case said they fear the effect that allowing Israeli Jews to freely decide on the ritual circumcision of their own children might have on the global debate over the issue."
DJIA,2013-11-27,US flies B52 aircraft over disputed islands in East China Sea in defiance of Chinese air defence rules.,"Fight Club, Pretty Woman Producer Admits to Being Israeli Spy Harvard fracking study rings methane alarm bells in Australia: A peer-reviewed report suggests that greenhouse gas emissions from drilling and fracking are 50 per cent worse than thought. Bitcoin virtual currency breaks $1,000 mark"
DJIA,2013-11-29,Swedish prisoner escapes.. to go to the dentist. Returns to prison afterwards.,"Japanese want to build a power plant on the moon and send the energy to earth using lasers or microwaves. Police Distribute Roses To Gay Pride Marchers in India New Snowden document reveals NSAs international malware operation: The NSA has infected more than 50,000 computer networks worldwide with malicious software designed to steal sensitive and private information"
DJIA,2013-12-02,"The War on Democracy: How corporations and spy agencies use ""security"" to defend profiteering and crush activism","""It is completely unacceptable to give a 15-year-old a breast enlargement as a Christmas present"" - Germany to ban plastic surgery on children Italian girl gang-raped after a false Facebook page told she was available to anyone. Onlooker failed to help cause it 'was none of his business.' Spooky Business: A New Report on Corporate Espionage Against Non-profits. Chamber of Commerce, Walmart, Monsanto, Kraft, Coca-Cola, Chevron, Burger King, McDonalds, Shell, BP have been linked to espionage or planned espionage against nonprofit organizations, activists and whistleblowers."
DJIA,2013-12-03,Police kill someone in Iceland.. for the first time ever.,"Pope Francis secretly sneaks out at night to help the homeless, source says An entire village is sealed off by gendarmes and riot police in the middle of the night, some peasants taken to the police station, so that Chevron can start drilling for shale gas, in spite of fierce local opposition Stephen Hawking: NHS is Britain's finest public service and must be preserved from commercial interests"
DJIA,2013-12-04,"Bangladeshi garment workers, lowest paid in the world at $0.21/hour, torch 10-story factory at Gazipur + 15 full garment trucks. No human casualties, $100 million losses to the owners.","Without Anyone Paying Attention, Canada Is About To Change Its Laws To Support ACTA - ""They can point to the tiny, but real, problem of counterfeit drugs that can cause serious damage... and then mix it with the very ""large"" issue of copyright infringement where they can't show any actual harm."" Only 1% of Snowden files published - Guardian editor 70% of Chinese don't know that ivory comes from dead elephants"
DJIA,2013-12-05,"NSA tracking cellphone locations worldwide, Snowden documents show",Thieves who stole cobalt-60 are likely dead or dying from radiation poisoning Pope sets up body on child abuse: Pope Francis sets up a Vatican committee to fight Catholic Church child abuse 21 Images of Where Children Sleep Around the World Paints A Powerful Picture of Inequality
DJIA,2013-12-06,Nelson Mandela has passed away.,"Japan passes a democracy-muzzling Patriot Act. The Obama-supported State Secret Bill criminalizes investigative journalism and conflates terrorism with imposing ones opinions. Austrian Mayor Says That Journalists Who Report on Asylum-Seekers Should Be ""Hanged Like Jews"" US will no longer report Guantanamo Hunger strikes"
DJIA,2013-12-09,"104 Chinese cities are now reporting air pollution levels above 300 mcg per cubic meter, twelve times the recommended limit. Over 70 percent of China's rivers and lakes are now too toxic for animals to drink from. This past week, visibility in some parts of China was reduced to less than 5 meters.","Apple, Google, Microsoft, Facebook, Yahoo, LinkedIn, Twitter and AO have united to demand sweeping changes to US surveillance laws and an international ban on bulk collection of data Edward Snowden voted Guardian person of the year 2013 Thousands protest in Japan against new state secrets bill"
DJIA,2013-12-10,Bill Clinton says security does not justify espionage,"Snowden docs had NYTimes exec fearing for his life The latest annual figures available show that of the 706 rape cases filed in New Delhi in 2012, only one, the most famous, ended in conviction While the Harper government is preaching government austerity, it is spending almost $1.2 billion on a new spy palace - Ottawa headquarters for military spy agency. It's the most expensive Canadian government building ever constructed"
DJIA,2013-12-11,"Confirmed outbreak of Bubonic Plague in Madagascar, at least 20 dead so far.","Uruguay legalizes the sale and production of marijuana Nelson Mandela memorial interpreter 'was a fake' Australia: Victims of child sexual abuse walked out of a public hearing after the Catholic church's legal representative quoted the Bible in his opening address -- ""Let the little children come to me; do not stop them..."""
DJIA,2013-12-12,"New Zealand citizen stripped of phone, tablet, laptop and hard drive at New Zealand customs after returning from a talk in London about Edward Snowden's released documents.","Saudi Arabia's Grand Mufti, the highest religious authority in the country, has condemned suicide bombings as grave crimes, reiterating his stance in unusually strong language. Refers to the attacks as a sin, with attackers condemned to hell. In 13 countries around the world, all of them Muslim, people who openly espouse atheism or reject the official state religion of Islam face execution under the law Taxpayers to pay for fracking pollution if companies go bust"
DJIA,2013-12-13,Air strike kills 15 civilians in Yemen by mistake: Fifteen people on their way to a wedding in Yemen were killed in an air strike after their party was mistaken for an al Qaeda convoy,"Russian Supreme Court Declares Pussy Riot Sentence Unlawful Woman who miscarried in private prison 'made to clean up after herself,' court told Uncle of North Korean leader Kim Jong-un executed after being purged for corruption - state news agency"
DJIA,2013-12-16,UK's Largest ISP now blocks porn for all new connections by default,"Chinese police shoot 14 dead in Xinjiang riot Yemeni Government gives $150,000 and 100s of guns as compensation to American drone victims' families Michelle Bachelet wins Presidential seat in Chile's landslide victory promising hike in corporate taxes to 25 percent from 20 percent, to pay for social reforms that include a gradual move to free higher education"
DJIA,2013-12-17,"UN declares that the right to privacy, including online privacy, is a human right","'Snowden Vindicated': Judge Rules Against 'Indiscriminate' NSA Spying. Snowden: ""Today, a secret program authorized by a secret court was, when exposed to the light of day, found to violate Americans rights."" In a 1984 moment, North Korea deletes near entirety of news archives Pope Francis blesses 'Jesus the Homeless' sculpture that was rejected by Cathedrals in the US and Canada, calling 'Jesus the Homeless' a ""Beautiful Piece of Art"""
DJIA,2013-12-18,Bitcoin loses almost 50% of its value overnight as China's largest exchange blocks new deposits,"Edward Snowden: These Programs Were Never About Terrorism: Theyre About Economic Spying, Social Control, and Diplomatic Manipulation. Theyre About Power Swiss banks are quietly warning wealthy U.S. clients with secret accounts to come clean with the tax man in the next two weeks  or risk jail time An Iraqi policeman gave his own life Wednesday in an attempt to protect Shiite pilgrims, embracing a suicide bomber just moments before an attack to shield others from the blast."
DJIA,2013-12-19,"NSA Fallout hits American business to the tune of four billion dollars: Brazil ditches Boeing, buys Gripen","Putin says he envies Obama because he can spy on his citizens and get away with it. Pedophile soccer coach arrested after BURGLAR tells police about child abuse videos. Report Suggests NSA Engaged In Financial Manipulation, Changing Money In Bank Accounts"
DJIA,2013-12-20,The Supreme Court of Canada has struck down the country's anti-prostitution laws in a unanimous decision.,"Pussy Riot members freed from prison A prominent Libyan dissident cannot pursue his ""well-founded"" claim that he was unlawfully abducted in a joint MI6-CIA operation, and later tortured, because to do so would damage Britain's relations with the US, a high court judge ruled on Friday. Four cops arrested for raping, molesting and threatening a minor schoolgirl for two-and-a-half months."
DJIA,2013-12-23,North and South Korea exchange faxes threatening to attack each other,"Kim Jong-un ""very drunk"" when ordered execution of uncle's two aides Freed Pussy Riot member, on walking out of prison: ""This is not an amnesty. This is a hoax and a PR move."" North Korean Leader Kim Jong-Un's Uncle was killed because he tried to depose Jong-Un and replace him with his brother. Now all the Uncle's men are defecting to the South."
DJIA,2013-12-24,Uruguays neighbor Argentina now considering marijuana legalization,Renowned rifle inventor Mikhail Kalashnikov dies at 94 Richard Branson: Boycott Uganda over gay rights - UK business tycoon Richard Branson has called on companies and tourists to boycott Uganda after its parliament approved a bill to toughen the punishment for homosexual acts. Alan Turing Pardoned
DJIA,2013-12-26,"Internet privacy as important as human rights, says UN's Navi Pillay | Navi Pillay compares uproar over mass surveillance to response that helped defeat apartheid during Today programme","In a message broadcast on British television, Edward J. Snowden, the former American security contractor, urged an end to mass surveillance, arguing that the electronic monitoring he has exposed surpasses anything imagined by George Orwell in 1984, a dystopian vision of an all-knowing state Reddit's /r/NorthKoreaNews raised over $2500 to rescue a North Korean refugee on a modern underground railroad Egypt names Muslim Brotherhood a terrorist group - Egypt's military-backed interim government has declared the Muslim Brotherhood a terrorist group, a dramatic escalation that gives authorities more power in cracking down on them."
DJIA,2013-12-27,"Edward Snowden did the world a favour by revealing the scale of surveillance by governments, according to the inventor of the internet. Sir Tim Berners-Lee said he believed Snowden had ""done us all a favour"".","47% of Indian Graduates of 2013 Unemployable for Any Job: Study Swedish develop self-cleaning dishware Strong explosion shakes Lebanese capital, black smoke billowing from central Beirut"
DJIA,2013-12-30,"Tony Blair and George Bush exchanged voluminous correspondence prior to the start of military operations in Iraq. Now, the UK is moving to declassify details of the talks for an inquiry into Britains involvement in the conflict, British media reported.","A trolley bus blast in the Russian city of Volgograd has killed at least 10 people, emergencies services reported. The explosion comes a day after a terrorist attack in the city killed 17 people Glenn Greenwald Says NSA, GCHQ Dismayed They Don't Have Access To In-Flight Internet Communication: The very idea that human beings can communicate for even a few moments without their ability to monitor is intolerable. 2000 tons of explosives disappear from chemical plant in Yekaterinburg, Russia"
DJIA,2013-12-31,The Japanese Mob Is Hiring Homeless People to Clean Up Fukushima,"U.S. Furious With Israel After Sale of Advanced Military Technology to China Leaked documents from Jacob Appelbaum show NSA can see every communication through backdoor access to your iPhone The NSA's elite hackers can hijack your Wi-Fi from 8 miles away | Alongside pre-packaged exploits that allowed control over iOS devices and any phone communicating through GSM, Appelbaum detailed a device that targets computers through packet injection, seeding exploits from up to 8 miles away."
DJIA,2014-01-02,"Japan's population falls 'by record 244,000' in 2013","Kolkata police 'hijack' rape victim's hearse, forcibly cremate body: Gang-raped twice and dumped in a government hospital for nine days with fatal burns, the 16-year-old victim had no peace even after death. Young people 'feel they have nothing to live for' Rob Ford proclaims himself the best mayor that this city has ever had, registers for 2014 election"
DJIA,2014-01-03,Update: U.S. Customs Won't Apologize for Destroying Musician's Rare Flutes,"UK Porn Filter blocks legitimate file-sharing services, download portals for Linux distributions Kim Jong Un's uncle, Jang Song Thaek's brutal execution: stripped naked and eaten alive by 120 hungry hounds. Indian gang-rape victim, 16, died Tuesday, a week after she said two suspects of the 6 men who repeatedly raped her in October had set her on fire. Autopsy reveals she was pregnant - child's DNA will be matched against suspects'."
DJIA,2014-01-06,Sea Shepherd locates Japanese whale poachers inside New Zealand's sovereign waters with 3 protected Minke whales dead on their deck.,"An eight-year-old Afghan girl wearing a suicide vest has been detained by police in southern Afghanistan Wind power was Spain's top source of electricity in 2013: Remarkable new figures from Spain's grid operator have revealed that greenhouse gas emissions from the country's power sector are likely to have fallen 23.1% last year, as power generation from wind farms and hydroelectric plants soared. ""Aliens would give us much more tech if we'd stop wars"" - ex-defense minister"
DJIA,2014-01-07,"Swedish justice minister falls for Daily Currant spoof story on marijuana deaths, calling incident ""stupid and sad"".",Mexican vigilante gunmen disarm local POLICE so they can rid town of feared Knights Templar drug cartel Zambian opposition leader charged with calling president a potato Boss-napping returns in France as unionists lock up and humiliate Goodyear executives
DJIA,2014-01-08,"'Golden age' of antibiotics 'set to end': We cannot say we weren't warned. The growing threat of antibiotic resistant organisms is once again in the spotlight. Prof Jeremy Farrar, the new head of Britain's biggest medical research charity The Wellcome Trust said it was a 'truly global issue'"".","A huge library of books collected by a 72-year-old Greek Orthodox priest but used by the whole community was torched in Lebanon after he was accused of insulting Islam Purge of Canadas Fisheries Libraries ""Historic Loss"" Scientists Say - I see this situation as a national tragedy done under the pretext of cost savings. A modern democratic society should value its information resources, not reduce, or worse, trash them. By pouring cash into science and technology faster than its economy has expanded, China has for the first time overtaken Europe on a key measure of innovation: the share of its economy devoted to research and development."
DJIA,2014-01-09,All armed police officers in England will have to wear cameras on duty,"Pirate Party Turns the Tables and Spies On Intelligence Agency: Armed with a surveillance van the Swedish Pirate Partys youth division planned to listen in on one of the countrys most secretive outfits H5N1 bird flu death confirmed in Alberta, 1st in North America Video of drunk 9-year-old boy exposes New Zealand's underage drinking problem. ""I had to upload the film to get police to act,"" says teen who shot video."
DJIA,2014-01-10,The people behind the GSM standard: We were pressured to weaken the mobile security in the 80's,"Man gets homeless teenager, dips her head into cooking oil before raping her, stubs cigarettes out on her body...gets 12 years in prison US Marines Shoot and Kill Four-Year-Old Afghan Boy: President Karzai calls for 'absolute end' to US/NATO military operations on homes and villages University student refuses to work with women on a project for ""religious reasons"". Administration grants his request."
DJIA,2014-01-13,"A broad coalition of well-known organizations (Reddit, the Electronic Freedom Foundation, Free Press, Mozilla and others) announced today that it will stage an online protest against wide-ranging government surveillance of Internet users on 11 February, in memory of activist Aaron Swartz.","6.4 quake hits Puerto Rico coast Neil Young blasts Harper government for allowing oil-sands development: money is number one, integrity isnt even on the map EU Offers Public a Chance to Fix Copyright Law: EU Commission has opened a public consultation which allows all citizens  even those in the U.S.  a rare opportunity to change the path of copyright law"
DJIA,2014-01-14,Mozilla Calls On World To Protect Firefox Browser From the NSA,"Confired: The DEA Struck A Deal With Mexico's Most Notorious Drug Cartel Palm Oil Company Fined for Burning Only Place on Earth Where Tigers, Elephants, Rhinos, &amp; Orangutans Live Together in the Wild  Indonesian court finds 'PT Kallista Alam' firm guilty of illegally burning large swathes of Sumatran Forest. ""The Americans have lied to us"" - Germany loses hope of signing 'no-spy' treaty with US in wake of NSA scandal"
DJIA,2014-01-15,WikiLeaks releases long sought Trans-Pacific Partnership (TPP) Environment draft,"New Memo: Kissinger Gave the ""Green Light"" for Argentina's Dirty War. ""That resulted in the disappearancethat is, deathsof an estimated 30,000 people."" Urn containing Sigmund Freud's ashes smashed in raid on London crematorium Why the DEA Let the World's Tech-Savviest Drug Cartel Do As It Pleased for 12 Years"
DJIA,2014-01-16,"Pope Francis sacks all but one of the cardinals who run the Vatican bank, less than a year after Pope Benedict XVI appointed them","A paedophile ring which streamed live child abuse from the Philippines over the internet has been broken up after an operation by UK police and their counterparts in Australia and the US A huge pile of shit has been dumped outside the French National Assembly to protest against Hollande &amp; the politcal elite. Govt request to remove political content worrying, says Google"
DJIA,2014-01-17,UN: Online Privacy Now Considered a Human Right,"Uganda president refuses to approve anti-gay Bill The Economist talks about ""The coming storm"" - 47% of today's jobs could be automated within 20 years ""No government is prepared for it."" Suggests a radical rethinking of education and redistributive taxes towards lower-wage workers 84-year-old Canadian died in handcuffs while in U.K. immigration lockup: watchdog"
DJIA,2014-01-21,Ukraine's Capital is literally revolting (Livestream),"Science and information suppression is getting so bad in Canada, researchers are squirreling away large volumes of data in their basements for others to use. A BBC photo of a men's cubicle with twin toilets at a Sochi Olympics venue has caused a Twitter storm in Russia Thailand declares state of emergency in Bangkok"
DJIA,2014-01-22,"Dear subscriber, you are registered as a participant in a mass disturbance. a text message that thousands of Ukrainian protesters spontaneously received on their cell phones today, as a new law prohibiting public demonstrations went into effect.","Injured Ukraine activists disappearing from Kyiv hospitals Pope Francis has challenged the world's business elite to do more to help the poor and vulnerable Snowden: If 'Country Is Helped,' Ending Up in Ditch 'Worth It' - In New Yorker interview, Snowden says 'I acted alone' and calls spy accusations by Republican congressman 'absurd'"
DJIA,2014-01-23,Netflix warns it will provoke customer protest if ISPs violate net neutrality principles,"Video of riot police stripping detained protester naked in the snow at tempatures below 0 while taking pictures of him. Reports of police torture continue in Kyiv, Ukraine. Ukraine revolt Livestream (sticky post) Ukraine: One of kidnapped protestors was found in a forest, tortured to death"
DJIA,2014-01-24,"Snowden: ""I think a person should be able to dial a number, make a purchase, send an SMS, write an e-mail, or visit a Web site without having to think about what it's going to look like on their permanent record.""","We did not develop this medicine for Indians...we developed it for western patients who can afford it,"" says Pharmaceutical CEO on expensive cancer drug patent Ukraine: Police undress arrested to take group photos with him [NSFW] Kidnapped Ukrainian protestor Verbytsky found dead; activist Lutsenko describes abduction"
DJIA,2014-01-27,"HSBC is paying $2 billion, or 5 weeks' worth of its profit, to avoid criminal charges in drug cartel laundering case","Pope Francis is preparing a new faith defining document on 'Human Ecology': ""People must defend and respect nature"" UK Considers putting persistent internet pirates in jail and increase the maximum jail time for digital infringement to 10 years Ukraine warns of state of emergency"
DJIA,2014-01-28,Mexico Just Legalized Vigilantism And Then Captured A Huge Cartel Leader,"World-first Edward Snowden interview reveals NSA spying on billions of innocents. ""Its clear that there are times where what is lawful is distinct from what is rightful... and it doesnt take long for an American or German to think of historic examples."" World's Largest Shark Slaughterhouse Uncovered in China Salvation Army officers locked boys in cage, raped and beat them while the Army's leadership often failed to discipline or remove the perpetrators"
DJIA,2014-01-29,"""You're sending the wrong signal to billions of people living in undemocratic states""- Angela Merkel attacks US and UK spying tactics.","Americas health craze for fish oil is wiping out the worlds rarest shark Two Norwegian politicians nominate Snowden for the Nobels Peace price. US bans students from Syria, Iran, Sudan and Cuba from accessing Coursera, the non-profit organization offering free Massive Open Online Courses"
DJIA,2014-01-30,"'Angry Birds' website hacked following NSA spying allegations, displaying a message saying Spying Birds with one of their iconic Angry Birds bearing an NSA logo on its forehead","Danish government implodes over opposition against a deal with Goldman Sachs, to sell them stocks with veto rights over our energy infrastructure The EU is developing a secret plan to give the police the power to control cars by switching the engine off remotely Let Banks Fail Is Iceland Mantra as 2% Joblessness in Sight"
DJIA,2014-01-31,Footage released of Guardian editors destroying Snowden hard drives: GCHQ technicians watched as journalists took angle grinders and drills to computers after weeks of tense negotiations,"Man Washes up in Marshall Islands 'After 16 Months Adrift' at sea Ukrainian riot police have allegedly beaten up a busload of government supporters, after mistaking them for opposition activists A Factory in China is Slaughtering Endangered Whale Sharks - A Chinese non-profit wildlife organization exposes what they believe to be the largest whale shark-processing factory in the world"
DJIA,2014-02-03,"Saudi Arabia put into effect a sweeping new counterterrorism law Sunday that human rights activists say allows the kingdom to prosecute as a terrorist anyone who demands reform, exposes corruption or otherwise engages in dissent.","Hackers Sue German Government Over NSA Spying David Miranda's detention: a chilling attack on journalism | When the partner of journalist Glenn Greenwald was detained at Heathrow airport last August under the Terrorism Act, MI5 were pulling the strings and knew full well that he wasn't a terrorist WikiLeaks founder Julian Assange has claimed that a woman he is alleged to have raped sent text messages admitting that he never assaulted her | In an affidavit published on the WikiLeaks website, Assange cites several SMS messages supposedly exchanged between his two alleged victims."
DJIA,2014-02-04,"Guardian reveals threats of imprisonment and closure over Snowden leaks: ""The British government threatened to jail Guardian editor Alan Rusbridger and close the newspaper last July, over the newspapers reporting of the Edward Snowden revelations""","South Koreans drink twice as much liquor as Russians and more than four times as much as Americans The spy agency which illegally monitored Kim Dotcom's communications has admitted deleting information needed in the upcoming $6 million damages hearing, according to the tycoon Pope: unjust unemployment can mean sin, suicide ""He noted that sometimes 'unjust social conditions' like unemployment lead to this type of destitution by depriving people of the dignity of work and access to education and health care."""
DJIA,2014-02-05,"The Catholic Church must remove all child sexual abusers from their posts and turn them over to the police, the UN says.","UK Police blatantly lie on camera to falsely arrest citizen journalist Indigenous Groups: ""No Keystone XL Pipeline Will Cross Our Lands"" - Native American communities are promising fierce resistance to stop TransCanada from building, &amp; President Barack Obama from permitting, the northern leg of the Keystone Scotland becomes the 17th country in the world to legalize same-sex marriage."
DJIA,2014-02-06,"The system that provides half the drinking water to South Americas largest city, Sao Paulo, will run dry in 45 days if theres no rain, amid the biggest drought on record.",Goldman Sachs Sued for Selling Libya Billions in Worthless Options A dog shelter backed by a Russian billionaire is engaged in a frantic last-ditch effort to save hundreds of strays facing a death sentence before the Winter Olympics Weed-Legalizing President Nominated For Nobel Peace Prize
DJIA,2014-02-07,"Women in Tokyo are threatening a sex boycott against any man who votes for the front-runner in this weekend's gubernatorial election, in protest at his claim that menstruation makes women unfit for government.","UK: Police will have 'backdoor' access to health records despite opt-out, says MP | David Davis says police would be able to approach central NHS database without a warrant as critics warn of catastrophic breach of trust HSBC settlement approved: no criminal charges, 5 weeks' profit in fines, deferred bonuses for laundering billions for narco-terrorists There are spy-cams in Olympic showers, Russian Deputy PM admits"
DJIA,2014-02-10,"Glenn Greenwald and Jeremy Scahill: The NSA's Secret Role in the U.S. Assassination Program. ""At least 273 civilians in Pakistan, Yemen and Somalia have been killed""",Images of the Flying Spaghetti Monster banned from a London university for being religiously offensive Swiss vote Yes on Limits to Immigration: 50.3% yes/49.7% no Google promised change to avoid $5bn fine by the European Commission. Google has been unethically favoring its products in internet searches.
DJIA,2014-02-11,Suicide bomb instructor accidentally gives live demonstration to pupils - 22 dead,"Feb. 11 Is 'The Day We Fight Back' Against NSA Surveillance | More than 5,300 web-based companies and other organizations, including Reddit, Imgur, Tumblr, Mozilla the Electronic Frontier Foundation and the ACLU, have joined forces to protest National Security Agency surveillance on Feb. 11. Donald Trump loses legal challenge to windfarm near his Scottish golf resort. Canada's new citizenship bill gives the government power to revoke citizenship from natural born citizens."
DJIA,2014-02-12,Australian Politician Clive Palmer's nickel refinery pumped toxic waste into Great Barrier Reef park - Company discharged toxic wastewater into world heritage area despite being forbidden from doing so,"U.S. Plummets in Global Press Freedom Rankings Former Japanese Prime Minister Tomiichi Murayama said Wednesday that Japan committed indescribable wrongdoings by forcing women from South Korea and elsewhere to serve as wartime sex slaves. Raise prices of leukaemia and ovarian cancer meds by 4,000 % or we wont supply: Drug manufacturer Aspen Pharmacare threatens to cut off crucial treatment to Spain."
DJIA,2014-02-13,London City Banker tried to put neighbour in mental hospital over 12 inches of land.,"Italy court overturns law equating cannabis with heroin Venezuela anti-government rally turns deadly Slaughtered for Ivory: 65% of Forest Elephants Killed Since 2002 - which means only 35% remain. Annual mortality rate is exceedingly high, at 9% a yr. By the time you eat breakfast, another elephant has been slaughtered to produce trinkets for the ivory market."
DJIA,2014-02-14,The UK Government U-Turns on Election Promise; dropping plans to give voters the ability to dismiss Members of Parliament for serious wrongdoing.,"Russian MPs seek nationwide ban on child beauty pageants Islamic fundamentalists in Syria have started to destroy archaeological treasures, such as Byzantine mosaics and Greek and Roman statues, because their portrayal of human beings is contrary to their religious beliefs Silk road 2 hacked. All bitcoins stolen."
DJIA,2014-02-18,Glenn Greenwald: Top-secret documents from the National Security Agency and its British counterpart reveal for the first time how the governments of the United States and the United Kingdom targeted WikiLeaks and other activist groups with tactics ranging from covert surveillance to prosecution.,"""At the end of the Second World War so many people said 'if only we had known... if only we had known the wrongs that were done in the countries of the hostile forces""- Michael Kirby (UN) on how the world must act on North Korea rights abuse Saudi Arabia: women banned from visiting hospitals without male guardian Another JP Morgan Banker Suicide."
DJIA,2014-02-19,"Left-wing Mexican senators on Tuesday presented an initiative to Legalize Medical Marijuana, saying a new approach was needed to speed up drug liberalization and help end a cycle of cartel violence that has killed tens of thousands","At least nine reported dead, over 100 injured in Kiev as violent clashes break out near Ukraine's parliament Thai court bans use of violence against protesters. Pussy Riot attacked with whips by Cossack militia at Sochi Olympics"
DJIA,2014-02-20,Ukraine: Video of police shooting AK-47 and sniper rifles at people,"600 year old Voynich manuscript partially decoded by University of Bedfordshire professor 22-year-old student dies from bullet wound after being shot in the head during a protest, 5th fatality of unrest in Venezuela Keystone Pipeline struck down by Nebraska Judge"
DJIA,2014-02-21,Ukrainian Skier Pulls Out of Olympics To Join Protestors In Kiev,"Polish minister warns protest leader 'you'll all be dead.' The Polish foreign minister has been filmed telling a protest leader: ""If you don't support this [deal] you'll have martial law, you'll have the army. You will all be dead."" Footage captured of clearly marked medic being shot by police snipers in Kiev. The People Have Won: Ukraine President Yanukovych calls early vote"
DJIA,2014-02-24,The Egyptian government has resigned.,"President Yoweri Museveni has signed the Ugnada anti-gay bill. The new law punishes first-time offenders with 14 years in jail, and allows life imprisonment as the penalty for acts of ""aggravated homosexuality"". The law makes it a crime not to report gay people. Venezuela: how photos get manipulated. ""This article provides graphic evidence of how some postings on social and other media have reproduced images culled from elsewhere and portrayed them as depicting events in Venezuela..."" Russia advises U.S. to watch its own use of force - Interfax"
DJIA,2014-02-25,Russia Says It Will Keep Out of Ukrainian Affairs,"Ukraine protester falls for policeman at barricades, offered live TV interview about romance, instead rants about corruption in the TV station and shames them with pictures of her dead friends. ""It is true that I fell in love with the policeman that I met, but I'm going to tell you another story..."" Was Apple security flaw actually an NSA backdoor? Turkish main opposition convenes over Erdoan's voice recording regarding $1 billion cash stored in several properties of Erdoan family."
DJIA,2014-02-26,"New Snowden Doc Reveals How GCHQ/NSA Use The Internet To 'Manipulate, Deceive And Destroy Reputations' of activists.","An Italian woman with cancer is suing health authorities after she was subjected to grueling radiotherapy 22 times - on the wrong breast Switzerland could soon have the world's highest minimum wage - at $24.80 per hour, or $4,505 a month. China's air pollution has reached the level of a ""nuclear winter"", with even crops and agriculture facing problems. Beijing's pollution concentration is at 505 micrograms, 20 times the World Health limit. The Shanghai Academy of Social Sciences says that the city is ""uninhabitable for human beings""."
DJIA,2014-02-27,UK spy agency intercepted webcam images of millions of Yahoo users,"Armed men seize Crimea parliament - reports | World news Taxing the rich is good for the economy, IMF says - Business NASA has discovered 715 New Worlds"
DJIA,2014-02-28,Scotland to offer gay Ugandans asylum,"Jamaica will decriminalise possession of small amounts of marijuana this year Ukraine says it has repelled ""Russian invasion"" and has retaken territory seized by Russians earlier. An official has said that Ukraine repelled a combination of Russian soldiers and pro-Kremlin militias- the country continues to appeal to the West for protection against Russia. Monsanto's Roundup may be linked to fatal kidney disease. A heretofore inexplicable fatal, chronic kidney disease that has affected poor farming regions around the globe may be linked to the use of biochemical giant Monsantos Roundup herbicide in areas with hard water."
DJIA,2014-03-03,"At least 10,000 people bearing Russian flags marched freely through Moscow on Sunday in a pro-invasion rally, while dozens of people demonstrating on Red Square against an invasion of Ukraine were quickly detained by Russian riot police.","G-7 Leaders Statement: we (the G-7: Canada, France, Germany, Italy, Japan, the United Kingdom and the United States) have decided for the time being to suspend our participation in activities associated with the preparation of the scheduled G-8 Summit in Sochi in June Poland says Russian appeasement not an option: ""History shows that those who appease all the time in order to preserve peace usually only buy a little bit of time."" Warsaw fears Russia will push west through Ukraine and threaten Poland now. Russia deploys 3500 troops and heavy equipment on Batlic coast in Kaliningrad Oblat near Polish and Lithuanian borders"
DJIA,2014-03-04,David Cameron's aide on child internet policy has been arrested for child pornography,"Russian President Putin accuses U.S. of double standard in criticizing his nation's incursion into Crimea. ""A Kremlin aide was quoted on Tuesday [4 March 2014] as saying that if the United States were to impose sanctions on Russia over Ukraine, Moscow might be forced to drop the dollar as a reserve currency and refuse to pay off any loans to U.S. banks."" Obama promises to protect Poland against Russian invasion"
DJIA,2014-03-05,"Venezuela: In 17 days of protest: 18 dead, 261 wounded, 1044 arrests and 888 precautionary measures","Senator Scott Ludlam coolly tells Prime Minister Tony Abbott to go ram his ""heartless, racist exploitation of peoples fears"" Russia and US Still Friends in Space, NASA Says Sweden stops aid to Uganda over anti-gay laws"
DJIA,2014-03-06,Russia Today Anchor Resigns Live On Air: I cannot be part of a network funded by the Russian government which whitewashes the actions of Putin.,"Obama Signs Order Declaring Ukraine Crisis an Extraordinary Threat to National Security Marijuana decriminalization is under ""serious consideration"": Canada's conservative party Turkey grants US warship permission to enter Black Sea"
DJIA,2014-03-07,Russian soldiers training in Canada given 24 hours to leave country,"Court in Lebanon rules that Homosexuality is ""not a crime, nor against nature"" in historic ruling China ""concerned"" after North Korean missile test comes dangerously close to hitting Chinese airliner with 200 passengers onboard Uganda president wants poachers 'shot on sight'"
DJIA,2014-03-10,Russian troops fire at Ukraine military post,"The man who witnessed Steve Irwin's dying moments has described for the first time how a massive stingray wildly stabbed the conservationist 'hundreds of times'. Kim Jong-un calls for execution of 33 Christians Ukraine may have to go nuclear, says Kiev lawmaker"
DJIA,2014-03-11,Swedish reporter shot dead in Afghanistan,"ABC News reports a satellite imaging company out of Denver, Colorado is crowdsourcing the search for Malaysia Airlines Flight 370. Help search for the missing plane using satellite images shot this weekend. Anti-war protest in Moscow: ""Ukrainians, forgive us"" [video] Israeli troops shoot dead a Palestinian-Jordanian judge at border crossing"
DJIA,2014-03-12,"220,000 troops, 1,800 tanks, 400 helicopters on Ukraine border as Russia launches exercise of 4000 elite paratroopers and 36 planes.",Australian makes protesting illegal and fines protesters $600 and can gaol (jail) up to 2 years A girl who was kidnapped 7 months ago in Spain has turned up alive in the depths of the Amazon rainforest Russia has lost more money in one day as a result of the Ukraine crisis than it spent preparing for the Sochi Games
DJIA,2014-03-13,"Australia: Coalition Lies to UN in Order to Strip Tasmanian Forest of Heritage Listing so it Can be Developed - Photos show 90% of the 74,000 hectares the govt claims is degraded are ecologically pristine forests","Uncovered in Jerusalem, 9 tiny unopened Dead Sea Scrolls U.S. Investigators Suspect Missing Airplane Flew On for Hours MH370: BBC have just broadcast this satellite image which Chinese officials believe could be wreckage from Flight MH370."
DJIA,2014-03-14,A draft European law requiring all phones sold in the EU to be compatible with a common charger was approved by the European Parliament yesterday.,"Russia Is Preparing to Invade East Ukraine, Estonia Says MH370: US officials said that because two separate communication systems were shut down separately, the plane did not suffer a catastrophic accident. Sri Lanka bans Monsanto herbicide citing potential link to deadly kidney disease"
DJIA,2014-03-17,"A 100-year-old Saudi beggar died leaving a million-dollar fortune behind, secretly amassing a fortune and real estate portfolio over 50 years of begging on the streets of Jeddah that rivaled those of the citys millionaires.","Eight days after Flight MH370 vanished, Malaysian authorities are seeking diplomatic permission to investigate a theory that the Boeing 777 may have been flown under the radar to Taliban-controlled bases on the border of Afghanistan and North West Pakistan, The Independent has learnt. UN report on North Korea finds 'atrocities like WW2' Britain's five richest families worth more than poorest 20%"
DJIA,2014-03-18,Putin announces that Russia will annex Crimea into the Russian Federation,"Taliban denies MH370 involvement; ""We wish we had an opportunity to hijack such a plane,"" commander says. Russia Suspended From G8 Birth of the Universe detected by scientists.Proving that the universe expanded by 100 trillion trillion times, in less than the blink of an eye."
DJIA,2014-03-19,"More Than 900 Workers Have Already Died Building Qatars World Cup Facilities | The International Trade Union Confederation says that if conditions dont improve, at least 4,000 migrants will die before kick-off","Putin's top aide mocks US sanctions: 'The only thing that interests me about the US is Tupac, and I don't need a visa for that'. Putin on Western criticism: ""They tell us that we are violating the norms of international law. First of all, it's good that they at least remember that international law exists"" TED Prize winner: Rip veil off corporate criminals - Charmian Gooch, the anti-corruption crusader who co-founded Global Witness, called Tuesday night for action to lift the veil on who owns corporations around the world."
DJIA,2014-03-20,"Guy buys golden egg for $13,000. Turns out to be a Faberge egg worth $33.3 million.","Tech Giants Knew About Prism All Along, the NSA's Top Lawyer Says Man in his early 20s 'woke to find MP Nigel Evans raping him' BP wins new US oil contracts four years after Deepwater Horizon disaster - wins 24 bids to begin exploration in the Gulf of Mexico, just days after authorities lifted a year-long ban"
DJIA,2014-03-21,Pirate Bay Founder Peter Sunde Gets Ready to Run for European Parliament,"Microsoft sells your Information to FBI; Syrian Electronic Army leaks Invoices The Trans-Pacific Partnership Will ""Significantly"" Restrict Online Freedoms We Need Three Planets to Keep the Human Race Alive, NASA Scientist Says"
DJIA,2014-03-24,Egypt court sentences 529 to death,"Malayisan PM: ""Flight MH370 ended in the southern Indian Ocean"" Russia ready to annex Moldova region, Nato commander claims Norway's army is making women share bedrooms with their male colleagues. This has led to a drop in reports of sexual harassment"
DJIA,2014-03-25,Solar Power Is Now Just As Cheap As Conventional Electricity In Italy And Germany,"Russian thugs beat up St Patricks flashmob after mistaking it for gay activists U.S., other powers kick Russia out of G8 Jimmy Carter: ""I have become convinced that the most serious and unaddressed worldwide challenge is the deprivation and abuse of women and girls."""
DJIA,2014-03-26,"Brazil passes Internet governance Bill: Brazil has made history with the approval of a post-Snowden Bill which sets out principles, rights and guarantees for Internet users.","Kenya to use drones to fight elephant, rhino poachers Icelanders can now each claim $400 worth of Auroracoin, the country's new digital currency ""The goal is to decentralize power and revive Iceland's local economy, given that the kroner has fallen dramatically in value in recent years. Iceland was hard hit by the 2008 global financial crisis ..."" As Turkey censors Internet, Tor adds 10,000 new users per day - Turkeys online censorship and banning of Twitter is fueling mass adoption of Tor, the most popular anonymity network online, as a tool to circumvent government obstruction"
DJIA,2014-03-27,Turkey bans YouTube,"Estonias President suggestion on how to deal with Russia: go after the Kremlins banks like youd go after a terrorists, question the legitimacy of Russian passports, and never doubt Putins taste for territory. Catholic bishop who blew $300,000 on a fish tank and $900,000 on LED lighting blames his deputy for lavish spending Prepare for War in 2015, Kim Jong-un Tells Officers"
DJIA,2014-03-28,"UN Slams US for torture, NSA spying","Russia to raise price of Ukrainian gas 80% UK Government: DVD and CD ripping will be legalized this summer Ukraine says 100,000 Russian troops near border"
DJIA,2014-03-31,The UN's International Court of Justice has ruled that Japan's Antarctic whaling programme is not for scientific purposes,"BBC News - North and South Korea exchange fire across western sea border 10,000-year-old settlement found in Cork NSA Infiltrated RSA Security More Deeply Than Thought"
DJIA,2014-04-01,Opposition ballots found in trash bags in southern Turkey,"Mexican marines kill leader of Knights Templar drug cartel Saudi Arabia Doubles Down on Atheism; New Laws Declares It Equivalent to Terrorism -- ""non-believers are assumed to be enemies of the Saudi state"" Lithuania bans Russian TV station over 'lies'"
DJIA,2014-04-02,An 8.0 magnitude earthquake has struck offshore Northern Chile - Live coverage inside.,Japan Halts Whaling Program in Response to International Court Ruling Putin Divorces Wife after 30 Years A suspected World War II bomb exploded in the Thai capital as scrap metal workers tried to cut it open with a blow torch
DJIA,2014-04-03,"European Parliament passes strong net neutrality law, along with major roaming reforms","Australia's government is considering making it illegal to boycott a company for environmental reasons EU votes net neutrality into law, abolishes mobile roaming charges ""Blocking and throttling Internet traffic will become illegal in the European Union following a parliamentary vote on Thursday ... The package also abolishes roaming charges for mobile phone use in the EU."" Massive 7.8 earthquake (aftershock of yesterdays 8.2 quake) just hit 40km from Iquique, Chile. Damage and injuries are very likely to occur. [Live updates in article]"
DJIA,2014-04-04,"NASA detects ocean inside Saturn Moon, potential home for extraterrestrial microbes",McDonald's Closes Crimea Restaurants - Offers to relocate staff who wish to move to Ukraine. Ukraine detains 12 riot police on suspicion of 'mass murder' The White House confirms a US government aid agency was behind a text-message service that was allegedly designed to foment unrest in Cuba
DJIA,2014-04-07,India losing 70% voice and call centre business to Philippines,"Norway refuses holiday visa to Russian TV's Dmitry Kiselyov, the anchor who recently said Russia was the only country that could reduce US to radioactive rubble French organic winegrower fined for refusing to spray grapes with pesticide ""Giboulot refused to comply with the official instructions on crop spraying on the ground that the insecticide caused collateral damage among pollinating insects, including bees."" Syria's Assad says political Islam project has failed  there should be no mixing between political and religious work"
DJIA,2014-04-08,"Swedes to give six-hour workday a go: Municipal staff in Gothenburg will act as guinea pigs in a proposed push for six-hour workdays with full pay, with hopes that it will cut down on sick leave, boost efficiency, and ultimately save Sweden money.","School in Canada makes non-vaccinated students stay home to halt the spread of measles Ukraine Turmoil Leaves Zoo Animals Starving  Over 6,000 in dire straits. 114-yr-old Nikolaev Zoo survived 2 world wars, but likely not this. Only enough left for carnivores to eat today &amp; tomorrow. Herbivores will last 1 more week. No medical supplies. A man with total amnesia has turned up in Norway. He speaks 4 languages, including Russian, and calls himself John Smith."
DJIA,2014-04-09,Shark fin trade from Hong Kong to China drops almost 90 per cent in one year,"Carbon Dioxide Levels Climb Into Uncharted Territory for Humans. The amount of carbon dioxide in the Earth's atmosphere has exceeded 402 parts per million (ppm) during the past two days of observations, which is higher than at any time in at least the past 800,000 years German Chancellor Angela Merkel denied access to her own NSA file Edward Snowden: Whistleblower 'did complain to NSA' before leaking classified US Government documents"
DJIA,2014-04-10,Australia rules homeopathic remedies useless,Burger King Expands Into Crimea After McDonald's Exit Satellite images show Russian military hardware and Spetznaz (special forces) massing at Ukrainian border Uruguay Wants to Give Marijuana to Prisoners - A leading health official tells UN the country is interested in experimenting with medical marijuana to treat prisoners suffering from cocaine addiction.
DJIA,2014-04-11,"China Finds Nearly 2,000 Firms in Breach of Anti-pollution Rules - Ministry trying to improve enforcement by using real-time monitoring that'll give govt regulators direct access to data. To invest 40 billion yuan ($6.45 billion) to boost monitoring capacity.","Pastafarians rejoice as Church of the Flying Spaghetti Monster is granted permission to register as a religion in Poland 'Cherry tree from space' mystery baffles Japan ""State of Palestine"" allowed to join Geneva Conventions"
DJIA,2014-04-14,"Looks Like Rome is Even More Ancient than Thought - As Italian capital approaches 2,767th birthday, excavation reveals wall built long before official founding year of 753BC. It seems to have channeled water. Around it, are pieces of ceramic pottery &amp; remains of food.","Ukraine says it can prove that Russia coordinated weekend attacks Russian fighter jet makes multiple, close-range passes near an American warship in the Black Sea Glow-in-the-dark roads make debut in Netherlands -- They look beautiful, but they could also save a lot on streetlight power. The glow lasts up to eight hours once powered throughout the day."
DJIA,2014-04-15,Billionaire Takes Up Fight Against African Poachers  Pledges to provide a helicopter &amp; a multi-million dollar investment to protect South Africas rhinos.,Guardian and Washington Post win Pulitzer prize for NSA revelations | Media Russian paramilitary leaders in eastern Ukraine caught on tape communicating with Moscow Ukraine has asked the UN for troops
DJIA,2014-04-16,South Korea ferry carrying 350 sinking.,"Several armoured personnel carriers have reportedly entered the eastern Ukrainian town of Slaviansk, with the lead vehicle showing the Russian flag U.S. drone strike kills New Zealander, Australian in Yemen China's president urges greater militarization of space"
DJIA,2014-04-17,Putin admits Russian forces were deployed to Crimea.,"Jimmy Carter and Nobel Laureates Urge President Obama to reject the Keystone XL Pipeline: ""History will reflect on this moment..."" Ukraine submits proof of Russian covert action Putin Asserts Right to Use Force in Eastern Ukraine - '[He] stressed Russias historical claim to the territory, repeatedly referring to it as new Russia'"
DJIA,2014-04-21,Twitter bans two whistleblower accounts exposing government corruption after complaints from the Turkish government,"Jamaica sees green in ganja -- After more than a century, the island of music and marijuana seems ready for legalization Canadians rally to legalize marijuana Japan defence chief puzzled by Russian warplanes: The country's air defence force scrambled fighter jets for seven days in a row after spotting Russian military planes. ""They are continuing flights, which we deem as abnormal and were unseen even in the Cold War era,"" - Defence Minister"
DJIA,2014-04-22,China: Violent Government Thugs Beaten To Death By Angry Crowds After They Killed A Man Documenting Their Brutality,"North Korean new generation losing faith in the regime: After decades of absolute control, Pyongyang's iron grip on the lives of ordinary citizens is finally slipping Arab royal hunts down 2,100 internationally protected houbara bustards in three week safari Bolivia raises minimum wage by 20%"
DJIA,2014-04-23,"British people by 2:1 ratio say it was good for society, not bad, that newspapers reported the materials given to them by Edward Snowden","Mission to Mars is necessary for survival of human race Pope Francis told divorced and remarried woman there is nothing wrong with her taking Communion: Pope Francis reportedly told a divorced and remarried woman that there is nothing wrong with her taking Communion, in what would be a huge departure from current Catholic teaching. ""Russian Facebook"" founder flees country after being forced out as CEO: Russian social network is now effectively under state control"
DJIA,2014-04-24,FCC Abandons Net Neutrality,"Iran's President Rouahani calls for gender equality American troops now en route to Lithuania, Latvia, and Estonia in response to Russian troop movements and European concerns over ""Russian aggression"". Yesterday, US soldiers arrived in Poland. Putin calls the internet a 'CIA project'."
DJIA,2014-04-25,China to jail eaters of rare wild animals,"In the past 24 hours, Saudi Arabia has reported four new deaths from a Middle East virus related to SARS and 36 more cases of infection, including a Turkish pilgrim in Mecca. Reclusive owner of South Korean ferry dubbed the millionaire with no face is raided by police as its revealed the doomed vessel was THREE times over its maximum load Ukraine warns Russia is bent on World War Three"
DJIA,2014-04-28,More than Two-Thirds of Afghanistan Reconstruction Money has Gone to One Company: DynCorp International,"683 Muslim Brotherhood Supporters Sentenced to Death in Egypt Hitler's former maid Elisabeth Kalhammer breaks her silence after 71 years Cold War Spy-Satellite Images Unveil Lost Cities. Photos triple number of known archaeological sites across the Middle East, revealing thousands of ancient cities, roads, canals, and other ruins."
DJIA,2014-04-29,Snowden to reveal secrets of Arab dictators,"Pirate Party founder Rick Falkvinge admits using drugs and enjoying it, slams Sweden for ""deranged"" and ""destructive"" drugs policy that leads police to ""arrest anyone on any bullshit suspicion"" Turkey to require pet owners to undergo mandatory certification. A new law also will forbid the sale of most animals in pet shops. U.S. Taped Moscow Plotting Chaos"
DJIA,2014-04-30,"Afghan couple hack off nose, ears of cleric who sexually assaulted their daughter","WHO says world poised for 'post-antibiotic' era U.S. would react immediately if Russia invaded Ukraine, says American ambassador US offers $5 million bounty for China executive accused of trying to sell missile technology to Iran"
DJIA,2014-05-01,France agrees workers can give days off to colleagues with sick children: France has passed a law allowing workers to give some of their days off to a colleague with a seriously ill child. The idea came from the case of a man whose colleagues donated 170 days while his son was battling cancer.,"Germany blocks Edward Snowden from testifying in person in NSA inquiry: The German government has blocked Edward Snowden from giving personal evidence in front of a parliamentary inquiry into NSA surveillance, it has emerged hours before Angela Merkel travels to Washington for a meeting with Obama. New video emerges of Rob Ford smoking crack in his sister's basement last Saturday Google breaks Canadian privacy laws with ads based on personal health information"
DJIA,2014-05-02,Billionaire dies and leaves $3.3 billion to charity,"'Many dead' in Ukraine offensive, rebels killed, injured and arrested in Ukraine offensive Neo-Nazis spark first church alarm since WWII: The churches in Jnkping, Sweden, rang their bells in warning for two hours on May Day as neo-Nazis took to the streets. The alarm marked the first of its kind for the central Sweden town since World War II broke out."" Top 1% taking lion's share of global growth, OECD says"
DJIA,2014-05-05,"Tokyo hit by 6.2 magnitude earthquake (May 5th, 2014, 5:16 am)","New nature preserve will be the largest on Earth - At more than 500,000 square miles, the marine park is twice the size of Texas and three times the size of Germany Young blood rejuvenates brains and muscles of old mice: If three discoveries in mice reported on Sunday are applicable to people, making old brains and old muscles perform like young ones may require simply a blood transfusion. Ukraine: Civilians gearing up to face civil war, learning to handle weapons"
DJIA,2014-05-06,Putin outlaws denial of Nazi crimes -Russian President Vladimir Putin signed a law on Monday making the denial of Nazi crimes and distortion of the Soviet Union's role in the World War Two a criminal offence punishable by up to five years in jail.,"Vladimir Putin mounting a slow-motion invasion of Ukraine, Stephen Harper tells NATO Morocco wind farm, Africa's biggest, starts generating power. The North African kingdom has no hydrocarbon reserves of its own and hopes to cover 42 percent of its energy needs with renewable sources by 2020. Emails reveal close Google relationship with NSA"
DJIA,2014-05-07,"End The War On Drugs, Say Nobel Prize-Winning Economists",President Susilo Bambang Yudhoyono said Indonesia is not a Muslim country and any efforts to turn it into one must be resisted Great Barrier Reef's 'unprecedented' threat from Australian PM Tony Abbott's decision to dredge and dump Ukrainian girl gunned down as she was delivering sandwiches to pro-Russian activists
DJIA,2014-05-08,"Fast-food workers announce global protest, walkouts set for 33 countries",Vietnamese government shows reporters footage of Chinese Coast Guard ramming and using water cannons on Vietnamese ships after they attempted to block illegal drilling rigs in disputed waters of the South China Sea. Vietnamese claim 80 Chinese ships were deployed including 7 military vessels. War on drugs is a failure. German NSA investigative panel to allow Snowden to testify
DJIA,2014-05-09,Rio 2016 so far behind schedule the IOC considering using London 2012 sites instead.,Australian Treasurer Joe Hockey has attacked wind farms as utterly offensive and a blight on the landscape in the latest sign that the Abbott government intends to cut back on renewable energy Pope Francis Calls For 'Legitimate Redistribution' Of Wealth To The Poor. Beijing to the US by train: China outlines plans to connect world by high speed rail network
DJIA,2014-05-12,Govt to axe Australian Renewable Energy Agency,"Russia blogger bill authorized today, requires bloggers to publicize identity, all posts will be inspected by government officials and any ""terrorist or propagating posts"" are subject to fines and imprisonment. Japanese whalers have restarted operations in the north-west Pacific only weeks after the United Nation's highest court banned Japan's so-called scientific whaling program in the Antarctic Brazil Police warn visitors, 'Don't scream if robbed'"
DJIA,2014-05-13,"Found after 500 years, the wreck of Christopher Columbuss flagship the Santa Maria","Right to be forgotten: EU court rules Google must amend results on request. Individuals have right to control their data and can ask search engines to remove results, says European court. 13 arrested for cutting buffalo milk with cheaper cow milk in Italian cheese scandal. British police ask blogger to remove legitimate tweet criticising UK political party"
DJIA,2014-05-14,British Government to release 1.2 million illegally held documents to the public - some over 200 years old,"Ukraine Stops Water Supply to Crimea Germany Sets New Record, Generating 74 Percent Of Energy Needs From Renewable Energy. With wind and solar in particular filling such a huge portion of the countrys power demand, electricity prices actually dipped into the negative for much of the afternoon Silvio Berlusconi's links with Italian organised crime confirmed"
DJIA,2014-05-15,Alberta government is planning to sell off crucial caribou habitat to the energy industry just days after a federal scientific panel said the herds were in immediate danger of vanishing completely,"Sudan woman sentenced to be hanged for apostasy for refusing to return to Islam, after marrying a Christian man The biggest fast food strike in the history is happening around the world today Saudi Arabia: Farmers flout Mers warning by kissing camels - People are taking photos and videos of themselves kissing camels in defiance of a warning from Saudi health authorities not to go near the animals, which have been linked to the deadly Mers virus."
DJIA,2014-05-16,"FIFA head calls Qatar 2020 World Cup a ""mistake""","Villagers Kill 200 Boko Haram Insurgents With Dane Guns, Arrows; Catch 10 Alive. Young people 'feel they have nothing to live for' ""Almost a third of long-term unemployed young people have contemplated taking their own lives."" Steel Workers in Mariupol, Ukraine seize the city and out Pro-Russian Militants"
DJIA,2014-05-19,"Tens of thousands gather in Australian capital cities to protest the Abbott government's cuts against health, welfare and education, the Murdoch press runs with ""The Ferals Are Revolting"".","Chilean activist destroys student debt papers worth $500m Food should be regulated like tobacco, say campaigners: The food industry should be regulated like the tobacco industry as obesity poses a greater global health risk than cigarettes, say international groups. U.S. to Sue Chinese Military for Digital Espionage"
DJIA,2014-05-20,Thailand's army has declared martial law.,"WikiLeaks said it would reveal within 72 hours the name of a second country where the NSA is said to be using a cyber-espionage programme to record the content of all phone calls made, despite a warning from journalist Glen Greenwald that revealing the name of the nation could lead to deaths. Aussies To Slash 90% Of Global Warming Funding From Budget Tesla promises electric car revolution : Tesla electric car owners will be able to drive 300 miles without stopping and restore almost half of battery life in just 20 minutes, company claims"
DJIA,2014-05-21,"France Mistakenly Orders 2,000 Trains Which Are Too Wide For Its Platforms",VIDEO: CCTV footage indicates killed Palestinian youths posed no threat when shot by Israeli forces Tony Abbott's daughter did not have to pay for 60000 design degree Russia and China seal historic multibillion gas deal
DJIA,2014-05-22,All three matadors gored in opening of San Isidro festival. Event cancelled.,"India's new PM to Use Solar to Bring Power to Every Home by 2019 Uruguays President Jose Mujica wants to host Syrian children victims of war in his summer residence US Govt ""does not deny it routinely spies to advance American economic advantage"""
DJIA,2014-05-23,WikiLeaks reveals that NSA spies on almost all of Afghanistan's communications,"Merrill Lynch, Charles Schwab Accounts Linked To Mexican Drug Cartels: SEC Twitter's blocking of 'blasphemous' content raises questions over its censorship policy I was framed: Court outburst by billionaire mining tycoon Liu Han as he is sentenced to death"
DJIA,2014-05-27,"The Soma coal mine, where 301 workers lost their lives, received a perfect score in March by an official inspector, who is the brother-in-law of a senior executive of the company","A Pakistani woman has been stoned to death by her family in front of a Pakistan high court for marrying the man she loves. Pope Francis declares 'zero tolerance' for clergy linked to sexual abuse, says he will meet victims next month. World Meteorological Organization: Carbon Dioxide hits 400ppm, 'Time is running out'"
DJIA,2014-05-28,Judge questions why only the boy is charged in underage sex case,"ISS crew from Russia, USA, and Germany, hug and take selfie to say No' to politics and Ukraine tension in Space. Nobody Wants To Host The 2022 Olympics There will be no investigation into the alleged mass surveillance of German citizens, nor will there be an investigation into the NSA's alleged spying on Chancellor Angela Merkel's phone, the German federal prosecutor has decided."
DJIA,2014-05-29,"Top scientists warn World Health Organization not to classify e-cigarettes as tobacco products, arguing that doing so would jeopardize a major opportunity to slash disease and deaths caused by smoking.","Edward Snowden says he would like to return home but not to a ""jail cell"" A Third of the World is Now Obese or Overweight The husband of a Pakistani woman stoned to death for refusing to participate in an arranged marriage told CNN her family had demanded 100,000 rupees if the couple wanted to stay alive."
DJIA,2014-05-30,India arrests police officers over gang rape,"Siberian fisherman accidentally nets 4,000-year-old pagan god Thousands rallied in Melbourne tonight against the Australian government's proposed healthcare plans. Canadian Weather Forecasters Forbidden From Discussing Climate Change"
DJIA,2014-06-02,Google is building 180 satellites to spread internet access worldwide,"King Juan Carlos of Spain abdicates Authorities 'cover up' radioactive waste dump | A highly radioactive substance, emitting in some places radiation 100 times the permitted amount, has been discovered in the canton of Bern, Swiss media reported on Sunday, adding that authorities had covered it up for 18 months. 7 die in Cambodia after looking for money (equivalent to approx $0.75 USD) in well"
DJIA,2014-06-03,"Satirist Bassem Youssef (the ""Jon Stewart"" of Egypt) ends TV show: ""The present climate in Egypt is not suitable for a political satire program...Im tired of struggling and fearing for my personal and my familys safety and that of the people around me.""","Alexander Shulgin dead: Godfather of ecstasy and pioneering psychedelic pharmacologist dies aged 88 Reset the Net! Reddit, Greenpeace, Amnesty unite in anti-NSA hit campaign | Opponents of mass government surveillance are braced for the June-5 campaign for a free and secure internet, led by some of the worlds largest websites. Attack of the Russian Troll Army: Russias campaign to shape international opinion around its invasion of Ukraine has extended to recruiting and training a new cadre of online trolls that have been deployed to spread the Kremlins message on the comments section of top American websites."
DJIA,2014-06-04,Relatives of Chinese citizens gunned down during the 1989 Tiananmen massacre have defied unprecedented Communist Party attempts to silence them to demand the truth about their loved-ones deaths ahead of todays 25th anniversary of the crackdown.,"David Cameron's house 'fracked' by protestors Nigerian military court-martials 15, including 10 generals, for aiding Boko Haram The mayor of Venice is among 35 people arrested in Italy over alleged corruption in connection with new flood barriers built to protect the city."
DJIA,2014-06-05,"The Worlds first waste-to-biofuels facility has opened in Edmonton Canada. The facility converts household garbage into biofuels. By 2016, it is expected that 90 per cent of the city's waste will be diverted out of the landfill because of this facility.","Dont ask for privacy, Take it back: Anti-NSA #ResetTheNet campaign kicks off Gunman on the loose in Moncton: Unconfirmed reports RCMP officers shot After 16 hours, gunman who killed three Canadian cops still on the loose, city in lockdown"
DJIA,2014-06-06,"Quebec passes 'dying with dignity' bill, allows terminally ill patients be given the choice to end their lives.","Europe to force Google, Facebook to abide by EU privacy rules Gunman who killed three RCMP officers and wounded two others in Moncton has been captured by police Irish government now seemingly caught in the act of tapping thousands of phones"
DJIA,2014-06-09,Kim Dotcom offers $5m bounty in online piracy case - Megaupload founder in bid to prove US authorities aided by New Zealand illegally targeted him at behest of Hollywood studios,"Lego asks UK government to stop using their products in anti-Scottish-independence videos. F-35's single engine too dangerous for Canadian military, report says Religious orders allowed over 2,000 Irish children to be used in medical experiments"
DJIA,2014-06-10,Baby rhino Gertjie refuses to sleep alone after witnessing his mother's death at the hands of poachers - The baby rhino was found 'crying inconsolably' next to his dead mother in South Africa,"Mexico City joins others in banning animals in circuses Boris Johnson calls for removal of anti-homeless spikes: London mayor says 'ugly, self-defeating and stupid' spikes outside luxury flats are not the answer to rough sleeping New Inca Road Discovered Leading Right to Machu Picchu - Road includes a nearly 5 meter long tunnel, still intact 500 yrs after its construction"
DJIA,2014-06-11,"Canadian ""Cyberbullying"" law would let government ""remotely hack into computers, mobile devices, or cars""","Chile rejects Patagonia wilderness dam project: The Chilean government has rejected a plan to build five hydroelectric dams on rivers in the south of the country. Its decision follows years of campaigning by environmentalists and local communities. Taxi drivers to bring London to a standstill over row with Uber. The last organised strike of this magnitude cost London over 600 Million. Revealed: Asian slave labour producing prawns for supermarkets in US, UK | Thai 'ghost ships' that enslave, brutalise and even kill workers are linked to global shrimp supply chain, Guardian investigation discovers"
DJIA,2014-06-12,"Australian government grabs $360 million from idle household bank accounts that have been dormant for just three years, prompting outrage in some quarters amid complaints that pensioners and retirees have lost deposits.","Brazil airports go on Strike.... hours before World Cup... Rich got 14.6% richer in 2013 Uber sees an 850 percent jump in sign-ups, while cab drivers across Europe protest the taxi-hailing app by going on strike. Experts call the strike against Uber ""PR gold"" for the app."
DJIA,2014-06-13,"WildLeaks attracts major wildlife crime leads in first three months | A new WikiLeaks-style website targeting the kingpins of wildlife crime has attracted serious leads on elephant, tiger, fishery and forest destruction across the globe.","Jamaica to decriminalize personal marijuana possession Tear gas, rubber bullets and stun grenades on the streets of Sao Paulo as World Cup begins China battles to be first ecological civilisation: Premier Li Keqiang has declared a ""war on pollution"". His leadership has drawn up a philosophical framework called ecological civilisation. It aims to ""bring everything back to the relationship between man and nature"""
DJIA,2014-06-16,Michael Schumacher out of Coma,"Australia's government is trying to delist 74,000 acres of world heritage protected rainforest to make way for loggers British public wrongly believe rich pay most in tax, new research shows - Study shows poorest 10% pay eight percentage points more income, prompting calls for more progressive system Japanese fans clean stadium after losing 2-1 against Ivory Coast: Japanese fans who watched their national team be defeated by the Ivory Coast in the Fifa World Cup on Saturday showed it is possible to lose graciously, when they stayed behind after the match to help clean up."
DJIA,2014-06-17,"Tiny island nation that controls vast area of Pacific Ocean bans all commercial fishing in one of world's largest marine parks - ""If you think of the ocean as a bank account in which everybody withdraws but nobody makes a deposit, then protected marine reserves are like savings with interest.""","Britains top counter-terrorism official has been forced to reveal a secret government policy justifying the mass surveillance of every Facebook, Twitter, Youtube and Google user in the UK. New Zealand government to open up habitat of worlds rarest dolphin for oil exploration. Pope tells super rich, bankers to find some ethics"
DJIA,2014-06-18,Secular triumph as British government bans creationism from free schools and academies,Baghdad has formally called on the United States to launch air strikes against jihadist militants Japan makes possession of child pornography a punishable offense ISIS begins assault on Baghdad: Gunmen attack North of Iraqi Capital
DJIA,2014-06-19,"Fiji accuses global community of abandoning the Pacific on climate change, singles out 'selfish' Australia - accused the global community of abandoning Pacific island nations to ""sink below the waves"" instead of tackling climate change.",China has handed down lengthy jail terms to three anti-corruption activists who had called for officials to disclose their personal wealth Australian High Court finds $245.3m federal funding of chaplaincy program unconstitutional. Petraeus: U.S. Must Not Become the Shia Militia's Air Force
DJIA,2014-06-20,Indian Govt. planning to make 50 essential medicines free of cost for every citizen from birth to death.,"Doctors without Borders say that ""the Ebola outbreak ravaging West Africa is 'totally out of control'"" and ""the outbreak is far from over and will probably end up as the most deadly on record."" WikiLeaks publishes 'secret draft' of world trade agreement: Deal among 50 countries would help prevent added regulation of financial services, website says Pope condemns efforts to legalize marijuana | Al Jazeera America"
DJIA,2014-06-23,Al-Jazeera journalists sentenced to seven years in prison in Egypt,"""We Demand Justice"": Kenyans protest after men who brutally raped girl sentenced to cut grass Ghana has been exposed agreeing to pay to take part in international football matches organized and manipulated by match fixers Russell Brand calls for revolution as tens of thousands march in London against coalition's austerity measures"
DJIA,2014-06-24,"Neurotoxic pesticides blamed for the world's bee collapse are also harming butterflies, worms, fish and birds, and the evidence was ""sufficient to trigger regulatory action"".","UN rejects Australia's 'feeble' bid to strip Tasmanian forest's heritage status Doctors vote for ban on UK cigarette sales to those born after 2000 - British Medical Association hails vote as step towards achieving goal of a tobacco-free society by 2035, but critics call it 'illiberal' Iran arrests 2 over 'vulgar' online video showing people singing, dancing in support of nation's World Cup team"
DJIA,2014-06-25,"Pesticides linked to bee deaths must be banned, scientists say",North Korea threatens war over Seth Rogen movie. Shopper shocked to find bargain 10 dress has plea for help from Bangledeshi sweatshop employee written on the tag Young Beirut security guard sacrifices his life to prevent a massacre at packed World Cup viewing cafe
DJIA,2014-06-26,"U.S. Scientist Offers $10,000 to Anyone Who Can Disprove Manmade Climate Change.","Iran Tries To Save Asiatic Cheetah From Extinction Fake engineer made Berlin Airport fire system: The man responsible for designing the fire safety system at Berlins new airport - the main reason for the continuing delays to the calamitous 5 billion project - has admitted he was not a qualified engineer. Explosion rips through mall in Nigerian capital, killing at least 21: police"
DJIA,2014-06-27,German government cancels Verizon contract in wake of U.S. spying row,"Australian woman found dead wearing headphones and holding her laptop, with burns on her ears and chest, in an apparent electrocution caused by sub-standard cheap USB charger. Mexican military chopper crosses the border, shoots at US Border agents Put Ultraviolet Dye In London Water Cannons To Track Protesters, Police Bosses Urge"
DJIA,2014-06-30,"Blackwaters top manager issued a threat: that he could kill the governments chief investigator and no one could or would do anything about it as we were in Iraq, according to U.S. State Department reports","Indian mars mission is cheaper than the movie ""Gravity"" Jehovah's Witnesses destroyed documents showing child abuse allegations, court told in cover-up case Facebook is facing criticism after it emerged it had conducted a psychology experiment on nearly 700,000 users without their knowledge"
DJIA,2014-07-01,Ukraine president ends ceasefire - 'We will attack',"ISIS Vows To Destroy Meccas Kaaba, Kill Those Who Worship Stones Guaranteed $20K income for all Canadians endorsed by academics... Japan authorized a reinterpretation of war-renouncing Article 9 of the Constitution, allowing Japan for the first time since World War II to come to the aid of an ally under attack."
DJIA,2014-07-02,Facebook Is Under Investigation For Mood Manipulation Study,"African leaders vote to give themselves immunity from war crimes British PM David Cameron calls for global response to Antibiotic-resistant superbugs, which ""threaten to plunge the world back to the ""dark ages"" of medicine."" Three killed in Ankara after police officer shoots woman who filed complaint against him"
DJIA,2014-07-03,"In 2012, New Zealand police seized computer drives belonging to Kim Dotcom, copies of which were unlawfully given to the FBI. A judge has now ruled that even if the Megaupload founder supplies the passwords, they cannot subsequently be forwarded to the FBI.",Anyone who is determined to be using Tor is targeted for long-term surveillance and retention by NSA Pope Francis approves the revival of exorcism as a canon Catholic practice Algeria's World Cup team to donate salary to people of Gaza
DJIA,2014-07-07,"BBC staff ordered to stop giving equal air time to climate deniers: The network will stop airing ""debates"" featuring members of the anti-science fringe","63 abducted women, girls escape from Boko Haram Dalai Lama urges halt to Buddhist violence against Muslims Poverty-stricken Filipino parents are increasingly getting their children to perform live sex shows on camera for Australian paedophiles, it has been revealed, as a Victorian man was today one of the first to be jailed for his involvement"
DJIA,2014-07-08,Elephant Cries After He Is Rescued Following 50 Years Of Abuse,"Drug overdoses triple in Russia, killing over 100,000 a year Sex-Abuse Victims to Pope: Stop Begging for Forgiveness and Just Stop the Abuse Ebola 'out of control' in West Africa as health workers rush to trace 1,500 possible victims"
DJIA,2014-07-09,Germany destroy Brazil 7-1 as Miroslav Klose becomes the record scorer by netting his 16th finals goal in World Cup History.,"Approximately 23 buses have been set ablaze in Sao Paolo, Brazil following the World Cup defeat to Germany. British woman, 65, 'threw spear at officials' as she was arrested for allegedly running Philippines 'House of Horrors' where children as young as six months suffered abuse There is a second Snowden - says Greenwald"
DJIA,2014-07-10,Chinese hackers hacked into the computer networks of the United States government agency that houses the personal information of all federal employees in March,"Germany expels CIA official in US spy row Books not considered 'Pro-family (1 father 1 mother)' to be destroyed by National Library Board in Singapore. Islamist plot to blow up Eiffel Tower, Louvre and nuclear power plant foiled, say French police"
DJIA,2014-07-11,Putin writes off 90 percent of Cuba's debts to USSR | 90 percent of the debt of the Republic of Cuba to the Soviet Union will be written off.,Amazon snubs French free delivery ban with one-cent charge HIV Returns In Baby Thought To Be Cured Helsinki's Ambitious Plan to Make Car Ownership Pointless in 10 Yrs - Finland's capital hopes a 'mobility on demand' system that integrates all forms of shared and public transport in a single payment network could essentially render private cars obsolete
DJIA,2014-07-14,"Executive pay '180 times average', report finds: Executive pay has grown from 60 times that of the average worker to almost 180 times since the 1990s, according to a report.",Germany 1 - 0 Argentina. Germany win the 2014 FIFA World Cup! Church of England votes in favour of women bishops. Edward Snowden condemns Britain's emergency surveillance bill
DJIA,2014-07-15,"Documents leaked by Edward Snowden reveal GCHQ programs to track targets, spread information and manipulate online debates",Germany 'may revert to typewriters' to counter hi-tech espionage | Politicians claim communciations technology is mistrusted in wake of US spying allegations and NSA surveillance revelations Iran sentences eight Facebook activists to total of 127 years in prison for 'criticising government' India caps price of 108 more medicines
DJIA,2014-07-16,NASA: Humans Will Prove We Are Not Alone In The Universe Within 20 Years,"A U.S. military nurse has refused to conduct forced feedings of inmates at Guantanamo Bay Giant hole appears at 'world's end' Israeli naval ship 'bombs Palestinian children on Gaza beach', killing four... A journalist who saw the incident said some of the children who survived were running away when another shell seemed to be aimed at them."
DJIA,2014-07-17,"German footballer Mesut Ozil donated his 300,000 World Cup victory bonus to pay for surgery of 23 children in Brazil",Malaysian Plane crashes over the Ukraine Mexico is going to war on the nation's obesity epidemic by banning television ads for soda and high-calorie foods Australia becomes the first country in the world to go backwards on climate policy by removing a price on carbon
DJIA,2014-07-18,The World Health Organization calls for the decriminalization of drug use,"Israel Ground Invasion of Gaza has Begun As Putin blames Ukraine for MH17 tragedy, video emerges 'showing BUK missile launcher being driven into place' US Intelligence Confirms Surface to Air Missile downed Malaysian Airplane"
DJIA,2014-07-21,Netherlands opens war crimes investigation into MH17 airliner downing,"Russian Billionaires in horror as Putin risks isolation President Barack Obama and the UN have called for an ""immediate ceasefire"" between Israel and Hamas as the death toll among Palestinians in the Gaza Strip reached 508. Human Rights Watch: Boko Haram kills 2,053 over the course of 6 months and the girls kidnapped in April are still missing and most likely scattered, in case anyone forgot"
DJIA,2014-07-22,Delta cancels all flights to Israel indefinitely,"Internet Piracy deciminalised in the UK. Only warnings will be sent in 2015 and no one will be disconnected. Britain decriminalises online video game, music and movie piracy. Gaza struggles to bury the bodies of the more than 550 dead. Morgues are overflowing, the freezers are full, and the living are too afraid of the Israeli offensive to hold proper funerals."
DJIA,2014-07-23,"North Korea requests that the Chinese Government take down doctored video of Kim Jong Un ""Dancing"", China unable to oblige","Pro-Russian rebels shoot down two Ukrainian fighter jets Britain's porn-blocking filters are overwhelmingly rejected by the populace ""On Monday night, a strike hit an eight-story apartment building in downtown Gaza City  an area where Israeli officials had urged Gazans to take shelter. The building collapsed as rescue crews were inside, killing more people. """
DJIA,2014-07-24,"The Obama administration has quietly approved a substantial expansion of the terrorist watchlist system, authorizing a secret process that requires neither concrete facts nor irrefutable evidence to designate an American or foreigner as a terrorist","Air Algerie 'loses contact with plane from Burkina Faso' White House is expected to release a version of a classified report on torture during the Bush years... the entire thing, five years in the making, clocks in at about 6,700 pages, making it the most exhaustive account yet of what really went on in secret CIA prisons around the world Israel Bombs Gazas Only Power Plant as Toll Nears 650. Hospitals on the brink of collapse."
DJIA,2014-07-25,A U.S. cyclist who pedaled across 50-plus countries for peace and charity was run over and killed in Russia by a drunken truck driver,"Obama blasts US firms for 'magically becoming Irish' in controversial tax switches The U.S. says it has ""new evidence"" that Russian forces have been firing artillery across the border to attack Ukrainian military positions, and that Moscow is planning to ship powerful rocket artillery to the rebels it backs in the country's east. World's 85 richest earn more than 3.5 billion poorest: UN report"
DJIA,2014-07-28,Qatar World Cup: migrants wait a year to be paid for building offices. Migrant workers who built luxury offices used by Qatar's 2022 football World Cup organisers have told the Guardian they have not been paid for more than a year and are now working illegally from cockroach-infested lodgings.,Companies proclaim water the next oil in a rush to turn resources into profit: Mammoth companies are trying to collect water that all life needs and charge for it as they would for other natural resources N. Korea threatens nuclear strike on White House A 2nd American has now tested positive for Ebola.
DJIA,2014-07-29,"Japanese steel workers reveal that they saved their city from a nuclear bombing by burning coal tar to block view of US planes; story was kept secret for 69 years out of respect for Nagasaki victims, who were bombed instead",Russia may leave nuclear treaty US: Russia Violates 1987 Nuclear Missile Treaty by Testing New Ground Launched Cruise Missile Liberia closes borders. Trying to stop spread of the Ebola Virus.
DJIA,2014-07-30,Malaria vaccine discovered,"US unable to account for $626 million worth of weapons in Afghanistan | The Department of Defense cannot account for 747,000 weapons and auxiliary military equipment. Israel bombs another UN school despite them telling Israel 17 times that the school housed civilians Israeli Official To Obama: Leave Us Alone - CBS DC"
DJIA,2014-07-31,Sierra Leone declares emergency as Ebola death toll hits 729,"US condemns shelling of UN school in Gaza but restocks Israeli ammunition Bolivia declares Israel a ""terrorist state"" and bans its citizens from entering the country without a visa U.S. says North Korea should stop 'polluting the waters' with missile launches and instead focus on feeding its people"
DJIA,2014-08-01,"The Swedish government announced that it plans to remove all mentions of race from Swedish legislation, saying that race is a social construct which should not be encouraged in law.",Uganda's constitutional court strikes down anti-homosexuality law Asian-American couple held in Qatar for years as authorities refuse to believe their adopted African child is their own. Ebola 'spreading too fast' - WHO
DJIA,2014-08-04,"NSA hands Gaza targeting data to Israel, say latest Snowden docs","The Phillipines has reported the country's first suspected cases of the Ebola virus 62% of British public says Israel committing war crimes, as polls show sympathy for Palestinians Ten firms say they will not represent clients that deny man-made climate change or seek to block emisson-reducing regulations"
DJIA,2014-08-05,Obama signs bill giving Israel $225 million for missile defense system,Hamas militants caught on tape assembling and firing rockets from an area next to a hotel where journalists were staying. Spain freezes arms exports to Israel over Gaza op- This is the second country to announce sanctions over weapons sale to Israel. Beijing to ban coal use to curb pollution: Beijing will ban coal use in its six main districts by the end of 2020
DJIA,2014-08-06,"Indonesia, the largest Muslim country in the world, has banned the support and endorsement of ISIS",Italy expels imam for preaching hatred against Jews US officials say someone else is leaking documents in the wake of Snowden Germany blocks the delivery of military parts to Russia
DJIA,2014-08-07,Campaign Mounts to Declassify 9/11 Reports References to Alleged Saudi Involvement,Snowden granted 3-yr residence permit Chinese city bans anyone with Islamic clothing or a 'big beard' from boarding buses after terror attacks across the country Israel proposes ceasefire extension; Hamas declines
DJIA,2014-08-08,"Obama authorizes targeted airstrikes in Iraq against Islamic militants, along with airdrops.",Man found wandering in northern Maine IDd as Rwandan gnocidaire whom Canada says helped kill 200 in hospital in 94 Ebola is declared an international health emergency. US launches Iraq militant air strike
DJIA,2014-08-11,"At least half of the 40,000 people besieged by jihadists on a mountaintop in northern Iraq have escaped in the past 24 hours, aided by Kurdish rebels who crossed from Syria to rescue them.","The U.S. military has systematically covered up or disregarded abundant and compelling evidence of war crimes, torture, and unlawful killings in Afghanistan as recently as last year, according to a report by Amnesty International Ukrainian government forces are preparing for the final stage of recapturing the city of Donetsk from pro-Russian separatist rebels. North Korea plans report on human rights: North Korea, unhappy with a damning, in-depth United Nations sponsored study of human rights conditions in the country, is planning its own assessment."
DJIA,2014-08-12,Norway joins the sanctions against Russia,"Rob Ford says threatening email has given him 12 hours to resign or City Hall will be blown up Icelandic Girls Can't be Called Harriet, Govt Tells Family- Authorities reluctant to renew passport of Harriet, 10, as name is not on approved list of 3,565 'Miracle' birth of world's first healthy panda triplets in China - Telegraph"
DJIA,2014-08-13,"South Koreas firstand onlyastronaut just quit her job, ending the countrys manned space program","NSA was responsible for 2012 Syrian internet blackout, Snowden says Iranian is first woman to nab highest prize in maths: The Int'l Mathematical Union has revealed the winners of the 2014 Fields medals, considered the highest honour in mathematics. The 4 young medallists  including Maryam Mirzakhani, the first female winner since the prizes were established in 1936 ISIS brutally subdues rebellion in Syria, beheading and crucifying tribesmen who resisted their rule"
DJIA,2014-08-14,A group of North Korean defectors held by China on the Laos border is released to South Korea rather than repatriated in sign of a Chinese policy change,"A Russian convoy carrying ""humanitarian aid"" has turned away from its route towards a confrontation with government officials at the Ukrainian border - and is now heading straight for rebel-held areas. Malaysia Airlines Flight MH370: Passengers Bank Accounts Being Accessed Unknowingly, Money Goes Missing- Report 4 Billion Gallons of Mining Waste Pour Into Pristine B.C. Waterways"
DJIA,2014-08-15,It could be the most exotic material on the planet. Seven particles of dust brought back to Earth by a spacecraft nearly a decade ago appear to have come from beyond our solar system. The specks have all the hallmarks of being created in interstellar space.,"Malaysian police have arrested a bank officer and her husband over allegations they stole more than $30,000 from the accounts of four passengers aboard missing flight MH370 Two female Italian aid workers who ignored their parents' pleas and snuck into Syria have been kidnapped by Islamist militants Hezbollah describes Islamic State as a growing ""monster"" that could threaten Jordan, Saudi Arabia, Kuwait and other Gulf states."
DJIA,2014-08-18,Residents of Beijing can use one of the citys 34 newly installed recycling machines to trade empty bottles for phone card rebates or free public transit passes.,"Israel bars Amnesty, Human Rights Watch workers from Gaza Canadian Doctors decline request from Health Canada to back Anti-Marijuana campaign. Sweet victory for Mexico beekeepers as Monsanto loses GM permit"
DJIA,2014-08-19,Two sisters who kidnapped 13 young children and forced them to work as pickpockets before murdering them are to become the first women to be executed in India.,"Russia Wants Bulgarians to Stop Vandalizing Soviet Monuments To Look Like American Superheroes 100,000 elephants killed in Africa between 2010 and 2012, study finds Saudi Arabia's Grand Mufti Sheikh Abdulaziz Al al-Sheikh, the highest religious authority in the country, said on Tuesday the militant groups Islamic State and al-Qaida were ""enemy number one of Islam"" and not in any way part of the faith."
DJIA,2014-08-20,"US Journalist, James Foley, beheaded by ISIS ""Warning to America"".","Maya Cities Found in Yucatan2 massive cities hidden by dense vegetation. ""In the jungle you can be 600 ft from a large site &amp; not suspect it."" Both feature plazas surrounded by palace-like buildings &amp; pyramids, one 65 ft high, &amp; ball courts. Stele with date 'November 29, AD 711' found. Isis fighter who beheaded US journalist appears to be British, Hammond says The Islamic State Executes Female Dentist for Treating Men"
DJIA,2014-08-21,ISIS Spokesman Who Promised To 'Raise The Flag Of Allah In The White House' Is Killed,Canadian government orders scientist not to disclose extent of polar melting U.S. military announces 14 airstrikes in Iraq following James Foley execution British Right-Wing party (UKIP) calls to strip Islamic State militants of their British citizenship
DJIA,2014-08-22,"The president of Indonesia, the worlds most populous Muslim-majority country, deemed the actions of the Islamic State in Iraq and Syria group embarrassing to the religion and called upon Muslim leaders to unite in tackling extremism","Orangutan experts plead for Australian food manufacturers to reject palm oil - Apes, elephants, rhinos &amp; tigers at dire risk if unsustainable palm oil plantations allowed in Sumatran reserve Saudi Arabia has beheaded 19 people this month, including one for sorcery Mexico says 22,322 people now 'disappeared'"
DJIA,2014-08-25,Australia: Conservationists making last ditch plea to fed. govt to help prevent endangered black cockatoos from becoming extinct due to the felling of their pine forest - Perth people love their birds &amp; this is an iconic species. We need the state &amp; federal govt to take urgent action over this.,"SAS, Delta Force, and Seal Team 6 forming hunter killer unit to 'smash Islamic State' More than 720 whales have been harpooned in Norway in the most deadly hunting season since the Government began defying an international ban in 1993. 30 Metre Wide Sinkhole Appears in Durham, England - So deep its bottom can't be seen. Gaping void discovered by woman walking dog, still growing in size. ""The sound was phenomenal. We could hear rumbling &amp; smashing &amp; crashing from down below."""
DJIA,2014-08-26,"A 22 yr old Australian Aboriginal woman who died in jail after twice seeking medical attention from authorities who deemed her healthy, was imprisoned over unpaid fines totalling just $1000","Russia admits its soldiers have been caught in Ukraine Israeli Prime Minister Benjamin Netanyahu's approval rating hits 38%, down from 82% last month. Burger King Worldwide Inc. has agreed to acquire Tim Hortons Inc. for about $12.5 billion in a deal and move its headquarters to Canada."
DJIA,2014-08-27,"Australian Prime Minister, Tony Abbott, to go ahead with $244 million program that introduces religious chaplains to state schools and keeps secular workers out.","Terror suspects may lose Norwegian citizenship: The government is considering withdrawing Norwegian citizenship from individuals taking part in terror activities and wars abroad. North Korea calls US a ""human rights graveyard"" over Ferguson. American Douglas McAuthur McCain Killed Fighting for ISIS in Syria"
DJIA,2014-08-28,NASA confirms that their rocket to Mars will have first launch in 2018,"Russia has begun ""full scale invasion"" into Ukraine fighting now on two fronts. Russian state/military aircraft have violated Finnish airspace for the third time in a week today. Pablo Escobar's hitman released from prison after 22 years. Responsible for over 3k assasinations."
DJIA,2014-08-29,Ukraine to seek Nato membership,U.S. says Russia has 'outright lied' about Ukraine Russian Army Wives Are Protesting For Russia To Come Clean About Where Soldiers Are Russians start asking: are we at war?
DJIA,2014-09-02,"Captured IS Suicide Bomber in Peshmerga hands ""When he is treated and well, he will go to prison and rot there for the rest of his life. He will be denied martyrdom. The Kurds want the foreign fighters to know that."" - Sky News",Russian sex geckos die in orbit Plans to dump 3 million cubic metres of material dredged from the ocean floor into the Great Barrier Reef area will be abandoned. NASA is building the largest rocket of all time for a 2018 launch
DJIA,2014-09-03,Islamic State 'kills US hostage' Steven Sotloff,Malaysia Airlines has provoked a storm of controversy by asking customers to list the things they would most like to do before they die. US claims it has rightful access to data stored on servers anywhere in the world. Russian General Calls for Preemptive Nuclear Strike Doctrine Against NATO
DJIA,2014-09-04,Russia warns NATO not to offer membership to Ukraine,"France suspends plans to deliver warship to Russia amid Ukraine tensions. Deep sea 'mushroom' may be new branch of life The pace of Ebola infection has accelerated, and there were close to 400 deaths in the past week alone. The UN says $600 million in supplies would be needed to fight the outbreak."
DJIA,2014-09-05,"After convincing China to give up shark fin soup, Yao Ming sets out to save Africa's elephants from the ivory trade","Lego is now the worlds largest toymaker, as kids choose bricks over Barbie Anti-ISIS flag-burning campaign launched by a trio of fearless Lebanese teens have ignited an Internet anti-terror sensation Photographs show Amazonian tribe capturing and stripping illegal rainforest loggers: The tribes have sent out their warriors to expel all loggers they find, setting up monitoring camps in the areas that are being illegally exploited."
DJIA,2014-09-08,"A Chinese boy has made the discovery of lifetime by stumbling across a 3,000-year-old bronze sword in a river in Jiangsu Province. Archaeologists have dated the 26cm (10in) weapon to either the Shang or Zhou dynasties - the dawn of Chinese civilisation - based on its material, size and shape.","'Meteorite' smashes into Nicaraguan capital NASA space submarine to explore oceans in Titan, one of Saturns moons Whistleblower Edward Snowden released a document Friday that shows that U.S. intelligence planned to spy on foreign companies to outline 'future threats' to U.S. economic predominance."
DJIA,2014-09-09,New Report: World Leaders Call For Ending Criminalization of Drug Use and Possession and Responsible Legal Regulation of Psychoactive Substances,"Another victory for Kim Dotcom, he's getting all Megaupload data back - Neowin ISIS Kidnaps 50 Civilians After They Burn Islamic State Flag MH17 crash: Dutch experts say numerous objects hit plane"
DJIA,2014-09-10,"There are now over 4268 Ebola cases, with over 2288 dead",Anxiety and sleeping pills linked to Alzheimer's disease: benzodiazepine use for three months or more was linked to an increased risk (up to 51%) of dementia. ISIS declares war on Twitter: Terror group warns employees they will be assassinated for closing down Islamist propaganda accounts David Attenborough to return for new BBC series about Great Barrier Reef
DJIA,2014-09-11,France ready to join USA in airstrikes against ISIS,"Famous dominatrix kicked out of Canadian Senate hearing after threatening to expose politicians who hire prostitutes Oscar Pistorious found NOT guilty for premeditated murder China sees big drop in carbon emissions: Premier. ""There is no turning back in China's commitment to a sound eco-system. We have declared war on pollution and earnestly fulfilled international responsibilities,"""
DJIA,2014-09-12,Germany officially makes helping Islamic State (IS) a crime,"Oscar Pistorius found guilty of culpable homicide British Female Jihadists 'Are Running Brothels Full Of Captured Sex Slaves For Islamic State Militants' Ecuador to tax fast food in effort to halt soaring obesity rate People are dying from bad food, not a lack of food. People will stop eating so many McDonalds and Burger King hamburgers [with this tax]. This favours the production of our traditional gastronomy."" President Correa told journalists."
DJIA,2014-09-15,"Former Auschwitz guard, 93, charged with accessory to 300,000 murders in Germany","Edward Snowden: ""If you live in New Zealand you are being watched"" | The first of the documents have landed on the website of Greenwald Gaza landlords refusing to rent to Hamas, official says WikiLeaks releases previously unseen information on FinFisher (formerly part of the UK based Gamma Group International until late 2013), a company which produced weaponised surveillance malware used by intelligence agencies around the world to spy on journalists, political dissidents and others."
DJIA,2014-09-16,"Al-Qaeda appeals to Islamic State to release British hostage Alan Henning: Al-Qaeda believes Henning is an innocent aid volunteer who was genuinely trying to help suffering Muslims, and kidnapping him was a step too far","Five hundred people drowned off the coast of Malta last week after people traffickers deliberately sank their ship A female member of Saudi Arabias National Society for Human Rights has reportedly been fined for driving herself to the hospital. When police pulled her over, Aliyah Al Farid said she had a medical emergency and there was no one available to drive her to the hospital so she took her husbands car. Plans for a major rewriting of international tax rules unveiled on Tuesday could eliminate structures that have allowed companies like Google and Amazon to shave billions of dollars off their tax bills. The draft proposals announced have been agreed by all G20 members and OECD members ..."
DJIA,2014-09-17,Hepatitis C drug in India to cost 1% of the US price,"German Muslim community announces protest against extremism in roughly 2,000 cities on Friday - ""We want to make clear that terrorists do not speak in the name of Islam. I am a Jew when synagogues are attacked. I am a Christian when Christians are persecuted for example in Iraq."" France switches to Arabic Daesh acronym for Islamic State ""I do not recommend using the term Islamic State because it blurs the lines between Islam, Muslims and Islamists. The Arabs call it Daesh and I will be calling them the Daesh cutthroats foreign Minister Laurent Fabius told journalists France arrests 5 for belonging to a ring that recruits young women to join Islamic militants in Syria"
DJIA,2014-09-18,"Police foiled plan by IS supporters in Australia to ""snatch a random member from the public, drape them in an IS flag, and behead them on camera""","Angry passengers throw Pakistani politician off plane after getting stuck on tarmac waiting for him for two hours North Korea Leads the World in Human Rights, Says Report by North Korea Man from Texas arrested for trying to swim to North Korea because he wanted to meet Kim Jong-Un"
DJIA,2014-09-19,Scotland votes to remain in the U.K.,Bodies of 8 Ebola workers (including 3 journalists) found at the bottom of a latrine in Guniea after locals attacked them. Polls close in Scotland - Results expected in hours Russia calls foul over Scottish referendum
DJIA,2014-09-22,Kids as young as 13 have left Germany to join ISIS,"Scottish Independence: 70,000 Nationalists Demand Referendum be Re-Held After Vote Rigging Claims The worlds largest beaver dam, buried in the thick wildness of northern Alberta and once thought to be inaccessible, has been reached by an amateur explorer from the United States. Ebola outbreak: Collapse of three African states possible"
DJIA,2014-09-23,Liberia to become 1st nation in Africa to completely stop cutting down its trees in return for development aid - Norway will pay the impoverished country $150m to stop deforestation by 2020.,"US Airstrikes Under Way in Syria Google will stop supporting climate change science deniers, calls them liars Netflix refuses CRTC demand to hand over subscriber data"
DJIA,2014-09-24,Native tribes from the U.S. and Canada signed a treaty Tuesday establishing an inter-tribal alliance to restore bison to areas of the Rocky Mountains and Great Plains where millions of the animals once roamed.,"India's Mangalyaan has now successfully entered the Mars orbit. A Nervous China Is 'Interested' In A Possible Role In The Fight Against ISIS China applauds India's Mars mission as ""pride of Asia"""
DJIA,2014-09-25,"Terror laws clear Senate, enabling entire Australian web to be monitored and whistleblowers to be jailed","UAEs first female fighter pilot likely dropping bombs on ISIS militants in Syria [now confirmed] The European Space Agency's satellite array dubbed Swarm revealed that Earth's magnetic field is weakening 10 times faster than previously thought, decreasing in strength about 5 percent a decade rather than 5 percent a century. A weakening magnetic field may indicate an impending reversal. 16-Year-Old Irish Girls Win Google Science Fair 2014 With World-Changing Crop Yield Breakthrough"
DJIA,2014-09-26,"Anil Agarwal, the billionaire founder of Vedanta Resources, said he &amp; his family decided to donate 75% of their wealth to charity after meeting Bill Gates, the worlds richest person What we earn must be returned for the greater good of society. Life is not only about wealth. the billionaire said","Obama declares world's largest marine preserve. Measures almost 500,000 square miles, fishing, undersea mining, and other commercial activity will be banned in the protected area. No One Has Seen North Korea's Leader In Three Weeks Ultra-Orthodox Jews cause chaos on flight to Israel by demanding segregation of men and women"
DJIA,2014-09-29,"Vatican Paedophilia Scandal: Archbishop Jozef Wesolowski Stored Over 100,000 Child Porn Videos",Makers of animals torture videos Crush Sentenced to Life Imprisonment Obama: 'They Don't Call Moscow' When There's Trouble In The World Woman saves three relatives from Ebola. Her protection method is being taught to others in West Africa.
DJIA,2014-09-30,"Iraq Kurds attack ISIS jihadists, retake villages","""Extremists"" will have to get posts on Facebook and Twitter approved in advance by the police under sweeping rules planned by the UK Conservatives. They will also be barred from speaking at public events if they represent a threat to ""the functioning of democracy"" Earth lost 50% of its wildlife in the past 40 years, says WWF | Species across land, rivers and seas decimated as humans kill for food in unsustainable numbers and destroy habitats Sister of slain scientist says Iran killed him because he would not agree to help weaponize peaceful nuclear activities."
DJIA,2014-10-01,"An estimated 35,000 pacific walrus have been spotted ashore on a beach in north-west Alaska. Unlike seals, the mammals cannot swim indefinitely and are now coming ashore in record numbers as they struggle to find sea ice for resting in the Artic.",Reuters: Australia passes new security law vastly expanding the government's power to monitor computers; journalists could be imprisoned for up to ten years simply for reporting on national security matters. Kim Jong-un is recovering from 'ankle surgery' after fracturing both ankles Hong Kong Police Chief Inspector Committed Suicide
DJIA,2014-10-02,Germany Just Abolished College Tuition Fees | ThinkProgress,"Hong Kong leader's daughter creates controversy with Facebook post saying that her diamond necklace was bought on ""silly"" tax payer's money. The World Summit of Nobel Peace laureates, due to be held in Cape Town, South Africa, later this month, has been cancelled. Six of the peace-prize winners have already withdrawn from the event in protest at the South African refusal to grant a visa to Tibetan spiritual leader, the Dalai Lama. India, U.S. Agree to Joint Exploration of Mars"
DJIA,2014-10-03,Turkish President Erdogan: 'I am increasingly against the internet every day',Former Top Official Says Kim Jong-un Is No Longer in Control of North Korea. Russia adds 243 nuclear warheads to northern fleet near Norwegian border. Oslo Pulls Bid for 2022 Olympics. IOC Outraged.
DJIA,2014-10-06,"Mexico hit by student massacre: At least 17 anti-corruption protesters 'rounded up, murdered and dumped in a mass grave' - and another 26 are missing.","Dubai Police Will Wear Google Glass With Facial Recognition Software to ID Crooks A female Kurdish fighter blew herself up at an Islamic State position killing a number of jihadists who have surrounded Kobane and are battling to seize it. 83,000 boo Australian Prime Minister Tony Abbott at sporting event."
DJIA,2014-10-07,"Scientists discover cancer-fighting berry on tree that only grows in Far North Queensland: ""in 75 per cent of cases, the tumour disappeared and had not come back""","The Clorox Company voluntarily decides to disclose all ingredients in their cleaning products, which may act as allergens in certain people, despite a legal loophole allowing them to avoid doing so. ""We know people are interested in more sustainable products, and they want to know what's in them."" Nurse 'infected with Ebola' in Spain North Korea declares 2015 year of unification, boosts readiness for all-out war"
DJIA,2014-10-08,North Korea acknowledges reform camps for first time - AP,"'I touched my face with gloves': nurse with Ebola Burned bodies of 28 Mexican teaching students pulled from mass graves: ""Forty-three students went missing September 26 after they were attacked by police while commandeering buses to take them to a demonstration against cuts in funding for their school."" Ugandan MP says Uganda is losing the fight against AIDS because ""condoms are too small for Ugandan men"""
DJIA,2014-10-09,Estonia becomes first ex-Soviet country to legalize same-sex partnerships,"Ebola Cases Reach Over 8,000 Global response to Ebola has failed miserably, says World Bank chief Australian Federal Police (AFP) will now be allowed to secretly search a terrorism suspect's house, enter through an innocent neighbours property and impersonate people, under the governments anti-terror bill"
DJIA,2014-10-10,4 ISIS militants were poisoned after drinking tea offered to them by a local resident.,"Bulgaria Rejects Russia's Charge of Disloyalty For Wanting Western Jets - ""Bulgaria is a member of the EU and NATO and it does not owe explanations about its sovereign decisions to third parties."" About 130 football fans have been detained in Belarus after the entire stadium joined in chanting a well-known song insulting President Vladimir Putin. After the match, they were taken to the local KGB station, on suspicion of using ""obscene language"", and are expected to receive 5-day sentences. ISIS within 8 miles of Baghdad airport, and armed with MANPADs"
DJIA,2014-10-13,"Tony Abbott says ""coal is good for humanity"" while opening mine - ""Coal is vital for the future energy needs of the world, so lets have no demonization of coal""","Denmark to ban sex with animals Turkey OK's use of airbases for US airstrikes against ISIS. Birth control pills in waste water can decimate fish populations, study warns"
DJIA,2014-10-14,Doctors Without Borders loses 9 medics to Ebola,Protesters burn state capital building in Mexico over the disappearance of 43 young people believed abducted by local police linked to a drug cartel. Reporter shot dead while investigating illegal logging ISIS Declares Itself Pro-Slavery
DJIA,2014-10-15,"The UN says the ebola outbreak must be controlled within 60 days or else the world faces an ""unprecedented"" situation for which there is no plan. The United Nations made the stark warning as it warned the disease ""is running faster than us and it is winning the race"".","Iconic 2,500 year old Siberian princess 'died from breast cancer', reveals MRI scan. Preserved by ice, the 25 year old ancient woman covered in tattoos used cannabis to cope with her ravaging illness. Hong Kong Police filmed beating protester There is an outbreak of Ebola in the Democratic Republic of Congo that is unrelated to the outbreak in West Africa."
DJIA,2014-10-16,"Wind blows away fossil power in the Nordics, the Baltics next. The arrival of wind power on a large scale has pushed electricity prices down, eroding profitability of fossil power stations.","Rhino horn demand in Vietnam drops by more than 33% in one year | Information campaign successfully changes minds of people who think rhino horn has medicinal value ""Don't threaten or warn us"", says India to China after unveiling plans to construct roads all the way up to Chinese border to match troop and infrastructure build up by the Chinese. Doctors Without Borders: We've 'Reached Our Ceiling,' Maxed Out Ebola Aid Resources"
DJIA,2014-10-17,Nearly 500 new female genital mutilation cases identified in England last month.,"Lithuania to ban sale of energy drinks to minors. WHO said Lithuania will prove to be an example for all other European Countries. Britain may use a mediaeval law dating to 1351 to charge citizens with treason if they go to fight with Islamic State insurgents in Iraq and Syria, Foreign Secretary Philip Hammond said. Giant inflatable 'sex toy' sculpture in Paris is meant to be a Christmas tree"
DJIA,2014-10-20,WHO Declares Nigeria Ebola-Free After 42 Days With No Cases,Pacific islanders on canoes blockade Australia coal export terminal saying fossil fuels are contributing to rising sea levels that threaten their countries' very existence Israeli President Rivlin: Time to admit that Israel is a sick society that needs treatment Jack the Ripper: Scientists who claims to have identified notorious killer has 'made serious DNA error'
DJIA,2014-10-21,Australian Whistleblower who leaked a secret scholarship for Tony Abbott's daughter to be sentenced this week,"Hong Kong has too many poor people to allow direct elections, leader says World-First, FDA-Approved, Embryonic Stem Cell Clinical Trial for Diabetes is Launched, After Diabetes is ""Cured"" in Mice. Oscar Pistorius receives a prison sentence of 5 years for the culpable homicide of Reeva Steenkamp"
DJIA,2014-10-22,Shots fired at Parliament in Canada,"The Obama administration has until early December to detail its reasons for withholding as many as 2,100 graphic photographs depicting US military torture of detainees in Iraq and Afghanistan, a federal judge ordered on Tuesday. 'Why is the world allowing a holocaust to happen again?' Brave North Korean shares harrowing story of escape - Independent.ie The Walking Dead's Laurie Holden goes undercover to fight against underage sex trafficking and helps to save 55 young girls."
DJIA,2014-10-23,"'We are a proud democracy, a welcoming and peaceful nation, and a country of open arms and open hearts. We are a nation of fairness, justice and the rule of law. We will not be intimidated into changing that'. - Justin Trudeau - Canadian MP","North Korea has banned all tourism in the country in fear of Ebola outbreak 'Canada will never be intimidated,' PM Stephen Harper addressed the Nation. Former Blackwater guards found guilty in 2007 shootings of Iraqis"
DJIA,2014-10-24,U.S. threatens sanctions on buyers of ISIS oil,"Canada attack 'not linked to IS' Poll: 74 percent of Denmark's citizens want to outlaw circumcision World's Longest Snake Has Virgin Birth1st Recorded in Species - ""We didn't know what we were seeing. We had attributed it to stored sperm. I guess sometimes truth is stranger than fiction."""
DJIA,2014-10-27,Protest against the world's first internet tax in Hungary,"A disabled 12 year-old girl in the UK has been 'allowed to die' after a court case fought by her parents made legal history Oil price will fall to $70 a barrel in 2015, Goldman Sachs says 4 Banks, Including JPMorgan, Fined in Europe Over Cartel Behavior"
DJIA,2014-10-28,Nobel Peace Prize Winners Want Barack Obama to Release Torture Report,"Heroin use is so high in Myanmar that syringes now serve as currency  Along parts of the Myanmar-China border, where heroin addiction is appallingly common, fresh needles are now so coveted that shopkeepers dispense them as change. Pope says evolution doesn't mean there's no God; In an address to the Pontifical Academy of Sciences, the Pope explains that God is not some sort of wizard. North Korean Leader Kim Jong Un Purges 10 Officials From His Ruling Workers Party for Watching South Korean Soap Operas, Yonhap Says"
DJIA,2014-10-29,"For 23rd time, U.N. nations urge end to U.S. embargo on Cuba","Scientists Discover Huge Bathtub Ring Of Oil On Sea Floor From BP Spill Mexico Is Ready to Explode: Fifty thousand marchers thronged Mexico City's main avenues last Wednesday, and demonstrations took place all over the country... protesters set fire to state headquarters in Chilpancingo, Guerrero's capital, and are sacking supermarkets and shopping centers Poor Countries Tap Renewables at Twice the Pace of Rich - Clean energy is the low-cost option in a lot of these countries, Zindler said by telephone. The technologies are cost-competitive right now. Not in the future, but right now."
DJIA,2014-10-30,Amelia Earhart Plane Fragment Identified,"Pirate Bay founder Gottfrid Svartholm Found Guilty in Hacking Trial Canadian Politician, Thomas Mulcair: Shooter was a criminal, not a terrorist. Number of global billionaires has doubled since the financial crisis."
DJIA,2014-10-31,Hungary internet tax cancelled after mass protests,"Indian government bars first class travel, five-star hotel meetings for bureaucrats and have been asked to use video-conferencing instead to reduce expenditure on them For 3 days starting in 1 week, 8,000 glowing balloons are being installed across 10 miles of Berlin - these floating orbs will follow the former path of the Berlin Wall, commemorating the 25th anniversary of its fall. Eleven countries studied, one inescapable conclusion  the drug laws dont work"
DJIA,2014-11-03,Chancellor Angela Merkel would rather see the UK exit from the European Union than compromise over the principle of free movement of workers,"Europe has 421 million fewer birds than 30 years ago - Study finds about 90% of a decline in the most common bird species, including grey partridges, skylarks, sparrows &amp; starlings A town in Portugal makes Mandarin Chinese compulsory for 8- and 9-year old school children for future competition in the thriving Chinese market. Portugal Sees Chinese Do 90% of Bids at Property Auction"
DJIA,2014-11-04,New Zealand MP demoted after suggesting homeopathy use in Ebola fight,"France Just Fired The Guy In Charge Of Selling Warships To Russia The last Pirate Bay founder has finally been caught and arrested Coal is the future, insists Australian PM Tony Abbott as UN calls for action on climate change"
DJIA,2014-11-05,"Guam Legalizes Medical Marijuana! 66.42% of voters choose ""Yes"" to Proposal 14A.","Mass Rape of 200 in North Darfur Canadian hospital, sick of US test monopoly, sues to stop gene patents Libyan Troops Go Wild in England, raping one man and assaulting strangers in Cambridge"
DJIA,2014-11-06,"Pepsi, IKEA, FedEx and 340 other international companies have secured secret deals from Luxembourg, allowing many of them to slash their global tax bills while maintaining little presence in the tiny European duchy, leaked documents show. Companies saved billions of dollars in taxes.","A Japanese court ordered a restaurant to pay more than half a million dollars damages to the family of a man who killed himself after being forced to work nearly 200 hours overtime a month. Japan beats Scotland to win worlds best whiskey title Secret file may be opened, revealing identity of paedophiles at the heart of the British establishment"
DJIA,2014-11-07,32 Tanks Enter Ukraine From Russia,"Irish Teacher turned down for a job in South Korea due to ""Alcoholism nature"" of Irish people. Latvia's foreign minister just came out on Twitter: ""I proudly announce I'm gay"" North Koreans working as state-sponsored slaves in Qatar"
DJIA,2014-11-10,"Pope Francis has excommunicated a pedophile Argentine priest, who admitted to sexually abusing four teenagers","'Too big to fail' bank rules unveiled - New global rules to prevent banks that are ""too big to fail"" from being bailed out by taxpayers have been proposed. Kasparov: Stop Putin now or pay the price later One of the VIPs who sexually abused boys at an apartment complex near Parliament has been identified as a former deputy director of MI6"
DJIA,2014-11-11,"Geologists who didn't predict an earthquake aren't killers, Italian court rules--seven scientists are free after appeals court overturns manslaughter conviction",Don't forget - The Rosetta Mission. First ever Comet landing starting 0900 GMT 12 November Barack Obamas support for net neutrality sets precedent for the rest of the world Iran stripped of world championship volleyball tournament after jailing female spectator
DJIA,2014-11-12,"Russian combat troops have entered Ukraine along with tanks, artillery and air defence systems, Nato commander says","Study: Brazilian cops killed more than 11,000 people in 5 years Mormon leaders have acknowledged for the first time that the churchs founder and prophet, Joseph Smith, took as many as 40 wives, some already married and one only 14 years old. Nestle under fire in Mexico after tweeted joke about 43 missing students"
DJIA,2014-11-13,"European robot probe Philae has made the first, historic landing on a comet, after descending from its mothership",Comet probe Philae now stable Six of the largest banks in the world have been collectively fined over $4 billion by regulators for manipulating the world's foreign exchange rates The lawyer behind the Fifa report which clears Qatar of corruption for the 2022 World Cup bid says the report is 'inaccurate and incomplete'
DJIA,2014-11-14,Sweden has proof foreign sub entered its waters: report,"Local hunters kill over 70 Boko Haram insurgents, recapture Adamawa town ISIS releases a new speech of its leader Abu Bakr al-Baghdadi in which he urges his supporters to attack Saudi Arabia. Russia says fleet of warships is off Australia for climate research"
DJIA,2014-11-17,Maasai told to leave historic homeland by end of the year so it can become a hunting reserve for the Dubai royal family | World news,German village plays prank on neo Nazis Obama Puts Australia's Climate-Denying Prime Minister Tony Abbott on the Spot Recession declared in Japan
DJIA,2014-11-18,Comet Landing 2014: Rosetta Probe Philae Discovers Organic Molecules: Report,"Sushi eaters pushing Pacific bluefin tuna to brink of extinction Putin claims west is provoking Russia into new cold war I saw MP kill boy at paedophile party, says alleged victim"
DJIA,2014-11-19,2 new subatomic particles discovered at CERN,"South Korea to raise $500 billion for unification Man Tests Positive For Ebola In Delhi, India Religious extremism main cause of terrorism, according to report"
DJIA,2014-11-20,"Pakistani family sentenced to death over ""honour killing"" outside court: Four relatives of a pregnant woman who bludgeoned her to death outside one of Pakistan's top courts were sentenced to death on Wednesday for the crime, their defence lawyer said.","ISIS now controls territory in Libya. Russians Might Use Reindeer to Battle Crime - Animals handle tundra better than snowmobiles, so theyre considering starting a reindeer police force Banking culture breeds dishonesty, scientific study finds"
DJIA,2014-11-21,Mexico on the brink: thousands expected at mass protests over student massacre | Corruption and violence threaten to destabilise country after mass murder of students and scandal over presidential home,"A group of journalists has launched a legal action against Scotland Yard after discovering that the Metropolitan police has been recording their professional activities on a secret database designed to monitor so-called domestic extremists U.S. meteorologists say the world in October continued to set heat records. They say despite a bitter U.S. cold snap, the globe is rushing toward its warmest year on record. Great Barrier Reef will be 'slaughtered': scientists dismiss Julie Bishop's claim reef not at risk"
DJIA,2014-11-24,"Tourist fined $30,000 for tagging Colosseum","After scrapping nuclear energy, Germany is pondering pulling the plug on coal too. Human Rights Watch calls on Indonesia to scrap 'virginity tests' for female police The Alpine city of Grenoble is the first European city to ban all commercial street advertising. Instead, the French city will plant trees. From January to April 2015 more than 300 advertising spaces - 2,000 square metres - will disappear and 50 trees will be planted."
DJIA,2014-11-25,Scientists urge governments to turn old TV frequencies into free super WiFi,"Afghan woman kills 25 Taliban rebels to avenge her sons murder Only 36% of Canadians would call Ottawa shooting a terrorist attack, while 38% blame mental illness, survey finds Russia funds French National Front and other far-right European parties"
DJIA,2014-11-26,"""Pope Francis condemned priests and laity who turn their parishes into a 'business' by charging for things such as baptisms, blessings and Mass intentions -- calling it a scandal that's hard to forgive.""","Iraqi warplanes kill ISIS commander of Heet and 22 of his aides Vietnam seizes over 1,000 dead endangered sea turtles - Record haul were bound for illegal export to China. India to raise smoking age to 25"
DJIA,2014-11-28,State of emergency in Ukraine as Russia cuts off coal,Finnish Parliament approves same-sex marriage For the first time since 1969 Germany has balanced its budget Bavaria plans free wifi for 'whole state'
DJIA,2014-12-01,Kim Dotcom walks Free After three days of hearings in Auckland,"Iraqi army 'had 50,000 ghost troops' on payroll Alberta pipeline spills 60,000 litres of crude oil into muskeg 'Picasso painting offered as kickback': A painting, believed to be a Picasso, was allegedly gifted to Union of European Football Associations (UEFA) president and FIFA executive member Michel Platini in return for his support for the eventually successful Russian bid for the 2018 global showpiece"
DJIA,2014-12-02,A long list of sex acts just got banned in UK porn,"Edward Snowden wins Swedish human rights award for NSA revelations | Whistleblower receives several standing ovations in Swedish parliament as he wins Right Livelihood award Sony Drops FIFA Sponsorship Amid Corruption Scandal. A british oil company is cutting its new CEOs pay by more than half, in a rare win for shareholders who had opposed the companys initial proposal for compensating chief executive Helge Lund."
DJIA,2014-12-03,"British man found with nailbomb, weapons cache, and plans to mass murder immigrants, not charged with terrorism",Israel must give up Nuclear Weapons: United Nations Resolution Ukraine PM discloses accident at nuclear plant: Reuters Russian state TV's latest attempt to persuade viewers of the moral depravity of the West has left it with egg on its face. What it presented as a child in the USA being exposed to lewd homoerotica was quickly shown to be a fake pornographic parody taken off the internet.
DJIA,2014-12-04,"NASA officially announces Manned Mars Mission, test launch will begin tomorrow testing orbiter.","Vatican finds hundreds of millions of euros 'tucked away': cardinal 16 Major Cruise Lines Released Over a Billion Gallons of Sewage Into the Ocean in 2014 - Beyond 3 miles from shore, the cruise lines may dump wastewater directly into the ocean, &amp; many of them rely on old &amp; antiquated water-treatment systems. Isis recruits are begging to be allowed to return home | Foreign recruits have been writing to their parents with feeble excuses ""I'm fed up to the back teeth. My iPod no longer works out here. I have got to come home,"" one of the foreign IS recruits was quoted as saying."
DJIA,2014-12-05,Orion deep space capsule launches.,"Dozens of Chinese held in Kenya accused of preparing to raid the country's communications systems Germany tries 20-year-old man who fought with ISIS in Syria and sentences him to 3 years 9 months. Blame your boss, not China, for stagnant wage growth: ILO"
DJIA,2014-12-08,"Mass surveillance exposed by Snowden not justified by fight against terrorism - Report by Nils Muinieks, commissioner for human rights at the Council of Europe, says secret, massive and indiscriminate intelligence work is contrary to rule of law",The body temperature of Polish toddler rescued from severe hypothermia this week had dropped to 12.7 C (55 F). It is the lowest survived body temperature ever recorded in a human with hypothermia. Mexico says evidence proves missing students were incinerated Sixteen British police officers have been charged with criminal and disciplinary offences after they ignored cries for help from a disabled Iranian national before he was murdered by his neighbor last year
DJIA,2014-12-09,"Hackers tell Sony to halt the release of ""The Interview""","Elephant Slaughter, Ivory Sales ""Out of Control"": Wild Elephants Could Disappear Within a Generation Germany: Thousands join anti-Islam protest against European spread of ISIS and al-Qaeda NSA warrantless bulk phone metadata spying continues unabated | Metadata snooping re-authorized a fourth time despite Obama's reform pledge."
DJIA,2014-12-10,UK: Porn protest to shock with mass face-sitting and fake sex,"The CIA's harsh interrogations of terrorist detainees during the Bush era didn't work, were more brutal than previously revealed and delivered no ""ticking time bomb"" information that prevented an attack, according to an explosive Senate report released Tuesday. C.I.A. Kept Bush Ill Informed on Interrogation Tactics, Torture Report Says UN official wants CIA and Bush administration officials prosecuted for torture  and says any country can do it"
DJIA,2014-12-11,"'Each time police shut Pirate Bay, well multiply other servers' | No matter how many times law enforcement cracks down on The Pirate Bay, it will find a way to re-open, the Berlin chairman of the Pirate Party said",World Wide Web inventor says Internet should be 'human right' Google is closing Google News in Spain and removing Spanish media outlets from the service ahead of new law forcing Google to pay for using publishers content A $104 million donation from Saudi Arabia's King Abdullah has helped restore food vouchers for 1.7 million Syrian refugees as winter approaches.
DJIA,2014-12-12,Canada just made it legal for police to search your cellphone without a warrant upon arrest.,"Untrained CIA Agents Were Just Making Up Torture Methods As They Went Along A face-sitting protest is happening outside Parliament in the UK as people protest new laws banning many acts in pornography ISIS releases horrifying sex slave pamphlet, justifies child rape"
DJIA,2014-12-15,"Lindt Chocolat Cafe hostage drama in Martin Place, Sydney","Police storm Sydney Cafe, gunfire erupting, more hostages escape Sydney siege: Sydney commuters volunteer to ride by Muslims side, hashtag #illridewithyou trends on twitter High profile drug lord prisoners in Manila revealed to have hotel-like cells. Jacuzzis, home theater system, PS4, air conditioning, and a sex doll, among others, discovered."
DJIA,2014-12-16,Pakistani Army school under siege by terrorists. over 35 injured and many dead. Over 500 students held hostages,Police request attendance list for people at fracking debate. University refuses. Ruble Hits 100 Against the Euro As Currency Collapse Accelerates Taliban: We Slaughtered 100+ Kids Because Their Parents Helped America
DJIA,2014-12-17,"The United States will normalize diplomatic relations with Cuba, open embassy in Havana","Iraq: 150 women executed after refusing to marry ISIL militants Foreign exchange in Finland no longer recognizes rubles for trade. Russia says Sweden smokes too much Weed and that there never was a ""near miss"" with airplane or submarine in Swedish waters."
DJIA,2014-12-18,"Iran this week unveiled a monument to Jewish soldiers killed in the Iran-Iraq War, which lasted from 1980 to 1988 and saw both countries suffer millions of casualties and billions of dollar in damage. Jewish community leaders and a number of Iranian religious officials took part in the ceremony.","Activists to Drop 'Interview' DVDs Over North Korea Via Balloon Curiosity Rover Drills Into Mars Rock, Finds Water Vladimir Putin compares Russia to cornered bear, warning citizens to brace for recession that could last two years"
DJIA,2014-12-19,Claims that boys were murdered by VIP sex ring are credible and true - British Police,"Kurds recapture large area from ISIS Sydney's chief Islamic funeral director yesterday declared no Muslim funeral home would accept the body of terrorist Man Haron Monis and authorities should just dump his corpse at sea or chuck him in the bloody shithouse. Apple is failing to protect workers in Chinese factories, according to an undercover BBC investigation. Exhausted workers were filmed falling asleep on their 12-hour shifts at a Shanghai factory. One employee had to work 18 days in a row despite repeated requests for a day off."
DJIA,2014-12-22,"Pirate Bay Domain Back Online, Waving a Pirate Flag","Argentine Court rules: Orang Utans are ""non-human-persons"" with human rights and therefore need to be released from zoo Peru Is Now Giving Free Solar Power To Its 2 Million Poorest Citizens New York Times calls for Cheney, Bush officials to be investigated and prosecuted for torture"
DJIA,2014-12-23,North Korea's internet is offline; massive DDOS attack presumed,SAUDI OIL MINISTER: I Don't Care If Prices Crash To $20  We're Not Budging ISIL sex slavery has pushed women and girls from Iraq's Yazidi minority to suicide Ukraine votes to drop neutral NATO status
DJIA,2014-12-24,Death toll among Qatars 2022 World Cup workers revealed | Nepalese migrants building the infrastructure to host the 2022 World Cup have died at a rate of one every two days in 2014  despite Qatars promises to improve their working conditions,"Fishing Supertrawlers to be banned permanently from Australian waters Indian telecommunications company Airtel violates Net Neutrality, starts charging for VoIP calls(Skype, etc.) over 2G and 3G in India North Korea's Internet is down again; second black out since last night's restoration of service"
DJIA,2014-12-26,Saudis are eagerly awaiting the approval of a new draft law by the Shoura Council which prevents women under 18 from getting married. The draft law pending approval sets the age of adulthood at 18 and allows women under that age to marry only upon procuring a court order.,"Due to the fall in oil prices, Saudi Arabia is now running a $39 billion deficit. Bill giving government the power to shutdown the internet for 24 hours to be voted in Turkish parliament. A struggle for women's rights is brewing within Israel's deeply conservative ultra-Orthodox community, where women, largely shut out of politics, are beginning to demand greater representation in the country's parliament."
DJIA,2014-12-29,Solar Power Storage Prices Drop 25% In Germany In &lt;1 Year,North Korea Hit Again By Internet Outage; Experts Now Doubt Its Hand In Sony Cyber Attack ARCHAEOLOGY - Massive ancient underground city discovered in Turkey's Nevehir Reopen investigation into Westminster pedophile whistleblower deaths  MP
DJIA,2014-12-30,China businessman jailed for 13 years for buying and eating three tigers,"AirAsia live: Emergency slide, plane door seen in search for missing QZ8501 AirAsia plane wreckage found, bodies being recovered Scotland confirms case of Ebola - Ebola cases hit 20,000, death toll nears 8,000: WHO"
DJIA,2014-12-31,AirAsia flight found at the bottom of the Java Sea,"North Korean defector details 'human experiments' -- use of mentally and physically handicapped children in chemical weapons tests 'the last straw' Korean Air ex-executive Cho Hyun-ah arrested - earlier she ordered a plane to turn back on the runway in New York after nuts were served in a bag, not on a plate South Korean to drop Sony film ""The Interview"" in North Korea by balloon"
DJIA,2015-01-02,"Most cases of cancer are the result of sheer bad luck rather than unhealthy lifestyles, diet or even inherited genes, new research suggests. Random mutations that occur in DNA when cells divide are responsible for two thirds of adult cancers across a wide range of tissues.","Iran dismissed United States efforts to fight Islamic State as a ploy to advance U.S. policies in the region: ""The reality is that the United States is not acting to eliminate Daesh. They are not even interested in weakening Daesh, they are only interested in managing it"" Poll: One in 8 Germans would join anti-Muslim marches UK royal family's Prince Andrew named in US lawsuit over underage sex allegations"
DJIA,2015-01-05,"Moscow-&gt;Beijing high speed train will reduce trip time to 48 hours, from the current 7 days","Two ancient tombs were discovered in Egypt on Sunday, with one representing a symbolic burial site of the god Osiris while another is claimed to be a previously unknown pharaonic tomb. China complains to Pyongyang after N Korean soldier kills villagers | World news Scotland Headed Towards Being Fossil Fuel-Free by 2030 - Renewable energy projects combined with energy savings could decarbonise the countrys power sector. ""We need to see the phasing out of conventional generation in Scotland."""
DJIA,2015-01-06,US oil falls below $50 a barrel,"Toyota gives away 5,680 fuel cell patents to build 'game-changing' car of the future Young Indian couple who had been granted police protection because relatives did not approve are hacked to death when officers refused to carry out judges orders A senior figure in Islamic States self-declared police force in Syria, which has carried out beheadings, was himself found decapitated in the eastern province of Deir al-Zor"
DJIA,2015-01-07,'Shots fired' at French magazine HQ,90% of Bibi Netanyahus Campaign Funds From U.S. ISIS behead street magician for entertaining crowds in Syria with his tricks Denmark sets new world record in renewable energy production by covering 39% of the country's total electricity consumption in 2014 through wind power.
DJIA,2015-01-08,"New Charlie Hebdo issue to come out next week: ""It's very hard. We are all suffering, with grief, with fear, but we will do it anyway because stupidity will not win.""","Ahmed Merabet, Cop Killed In Paris Attacks, Was Muslim Youngest Suspect in Charlie Hebdo Attack Turns Himself In Grenades thrown at a mosque in Le Mans, west of Paris"
DJIA,2015-01-09,Muslim politician from India who offered $8M to Charlie Hebdo attackers has been booked for inciting violence.,Russia has listed transsexual and transgender people among those who will no longer qualify for driving licences. French government donates $1.2 million to ensure Charlie Hebdo lives on Hezbollah Secretary General Sayyed Hassan Nasrallah: 'The Actions of Takfiri groups like Al Qaeda and The Islamic State offended Prophet Mohammad more than the Charlie Hebdo Cartoons mocking him'
DJIA,2015-01-12,"World's largest indoor farm in Japan is 100 times more productive than outdoor fields, uses 99% less water, 40% less power and creates 80% less food waste","Egypt student gets 3-year jail term for atheism -- An Egyptian court has sentenced a student to three years in jail for announcing on Facebook that he is an atheist and for insulting Islam Saudi prince: $100-a-barrel oil 'never' again. Boko Haram massacre is so big, survivors give up counting bodies"
DJIA,2015-01-13,China has just banned the burqa in its biggest Muslim city,"US and EU politicians use Charlie Hebdo attack to call for more Internet surveillance -- Fusion Muslim Mayor of Rotterdam Tells Islamists To ""F*** Off"" On Live Television This is Charlie Hebdo's first cover since the attack"
DJIA,2015-01-14,Cameroon Army Kills 143 Boko Haram Fighters,Air France hands out copies of Charlie Hebdo on flights Turkish president accuses 'the West' of being behind Charlie Hebdo attacks and deliberately 'blaming Muslims' French comedian Dieudonn arrested as apologist for terrorism after Facebook post
DJIA,2015-01-15,Saudi man sentenced 10 years jail and weekly public canings for 5 months. He is guilty of setting up a public online forum for debate and discussion.,"Children caged to keep the streets clean for the Pope: Police round up orphans and chain them in filth during pontiff's visit to Philippines Paris shootings: 200,000 sign petition for Muslim hero who hid hostages to get French citizenship and prestigious Legion d'honneur Indonesia to revoke passports of citizens who join ISIS"
DJIA,2015-01-16,Saudi Arabia publicly beheads a woman in Mecca,"Boko Haram Appears to Be Using Abducted Girls as Suicide Bombers Imam says ""As it is clear that the cartoons are to be published again, Muslims will be hurt and angered, but our reaction must be a reflection of the teachings of the one we love &amp; are angered for. Enduring patience, tolerance, gentleness and mercy was the character of our beloved Prophet."" Three deaths in Anti-Terror Raid in Belgium"
DJIA,2015-01-20,"Good News. Tiger Numbers in India up From 1,400 to 2,226 in 7 Years",Iranian newspaper shut down for showing solidarity with Charlie Hebdo Pope says birth control ban doesn't mean breed 'like rabbits' Kenya police tear-gas school kids protesting the removal of playground
DJIA,2015-01-21,Ebola has killed off a third of the world's gorillas and chimpanzees,"FIFA generated more than $4 billion in sales from the 2014 World Cup, and is Giving Brazil $100 Million After The Country Spent $15 Billion On The World Cup Paris mayor: We intend to sue Fox News Punjab province of Pakistan bans any glorification of terrorists"
DJIA,2015-01-22,ISIS Suffers Heaviest Defeat in Iraq in a Single Day,"Separatists have taken over Donetsk Airport, killing dozens of Ukrainian troops. Such a loss would mark Ukraines most significant and bloodiest tragedy since the battle for Illovaisk in August 2014, in which hundreds of Ukrainian troops were killed. Statue of Irish sea god Manannn Mac Lir stolen in Derry, Northern Ireland. Wooden cross and a note saying 'You shall have no other gods before me' left in its place Meth-filled drone crashes in Mexican border town"
DJIA,2015-01-23,"Kurds Not Invited to Anti-ISIS Conference in London, Despite Leading the War against the Terrorist Organization","King of Saudi Arabia Has Died At 90 France admits soldiers have deserted to ISIS, including ex-elite special forces and French foreign legionnaires Priest sentenced to 13 years in prison for pedophilia in Australia"
DJIA,2015-01-26,WikiLeaks demands answers after Google hands staff emails to US government,"Almost 500 cases of female genital mutilation identified in just one month in English hospitals Malaysia Airlines site hacked, displays 404 - Plane Not Found Mass surveillance is fundamental threat to human rights, says European report: Europes top rights body says scale of NSA spying is stunning and suggests UK powers may be at odds with rights convention"
DJIA,2015-01-27,Greece's new finance minister Yanis Varoufakis is Valve's former Steam Market economist,Hershey's has blocked British-made Cadbury chocolate from entering the US. FBI arrests Russian spy in the Bronx Regin Malware Unmasked as NSA Tool after SPIEGEL Publishes Source Code
DJIA,2015-01-28,"Key Hepatitis C Patent Rejected In India, Clearing Way For Generic Treatment Costing A Thousand Times Less Than US Price","Spain charges 12 priests with child sex abuse Two weeks after Zuckerberg said je suis Charlie, Facebook begins censoring images of prophet Muhammad Ancient planets are almost as old as the universe: Five small planets orbit an 11.2 billion-year-old star, making them about 80 per cent as old as the universe itself. That means our galaxy started building rocky planets earlier than we thought."
DJIA,2015-01-29,"Boko Haram appears to have surrounded city of 2 million, threatening a 'big grave'","Skull discovery suggests location where humans first had sex with Neanderthals. Skull found in northern Israeli cave in western Galilee, thought to be female and 55,000 years old, connects interbreeding and move from Africa to Europe. ISIS To Obama: 'We Will Cut Off Your Head In The White House' Israel fires into Lebanon, killing UN soldier"
DJIA,2015-01-30,A rare megamouth shark just washed up in the Philippines. zoologist estimated its only the 60th confirmed human encounter with one.,Armed man demands airtime on Dutch broadcaster Taliban Arrests ISIS Leader for 'Anti-Islamic Activities' Jordan says it will hang its Islamic State prisoners if the terror group have killed pilot hostage
DJIA,2015-02-02,Westminster child abuse scandal: KGB and CIA kept secret dossiers on Britain's VIP paedophiles; Both Russian and US intelligence knew about a group of powerful paedophiles operating in Britain and the KGB hoped to blackmail them in exchange for information,"A new guard for Asgard: Iceland building first temple to Norse gods in 1,000 years Pagan priest wants the theft of a statue of the Irish God of the Sea 'Manannn Mac Lr' to be treated as a hate crime 'Suppressed' EU report could have banned pesticides worth billions - Science paper recommended ways of identifying hormone-mimicking chemicals in pesticides linked to foetal abnormalities, genital mutations, infertility and other diseases including cancer"
DJIA,2015-02-03,"NASA is planning a mission to Europa, one of the best candidates for alien life","Two-year-old Indian boy's heart beats in that of a Russian child - India's first paediatric heart transplant performed Over 100 drugged and raped in Japan fake clinical study CCTV footage exposes slaughterhouse cruelty: Sheep are punched, kicked and thrown in the secretly recorded video that has prompted an FSA investigation. Campaigners and MPs are calling for CCTV cameras at every abattoir after footage revealed extreme animal cruelty at a halal slaughterhouse."
DJIA,2015-02-04,Draft of Arrest Warrant for Argentine President Found at Dead Prosecutors Home,New allegations of Saudi involvement in 9/11 ISIS Burns Jordanian Pilot Alive Jordan executes two Iraqi militants in response to pilot's death.
DJIA,2015-02-05,"Jordan carries out air strikes in Iraq, killing 55 IS militants","Russian woman faces 20 years in prison for revealing Russian forces to be deployed to the Ukraine No, Jordan's King Abdullah II is not personally flying planes against ISIS Edward Snowden Is More Admired than President Obama in Germany and Russia"
DJIA,2015-02-06,Supreme Court of Canada strikes down ban on doctor-assisted suicide,"ISIS bomb factory, compound in Iraq destroyed by Canadian fighter jets Scientists have found a 10 million gallon 'bath mat' of oil on the floor of the Gulf of Mexico U.S. considers declassifying report on Saudi funding of al Qaeda"
DJIA,2015-02-09,Huge Explosion at Chemical Plant in Ukraine,"Jordan: Approximately 7,000 IS members killed in strikes HSBC files show how Swiss bank helped clients dodge taxes and hide millions India is now officially the world's fastest growing big economy"
DJIA,2015-02-10,Mugabe falls: '27 bodyguards punished' after Zimbabwe president stumbles on carpet,Twitter says Russia repeatedly tried to erase tweets by critics of Putin. Israeli who placed bomb at Palestinian girls' school released from prison early. The Indian Supreme Court Just Told Muslims They Can't Have Multiple Wives
DJIA,2015-02-11,Obama sends Congress draft war authorization that says Islamic State 'poses grave threat',Puerto Rico considers fining parents of obese children up to $800 Meteor explodes over New Zealand Pagan 'Sea God' statue to be replaced and reinforced after global support
DJIA,2015-02-12,England bans smoking in cars containing children.,Ukraine: 50 Russian tanks and 40 missile systems rolled into the country while Putin talked peace Russian President Vladimir Putin announces ceasefire for eastern Ukraine to start on 15 February Paris Votes To Sue Fox News
DJIA,2015-02-13,'Operation Death Eaters': Anonymous Wade Into Child Sex Abuse Scandal And Threaten To Expose High Profile Abusers,Google waited six months to tell WikiLeaks it passed employee data to FBI | Tech giant facing renewed questions about user data as WikiLeaks lawyer says The question I have is: what caused this six-month delay? Every ocean now has a massive plastic garbage patch Isis: Eight would-be suicide bombers killed while entering Iraqi base hosting US forces
DJIA,2015-02-17,An Australian learner driver who stitched his own chainsaw wound and drank gin for the pain before driving to hospital has lost a Supreme Court appeal against a drink-driving charge.,"Ukraine Truce 'Broken 139 Times' On First Day Magnitude 6.9 earthquake recorded in Northern Japan, tsunami warning issued 71% of Chileans Approve Legislation to Decriminalize Abortion"
DJIA,2015-02-18,"Malawi bans child marriage, lifts minimum age to 18","Ineffective homeopathic alternatives to vaccines should be taken off the market because they are a dangerous distraction, Canadian public health officials urge as infectious diseases such as measles make a comeback. 15 year old girl strip searched at Canadian school; Education minister defends practice, says it is OK if done ""respectfully""; girl feels ""violated and destroyed"". Thailand To Give Chinese Tourists Etiquette Manuals"
DJIA,2015-02-19,Lenovo Caught Installing Adware On New Computers,"Israeli Prime Minister Candidate Isaac Herzog says in an interview the country's people are ""fed up"" with Benjamin Netanyahu's ""politics of fear."" If elected, he says he wants to ""reignite"" the peace process and is prepared to negotiate with the Palestinians. Netanyahu humiliated after he tries to play down wealth with video recorded in his decrepit home... which is revealed to be his servants' quarters Poverty in Germany at its highest since reunification. Some 12.5 million Germans are now classified as poor."
DJIA,2015-02-20,"Everest College, a U.S.-owned chain of 14 private career schools, shut down in Ontario, Canada by provincial government after allegations of falsified job placement and grade data","Another atheist sentenced in Egypt. University reported disbelieving student to the authorities NSA/GCHQ hacked into world's largest manufacturer of SIM cards, stealing encryption keys Family of girl strip-searched at Quebec school to sue school board"
DJIA,2015-02-23,"The family of the codebreaker Alan Turing will visit Downing Street on Monday to demand the government pardons 49,000 other men persecuted like him for their homosexuality.","There's a massive new leak of confidential spy files from MI6, Mossad and the FSB China to credit Ukraine for $3.6 bln to reduce dependence on Russian gas Edward Snowden documentary Citizenfour wins Oscar"
DJIA,2015-02-24,"The city of Edmonton is considering adding an eleven kilometer (seven mile) 'freezeway' that will allow residents to skate to work, with a pilot project planned for as early as next winter.","New Zealand to enter the war against ISIS 70 firms ""named and shamed"" after refusing to pay their worker the minimum wage Kim Jong-un calls for full combat readiness for war with US"
DJIA,2015-02-25,ISIS Burns 8000 Rare Books and Manuscripts in Mosul,"Satellite image research proves Russian artillery strikes into Ukraine, a fact previously denied by the Russian government NSA whistleblower Edward Snowden didnt mince words during a Reddit Ask Me Anything session on Monday when he said the NSA and the British spy agency GCHQ had screwed all of us when it hacked into the Dutch firm Gemalto to steal cryptographic keys used in billions of mobile SIM cards worldwide. Jamaica passes act decriminalizing possession of up to 2 oz of pot, paves way for medical marijuana"
DJIA,2015-02-26,The HSBC bank is accused of systematic involvement in tax evasion and money laundering to the tune of more than 100 billion euros.,Actress Emma Thompson and her husband refuse to pay 'a penny more' in taxes until HSBC tax evaders go to jail HSBC bosses reject calls to quit after 'terrible list' of problems IS militant 'Jihadi John' named as Mohammed Emwazi from London
DJIA,2015-02-27,France wants imams to learn secular values as part of new anti-radicalisation push: the French government will push imams to take university-level civics classes.,"American atheist blogger hacked to death in Bangladesh The big melt: Antarctica's retreating ice may re-shape Earth. Over at NASA, ice scientist Eric Rignot said the melting ""is going way faster than anyone had thought. It's kind of a red flag."" German tank battalion to be activated amid russia crisis | Germany plans to activate a tank battalion that exists only on paper as it seeks to increase the country's military capability. The DM spoke of a changed security situation amid the conflict in Ukraine."
DJIA,2015-03-02,Thousands in Moscow chant Russia without Putin,Charlie Hebdo now has 25 times as many subscribers as before deadly attack PayPal stops accepting payments for Kim Dotcom ' s Mega service because it uses encryption Russian chessmaster Kasparov: Now there's 'no chance' for a peaceful transition beyond Putin
DJIA,2015-03-03,American jailed in United Arab Emirates for Facebook posts made in the USA,"France wants companies to make appliances that last longer Islamic scholar Zakir Naik, who said Muslims can have sex with female slaves, gets Saudi Arabia's highest honour Snowden ready to go to US if he gets fair trial - whistleblower's lawyer"
DJIA,2015-03-04,"UK should begin decriminalising drugs, say Richard Branson and Nick Clegg","Black Sabbath guitarist Tony Iommi asks Indonesian President and heavy metal fan Joko Widodo to stop execution of Australian drug smugglers Paraguay Next to Legalize Marijuana Says President of Congress Putin has called for an end to ""shameful"" political killings in Russia"
DJIA,2015-03-05,Study Confirms That Abstinence Education Has Utterly Failed At Preventing AIDS In Africa,"The father of a woman who died after a savage gang-rape in Delhi said he thought everyone should watch a documentary about the attack broadcast by the BBC but banned in India ""If a man can speak like that in jail, imagine what he would say if he was walking free,"" said the father of the victim The car used in Putin critic's killing belongs to an 'in-house security service'. The Iranian president, Hassan Rouhani, has reacted to Binyamin Netanyahus speech to the US Congress by saying that the world and the American people are too intelligent to take advice from an aggressive and occupier regime that has itself developed an arsenal of nuclear weapons."
DJIA,2015-03-06,Lockheed Martin Claims Sustainable Fusion Is Within Its Grasp,"Nasa finds evidence of a vast ancient ocean on Mars Astronomers Observe Supernova and Find They're Watching the Same Star Explode Over and Over Again Nasa, has confirmed that its Dawn probe has gone into orbit around Ceres, the largest object in the asteroid belt between Mars and Jupiter."
DJIA,2015-03-09,"Indian news channel NDTV left its screen blank for an hour on Sunday evening in protest of the ban on Indias Daughter, a documentary about the 2012 Delhi rape.",Two California Tourists Arrested For Engraving Their Names In Rome's Colosseum And Taking A Selfie Russian President Vladimir Putin has revealed he planned the annexation of Crimea four days before unidentified gunmen appeared in the region. India wants global ban on gang rape documentary
DJIA,2015-03-10,"The White House on Monday sharply rebuked nearly four dozen Republican senators who sent a letter to Iranian leaders just as nuclear negotiations reach a pivotal moment, characterizing the correspondence as an illegitimate interference in President Obamas foreign policy.","U.K. Parliament says banning Tor is unacceptable and impossible Ecstasy, ketamine and crystal meth are currently legal in Ireland due to a ruling in the Court of Appeal on the Misuse of Drugs Act 1977 this morning. Qatar should be stripped of the 2022 World Cup in order to rectify the mistake of awarding them the tournament, the outgoing Fifa executive committee member Theo Zwanziger has said."
DJIA,2015-03-11,Pope Francis has called for greater transparency in politics and said elections should be free from backers who fund campaigns in order to prevent policy being influenced by wealthy sponsors.,"Britain may broadcast Putin's financial secrets to Russia Homeopathy not effective for treating any condition, Australian report finds The Euro has lost 35% of its value since last May, and is continuing to drop"
DJIA,2015-03-12,A 42-year-old woman running for mayor in a violent southwestern Mexican state has been kidnapped and decapitated.,"More than 200 witchdoctors and traditional healers have been arrested in Tanzania in a crackdown on the murder of albinos for their body parts. The latest victims include a one-year-old albino boy, killed in north-western Tanzania a few weeks ago. Richest man in US Congress would be 166th richest in China's congresses Boko Haram Surrounded on All Sides by United-Military Forces"
DJIA,2015-03-13,"German anti-vaccer wagers  100,000 to anyone proving the existance of the measles virus. Researcher sends him articles proving the virus' existance and takes him to court where he's ordered to pay the full amount.",Iran: The letter by American senators indicates the collapse of political ethics in the United States The Euro and the US Dollar are now worth the same amount Canadian school takes 21 students out of school as parents refuse to vaccinate them while a measles outbreak reaches 119 cases
DJIA,2015-03-16,"Anonymous released 9,200 ISIS supporter Twitter account names to apply pressure on Twitter for suspending them","World waits to see if Putin turns up Putin Orders Northern Fleet to Full Alert for Combat Readiness Exercise, include 38,000 military personnel, 3,360 pieces of equipment, 41 ships, 15 submarines, and 110 airplanes and helicopters Russia's Putin appears in public for first time since March 5"
DJIA,2015-03-17,Irish no-frills airline Ryanair confirmed its board has approved plans to start flying low-cost transatlantic routes starting from $14 in the next five years.,"Strip-searched girl can't return to her school, Quebec judge rules . In the strip search, the girl was asked to remove all her clothing, including her underwear. No drugs were found. Netanyahu: If I'm elected, there will be no Palestinian state France aims to criminalize advertising with anorexic models"
DJIA,2015-03-18,"Pentagon loses track of $500 million in weapons, equipment given to Yemen","Mexico Offered Sony $20M in Tax Breaks to portray country better in Bond film Egyptian woman who disguised herself as a man for 43 years in order to make a living was honored Tuesday by the government as the ideal mother Vagina piercings to count as female genital mutilation in the UK, even if they are consensual"
DJIA,2015-03-19,New Alzheimers treatment fully restores memory function - Australian researchers have come up with a non-invasive ultrasound technology that clears the brain of neurotoxic amyloid plaques,The Pirate Party is now measured as the biggest political party in Iceland US removes Iran and Hezbollah from list of terror threats A former ISIS militant has revealed that young Muslim women travelling to Syria to marry jihadists are being passed between men at the rate of one husband a week.
DJIA,2015-03-20,France decrees new rooftops must be covered in plants or solar panels. All new buildings in commercial zones across the country must comply with new environmental legislation,The CIA Just Declassified the Document That Supposedly Justified the Iraq Invasion The Australian government just passed a bill that forces ISPs to store and allow police warrantless access to the internet browsing history of all Australians Today there was an 98-99% solar eclipse in Iceland. Today they also started building the first pagan temple to be built in a 1000 years in Europe.
DJIA,2015-03-23,U.K. Government rejects immunity for public officials who blow whistle on child sex abuse,Ex-cop claims a royal was in paedophile ring but inquiry was closed to shield Buckingham Palace from scandal Scotland Yard Investigated for Protecting Pedophiles in U.K. Suspected Nazi hide-out found deep in Argentine jungle
DJIA,2015-03-24,Airliner crashes in French Alps,"White House chief of staff: 50 years of Israeli occupation must end- U.S. cannot pretend Netanyahu didn't say no Palestinian state would be established on his watch, Denis McDonough tells J Street conference in Washington. North Korea demands Obama to return Nobel Peace Prize Indian Supreme Court strikes down law that allowed the government to arrest people for posting offensive statements online"
DJIA,2015-03-25,"There was no tape draped across a finish line, but NASA is celebrating a win. The agency's Mars Exploration Rover Opportunity completed its first Red Planet marathon Tuesday -- 26.219 miles (42.195 kilometers) - with a finish time of roughly 11 years and two months.","Chinese scientists have built the worlds first hydrogen-powered tram and water is it's only emission Costa Rica is now running completely on renewable energy: Costa Rica is running without having to burn a single fossil fuel, and its been doing so for 75 straight days. Jeremy Clarkson dropped from Top Gear, BBC confirms"
DJIA,2015-03-26,Germanwings Pilot Was Locked Out of Cockpit Before Crash in France,Germanwings plane crash: Co-pilot 'started descent' GermanWings 9525 - Villagers in Alps show solidarity and are welcoming victims families in hotels and their homes for free. Have also set-up a temporary chapel in the school gym and offered to act as translators to the families. Both major Australian political parties pass sweeping mass surveillance laws. Phone &amp; Internet records to be kept for 2 years
DJIA,2015-03-27,WikiLeaks Reveals TPP Proposal Allowing Corporations to Sue Nations,"Australia's 140 top polluters will set their own limits for future pollution virtually penalty free, according to the Government's latest Direct Action policy paper. The Pentagon has declassified a document that was once labeled top-secret, which goes into sophisticated detail about Israels nuclear weapons program. Astronaut Scott Kelly will return from a year in space both older and younger than his twin brother"
DJIA,2015-03-30,The president and CEO of The Associated Press has called for changes to international laws that would make it a war crime to kill journalists or take them hostage,"Antarctica reaches 63F, highest temperature ever recorded. Australia Accidentally Leaked the Personal Information of All the G20 Leaders Hidden camera investigation reveals chicken slaughterhouse practices: ""For six months, an employee of the animal rights group worked inside one of the largest chicken slaughterhouses in Canada, while using a hidden camera to secretly videotape what he was seeing."""
DJIA,2015-03-31,"Facebook 'tracks all visitors, breaching EU law' - People without Facebook accounts, logged out users, and EU users who have explicitly opted out of tracking are all being tracked, report says","A thousand-year-old treatment for eye infections, made with onion, garlic and part of a cow's stomach, is gaining attention after research at the University of Nottingham. Scientists were ""astonished"" to find it almost completely wiped out staphylococcus aureus, otherwise known as MRSA. A massive power outage has hit Turkey. 24 regions and major cities are affected including Ankara and Istanbul. Another list containing 25,000 ISIS supporter accounts is released to put pressure on Twitter to suspend them, this time without using hack methods"
DJIA,2015-04-01,"Indian Army team heads for Mt.Everest to bring down 4,000kg of trash left by climbers.","ISIS loses Tikrit Generous welfare benefits make people more likely to want to work, not less, new research suggests Latin American countries propose to remove all US military bases in Latin America"
DJIA,2015-04-02,"With 1st Nationwide Fracking Law, Germany Approaches A Ban - ""As long as the risks cannot be fully evaluated, fracking will be banned.""","Johns Hopkins University faces a $1 billion lawsuit, 800 former research subjects and their families blame the institution for its role in government experiments in the 1940s and 50s in Guatemala that infected hundreds of people with sexually transmitted diseases Dozens dead as Russian trawler with 130+ aboard sinks in Sea of Okhotsk Russia Is On The Dawn of a Prolonged Recession as Oil Prices Stay Low and Sanctions Remain in Effect"
DJIA,2015-04-06,Top ISIS leader who was once Saddam general killed in Fallujah,"Turkish authorities have blocked access to Twitter, Youtube and Facebook over the publication of photos published on the three social media platforms, showing a prosecutor who was taken hostage by militants in Istanbul last week. Rupert Murdoch's US empire siphons $4.5 billion from Australian business virtually tax-free French commandos free Dutch hostage in Mali, held for 3.5 years"
DJIA,2015-04-07,Russian fighter's confession that he killed 15 Ukrainian prisoners of war may be considered evidence of war crimes,"The Greek government says Germany owes Greece nearly 279bn (204bn; $303bn) in war reparations for the Nazi occupation during World War Two. It is the first time Greece has officially calculated what Germany allegedly owes it for Nazi atrocities and looting during the 1940s. U.S. expected to remove Cuba from state sponsors of terrorism list. China will keep records of ""uncivilised"" behaviour by its tourists for up to two years, the country's tourism agency said on Tuesday, to combat a spate of incidents abroad in recent years which it said reflected badly on the country's image."
DJIA,2015-04-08,Easter vault raiders steal up to 200million: Hatton Garden gem thieves cut through roof and disabled alarm system before abseiling down lift shaft to loot 300 safety deposit boxes over four days,"US Officials say Russians have hacked the White House India Pulls Off Great Escape in Yemen, 4000 Evacuated From War Zone Judge orders Prince Andrew sex allegations struck from court record | UK news"
DJIA,2015-04-09,U.S. Legalization of Marijuana Has Hit Mexican Cartels' Border Trade,"Anonymous released a list of ISIS supporter websites and companies in UK and US that are hosting them Tokyo thanks Beijing for evacuating Japanese tourist from Yemen UN urged to ban 'killer robots' before they can be developed - Fully autonomous weapons should be banned by international treaty, says a report by Human Rights Watch and Harvard Law School"
DJIA,2015-04-10,"The biggest extinction event in planetary history was driven by the rapid acidification of our oceans, a new study concludes. So much carbon was released into the atmosphere, and the oceans absorbed so much of it so quickly, that marine life simply died off, from the bottom of the food chain up.","Energy and climate change minister accepts 18,000 from climate sceptic. It says something that we have an energy and climate change minster who hates wind, loves fracking, and accepts large sums of cash from a central figure in a climate sceptic lobby group, Greenpeace director John Sauven said. Vancouver has become the latest city to commit to running on 100% renewable energy. The city of 600,000 on Canadas west coast aims to use only green energy sources for electricity, and also for heating and cooling and transportation. Nordic nations agree on defense cooperation against Russia"
DJIA,2015-04-13,"IKEA Will Produce &amp; Ship 10,000 Flat-Pack Emergency Shelters Around the World","Russia has started supplying grains, equipment and construction materials to Iran in exchange for crude oil under a barter deal, worth up to $20 billion UK ranked among least religious countries in world Nasa's Curiosity rover finds water below surface of Mars"
DJIA,2015-04-14,A federal judge in Washington handed down a life sentence to the first of four Blackwater Worldwide guards to be sentenced in the 2007 shooting that killed 14 unarmed Iraqis and injured others in a Baghdad traffic circle.,South Korean businessman commits suicide leaving behind a list of supposed brides he has paid to politicians. List includes current Prime Minister and two former Chiefs of Staff. Liquid Medical Marijuana Shows Promise Against Severe Epilepsy World's first cloned camel becomes six years old and pregnant
DJIA,2015-04-15,Obama Removes Cuba From State Sponsor of Terror List,"Iran leader: We are in talks with the major powers, not the U.S. Congress. After 5 billion km journey New Horizons probe sights Pluto and moon, captures the first colour image of distant dwarf planet. Lobbyists threaten European democracy, anti-graft body says: Lack of control over lobbyists threatens to undermine European democracies, the anti-corruption pressure group Transparency International said on Wednesday, as it called for tight new regulation."
DJIA,2015-04-16,Japan overtakes China as top holder of US Treasury Debt,"Ousted Ukraine president's ally found shot dead in Kiev home | Oleg Kalashnikov was a member of Viktor Yanukovychs parliament; Six Yanukovych-era government officials have died over last two months Ukrainian journalist Oles Buzina, a vocal critic of current Ukrainian govt, was murdered in Kiev. A book on Islamophobia written by late Charlie Hebdo editor Charb, completed two days before he was killed in an attack on the weekly's Paris offices on January 7, is to be published on Thursday"
DJIA,2015-04-17,"France wants to fight terrorism by spying on everyone - Prime minister says proposed surveillance law 'is not a French Patriot Act,' but civil liberties groups say it goes too far","Italian police: Migrants threw Christians overboard | Muslims who were among migrants trying to get from Libya to Italy in a boat this week threw 12 fellow passengers overboard -- killing them -- because the 12 were Christians, Italian police said Thursday. Islamic State's Pakistan chief killed while planting bomb UK Lord, Janner, will not be charged despite evidence of child abuse"
DJIA,2015-04-20,"ISIS, Taliban announced Jihad against each other - Khaama Press (KP)",Mexican Police Capture Leader of Jurez Cartel Canadian insurer Grey Power denies flooded home claim for senior who was away for cancer treatment due to 'leaving the home unattended for more than 4 days' Germany plans for the first time to officially recognize the killing of hundreds of thousands of Armenians by the Turkish regime 100 years ago as genocide.
DJIA,2015-04-21,"Astronomers have discovered what they say is the largest known structure in the universe: an incredibly big hole. The supervoid, as it is known, is a spherical blob 1.8 billion light years across that is distinguished by its unusual emptiness.",North Korean defector says 'The Interview' could push North Korean citizens to revolt Australian Universities are pressuring academics to pass international students despite poor English and plagiarism. Outage hits pumps at Fukushima plant; toxic water leaks into ocean
DJIA,2015-04-22,Austria Recognizes Armenian Genocide,"Man forms tiny European nation, 160,000 sign up to become citizens Russia to close 40% of universities by the end of 2016 President Barack Obama will not use the word genocide to describe the massacre of up to 1.5 million Armenians in his annual statement commemorating the historic atrocity"
DJIA,2015-04-23,"Worlds most powerful telescope set to launch in 2018 - NASA is building the biggest telescope the world has ever seen, and it will give scientists the opportunity to 'see' cosmic events that occurred 13.5 billion years ago - just 220 million years following the Big Bang","Chinese scientists just admitted to tweaking the genes of human embryos for the first time in history EU leaders to declare: 'We cannot take more migrants' Saudi Arabia has beheaded a second Indonesian maid this week despite protests from the Indonesian Government, which is itself facing fierce criticism for its failure to heed calls for clemency for a number of foreigners on death row"
DJIA,2015-04-24,Ireland set to examine possibility of decriminalizing cannabis,"No swooshing: ISIS reportedly bans Nike because it sounds like sex in Arabic An international team of scientists has sequenced the complete genome of the woolly mammoth. Now, with the publication is the complete genome, it could be a step closer to resurrecting the animal. Cuba has had a lung cancer vaccine for years. With a thaw in relations between the US and Cuba, CimaVax and other breakthrough drugs developed in Cuba may soon be available to Americans."
DJIA,2015-04-27,"At least 3,218 people are now known to have died in a massive earthquake which hit Nepal on Saturday","Scientists are turning salt water into drinking water using solar power China is building a Great Wall of Trees to fight climate change and the encroaching Gobi Desert - Reforestation efforts in China have helped offset about 85% of the loss in above-ground biomass carbon lost to tropical deforestation since 2003 On the heels of the Nepal earthquakes, New Land is rising out of the sea in Hokkaido Japan  Rose 50 feet (over 1,000 feet long) overnight"
DJIA,2015-04-28,Russia cuts nuclear arms stockpiles to minimal levels fulfilling all points of the Treaty on the Non-Proliferation of Nuclear Weapons... making a considerable contribution to the process of comprehensive and complete disarmament.,Jamaica Just Planted Its First Legal Marijuana Plant Vatican climate change summit to highlight moral duty for action. Francis has already said that he believes global warming is mostly man-made and that a Christian who does not protect Gods creation is a Christian who does not care about the work of God. Kurds are openly recruiting U.S. ex-military to fight ISIS
DJIA,2015-04-29,"""We've Just Rescued Over 200 Girls In A Daring Attack On Boko Haram Hideout In Sambisa""- Nigerian Army","Unmanned Russian spacecraft plunging to Earth: It has started descending. It has nowhere else to go... It is clear that absolutely uncontrollable reactions have begun. S. Korea spy agency says Kim Jong-Un executed 15 top officials Isis Beheaded, Stoned and Shot 1,362 Civilians, including 9 Children in Syria since June 2014: Report"
DJIA,2015-04-30,Four month old baby pulled alive from Nepal rubble 22 hours after parents lost him during earthquake,"The Italian army has unveiled its first cannabis farm, set up to try to lower the cost of medical marijuana in the country. 'Am I being executed?' - mentally ill Brazilian killed by Indonesia unaware until end, says priest Over 30,000 doctors and health professionals in Argentina campaign to ban Monsanto"
DJIA,2015-05-01,"New Test Suggests NASA's ""Impossible"" EM Drive Will Work In Space - The EM appears to violate conventional physics and the law of conservation of momentum; the engine converts electric power to thrust without the need for any propellant by bouncing microwaves within a closed container.","China announces plan to seven-fold increase Antarctic krill catches. "" may leave Antarcticas whales, seals and penguins struggling to survive."" 10-Year-Old Girl Raped by Stepfather Is Refused an Abortion in Paraguay North Korean diplomats storm out of UN rights meeting after shouting that Americans muder 'innocent black people'"
DJIA,2015-05-04,Russian Official Severely Beaten After Reporting Electoral Fraud,"25,000 Mexican Fishermen Sue BP over Environmental Disaster An estimated 250,000 Bangladeshis, lured with jobs in Malaysia, have been held for ransom in jungle camps by traffickers in Thailand over the last 8 years in a modern day slave trade. Authorities from the three countries are also reportedly involved in the trade. Puerto Rico's governor on Sunday signed an executive order authorizing the use of medical marijuana in the U.S. territory in an unexpected move following a lengthy public debate"
DJIA,2015-05-05,"Qatar detained German reporters investigating FIFA World Cup | Journalists from Germanys biggest television networks were reportedly detained, questioned and not allowed to leave Qatar for days while working on a story about FIFA President &amp; Dohas vexed nomination for the 2022 football World Cup.","7.4 quake hits near Papua New Guinea, tsunami warning issued Canada's Trudeau vows to cut middle-class taxes, hike taxes on rich TransCanada Keystone 1 Pipeline Suffered Major Corrosion Only 2 Yrs in Operation - The cause of the corrosion is being kept from the public by federal regulators &amp; TransCanada."
DJIA,2015-05-06,U.S. government has authorized commercial ferry service to Cuba,"France just passed its own Patriot Act, and civil rights groups arent happy -- ""in the wake of the deadly Charlie Hebdo attacks in Paris, France has passed its own version of the Patriot Act, which could give a French government intelligence agency NSA-like powers in the country"" WHO report: 74% of men and 64% of women in UK to be overweight by 2030 After forty years of the Progressive Conservatives running the Canadian province of Alberta, a new party has been elected."
DJIA,2015-05-07,Someone stole $1 billion from Moldova. That's an eighth of its GDP,"Egypt to Rebuild the Lighthouse of Alexandria, One of the Seven Ancient World Wonders NASA's Radar Found 4 Men Trapped in Rubble in Nepal By Their Heartbeats North Korea: ""We don't have political prison camps, because we have no political division."""
DJIA,2015-05-08,"Video: After almost 1,000,000 votes for the UK Green Party and only 1 seat won, their elected Rt. Hon. Caroline Lucas calls for Proportional Representation voting in the UK","For the first time, Ebola has been discovered inside the eyes of a patient just months after the virus was gone from his blood. Germany has stopped sharing internet surveillance info with the NSA Nick Clegg, Nigel Farage and Ed Miliband have all quit their Leader positions"
DJIA,2015-05-11,"Pope Francis said Monday that ""many powerful people don't want peace because they live off war"". ""Some powerful people make their living with the production of arms. It's the industry of death"".","Chinese government now blacklisting rude Chinese tourists from traveling abroad Edward Snowden warns data retention laws are 'dangerous'. The former NSA contractor who lifted the lid on mass surveillance in the US has a message for Australians living with new data retention laws: ""You are being watched."" Powerful religious leaders in Afghanistan are growing uneasy about the challenge to their authority posed by rare civil rights protests in Kabul and widespread anger over the lynching of a young woman wrongly accused of burning a Koran"
DJIA,2015-05-12,Earthquake strikes again - felt in India and Nepal. 7.1 magnitude on richter scale.,"Colombia Will Stop Spraying Monsantos RoundUp On Their Cocaine JP Morgan Chase, Barclays, other banks likely to plead guilty over manipulation of foreign exchange rates Pakistani military officials name the ex-ISI officer who gave away Bin Laden's Location to CIA for $25 million"
DJIA,2015-05-13,Japan struck by 6.7 magnitude earthquake. After shocks expected.,"President Barack Obama:''Palestinians deserve an end to occupation'' Vatican officially recognizes 'state of Palestine' in new treaty ""Time has come to reexamine cannabis prohibition, Israel's police chief says"""
DJIA,2015-05-14,"Canada Aboriginals Reject $960 Million Petronas Gas Deal. An aboriginal group along Canadas Pacific Coast turned down Petroliam Nasional Bhd.s offer of C$319,000 ($267,000) for each member as compensation for building a natural gas export terminal on ancestral lands.","North Korean defense chief NOT executed. South Korea redacts earlier statements about the execution. A Navy nurse who refused to force feed prisoners on hunger strike at the U.S. base at Guantanamo Bay, Cuba, is no longer facing an administrative discharge over his protest, his lawyer said Wednesday House votes to stop NSA's phone data collection"
DJIA,2015-05-15,NASA Finds Antarctic Ice Shelf a Few Years From Disintegration,"ISIS leader, Baghdadi, says ""Islam was never a religion of peace. Islam is the religion of fighting. It is the war of Muslims against infidels."" Banks want assurances from U.S. regulators that they will not be barred from certain businesses before agreeing to plead guilty to criminal charges over the manipulation of foreign exchange rates, causing a delay in multibillion-dollar settlements Scientologists are in Nepal trying to 'heal' trauma victims"
DJIA,2015-05-18,"Saudi Arabia had made the strategic decision to purchase a nuclear weapon from Pakistan amid the ongoing negotiations over Irans nuclear program, a former American defense official said said in a report today in The Sunday Times.","Danish jihadists cashed in on welfare benefits; Thirty-two Danes have collected nearly 400,000 kroner worth of unemployment benefits while fighting in Syria Fossil fuels subsidised by $10m every minute, says IMF . Fishermen in Indonesia's Aceh province say they have been told by officials not to rescue Rohingya migrants from boats off the coast, even if they are drowning."
DJIA,2015-05-19,World Cup sponsors urged to bail over 'horrific' treatment of workers in Qatar,ThePirateBay.se and PirateBay.se have been seized A US appeals court has ruled that YouTube should be allowed to show the uploaded film 'Innocence of Muslims' that sparked outrage in the Arab world in 2012. Child abuser sentence reduced because 6 year old victim had been already abused before
DJIA,2015-05-20,Banks fined $5.7bn over foreign exchange rigging - live updates | Regulators are announcing penalties against some of the worlds biggest banks for their role in manipulating the foreign exchange markets.,"U.S. Central Intelligence Agency leaked propaganda material to the producers of 'Zero Dark Thirty' to build a positive spin on torture programmes Irans Supreme Leader Ayatollah Ali Khamenei has ordered that all Afghan children in Iran be permitted schooling regardless of their residency status. This decision impacts hundreds of thousands of children and can help improve the precarious status of the approximately 3 million Afghans in Iran. Obama is creating a 1,500-mile butterfly corridor to help Monarchs get from Mexico to Minnesota"
DJIA,2015-05-21,Brazil blogger known for reporting on corruption found decapitated,China's richest man lost $15 billion in one hour India wants to know where the $100 billion climate change fund is Hundreds of tech companies line up to oppose TPP trade agreement
DJIA,2015-05-22,France to force big supermarkets to give away unsold food to charity,"No more bad vision, bionic optics will help humans see 3x better than 20/20 vision EU moves to regulate hormone-damaging chemicals linked to cancer and male infertility were shelved following pressure from US trade officials over the Transatlantic Trade and Investment Partnership (TTIP) free trade deal, newly released documents show. Scientists on Thursday unveiled the most comprehensive analysis ever undertaken of the world's ocean plankton, the tiny organisms that serve as food for marine creatures such as the blue whale, but also provide half the oxygen we breathe."
DJIA,2015-05-26,"Wikipedia edits from inside Parliament removing scandals from MPs' pages, investigation finds.",Ecstasy may soon be a treatment for social anxiety among autistic adults. Iran launches anti-Isis cartoon competition 'to expose true nature of Islamic State' ISIS kidnaps North Korean couple living in Libya
DJIA,2015-05-27,"Apple co-founder Steve Wozniak says the NSA whistleblower gave up his own life . . . to help the rest of us"".",FIFA Officials Arrested on Corruption Charges; Face Extradition to U.S. Scottish Government: creationism banned from science class UK's biggest male rape charity Survivors UK has state funding slashed to zero despite 120% rise in men reporting sexual violence and seeking help
DJIA,2015-05-28,Nike becomes suspected player in alleged $150 million FIFA bribery scandal,"Visa threatens to ditch FIFA as sponsor Russia's army is massing troops and hundreds of pieces of weaponry including mobile rocket launchers, tanks and artillery at a makeshift base near the border with Ukraine, a Reuters reporter saw this week. Many of the vehicles have number plates and identifying marks removed New Evidence Shows Police Did Massacre 42 in Michoacan, Mexico"
DJIA,2015-05-29,"Video footage showing trucks belonging to Turkey's intelligence service carrying weapons en route to Jihadists in Syria were published Friday in a Turkish daily.The trucks were carrying a total of 1000 mortar shells, 80000 rounds of ammunition for heavy weapons and hundreds of grenade launchers","UN says encryption necessary for the exercise of the right to freedom The US removes Cuba from terror list Solid gold bongs used by kings 2,400 years ago are dug up in Russia"
DJIA,2015-06-01,Nigeria Outlaws Female Genital Mutilation,"Petition asks US President, Congress, DoD not to bomb Tinian and Pagan islands for military training. The US Navy has plans to bomb these islands as part of a training exercise, obliterating their rare coral ecosystems, wildlife, and important historic artifacts. Obama Ordered to Release Guantanamo Force-Feeding Video Erdogan threatens the journalist, who leaked the pictures of weapon delivery to Syria, : ""He will pay a heavy price for this, I will not leave go of him! "" . Journalist replies: ""The person who committed this crime (weapon delivery) will pay a heavy price. We (turkish people) will not let go of him"""
DJIA,2015-06-02,"Fifa corruption: Qatar says investigations are racist, anti-Arab and show 'ugly face' of countries who lost 2022 World Cup bid","Homosexuality Decriminalised in Mozambique WikiLeaks announces $100K bounty for the TPP text | WikiLeaks announced an effort to crowd-source a $100,000 reward for the remaining chapters of the Trans-Pacific Partnership trade deal, after the organization published three draft chapters of the deal in recent years. Meth is now cheaper than a meal at Burger King in much of Asia."
DJIA,2015-06-03,Japan lowers voting age from 20 to 18.,"Sepp Blatter resigns. Calls for new election. US Officials announce Sepp Blatter under investigation for corruption Malaysian flight 17 downed by missile, says Russian maker of Buk air defence missile system"
DJIA,2015-06-04,"US Official: Over 10,000 ISIS fighters killed in nine months but they have all been replaced.","IKEA, the world's biggest furniture retailer, plans to spend 1 billion euros ($1.13 billion) on renewable energy and steps to help poor nations cope with climate change, the latest example of firms upstaging governments in efforts to slow warming. Erdogan seeks life sentence against editor for video of Turkey smuggling arms to Syrian rebels Fifa corruption: England 'ready to host 2022 World Cup'"
DJIA,2015-06-05,"Navy halts live fire explosive exercises off Vancouver Island after being alerted to a pod of Orcas, including 3 calves, in vicinity; praised for being responsive",The Red Cross has defended its work in Haiti following a devastating earthquake five years ago after a media investigation found it had only built six houses despite raising nearly half a billion dollars in donations. Germany sent rocket-propelled grenades to Saudi Arabia to swing 2006 FIFA World Cup vote Finnish Customs seize ISIS-looted treasures en route to Russia
DJIA,2015-06-08,"For the first time in Mexican history, a state will be governed by an independent candidate, without any party support.","Ed Snowden should be pardoned, thunders Amnesty International UK | Campaign launched to get Obama to drop espionage charges G7 leaders agree to phase out fossil fuel use by end of century Vladimir Putin: I invite you to publish a world map and mark all the U.S. military bases on it. You will see the difference (between Russia and the U.S.)."
DJIA,2015-06-09,British 'world-record sniper' says he can still see and smell the people he killed in his nightmares - Sgt Craig Harrison holds the longest confirmed sniper kill but developed post-traumatic stress disorder after his deployment in the Balkans,"Nazi sympathiser and former King of England, the Duke of Windsor, 'wanted England bombed', archives reveal A Syrian pilot who did not want to be captured alive by Isis killed himself after he landed in an Isis held area. It is believed that the 29-year wanted to avoid the fate of the Jordanian pilot, who was captured by Isis and then burned alive. Obama lambasts Putin: you're wrecking Russia to recreate Soviet empire"
DJIA,2015-06-10,"Members of a U.N. peacekeeping mission engaged in ""transactional sex"" with more than 225 Haitian women who said they needed to do so to obtain things like food and medication, a sign that sexual exploitation remains significantly underreported in such missions",History Has Been Made. Female Genital Mutilation Banned In Nigeria. IMF data shows Iceland's economy recovered after it imprisoned bankers and let banks go bust - instead of bailing them out 'The biggest leak in Polish history'. Thousands of pages of top secret documents from 'the tapes affair' published on Facebook by a Polish businessman relentlessly fighting with corrupt authorities.
DJIA,2015-06-11,"Medical marijuana legal in all forms, Supreme Court rules (Canada)","Elon Musk's SpaceX Plans To Launch 4,000 Satellites, Broadcasting Internet To Entire World Global Diabetes Rates Are Rising as Obesity Spreads Extramarital sex isn't adultery so long as you've paid for it, Japanese court rules"
DJIA,2015-06-12,Newly-surfaced video footage corroborates widespread assertions that the Turkish government's intelligence agency has been ensuring ISIL terrorists safe passage into Syria,"France gives Google 15 days to expand right-to-be-forgotten worldwide or face sanctions In a study of more than 5.7 million children in 5 countries, Autism was found to be linked to parental age. As currency dies, Zimbabweans will get $5 for 175 quadrillion local dollars"
DJIA,2015-06-15,"Just minutes ago, a North Korean soldier walked across the border within the DMZ to defect to South Korea","France bans sale of Monsanto herbicide Roundup in nurseries With Little Fanfare, Mexican Supreme Court Legalizes Same-Sex Marriage Senior diplomat dismisses claims that Snowden docs contained agents' names: ""Rule no.1 in both the CIA and MI6 is that identities are never, ever written down."""
DJIA,2015-06-16,A rising tide does not lift all boats: IMF study shows wealth does not 'trickle-down' as many economists believe. IMF recommends countries should concentrate on helping the poorest 20% of citizens.,"Millionaires are expected to control nearly half of the world's personal wealth by 2019 Israel accused of 'war crime' over bulldozing of Palestinian olive groves. They didnt leave me anything, said Sabri Manasra, who said he and a cousin had lost 800 trees. This is damage no one will forget, not my children, or my childrens children. I dont understand how people can do this. A police force has defended scanning the faces of 90,000 festival-goers this weekend and checking them against a list of wanted criminals across Europe."
DJIA,2015-06-17,"Wal-Mart Has $76 Billion in Overseas Tax Havens, Report Says","Pope blasts global warming deniers - ""The poor and the Earth are shouting"". The water table is dropping all over the world: NASA warns were on the path to global drought The fight is on to stop an annual Chinese event which is expected to involve the slaughter of more than 10,000 dogs, some of whom are burned or boiled alive."
DJIA,2015-06-18,Sweden announces first centre for raped men,"US says it will not provide food aid to North Korea during its worst drought in 100 years Russia warns of 'risks' should Sweden join Nato: A top Russian official has told a leading Swedish newspaper that the country would be likely to face military action if it were to join Nato. Pork sold by several leading British supermarkets found to be contaminated with a strain of superbug MRSA linked to overuse of powerful antibiotics on factory farms - Some develop skin complaints &amp; the bug can cause life-threatening infections, including pneumonia &amp; blood poisoning"
DJIA,2015-06-19,"Germany agreed Thursday to turn more than 60 former military bases into nature preserves, with the aim of creating vast new green oases and sanctuaries for rare species of birds","Man falls to his death in London after clinging to British Airways flight for 8,000+ miles; 2nd stowaway in critical condition Mexico to Donald Trump: You are one ignorant,' 'prejudiced' hombre  By just declaring his intention to run for president Wednesday, he managed to start a minor spat with Mexico. A Gold Coast police officer who leaked video footage of his colleagues assaulting a handcuffed man could face charges and jail time, civil libertarians say"
DJIA,2015-06-22,Poaching has reached an all-time high. 96 elephants are killed a day on average.,"Fracking poses 'significant' risk to humans and should be temporarily banned across EU, says new report: A major scientific study says the process uses toxic and carcinogenic chemicals and that an EU-wide ban should be issued until safeguards are in place New Zealand scientists voice concern over gagging on climate change. ""When 40 percent of scientists say they are being gagged and can't speak out on issues of public importance, it's clear evident something is wrong,"" Labor science and innovation spokesperson David Cunliffe said in a statement. Australian senate passes controversial anti-piracy, website-blocking laws"
DJIA,2015-06-23,Doctors have voted overwhelmingly to urge the UK Government to remove health and social care services (the NHS) from a controversial trade agreement between the EU and United States (TTIP) | Doctors warned the deal would open up the health service to privatisation by US firms,New Pentagon manual declares journalists can be enemy combatants Isis 'crucifies children for not fasting during Ramadan' in Syria - The extremist group's religious police force is reportedly brutally enforcing fasting for the Muslim holy month in its territories Australian land the size of England hits market for $325 million - the biggest property sale on Earth
DJIA,2015-06-24,Alberta passes bill banning corporate and union donations to political parties,Netherlands ordered by Dutch court to cut greenhouse gas emissions by at least 25% by 2020 in class action suit Most Germans say US doesn't respect freedom Russian 'troll factory' sued for underpayment and labour violations: The secretive Russian agency that hires people to write pro-Kremlin propaganda on the web stepped into the public spotlight for the first time on Tuesday as a former employee took it to court
DJIA,2015-06-25,South Korea says it will send aid to North Korea during its worst drought in a century under one condition -- just ask for it,"French taxi drivers lock down Paris in huge anti-Uber protest Julian Assange on the Trans-Pacific Partnership: Secretive Deal Isnt About Trade, But Corporate Control Aids-infected ISIS fighter is executed for donating blood to fellow fighters"
DJIA,2015-06-26,"Man beheaded and Islamist flag raised in Grenoble, France",Attack On Tourist Hotel In Tunisia Vatican Formally Recognizes Palestinian State by Signing Treaty South Korea tells North Korea it cant have both guns and butter and urges nuclear talks
DJIA,2015-06-29,'Blind agreement' and closed-door deals: Report slams TPP negotiations,Bill Gates to invest $2bn in breakthrough renewable energy projects Lego To Replace Oil-Based Plastics Japanese TV channel ran false subtitles in interviews with South Koreans in order to fan anti-Korean sentiment
DJIA,2015-06-30,US now has more Spanish speakers than Spain  only Mexico has more,"At least 116 feared dead in after Indonesian military plane crashes into a major city ISIS just executed its top official in Mosul for planning a coup The remains of an unidentified sea animal with fur on its tail have been washed ashore in the Far East. Found near the airport at Shakhtersk, on Sakhalin Island, its appearance is unlike anything ever found in Russia."
DJIA,2015-07-01,"Cuba first to eliminate mother-to-baby HIV transmission: World Health Organization hails 'one of the greatest public health achievements possible', five years into regional initiative","Australia's largest woodlands 'will not be protected if it prevents mining' - ""Any sort of recognition which would put constraints on mining would be absolutely devastating,"" Western Australia mining minister Bill Marmion says Greece becomes first developed nation to default on international obligations Hillary Clinton was repeatedly pressured by Cherie Blair to meet a leading Qatari royal during her time as US secretary of state, according to newly released emails that raise fresh questions about the lobbying activities of all three political families."
DJIA,2015-07-02,"Saudi prince to give away $32bn. He said he had been inspired by the Gates Foundation, set up by Bill and Melinda Gates in 1997. The money would be used to ""foster cultural understanding"", ""empower women"", and ""provide vital disaster relief"", among other things, he said.","BP fined $18.7bn for Deepwater Horizon oil spull New Zealand passes law making it punishable by fine or jail time for ""causing emotional distress"" on the Internet China says retired officials can be punished for pollution. Even officials who have retired will be held accountable and punished for pollution which occurred under their watch, state media said on Wednesday after a government meeting chaired by President Xi Jinping."
DJIA,2015-07-06,Official: Greeks say NO to austerity measures,"An Australian Mafia boss allegedly paid $2.2 million in bribes to NSW judges to get lighter jail sentences, top-secret police intelligence reports reveal. Israeli Arab teachers arrested for joining ISIS, attempted to recruit children Australian Minister: ""Gay Marriage Could Damage Our Cattle Exports"""
DJIA,2015-07-07,Report: 45 ISIS fighters die after eating 'poisoned' iftar meal,'Hackers' give orders to German missile battery - German-owned Patriot missiles stationed in Turkey were briefly taken over by hackers ISIS has cut off water supplies to the Mesopotamia Marshlands after capturing dams along the Euphrates River destroying wildlife and the livelihoods of the local people. Over two dozen people with ties to Indias $1-billion exam scam have died mysteriously in recent months
DJIA,2015-07-08,"Teen Guilty Of Hacking PlayStation Network. A teenager who helped to ruin Christmas for millions of children by shutting down the PlayStation and Xbox networks has been convicted of 50,700 offences.","New poll finds two-thirds of Irish people want abortion decriminalised. Belgian town 'opts out' of EU-US trade treaty (TTIP): To make sure the people who live there are aware of the motion's defiant content, it sent out a press release titled St. Gilles - Zone outside the TTIP market!. Chile lawmakers approve marijuana decriminalisation bill"
DJIA,2015-07-09,"FIFA imposes lifetime ban on former member, informant, and whistle blower, Chuck Blazer","Saudi comedian gets death threats and huge ratings for TV show that mocks ISIS Exxon knew of climate change in 1981, email says  but it funded deniers for 27 more years Pluto has a heart! NASA reveals most detailed photograph of the former planet"
DJIA,2015-07-10,Pirate Bay Founders Acquitted in Criminal Copyright Case,"BMW has just put the first 100% all electric 18 wheeler out on the road in Germany Pope Francis warns against new forms of colonialism: ""Human beings and nature must not be at the service of money. Let us say no to an economy of exclusion and inequality, where money rules, rather than service. That economy kills. That economy excludes. That economy destroys Mother Earth."" 71% of the world's population lives on less than $10 a day"
DJIA,2015-07-13,"Beijing effectively bans Tibetans and other ethnic minorities from obtaining passports, Human Rights Watch said Monday, amid a surge in Chinese tourists travelling abroad","Climate change must be taken as seriously as nuclear war, says UK foreign minister Russia advances 2km into Georgian territory: ""a portion of the BP-operated BakuSupsa Pipeline in Georgia now ... under Russian control"" Israel arrests Jewish suspects over torching famous church"
DJIA,2015-07-14,Hadron collider discovers new particle the pentaquark,"Germany encourages pedophilies to sign up for confidential treatment, even if they have abused a child, and doctors are hailing it as a success. Kim Jong Un phasing out worship of father, grandfather and stripping military of power, analysts say Why was Oscar-winning Snowden documentarian detained 50+ times in US airports?"
DJIA,2015-07-15,EU law that could make UK internet porn filters illegal is heading for a vote,Japan finally bans possession of child pronography. People with HIV live almost 20 years longer than in 2001 Angela Merkel: Marriage is 'a man and a woman living together'
DJIA,2015-07-16,"British Columbia has a strong appetite for marijuana reform with more than 70% of respondents to a new poll urging either legalization or decriminalization. The Insights West survey found 67% said they support outright legalization, 28% opposed it and 5% were undecided.",Japan: Elderly overtake teenagers in crime figures Canada ranked as 'most admired' country in the world Stop Everything: Theres a New Seaweed That Tastes Like Bacon and Is Better for You Than Kale
DJIA,2015-07-17,Saudi royals illegally close off French public beach,"Retired General: Drones Create More Terrorists Than They Kill, Iraq War Helped Create ISIS | Retired Army Gen. Mike Flynn, a top intelligence official in the post-9/11 wars in Iraq and Afghanistan, says in a forthcoming interview on Al Jazeera English that drones do more harm than good. If humans continue destroying plants at the current pace, the lack of irreplaceable biomass may soon endanger present human civilization and make it unsustainable - according to a paper published recently by University of Georgia researchers in the Proceedings of the National Academy of Sciences. Australia tops the world for climate change denial, study finds"
DJIA,2015-07-20,Stephen Hawking announces $100 million hunt for alien life,"US, Cuba restore full diplomatic relations after 54 years Dozens dead after terror attack in Turkey - CNN.com India blocks Colgate patents for spices that are commonly used at homes"
DJIA,2015-07-21,George Clooney seeks to expose those who fund and profit from wars in Africa: The Oscar winner has launched a project with US human rights activist John Prendergast to investigate the flow of money in and out of conflict zones,"Cecil the lion was skinned and his head removed. Hwange - A well-known and much-photographed black-maned lion affectionately named Cecil was killed by sport hunters just outside Hwange in Zimbabwe last week. 5,000 naked anti-gay protesters to greet Obama in Kenya Bankers the real terrorists: Occupy attacks London police for labeling protesters extremists"
DJIA,2015-07-22,Leaked emails between Italian spyware vendor Hacking Team and Boeing subsidiary Insitu revealed that drones carrying malware to infect targeted computers via Wi-Fi by flying over their proximity is close to becoming a reality.,"ISIS convoy triggers their own mine planted earlier in the year, 2 of its local leaders killed ""Today's publication indicates that the NSA has been used to help the CIA kidnap and torture with impunity. For years the CIA was systematically abducting and torturing people, with the tacit complicity of European governments,"" WikiLeaks founder Julian Assange said in a statement. Poland will not pay a penny for Greece: Poland will not spend a penny from its own budget to help Greece, Prime Minister Ewa Kopacz told a press conference in Warsaw"
DJIA,2015-07-23,Dolphins are struggling to reproduce because of industrial chemical pollution in European waters that can linger in the animals' bodies for a lifetime,"Tibet monk dies in custody, China cremates him to avoid probe, and then seizes his ashes to avoid shrine White House Finalizing Plan to Close Guantanamo Bay Prison Spain raises marrying age from 14 to 16"
DJIA,2015-07-24,"NASA discovers another Earth like planet in the Milky Way galaxy - Planet Kepler-452b, the first near-Earth-size world to be found in the habitable zone of star that is similar to our sun.",World's first malaria vaccination approved Indian court rules that 14-year-old who was raped by her doctor is not allowed to terminate pregnancy. Shoplifting in Russia soars as economy crumbles under sanctions
DJIA,2015-07-27,"Musk, Wozniak and Hawking urge ban on AI and autonomous weapons: Over 1,000 high-profile artificial intelligence experts and leading researchers have signed an open letter warning of a military artificial intelligence arms race and calling for a ban on offensive autonomous weapons.","Search for 43 missing students in Mexico turns up corpses of at least 129 other people Marijuana legalization petition hits enough signatures for UK parliament debate - A petition for the full legalization of marijuana in the UK has gathered more than 130,000 signatures in just four days No excuse for female genital mutilation, says Obama"
DJIA,2015-07-28,American dentist named as the hunter that killed beloved Cecil the lion.,"Billionaire hedge fund managers have called on Puerto Rico to lay off teachers and close schools so that the island can pay them back the billions it owes. It accused the island, where 56% of children live in poverty, of spending too much on education U.S. drops bid for 2024 Olympics in Boston Porn websites visited 250,000 times on UK parliament computers"
DJIA,2015-07-29,"Dentist who killed Cecil the lion faces calls for prosecution - US uproar over death of protected animal forces Walter Palmers practice to close, as two others attend Zimbabwean court to face poaching charges.",US bans cilantro imports from Mexican farms littered with feces &amp; toilet paper - 5 of 8 Puebla farms found with objectionable hygiene conditions have been linked to recurrent outbreaks of cyclosporiasis in US since 2012 Saudi Arabian royals who annexed an entire public beach for their stay on the French Riviera 'ordered local police not to allow female officers near them' A US-led raid on the compound housing the Islamic States chief financial officer produced evidence that Turkish officials directly dealt with ranking ISIS members
DJIA,2015-07-30,Rio's waters are so filthy that 2016 Olympians risk becoming violently ill and unable to compete,Russia vetoes bid to set up tribunal for downed flight MH17 An entire Palestinian village that has received Australian aid money to help improve living conditions is facing demolition by Israeli authorities. Possible MH370 wing part washes up on African Island
DJIA,2015-07-31,"The Canadian government has announced it intends to ban microbeads used in personal care products, after a scientific review found that the tiny particles pose a potential risk to the environment.","A leaked document from the Trans-Pacific Partnership (TPP) trade talks indicates the CBC, Canada Post and other Crown corporations could be required to operate solely for profit under the deals terms. Zimbabwe wants the killer of Cecil the lion extradited Supreme Court of India in a landmark ruling allows 14 year old rape survivor to terminate her pregnancy. She was 24 weeks into her pregnancy."
DJIA,2015-08-03,'Ultimate Frisbee' recognised by International Olympic Committee,"Israel approves use of harsher measures against 'Jewish terrorists' 2000 year old termite mounds in Africa confirm that insects can sustain a millennia in the same home Photojournalist found dead in Mexico City after he fled harassment in his home state Veracruz, where 11 journalists have been killed there since 2010"
DJIA,2015-08-04,Iraq is rushing to digitize its national library under the threat of ISIS,"Zimbabwe bans lion hunting after international outcry Delta bans shipment of lion, leopard, elephant, rhino, buffalo trophies Saudi ministry: 'Free expression is an abuse of religious rights'"
DJIA,2015-08-05,"China says TPP should be transparent, open","Palestinians shield Israeli policewoman from rocks thrown by Jewish extremists Approval for world's biggest coalmine overturned by Australian federal court Frequent spicy meals linked to human longevity - Seven-year study of adults in China matches regular consumption of spicy foods, such as chilli peppers, to 14% reduced risk of death."
DJIA,2015-08-06,"iTunes is illegal under UK copyright law - The Intellectual Property Office today explains that ripping a CD in iTunes is no longer permitted, and neither is backing up your computer if it contains copyrighted content.","Turkish couple feed 4,000 Syrian refugees on wedding day instead of wedding TPP Copyright Chapter Leaks: Website Blocking, New Criminal Rules On the Way Debris found from Reunion Island confirmed to be from MH370"
DJIA,2015-08-07,Brazilian radio host famous for exposing corruption in his city murdered while broadcasting live on the air by two gunmen.,"John Kerry: Vietnam war was result of 'profound failure of diplomatic insight'.Im reminded of conversations Ive had recently with people who talk almost casually about the prospect of war with one country or another. Im tempted to say: You dont have the first idea of what youre talking about Al Qaeda blow up 700 year old mosque in Yemen Bangladesh blogger Niloy Neel hacked to death, 4th blogger to get killed in recent months."
DJIA,2015-08-10,Mexican missing student activist who led search parties after the disappearance of 43 students is killed.,"China, Russia and the U.S. are developing and testing controversial new capabilities to wage war in space despite their denial of such work Zimbabwe lifts ban on lion hunts South Korea on Monday accused North Korea of planting landmines that maimed two soldiers on border patrol, sending military tensions on the Korean peninsula soaring as it threatened to make Pyongyang pay a ""harsh price"""
DJIA,2015-08-11,Google to reorganize into new company called Alphabet,"'Missile parts' at MH17 crash site A 22-year-old New Zealand man hired as an unpaid intern by the United Nations in Geneva has been forced to live in a tent Ikea to Replace All Lighting on Shelves With LED Bulbs. Beginning Sept. 1, the company said Monday, it will sell only LED bulbs, part of its overall sustainability efforts."
DJIA,2015-08-12,India sues Nestle for nearly $100m because lead shouldn't be in noodles.,"Russia threathens to block Reddit in Russia if thread about a drug-producing plant is not removed Oil prices have reached a 6 year low today If the United States walks away from the nuclear deal with Iran and demands that its allies comply with U.S. sanctions, a loss of confidence in U.S. leadership could threaten the dollar's position as the world's reserve currency, the top U.S. diplomat said on Tuesday."
DJIA,2015-08-13,Huge explosion reported in Chinese port city of Tianjin,"Sweden drops sexual assault probe against Julian Assange as deadline expires Russia bans Reddit Trans-Pacific Partnership could pose risk to public healthcare, leaked draft shows"
DJIA,2015-08-14,"CNN &amp; CBC Sued For Pirating 31 Second YouTube Video - In addition to claims of copyright infringement, the media giants face allegations that they breached the anti-circumvention measures of the DMCA.","Ireland Refuses to Extradite Man to US Because Prison System is Too Inhumane American flag raised in Havana for first time in 54 years Humans definitely killed off mammoths, giant armadillo, sabretooth tiger, scientists claim - New research settles argument about whether whether humans or climate change was responsible for the end of megafauna, it is claimed, and debunks the myth of early humans living in harmony with nature"
DJIA,2015-08-17,GPS Trackers In Fake Elephant Tusks Reveal Ivory Smuggling Route,Explosion rocks central Bangkok From 1 October 2015 it will be illegal to smoke in a car (or other vehicles) with anyone under 18 present in UK. Bulls kill seven at Spain summer festivals
DJIA,2015-08-18,Afghan military interpreter who served with British forces in Afghanistan and was denied refuge in Britain has been executed,"Bangkok bombing: Backpack man officially confirmed as suspect (VIDEO) Another bombing attempt in Bangkok, no injuries China is trying and failing to censor citizens who want answers over the Tianjin explosion"
DJIA,2015-08-19,Paris shooting survivor suing French media for giving away his location while he hid from shooters,"Vaping is 95% safer than smoking and could lead to the demise of the traditional cigarette, Public Health England (PHE) has said in the first official recognition that e-cigarettes are less damaging to health than smoking tobacco. TIANJIN, China  The son of a former police chief is one of two silent owners of the warehouse in Tianjin where explosions killed at least 114 people, and used his connections to help obtain licenses despite the hazmat facility violating safety rules, Chinese state media reported Wednesday. Beheaded Syrian scholar refused to lead Isis to hidden Palmyra antiquities"
DJIA,2015-08-20,"ISIS beheads 81-year-old pioneer archaeologist and foremost scholar on ancient Syria. Held captive for 1 month, he refused to tell ISIS the location of the treasures of Palmyra unto death.",A Police Officer in New Zealand used excessive force during an arrest. The three other officers at the scene immediately reported the incident to their supervisor and appeared as witnesses against the officer in court. North Korea fires shells at South Korean military along western border Cyanide levels at Tianjin explosion 356 times the limit
DJIA,2015-08-21,Kim Jong Un orders North Korea military to prepare for war (from Friday at 5 PM),"Zurich cops 'won't report' on criminals' ethnicity - Zurich communal authorities have instructed city police to stop releasing the nationality of criminals to the media to avoid stigmatization. Greek PM Alexis Tsipras announces his resignation, triggering snap elections. Pakistani Terrorist Gets a Film Banned Because It Makes Him Look Bad"
DJIA,2015-08-24,"Twitter has forced 30 websites that archive politician's deleted tweets to shut down, removing an effective tool to keep politicians honest","The police officer who leaked the footage of the surfers paradise police brutality, where the victims blood was washed away by officers, has been criminally charged for bringing it to the publics view. Officers who did the bashing get nothing. The Australian Stock Market has plunged 2.5% in the first 20 minutes of opening for the week, losing $20 billion. The Chinese Stock Market has dropped 7% just an hour after opening, and the ripple effects are starting to be seen worldwide as markets open Chinese troops head to border with North Korea"
DJIA,2015-08-25,The first UN privacy chief has said the world needs a Geneva convention style law for the internet to safeguard data and combat the threat of massive clandestine digital surveillance.,"Israeli President: Israel has 'right' to settle in West Bank ""For me, our right to this land is not a matter of political debate. It is a basic fact of modern Zionism"" China censoring Black Monday on countrys biggest search engine, Baidu, stopping citizens looking for information about financial chaos North and South Korea reach agreement to ease tensions. NK to apologize for landmines, SK to stop propaganda broadcasts."
DJIA,2015-08-26,"Switzerland has completed the construction of the 57 km long Gotthard Base Tunnel, connecting Milan to Zurich","Ancient Greek palace unearthed near Sparta dates back to 17th century BC. Nearly a billion monarch butterflies have vanished. Now their haven in Mexico is also disappearing: More than 52 acres of a haven where the butterflies hibernate over winter has been degraded, mostly by deforestation from illegal logging, with drought helping the decline. Secret 'dark net' operation saves scores of children from sexual abuse"
DJIA,2015-08-27,India just turned off mobile internet for 63 million citizens amid protests in Ahmedabad,"Germany hands over citizens metadata in return for NSAs top spy software German Justice Minister criticizes Facebook's double standards: German users are struggling to understand why Facebook is quick to ban nudity, but often fails to ban posts that constitute the criminal offense of incitement to hatred. Confirmed:Long-Lost Nazi loot train found in Poland"
DJIA,2015-08-28,"Canada will not sign a Trans-Pacific Partnership trade deal that would allow Japanese vehicles into North America with fewer parts manufactured here, says Ed Fast, the federal minister of international trade.",An unelected all-male village council in India has ordered that two sisters be raped as punishment for their brother eloping with a married woman. They also ordered for the sisters to be paraded naked with blackened faces. Pirate Bay Founder Released From Jail But Immediately Re-Arrested USA asked Norway to arrest Edward Snowden
DJIA,2015-08-31,"Mysterious Wooden Idol Found in Russia is 11,000 years old, The Shigir Idol is twice as old as the Pyramids and Stonehenge - and is by far the oldest wooden structure in the world. Covered in a code no one can decipher.","India virtually eliminates tetanus as a killer of newborns and mothers, a year after it eliminated polio Russian fighter pilots will begin arriving in Syria in the coming days, and will fly their Russian air force fighter jets and attack helicopters against ISIS and rebel-aligned targets within the failing state. Corporate Developers Seize Indigenous Lands in Brazil and Hire Hit Men to Murder Residents"
DJIA,2015-09-01,Canada officially in recession,"Cuba goes all in on English, amid closer US ties - Now that Cuba has restored diplomatic ties with the United States, teaching English in schools will be a priority 11 years in a row, South Korea is No. 1 in suicide rate followed by Hungary and Japan Obama on Climate Change: Act Now or Condemn World to a Nightmare"
DJIA,2015-09-02,"Pakistan allows Taliban to meet, choose leader: Defying warnings from Washington and the fury of Afghanistan's government, Pakistani authorities are turning a blind eye to a meeting of hundreds of Taliban supporters in Quetta.","Obama secures Iran nuclear deal with Barbara Mikulski vote Scientists claim to have discovered the first new human prion in almost 50 years. Prions are misfolded proteins that make copies of themselves by inducing others to misfold. By so doing, they multiply and cause disease. Bill Gates calls for more funds to help world's poorest farmers. Billionaire philanthropist puts focus on protecting small farmers saying they are likely to suffer the most from climate change"
DJIA,2015-09-03,"The Democratic Republic of Congo has banned a film about Congolese surgeon Denis Mukwege, who has treated thousands of women raped during conflict. ""There is a clear intent to harm and sully the image of our army.""","Turkish daily exposes transfer of weapons to ISIS Exactly half of Germans are concerned that the strong increase in the number of asylum seekers is overwhelming them and German authorities, a survey showed on Thursday. Australia wants to join India, the United States and Japan in joint naval exercises in the Indian Ocean, widening participation in multilateral drills as China's influence in the region grows."
DJIA,2015-09-04,"Jordan has a population of 6 million, but have taken in 1.5 million refugees. All with little protest or mass global coverage.","Egyptian billionaire wants to buy island to house migrants. People would rather live near wind turbines than fracking wells. Canadian Prime Minister candidate Justin Trudeau promises to legalize marijuana ""right away"" if elected"
DJIA,2015-09-08,Homeopathy conference in Germany ends in chaos after delegates take hallucinogenic drug,"Germany to Spend $6.6 Billion on 800,000 Refugees and Migrants Two months after Cecil, outrage arises about South African hunt massacre. Hundreds of antelope, wildebeest, baboons, and other animals will be herded along a narrow track while hunters shoot at them from elevated platforms. Until the 1970s, Western Australia stole the wages of thousands of Aboriginal workers. Its been waiting for them to die rather than pay back."
DJIA,2015-09-09,"Sometimes, 7-8 men raped us in one daywe thought we were going to die, says woman rescued from Saudi diplomats home in India","Japanese group sues to stop TPP talks - A group of citizens has sued the Japanese government, arguing that the Trans Pacific Partnership agreement would violate that nation's constitution UK Parliament to debate ""making the production, sale and use of cannabis legal"" on October 12. Saudi Arabian diplomat accused of raping Nepali maids claims diplomatic immunity"
DJIA,2015-09-10,National Geographic sold to Fox,"French court confirms Monsanto guilty of chemical poisoning Top female student takes on corruption in Egypt after scoring zero on exams A new species of human ancestor found, Homo naledi, has been found in South Africa"
DJIA,2015-09-11,Child poverty in Scotland is now so severe that teachers are being sent advice on how to spot if a child in their class is going hungry,Muslim radicals in Germany are trying to recruit some of the growing numbers of asylum seekers reaching the country Al Qaeda Leader Al-Zawahiri Declares War on ISIS 'Caliph' Al-Baghdadi Cereal banned from Zimbabwe schools after pupils brewed beer
DJIA,2015-09-14,Malcom Turnbull becomes Prime Minister of Australia after Tony Abbott rejected by Liberal party,El Nino set to be strongest ever. The most powerful weather pattern of its type in the past 65 years will have huge impacts on weather around the globe. 12 Mexican Tourists and Egyptians Killed After Security Forces Misidentify Them As Terrorists Police drop VIP Westminster paedophile ring murder probe over lack of evidence
DJIA,2015-09-15,"Egyptian Billionaire who wants to purchase private islands to house refugees, has identified potential locations and is now in talks to purchase two private Greek islands","The UN Says US Drone Strikes in Yemen Targeting al Qaeda Have Killed More Civilians Than al Qaeda Saudis Accused of Not Taking Refugees Despite 100K Empty Tents Denmark has said it will not participate in the EUs plans to resettle some 160,000 refugees."
DJIA,2015-09-16,"Tuna and mackerel populations suffer catastrophic 74% decline, research shows","Australian Government introduces ""No Jab No Pay"" legislation, preventing parents of unvaccinated children from receiving childcare benefits. Norway will soon pay Brazil the final instalment of a $1bn payment for slowing the rate at which the Amazon rainforest is cut down, and is in talks about a further scheme. Air Canada pilot diverts international flight to save dog from freezing."
DJIA,2015-09-17,"Efficiency up, turnover down: Sweden experiments with six-hour working day | World news | The Guardian","7.9-Magnitude Earthquake Strikes off the Coast of Chile HPV vaccine should be free for boys, says mother who paid $340 The vaccine is free for girls in Grade 6, but costs more than $300 for boys US priests accused of sex abuse get a second chance by relocating to South America  The Catholic Church has allowed priests accused of sexually abusing children in the United States and Europe to relocate to poor parishes in South America, a yearlong investigation has found."
DJIA,2015-09-18,Brazil's Supreme Court has banned corporate contributions to political campaigns and parties,"Investigation finds Exxon knew about CO2's effect on the climate since 1977, but ignored internal research and warnings Islamic extremist shot dead in Berlin after stabbing police officer Man sentenced to death in Saudi Arabia will be crucified"
DJIA,2015-09-21,"Volkswagen has admitted to using software on VW and Audi branded cars to cheat U.S. diesel emissions tests, shares plunge more than 20 percent.","Saudi Teenager Ali Mohammed al-Nimr Has Been Sentenced to Death by Crucifixion German woman, 91, is charged with 260,000 counts of accessory to murder as prosecutors accuse her of being a Nazi SS radio operator who served in Auschwitz New Zealand Zoo Won't Euthanize Tiger That Killed Zookeeper"
DJIA,2015-09-22,"Another drug Cycloserine sees a 2000% price jump overnight as patent sold to pharmaceutical company. The ensuing backlash caused the companies to reverse their deal. Expert says If it weren't for all of the negative publicity the original 2,000 per cent price hike would still stand.","Hedge fund trader Martin Shkreli who raised the price HIV drug by 5,000% asked how he sleeps at night. His reply ""You know, Ambien"" American soldiers told to ignore sexual abuse of boys by Afghan allies An engineer who once worked for Russia's military intelligence has been sentenced to 14 years in prison for seeking a job at a Swedish company"
DJIA,2015-09-23,"Pharmaceuticals CEO who raised HIV drug price by 5,000% 'also hiked cost of pill taken by children with incurable kidney disease'",Norway rewards Brazil with $1 billion for keeping the Amazon full of trees Volkswagen hires BP oil spill lawyers to defend emissions cases Turing to roll back pricing for Daraprim amid controversy
DJIA,2015-09-24,Canadian mining company Barrick Gold leaks a million liters of cyanide into river in Argentina,"Nigerian troops free 241 women, children in Boko Haram camps, arrest kingpin. Hajj: 100 dead and 390 injured in Mina stampede The Associate Press will no longer use the term ""skeptic"" for those who deny climate change."
DJIA,2015-09-25,U.S. drug company sues Canada for trying to lower cost of $700K-a-year drug.,S. Korean court rules that any politician that receives bribe over $900 will be removed from office A 19-year-old who plotted a massacre at his former college has been jailed for life with a minimum term of eight years. 40% more people are homeless than when David Cameron swept into Number 10
DJIA,2015-09-28,NASA announces discovery of flowing water in Mars,"Mount Everest to be declared off-limits to inexperienced climbers, says Nepal China will cancel debts to the world's least developed nations. Audi says 2.1 million cars have 'cheat' emissions software"
DJIA,2015-09-29,"Canada tries to cut cost of US drug, gets sued",Elon Musk Says Climate Change Refugees Will Dwarf Current Crisis. Tesla's CEO says the Volkswagen scandal is minor compared with carbon dioxide emissions. British doctors hail 'cure for blindness' with successful treatment of age-related macular degeneration | The groundbreaking operation was carried out be surgeons at Londons Moorfields Eye Hospital An app which tracked US drone strikes through text notifications and maps has been removed from the App Store by Apple due to excessively crude or objectionable content
DJIA,2015-09-30,"Germany has translated the first 20 articles of the country's constitution, which outline basic rights like freedom of speech, into Arabic for refugees to help them integrate.",Man Killed by Hindu Mob in India because they suspected he ate Beef. Japan says it must look after its own before allowing in Syrian refugees Zimbabwe President Robert Mugabe shouts 'We are not gays' during UN address
DJIA,2015-10-01,"France threatens to walk away from TTIP negotiations saying a ""total lack of transparency"" in TTIP talks poses a ""democratic problem"".","It's now illegal in England and Wales to smoke in cars with kids inside Russian air strikes in Syria - They didn't hit Isis', US and France say as emergency talks planned ISIS cell uncovered in northern Israel"
DJIA,2015-10-02,"Saudi Arabia insists UN keeps LGBT rights out of its development goals - ""The Saudi Foreign Minister says LGBT rights are 'counter to Islamic law' """,Hamburg has become the first German city to pass a law allowing the seizure of empty commercial properties in order to house migrants Five Brazilian policemen have been arrested after mobile phone footage appeared to show an officer placing a gun in the hand of a teenager they had shot dead in a Rio de Janeiro favela. Canadian Feds penny-pinched on science libraries while lavishing funds on religion and oil
DJIA,2015-10-05,Trans-Pacific Partnership Trade Deal Is Reached,"Previously Unknown Lines to the 'Epic of Gilgamesh' discovered in stolen cuneiform tablet - A serendipitous deal between a history museum &amp; a smuggler has provided new insight into one of the most famous stories ever told Montreal to dump 8 billion liters of sewage in the St. Lawrence River Human rights are no longer a 'top priority' for the UK Government, says Foreign Office chief"
DJIA,2015-10-06,BP fined a record $20.8 billion for oil spill disaster,"Big U.S. firms hold $2.1 trillion overseas to avoid taxes: study Former NSA boss Michael Hayden tells the BBC about Edward Snowden: If youre asking me my opinion, hes going to die in Moscow. Hes not coming home. Doctors Without Borders calls US bombing of its hospital a war crime"
DJIA,2015-10-07,Norwegian Air CEO Says $69 Flights From U.S. to Europe Coming Soon,"4 Russian warships launch 26 missiles against ISIS from Caspian sea Wind power is now the cheapest electricity to produce in both Germany and the U.K., even without government subsidies. Paedophile bishop escaped charges after MPs and royal family intervened, court told"
DJIA,2015-10-08,Saudi Arabia: Employer chops off hand of Indian maid for trying to escape torture,"Ebola countries record first week with no new cases Donald Trump goes to Scottish Supreme Court to fight the placement of a wind farm near his golf course because the 11 turbines would ""spoil the view."" Amnesty tells the US to stop selling arms to Saudi Arabia- The group cites ""damning evidence"" of war crimes involving American-made weapons in Yemen."
DJIA,2015-10-09,"Today, 9 October, 2015 WikiLeaks releases the final negotiated text for the TPP (Trans-Pacific Partnership) Intellectual Property Rights Chapter. The TPP encompasses 12 nations representing more than 40 per cent of global GDP.","Mercedes-Benz, Honda, Mazda and Mitsubishi have been found to be part of the diesel emission scandal. 2 weeks after controversial pharma CEO Martin Shkreli announced he would lower the price of Daraprim, it's the exact same price New study finds children living near the Fukushima nuclear meltdowns have been diagnosed with Thyroid cancer at a rate 20 to 50 times that of children elsewhere"
DJIA,2015-10-12,"Facebook paid 4,327 of UK corporation tax in 2014",South Korea's government has announced controversial plans to control the history textbooks used in secondary schools. The government has argued that current history textbooks are too left-leaning and encourage anti-American and pro-North Korea feelings. Turkish police use tear gas to prevent mourners from laying flowers at site of bombings Indian government plans to sell solar power at record low price of $0.07 per unit.
DJIA,2015-10-13,CIA torture survivors sue psychologists who designed infamous program,"Legalising cannabis in the UK 'would raise hundreds of millions and produce huge savings for the justice system,' Treasury study finds U.S. gives 50 tons of ammunition to Syria rebel groups Russia made missile that downed MH17: Dutch"
DJIA,2015-10-14,Palm oil company caught destroying primary forest in endangered ecosystem,"China says Russia, U.S. must avoid fighting proxy war in Syria ISIS Confirms That US Killed Its Number Two Leader Half of world's wealth now in hands of 1% of population  report"
DJIA,2015-10-15,"Turing Pharmaceuticals, the drug company that jacked up the price of AIDS and cancer drug 5,000%, is now facing an antitrust probe.","New Edward Snowden? Whistleblower leaks documents on drones and Obama's assassination program Sweden opens world's first male rape centre - A hospital in Stockholm is understood to be first in the world to set up an emergency department specifically for male rape victims. The clinic at Sdersjukhuset opened on Thursday as part of a strategy to ensure ""gender equal"" patient care. The Philippines Is Still Pissed Off That Canada Is Using It as a Giant Garbage Bin - The island nation is demanding Canada take back its shipping containers full of rotting food &amp; adult diapers."
DJIA,2015-10-16,"Over 100 anti-TTIP Protesters Arrested in Brussels.Demonstrators said the TTIP is death, claiming it will lower standards of living and damge the environment, while benefiting huge multinationals.",Salman Rushdie warns of new dangers to free speech in West: Violence against writers and a misplaced sense of political correctness pose new dangers to freedom of speech in the West Earth just had its warmest September on record  by a long shot Croatia Legalizes Use of Medical Marijuana
DJIA,2015-10-19,"Japan furious at UNESCO listing Nanjing Massacre documents | Japan may halt funding for UNESCO over the organization's decision to include documents relating to the 1937 Nanjing Massacre in the latest listing for its ""Memory of the World"" program.","Saudi Arabia Hajj Disaster Death Toll at Least 2,110 TTIP Already 'Rewriting the Rule Book' for EU Food Standards, New Report Finds: Campaigners say that corporate lobbyists, buoyed by the pending trade agreement, are already lobbying against key food safety measures 5 hurt in terror attack at Beersheba, Israel central bus station"
DJIA,2015-10-20,Canadians elect Liberal majority. Ending Stephen Harpers 9 year rule.,"US approves $11.25 billion warship sale to Saudi Arabia Scientists are about to use the Large Hadron Collider to try and discover a parallel universe Israeli hummus cafe gives Jewish-Arab tables 50% off | Owner offers free refill to Jews and Palestinian guests dining together, to show that ""we're all human beings""."
DJIA,2015-10-21,Europe Already Beat Its 2020 Greenhouse Gas Emissions Target,"Scientists have found fossil-like hints that some kind of life existed on Earth 4.1 billion years ago  when the planet was a mere volcanic toddler. That's 300 million years earlier for life to pop up than previously thought. Sunscreen contributing to decline of coral reefs, study shows | UV filtering chemical is killing off baby coral around tourist resorts, particularly in the Caribbean and Hawaii New Canadian PM Tells Obama Withdrawing Fighter Jets From Syria, Iraq"
DJIA,2015-10-22,"Canada's move to legalize marijuana would be the most high-profile rebuke of international drug treaties to date, exposing ""a huge hole in the treaties, making more nations comfortable with the idea of legalization.""","WikiLeaks obtains CIA chief's hacked emails, says will publish them 'shortly' Mexico supreme court to discuss legalizing recreational marijuana Iceland does what the US wont: 26 top bankers sent to prison for role in financial crisis"
DJIA,2015-10-23,Hurricane Patricia is now measured to be the strongest Hurricane we have ever seen,"At least 39 people feared dead in traffic accident involving truck and bus in south-west France Gay Sex Is Now Punished With 100 Lashes in Indonesias Province of Aceh WikiLeaks emails from head of CIA reveal he 'consulted a mental health expert', suggested US spying on own citizens may be illegal and that his own security firm had been 'disingenuous' to win contract"
DJIA,2015-10-26,"College applications in UK to become anonymous ""to prevent unconscious bias against candidates from minority groups""","Saudi Arabia to run out of cash in fewer than 5 years, IMF says Saudi Prince Arrested in Beirut on Drug Smuggling Strong earthquake jolts Islamabad"
DJIA,2015-10-27,Exxon Knew about Climate Change Almost 40 Years Ago - A new investigation shows the oil company understood the science before it became a public issue and spent millions to promote misinformation.,Rape Victims Are Being Jailed Under Extramarital Sex Laws in the UAE Greenland Is Melting Away Belgian Scientologists go on trial for fraud and extortion - church could face ban if convicted
DJIA,2015-10-28,The star witness in a case pitting rainforest villagers against a multinational oil giant has admitted to lying under oath in an effort to help Chevron avoid paying a $9.5 billion judgment for deliberate pollution of the Ecuadorian Amazon,"Toronto on brink of a mob war, Italy warns Two children face two years in jail for tearing down Erdoan poster African Union reports mass graves, cannibalism in South Sudan"
DJIA,2015-10-29,"By 285 votes to 281, MEPs decide to call on EU member states to ""drop any criminal charges against Edward Snowden""","China to end one-child policy Nepal elects first female President 22 Shipwrecks Found in Single Location in Greece - ""Surpassing all expectations, over only 13 days we added 12% to total of known ancient shipwrecks in Greek territorial waters."" They span from the Archaic Period to the Classical &amp; Hellenistic through Late Medieval Period."
DJIA,2015-10-30,"Isis shuts down all women's clinics, threatens male gynaecologists with death",German rapper who joined ISIS killed in U.S. strike Syrian anti-ISIS activist who blogged about terrible conditions in Raqqa is found decapitated in Turkey alongside beheaded corpse of his friend The police want to see your entire internet history
DJIA,2015-11-02,"Ireland plans to decriminalise the possession of small amounts of drugs, including heroin, cocaine and cannabis","A Huge Fire in the Amazon Likely Caused By Illegal Loggers Threatens Thousands of Indigenous People and an Uncontacted Tribe Sweden to become worlds first fossil-fuel free nation Pacific Islands Make Last-Ditch Plea to World Before Paris Climate Change Talks - ""Unless the world acts decisively in coming weeks, the Pacific as we know it is doomed,"" said Fijian prime minister Frank Bainimarama."
DJIA,2015-11-03,Airport Security in the Philippines Have Been Putting Bullets in Luggage to Extort Passengers,"The Department of Defense (DoD) spent nearly $43 million to build a gas station in Afghanistan that should have cost no more than $500,000 according to a new report by the Special Inspector General for Afghanistan Reconstruction (SIGAR). NASA reveals that Antarctica is actually gaining more ice than it is losing Lawyers without Borders findings about the Raif Badawi trial: An unfair trial, an incompetent court, a crime which is not one and a punishment that constitutes torture: Saudi Arabia has violated its own laws in addition to its international obligations."
DJIA,2015-11-04,NASA set to announce another big finding on Mars this Thursday.,Rupert Murdoch recently acquired National Geographic and has just laid off 10% of the staff. Cuba achieved food security without destroying its environment and the rest of the world has taken notice: Cuba is presenting several of its original biotechnologies at an international business fair this week. 41 dead as Russian plane crash lands in South Sudan  reports
DJIA,2015-11-05,Full text of the TPP has just been released.,Child born out of rape has inheritance rights on assaulter's property rules Indian High Court Man Dies After Tapeworm Inside Him Gets Cancer - This is the first known report of a person becoming sick from cancer cells that developed in a parasite. Kim Dotcom is building his own fully encrypted internet -- a non-IP based internet called MegaNet.
DJIA,2015-11-06,Mexicos Supreme Court rules that smoking pot is a fundamental human right,"The United States takes offense at comments by Israeli Prime Minister Benjamin Netanyahu's new communications director accusing President Barack Obama of anti-Semitism and suggesting that Secretary of State John Kerry had the mental abilities of a 12-year-old, the State Department said Maldives impeaches its Vice President by 61-0 vote for plotting to kill its President ""We got Pizza and Wings"" Interactions between rival US and Chinese navies are now so frequent in the South China sea that crews have begun to share weekend stories and plans for the holidays."
DJIA,2015-11-09,Catalan parliament votes to secede from Spain by 2017,"TPP deal worst thing that Harper government has done for Canada: Balsillie Turkish Atheism Association starts petition calling for 'equal treatment': Group calls for the removal of the automatic registration of Turkish children as Muslim at birth World Anti-Doping Agency says Russia 'sabotaged' London Olympics, Recommends Bans"
DJIA,2015-11-10,"Belgium Tells Facebook to Stop Storing Data From Non-Users - Facebook faces a fine of 250,000 euros ($269,000) a day if it doesnt comply","Indonesia is planning to build a prison island guarded by meat-hungry crocodiles for drug convicts. The reason for using the deadly reptiles as prison guards is that crocodiles cannot be bribed unlike human guards. Turkey's only atheist group launches petition to stop automatically registering all babies as Muslim Helmut Schmidt, former West German chancellor, dies aged 96"
DJIA,2015-11-11,"What the Internet hates about the TPP trade deal: After years of warning that the secretive TPP would be devastating for Internet freedom, intellectual property experts have finally gotten to look at the final draft of the proposed treaty. And they say its as bad as they feared","Charles Darwins On the Origin of Species has been voted the most influential academic book ever written, hailed as the supreme demonstration of why academic books matter and a book which has changed the way we think about everything. France wont dine with Iran unless wine is served Germany to start using the dublin regulation again - syrians will be sent back to the country they initially arrived in"
DJIA,2015-11-12,"UK becomes only G7 country to increase fossil fuel subsidies - Tory government is giving billions in ever increasing handouts to oil and gas majors at the same time as cutting support for clean energy, report reveals","Vladimir Putin has ordered an investigation into claims the country's athletes have been part of a systematic doping program. ""The battle must be open,"" he said. ""A sporting contest is only interesting when it is honest."" ISIS committed genocide against Iraqs Yazidis, U.S. Holocaust Museum report says Norway says Russian spies are ensnaring its politicians in sex traps - Norwegian authorities say that Russians are blackmailing govt workers, MPs into revealing state secrets by tricking them with duplicitous gifts like vodka and attractive women, a well-known strategy from the Cold War era."
DJIA,2015-11-13,"Brazil Seeks To Copy U.S. Gun Culture ""to allow embattled citizens the right to defend themselves from criminals""","US officials confirm Jihadi John is dead Homeopathy 'could be blacklisted' - Ministers are considering whether homeopathy should be put on a blacklist of treatments GPs in England are banned from prescribing, the BBC has learned. Dubai Is Giving Its Firefighters Jetpacks To Use During Skyscraper Fires"
DJIA,2015-11-16,France Drops 20 Bombs On IS Stronghold Raqqa,"French Interior Minister: We will start the ""dissolution of mosques where hate is preached."" French police are using new powers under the state of emergency to question people in the ""radical jihadist movement"". Over 150 searches executed, multiple arrests, and a rocket launcher discovered. Putin: ISIS financed from 40 countries, including G20 members"
DJIA,2015-11-17,"The Dalai Lama on terrorist attacks: ""We cannot solve this problem only through prayers. ... I believe in praying. But humans have created this problem, and now we are asking God to solve it. It is illogical. So let us work for peace ... and not expect help from God, Buddha or the governments.""",Justin Trudeau has officially ordered Canada's Justice Minister to start the weed legalization process Anonymous identified 900 ISIS-related Twitter accounts and now they've been suspended Video showing 'London Muslims celebrating terror attacks' is fake. The footage actually shows British Pakistanis celebrating a cricket victory in 2009.
DJIA,2015-11-18,"Reports of gun fire, possible explosions near Saint-Denis area of Paris, France","France Rejects Fear, Renews Commitment To Take In 30,000 Syrian Refugees Paris attacks: Mother died using her body to shield her five-year-old son from bullets Despite Paris attacks, Hollande says erecting walls and fences ""would be the end of Europe""."
DJIA,2015-11-19,Paris attacks ringleader dead - French officials,355 ISIS targets in Syria destroyed by Russian air force in last 48 hours: Putin Puts $50 Million Bounty on Heads of Metrojet Bombers Syrian man kills judge at ISIS Sharia Court for beheading his brother
DJIA,2015-11-20,"Fighters in Syria are on steady doses of an amphetamine called Captagon. This allows them ""stay up for days, killing with a numb, reckless abandon."" Side effects include ""psychosis and brain damage""","Shots fired at Radisson Hotel in Bamako, Mali (French) British police still shun guns despite Paris attacks: We are an unarmed force  were proud of that US Approves $1.29 Billion Arms Sales to Saudi Arabia"
DJIA,2015-11-23,Russia Bans Scientology,"Australia passes law banning anti-vax parents from childcare benefits Russian sailor drinks half a litre of rum before crashing 7,000-ton ship at full speed into Scotland Only 3 northern white rhinos left on Earth"
DJIA,2015-11-24,Putin calls Turkey 'accomplices of terrorists' after Russian jet shot down,"Fighter jet goes down in flames near Syrian border: Turkey's Haberturk TV footage Nestl admits slavery and coercion used in catching its seafood France's leading Muslim body called Tuesday for imams to require a permit to preach and for a new religious body to fight back against jihadist propaganda. The country's imams should be given a certificate -- ""like a driving licence"" -- that ensured they promoted a ""tolerant and open Islam""."
DJIA,2015-11-25,I gave the order myself  Turkish PM on downing Russian plane,'Severe blow': Al Qaeda suicide bomber takes out leadership of key ISIS brigade Depressed Elephant Has Been Living In A Concrete Cell For 61 Years Hackers knock out ISIS's Dark Net propaganda site
DJIA,2015-11-27,Saudi Arabia just promised to sue anyone who compares their justice system to Isis,"Coca-Cola's chief scientist and heath officer leaves after being caught setting up a nonprofit which downplayed the role of sugary drinks in the obesity epidemic Swedish court: 'We cannot ban Pirate Bay': After deliberating for almost a month on the closely-watched case, the District Court of Stockholm ruled that copyright holders could not make Swedish ISP Bredbandsbolaget block Pirate Bay. Two journalists arrested in Turkey for story on weapon loaded Turkish intelligence trucks bound for Syria"
DJIA,2015-11-30,"Air pollution reached hazardous levels in Beijing on Sunday, prompting the city to upgrade to the second-highest alert for the first time in 13 months on the same day that the Chinese government said it has met pollution-reduction targets for the year","China Is Building a Giant Animal-Cloning Factory to Feed the Masses - While the rest of the world sorts out its feelings about the safety &amp; ethics of cloning animals for food production, China is charging ahead &amp; building the world's largest animal cloning factory, set to begin operations in 2016. Japan stuns world by announcing it will resume whaling in Antarctic Ocean despite ban Newspaper draws piggy bank to show ISIS funding, Muslim groups attack it as pig is unislamic"
DJIA,2015-12-01,"Amnesty International says Qatar has done ""almost nothing effective to end chronic labour exploitation"" since it was chosen five years ago to host the football World Cup in 2022.",#SueMeSaudi: Twitter users taunt Saudi Arabia Erdoan: I will resign if any oil purchase from Daesh is proven Pope says fundamentalism is 'disease of all religions'
DJIA,2015-12-02,"Quebec Judge issues $1 fine for possessing 30 cannabis plants, calls marijuana laws obsolete","Turkish doctor faces 2 years in jail for sharing meme that likens president Erdogan to Gollum in LOTR Cameroon army 'kills 100 Boko Haram fighters, frees 900 hostages' Zuckerberg, wife pledge to donate 99% of their Facebook shares, about $45 billion, to charity"
DJIA,2015-12-03,UK Parliament Vote in Favor of Airstrikes in Syria,"Oscar Pistorious guilty of murder. The Pentagon lavished nearly $150m of taxpayer money on villas with private security, flat screen TVs and three course meals for special events for US government staff in Afghanistan, an official watchdog has found No jail for 2010 BP oil disaster white collars"
DJIA,2015-12-04,"World's largest Muslim group, Sunni movement launches anti extremism campaign","U.S.-led coalition is finding and killing a mid- to high-level Islamic State leader every two days Mount Etna has errupted Uruguay makes dramatic shift to nearly 95% electricity from clean energy: In less than 10 years the country has slashed its carbon footprint and lowered electricity costs, without government subsidies"
DJIA,2015-12-07,"Beijing has issued its first ever Red Alert over smog, and the city is going into complete shutdown","Ten african countries vow to recreate 100 million hectares of lost jungle, twice the size of Europe. World bank &amp; Germany announces funding After Paris Attacks, Proposed French Law Would Block Tor and Forbid Free Wi-Fi Chile removes marijuana from list of 'Hard Drugs' takes steps towards legalization."
DJIA,2015-12-08,Resistance to last-resort antibiotic has now spread across globe,"US confirms death of top ISIS leader in Libya Arnold Schwarzenegger has got his sights set on vanquishing another peril: Climate change | Speaking at the United Nations conference on climate change in Paris, he said that the world had to unite to tackle climate change, rather than pointing the finger at the largest polluters. U.S. Agent Gets Six Years Prison for Silk Road Bitcoin Theft"
DJIA,2015-12-09,"Saudi Arabia accused of trying to wreck Paris climate deal - One of the worlds largest oil producers is getting in the way of a deal and making implausible objections, say delegates and campaigners","Kazakhstan has passed a law that would require citizens to install a certificate on all their personal devices allowing the government to capture all the web traffic, passwords and financial details of the population. Nearly 70,000 clerics came together and passed a fatwa against terrorist organizations, including IS, Taliban and al-Qaida. These are ""not Islamic organizations,"" the clerics said to a sea of followers, adding that the members of these outfits were ""not Muslims"" An undercover sting by Greenpeace has revealed that two prominent climate sceptics were available for hire by the hour to write reports casting doubt on the dangers posed by global warming."
DJIA,2015-12-10,"""The US State Department has approved a $1.29 billion arms sale to Saudi Arabia, which includes as many as 13,000 precision guided weapons or smart bombs. The sale comes as Human Rights Watch charges that Saudi airstrikes in Yemen 'have indiscriminately killed and injured civilians.'""","Trump cancels trip to Israel after Netanyahu releases statement about Trump's proposed Muslim ban, saying Israel ""respects all religions and strictly guarantees the rights of all its citizens."" Mina stampede deaths three times higher than acknowledged by Saudi authorities, up to 2,411 compared to 769 official figures A Canadian ISP has received a public backlash after posting a list on its Facebook page of 25 subscriber names who had not paid their overdue bills, in order to publicly shame them into paying"
DJIA,2015-12-11,"France will not ban Wi-Fi or Tor, prime minister says: ""Internet is a freedom, is an extraordinary means of communication between people, it is a benefit to the economy,"" Valls added","Man wanted for planning the execution of 20,000 people during the 1994 Rwandan genocide arrested by Interpol after 21 years on the run Mysterious hackers attempting to bring down entire internet by DDoS-ing critical servers Eighty children get chickenpox at Brunswick North West Primary, a school that calls for 'tolerance' of vaccine dodgers"
DJIA,2015-12-14,Saudi Arabia elects up to 17 female councillors in historic election,"Drug giant Reckitt Benckiser ordered to pull painkillers off Australian shelves after admitting products for specific types of pain were identical - but sold at double the price of its standard painkiller Maltese ships owned by Turkish presidents son being implicated in ISIS oil trade Fracking no longer viable, says UK government advisor"
DJIA,2015-12-15,"Just miles from the US border, Lexmark fires 90 long-term employees who asked for their pay to be increased by 6 pesos to 120 pesos ($7) a day.",IS Has Lost 40% Of Its Iraqi Territory French teacher invented school attack Putin signs law allowing Russia to overturn rulings of international rights courts
DJIA,2015-12-16,Donald Trump loses Scottish windfarm appeal,"North Korea sentences Canadian pastor to hard labor for life Brazil downgraded to junk status by 2nd risk agency, with negative outlook for further downgrades. No 'regime change' in Syria: After talks in Moscow, Kerry accepts Russian stance on Assad"
DJIA,2015-12-17,Martin Schkreli - Turing CEO who increased the price of Aids drug by 5000% - has been arrested,"Saudi Arabia about to behead a teenage boy for attending a protest when he was 15 New Earth like planet spotted just 14 light years away: Wolf 1061c Teen punches Spanish PM in face during a campaign appearance, breaks his glasses"
DJIA,2015-12-18,"Models must have doctor's note to prove they are not too thin, France rules","Canadian dollar tumbles to close below 72 cents US, the lowest in nearly 12 years Cuba and U.S. agree to resume commercial flights Norway wants to give a mountain to Finland as an Independence Day present"
DJIA,2015-12-21,Fifa president Sepp Blatter and Uefa boss Michel Platini have been suspended for eight years from all football-related activities following an ethics investigation.,"A group of Kenyan Muslims travelling on a bus ambushed by Islamist gunmen protected Christian passengers by refusing to be split into groups, according to eyewitnesses. The bus was travelling from the capital Nairobi to the town of Mandera. African lions will be added to the endangered species list, activists say Nigerian Army killed thousands of Shia Muslims &amp; burried them in mass graves"
DJIA,2015-12-22,SpaceXs Falcon 9 rocket successfully lands upright.,Drunk people account for 70% of weekend emergency room visits in UK city New ruling means US big game hunters won't be able to bring home African lion parts as trophies Zimbabwe to make Chinese yuan legal currency after Beijing cancels debts.
DJIA,2015-12-23,"New law in India would try teens as adults for rape, murder","Colombia legalizes medical marijuana Anonymous has declared cyber-war on Turkey: ''Turkey is supporting Daesh [ISIS] by buying oil from them, and hospitalizing their fighters. We wont accept that Erdoan, the leader of Turkey, will help [ISIS] any longer, Research reveals five major banks, JP Morgan, Bank of America Merrill Lynch, Deutsche Bank, Nomura and Morgan Stanley, paid no UK corporation tax in 2014"
DJIA,2015-12-24,"Brazil declares emergency after 2,400 babies are born with brain damage, possibly due to mosquito-borne virus ""This is an unprecedented situation, unprecedented in world scientific research,"" Brazil's health ministry said in a statement on its website","Scientists find big 1500-yr-old Viking settlement under new airport site - Midden, or garbage, materials of this age have never been found before in Norway. What's emerging is a rare look at a culture that's long gone, along with the lost coastline that once nourished it. Paris attacks: Belgian police arrest ninth suspect Wiretapping reveals communication between Turkish officers and Islamic State"
DJIA,2015-12-28,"Germany recruits 8,500 teachers to teach German to 196,000 child refugees","Almost 23,000 people have signed an Italian porn star's petition for sex education to be taught in Italian schools. Japan apologizes to Korea over sexual enslavement of Korean ""comfort women"" Milan and Rome ban cars as pollution rises. Milan is banning cars, motorcycles and scooters for six hours a day over the next three days. In Rome, cars with odd-numbered plates have been banned for nine hours on Monday. On Tuesday, cars with even-numbered plates will be restricted."
DJIA,2015-12-29,Pentagon thwarts Obama's effort to close Guantanamo,"Rare Footage of Giant Squid in Japan Muslims tell ISIS they'd rather see Star Wars than fight in Syria Syrian Journalist Who Documented ISIS Atrocities Is Killed in Turkey. His death came a day before he and his family were to fly to France, where they were seeking asylum"
DJIA,2015-12-30,Tech companies face criminal charges if they notify users of UK government spying,"Mexican marijuana farmers see profits tumble as U.S. loosens laws. A would-be suicide bomber and his wife have been found guilty of planning an attack in London to coincide with the 10th anniversary of the 7/7 atrocity. The rich will get richer while two million more children slide into poverty, 2030 economic forecast suggests"
DJIA,2015-12-31,Microsoft Corp said on Wednesday it will begin warning users of its Outlook.com email service when the company suspects that a government has been trying to hack into their accounts.,"Greek Orthodox Church: Homosexuals are God's creation - the church doesn't reject people. Vladmir Putin officially dissolves Roscosmos, the Russian Space Agency and will restructure it as a state-run corporation starting January 1, 2016. Donald Trump could be refused entry to the UK after the Home Secretary Theresa May said she will ban people that are non-conducive to the public good. The petition to ban him has over half million signatures."
DJIA,2016-01-04,Saudi Arabia breaks off ties with Iran - Amid row over Saudi execution of Shia cleric,Exclusive: UK Government urged to reveal its role in getting Saudi Arabia onto UN Human Rights Council | Liberal Democrat and Green Party leaders call on David Cameron to reveal whether British government supported Saudi bid China halts trading as stocks fall 7% Earthquake measuring 6.8 magnitude strikes India
DJIA,2016-01-05,"Dutch government backs strong encryption, condemns backdoors",ISIS Militants Strap Bomb on 4 Year-Old Boy and Blow Him Up after Killing the Childs Father Canada proceeding with controversial $15-billion Saudi arms deal despite condemning executions Brazil is heading for its worst recession since 1901
DJIA,2016-01-06,China shuts down stock market after 15 min 7% loss.,Armed suspect shot dead after trying to storm Paris police station Oil price falls below $35 a barrel to fresh 11-year low Germans outraged by mayors advice for women after raft of harassment
DJIA,2016-01-07,"Reports of sexual assaults on women across European cities, including Cologne, Hamburg, Zrich, Salzburg, Helsinki during NYE festivities","Shelter forcibly converted children to Christianity, raided by police Emmanuel Group in India. Busted by police.Children hung from wrists ,starved and beaten for failing to recite Bible passages post conversion Iran Has Banned Its Citizens from Making Pilgrimages to Mecca Gaddafi warned Blair his ousting would 'open door' to jihadis. ""They want to control the Mediterranean and then they will attack Europe."
DJIA,2016-01-08,El Chapo' Being Taken to Same Prison He Escaped from Six Months Ago,"El Chapo has been caught At least 231 children abused at Catholic boys choir run by Pope Benedicts brother North Korea has defended its latest nuclear test, saying the fate of Saddam Hussein in Iraq and Moamer Kadhafi in Libya showed what happened when countries forsake their nuclear weapon ambitions."
DJIA,2016-01-11,"Iran removes core of Arak heavy water nuclear reactor and fills it with concrete, fulfilling one of its key obligations in the nuclear deal","In an extremely unusual airstrike, the U.S. dropped bombs Sunday in central Mosul, Iraq, destroying a building containing huge amounts of cash ISIS was using to pay its troops and for ongoing operations U.N. says some of its peacekeepers were paying 13-year-olds for sex Explosion in Istanbul's Sultanahmet, injuries reported"
DJIA,2016-01-12,Oil Falls Below $30/Barrel for First Time Since December 2003,"Migrant crisis: Coach full of British schoolchildren 'attacked by Calais refugees' Saudi Arabia arrests human rights activist Samar Badawi who was the first woman to sue her guardian for preventing her from marrying the man of her choice, and also sued the Saudi government for the right to vote in municipal elections Putin says Russia has no interest in ""costly,"" ""meaningless"" role as superpower"
DJIA,2016-01-13,"Explosions heard in Indonesian capital - in Jakarta, with reports of casualties.","Wearing black jackets adorned with a symbol of a Viking and the Finnish flag, the ""Soldiers of Odin"" have surfaced as self-proclaimed patriots patrolling the streets to protect native Finns from immigrants, worrying the government and police. Denmark is poised to pass a law requiring newly arrived refugees to hand over valuables, including gold or jewelry, to help pay for the costs of lodging them. In Huge Win For Elephants, Hong Kong Finally Vows To 'Phase Out' Ivory Sales"
DJIA,2016-01-14,No. of crimes in Japan falls to postwar low in 2015. 933 murder for a 127M population. Teenage crimes numbers lower than 65yo+.,"Danish 15yo girl who converted to Islam arrested for possessing explosives, sanctioning terror Apple may be on the hook for $8 billion in taxes as a result of a European Commission investigation. New Ebola case emerges in Sierra Leone"
DJIA,2016-01-15,China to participate in UN sanctions against N.Korea,Bill aiming to ban child marriages shot down in Pakistan as anti-Islamic and blasphemous. Tsai Ing-wen elected Taiwan's first female president Schoolgirls report abuse by young asylum seekers
DJIA,2016-01-19,"ISIS destroys Iraq's oldest Assyrian Christian monastery that stood for over 1,400 years",Oceans running out of fish as undeclared catches add a third to official figures Chemistry Teacher opens fire on Taliban Militants in valiant effort to protect students Isis cuts soldiers pay by 50%
DJIA,2016-01-20,"The solar system appears to have a new ninth planet. Today, two scientists announced evidence that a body nearly the size of Neptunebut as yet unseenorbits the sun every 15,000 years.","Less than 1% of the wealth created since 2000 has gone to the poorest 50% of the world's population, new research has revealed. Over half of the world's supply of Cobalt, a primary element used in lithium batteries, is mined in the Democratic Republic of Congo by child miners. UK inquiry finds Putin 'probably' approved Litvinenko assassination in 2006"
DJIA,2016-01-21,"A Danish city has ordered pork to be mandatory on municipal menus, including for schools and daycare centers, with politicians insisting the move is necessary for preserving the country's food traditions and is not an attack on Muslim","HIV infections in Russia have reached record levels, with the number of people registered as HIV-positive passing the one million mark. Migration crisis can destroy Europe, says French Prime Minister Manuel Valls | Europe | News Independent economists: TPP will kill 450,000 US jobs; 75,000 Japanese jobs, 58,000 Canadian jobs"
DJIA,2016-01-22,Pregnant women are being warned not to travel to the Olympics in Brazil after a virus causing thousands of babies to be born with unusually small heads swept through the region.,"Toronto man found not guilty in Twitter harassment trial widely viewed as a Canadian first Japan accepts 27 refugees last year, rejects 99% 5 dead, 2 critically injured in Sask. school shooting, Trudeau says"
DJIA,2016-01-25,Sri Lanka destroys huge illegal ivory haul - Govt publicly destroys biggest ever illegal ivory haul in bid to show poachers it will not tolerate the violent trade. Sri Lanka also becomes worlds 1st country to apologize for complicity in the illegal killing of elephants.,"First Monkeys with Autism Created in China | They spin in their cages and dont interact. The scientists who created autistic monkeys say theyll now try to cure them Mahatma Gandhi statue defaced in India and scribbled ""Long Live ISIS"" Rome's nude statues covered to spare Rouhani's blushes"
DJIA,2016-01-26,"United Nations panel finds evidence that Saudi-led coalition has conducted widespread air strikes against civilian targets, in violation of international law","Most fleeing to Europe are not refugees, EU official says: Dutch commissioner Frans Timmermans says 60% of arrivals are economic migrants 8 dead, over 610 injured as heavy snowfall continues in Japan ""Pope Francis is taking direct aim at the wealthy and powerful of the world, saying in his message for Lent that they are often 'slaves to sin' who, if they ignore the poor, 'will end up condemning themselves and plunging into the eternal abyss of solitude which is hell.'"""
DJIA,2016-01-27,"The ISIS encrypted messaging app, widely reported in the media as a tool for plotting terrorist attacks, does not exist","Zika Virus May Have Spread To Common Mosquito A Chinese firm has purchased the rights to the Tiananmen Square ""Tank Man"" photo from Bill Gates The 50 most violent cities in the world are revealed, with 21 of them in Brazil... but Venezuela's capital Caracas is named the most deadly"
DJIA,2016-01-28,Young people in England have 'lowest literacy levels' in developed world says OECD,Volunteer who claimed a migrant had dropped dead outside Berlin registration center after waiting outside for days admits he lied in a bid to win sympathy for asylum seekers Man 'held with guns at Disneyland Paris' Microsoft co-founder's yacht tears up protected coral reef in Cayman Islands. Paul Allens 330ft vessel destroys 80% of reef in protected zone
DJIA,2016-01-29,"A 13-year-old girl from a Russian-speaking community in Berlin was not kidnapped and sexually assaulted by immigrant men as previously reported, but simply spent the night with an acquaintance.",Two jailed for handing out Isis leaflets on London's Oxford Street Mobs of 'hundreds' of masked men rampage through Stockholm central station beating up refugee children Russia Will Not Allow Exclusion of Kurds From Syrian Peace Talks
DJIA,2016-02-01,"Canada moving ahead with plans to ditch first-past-the-post electoral system. ""FPTP suited for fledgling democracies, mature democracies can do better,"" says minister in charge of reform.","Zika virus declared global emergency by WHO Maori leaders in New Zealand's Far North have voted to block Prime Minister John Key from visiting the site where the country's founding document was signed, with one saying ""I don't understand why we'd want to welcome a Prime Minister when he has already signed away our sovereignty"" (with the TPPA) Hidden population of up to 200 lions found in remote Ethiopia."
DJIA,2016-02-02,"TPP ""fundamentally flawed"", should be resisted - Human Rights Expert","Stop refugees or we'll stop aid, Germany tells Afghans Women barred from entering Starbucks in Saudi Arabia BP is to cut another 7,000 jobs after reporting an annual loss of $6.5bn (4.5bn), the worst in its history"
DJIA,2016-02-03,Nuclear fusion device's 1st test with hydrogen declared a success,UN panel 'rules in Assange's favour' World is about to eradicate the first human disease since smallpox - the gruesome Guinea worm Woman assaulted by cop who lost his job found dead in Holloway prison cell
DJIA,2016-02-04,"France has become the first country in the world to ban supermarkets from throwing away or destroying unsold food, forcing them instead to donate it to charities and food banks.","Man Ejected From Somali Plane in Midair Was Suicide Bomber German spy agency says ISIS sending fighters disguised as refugees Swiss bank Julius Baer, facing a criminal charge, has agreed to pay $547 million and cooperate for three years with American authorities to shut down accounts that enabled wealthy Americans to evade taxes"
DJIA,2016-02-05,Denmarks justice minister admitted on Friday that the US sent a rendition flight to Copenhagen Airport that was meant to capture whistleblower Edward Snowden and return him to the United States,"UN Demands Zika-Infected Countries Give Women Access To Abortion And Birth Control First abortion in Colombia possibly as result of Zika: A woman struggled to find a doctor willing to provide an abortion after it was discovered her fetus suffered from microcephaly. Muslim women ""blocked from seeking office by male Labour councillors"" - Muslim Women's Network say the national Labour party is ""complicit"" in local male Muslim councillors' ""systematic misogyny"""
DJIA,2016-02-08,"North Korea satellite 'tumbling in orbit,' U.S. official says: The satellite North Korea fired into space on Sunday is ""tumbling in orbit"" and incapable of functioning in any useful way",North Korea has restarted plutonium reactor and could have stockpiles in weeks - US spy chief Hong Kong riot happening right now Mexico won't pay a cent for Trump's 'stupid wall'
DJIA,2016-02-09,"Australia introduces ""Netflix tax"" legislation to parliament. With hopes of placing a tax on all foreign digital goods.","Disbelief as Egyptian president rolls out four kilometre red carpet for austerity press conference A smartphone application aimed at helping users avoid morality police units in Irans capital city, which became an instant hit just hours after its release yesterday, has been blocked in Iran. Turkey detains 34 people with explosives, suicide vests at Syrian border - media"
DJIA,2016-02-10,British ISIS fighter who called himself 'Superman' but returned to the UK because Syria was too cold is jailed for seven years,"Animals reduced to cannibalism in Egyptian zoo after neglect Grow a thicker skin, Germany tells Poland: The German government reminded Poland on Wednesday that it doesn't control political speech within its borders, after Warsaw complained about a Dsseldorf carnival float which mocked the leader of its governing party At least 50 killed in a prison riot in Monterrey, Mexico"
DJIA,2016-02-11,Gravitational waves from black holes detected,"Teen girl sent by Boko Haram rips off suicide vest, refuses to bomb refugee camp South Korea cuts off power, water into Kaesong zone in North Korea Families of Americans killed by Mexican cartels sue HSBC for laundering billions"
DJIA,2016-02-12,"150,000 penguins killed after giant iceberg renders colony landlocked",U.S. to restore commercial air travel to Cuba India 'disappointed' as US decides to sell eight F-16 fighter jets to Pakistan-I News - IBNLive Mobile Medieval trading ship raised to surface 'almost intact' after 500 yrs on riverbed in Netherlands - The ship even has an oven and glazed tiles still preserved onboard
DJIA,2016-02-16,"Faced with a cash shortage in its so-called caliphate, the Islamic State group has slashed salaries across the region, asked Raqqa residents to pay utility bills in black market American dollars, and is now releasing detainees for a price of $500 a person.","According to NASA data this January was the warmest January on record by a large margin while also claiming the title of most anomalously warm month in 135 years of record keeping US stealth jets flying over S. Korea amid N. Korea standoff A piece of Mozart music considered lost for more than 200 years has been performed for the first time since being rediscovered. It was co-written by him and Antonio Salieri, usually considered a rival, as well as an unknown composer, Cornetti."
DJIA,2016-02-17,Colombian prison drain pipes yield over 100 dismembered corpses,"Scientists warn of coming global disaster because of water inequality.We are revealing a global disaster in the making, yet we are seeing very little coordinated response. Blast hits Ankara military building ISIS beheads 15-year-old Iraqi boy for listening to pop music"
DJIA,2016-02-18,Obama Going to Cuba; First Visit by U.S. President in 88 Years,"David Cameron blocks compulsory sex education in classrooms across the UK Uganda shuts down social media; candidates arrested on election day Japanese TV anchors lose their jobs for lack of ""fairness"" reporting"
DJIA,2016-02-19,Britain will vote on whether to remain in the EU on the 23rd of June,"Venezuelans face a 6000% hike in gasoline price from $0.01 to $0.60 ISIS Terrorist Cell Dismantled in Morocco 'Planned to Use Biological Weapons' Warming waters in the Atlantic and Pacific oceans have increased the prevalence of diseases that are turning sea stars to mush and killing lobsters by burrowing under their shells and causing lesions, two new studies say."
DJIA,2016-02-22,"WikiLeaks publishes docs showing that the NSA bugged meetings between Ban Ki-Moon and Merkel, Netanyahu, Berlusconi, between key EU and Japanese ministers discussing their secret trade red-lines at WTO negotiations, as well as details of a private meeting between Sarkozy, Merkel and Berlusconi",Montreal to ban plastic bags as of 2018 Zimbabwe park warns it may shoot 200 surplus lions now that big game hunters are staying home Anti-vaccination campaigners blamed for measles outbreak in Melbourne suburb of Brunswick in Australia
DJIA,2016-02-23,Fuel has gotten so cheap that ships are now choosing to take the long way around Africa rather then pay the fees to transit the Suez Canal.,Female student injures eight people in Canada school stabbing Medical Marijuana Now Legal in Australia It's official: Native Americans and Siberians are cousins
DJIA,2016-02-24,Beijing now has more billionaires than New York,"Brazil is building $250m-worth undersea cable linking directly Europe to avoid US espionage  Tech giants like Google, Facebook likely to support MH17 report identifies Russian soldiers suspected of downing plane in Ukraine Pope suggests contraceptives could be used to slow spread of Zika"
DJIA,2016-02-25,"770,000 names deleted from voter register in change to registration rules as critics claim Tories are rigging the system","Ontario makes college tuition free for low income families making 50k or less a year. Increases grants for those making 83k or less a year. Arctic warming: Rapidly increasing temperatures are 'possibly catastrophic' for planet, climate scientist warns | Dr Peter Gleick said there is a growing body of 'pretty scary' evidence that higher temperatures are driving the creation of dangerous storms in parts of the northern hemisphere ISIS suddenly trapped as Syrian Army pushes to recapture Aleppo supply route"
DJIA,2016-02-26,"Saudi man gets 10 years, 2,000 lashes over atheist tweets",Ex-Mexican President Vicente Fox: Donald Trump reminds me of Hitler Germany deems passports issued from IS territory invalid Trade Officials Promised Exxon That TTIP Will Erase Environmental 'Obstacles' Worldwide. EU trade officials soothed the oil giant as it fretted about new regulations popping up in Global South
DJIA,2016-02-29,China just announced one of the largest single layoffs in history. 1.8 Million people will lose their job.,More than $1bn deposited in Malaysian prime minister's account  report | World news Children sacrificed to bring luck in Uganda elections Isis kills eight Dutch members for desertion | World news
DJIA,2016-03-01,"""A young British woman has become one of the first cancer patients to be injected with a new vaccine designed to stimulate the immune system so that it destroys tumours wherever they have spread in the body.""",Magnitude 8.2 Quake Measured 763 Miles Southwest of Malaysian Capital Mormon leader: 'There are no homosexual members of the church.' Pentagon to sell $683 million in weaponry to Turkey in deal signed today
DJIA,2016-03-02,North Korea launches short-range missiles into Sea of Japan hours after UN Sanctions,"A powerful Pakistani religious body that advises the government on the compatibility of laws with Islam on Thursday declared a new law that criminalizes violence against women to be ""un-Islamic."" Two of the worlds biggest coffee companies, Nestl and Jacobs Douwe Egberts, admit that beans from Brazilian plantations using slave labour may have ended up in their coffee Argentine Nobel Prize winner to Obama: Don't visit March 24, because it's the 40th anniversary of a coup that installed a military government that had U.S. backing"
DJIA,2016-03-03,Kim Jong-un orders nuclear weapons to be made ready for use,"Mexican Officials Pass Proposal To Ban Donald Trump From Their Country Tens of thousands of Nigerian fishermen and farmers were given the green light to sue energy giant Shell in a British court on Wednesday for a series of destructive oil spills in the Niger delta over the past decade. BP chief receives 20% pay package hike despite record loss and 7,000 axed jobs. At time of crisis for oil company Bob Dudley earned 14m last year, an amount the High Pay Centre describes as out of contact with reality."
DJIA,2016-03-04,"China bans depictions of gay people, adultery, one night stands, cleavage and reincarnation on television","Peanut allergy risk reduced by up to 80% by consuming peanuts as an infant, research suggests Philippines seizes North Korean ship Refugee children at Calais 'Jungle' camp are being raped, aid workers claim"
DJIA,2016-03-07,"An indigenous community in the Peruvian Amazon took at least eight public officials hostage to demand help from the central government after an oil spill polluted its lands, authorities said Monday.",Cannabis legalisation in the UK 'would raise 1bn a year in taxes' - Study calls for UK to follow lead of some US states &amp; allow the sale of cannabis to over-18s in licensed retail stores Netanyahu declines offer to meet with Obama: White House More than 150 killed in Deadly US drone strike in Somalia
DJIA,2016-03-08,Russia has warned North Korea that threats to deliver preventive nuclear strikes could create a legal basis for the use of military force against the country,Egypt drafts bill to ban burqa and Islamic veils in public places Google's DeepMind defeats legendary Go player Lee Se-dol in historic victory China to block North Korea ships from returning home
DJIA,2016-03-09,Apple: 'FBI could force us to turn on iPhone cameras and microphones',America has captured ISIS scientist in charge of chemical weapons Google's DeepMind beats Lee Se-dol again to go 2-0 up in historic Go series Isis files leak will throw group into 'crisis mode' as thousands of fighters' names and personal details revealed | Middle East | News
DJIA,2016-03-10,"The robots sent into Fukushima have ""died"". As soon as they get close to the reactors, the radiation destroys their wiring and renders them useless,","South Sudan lets fighters rape women in place of wages: UN China Has Unblocked Internet Searches That Refer to Kim Jong Un As a Pig Prof Stephen Hawking and 150 other scientists have called for Britain to stay in the EU, saying that a Brexit would be a ""disaster for UK science""."
DJIA,2016-03-11,U.S. says North Korean submarine missing,"AlphaGo beats Lee Se-dol again to take Google DeepMind Challenge series Turkey's President Tayyip Erdogan said on Friday a constitutional court ruling that led to the release of two detained newspaper editors was a step against the country and warned the court that repeating such actions could bring its very existence into question. Irans Supreme Leader: We Must Have Relations With Whole World, Except America and Zionist Regime"
DJIA,2016-03-14,Italy changes law to make all supermarkets give unsold food to needy,"Putin orders most troops out of Syria Google's AlphaGo AI beats Lee Se-dol again to win Go series 4-1 Israeli hiker finds 2,000-year-old gold coin  the second of its kind to ever be found: The coin, from the year A.D. 107, bears the image of Augustus, the first emperor of the Roman Empire. It was minted as part of a series of coins honoring Roman rulers."
DJIA,2016-03-15,"FIFA admits to World Cup hosting bribes, asks U.S. for return of money","President Erdogan wants to change definition of terrorist to include journalists and politicians North Korea Sentences US Tourist to 15 Years in Prison The world's first solar airport no longer pays for electricity; 45 acres of panels supply approximately 50,000 kilowatt hours"
DJIA,2016-03-16,"US State Dept declares ISIS is committing genocide in Iraq, Syria","Brazilian Federal Police releases tapped phone call between Rousseff and Lula Muslim-majority Pakistan set to declare Holi, Diwali and Easter as public holidays in a landmark decision Russia reveals plans for 2018 test of nuclear engine that could get cosmonauts to Mars in six weeks"
DJIA,2016-03-17,"TTIP: secrecy around talks is 'profoundly undemocratic', MPs say. A German MP said she was given only two hours to read 300 pages","China's 'Man-made' sun produces longest plasma pulse at 50 million degrees One of the worlds largest advertising agencies has been accused of helping Saudi Arabia whitewash its record on human rights following the kingdoms largest mass execution for more than 30 years. Brazilian judge blocks appointment of ex-leader Lula as chief of staff, hours after he was sworn in to the post"
DJIA,2016-03-18,Paris attacks suspect Salah Abdeslam shot and wounded in Brussels anti-terror raid,Passenger Boeing From Dubai Crashes in Rostov On Don Russia: Those guilty of insulting Vladimir Putin face six years in prison under proposed law 'Shots fired' in new Brussels raids.
DJIA,2016-03-21,Netherlands will once again need to close prisons due to falling crime rate and lack of prisoners.,Reports of explosions at Brussels airport Two explosions at Brussels airport Syrian President Bashar al-Assad has called on Muslims across the world to unite and fight against terrorism posing a threat to the region and the globe.
DJIA,2016-03-22,The International Criminal Court Recognises Rape as a War Crime,"Former Controversial Toronto Mayor Rob Ford Has Died Tony Blair on extremism ""one of the problems with the West is that it constantly can be made to feel guilty about itself"" U.S. strikes al Qaeda training camp in Yemen, killing dozens"
DJIA,2016-03-23,Japan's whaling fleet returns from Antarctic with 333 minke whales including pregnant females,"Brazil descends into chaos as Olympics looms Rockefeller Family Fund divests from fossil fuels, which built family's fortune | It will eliminate holdings of Exxon Mobil Corp, saying the oil company associated with the family fortune has misled the public about climate change risks One of the attackers in the Brussels suicide bombings was deported from Turkey twice last year and the authorities warned their European counterparts that they suspected him of being a militant fighter"
DJIA,2016-03-24,Russian soldier surrounded by ISIS calls in airstrikes on himself,"ISIS's Second-in-Command Killed in Raid France arrests man in 'advanced stages' of attack plot Pope washes feet of Muslim migrants, says We are brothers ""In his homily, Francis said: 'We have different cultures and religions, but we are brothers and we want to live in peace.'"""
DJIA,2016-03-28,An aerial survey of the northern Great Barrier Reef in Australia has shown that 95 per cent of the reefs are now severely bleached and about half of the corals are expected to die in the coming month.,"Top medical experts say we should decriminalize all drugs &amp; maybe go even further - Their report comes ahead of a special UN General Assembly Session on drugs to be held next month Japan Loses Contact With New Space Telescope Saudi Arabia Cracks Down On Peaceful Dissent, Sentences Journalist To 5 Yrs In Prison - over a series of tweets, in what human rights organizations are calling the latest crackdown on free expression by the oil-rich kingdom."
DJIA,2016-03-29,"EgyptAir Domestic Flight From Alexandria to Cairo Hijacked, Lands in Cyprus","Israel passes law to cap bankers' salaries: Israel has introduced one of the worlds toughest curbs on bank executives salaries in an effort to narrow a big pay gap between bosses and workers. It was approved in parliament overnight in a 56-0 vote and will take effect in six months. U$1bn poured so rapidly into Malaysian PM's personal bank accounts that it rang money-laundering alarms Many millions of Muslims 'fundamentally incompatible with the modern world', says Tony Blair"
DJIA,2016-03-30,Hundreds of thousands of leaked emails reveal massively widespread corruption in global oil industry,"Using Adblock Plus to block ads is legal, rules German courtfor the fifth time Apple wants the FBI to reveal how it hacked the San Bernardino killer's iPhone 'War on Drugs' has made no difference to number of users &amp; actively harms public health, major study concludes - Report authors call for ""scientifically grounded"" policies, including regulated markets for cannabis"
DJIA,2016-03-31,"Amnesty Int. has accused Qatar of using forced labor at World Cup stadium. Amnesty says workers are forced to live in squalid conditions, pay huge recruitment fees, have wages and passports withheld. It accuses Fifa of ""failing almost completely"" to stop the tournament ""built on human rights abuses""","The FBI, US Department of Justice and anti-corruption police in Britain and Australia have launched a joint investigation into revelations of a massive global bribery racket in the oil industry. Norway's integration minister: We can't be like Sweden - A tight immigration policy and tougher requirements for those who come to Norway are important tools for avoiding radicalisation and parallel societies, Integration Minister Sylvi Listhaug said on Wednesday. French minister compares veil wearers to 'negroes who accepted slavery': France's women's rights minister has sparked fury by comparing Muslim women who choose to wear the headscarf to ""negroes who accepted slavery""."
DJIA,2016-04-01,Reddit deletes surveillance 'warrant canary' in transparency report,"The headquarters of the Monaco-based oil company Unaoil and the homes of its executives have been raided by police in the wake of revelations in recent days that it has systematically corrupted the global oil industry. Daily NK reports North Korea declares China an enemy and threatens a ""nuclear storm"" against them World's Richest Banker Charged With Bribery"
DJIA,2016-04-04,"2.6 terabyte leak of Panamanian shell company data reveals ""how a global industry led by major banks, legal firms, and asset management companies secretly manages the estates of politicians, Fifa officials, fraudsters and drug smugglers, celebrities and professional athletes.""",China censors Panama Papers online discussion David Cameron's dad and Tory MPs named in leak about tax haven firm Iceland PM: I will not resign
DJIA,2016-04-05,China announces sanctions on North Korea,BP to pay US government $20.8 billion for Gulf oil disaster The 19-year-old who started a massive protest movement in Hong Kong says HSBC won't let him open bank accounts for his new political party Iceland's PM asks president to dissolve parliament after allegations he concealed investments in offshore company
DJIA,2016-04-06,The Prime Minister of Iceland has resigned,"Panama Papers: British Banker Funded North Korean Arms Tigers declared extinct in Cambodia Iceland PM did not fully resign, merely asked deputy to take over ""for an unspecified amount of time"""
DJIA,2016-04-07,David Cameron personally intervened to prevent tax crackdown on offshore trusts,Panama Papers reveal London as centre of 'spider's web' Edward Snowden says Panama Papers show whistleblower role is 'vital' - British Columbia A record 43% of Icelanders would now vote for the Pirate Party
DJIA,2016-04-08,David Cameron admits he did have a stake in father Ian Cameron's offshore investment fund,"Big oil spent $115m obstructing climate laws in 2015, NGO says Edward Snowdens David Cameron Tweet Tells Public to Rise Up and Force PMs Resignation David Cameron facing calls to resign after finally confessing he did profit from 30,000 stake in his late father's offshore fund"
DJIA,2016-04-11,Fifty four large investors managing 1 trillion pounds ($1.41 trillion) in assets have launched a campaign to curb the use of antibiotics in the meat and poultry.,A man has been arrested for trying to assassinate the chief forensic expert in MH17 probe China Says 80% of Tested Wells Had Water Too Polluted to Drink Half of British Muslims 'think homosexuality should be illegal'
DJIA,2016-04-12,"Air France's gay stewards refuse to go to Iran, where homosexuality is punishable by death",Scientists have for the first time scanned the brains of people using LSD and found how brain in a psychedelic drug state mimics mind of a baby: free and unconstrained. Victoria has become the first state in Australia to legalise the use of medicinal cannabis Muslim woman prevented second terror attack on Paris by tipping off police about whereabouts of ISIS mastermind
DJIA,2016-04-13,First Interstellar Probe Mission Announced: Breakthrough Starshot Will Accelerate Tiny Probes to Alpha Centauri 20 Years After Launch,UK Jeremy Corbyn found to have overpaid tax... after the Sun newspaper tried to smear the Labour leader Thailand to Punish Drunk Drivers by Sending them to Work at the Morgue Sugar addiction 'should be treated as a form of drug abuse'
DJIA,2016-04-14,Saudi Arabia strips religious police of arresting power,"Putin praises Obama for admitting mistakes in Libya: ""Firstly, this fact confirms once again that the current US president is a decent person"" US corporations have $1.4tn hidden in tax havens, claims Oxfam report Netherlands looks to ban all gas, diesel car sales by 2025"
DJIA,2016-04-15,"A witness to the disappearance of 43 Mexican students in 2014 has told investigators that federal and municipal police were present when the youths were forced from their bus, according to the countrys national human rights commission.","N. Korea's early morning attempt to fire ballistic missile ends in failure: military Putin admits Panama Papers 'accurate,' blames US Greenland is melting so quickly, scientists thought they had made an error."
DJIA,2016-04-18,Brazilian congress votes to impeach president Dilma Rousseff,"Ethiopia attack: 200 people dead, 100 children missing UK Home Secretary Theresa May 'tried to alter drug report because she didnt like its conclusions' | UK Politics More than 400 refugees drown in Mediterranean after boats capsize crossing from Egypt to Italy"
DJIA,2016-04-19,"British govt poo-poos winning 'Boaty McBoatface' name for ship - After Internet users overwhelmingly voted to christen Britain's new $300 million research ship ""Boaty McBoatface"" in an online naming poll, a govt official suggests the name won't be used.","A fifth of people with advanced melanoma have no sign of tumours in their body after treatment with a pair of immunotherapy drugs, a study shows. 7-Year-Old Boy Hit and Killed by UN Ambassador's Motorcade in Cameroon At least 20 reported wounded in Jerusalem bus blast"
DJIA,2016-04-20,Pacific Bluefin Tuna: Population Drops 97% Due to Overfishing,"France bill McDonald's $341 million for unpaid taxes on profits believed to have been funneled through Luxembourg, Switzerland 'Insult Turkey's Erdogan' contest set up by UK magazine Great Barrier Reef: Half of natural wonder is dead or dying and it is on the brink of extinction, scientists say"
DJIA,2016-04-21,Declassified memo shows multiple Saudi connections to 9/11 plotters: flight certificate of Al Qaeda operative found in envelope from the Saudi Embassy in DC,"Canada to introduce pot legalization legislation in 2017 IS executes 250 women for refusing sexual jihad: report Referendum on abolishing monarchy must be held when Queen dies, republicans demand"
DJIA,2016-04-22,The Netherlands to decriminalize insulting heads of state,"Iranian women call on Western tourists to violate headscarf law to fight against oppression Swiss army ready to act in worst case migrant scenario - Switzerland has said it is ready to mobilize up to 2,000 soldiers at border crossings should migrants continue to arrive into the country. Russian engineers have used dogs and robots to successfully clear the ancient Syrian city of Palmyra of nearly 3000 explosive devices left behind by Islamic State."
DJIA,2016-04-25,"Missing Mexican Students Suffered a Night of Terror, Investigators Say: An international panel has provided details of the night in 2014 when Mexican police and gunmen abducted 43 students who have not been seen since.",TTIP: UK Government did just one assessment of trade deal and found it had 'lots of risks and no benefit' Revealed: nearly all new diesel cars exceed official pollution limits - Health experts lambast deceitful carmakers as data suggests 97% of vehicles fail to meet NOx emissions standards in real-world conditions. Australia May Take in African Rhinos to Prevent Extinction
DJIA,2016-04-26,England's Doctors Walk Out of Emergency Wards in First Ever All-Out Strike,"Russia Arrests Scientologist for Stealing $2 Million and Giving to Church Watchdog says press freedom in decline, 'new era of propaganda' We are a Muslim country: Turkeys parliament speaker advocates religious constitution"
DJIA,2016-04-27,"A 1.4GB leak of internal documents from Qatar National Bank gives data on al-Jazeera journalists, the ruling family and British 'spies'","Toddler's meningitis death nets guilty verdict against Alberta parents Kim Jong Un orders missile launches when angry, source says Saying that climate change is an ethical problem, the Danish Council on Ethics (Det Etiske Rd) has called for a climate tax on red meat."
DJIA,2016-04-28,"Airstrike destroys Doctors Without Borders hospital in Aleppo, killing staff and patients","People are increasingly identifying themselves as global rather than national citizens, according to a BBC World Service poll. Paris terror suspect is a little jerk, his lawyer says - In an interview with the French daily Liberation, Sven Mary, Abdeslam's Belgian attorney, heaped opprobrium on his departing client, whom Mary described as having ""the intelligence of an empty ashtray  an abysmal emptiness."" Cheap red meat is helping kill off Glasgow's poorest men 30 yrs early - ""You need to afford to buy quality food. If you cant get quality red meat, youre going to have an issue."" Glasgow is notorious for astonishing gap in life expectancy between rich &amp; poor. Now researchers think they know why."
DJIA,2016-04-29,VW and Shell try to block EU push for electric cars,"Teens who bombed Sikh temple in Germany were ISIS sympathisers Helicopter firms are carrying out unauthorised sightseeing flights over the upper reaches of Mount Everest, Nepalese officials say. Sherpas have expressed concerns that vibrations caused by the helicopters could trigger avalanches. Green Beret who beat Afghan official over alleged child assault to stay in Army"
DJIA,2016-05-02,Puerto Rico says it will default on Monday,Bitcoin's elusive founder reveals himself as computer scientist Craig Wrightand publishes info needed to verify claim Leaked papers allege US intimidating EU over TTIP free trade deal: German media say secret documents reveal the US is pressuring the EU to approve a transatlantic free trade deal. The reports say Washington may block easier car exports if the EU doesn't open up its agricultural market Leaked TTIP documents cast doubt on EU-US trade deal
DJIA,2016-05-03,"France will press its G7 partners this month to launch an ""irreversible"" process to control the prices of new medicines, part of a global drive to make life-saving drugs more affordable",Iceland president's wife linked to offshore tax havens in leaked files | News The United States has told Pakistan it will have to finance the purchase of U.S. F-16 fighter jets itself after members of the U.S. Congress objected to the use of government funds to pay for them Nine years of censorship - Canadian scientists are now allowed to speak out about their work  &amp; the govt policy that restricted communications.
DJIA,2016-05-04,"Wildfire destroying Fort McMurray, most of city evacuated","Self-proclaimed ""Sharia Police"" in Germany to stand Trial on the grounds of violating laws against wearing uniforms with political messages Doubts rise over TTIP as France threatens to block EU-US deal Seven of the world's biggest banks have agreed to pay $324 million to settle a private U.S. lawsuit accusing them of rigging an interest rate benchmark used in the $553 trillion derivatives market"
DJIA,2016-05-05,India plans to spend $6 billion on creating new forests,"Isis members can now be stripped of Australian citizenship David Cameron has no intention of withdrawing his claim that Donald Trump was divisive, stupid and wrong to call for a ban on Muslims entering the US, Downing Street has said. Kenya May End Forced Anal Exams of Suspected Gays"
DJIA,2016-05-06,'We need a revolt against the fossil fuel industry': Tesla chief says educating the public on climate issues is essential in countering oil and gas lobbys influence over big political decisions,"Fort McMurray wildfire grows 8 times larger as battle continues Pope Francis urges Europe to return to postwar principles: What has happened to you, the Europe of humanism, the champion of human rights, democracy and freedom? Over 70% of Germans doubtful on EU-US TTIP pact. Merkel, meanwhile, reiterated her government's official position Wednesday, saying that she would ""do everything to conclude the negotiations"", preferably by the end of 2016."
DJIA,2016-05-09,"Tax havens have no justification, say top economists, calling for their abolition | More than 300 economists are urging world leaders at a London summit this week to recognise that there is no economic benefit to tax havens, demanding that the veil of secrecy that surrounds them be lifted.",Russia offers water bombers and specialists to help fight Fort McMurray forest fires CBS report: Russian gold medalists used steroids at Sochi Olympics Panama paper trail goes online with massive searchable database
DJIA,2016-05-10,Panama Papers include dozens of Americans tied to financial frauds,"President Obama will visit Hiroshima later this month: The trip will mark the first visit by a U.S. president to the site since American forces dropped atomic bombs on that city and on Nagasaki at the end of World War II. Knife attacker 'shouting Allahu akbar' seriously injures four at Munich train station Russia Builds a Tunnel to Save Endangered Amur Leopards, Tigers: The Narvinskii Pass tunnel allows the endangered big cats to avoid a deadly road as they move between Russia and China"
DJIA,2016-05-11,"New Zealand Prime Minister John Key thrown out of Parliament for disobeying the Speaker during an exchange about the Panama Papers, which have revealed links between Mossack Fonseca and New Zealand's secretive foreign trust industry",Former Brazilian soccer star: Don't come to the Olympics Two-thirds of Germans want Merkel out at next election: A poll published on Tuesday shows that just under two-thirds of Germans do not want Chancellor Angela Merkel to run for office again in elections next year. Australian PM Malcolm Turnbull named in Panama Papers
DJIA,2016-05-12,"India has slashed prices of 54 essential medicines by up to 55%, including commonly used drugs for cancer, hypertension, diabetes and other heart disorders.","Rio Olympics could spark 'full blown global health disaster', say Harvard scientists Brazil's President Dilma Rousseff is to face trial after the Senate voted to impeach and suspend her. Saudi officials were 'supporting' 9/11 hijackers, commission member says"
DJIA,2016-05-13,"Declassified documents detail 9/11 commission's inquiry into Saudi Arabia, Chilling story of the Saudi diplomat who, many on the commissions staff believed, had been a ringleader of a Saudi government spy network inside the US that gave support to at least two of the 9/11 hijackers","Ontario parents who object to vaccines could be forced to take a class in science of immunization. Scientists have found a microbe that does something textbooks say is impossible: It's a complex cell that survives without mitochondria. The Kremlin is considering whether or not to release some 20,000 hacked Clinton emails reportedly in its possession; Russian security services apparently obtained the emails as part of their investigation into the Romanian hacker Marcel Lehel Lazar"
DJIA,2016-05-16,Iran is arresting models who pose without headscarves on Instagram,"April breaks global temperature record, marking seven months of new highs. 2016 will be hottest year on record Erdoan pictured as Hitler on Turkish Embassy in Berlin Venezuelan President decrees emergency, seizes factories"
DJIA,2016-05-17,"After almost 18 years of circling Earth, the International Space Station completed its 100,000th orbit on Monday.","Pakistans Billion Tree Tsunami gains momentum, hopes to achieve target of One Billion new saplings plantation by end of next year. The new Brazilian presidents first pick for science minister was a creationist. He chose a soybean tycoon who has deforested large tracts of the Amazon rain forest to be his agriculture minister. And he is the first leader in decades to have no women in his Cabinet. Syria Army killed over 200 ISIS militants in 3-day long offensive in Deir Ezzor"
DJIA,2016-05-18,Scientists Find A Weak Spot In HIV That May Pave the Way to a Vaccine,Muslim states block 11 LGBT groups from attending UN Aids meeting Caribbean islands warned as Venezuela collapses US raises China steel taxes by 522%
DJIA,2016-05-19,EgyptAir Flight MS804 disappears from radar during Paris-Cairo flight,"McDonald's fish: Row over sustainability 'cover-up'- The document shows that the government was aware of made-up data and illegal practices such as the dumping of vast quantities of unwanted fish. There are also concerns that unlawful fishing in NZ waters is threatening the world's rarest dolphin Pope condemns ""bloodsuckers"" who exploit poor workers: Pope says making ""slaves"" out of workers and setting unfair contracts is a mortal sin India just proposed an oil-for-drugs deal with Venezuela, Country is facing severe shortages of even basic supplies such as food, water and medicines, desperately short of medical supplies, lacking as much as 80 percent of what it needs to treat its population"
DJIA,2016-05-20,LinkedIn just revealed that the 2012 breach that compromised the accounts of 6.5 million users actually hit more than 100 million users.,"The Chinese government is fabricating almost 490m social media posts a year as part of a massive secretive operation designed to distract the public from criticising or questioning its rule, according to a study. EgyptAir Flight 804: Wreckage found, airline official says Morocco starts blocking access to Steam and other popular computer games"
DJIA,2016-05-23,"'It keeps happening,' rape survivor says: Protests against American military presence in Japan continued on Saturday, as the countrys defense minister lodged a formal complaint over the latest case of alleged murder and rape of a young Japanese woman by a US military base employee","Obama will not apologize for Hiroshima attack, he tells Japanese TV Austria rejects 'far-right president' Climate denial arguments fail a blind test: In a Pepsi challenge test, economist and statisticians find mainstream climate arguments accurate and contrarian arguments wrong and misleading"
DJIA,2016-05-24,Colombia has fired more than 1000 police officers in a massive crackdown on corruption,"The average city dweller in Kenya pays 16 bribes a month Sixteen of the worlds largest banks including JPMorgan Chase &amp; Co. and Citigroup Inc. must face antitrust lawsuits accusing them of hurting investors who bought securities tied to Libor by rigging an interest-rate benchmark, a ruling that an appeals court warned could devastate them Cuba to legalize small and medium sized businesses"
DJIA,2016-05-25,"Adidas shoe manufacture returns to Germany, fully automated instead of relying on human labour in Asia","Tony Blair: Britain and US profoundly underestimated chaos brought about by toppling of Saddam Hussein | People | News ""We Truly Believe They Kill Animals"": Famous Sloth Sanctuary Is A Nightmare For Animals, Ex-Workers Say Israel: Hamas stealing 95% of civilian cement transferred into Gaza"
DJIA,2016-05-26,Greek news sites are reporting that Aristotle's tomb was found.,India to install panic buttons on public buses to curb sex attacks Switzerland: Muslim students must shake teacher's hand France's 19 nuclear plants have voted to go on strike tonight at 8pm for 24 hours.
DJIA,2016-05-27,"Thailand has shut down 10 popular diving sites in a bid to slow a coral bleaching crisis, an official said Thursday, in a rare move to shun tourism profits to protect the environment",South Korea fires warning shots after boats from North cross sea border Refugees at Nauru who are gay or attempt suicide can no longer be jailed and men are now outlawed from raping their wives after the island republic updated its antiquated criminal code. All references to Australia have been removed from a United Nation report on climate change after the Australian Governments Environment Department expressed concerns it could cause confusion and negatively affect tourism.
DJIA,2016-05-31,Every reference to the Great Barrier Reef removed from UN report on impact of climate change after intervention from Australian government.,"Denmark to stop paying salary to royal family grandchildren: 'Simple mathematics dictate that there needs to be some sort of limit. Otherwise within a few generations there will be several hundred princes and princesses who need an annual salary,' says a ruling party spokesman Mass sexual assault reported at music festival in Germany: The attacks are similar to those reported in Cologne and other cities on New Year's Eve. North Korea tries and fails to launch missile"
DJIA,2016-06-01,Forty tiger cub bodies have been found in a freezer at a Thai Buddhist temple accused of wildlife trafficking and animal abuse.,"Forced contact with Amazon people would be 'genocide', tribe warns: Survival International says other tribes, who have themselves experienced the dangers of 'first contact', are protecting uncontacted groups against the plans of 'some anthropologists in another country' Sweden: Fewer than 500 of 163,000 asylum seekers found jobs Philippine president-elect says 'corrupt' journalists will be killed: ""Just because youre a journalist you are not exempted from assassination, if youre a son of a bitch."""
DJIA,2016-06-02,Germany recognizes the Armenian Genocide,"Media Is Ignoring The Most Important Part Of Stephen Hawkings Comments On Trump: Hawking said he didnt believe Trump was the greatest threat facing America, or even the world. The greatest threat is human-caused climate change. Germanys second largest supermarket chain, Rewe, will stop using plastic bags. This will save Germany from 140 million plastic bags landing in the garbage every year. Elon Musk says he plans to send rocket to Mars by 2018, manned mission to planet by 2024 ."
DJIA,2016-06-03,"A seven-year-old boy who went missing in bear-inhabited forests in northern Japan after his parents said they abandoned him as punishment, has been found alive, according to local reports.","Families of victims murdered by Colombian paramilitaries are one step closer to achieving justice for their loved ones as a United States judge gave the green light for a federal lawsuit against former executives of the U.S. fruit company Chiquita. Young fish become hooked on eating plastic in the seas in the same way that teenagers prefer unhealthy fast food, Swedish researchers have said Cyclist died after three ambulances could not find Olympic velodrome: London Ambulance Service took 27 minutes to reach venue because satnavs had not been updated since 2012 Games"
DJIA,2016-06-06,Nearly 60% of Qatar population live in 'labour camps',"UK pedophile Richard Huckle given 22 life sentences for serial sex abuse in Malaysia Neo Nazi who planned to kill Muslims and Jews in Euro 2016 terror attacks arrested by Special Forces, had massive arsenal of explosives and rifles Death threats sent to German MPs amid Erdogan anger at Armenia genocide vote - Turkish president says MPs who backed motion to recognise slaughter of 1.5 million Armenians are 'terrorists' with 'impure blood'"
DJIA,2016-06-07,Five Men in India Have Been Convicted for the Gang Rape of a Danish Tourist,"A biologist has accidentally discovered that electric eels can make leaping attacks that dramatically increase the strength of the electric shocks they deliver and, in so doing, has confirmed a 200-year-old observation by famous 19th century explorer and naturalist Alexander von Humboldt. US returns over 200 artifacts worth more than $100 million to India ; Included in the collection is a bronze sculpture of the Hindu god Ganesh estimated to be 1,000-year-old Ramadan: The Chinese government has banned civil servants, students and children from taking part in fasting."
DJIA,2016-06-08,"UN Removes Saudi Arabia From Human Rights Blacklist After Just A Week, Faces Backlash - Rights groups accuse UN of flip-flopping &amp; giving into political manipulation.",Journalists Are Backing Out of the Olympics Over Zika A United Nations whistleblower who was suspended for exposing the sexual abuse of children by peacekeepers has resigned over the organisations failure to hold senior officials to account. Long jump champion freezes sperm ahead of Olympics as Zika fears swirl
DJIA,2016-06-09,"Vandals Destroy 8,000-Yr-Old Aboriginal Artworks in Tasmania - The priceless rock art is damaged beyond repair","China plans massive sea lab 10,000 feet underwater Assisted Suicide Is Now Legal in Canada  And One Province Is Providing Free Drugs to Do It Shootings reported at food and retail center in central Tel Aviv"
DJIA,2016-06-10,U.N. Chief Admits He Removed Saudi Arabia From Child-Killer List Due to Extortion,"German public pool bans the burqini Trans people in UK could face rape charges if they don't reveal gender history Hindu ashram (monastery) worker hacked to death in Bangladesh: There have been systematic attacks in Bangladesh in recent months on minorities, secular bloggers, intellectuals and foreigners"
DJIA,2016-06-13,A Dutch woman who alleged she was raped after being drugged in an upscale nightclub in Doha was convicted of having sex out of wedlock by a Qatari court on Monday and given a one-year suspended sentence.,Islamic State claims responsibility for Orlando nightclub shooting Muslim students in Denmark banned from praying during school hours Turkish website reports 50 perverts killed in a bar
DJIA,2016-06-14,Gay Chinese man sues mental hospital for trying to cure him with drugs and beatings,"Goldman Sachs hired prostitutes to win Libyan business 'Man holed up in Paris suburban home with hostages after killing policeman' A group of Pakistani clerics has issued a fatwa, or religious ruling, declaring ""honour killing"" over perceived damage to a family's reputation against the teaching of Islam, and anyone who carries out such an attack a heretic"
DJIA,2016-06-15,ISIS Twitter accounts have been hijacked with gay porn,"Dalai Lama grows quite skeptical about the effects of prayer, stating that serious actions are required for real changes Nearly 400 international scientists called on Barack Obama to rule out further expansion of oil and gas exploration in Arctic waters under US control. A gay couple has been detained by Moscow police in Russia after leaving flowers and a sign with ""Love wins"" written on it outside the US embassy. Russian law bans protests over gay rights, and LGBT people in the country suffer severe discrimination and homophobia."
DJIA,2016-06-16,Decriminalisation Call As 'War On Drugs' Fails. Top public health experts say illicit drug use should be treated as a health issue rather than punishing those who need treatment.,"Germany to end unofficial tolerance of polygamy: 'No one who comes to us has the right to put their cultural roots, or their religious beliefs, above our laws,' says justice minister Killing of non-Muslims and minority groups forbidden in Islam.Bangladeshi clerics have issued a fatwa against the killings of minorities and secular campaigners in the mainly Muslim country, where police have arrested over 10,000 people in a crackdown on militancy. Once Islamic State is defeated, Iraq should be divided into three separate entities to prevent further sectarian bloodshed, with a state each given to Shi'ite Muslims, Sunnis and Kurds, a top Kurdish official said on Thursday."
DJIA,2016-06-17,MP Jo Cox dead after shooting attack,"Saudi Arabia upset after Hillary Clinton links oil kingdom to terrorism India may be building an underwater wall of microphones to keep track of Chinas submarines, Hydrophones can record and listen to underwater sounds Ex-Auschwitz guard Reinhold Hanning, 94, sentenced to 5 years for being accessory to murder in 170,000 deaths."
DJIA,2016-06-20,A staggering 87 percent of Venezuelans say they do not have money to buy enough food,"Two corporate whistleblowers may enter into plea bargain deal that would tie 30% of Brazilian lawmakers to corruption cases. Poland, together with Russia, Iran, and several Gulf states successfully removed decriminalization of homosexuality from UN resolution. Three environmental activists were killed per week last year, murdered defending land rights and the environment from mining, dam projects and logging"
DJIA,2016-06-21,An Australian athlete who has competed in six Paralympic Games has been robbed at gunpoint in the Brazilian city of Rio de Janeiro. Liesl Tesch said a man brandishing a gun pushed her off her bicycle and stole it on Sunday.,"Russian state television accidentally broadcasts evidence that Moscow uses cluster bombs in Syria In 2015, 50 environmentalists were killed in Brazil  more than a quarter of those killed worldwide  and last year marked deadliest year for environmental activists, with 185 total murders across world. Out of the 10 deadliest countries in world for environmentalist, seven were in Latin America. China's plan to cut meat consumption by 50% cheered by climate campaigners: New dietary guidelines could reduce greenhouse gas emissions by 1bn tonnes by 2030, and could lessen countrys problems with obesity and diabetes"
DJIA,2016-06-22,German government agrees to ban fracking indefinitely,"Teenage recruits were raped by staff and forced to rape each other as part of initiation practices in the Australian military going back to 1960, a public inquiry heard on Tuesday Pakistan is selling nuclear materials to N Korea and China knows it, US sources say Amazon jaguar shot dead at Olympic torch ceremony"
DJIA,2016-06-23,"Today The United Kingdom decides whether to remain in the European Union, or leave","E-cigarettes should not be banned in public, medical experts warn: 'A ban on using e-cigarettes in public places could be damaging, as it may put off smokers from using e-cigarettes to help them quit,' says Rosanna O'Connor from Public Health England Report: China is still harvesting organs from prisoners Man opens fire at cinema complex in Germany, several people wounded  report"
DJIA,2016-06-24,David Cameron to Resign as PM After EU Referendum,"BBC forecasts UK votes to Leave the European Union Nicola Sturgeon says a second independence referendum for Scotland is ""now highly likely"" It's official. Britain votes to leave the European Union."
DJIA,2016-06-27,Barclays and RBS shares suspended from trading after tanking more than 8%,"Pope says Church should ask forgiveness from gays for past treatment Poland 'shocked' by xenophobic abuse of Poles in UK There will be no second referendum, cabinet agrees"
DJIA,2016-06-28,"2,500 Scientists To Australia: If You Want To Save The Great Barrier Reef, Stop Supporting Coal","The personal details of 112,000 French police officers have been uploaded to Google Drive in a security breach just a fortnight after two officers were murdered at their home by a jihadist. S&amp;P cuts United Kingdom sovereign credit rating to 'AA' from 'AAA' Huge helium deposit found in Africa"
DJIA,2016-06-29,Explosion At Airport In Istanbul,"Yemeni former president: Terrorism is the offspring of Wahhabism of Al Saud regime UK must accept freedom of movement to access EU Market Devastated: scientists too late to captive breed mammal lost to climate change - Australian conservationists spent 5 months obtaining permissions &amp; planning for a captive breeding program. But when they arrived on the rodents tiny island, they they were too late."
DJIA,2016-06-30,Jamaica proposes marijuana dispensers for tourists at airports following legalisation: The kiosks and desks would give people a license to purchase up to 2 ounces of the drug to use during their stay,Stephen Hawking says pollution and 'stupidity' still biggest threats to mankind: we have certainly not become less greedy or less stupid in our treatment of the environment over the past decade Boris Johnson says he will not run for Tory party leadership Six gay men in Ivory Coast were abused and forced to flee their homes after they were pictured signing a condolence book for victims of the recent attack on a gay nightclub in Florida
DJIA,2016-07-01,"A 117-year-old woman in Mexico City finally received her birth certificate, and died a few hours later. Trinidad Alvarez Lira had waited years for proof that she had been born in 1898.","IMF chief backs Athens as permanent Olympic host The president of France says if Brexit won, so can Donald Trump British Man Who Must Give Police 24 Hours' Notice of Sex Threatens Hunger Strike: The man is the subject of a sexual risk order despite having never been convicted of a crime."
